ISO-10303-21;
HEADER;
FILE_DESCRIPTION(('Open CASCADE Model'),'2;1');
FILE_NAME('Open CASCADE Shape Model','2026-10-08T17:25:53',('Author'),(
    'Open CASCADE'),'Open CASCADE STEP processor 8.0','build123d',
  'Unknown');
FILE_SCHEMA(('AUTOMOTIVE_DESIGN { 1 0 10303 214 1 1 1 1 }'));
ENDSEC;
DATA;
#1 = APPLICATION_PROTOCOL_DEFINITION('international standard',
  'automotive_design',2000,#2);
#2 = APPLICATION_CONTEXT(
  'core data for automotive mechanical design processes');
#3 = SHAPE_DEFINITION_REPRESENTATION(#4,#10);
#4 = PRODUCT_DEFINITION_SHAPE('','',#5);
#5 = PRODUCT_DEFINITION('design','',#6,#9);
#6 = PRODUCT_DEFINITION_FORMATION('','',#7);
#7 = PRODUCT('SOLID','SOLID','',(#8));
#8 = PRODUCT_CONTEXT('',#2,'mechanical');
#9 = PRODUCT_DEFINITION_CONTEXT('part definition',#2,'design');
#10 = ADVANCED_BREP_SHAPE_REPRESENTATION('',(#11,#15),#12721);
#11 = AXIS2_PLACEMENT_3D('',#12,#13,#14);
#12 = CARTESIAN_POINT('',(0.,0.,0.));
#13 = DIRECTION('',(0.,0.,1.));
#14 = DIRECTION('',(1.,0.,-0.));
#15 = MANIFOLD_SOLID_BREP('',#16);
#16 = CLOSED_SHELL('',(#17,#559,#865,#4069,#4174,#4292,#4571,#4759,#4806
    ,#7515,#7650,#7819,#7924,#8032,#8122,#8177,#8552,#8607,#8662,#8718,
    #8743,#8749,#8776,#8803,#8832,#8859,#8886,#8913,#8940,#8967,#8994,
    #9021,#9048,#9075,#9102,#9129,#9156,#9183,#9210,#9237,#9264,#9291,
    #9318,#9345,#9372,#9399,#9426,#9453,#9480,#9507,#9534,#9561,#9588,
    #9615,#9642,#9669,#9696,#9723,#9750,#9777,#9804,#9831,#9858,#9885,
    #9912,#9939,#9966,#9993,#10020,#10047,#10074,#10101,#10128,#10155,
    #10182,#10209,#10236,#10263,#10290,#10317,#10344,#10371,#10398,
    #10425,#10452,#10479,#10506,#10533,#10560,#10587,#10614,#10641,
    #10668,#10695,#10722,#10749,#10776,#10803,#10830,#10857,#10884,
    #10911,#10938,#10965,#10992,#11019,#11046,#11073,#11100,#11127,
    #11154,#11181,#11208,#11235,#11262,#11289,#11316,#11343,#11370,
    #11397,#11424,#11451,#11478,#11505,#11532,#11559,#11586,#11613,
    #11640,#11667,#11694,#11721,#11748,#11776,#11803,#11810,#11835,
    #11841,#11894,#11970,#12026,#12030,#12085,#12140,#12195,#12250,
    #12305,#12336,#12340,#12416,#12444,#12448,#12529,#12533,#12558,
    #12604,#12629,#12656,#12682,#12686,#12690,#12697,#12701,#12705,
    #12711,#12717));
#17 = ADVANCED_FACE('',(#18,#466,#497,#528),#33,.F.);
#18 = FACE_BOUND('',#19,.F.);
#19 = EDGE_LOOP('',(#20,#64,#92,#120,#149,#177,#206,#230,#258,#281,#314,
    #342,#379,#407,#440));
#20 = ORIENTED_EDGE('',*,*,#21,.F.);
#21 = EDGE_CURVE('',#22,#24,#26,.T.);
#22 = VERTEX_POINT('',#23);
#23 = CARTESIAN_POINT('',(4.,1.42108547152E-14,484.));
#24 = VERTEX_POINT('',#25);
#25 = CARTESIAN_POINT('',(-8.881784197001E-16,6.561237338306,484.));
#26 = SURFACE_CURVE('',#27,(#32,#48),.PCURVE_S1.);
#27 = ELLIPSE('',#28,6.561237338306,4.);
#28 = AXIS2_PLACEMENT_3D('',#29,#30,#31);
#29 = CARTESIAN_POINT('',(4.,6.561237338306,484.));
#30 = DIRECTION('',(-0.,-0.,-1.));
#31 = DIRECTION('',(0.,-1.,0.));
#32 = PCURVE('',#33,#38);
#33 = PLANE('',#34);
#34 = AXIS2_PLACEMENT_3D('',#35,#36,#37);
#35 = CARTESIAN_POINT('',(0.,0.,484.));
#36 = DIRECTION('',(0.,0.,1.));
#37 = DIRECTION('',(0.,1.,0.));
#38 = DEFINITIONAL_REPRESENTATION('',(#39),#47);
#39 = ( BOUNDED_CURVE() B_SPLINE_CURVE(2,(#40,#41,#42,#43,#44,#45,#46),
.UNSPECIFIED.,.T.,.F.) B_SPLINE_CURVE_WITH_KNOTS((1,2,2,2,2,1),(
    -2.094395102393,0.,2.094395102393,4.188790204786,6.28318530718,
8.377580409573),.UNSPECIFIED.) CURVE() GEOMETRIC_REPRESENTATION_ITEM() 
RATIONAL_B_SPLINE_CURVE((1.,0.5,1.,0.5,1.,0.5,1.)) REPRESENTATION_ITEM(
  '') );
#40 = CARTESIAN_POINT('',(-1.95399252334E-14,-4.));
#41 = CARTESIAN_POINT('',(-1.95399252334E-14,2.928203230276));
#42 = CARTESIAN_POINT('',(9.841856007458,-0.535898384862));
#43 = CARTESIAN_POINT('',(19.683712014917,-4.));
#44 = CARTESIAN_POINT('',(9.841856007458,-7.464101615138));
#45 = CARTESIAN_POINT('',(-9.769962616701E-15,-10.92820323027));
#46 = CARTESIAN_POINT('',(-1.95399252334E-14,-4.));
#47 = ( GEOMETRIC_REPRESENTATION_CONTEXT(2) 
PARAMETRIC_REPRESENTATION_CONTEXT() REPRESENTATION_CONTEXT('2D SPACE',''
  ) );
#48 = PCURVE('',#49,#54);
#49 = CYLINDRICAL_SURFACE('',#50,4.);
#50 = AXIS2_PLACEMENT_3D('',#51,#52,#53);
#51 = CARTESIAN_POINT('',(4.,112.43856443152,565.42928974624));
#52 = DIRECTION('',(0.,-0.79267756344,-0.609641107882));
#53 = DIRECTION('',(0.,-0.609641107882,0.79267756344));
#54 = DEFINITIONAL_REPRESENTATION('',(#55),#63);
#55 = B_SPLINE_CURVE_WITH_KNOTS('',6,(#56,#57,#58,#59,#60,#61,#62),
  .UNSPECIFIED.,.F.,.F.,(7,7),(0.,1.570796326795),
  .PIECEWISE_BEZIER_KNOTS.);
#56 = CARTESIAN_POINT('',(-1.110223024625E-16,138.77016970516));
#57 = CARTESIAN_POINT('',(0.261799387799,138.77016970516));
#58 = CARTESIAN_POINT('',(0.523597092945,138.34250757054));
#59 = CARTESIAN_POINT('',(0.785398737292,137.4865148732));
#60 = CARTESIAN_POINT('',(1.047198597203,136.29232737369));
#61 = CARTESIAN_POINT('',(1.308996938996,134.93082845967));
#62 = CARTESIAN_POINT('',(1.570796326795,133.56922407868));
#63 = ( GEOMETRIC_REPRESENTATION_CONTEXT(2) 
PARAMETRIC_REPRESENTATION_CONTEXT() REPRESENTATION_CONTEXT('2D SPACE',''
  ) );
#64 = ORIENTED_EDGE('',*,*,#65,.T.);
#65 = EDGE_CURVE('',#22,#66,#68,.T.);
#66 = VERTEX_POINT('',#67);
#67 = CARTESIAN_POINT('',(30.087917370901,0.,484.));
#68 = SURFACE_CURVE('',#69,(#73,#80),.PCURVE_S1.);
#69 = LINE('',#70,#71);
#70 = CARTESIAN_POINT('',(0.,0.,484.));
#71 = VECTOR('',#72,1.);
#72 = DIRECTION('',(1.,0.,0.));
#73 = PCURVE('',#33,#74);
#74 = DEFINITIONAL_REPRESENTATION('',(#75),#79);
#75 = LINE('',#76,#77);
#76 = CARTESIAN_POINT('',(0.,0.));
#77 = VECTOR('',#78,1.);
#78 = DIRECTION('',(0.,-1.));
#79 = ( GEOMETRIC_REPRESENTATION_CONTEXT(2) 
PARAMETRIC_REPRESENTATION_CONTEXT() REPRESENTATION_CONTEXT('2D SPACE',''
  ) );
#80 = PCURVE('',#81,#86);
#81 = PLANE('',#82);
#82 = AXIS2_PLACEMENT_3D('',#83,#84,#85);
#83 = CARTESIAN_POINT('',(0.,110.,568.6));
#84 = DIRECTION('',(0.,0.609641107882,-0.79267756344));
#85 = DIRECTION('',(0.,-0.79267756344,-0.609641107882));
#86 = DEFINITIONAL_REPRESENTATION('',(#87),#91);
#87 = LINE('',#88,#89);
#88 = CARTESIAN_POINT('',(138.77016970516,0.));
#89 = VECTOR('',#90,1.);
#90 = DIRECTION('',(0.,-1.));
#91 = ( GEOMETRIC_REPRESENTATION_CONTEXT(2) 
PARAMETRIC_REPRESENTATION_CONTEXT() REPRESENTATION_CONTEXT('2D SPACE',''
  ) );
#92 = ORIENTED_EDGE('',*,*,#93,.T.);
#93 = EDGE_CURVE('',#66,#94,#96,.T.);
#94 = VERTEX_POINT('',#95);
#95 = CARTESIAN_POINT('',(30.087917370901,109.52268647637,484.));
#96 = SURFACE_CURVE('',#97,(#101,#108),.PCURVE_S1.);
#97 = LINE('',#98,#99);
#98 = CARTESIAN_POINT('',(30.087917370901,-5.,484.));
#99 = VECTOR('',#100,1.);
#100 = DIRECTION('',(0.,1.,0.));
#101 = PCURVE('',#33,#102);
#102 = DEFINITIONAL_REPRESENTATION('',(#103),#107);
#103 = LINE('',#104,#105);
#104 = CARTESIAN_POINT('',(-5.,-30.0879173709));
#105 = VECTOR('',#106,1.);
#106 = DIRECTION('',(1.,0.));
#107 = ( GEOMETRIC_REPRESENTATION_CONTEXT(2) 
PARAMETRIC_REPRESENTATION_CONTEXT() REPRESENTATION_CONTEXT('2D SPACE',''
  ) );
#108 = PCURVE('',#109,#114);
#109 = PLANE('',#110);
#110 = AXIS2_PLACEMENT_3D('',#111,#112,#113);
#111 = CARTESIAN_POINT('',(32.955198401606,-5.,494.59188813105));
#112 = DIRECTION('',(-0.965257530836,0.,0.261300400237));
#113 = DIRECTION('',(-0.261300400237,0.,-0.965257530836));
#114 = DEFINITIONAL_REPRESENTATION('',(#115),#119);
#115 = LINE('',#116,#117);
#116 = CARTESIAN_POINT('',(10.973121465188,0.));
#117 = VECTOR('',#118,1.);
#118 = DIRECTION('',(0.,-1.));
#119 = ( GEOMETRIC_REPRESENTATION_CONTEXT(2) 
PARAMETRIC_REPRESENTATION_CONTEXT() REPRESENTATION_CONTEXT('2D SPACE',''
  ) );
#120 = ORIENTED_EDGE('',*,*,#121,.F.);
#121 = EDGE_CURVE('',#122,#94,#124,.T.);
#122 = VERTEX_POINT('',#123);
#123 = CARTESIAN_POINT('',(38.823109948502,113.3,484.));
#124 = SURFACE_CURVE('',#125,(#130,#137),.PCURVE_S1.);
#125 = CIRCLE('',#126,5.);
#126 = AXIS2_PLACEMENT_3D('',#127,#128,#129);
#127 = CARTESIAN_POINT('',(33.846153846154,112.82051282051,484.));
#128 = DIRECTION('',(0.,0.,1.));
#129 = DIRECTION('',(1.,0.,-0.));
#130 = PCURVE('',#33,#131);
#131 = DEFINITIONAL_REPRESENTATION('',(#132),#136);
#132 = CIRCLE('',#133,5.);
#133 = AXIS2_PLACEMENT_2D('',#134,#135);
#134 = CARTESIAN_POINT('',(112.82051282051,-33.84615384615));
#135 = DIRECTION('',(0.,-1.));
#136 = ( GEOMETRIC_REPRESENTATION_CONTEXT(2) 
PARAMETRIC_REPRESENTATION_CONTEXT() REPRESENTATION_CONTEXT('2D SPACE',''
  ) );
#137 = PCURVE('',#138,#143);
#138 = CYLINDRICAL_SURFACE('',#139,5.);
#139 = AXIS2_PLACEMENT_3D('',#140,#141,#142);
#140 = CARTESIAN_POINT('',(33.846153846154,112.82051282051,483.));
#141 = DIRECTION('',(0.,0.,1.));
#142 = DIRECTION('',(1.,0.,-0.));
#143 = DEFINITIONAL_REPRESENTATION('',(#144),#148);
#144 = LINE('',#145,#146);
#145 = CARTESIAN_POINT('',(0.,1.));
#146 = VECTOR('',#147,1.);
#147 = DIRECTION('',(1.,0.));
#148 = ( GEOMETRIC_REPRESENTATION_CONTEXT(2) 
PARAMETRIC_REPRESENTATION_CONTEXT() REPRESENTATION_CONTEXT('2D SPACE',''
  ) );
#149 = ORIENTED_EDGE('',*,*,#150,.T.);
#150 = EDGE_CURVE('',#122,#151,#153,.T.);
#151 = VERTEX_POINT('',#152);
#152 = CARTESIAN_POINT('',(181.17689005149,113.3,484.));
#153 = SURFACE_CURVE('',#154,(#158,#165),.PCURVE_S1.);
#154 = LINE('',#155,#156);
#155 = CARTESIAN_POINT('',(30.087917370901,113.3,484.));
#156 = VECTOR('',#157,1.);
#157 = DIRECTION('',(1.,0.,0.));
#158 = PCURVE('',#33,#159);
#159 = DEFINITIONAL_REPRESENTATION('',(#160),#164);
#160 = LINE('',#161,#162);
#161 = CARTESIAN_POINT('',(113.3,-30.0879173709));
#162 = VECTOR('',#163,1.);
#163 = DIRECTION('',(0.,-1.));
#164 = ( GEOMETRIC_REPRESENTATION_CONTEXT(2) 
PARAMETRIC_REPRESENTATION_CONTEXT() REPRESENTATION_CONTEXT('2D SPACE',''
  ) );
#165 = PCURVE('',#166,#171);
#166 = PLANE('',#167);
#167 = AXIS2_PLACEMENT_3D('',#168,#169,#170);
#168 = CARTESIAN_POINT('',(110.,113.3,506.61536226602));
#169 = DIRECTION('',(-0.,-1.,-0.));
#170 = DIRECTION('',(0.,0.,-1.));
#171 = DEFINITIONAL_REPRESENTATION('',(#172),#176);
#172 = LINE('',#173,#174);
#173 = CARTESIAN_POINT('',(22.61536226602,-79.91208262909));
#174 = VECTOR('',#175,1.);
#175 = DIRECTION('',(0.,1.));
#176 = ( GEOMETRIC_REPRESENTATION_CONTEXT(2) 
PARAMETRIC_REPRESENTATION_CONTEXT() REPRESENTATION_CONTEXT('2D SPACE',''
  ) );
#177 = ORIENTED_EDGE('',*,*,#178,.F.);
#178 = EDGE_CURVE('',#179,#151,#181,.T.);
#179 = VERTEX_POINT('',#180);
#180 = CARTESIAN_POINT('',(191.15384615384,112.82051282051,484.));
#181 = SURFACE_CURVE('',#182,(#187,#194),.PCURVE_S1.);
#182 = CIRCLE('',#183,5.);
#183 = AXIS2_PLACEMENT_3D('',#184,#185,#186);
#184 = CARTESIAN_POINT('',(186.15384615384,112.82051282051,484.));
#185 = DIRECTION('',(0.,0.,1.));
#186 = DIRECTION('',(1.,0.,-0.));
#187 = PCURVE('',#33,#188);
#188 = DEFINITIONAL_REPRESENTATION('',(#189),#193);
#189 = CIRCLE('',#190,5.);
#190 = AXIS2_PLACEMENT_2D('',#191,#192);
#191 = CARTESIAN_POINT('',(112.82051282051,-186.1538461538));
#192 = DIRECTION('',(0.,-1.));
#193 = ( GEOMETRIC_REPRESENTATION_CONTEXT(2) 
PARAMETRIC_REPRESENTATION_CONTEXT() REPRESENTATION_CONTEXT('2D SPACE',''
  ) );
#194 = PCURVE('',#195,#200);
#195 = CYLINDRICAL_SURFACE('',#196,5.);
#196 = AXIS2_PLACEMENT_3D('',#197,#198,#199);
#197 = CARTESIAN_POINT('',(186.15384615384,112.82051282051,483.));
#198 = DIRECTION('',(0.,0.,1.));
#199 = DIRECTION('',(1.,0.,-0.));
#200 = DEFINITIONAL_REPRESENTATION('',(#201),#205);
#201 = LINE('',#202,#203);
#202 = CARTESIAN_POINT('',(0.,1.));
#203 = VECTOR('',#204,1.);
#204 = DIRECTION('',(1.,0.));
#205 = ( GEOMETRIC_REPRESENTATION_CONTEXT(2) 
PARAMETRIC_REPRESENTATION_CONTEXT() REPRESENTATION_CONTEXT('2D SPACE',''
  ) );
#206 = ORIENTED_EDGE('',*,*,#207,.F.);
#207 = EDGE_CURVE('',#208,#179,#210,.T.);
#208 = VERTEX_POINT('',#209);
#209 = CARTESIAN_POINT('',(189.91208262909,109.52268647637,484.));
#210 = SURFACE_CURVE('',#211,(#216,#223),.PCURVE_S1.);
#211 = CIRCLE('',#212,5.);
#212 = AXIS2_PLACEMENT_3D('',#213,#214,#215);
#213 = CARTESIAN_POINT('',(186.15384615384,112.82051282051,484.));
#214 = DIRECTION('',(0.,0.,1.));
#215 = DIRECTION('',(1.,0.,-0.));
#216 = PCURVE('',#33,#217);
#217 = DEFINITIONAL_REPRESENTATION('',(#218),#222);
#218 = CIRCLE('',#219,5.);
#219 = AXIS2_PLACEMENT_2D('',#220,#221);
#220 = CARTESIAN_POINT('',(112.82051282051,-186.1538461538));
#221 = DIRECTION('',(0.,-1.));
#222 = ( GEOMETRIC_REPRESENTATION_CONTEXT(2) 
PARAMETRIC_REPRESENTATION_CONTEXT() REPRESENTATION_CONTEXT('2D SPACE',''
  ) );
#223 = PCURVE('',#195,#224);
#224 = DEFINITIONAL_REPRESENTATION('',(#225),#229);
#225 = LINE('',#226,#227);
#226 = CARTESIAN_POINT('',(0.,1.));
#227 = VECTOR('',#228,1.);
#228 = DIRECTION('',(1.,0.));
#229 = ( GEOMETRIC_REPRESENTATION_CONTEXT(2) 
PARAMETRIC_REPRESENTATION_CONTEXT() REPRESENTATION_CONTEXT('2D SPACE',''
  ) );
#230 = ORIENTED_EDGE('',*,*,#231,.F.);
#231 = EDGE_CURVE('',#232,#208,#234,.T.);
#232 = VERTEX_POINT('',#233);
#233 = CARTESIAN_POINT('',(189.91208262909,0.,484.));
#234 = SURFACE_CURVE('',#235,(#239,#246),.PCURVE_S1.);
#235 = LINE('',#236,#237);
#236 = CARTESIAN_POINT('',(189.91208262909,-5.,484.));
#237 = VECTOR('',#238,1.);
#238 = DIRECTION('',(0.,1.,0.));
#239 = PCURVE('',#33,#240);
#240 = DEFINITIONAL_REPRESENTATION('',(#241),#245);
#241 = LINE('',#242,#243);
#242 = CARTESIAN_POINT('',(-5.,-189.912082629));
#243 = VECTOR('',#244,1.);
#244 = DIRECTION('',(1.,0.));
#245 = ( GEOMETRIC_REPRESENTATION_CONTEXT(2) 
PARAMETRIC_REPRESENTATION_CONTEXT() REPRESENTATION_CONTEXT('2D SPACE',''
  ) );
#246 = PCURVE('',#247,#252);
#247 = PLANE('',#248);
#248 = AXIS2_PLACEMENT_3D('',#249,#250,#251);
#249 = CARTESIAN_POINT('',(189.91208262909,-5.,484.));
#250 = DIRECTION('',(0.965257530836,-0.,0.261300400237));
#251 = DIRECTION('',(-0.261300400237,0.,0.965257530836));
#252 = DEFINITIONAL_REPRESENTATION('',(#253),#257);
#253 = LINE('',#254,#255);
#254 = CARTESIAN_POINT('',(0.,0.));
#255 = VECTOR('',#256,1.);
#256 = DIRECTION('',(0.,-1.));
#257 = ( GEOMETRIC_REPRESENTATION_CONTEXT(2) 
PARAMETRIC_REPRESENTATION_CONTEXT() REPRESENTATION_CONTEXT('2D SPACE',''
  ) );
#258 = ORIENTED_EDGE('',*,*,#259,.T.);
#259 = EDGE_CURVE('',#232,#260,#262,.T.);
#260 = VERTEX_POINT('',#261);
#261 = CARTESIAN_POINT('',(216.,1.42108547152E-14,484.));
#262 = SURFACE_CURVE('',#263,(#267,#274),.PCURVE_S1.);
#263 = LINE('',#264,#265);
#264 = CARTESIAN_POINT('',(0.,0.,484.));
#265 = VECTOR('',#266,1.);
#266 = DIRECTION('',(1.,0.,0.));
#267 = PCURVE('',#33,#268);
#268 = DEFINITIONAL_REPRESENTATION('',(#269),#273);
#269 = LINE('',#270,#271);
#270 = CARTESIAN_POINT('',(0.,0.));
#271 = VECTOR('',#272,1.);
#272 = DIRECTION('',(0.,-1.));
#273 = ( GEOMETRIC_REPRESENTATION_CONTEXT(2) 
PARAMETRIC_REPRESENTATION_CONTEXT() REPRESENTATION_CONTEXT('2D SPACE',''
  ) );
#274 = PCURVE('',#81,#275);
#275 = DEFINITIONAL_REPRESENTATION('',(#276),#280);
#276 = LINE('',#277,#278);
#277 = CARTESIAN_POINT('',(138.77016970516,0.));
#278 = VECTOR('',#279,1.);
#279 = DIRECTION('',(0.,-1.));
#280 = ( GEOMETRIC_REPRESENTATION_CONTEXT(2) 
PARAMETRIC_REPRESENTATION_CONTEXT() REPRESENTATION_CONTEXT('2D SPACE',''
  ) );
#281 = ORIENTED_EDGE('',*,*,#282,.T.);
#282 = EDGE_CURVE('',#260,#283,#285,.T.);
#283 = VERTEX_POINT('',#284);
#284 = CARTESIAN_POINT('',(220.,6.561237338306,484.));
#285 = SURFACE_CURVE('',#286,(#291,#298),.PCURVE_S1.);
#286 = ELLIPSE('',#287,6.561237338306,4.);
#287 = AXIS2_PLACEMENT_3D('',#288,#289,#290);
#288 = CARTESIAN_POINT('',(216.,6.561237338306,484.));
#289 = DIRECTION('',(0.,0.,1.));
#290 = DIRECTION('',(0.,-1.,0.));
#291 = PCURVE('',#33,#292);
#292 = DEFINITIONAL_REPRESENTATION('',(#293),#297);
#293 = ELLIPSE('',#294,6.561237338306,4.);
#294 = AXIS2_PLACEMENT_2D('',#295,#296);
#295 = CARTESIAN_POINT('',(6.561237338306,-216.));
#296 = DIRECTION('',(-1.,0.));
#297 = ( GEOMETRIC_REPRESENTATION_CONTEXT(2) 
PARAMETRIC_REPRESENTATION_CONTEXT() REPRESENTATION_CONTEXT('2D SPACE',''
  ) );
#298 = PCURVE('',#299,#304);
#299 = CYLINDRICAL_SURFACE('',#300,4.);
#300 = AXIS2_PLACEMENT_3D('',#301,#302,#303);
#301 = CARTESIAN_POINT('',(216.,112.43856443152,565.42928974624));
#302 = DIRECTION('',(0.,-0.79267756344,-0.609641107882));
#303 = DIRECTION('',(0.,-0.609641107882,0.79267756344));
#304 = DEFINITIONAL_REPRESENTATION('',(#305),#313);
#305 = B_SPLINE_CURVE_WITH_KNOTS('',6,(#306,#307,#308,#309,#310,#311,
    #312),.UNSPECIFIED.,.F.,.F.,(7,7),(0.,1.570796326795),
  .PIECEWISE_BEZIER_KNOTS.);
#306 = CARTESIAN_POINT('',(0.,138.77016970516));
#307 = CARTESIAN_POINT('',(-0.261799387799,138.77016970516));
#308 = CARTESIAN_POINT('',(-0.523597092945,138.34250757054));
#309 = CARTESIAN_POINT('',(-0.785398737292,137.4865148732));
#310 = CARTESIAN_POINT('',(-1.047198597203,136.29232737369));
#311 = CARTESIAN_POINT('',(-1.308996938996,134.93082845967));
#312 = CARTESIAN_POINT('',(-1.570796326795,133.56922407868));
#313 = ( GEOMETRIC_REPRESENTATION_CONTEXT(2) 
PARAMETRIC_REPRESENTATION_CONTEXT() REPRESENTATION_CONTEXT('2D SPACE',''
  ) );
#314 = ORIENTED_EDGE('',*,*,#315,.T.);
#315 = EDGE_CURVE('',#283,#316,#318,.T.);
#316 = VERTEX_POINT('',#317);
#317 = CARTESIAN_POINT('',(220.,213.43876266169,484.));
#318 = SURFACE_CURVE('',#319,(#323,#330),.PCURVE_S1.);
#319 = LINE('',#320,#321);
#320 = CARTESIAN_POINT('',(220.,0.,484.));
#321 = VECTOR('',#322,1.);
#322 = DIRECTION('',(0.,1.,0.));
#323 = PCURVE('',#33,#324);
#324 = DEFINITIONAL_REPRESENTATION('',(#325),#329);
#325 = LINE('',#326,#327);
#326 = CARTESIAN_POINT('',(0.,-220.));
#327 = VECTOR('',#328,1.);
#328 = DIRECTION('',(1.,0.));
#329 = ( GEOMETRIC_REPRESENTATION_CONTEXT(2) 
PARAMETRIC_REPRESENTATION_CONTEXT() REPRESENTATION_CONTEXT('2D SPACE',''
  ) );
#330 = PCURVE('',#331,#336);
#331 = PLANE('',#332);
#332 = AXIS2_PLACEMENT_3D('',#333,#334,#335);
#333 = CARTESIAN_POINT('',(220.,110.,507.59598896236));
#334 = DIRECTION('',(1.,0.,0.));
#335 = DIRECTION('',(0.,1.,0.));
#336 = DEFINITIONAL_REPRESENTATION('',(#337),#341);
#337 = LINE('',#338,#339);
#338 = CARTESIAN_POINT('',(-110.,-23.59598896236));
#339 = VECTOR('',#340,1.);
#340 = DIRECTION('',(1.,0.));
#341 = ( GEOMETRIC_REPRESENTATION_CONTEXT(2) 
PARAMETRIC_REPRESENTATION_CONTEXT() REPRESENTATION_CONTEXT('2D SPACE',''
  ) );
#342 = ORIENTED_EDGE('',*,*,#343,.F.);
#343 = EDGE_CURVE('',#344,#316,#346,.T.);
#344 = VERTEX_POINT('',#345);
#345 = CARTESIAN_POINT('',(216.,220.,484.));
#346 = SURFACE_CURVE('',#347,(#352,#363),.PCURVE_S1.);
#347 = ELLIPSE('',#348,6.561237338306,4.);
#348 = AXIS2_PLACEMENT_3D('',#349,#350,#351);
#349 = CARTESIAN_POINT('',(216.,213.43876266169,484.));
#350 = DIRECTION('',(-0.,-0.,-1.));
#351 = DIRECTION('',(0.,-1.,0.));
#352 = PCURVE('',#33,#353);
#353 = DEFINITIONAL_REPRESENTATION('',(#354),#362);
#354 = ( BOUNDED_CURVE() B_SPLINE_CURVE(2,(#355,#356,#357,#358,#359,#360
,#361),.UNSPECIFIED.,.T.,.F.) B_SPLINE_CURVE_WITH_KNOTS((1,2,2,2,2,1),(
    -2.094395102393,0.,2.094395102393,4.188790204786,6.28318530718,
8.377580409573),.UNSPECIFIED.) CURVE() GEOMETRIC_REPRESENTATION_ITEM() 
RATIONAL_B_SPLINE_CURVE((1.,0.5,1.,0.5,1.,0.5,1.)) REPRESENTATION_ITEM(
  '') );
#355 = CARTESIAN_POINT('',(206.87752532338,-216.));
#356 = CARTESIAN_POINT('',(206.87752532338,-209.0717967697));
#357 = CARTESIAN_POINT('',(216.71938133084,-212.5358983848));
#358 = CARTESIAN_POINT('',(226.5612373383,-216.));
#359 = CARTESIAN_POINT('',(216.71938133084,-219.4641016151));
#360 = CARTESIAN_POINT('',(206.87752532338,-222.9282032302));
#361 = CARTESIAN_POINT('',(206.87752532338,-216.));
#362 = ( GEOMETRIC_REPRESENTATION_CONTEXT(2) 
PARAMETRIC_REPRESENTATION_CONTEXT() REPRESENTATION_CONTEXT('2D SPACE',''
  ) );
#363 = PCURVE('',#364,#369);
#364 = CYLINDRICAL_SURFACE('',#365,4.);
#365 = AXIS2_PLACEMENT_3D('',#366,#367,#368);
#366 = CARTESIAN_POINT('',(216.,217.56143556847,480.82928974624));
#367 = DIRECTION('',(0.,-0.79267756344,0.609641107882));
#368 = DIRECTION('',(-0.,0.609641107882,0.79267756344));
#369 = DEFINITIONAL_REPRESENTATION('',(#370),#378);
#370 = B_SPLINE_CURVE_WITH_KNOTS('',6,(#371,#372,#373,#374,#375,#376,
    #377),.UNSPECIFIED.,.F.,.F.,(7,7),(3.14159265359,4.712388980385),
  .PIECEWISE_BEZIER_KNOTS.);
#371 = CARTESIAN_POINT('',(-1.110223024625E-16,2.864375403533E-14));
#372 = CARTESIAN_POINT('',(-0.261799387799,3.166618967043E-14));
#373 = CARTESIAN_POINT('',(-0.523597092945,0.427662134609));
#374 = CARTESIAN_POINT('',(-0.785398737292,1.283654831961));
#375 = CARTESIAN_POINT('',(-1.047198597203,2.477842331463));
#376 = CARTESIAN_POINT('',(-1.308996938996,3.839341245489));
#377 = CARTESIAN_POINT('',(-1.570796326795,5.200945626478));
#378 = ( GEOMETRIC_REPRESENTATION_CONTEXT(2) 
PARAMETRIC_REPRESENTATION_CONTEXT() REPRESENTATION_CONTEXT('2D SPACE',''
  ) );
#379 = ORIENTED_EDGE('',*,*,#380,.F.);
#380 = EDGE_CURVE('',#381,#344,#383,.T.);
#381 = VERTEX_POINT('',#382);
#382 = CARTESIAN_POINT('',(4.,220.,484.));
#383 = SURFACE_CURVE('',#384,(#388,#395),.PCURVE_S1.);
#384 = LINE('',#385,#386);
#385 = CARTESIAN_POINT('',(0.,220.,484.));
#386 = VECTOR('',#387,1.);
#387 = DIRECTION('',(1.,0.,0.));
#388 = PCURVE('',#33,#389);
#389 = DEFINITIONAL_REPRESENTATION('',(#390),#394);
#390 = LINE('',#391,#392);
#391 = CARTESIAN_POINT('',(220.,0.));
#392 = VECTOR('',#393,1.);
#393 = DIRECTION('',(0.,-1.));
#394 = ( GEOMETRIC_REPRESENTATION_CONTEXT(2) 
PARAMETRIC_REPRESENTATION_CONTEXT() REPRESENTATION_CONTEXT('2D SPACE',''
  ) );
#395 = PCURVE('',#396,#401);
#396 = PLANE('',#397);
#397 = AXIS2_PLACEMENT_3D('',#398,#399,#400);
#398 = CARTESIAN_POINT('',(0.,220.,484.));
#399 = DIRECTION('',(0.,-0.609641107882,-0.79267756344));
#400 = DIRECTION('',(0.,-0.79267756344,0.609641107882));
#401 = DEFINITIONAL_REPRESENTATION('',(#402),#406);
#402 = LINE('',#403,#404);
#403 = CARTESIAN_POINT('',(0.,0.));
#404 = VECTOR('',#405,1.);
#405 = DIRECTION('',(0.,-1.));
#406 = ( GEOMETRIC_REPRESENTATION_CONTEXT(2) 
PARAMETRIC_REPRESENTATION_CONTEXT() REPRESENTATION_CONTEXT('2D SPACE',''
  ) );
#407 = ORIENTED_EDGE('',*,*,#408,.T.);
#408 = EDGE_CURVE('',#381,#409,#411,.T.);
#409 = VERTEX_POINT('',#410);
#410 = CARTESIAN_POINT('',(-8.881784197001E-16,213.43876266169,484.));
#411 = SURFACE_CURVE('',#412,(#417,#424),.PCURVE_S1.);
#412 = ELLIPSE('',#413,6.561237338306,4.);
#413 = AXIS2_PLACEMENT_3D('',#414,#415,#416);
#414 = CARTESIAN_POINT('',(4.,213.43876266169,484.));
#415 = DIRECTION('',(0.,0.,1.));
#416 = DIRECTION('',(0.,-1.,0.));
#417 = PCURVE('',#33,#418);
#418 = DEFINITIONAL_REPRESENTATION('',(#419),#423);
#419 = ELLIPSE('',#420,6.561237338306,4.);
#420 = AXIS2_PLACEMENT_2D('',#421,#422);
#421 = CARTESIAN_POINT('',(213.43876266169,-4.));
#422 = DIRECTION('',(-1.,0.));
#423 = ( GEOMETRIC_REPRESENTATION_CONTEXT(2) 
PARAMETRIC_REPRESENTATION_CONTEXT() REPRESENTATION_CONTEXT('2D SPACE',''
  ) );
#424 = PCURVE('',#425,#430);
#425 = CYLINDRICAL_SURFACE('',#426,4.);
#426 = AXIS2_PLACEMENT_3D('',#427,#428,#429);
#427 = CARTESIAN_POINT('',(4.,217.56143556847,480.82928974624));
#428 = DIRECTION('',(0.,-0.79267756344,0.609641107882));
#429 = DIRECTION('',(-0.,0.609641107882,0.79267756344));
#430 = DEFINITIONAL_REPRESENTATION('',(#431),#439);
#431 = B_SPLINE_CURVE_WITH_KNOTS('',6,(#432,#433,#434,#435,#436,#437,
    #438),.UNSPECIFIED.,.F.,.F.,(7,7),(3.14159265359,4.712388980385),
  .PIECEWISE_BEZIER_KNOTS.);
#432 = CARTESIAN_POINT('',(-1.110223024625E-16,2.84217094304E-14));
#433 = CARTESIAN_POINT('',(0.261799387799,3.273669335613E-14));
#434 = CARTESIAN_POINT('',(0.523597092945,0.427662134609));
#435 = CARTESIAN_POINT('',(0.785398737292,1.283654831961));
#436 = CARTESIAN_POINT('',(1.047198597203,2.477842331463));
#437 = CARTESIAN_POINT('',(1.308996938996,3.839341245489));
#438 = CARTESIAN_POINT('',(1.570796326795,5.200945626478));
#439 = ( GEOMETRIC_REPRESENTATION_CONTEXT(2) 
PARAMETRIC_REPRESENTATION_CONTEXT() REPRESENTATION_CONTEXT('2D SPACE',''
  ) );
#440 = ORIENTED_EDGE('',*,*,#441,.F.);
#441 = EDGE_CURVE('',#24,#409,#442,.T.);
#442 = SURFACE_CURVE('',#443,(#447,#454),.PCURVE_S1.);
#443 = LINE('',#444,#445);
#444 = CARTESIAN_POINT('',(0.,0.,484.));
#445 = VECTOR('',#446,1.);
#446 = DIRECTION('',(0.,1.,0.));
#447 = PCURVE('',#33,#448);
#448 = DEFINITIONAL_REPRESENTATION('',(#449),#453);
#449 = LINE('',#450,#451);
#450 = CARTESIAN_POINT('',(0.,0.));
#451 = VECTOR('',#452,1.);
#452 = DIRECTION('',(1.,0.));
#453 = ( GEOMETRIC_REPRESENTATION_CONTEXT(2) 
PARAMETRIC_REPRESENTATION_CONTEXT() REPRESENTATION_CONTEXT('2D SPACE',''
  ) );
#454 = PCURVE('',#455,#460);
#455 = PLANE('',#456);
#456 = AXIS2_PLACEMENT_3D('',#457,#458,#459);
#457 = CARTESIAN_POINT('',(0.,110.,507.59598896236));
#458 = DIRECTION('',(1.,0.,0.));
#459 = DIRECTION('',(0.,1.,0.));
#460 = DEFINITIONAL_REPRESENTATION('',(#461),#465);
#461 = LINE('',#462,#463);
#462 = CARTESIAN_POINT('',(-110.,-23.59598896236));
#463 = VECTOR('',#464,1.);
#464 = DIRECTION('',(1.,0.));
#465 = ( GEOMETRIC_REPRESENTATION_CONTEXT(2) 
PARAMETRIC_REPRESENTATION_CONTEXT() REPRESENTATION_CONTEXT('2D SPACE',''
  ) );
#466 = FACE_BOUND('',#467,.F.);
#467 = EDGE_LOOP('',(#468));
#468 = ORIENTED_EDGE('',*,*,#469,.F.);
#469 = EDGE_CURVE('',#470,#470,#472,.T.);
#470 = VERTEX_POINT('',#471);
#471 = CARTESIAN_POINT('',(191.15384615384,186.15384615384,484.));
#472 = SURFACE_CURVE('',#473,(#478,#485),.PCURVE_S1.);
#473 = CIRCLE('',#474,5.);
#474 = AXIS2_PLACEMENT_3D('',#475,#476,#477);
#475 = CARTESIAN_POINT('',(186.15384615384,186.15384615384,484.));
#476 = DIRECTION('',(0.,0.,1.));
#477 = DIRECTION('',(1.,0.,-0.));
#478 = PCURVE('',#33,#479);
#479 = DEFINITIONAL_REPRESENTATION('',(#480),#484);
#480 = CIRCLE('',#481,5.);
#481 = AXIS2_PLACEMENT_2D('',#482,#483);
#482 = CARTESIAN_POINT('',(186.15384615384,-186.1538461538));
#483 = DIRECTION('',(0.,-1.));
#484 = ( GEOMETRIC_REPRESENTATION_CONTEXT(2) 
PARAMETRIC_REPRESENTATION_CONTEXT() REPRESENTATION_CONTEXT('2D SPACE',''
  ) );
#485 = PCURVE('',#486,#491);
#486 = CYLINDRICAL_SURFACE('',#487,5.);
#487 = AXIS2_PLACEMENT_3D('',#488,#489,#490);
#488 = CARTESIAN_POINT('',(186.15384615384,186.15384615384,483.));
#489 = DIRECTION('',(0.,0.,1.));
#490 = DIRECTION('',(1.,0.,-0.));
#491 = DEFINITIONAL_REPRESENTATION('',(#492),#496);
#492 = LINE('',#493,#494);
#493 = CARTESIAN_POINT('',(0.,1.));
#494 = VECTOR('',#495,1.);
#495 = DIRECTION('',(1.,0.));
#496 = ( GEOMETRIC_REPRESENTATION_CONTEXT(2) 
PARAMETRIC_REPRESENTATION_CONTEXT() REPRESENTATION_CONTEXT('2D SPACE',''
  ) );
#497 = FACE_BOUND('',#498,.F.);
#498 = EDGE_LOOP('',(#499));
#499 = ORIENTED_EDGE('',*,*,#500,.F.);
#500 = EDGE_CURVE('',#501,#501,#503,.T.);
#501 = VERTEX_POINT('',#502);
#502 = CARTESIAN_POINT('',(117.,142.,484.));
#503 = SURFACE_CURVE('',#504,(#509,#516),.PCURVE_S1.);
#504 = CIRCLE('',#505,7.);
#505 = AXIS2_PLACEMENT_3D('',#506,#507,#508);
#506 = CARTESIAN_POINT('',(110.,142.,484.));
#507 = DIRECTION('',(0.,0.,1.));
#508 = DIRECTION('',(1.,0.,-0.));
#509 = PCURVE('',#33,#510);
#510 = DEFINITIONAL_REPRESENTATION('',(#511),#515);
#511 = CIRCLE('',#512,7.);
#512 = AXIS2_PLACEMENT_2D('',#513,#514);
#513 = CARTESIAN_POINT('',(142.,-110.));
#514 = DIRECTION('',(0.,-1.));
#515 = ( GEOMETRIC_REPRESENTATION_CONTEXT(2) 
PARAMETRIC_REPRESENTATION_CONTEXT() REPRESENTATION_CONTEXT('2D SPACE',''
  ) );
#516 = PCURVE('',#517,#522);
#517 = CYLINDRICAL_SURFACE('',#518,7.);
#518 = AXIS2_PLACEMENT_3D('',#519,#520,#521);
#519 = CARTESIAN_POINT('',(110.,142.,483.));
#520 = DIRECTION('',(0.,0.,1.));
#521 = DIRECTION('',(1.,0.,-0.));
#522 = DEFINITIONAL_REPRESENTATION('',(#523),#527);
#523 = LINE('',#524,#525);
#524 = CARTESIAN_POINT('',(0.,1.));
#525 = VECTOR('',#526,1.);
#526 = DIRECTION('',(1.,0.));
#527 = ( GEOMETRIC_REPRESENTATION_CONTEXT(2) 
PARAMETRIC_REPRESENTATION_CONTEXT() REPRESENTATION_CONTEXT('2D SPACE',''
  ) );
#528 = FACE_BOUND('',#529,.F.);
#529 = EDGE_LOOP('',(#530));
#530 = ORIENTED_EDGE('',*,*,#531,.F.);
#531 = EDGE_CURVE('',#532,#532,#534,.T.);
#532 = VERTEX_POINT('',#533);
#533 = CARTESIAN_POINT('',(38.846153846154,186.15384615384,484.));
#534 = SURFACE_CURVE('',#535,(#540,#547),.PCURVE_S1.);
#535 = CIRCLE('',#536,5.);
#536 = AXIS2_PLACEMENT_3D('',#537,#538,#539);
#537 = CARTESIAN_POINT('',(33.846153846154,186.15384615384,484.));
#538 = DIRECTION('',(0.,0.,1.));
#539 = DIRECTION('',(1.,0.,-0.));
#540 = PCURVE('',#33,#541);
#541 = DEFINITIONAL_REPRESENTATION('',(#542),#546);
#542 = CIRCLE('',#543,5.);
#543 = AXIS2_PLACEMENT_2D('',#544,#545);
#544 = CARTESIAN_POINT('',(186.15384615384,-33.84615384615));
#545 = DIRECTION('',(0.,-1.));
#546 = ( GEOMETRIC_REPRESENTATION_CONTEXT(2) 
PARAMETRIC_REPRESENTATION_CONTEXT() REPRESENTATION_CONTEXT('2D SPACE',''
  ) );
#547 = PCURVE('',#548,#553);
#548 = CYLINDRICAL_SURFACE('',#549,5.);
#549 = AXIS2_PLACEMENT_3D('',#550,#551,#552);
#550 = CARTESIAN_POINT('',(33.846153846154,186.15384615384,483.));
#551 = DIRECTION('',(0.,0.,1.));
#552 = DIRECTION('',(1.,0.,-0.));
#553 = DEFINITIONAL_REPRESENTATION('',(#554),#558);
#554 = LINE('',#555,#556);
#555 = CARTESIAN_POINT('',(0.,1.));
#556 = VECTOR('',#557,1.);
#557 = DIRECTION('',(1.,0.));
#558 = ( GEOMETRIC_REPRESENTATION_CONTEXT(2) 
PARAMETRIC_REPRESENTATION_CONTEXT() REPRESENTATION_CONTEXT('2D SPACE',''
  ) );
#559 = ADVANCED_FACE('',(#560),#49,.T.);
#560 = FACE_BOUND('',#561,.T.);
#561 = EDGE_LOOP('',(#562,#585,#620,#843,#864));
#562 = ORIENTED_EDGE('',*,*,#563,.F.);
#563 = EDGE_CURVE('',#564,#22,#566,.T.);
#564 = VERTEX_POINT('',#565);
#565 = CARTESIAN_POINT('',(4.,107.,566.29272727272));
#566 = SURFACE_CURVE('',#567,(#571,#578),.PCURVE_S1.);
#567 = LINE('',#568,#569);
#568 = CARTESIAN_POINT('',(4.,110.,568.6));
#569 = VECTOR('',#570,1.);
#570 = DIRECTION('',(0.,-0.79267756344,-0.609641107882));
#571 = PCURVE('',#49,#572);
#572 = DEFINITIONAL_REPRESENTATION('',(#573),#577);
#573 = LINE('',#574,#575);
#574 = CARTESIAN_POINT('',(0.,0.));
#575 = VECTOR('',#576,1.);
#576 = DIRECTION('',(0.,1.));
#577 = ( GEOMETRIC_REPRESENTATION_CONTEXT(2) 
PARAMETRIC_REPRESENTATION_CONTEXT() REPRESENTATION_CONTEXT('2D SPACE',''
  ) );
#578 = PCURVE('',#81,#579);
#579 = DEFINITIONAL_REPRESENTATION('',(#580),#584);
#580 = LINE('',#581,#582);
#581 = CARTESIAN_POINT('',(0.,-4.));
#582 = VECTOR('',#583,1.);
#583 = DIRECTION('',(1.,0.));
#584 = ( GEOMETRIC_REPRESENTATION_CONTEXT(2) 
PARAMETRIC_REPRESENTATION_CONTEXT() REPRESENTATION_CONTEXT('2D SPACE',''
  ) );
#585 = ORIENTED_EDGE('',*,*,#586,.F.);
#586 = EDGE_CURVE('',#587,#564,#589,.T.);
#587 = VERTEX_POINT('',#588);
#588 = CARTESIAN_POINT('',(2.,107.,565.61666627444));
#589 = SURFACE_CURVE('',#590,(#595,#608),.PCURVE_S1.);
#590 = ELLIPSE('',#591,5.046187989279,4.);
#591 = AXIS2_PLACEMENT_3D('',#592,#593,#594);
#592 = CARTESIAN_POINT('',(4.,107.,561.24653928344));
#593 = DIRECTION('',(0.,1.,0.));
#594 = DIRECTION('',(0.,0.,-1.));
#595 = PCURVE('',#49,#596);
#596 = DEFINITIONAL_REPRESENTATION('',(#597),#607);
#597 = B_SPLINE_CURVE_WITH_KNOTS('',8,(#598,#599,#600,#601,#602,#603,
    #604,#605,#606),.UNSPECIFIED.,.F.,.F.,(9,9),(1.570796326795,
    3.14159265359),.PIECEWISE_BEZIER_KNOTS.);
#598 = CARTESIAN_POINT('',(1.570796326795,6.861004628323));
#599 = CARTESIAN_POINT('',(1.374446785946,6.256962040837));
#600 = CARTESIAN_POINT('',(1.178097245096,5.652919309943));
#601 = CARTESIAN_POINT('',(0.981747704245,5.084363831957));
#602 = CARTESIAN_POINT('',(0.785398163399,4.586775890242));
#603 = CARTESIAN_POINT('',(0.589048622548,4.191280747533));
#604 = CARTESIAN_POINT('',(0.392699081699,3.920187961006));
#605 = CARTESIAN_POINT('',(0.196349540849,3.784640991959));
#606 = CARTESIAN_POINT('',(1.110223024625E-16,3.784640991959));
#607 = ( GEOMETRIC_REPRESENTATION_CONTEXT(2) 
PARAMETRIC_REPRESENTATION_CONTEXT() REPRESENTATION_CONTEXT('2D SPACE',''
  ) );
#608 = PCURVE('',#609,#614);
#609 = PLANE('',#610);
#610 = AXIS2_PLACEMENT_3D('',#611,#612,#613);
#611 = CARTESIAN_POINT('',(0.,107.,556.6));
#612 = DIRECTION('',(-0.,1.,0.));
#613 = DIRECTION('',(0.,0.,1.));
#614 = DEFINITIONAL_REPRESENTATION('',(#615),#619);
#615 = ELLIPSE('',#616,5.046187989279,4.);
#616 = AXIS2_PLACEMENT_2D('',#617,#618);
#617 = CARTESIAN_POINT('',(4.646539283449,4.));
#618 = DIRECTION('',(-1.,0.));
#619 = ( GEOMETRIC_REPRESENTATION_CONTEXT(2) 
PARAMETRIC_REPRESENTATION_CONTEXT() REPRESENTATION_CONTEXT('2D SPACE',''
  ) );
#620 = ORIENTED_EDGE('',*,*,#621,.F.);
#621 = EDGE_CURVE('',#622,#587,#624,.T.);
#622 = VERTEX_POINT('',#623);
#623 = CARTESIAN_POINT('',(-6.661338147751E-16,109.,562.78472110163));
#624 = SURFACE_CURVE('',#625,(#694,#766),.PCURVE_S1.);
#625 = B_SPLINE_CURVE_WITH_KNOTS('',7,(#626,#627,#628,#629,#630,#631,
    #632,#633,#634,#635,#636,#637,#638,#639,#640,#641,#642,#643,#644,
    #645,#646,#647,#648,#649,#650,#651,#652,#653,#654,#655,#656,#657,
    #658,#659,#660,#661,#662,#663,#664,#665,#666,#667,#668,#669,#670,
    #671,#672,#673,#674,#675,#676,#677,#678,#679,#680,#681,#682,#683,
    #684,#685,#686,#687,#688,#689,#690,#691,#692,#693),.UNSPECIFIED.,.F.
  ,.F.,(8,6,6,6,6,6,6,6,6,6,6,8),(0.,4.889891666533E-04,
    1.014199685029E-03,1.539410061549E-03,2.064620222825E-03,
    2.589830095453E-03,3.115039605991E-03,3.640248680882E-03,
    4.165457246668E-03,4.600112174446E-03,0.595279358054,1.),
  .UNSPECIFIED.);
#626 = CARTESIAN_POINT('',(-6.661338147751E-16,109.,562.78472110163));
#627 = CARTESIAN_POINT('',(-9.003405271477E-16,108.99979540075,
    562.78492877109));
#628 = CARTESIAN_POINT('',(2.441883087775E-08,108.99959080149,
    562.78513644056));
#629 = CARTESIAN_POINT('',(7.32564946395E-08,108.99938620224,
    562.78534411002));
#630 = CARTESIAN_POINT('',(1.465129903158E-07,108.99918160299,
    562.78555177947));
#631 = CARTESIAN_POINT('',(2.44188317797E-07,108.99897700375,
    562.78575944894));
#632 = CARTESIAN_POINT('',(3.66282476933E-07,108.99877240453,
    562.7859671184));
#633 = CARTESIAN_POINT('',(6.701612519685E-07,108.99834805063,
    562.7863978402));
#634 = CARTESIAN_POINT('',(8.556974506298E-07,108.99812829596,
    562.78662089255));
#635 = CARTESIAN_POINT('',(1.069404063433E-06,108.99790854131,
    562.7868439449));
#636 = CARTESIAN_POINT('',(1.311281090208E-06,108.99768878669,
    562.78706699724));
#637 = CARTESIAN_POINT('',(1.581328530701E-06,108.99746903209,
    562.78729004958));
#638 = CARTESIAN_POINT('',(1.87954638457E-06,108.99724927751,
    562.78751310192));
#639 = CARTESIAN_POINT('',(2.532322830041E-06,108.99680976849,
    562.78795920652));
#640 = CARTESIAN_POINT('',(2.886881406414E-06,108.99659001404,
    562.78818225879));
#641 = CARTESIAN_POINT('',(3.269610380234E-06,108.99637025963,
    562.78840531105));
#642 = CARTESIAN_POINT('',(3.680509751143E-06,108.99615050525,
    562.78862836331));
#643 = CARTESIAN_POINT('',(4.119579518697E-06,108.99593075092,
    562.78885141556));
#644 = CARTESIAN_POINT('',(4.586819682367E-06,108.99571099663,
    562.7890744678));
#645 = CARTESIAN_POINT('',(5.577640597744E-06,108.99527148824,
    562.78952057219));
#646 = CARTESIAN_POINT('',(6.101221326453E-06,108.99505173414,
    562.78974362433));
#647 = CARTESIAN_POINT('',(6.652972427102E-06,108.99483198009,
    562.78996667646));
#648 = CARTESIAN_POINT('',(7.232893899104E-06,108.9946122261,
    562.79018972858));
#649 = CARTESIAN_POINT('',(7.84098574184E-06,108.99439247216,
    562.7904127807));
#650 = CARTESIAN_POINT('',(8.477247954662E-06,108.99417271828,
    562.79063583281));
#651 = CARTESIAN_POINT('',(9.8061127539E-06,108.99373321079,
    562.79108193688));
#652 = CARTESIAN_POINT('',(1.049871530931E-05,108.99351345716,
    562.79130498885));
#653 = CARTESIAN_POINT('',(1.121948820241E-05,108.99329370361,
    562.79152804081));
#654 = CARTESIAN_POINT('',(1.196843143244E-05,108.99307395013,
    562.79175109276));
#655 = CARTESIAN_POINT('',(1.274554499859E-05,108.99285419672,
    562.7919741447));
#656 = CARTESIAN_POINT('',(1.355082889998E-05,108.99263444339,
    562.79219719662));
#657 = CARTESIAN_POINT('',(1.521773679685E-05,108.99219493704,
    562.7926433003));
#658 = CARTESIAN_POINT('',(1.607936075347E-05,108.99197518403,
    562.79286635205));
#659 = CARTESIAN_POINT('',(1.696915500472E-05,108.99175543109,
    562.79308940379));
#660 = CARTESIAN_POINT('',(1.788711954968E-05,108.99153567825,
    562.79331245551));
#661 = CARTESIAN_POINT('',(1.883325438736E-05,108.9913159255,
    562.79353550723));
#662 = CARTESIAN_POINT('',(1.98075595167E-05,108.99109617285,
    562.79375855893));
#663 = CARTESIAN_POINT('',(2.181250952518E-05,108.99065666791,
    562.79420466212));
#664 = CARTESIAN_POINT('',(2.284315435762E-05,108.99043691563,
    562.7944277136));
#665 = CARTESIAN_POINT('',(2.390196943283E-05,108.99021716346,
    562.79465076508));
#666 = CARTESIAN_POINT('',(2.498895474969E-05,108.98999741139,
    562.79487381654));
#667 = CARTESIAN_POINT('',(2.610411030703E-05,108.98977765942,
    562.79509686798));
#668 = CARTESIAN_POINT('',(2.724743610363E-05,108.98955790757,
    562.79531991941));
#669 = CARTESIAN_POINT('',(2.959042703758E-05,108.98911840431,
    562.79576602202));
#670 = CARTESIAN_POINT('',(3.079009212035E-05,108.9888986529,
    562.7959890732));
#671 = CARTESIAN_POINT('',(3.201792738527E-05,108.98867890161,
    562.79621212437));
#672 = CARTESIAN_POINT('',(3.327393283101E-05,108.98845915044,
    562.79643517551));
#673 = CARTESIAN_POINT('',(3.455810845622E-05,108.98823939939,
    562.79665822664));
#674 = CARTESIAN_POINT('',(3.587045425951E-05,108.98801964847,
    562.79688127776));
#675 = CARTESIAN_POINT('',(3.832036165864E-05,108.98761803515,
    562.79728892268));
#676 = CARTESIAN_POINT('',(3.944904676286E-05,108.9874361727,
    562.79747351649));
#677 = CARTESIAN_POINT('',(4.059702555125E-05,108.98725431035,
    562.79765811028));
#678 = CARTESIAN_POINT('',(4.176429802297E-05,108.98707244809,
    562.79784270407));
#679 = CARTESIAN_POINT('',(4.295086417716E-05,108.98689058592,
    562.79802729784));
#680 = CARTESIAN_POINT('',(4.415672401298E-05,108.98670872385,
    562.7982118916));
#681 = CARTESIAN_POINT('',(1.710318150347E-03,108.73938347481,
    563.0492522492));
#682 = CARTESIAN_POINT('',(3.901062567955E-02,108.49184719655,
    563.30066689578));
#683 = CARTESIAN_POINT('',(0.1122375778,108.24901724579,563.5515939718)
  );
#684 = CARTESIAN_POINT('',(0.221286773401,108.01613717789,
    563.80091971358));
#685 = CARTESIAN_POINT('',(0.36553650538,107.79879705958,564.04760261307
    ));
#686 = CARTESIAN_POINT('',(0.543802652473,107.6029704765,564.29077523553
    ));
#687 = CARTESIAN_POINT('',(0.8980025206,107.320863829,564.69435016623));
#688 = CARTESIAN_POINT('',(1.057330766094,107.21924340769,
    564.85708281529));
#689 = CARTESIAN_POINT('',(1.23019133639,107.13401498582,565.01699280194
    ));
#690 = CARTESIAN_POINT('',(1.414072918872,107.06786014291,
    565.17313160379));
#691 = CARTESIAN_POINT('',(1.605938949831,107.02277195769,565.3250500167
    ));
#692 = CARTESIAN_POINT('',(1.802420868001,107.,565.47275862483));
#693 = CARTESIAN_POINT('',(2.,107.,565.61666627443));
#694 = PCURVE('',#49,#695);
#695 = DEFINITIONAL_REPRESENTATION('',(#696),#765);
#696 = B_SPLINE_CURVE_WITH_KNOTS('',7,(#697,#698,#699,#700,#701,#702,
    #703,#704,#705,#706,#707,#708,#709,#710,#711,#712,#713,#714,#715,
    #716,#717,#718,#719,#720,#721,#722,#723,#724,#725,#726,#727,#728,
    #729,#730,#731,#732,#733,#734,#735,#736,#737,#738,#739,#740,#741,
    #742,#743,#744,#745,#746,#747,#748,#749,#750,#751,#752,#753,#754,
    #755,#756,#757,#758,#759,#760,#761,#762,#763,#764),.UNSPECIFIED.,.F.
  ,.F.,(8,6,6,6,6,6,6,6,6,6,6,8),(0.,4.889891666533E-04,
    1.014199685029E-03,1.539410061549E-03,2.064620222825E-03,
    2.589830095453E-03,3.115039605991E-03,3.640248680882E-03,
    4.165457246668E-03,4.600112174446E-03,0.595279358054,1.),
  .UNSPECIFIED.);
#697 = CARTESIAN_POINT('',(1.570796326795,4.337910633683));
#698 = CARTESIAN_POINT('',(1.570723990035,4.337946211071));
#699 = CARTESIAN_POINT('',(1.570651653275,4.337981788469));
#700 = CARTESIAN_POINT('',(1.570579316515,4.338017365869));
#701 = CARTESIAN_POINT('',(1.570506979755,4.338052943264));
#702 = CARTESIAN_POINT('',(1.570434642994,4.338088520649));
#703 = CARTESIAN_POINT('',(1.570362306233,4.338124098025));
#704 = CARTESIAN_POINT('',(1.57021227444,4.338197888117));
#705 = CARTESIAN_POINT('',(1.570134579409,4.33823610083));
#706 = CARTESIAN_POINT('',(1.570056884376,4.338274313529));
#707 = CARTESIAN_POINT('',(1.569979189343,4.338312526213));
#708 = CARTESIAN_POINT('',(1.569901494308,4.33835073888));
#709 = CARTESIAN_POINT('',(1.569823799272,4.338388951526));
#710 = CARTESIAN_POINT('',(1.569668409217,4.338465376762));
#711 = CARTESIAN_POINT('',(1.569590714198,4.338503589352));
#712 = CARTESIAN_POINT('',(1.569513019178,4.338541801918));
#713 = CARTESIAN_POINT('',(1.569435324156,4.338580014456));
#714 = CARTESIAN_POINT('',(1.569357629131,4.338618226964));
#715 = CARTESIAN_POINT('',(1.569279934104,4.338656439441));
#716 = CARTESIAN_POINT('',(1.569124544077,4.33873286431));
#717 = CARTESIAN_POINT('',(1.569046849077,4.338771076702));
#718 = CARTESIAN_POINT('',(1.568969154074,4.338809289057));
#719 = CARTESIAN_POINT('',(1.568891459069,4.338847501374));
#720 = CARTESIAN_POINT('',(1.56881376406,4.338885713649));
#721 = CARTESIAN_POINT('',(1.568736069049,4.33892392588));
#722 = CARTESIAN_POINT('',(1.568580679061,4.339000350229));
#723 = CARTESIAN_POINT('',(1.568502984085,4.339038562348));
#724 = CARTESIAN_POINT('',(1.568425289106,4.339076774418));
#725 = CARTESIAN_POINT('',(1.568347594123,4.339114986437));
#726 = CARTESIAN_POINT('',(1.568269899136,4.339153198403));
#727 = CARTESIAN_POINT('',(1.568192204145,4.339191410313));
#728 = CARTESIAN_POINT('',(1.568036814209,4.339267833993));
#729 = CARTESIAN_POINT('',(1.567959119263,4.339306045762));
#730 = CARTESIAN_POINT('',(1.567881424313,4.33934425747));
#731 = CARTESIAN_POINT('',(1.567803729358,4.339382469116));
#732 = CARTESIAN_POINT('',(1.567726034399,4.339420680698));
#733 = CARTESIAN_POINT('',(1.567648339435,4.339458892212));
#734 = CARTESIAN_POINT('',(1.567492949561,4.33953531507));
#735 = CARTESIAN_POINT('',(1.567415254651,4.339573526414));
#736 = CARTESIAN_POINT('',(1.567337559735,4.339611737685));
#737 = CARTESIAN_POINT('',(1.567259864815,4.339649948883));
#738 = CARTESIAN_POINT('',(1.567182169889,4.339688160004));
#739 = CARTESIAN_POINT('',(1.567104474957,4.339726371046));
#740 = CARTESIAN_POINT('',(1.566949085157,4.339802792931));
#741 = CARTESIAN_POINT('',(1.566871390288,4.339841003774));
#742 = CARTESIAN_POINT('',(1.566793695414,4.339879214534));
#743 = CARTESIAN_POINT('',(1.566716000533,4.339917425207));
#744 = CARTESIAN_POINT('',(1.566638305646,4.339955635792));
#745 = CARTESIAN_POINT('',(1.566560610752,4.339993846287));
#746 = CARTESIAN_POINT('',(1.566418616688,4.340063679058));
#747 = CARTESIAN_POINT('',(1.56635431752,4.340095301364));
#748 = CARTESIAN_POINT('',(1.566290018347,4.340126923605));
#749 = CARTESIAN_POINT('',(1.56622571917,4.34015854578));
#750 = CARTESIAN_POINT('',(1.566161419987,4.340190167887));
#751 = CARTESIAN_POINT('',(1.5660971208,4.340221789925));
#752 = CARTESIAN_POINT('',(1.478652704247,4.383226443987));
#753 = CARTESIAN_POINT('',(1.391059437105,4.426170194215));
#754 = CARTESIAN_POINT('',(1.303148061339,4.465680587291));
#755 = CARTESIAN_POINT('',(1.214823060273,4.498280170653));
#756 = CARTESIAN_POINT('',(1.126010874269,4.520172769923));
#757 = CARTESIAN_POINT('',(1.036642615831,4.527152081703));
#758 = CARTESIAN_POINT('',(0.885106328258,4.504735823803));
#759 = CARTESIAN_POINT('',(0.823092085626,4.4860795393));
#760 = CARTESIAN_POINT('',(0.76120034334,4.456150495664));
#761 = CARTESIAN_POINT('',(0.69987752619,4.413401323204));
#762 = CARTESIAN_POINT('',(0.639545545297,4.356526006452));
#763 = CARTESIAN_POINT('',(0.580634958121,4.284527586888));
#764 = CARTESIAN_POINT('',(0.523598775598,4.196795567953));
#765 = ( GEOMETRIC_REPRESENTATION_CONTEXT(2) 
PARAMETRIC_REPRESENTATION_CONTEXT() REPRESENTATION_CONTEXT('2D SPACE',''
  ) );
#766 = PCURVE('',#767,#772);
#767 = CYLINDRICAL_SURFACE('',#768,2.);
#768 = AXIS2_PLACEMENT_3D('',#769,#770,#771);
#769 = CARTESIAN_POINT('',(2.,109.,556.6));
#770 = DIRECTION('',(0.,0.,1.));
#771 = DIRECTION('',(-1.,-0.,0.));
#772 = DEFINITIONAL_REPRESENTATION('',(#773),#842);
#773 = B_SPLINE_CURVE_WITH_KNOTS('',7,(#774,#775,#776,#777,#778,#779,
    #780,#781,#782,#783,#784,#785,#786,#787,#788,#789,#790,#791,#792,
    #793,#794,#795,#796,#797,#798,#799,#800,#801,#802,#803,#804,#805,
    #806,#807,#808,#809,#810,#811,#812,#813,#814,#815,#816,#817,#818,
    #819,#820,#821,#822,#823,#824,#825,#826,#827,#828,#829,#830,#831,
    #832,#833,#834,#835,#836,#837,#838,#839,#840,#841),.UNSPECIFIED.,.F.
  ,.F.,(8,6,6,6,6,6,6,6,6,6,6,8),(0.,4.889891666533E-04,
    1.014199685029E-03,1.539410061549E-03,2.064620222825E-03,
    2.589830095453E-03,3.115039605991E-03,3.640248680882E-03,
    4.165457246668E-03,4.600112174446E-03,0.595279358054,1.),
  .UNSPECIFIED.);
#774 = CARTESIAN_POINT('',(0.,6.18472110163));
#775 = CARTESIAN_POINT('',(1.02299623108E-04,6.184928771099));
#776 = CARTESIAN_POINT('',(2.045992508455E-04,6.18513644056));
#777 = CARTESIAN_POINT('',(3.068988803264E-04,6.18534411002));
#778 = CARTESIAN_POINT('',(4.091985099408E-04,6.185551779479));
#779 = CARTESIAN_POINT('',(5.114981393545E-04,6.18575944894));
#780 = CARTESIAN_POINT('',(6.137977695089E-04,6.1859671184));
#781 = CARTESIAN_POINT('',(8.259747721724E-04,6.186397840209));
#782 = CARTESIAN_POINT('',(9.358521440246E-04,6.186620892558));
#783 = CARTESIAN_POINT('',(1.045729518771E-03,6.186843944905));
#784 = CARTESIAN_POINT('',(1.155606896969E-03,6.187066997248));
#785 = CARTESIAN_POINT('',(1.265484279138E-03,6.187290049588));
#786 = CARTESIAN_POINT('',(1.375361665762E-03,6.187513101924));
#787 = CARTESIAN_POINT('',(1.595116419135E-03,6.187959206527));
#788 = CARTESIAN_POINT('',(1.704993785903E-03,6.188182258794));
#789 = CARTESIAN_POINT('',(1.814871158132E-03,6.188405311056));
#790 = CARTESIAN_POINT('',(1.924748536349E-03,6.188628363312));
#791 = CARTESIAN_POINT('',(2.034625921064E-03,6.188851415563));
#792 = CARTESIAN_POINT('',(2.144503312772E-03,6.189074467808));
#793 = CARTESIAN_POINT('',(2.364258066125E-03,6.189520572192));
#794 = CARTESIAN_POINT('',(2.474135427796E-03,6.189743624331));
#795 = CARTESIAN_POINT('',(2.58401279748E-03,6.189966676464));
#796 = CARTESIAN_POINT('',(2.69389017569E-03,6.190189728589));
#797 = CARTESIAN_POINT('',(2.803767562939E-03,6.190412780705));
#798 = CARTESIAN_POINT('',(2.913644959745E-03,6.190635832814));
#799 = CARTESIAN_POINT('',(3.133399713106E-03,6.191081936889));
#800 = CARTESIAN_POINT('',(3.243277069661E-03,6.191304988856));
#801 = CARTESIAN_POINT('',(3.353154436792E-03,6.191528040814));
#802 = CARTESIAN_POINT('',(3.463031815008E-03,6.191751092762));
#803 = CARTESIAN_POINT('',(3.572909204818E-03,6.1919741447));
#804 = CARTESIAN_POINT('',(3.68278660674E-03,6.192197196627));
#805 = CARTESIAN_POINT('',(3.902541360092E-03,6.192643300304));
#806 = CARTESIAN_POINT('',(4.012418711522E-03,6.192866352054));
#807 = CARTESIAN_POINT('',(4.12229607609E-03,6.193089403792));
#808 = CARTESIAN_POINT('',(4.232173454304E-03,6.193312455519));
#809 = CARTESIAN_POINT('',(4.342050846677E-03,6.193535507232));
#810 = CARTESIAN_POINT('',(4.451928253724E-03,6.193758558932));
#811 = CARTESIAN_POINT('',(4.671683007079E-03,6.194204662121));
#812 = CARTESIAN_POINT('',(4.781560353387E-03,6.194427713609));
#813 = CARTESIAN_POINT('',(4.891437715393E-03,6.194650765083));
#814 = CARTESIAN_POINT('',(5.001315093607E-03,6.194873816542));
#815 = CARTESIAN_POINT('',(5.111192488543E-03,6.195096867987));
#816 = CARTESIAN_POINT('',(5.221069900711E-03,6.195319919416));
#817 = CARTESIAN_POINT('',(5.440824654065E-03,6.195766022026));
#818 = CARTESIAN_POINT('',(5.550701995251E-03,6.195989073207));
#819 = CARTESIAN_POINT('',(5.660579354695E-03,6.196212124371));
#820 = CARTESIAN_POINT('',(5.770456732909E-03,6.196435175519));
#821 = CARTESIAN_POINT('',(5.880334130405E-03,6.196658226649));
#822 = CARTESIAN_POINT('',(5.990211547696E-03,6.196881277762));
#823 = CARTESIAN_POINT('',(6.19102194563E-03,6.19728892268));
#824 = CARTESIAN_POINT('',(6.281954919881E-03,6.197473516491));
#825 = CARTESIAN_POINT('',(6.372887908325E-03,6.197658110289));
#826 = CARTESIAN_POINT('',(6.463820911248E-03,6.197842704074));
#827 = CARTESIAN_POINT('',(6.554753928943E-03,6.198027297846));
#828 = CARTESIAN_POINT('',(6.645686961708E-03,6.198211891605));
#829 = CARTESIAN_POINT('',(0.130311117569,6.449252249201));
#830 = CARTESIAN_POINT('',(0.25420188816,6.700666895789));
#831 = CARTESIAN_POINT('',(0.378943998284,6.951593971804));
#832 = CARTESIAN_POINT('',(0.505063562181,7.200919713582));
#833 = CARTESIAN_POINT('',(0.633141893698,7.447602613078));
#834 = CARTESIAN_POINT('',(0.76386424026,7.690775235531));
#835 = CARTESIAN_POINT('',(0.99027189646,8.094350166239));
#836 = CARTESIAN_POINT('',(1.084241284174,8.257082815295));
#837 = CARTESIAN_POINT('',(1.179672684988,8.416992801945));
#838 = CARTESIAN_POINT('',(1.276257186996,8.573131603798));
#839 = CARTESIAN_POINT('',(1.373766135295,8.725050016709));
#840 = CARTESIAN_POINT('',(1.472006760795,8.872758624835));
#841 = CARTESIAN_POINT('',(1.570796326795,9.016666274436));
#842 = ( GEOMETRIC_REPRESENTATION_CONTEXT(2) 
PARAMETRIC_REPRESENTATION_CONTEXT() REPRESENTATION_CONTEXT('2D SPACE',''
  ) );
#843 = ORIENTED_EDGE('',*,*,#844,.T.);
#844 = EDGE_CURVE('',#622,#24,#845,.T.);
#845 = SURFACE_CURVE('',#846,(#850,#857),.PCURVE_S1.);
#846 = LINE('',#847,#848);
#847 = CARTESIAN_POINT('',(-8.881784197001E-16,112.43856443152,
    565.42928974624));
#848 = VECTOR('',#849,1.);
#849 = DIRECTION('',(0.,-0.79267756344,-0.609641107882));
#850 = PCURVE('',#49,#851);
#851 = DEFINITIONAL_REPRESENTATION('',(#852),#856);
#852 = LINE('',#853,#854);
#853 = CARTESIAN_POINT('',(1.570796326795,0.));
#854 = VECTOR('',#855,1.);
#855 = DIRECTION('',(0.,1.));
#856 = ( GEOMETRIC_REPRESENTATION_CONTEXT(2) 
PARAMETRIC_REPRESENTATION_CONTEXT() REPRESENTATION_CONTEXT('2D SPACE',''
  ) );
#857 = PCURVE('',#455,#858);
#858 = DEFINITIONAL_REPRESENTATION('',(#859),#863);
#859 = LINE('',#860,#861);
#860 = CARTESIAN_POINT('',(2.438564431527,57.833300783878));
#861 = VECTOR('',#862,1.);
#862 = DIRECTION('',(-0.79267756344,-0.609641107882));
#863 = ( GEOMETRIC_REPRESENTATION_CONTEXT(2) 
PARAMETRIC_REPRESENTATION_CONTEXT() REPRESENTATION_CONTEXT('2D SPACE',''
  ) );
#864 = ORIENTED_EDGE('',*,*,#21,.F.);
#865 = ADVANCED_FACE('',(#866),#81,.F.);
#866 = FACE_BOUND('',#867,.F.);
#867 = EDGE_LOOP('',(#868,#869,#890,#911,#912,#933,#961,#988,#1009,#1035
    ,#1061,#1087,#1113,#1139,#1165,#1191,#1217,#1243,#1269,#1295,#1321,
    #1347,#1373,#1399,#1425,#1451,#1477,#1503,#1529,#1555,#1581,#1607,
    #1633,#1659,#1685,#1711,#1737,#1763,#1789,#1815,#1841,#1867,#1893,
    #1919,#1945,#1971,#1997,#2023,#2049,#2075,#2101,#2127,#2153,#2179,
    #2205,#2231,#2257,#2283,#2309,#2335,#2361,#2387,#2413,#2439,#2465,
    #2491,#2517,#2543,#2569,#2595,#2621,#2647,#2673,#2699,#2725,#2751,
    #2777,#2803,#2829,#2855,#2881,#2907,#2933,#2959,#2985,#3011,#3037,
    #3063,#3089,#3115,#3141,#3167,#3193,#3219,#3245,#3271,#3297,#3323,
    #3349,#3375,#3401,#3427,#3453,#3479,#3505,#3531,#3557,#3583,#3609,
    #3635,#3661,#3687,#3713,#3739,#3765,#3791,#3817,#3843,#3869,#3895,
    #3921,#3947,#3973,#3994,#4021,#4049,#4068));
#868 = ORIENTED_EDGE('',*,*,#563,.F.);
#869 = ORIENTED_EDGE('',*,*,#870,.T.);
#870 = EDGE_CURVE('',#564,#871,#873,.T.);
#871 = VERTEX_POINT('',#872);
#872 = CARTESIAN_POINT('',(216.,107.,566.29272727272));
#873 = SURFACE_CURVE('',#874,(#878,#884),.PCURVE_S1.);
#874 = LINE('',#875,#876);
#875 = CARTESIAN_POINT('',(0.,107.,566.29272727272));
#876 = VECTOR('',#877,1.);
#877 = DIRECTION('',(1.,0.,0.));
#878 = PCURVE('',#81,#879);
#879 = DEFINITIONAL_REPRESENTATION('',(#880),#883);
#880 = B_SPLINE_CURVE_WITH_KNOTS('',1,(#881,#882),.UNSPECIFIED.,.F.,.F.,
  (2,2),(4.,216.),.PIECEWISE_BEZIER_KNOTS.);
#881 = CARTESIAN_POINT('',(3.784640991959,-4.));
#882 = CARTESIAN_POINT('',(3.784640991959,-216.));
#883 = ( GEOMETRIC_REPRESENTATION_CONTEXT(2) 
PARAMETRIC_REPRESENTATION_CONTEXT() REPRESENTATION_CONTEXT('2D SPACE',''
  ) );
#884 = PCURVE('',#609,#885);
#885 = DEFINITIONAL_REPRESENTATION('',(#886),#889);
#886 = B_SPLINE_CURVE_WITH_KNOTS('',1,(#887,#888),.UNSPECIFIED.,.F.,.F.,
  (2,2),(4.,216.),.PIECEWISE_BEZIER_KNOTS.);
#887 = CARTESIAN_POINT('',(9.692727272727,4.));
#888 = CARTESIAN_POINT('',(9.692727272727,216.));
#889 = ( GEOMETRIC_REPRESENTATION_CONTEXT(2) 
PARAMETRIC_REPRESENTATION_CONTEXT() REPRESENTATION_CONTEXT('2D SPACE',''
  ) );
#890 = ORIENTED_EDGE('',*,*,#891,.T.);
#891 = EDGE_CURVE('',#871,#260,#892,.T.);
#892 = SURFACE_CURVE('',#893,(#897,#904),.PCURVE_S1.);
#893 = LINE('',#894,#895);
#894 = CARTESIAN_POINT('',(216.,110.,568.6));
#895 = VECTOR('',#896,1.);
#896 = DIRECTION('',(0.,-0.79267756344,-0.609641107882));
#897 = PCURVE('',#81,#898);
#898 = DEFINITIONAL_REPRESENTATION('',(#899),#903);
#899 = LINE('',#900,#901);
#900 = CARTESIAN_POINT('',(0.,-216.));
#901 = VECTOR('',#902,1.);
#902 = DIRECTION('',(1.,0.));
#903 = ( GEOMETRIC_REPRESENTATION_CONTEXT(2) 
PARAMETRIC_REPRESENTATION_CONTEXT() REPRESENTATION_CONTEXT('2D SPACE',''
  ) );
#904 = PCURVE('',#299,#905);
#905 = DEFINITIONAL_REPRESENTATION('',(#906),#910);
#906 = LINE('',#907,#908);
#907 = CARTESIAN_POINT('',(-0.,0.));
#908 = VECTOR('',#909,1.);
#909 = DIRECTION('',(-0.,1.));
#910 = ( GEOMETRIC_REPRESENTATION_CONTEXT(2) 
PARAMETRIC_REPRESENTATION_CONTEXT() REPRESENTATION_CONTEXT('2D SPACE',''
  ) );
#911 = ORIENTED_EDGE('',*,*,#259,.F.);
#912 = ORIENTED_EDGE('',*,*,#913,.F.);
#913 = EDGE_CURVE('',#914,#232,#916,.T.);
#914 = VERTEX_POINT('',#915);
#915 = CARTESIAN_POINT('',(188.16717144869,8.381056553222,
    490.44579440365));
#916 = SURFACE_CURVE('',#917,(#921,#927),.PCURVE_S1.);
#917 = LINE('',#918,#919);
#918 = CARTESIAN_POINT('',(176.56557867018,64.10515659699,
    533.30269316459));
#919 = VECTOR('',#920,1.);
#920 = DIRECTION('',(0.162830598367,-0.782098521023,-0.601504862532));
#921 = PCURVE('',#81,#922);
#922 = DEFINITIONAL_REPRESENTATION('',(#923),#926);
#923 = B_SPLINE_CURVE_WITH_KNOTS('',1,(#924,#925),.UNSPECIFIED.,.F.,.F.,
  (2,2),(64.35659534088,81.965577064596),.PIECEWISE_BEZIER_KNOTS.);
#924 = CARTESIAN_POINT('',(121.39619673301,-187.0448015983));
#925 = CARTESIAN_POINT('',(138.77016970516,-189.912082629));
#926 = ( GEOMETRIC_REPRESENTATION_CONTEXT(2) 
PARAMETRIC_REPRESENTATION_CONTEXT() REPRESENTATION_CONTEXT('2D SPACE',''
  ) );
#927 = PCURVE('',#247,#928);
#928 = DEFINITIONAL_REPRESENTATION('',(#929),#932);
#929 = B_SPLINE_CURVE_WITH_KNOTS('',1,(#930,#931),.UNSPECIFIED.,.F.,.F.,
  (2,2),(64.35659534088,81.965577064596),.PIECEWISE_BEZIER_KNOTS.);
#930 = CARTESIAN_POINT('',(10.973121465188,-18.77195856283));
#931 = CARTESIAN_POINT('',(7.105427357601E-15,-5.));
#932 = ( GEOMETRIC_REPRESENTATION_CONTEXT(2) 
PARAMETRIC_REPRESENTATION_CONTEXT() REPRESENTATION_CONTEXT('2D SPACE',''
  ) );
#933 = ORIENTED_EDGE('',*,*,#934,.T.);
#934 = EDGE_CURVE('',#914,#935,#937,.T.);
#935 = VERTEX_POINT('',#936);
#936 = CARTESIAN_POINT('',(188.21546759131,8.385779029374,
    490.44942641713));
#937 = SURFACE_CURVE('',#938,(#942,#949),.PCURVE_S1.);
#938 = LINE('',#939,#940);
#939 = CARTESIAN_POINT('',(176.26790663623,7.217526895175,
    489.55093432119));
#940 = VECTOR('',#941,1.);
#941 = DIRECTION('',(0.992477375966,9.704606797783E-02,
    7.463724864476E-02));
#942 = PCURVE('',#81,#943);
#943 = DEFINITIONAL_REPRESENTATION('',(#944),#948);
#944 = LINE('',#945,#946);
#945 = CARTESIAN_POINT('',(129.66492032248,-176.2679066362));
#946 = VECTOR('',#947,1.);
#947 = DIRECTION('',(-0.122428175659,-0.992477375966));
#948 = ( GEOMETRIC_REPRESENTATION_CONTEXT(2) 
PARAMETRIC_REPRESENTATION_CONTEXT() REPRESENTATION_CONTEXT('2D SPACE',''
  ) );
#949 = PCURVE('',#950,#955);
#950 = B_SPLINE_SURFACE_WITH_KNOTS('',1,1,(
    (#951,#952)
    ,(#953,#954
    )),.UNSPECIFIED.,.F.,.F.,.F.,(2,2),(2,2),(0.,12.0381191999),(0.,1.),
  .PIECEWISE_BEZIER_KNOTS.);
#951 = CARTESIAN_POINT('',(175.94862713505,7.401718124007,
    489.68318422077));
#952 = CARTESIAN_POINT('',(176.26790663623,7.217526895175,
    489.55093432119));
#953 = CARTESIAN_POINT('',(187.89306903313,8.538864512378,
    490.55886598076));
#954 = CARTESIAN_POINT('',(188.21546759131,8.385779029374,
    490.44942641713));
#955 = DEFINITIONAL_REPRESENTATION('',(#956),#960);
#956 = LINE('',#957,#958);
#957 = CARTESIAN_POINT('',(0.,1.));
#958 = VECTOR('',#959,1.);
#959 = DIRECTION('',(1.,0.));
#960 = ( GEOMETRIC_REPRESENTATION_CONTEXT(2) 
PARAMETRIC_REPRESENTATION_CONTEXT() REPRESENTATION_CONTEXT('2D SPACE',''
  ) );
#961 = ORIENTED_EDGE('',*,*,#962,.T.);
#962 = EDGE_CURVE('',#935,#963,#965,.T.);
#963 = VERTEX_POINT('',#964);
#964 = CARTESIAN_POINT('',(188.13983186855,8.51237244475,490.54678826205
    ));
#965 = SURFACE_CURVE('',#966,(#970,#977),.PCURVE_S1.);
#966 = LINE('',#967,#968);
#967 = CARTESIAN_POINT('',(188.21546759131,8.385779029374,
    490.44942641713));
#968 = VECTOR('',#969,1.);
#969 = DIRECTION('',(-0.4280247609,0.716395829515,0.55097351979));
#970 = PCURVE('',#81,#971);
#971 = DEFINITIONAL_REPRESENTATION('',(#972),#976);
#972 = LINE('',#973,#974);
#973 = CARTESIAN_POINT('',(128.19111535047,-188.2154675913));
#974 = VECTOR('',#975,1.);
#975 = DIRECTION('',(-0.903767007617,0.4280247609));
#976 = ( GEOMETRIC_REPRESENTATION_CONTEXT(2) 
PARAMETRIC_REPRESENTATION_CONTEXT() REPRESENTATION_CONTEXT('2D SPACE',''
  ) );
#977 = PCURVE('',#978,#983);
#978 = B_SPLINE_SURFACE_WITH_KNOTS('',1,1,(
    (#979,#980)
    ,(#981,#982
    )),.UNSPECIFIED.,.F.,.F.,.F.,(2,2),(2,2),(0.,12.84557852437),(0.,1.)
  ,.PIECEWISE_BEZIER_KNOTS.);
#979 = CARTESIAN_POINT('',(187.89306903313,8.538864512378,
    490.55886598076));
#980 = CARTESIAN_POINT('',(188.21546759131,8.385779029374,
    490.44942641713));
#981 = CARTESIAN_POINT('',(182.33586615738,17.720354987507,
    497.61766307932));
#982 = CARTESIAN_POINT('',(182.72854997324,17.569371329529,
    497.51244376798));
#983 = DEFINITIONAL_REPRESENTATION('',(#984),#987);
#984 = B_SPLINE_CURVE_WITH_KNOTS('',1,(#985,#986),.UNSPECIFIED.,.F.,.F.,
  (2,2),(0.,12.819159355487),.PIECEWISE_BEZIER_KNOTS.);
#985 = CARTESIAN_POINT('',(0.,1.));
#986 = CARTESIAN_POINT('',(12.84557852437,1.));
#987 = ( GEOMETRIC_REPRESENTATION_CONTEXT(2) 
PARAMETRIC_REPRESENTATION_CONTEXT() REPRESENTATION_CONTEXT('2D SPACE',''
  ) );
#988 = ORIENTED_EDGE('',*,*,#989,.F.);
#989 = EDGE_CURVE('',#990,#963,#992,.T.);
#990 = VERTEX_POINT('',#991);
#991 = CARTESIAN_POINT('',(187.04480159839,13.771958562834,
    494.59188813105));
#992 = SURFACE_CURVE('',#993,(#997,#1003),.PCURVE_S1.);
#993 = LINE('',#994,#995);
#994 = CARTESIAN_POINT('',(176.56557867018,64.10515659699,
    533.30269316459));
#995 = VECTOR('',#996,1.);
#996 = DIRECTION('',(0.162830598367,-0.782098521023,-0.601504862532));
#997 = PCURVE('',#81,#998);
#998 = DEFINITIONAL_REPRESENTATION('',(#999),#1002);
#999 = B_SPLINE_CURVE_WITH_KNOTS('',1,(#1000,#1001),.UNSPECIFIED.,.F.,
  .F.,(2,2),(64.35659534088,81.965577064596),.PIECEWISE_BEZIER_KNOTS.);
#1000 = CARTESIAN_POINT('',(121.39619673301,-187.0448015983));
#1001 = CARTESIAN_POINT('',(138.77016970516,-189.912082629));
#1002 = ( GEOMETRIC_REPRESENTATION_CONTEXT(2) 
PARAMETRIC_REPRESENTATION_CONTEXT() REPRESENTATION_CONTEXT('2D SPACE',''
  ) );
#1003 = PCURVE('',#247,#1004);
#1004 = DEFINITIONAL_REPRESENTATION('',(#1005),#1008);
#1005 = B_SPLINE_CURVE_WITH_KNOTS('',1,(#1006,#1007),.UNSPECIFIED.,.F.,
  .F.,(2,2),(64.35659534088,81.965577064596),.PIECEWISE_BEZIER_KNOTS.);
#1006 = CARTESIAN_POINT('',(10.973121465188,-18.77195856283));
#1007 = CARTESIAN_POINT('',(7.105427357601E-15,-5.));
#1008 = ( GEOMETRIC_REPRESENTATION_CONTEXT(2) 
PARAMETRIC_REPRESENTATION_CONTEXT() REPRESENTATION_CONTEXT('2D SPACE',''
  ) );
#1009 = ORIENTED_EDGE('',*,*,#1010,.F.);
#1010 = EDGE_CURVE('',#1011,#990,#1013,.T.);
#1011 = VERTEX_POINT('',#1012);
#1012 = CARTESIAN_POINT('',(184.34335209207,18.19974395275,
    497.99725762184));
#1013 = SURFACE_CURVE('',#1014,(#1018,#1024),.PCURVE_S1.);
#1014 = LINE('',#1015,#1016);
#1015 = CARTESIAN_POINT('',(148.44263724005,77.042472768423,
    543.25266542007));
#1016 = VECTOR('',#1017,1.);
#1017 = DIRECTION('',(0.435379964568,-0.713605433553,-0.548827451624));
#1018 = PCURVE('',#81,#1019);
#1019 = DEFINITIONAL_REPRESENTATION('',(#1020),#1023);
#1020 = B_SPLINE_CURVE_WITH_KNOTS('',1,(#1021,#1022),.UNSPECIFIED.,.F.,
  .F.,(2,2),(82.458353102313,88.663162064975),.PIECEWISE_BEZIER_KNOTS.);
#1021 = CARTESIAN_POINT('',(115.81033736958,-184.343352092));
#1022 = CARTESIAN_POINT('',(121.39619673301,-187.0448015983));
#1023 = ( GEOMETRIC_REPRESENTATION_CONTEXT(2) 
PARAMETRIC_REPRESENTATION_CONTEXT() REPRESENTATION_CONTEXT('2D SPACE',''
  ) );
#1024 = PCURVE('',#1025,#1030);
#1025 = PLANE('',#1026);
#1026 = AXIS2_PLACEMENT_3D('',#1027,#1028,#1029);
#1027 = CARTESIAN_POINT('',(187.04480159839,-5.,494.59188813105));
#1028 = DIRECTION('',(0.783426077725,-0.,0.621484980302));
#1029 = DIRECTION('',(-0.621484980302,0.,0.783426077725));
#1030 = DEFINITIONAL_REPRESENTATION('',(#1031),#1034);
#1031 = B_SPLINE_CURVE_WITH_KNOTS('',1,(#1032,#1033),.UNSPECIFIED.,.F.,
  .F.,(2,2),(82.458353102313,88.663162064975),.PIECEWISE_BEZIER_KNOTS.);
#1032 = CARTESIAN_POINT('',(4.346765556593,-23.19974395275));
#1033 = CARTESIAN_POINT('',(-7.105427357601E-15,-18.77195856283));
#1034 = ( GEOMETRIC_REPRESENTATION_CONTEXT(2) 
PARAMETRIC_REPRESENTATION_CONTEXT() REPRESENTATION_CONTEXT('2D SPACE',''
  ) );
#1035 = ORIENTED_EDGE('',*,*,#1036,.F.);
#1036 = EDGE_CURVE('',#1037,#1011,#1039,.T.);
#1037 = VERTEX_POINT('',#1038);
#1038 = CARTESIAN_POINT('',(181.75344277697,22.288916156519,
    501.14220278946));
#1039 = SURFACE_CURVE('',#1040,(#1044,#1050),.PCURVE_S1.);
#1040 = LINE('',#1041,#1042);
#1041 = CARTESIAN_POINT('',(146.25628627052,78.334888443175,
    544.24665056629));
#1042 = VECTOR('',#1043,1.);
#1043 = DIRECTION('',(0.44867762208,-0.708410927736,-0.544832404423));
#1044 = PCURVE('',#81,#1045);
#1045 = DEFINITIONAL_REPRESENTATION('',(#1046),#1049);
#1046 = B_SPLINE_CURVE_WITH_KNOTS('',1,(#1047,#1048),.UNSPECIFIED.,.F.,
  .F.,(2,2),(79.115058918929,84.887375583829),.PIECEWISE_BEZIER_KNOTS.);
#1047 = CARTESIAN_POINT('',(110.65165445439,-181.7534427769));
#1048 = CARTESIAN_POINT('',(115.81033736958,-184.343352092));
#1049 = ( GEOMETRIC_REPRESENTATION_CONTEXT(2) 
PARAMETRIC_REPRESENTATION_CONTEXT() REPRESENTATION_CONTEXT('2D SPACE',''
  ) );
#1050 = PCURVE('',#1051,#1056);
#1051 = PLANE('',#1052);
#1052 = AXIS2_PLACEMENT_3D('',#1053,#1054,#1055);
#1053 = CARTESIAN_POINT('',(184.34335209207,-5.,497.99725762184));
#1054 = DIRECTION('',(0.771935719491,-0.,0.635700593813));
#1055 = DIRECTION('',(-0.635700593813,0.,0.771935719491));
#1056 = DEFINITIONAL_REPRESENTATION('',(#1057),#1060);
#1057 = B_SPLINE_CURVE_WITH_KNOTS('',1,(#1058,#1059),.UNSPECIFIED.,.F.,
  .F.,(2,2),(79.115058918929,84.887375583829),.PIECEWISE_BEZIER_KNOTS.);
#1058 = CARTESIAN_POINT('',(4.07410240026,-27.28891615651));
#1059 = CARTESIAN_POINT('',(0.,-23.19974395275));
#1060 = ( GEOMETRIC_REPRESENTATION_CONTEXT(2) 
PARAMETRIC_REPRESENTATION_CONTEXT() REPRESENTATION_CONTEXT('2D SPACE',''
  ) );
#1061 = ORIENTED_EDGE('',*,*,#1062,.F.);
#1062 = EDGE_CURVE('',#1063,#1037,#1065,.T.);
#1063 = VERTEX_POINT('',#1064);
#1064 = CARTESIAN_POINT('',(179.27564761104,26.068501900824,
    504.04904782554));
#1065 = SURFACE_CURVE('',#1066,(#1070,#1076),.PCURVE_S1.);
#1066 = LINE('',#1067,#1068);
#1067 = CARTESIAN_POINT('',(144.21866370919,79.543816735223,
    545.17642632545));
#1068 = VECTOR('',#1069,1.);
#1069 = DIRECTION('',(0.461113965051,-0.703375239714,-0.540959502544));
#1070 = PCURVE('',#81,#1071);
#1071 = DEFINITIONAL_REPRESENTATION('',(#1072),#1075);
#1072 = B_SPLINE_CURVE_WITH_KNOTS('',1,(#1073,#1074),.UNSPECIFIED.,.F.,
  .F.,(2,2),(76.026723454369,81.400221881526),.PIECEWISE_BEZIER_KNOTS.);
#1073 = CARTESIAN_POINT('',(105.88352940755,-179.275647611));
#1074 = CARTESIAN_POINT('',(110.65165445439,-181.7534427769));
#1075 = ( GEOMETRIC_REPRESENTATION_CONTEXT(2) 
PARAMETRIC_REPRESENTATION_CONTEXT() REPRESENTATION_CONTEXT('2D SPACE',''
  ) );
#1076 = PCURVE('',#1077,#1082);
#1077 = PLANE('',#1078);
#1078 = AXIS2_PLACEMENT_3D('',#1079,#1080,#1081);
#1079 = CARTESIAN_POINT('',(181.75344277697,-5.,501.14220278946));
#1080 = DIRECTION('',(0.76103720528,-0.,0.648708233476));
#1081 = DIRECTION('',(-0.648708233476,0.,0.76103720528));
#1082 = DEFINITIONAL_REPRESENTATION('',(#1083),#1086);
#1083 = B_SPLINE_CURVE_WITH_KNOTS('',1,(#1084,#1085),.UNSPECIFIED.,.F.,
  .F.,(2,2),(76.026723454369,81.400221881526),.PIECEWISE_BEZIER_KNOTS.);
#1084 = CARTESIAN_POINT('',(3.819583347448,-31.06850190082));
#1085 = CARTESIAN_POINT('',(-7.105427357601E-15,-27.28891615651));
#1086 = ( GEOMETRIC_REPRESENTATION_CONTEXT(2) 
PARAMETRIC_REPRESENTATION_CONTEXT() REPRESENTATION_CONTEXT('2D SPACE',''
  ) );
#1087 = ORIENTED_EDGE('',*,*,#1088,.F.);
#1088 = EDGE_CURVE('',#1089,#1063,#1091,.T.);
#1089 = VERTEX_POINT('',#1090);
#1090 = CARTESIAN_POINT('',(176.90846474051,29.566037698859,
    506.73897081203));
#1091 = SURFACE_CURVE('',#1092,(#1096,#1102),.PCURVE_S1.);
#1092 = LINE('',#1093,#1094);
#1093 = CARTESIAN_POINT('',(142.31647338482,80.676042590523,
    546.0472109378));
#1094 = VECTOR('',#1095,1.);
#1095 = DIRECTION('',(0.472756322073,-0.698502080591,-0.537211600163));
#1096 = PCURVE('',#81,#1097);
#1097 = DEFINITIONAL_REPRESENTATION('',(#1098),#1101);
#1098 = B_SPLINE_CURVE_WITH_KNOTS('',1,(#1099,#1100),.UNSPECIFIED.,.F.,
  .F.,(2,2),(73.170869939914,78.178064471213),.PIECEWISE_BEZIER_KNOTS.);
#1099 = CARTESIAN_POINT('',(101.47122362352,-176.9084647405));
#1100 = CARTESIAN_POINT('',(105.88352940755,-179.275647611));
#1101 = ( GEOMETRIC_REPRESENTATION_CONTEXT(2) 
PARAMETRIC_REPRESENTATION_CONTEXT() REPRESENTATION_CONTEXT('2D SPACE',''
  ) );
#1102 = PCURVE('',#1103,#1108);
#1103 = PLANE('',#1104);
#1104 = AXIS2_PLACEMENT_3D('',#1105,#1106,#1107);
#1105 = CARTESIAN_POINT('',(179.27564761104,-5.,504.04904782554));
#1106 = DIRECTION('',(0.750706507561,-0.,0.660635859991));
#1107 = DIRECTION('',(-0.660635859991,0.,0.750706507561));
#1108 = DEFINITIONAL_REPRESENTATION('',(#1109),#1112);
#1109 = B_SPLINE_CURVE_WITH_KNOTS('',1,(#1110,#1111),.UNSPECIFIED.,.F.,
  .F.,(2,2),(73.170869939914,78.178064471213),.PIECEWISE_BEZIER_KNOTS.);
#1110 = CARTESIAN_POINT('',(3.583188582217,-34.56603769885));
#1111 = CARTESIAN_POINT('',(0.,-31.06850190082));
#1112 = ( GEOMETRIC_REPRESENTATION_CONTEXT(2) 
PARAMETRIC_REPRESENTATION_CONTEXT() REPRESENTATION_CONTEXT('2D SPACE',''
  ) );
#1113 = ORIENTED_EDGE('',*,*,#1114,.F.);
#1114 = EDGE_CURVE('',#1115,#1089,#1117,.T.);
#1115 = VERTEX_POINT('',#1116);
#1116 = CARTESIAN_POINT('',(174.64879740659,32.807311231035,
    509.2318048195));
#1117 = SURFACE_CURVE('',#1118,(#1122,#1128),.PCURVE_S1.);
#1118 = LINE('',#1119,#1120);
#1119 = CARTESIAN_POINT('',(140.53655296497,81.738015929044,
    546.86396497815));
#1120 = VECTOR('',#1121,1.);
#1121 = DIRECTION('',(0.483677317455,-0.693788180078,-0.533586182133));
#1122 = PCURVE('',#81,#1123);
#1123 = DEFINITIONAL_REPRESENTATION('',(#1124),#1127);
#1124 = B_SPLINE_CURVE_WITH_KNOTS('',1,(#1125,#1126),.UNSPECIFIED.,.F.,
  .F.,(2,2),(70.526864110741,75.198712990916),.PIECEWISE_BEZIER_KNOTS.);
#1125 = CARTESIAN_POINT('',(97.38220473152,-174.6487974065));
#1126 = CARTESIAN_POINT('',(101.47122362352,-176.9084647405));
#1127 = ( GEOMETRIC_REPRESENTATION_CONTEXT(2) 
PARAMETRIC_REPRESENTATION_CONTEXT() REPRESENTATION_CONTEXT('2D SPACE',''
  ) );
#1128 = PCURVE('',#1129,#1134);
#1129 = PLANE('',#1130);
#1130 = AXIS2_PLACEMENT_3D('',#1131,#1132,#1133);
#1131 = CARTESIAN_POINT('',(176.90846474051,-5.,506.73897081203));
#1132 = DIRECTION('',(0.740907600926,-0.,0.671606973527));
#1133 = DIRECTION('',(-0.671606973527,0.,0.740907600926));
#1134 = DEFINITIONAL_REPRESENTATION('',(#1135),#1138);
#1135 = B_SPLINE_CURVE_WITH_KNOTS('',1,(#1136,#1137),.UNSPECIFIED.,.F.,
  .F.,(2,2),(70.526864110741,75.198712990916),.PIECEWISE_BEZIER_KNOTS.);
#1136 = CARTESIAN_POINT('',(3.364568003296,-37.80731123103));
#1137 = CARTESIAN_POINT('',(-7.105427357601E-15,-34.56603769885));
#1138 = ( GEOMETRIC_REPRESENTATION_CONTEXT(2) 
PARAMETRIC_REPRESENTATION_CONTEXT() REPRESENTATION_CONTEXT('2D SPACE',''
  ) );
#1139 = ORIENTED_EDGE('',*,*,#1140,.F.);
#1140 = EDGE_CURVE('',#1141,#1115,#1143,.T.);
#1141 = VERTEX_POINT('',#1142);
#1142 = CARTESIAN_POINT('',(172.49234724433,35.816218720779,
    511.54592821616));
#1143 = SURFACE_CURVE('',#1144,(#1148,#1154),.PCURVE_S1.);
#1144 = LINE('',#1145,#1146);
#1145 = CARTESIAN_POINT('',(138.86553113634,82.735911377784,
    547.631437296));
#1146 = VECTOR('',#1147,1.);
#1147 = DIRECTION('',(0.493957663231,-0.689222008707,-0.530074381242));
#1148 = PCURVE('',#81,#1149);
#1149 = DEFINITIONAL_REPRESENTATION('',(#1150),#1153);
#1150 = B_SPLINE_CURVE_WITH_KNOTS('',1,(#1151,#1152),.UNSPECIFIED.,.F.,
  .F.,(2,2),(68.076312224884,72.441970099607),.PIECEWISE_BEZIER_KNOTS.);
#1151 = CARTESIAN_POINT('',(93.58632652262,-172.4923472443));
#1152 = CARTESIAN_POINT('',(97.38220473152,-174.6487974065));
#1153 = ( GEOMETRIC_REPRESENTATION_CONTEXT(2) 
PARAMETRIC_REPRESENTATION_CONTEXT() REPRESENTATION_CONTEXT('2D SPACE',''
  ) );
#1154 = PCURVE('',#1155,#1160);
#1155 = PLANE('',#1156);
#1156 = AXIS2_PLACEMENT_3D('',#1157,#1158,#1159);
#1157 = CARTESIAN_POINT('',(174.64879740659,-5.,509.2318048195));
#1158 = DIRECTION('',(0.731590945524,-0.,0.681743858372));
#1159 = DIRECTION('',(-0.681743858372,0.,0.731590945524));
#1160 = DEFINITIONAL_REPRESENTATION('',(#1161),#1164);
#1161 = B_SPLINE_CURVE_WITH_KNOTS('',1,(#1162,#1163),.UNSPECIFIED.,.F.,
  .F.,(2,2),(68.076312224884,72.441970099607),.PIECEWISE_BEZIER_KNOTS.);
#1162 = CARTESIAN_POINT('',(3.163138377828,-40.81621872077));
#1163 = CARTESIAN_POINT('',(-7.105427357601E-15,-37.80731123103));
#1164 = ( GEOMETRIC_REPRESENTATION_CONTEXT(2) 
PARAMETRIC_REPRESENTATION_CONTEXT() REPRESENTATION_CONTEXT('2D SPACE',''
  ) );
#1165 = ORIENTED_EDGE('',*,*,#1166,.F.);
#1166 = EDGE_CURVE('',#1167,#1141,#1169,.T.);
#1167 = VERTEX_POINT('',#1168);
#1168 = CARTESIAN_POINT('',(170.43393952169,38.614705412593,
    513.69821889004));
#1169 = SURFACE_CURVE('',#1170,(#1174,#1180),.PCURVE_S1.);
#1170 = LINE('',#1171,#1172);
#1171 = CARTESIAN_POINT('',(137.28965813868,83.675666533166,
    548.35419444278));
#1172 = VECTOR('',#1173,1.);
#1173 = DIRECTION('',(0.503687457313,-0.684783014862,-0.52666039143));
#1174 = PCURVE('',#81,#1175);
#1175 = DEFINITIONAL_REPRESENTATION('',(#1176),#1179);
#1176 = B_SPLINE_CURVE_WITH_KNOTS('',1,(#1177,#1178),.UNSPECIFIED.,.F.,
  .F.,(2,2),(65.80326927302,69.889945827603),.PIECEWISE_BEZIER_KNOTS.);
#1177 = CARTESIAN_POINT('',(90.055904039523,-170.4339395216));
#1178 = CARTESIAN_POINT('',(93.58632652262,-172.4923472443));
#1179 = ( GEOMETRIC_REPRESENTATION_CONTEXT(2) 
PARAMETRIC_REPRESENTATION_CONTEXT() REPRESENTATION_CONTEXT('2D SPACE',''
  ) );
#1180 = PCURVE('',#1181,#1186);
#1181 = PLANE('',#1182);
#1182 = AXIS2_PLACEMENT_3D('',#1183,#1184,#1185);
#1183 = CARTESIAN_POINT('',(172.49234724433,-5.,511.54592821616));
#1184 = DIRECTION('',(0.722693026924,-0.,0.691169146327));
#1185 = DIRECTION('',(-0.691169146327,0.,0.722693026924));
#1186 = DEFINITIONAL_REPRESENTATION('',(#1187),#1190);
#1187 = B_SPLINE_CURVE_WITH_KNOTS('',1,(#1188,#1189),.UNSPECIFIED.,.F.,
  .F.,(2,2),(65.80326927302,69.889945827603),.PIECEWISE_BEZIER_KNOTS.);
#1188 = CARTESIAN_POINT('',(2.978153370381,-43.61470541259));
#1189 = CARTESIAN_POINT('',(7.105427357601E-15,-40.81621872077));
#1190 = ( GEOMETRIC_REPRESENTATION_CONTEXT(2) 
PARAMETRIC_REPRESENTATION_CONTEXT() REPRESENTATION_CONTEXT('2D SPACE',''
  ) );
#1191 = ORIENTED_EDGE('',*,*,#1192,.F.);
#1192 = EDGE_CURVE('',#1193,#1167,#1195,.T.);
#1193 = VERTEX_POINT('',#1194);
#1194 = CARTESIAN_POINT('',(168.46779613851,41.222765609706,
    515.70405427801));
#1195 = SURFACE_CURVE('',#1196,(#1200,#1206),.PCURVE_S1.);
#1196 = LINE('',#1197,#1198);
#1197 = CARTESIAN_POINT('',(135.79481325161,84.562995481569,
    549.03663107037));
#1198 = VECTOR('',#1199,1.);
#1199 = DIRECTION('',(0.512965812529,-0.680441584056,-0.523321436465));
#1200 = PCURVE('',#81,#1201);
#1201 = DEFINITIONAL_REPRESENTATION('',(#1202),#1205);
#1202 = B_SPLINE_CURVE_WITH_KNOTS('',1,(#1203,#1204),.UNSPECIFIED.,.F.,
  .F.,(2,2),(63.694269849745,67.527163456225),.PIECEWISE_BEZIER_KNOTS.);
#1203 = CARTESIAN_POINT('',(86.765713529027,-168.4677961385));
#1204 = CARTESIAN_POINT('',(90.055904039523,-170.4339395216));
#1205 = ( GEOMETRIC_REPRESENTATION_CONTEXT(2) 
PARAMETRIC_REPRESENTATION_CONTEXT() REPRESENTATION_CONTEXT('2D SPACE',''
  ) );
#1206 = PCURVE('',#1207,#1212);
#1207 = PLANE('',#1208);
#1208 = AXIS2_PLACEMENT_3D('',#1209,#1210,#1211);
#1209 = CARTESIAN_POINT('',(170.43393952169,-5.,513.69821889004));
#1210 = DIRECTION('',(0.714137246937,-0.,0.700005708932));
#1211 = DIRECTION('',(-0.700005708932,0.,0.714137246937));
#1212 = DEFINITIONAL_REPRESENTATION('',(#1213),#1216);
#1213 = B_SPLINE_CURVE_WITH_KNOTS('',1,(#1214,#1215),.UNSPECIFIED.,.F.,
  .F.,(2,2),(63.694269849745,67.527163456225),.PIECEWISE_BEZIER_KNOTS.);
#1214 = CARTESIAN_POINT('',(2.808753354575,-46.2227656097));
#1215 = CARTESIAN_POINT('',(0.,-43.61470541259));
#1216 = ( GEOMETRIC_REPRESENTATION_CONTEXT(2) 
PARAMETRIC_REPRESENTATION_CONTEXT() REPRESENTATION_CONTEXT('2D SPACE',''
  ) );
#1217 = ORIENTED_EDGE('',*,*,#1218,.F.);
#1218 = EDGE_CURVE('',#1219,#1193,#1221,.T.);
#1219 = VERTEX_POINT('',#1220);
#1220 = CARTESIAN_POINT('',(166.58816794487,43.657973331689,
    517.57695039873));
#1221 = SURFACE_CURVE('',#1222,(#1226,#1232),.PCURVE_S1.);
#1222 = LINE('',#1223,#1224);
#1223 = CARTESIAN_POINT('',(134.36676580756,85.403360830903,
    549.68294842085));
#1224 = VECTOR('',#1225,1.);
#1225 = DIRECTION('',(0.521897934396,-0.676160255646,-0.520028705706));
#1226 = PCURVE('',#81,#1227);
#1227 = DEFINITIONAL_REPRESENTATION('',(#1228),#1231);
#1228 = B_SPLINE_CURVE_WITH_KNOTS('',1,(#1229,#1230),.UNSPECIFIED.,.F.,
  .F.,(2,2),(61.738895699145,65.340420192267),.PIECEWISE_BEZIER_KNOTS.);
#1229 = CARTESIAN_POINT('',(83.693584539509,-166.5881679448));
#1230 = CARTESIAN_POINT('',(86.765713529027,-168.4677961385));
#1231 = ( GEOMETRIC_REPRESENTATION_CONTEXT(2) 
PARAMETRIC_REPRESENTATION_CONTEXT() REPRESENTATION_CONTEXT('2D SPACE',''
  ) );
#1232 = PCURVE('',#1233,#1238);
#1233 = PLANE('',#1234);
#1234 = AXIS2_PLACEMENT_3D('',#1235,#1236,#1237);
#1235 = CARTESIAN_POINT('',(168.46779613851,-5.,515.70405427801));
#1236 = DIRECTION('',(0.705837087415,-0.,0.708374199156));
#1237 = DIRECTION('',(-0.708374199156,0.,0.705837087415));
#1238 = DEFINITIONAL_REPRESENTATION('',(#1239),#1242);
#1239 = B_SPLINE_CURVE_WITH_KNOTS('',1,(#1240,#1241),.UNSPECIFIED.,.F.,
  .F.,(2,2),(61.738895699145,65.340420192267),.PIECEWISE_BEZIER_KNOTS.);
#1240 = CARTESIAN_POINT('',(2.653439659263,-48.65797333168));
#1241 = CARTESIAN_POINT('',(0.,-46.2227656097));
#1242 = ( GEOMETRIC_REPRESENTATION_CONTEXT(2) 
PARAMETRIC_REPRESENTATION_CONTEXT() REPRESENTATION_CONTEXT('2D SPACE',''
  ) );
#1243 = ORIENTED_EDGE('',*,*,#1244,.F.);
#1244 = EDGE_CURVE('',#1245,#1219,#1247,.T.);
#1245 = VERTEX_POINT('',#1246);
#1246 = CARTESIAN_POINT('',(164.79249152985,45.936239409284,
    519.3291441275));
#1247 = SURFACE_CURVE('',#1248,(#1252,#1258),.PCURVE_S1.);
#1248 = LINE('',#1249,#1250);
#1249 = CARTESIAN_POINT('',(133.06485727205,86.190704104329,
    550.28848697478));
#1250 = VECTOR('',#1251,1.);
#1251 = DIRECTION('',(0.52985869399,-0.672258697805,-0.517028053039));
#1252 = PCURVE('',#81,#1253);
#1253 = DEFINITIONAL_REPRESENTATION('',(#1254),#1257);
#1254 = B_SPLINE_CURVE_WITH_KNOTS('',1,(#1255,#1256),.UNSPECIFIED.,.F.,
  .F.,(2,2),(59.879425623641,63.268397882438),.PIECEWISE_BEZIER_KNOTS.);
#1255 = CARTESIAN_POINT('',(80.819444810223,-164.7924915298));
#1256 = CARTESIAN_POINT('',(83.693584539509,-166.5881679448));
#1257 = ( GEOMETRIC_REPRESENTATION_CONTEXT(2) 
PARAMETRIC_REPRESENTATION_CONTEXT() REPRESENTATION_CONTEXT('2D SPACE',''
  ) );
#1258 = PCURVE('',#1259,#1264);
#1259 = PLANE('',#1260);
#1260 = AXIS2_PLACEMENT_3D('',#1261,#1262,#1263);
#1261 = CARTESIAN_POINT('',(166.58816794487,-5.,517.57695039873));
#1262 = DIRECTION('',(0.69838803224,-0.,0.715719327966));
#1263 = DIRECTION('',(-0.715719327966,0.,0.69838803224));
#1264 = DEFINITIONAL_REPRESENTATION('',(#1265),#1268);
#1265 = B_SPLINE_CURVE_WITH_KNOTS('',1,(#1266,#1267),.UNSPECIFIED.,.F.,
  .F.,(2,2),(59.879425623641,63.268397882438),.PIECEWISE_BEZIER_KNOTS.);
#1266 = CARTESIAN_POINT('',(2.508911447336,-50.93623940928));
#1267 = CARTESIAN_POINT('',(0.,-48.65797333168));
#1268 = ( GEOMETRIC_REPRESENTATION_CONTEXT(2) 
PARAMETRIC_REPRESENTATION_CONTEXT() REPRESENTATION_CONTEXT('2D SPACE',''
  ) );
#1269 = ORIENTED_EDGE('',*,*,#1270,.F.);
#1270 = EDGE_CURVE('',#1271,#1245,#1273,.T.);
#1271 = VERTEX_POINT('',#1272);
#1272 = CARTESIAN_POINT('',(163.07615095058,48.073301591548,
    520.97273922404));
#1273 = SURFACE_CURVE('',#1274,(#1278,#1284),.PCURVE_S1.);
#1274 = LINE('',#1275,#1276);
#1275 = CARTESIAN_POINT('',(131.86833086981,86.931004363807,
    550.85784517434));
#1276 = VECTOR('',#1277,1.);
#1277 = DIRECTION('',(0.537031695773,-0.668672722402,-0.514270111956));
#1278 = PCURVE('',#81,#1279);
#1279 = DEFINITIONAL_REPRESENTATION('',(#1280),#1283);
#1280 = B_SPLINE_CURVE_WITH_KNOTS('',1,(#1281,#1282),.UNSPECIFIED.,.F.,
  .F.,(2,2),(58.111691221227,61.307667534704),.PIECEWISE_BEZIER_KNOTS.);
#1281 = CARTESIAN_POINT('',(78.123440431104,-163.0761509505));
#1282 = CARTESIAN_POINT('',(80.819444810223,-164.7924915298));
#1283 = ( GEOMETRIC_REPRESENTATION_CONTEXT(2) 
PARAMETRIC_REPRESENTATION_CONTEXT() REPRESENTATION_CONTEXT('2D SPACE',''
  ) );
#1284 = PCURVE('',#1285,#1290);
#1285 = PLANE('',#1286);
#1286 = AXIS2_PLACEMENT_3D('',#1287,#1288,#1289);
#1287 = CARTESIAN_POINT('',(164.79249152985,-5.,519.3291441275));
#1288 = DIRECTION('',(0.69163522793,-0.,0.722246987869));
#1289 = DIRECTION('',(-0.722246987869,0.,0.69163522793));
#1290 = DEFINITIONAL_REPRESENTATION('',(#1291),#1294);
#1291 = B_SPLINE_CURVE_WITH_KNOTS('',1,(#1292,#1293),.UNSPECIFIED.,.F.,
  .F.,(2,2),(58.111691221227,61.307667534704),.PIECEWISE_BEZIER_KNOTS.);
#1292 = CARTESIAN_POINT('',(2.37639008276,-53.07330159154));
#1293 = CARTESIAN_POINT('',(0.,-50.93623940928));
#1294 = ( GEOMETRIC_REPRESENTATION_CONTEXT(2) 
PARAMETRIC_REPRESENTATION_CONTEXT() REPRESENTATION_CONTEXT('2D SPACE',''
  ) );
#1295 = ORIENTED_EDGE('',*,*,#1296,.F.);
#1296 = EDGE_CURVE('',#1297,#1271,#1299,.T.);
#1297 = VERTEX_POINT('',#1298);
#1298 = CARTESIAN_POINT('',(161.43098977519,50.083154077891,
    522.5184984999));
#1299 = SURFACE_CURVE('',#1300,(#1304,#1310),.PCURVE_S1.);
#1300 = LINE('',#1301,#1302);
#1301 = CARTESIAN_POINT('',(130.68765816282,87.641517601246,
    551.40429444604));
#1302 = VECTOR('',#1303,1.);
#1303 = DIRECTION('',(0.544306923599,-0.664966229508,-0.511419481967));
#1304 = PCURVE('',#81,#1305);
#1305 = DEFINITIONAL_REPRESENTATION('',(#1306),#1309);
#1306 = B_SPLINE_CURVE_WITH_KNOTS('',1,(#1307,#1308),.UNSPECIFIED.,.F.,
  .F.,(2,2),(56.481610428733,59.504098484749),.PIECEWISE_BEZIER_KNOTS.);
#1307 = CARTESIAN_POINT('',(75.587917061902,-161.4309897751));
#1308 = CARTESIAN_POINT('',(78.123440431104,-163.0761509505));
#1309 = ( GEOMETRIC_REPRESENTATION_CONTEXT(2) 
PARAMETRIC_REPRESENTATION_CONTEXT() REPRESENTATION_CONTEXT('2D SPACE',''
  ) );
#1310 = PCURVE('',#1311,#1316);
#1311 = PLANE('',#1312);
#1312 = AXIS2_PLACEMENT_3D('',#1313,#1314,#1315);
#1313 = CARTESIAN_POINT('',(163.07615095058,-5.,520.97273922404));
#1314 = DIRECTION('',(0.684747193506,-0.,0.728780680991));
#1315 = DIRECTION('',(-0.728780680991,0.,0.684747193506));
#1316 = DEFINITIONAL_REPRESENTATION('',(#1317),#1320);
#1317 = B_SPLINE_CURVE_WITH_KNOTS('',1,(#1318,#1319),.UNSPECIFIED.,.F.,
  .F.,(2,2),(56.481610428733,59.504098484749),.PIECEWISE_BEZIER_KNOTS.);
#1318 = CARTESIAN_POINT('',(2.257416007718,-55.08315407789));
#1319 = CARTESIAN_POINT('',(0.,-53.07330159154));
#1320 = ( GEOMETRIC_REPRESENTATION_CONTEXT(2) 
PARAMETRIC_REPRESENTATION_CONTEXT() REPRESENTATION_CONTEXT('2D SPACE',''
  ) );
#1321 = ORIENTED_EDGE('',*,*,#1322,.F.);
#1322 = EDGE_CURVE('',#1323,#1297,#1325,.T.);
#1323 = VERTEX_POINT('',#1324);
#1324 = CARTESIAN_POINT('',(159.84986879889,51.977527367025,
    523.975443775));
#1325 = SURFACE_CURVE('',#1326,(#1330,#1336),.PCURVE_S1.);
#1326 = LINE('',#1327,#1328);
#1327 = CARTESIAN_POINT('',(129.51149329936,88.326553813091,
    551.93114956897));
#1328 = VECTOR('',#1329,1.);
#1329 = DIRECTION('',(0.551771905817,-0.66108917391,-0.508437673752));
#1330 = PCURVE('',#81,#1331);
#1331 = DEFINITIONAL_REPRESENTATION('',(#1332),#1335);
#1332 = B_SPLINE_CURVE_WITH_KNOTS('',1,(#1333,#1334),.UNSPECIFIED.,.F.,
  .F.,(2,2),(54.983545156407,57.849078830073),.PIECEWISE_BEZIER_KNOTS.);
#1333 = CARTESIAN_POINT('',(73.198076127193,-159.8498687988));
#1334 = CARTESIAN_POINT('',(75.587917061902,-161.4309897751));
#1335 = ( GEOMETRIC_REPRESENTATION_CONTEXT(2) 
PARAMETRIC_REPRESENTATION_CONTEXT() REPRESENTATION_CONTEXT('2D SPACE',''
  ) );
#1336 = PCURVE('',#1337,#1342);
#1337 = PLANE('',#1338);
#1338 = AXIS2_PLACEMENT_3D('',#1339,#1340,#1341);
#1339 = CARTESIAN_POINT('',(161.43098977519,-5.,522.5184984999));
#1340 = DIRECTION('',(0.677639211014,-0.,0.735394519762));
#1341 = DIRECTION('',(-0.735394519762,0.,0.677639211014));
#1342 = DEFINITIONAL_REPRESENTATION('',(#1343),#1346);
#1343 = B_SPLINE_CURVE_WITH_KNOTS('',1,(#1344,#1345),.UNSPECIFIED.,.F.,
  .F.,(2,2),(54.983545156407,57.849078830073),.PIECEWISE_BEZIER_KNOTS.);
#1344 = CARTESIAN_POINT('',(2.150030947761,-56.97752736702));
#1345 = CARTESIAN_POINT('',(-1.42108547152E-14,-55.08315407789));
#1346 = ( GEOMETRIC_REPRESENTATION_CONTEXT(2) 
PARAMETRIC_REPRESENTATION_CONTEXT() REPRESENTATION_CONTEXT('2D SPACE',''
  ) );
#1347 = ORIENTED_EDGE('',*,*,#1348,.F.);
#1348 = EDGE_CURVE('',#1349,#1323,#1351,.T.);
#1349 = VERTEX_POINT('',#1350);
#1350 = CARTESIAN_POINT('',(158.32624264609,53.766661632853,
    525.35145067399));
#1351 = SURFACE_CURVE('',#1352,(#1356,#1362),.PCURVE_S1.);
#1352 = LINE('',#1353,#1354);
#1353 = CARTESIAN_POINT('',(128.33040827968,88.989590169711,
    552.44108480325));
#1354 = VECTOR('',#1355,1.);
#1355 = DIRECTION('',(0.559497881279,-0.656996356497,-0.505289925087));
#1356 = PCURVE('',#81,#1357);
#1357 = DEFINITIONAL_REPRESENTATION('',(#1358),#1361);
#1358 = B_SPLINE_CURVE_WITH_KNOTS('',1,(#1359,#1360),.UNSPECIFIED.,.F.,
  .F.,(2,2),(53.612060688865,56.335263410063),.PIECEWISE_BEZIER_KNOTS.);
#1359 = CARTESIAN_POINT('',(70.940999166335,-158.326242646));
#1360 = CARTESIAN_POINT('',(73.198076127193,-159.8498687988));
#1361 = ( GEOMETRIC_REPRESENTATION_CONTEXT(2) 
PARAMETRIC_REPRESENTATION_CONTEXT() REPRESENTATION_CONTEXT('2D SPACE',''
  ) );
#1362 = PCURVE('',#1363,#1368);
#1363 = PLANE('',#1364);
#1364 = AXIS2_PLACEMENT_3D('',#1365,#1366,#1367);
#1365 = CARTESIAN_POINT('',(159.84986879889,-5.,523.975443775));
#1366 = DIRECTION('',(0.67024023548,-0.,0.74214420886));
#1367 = DIRECTION('',(-0.74214420886,0.,0.67024023548));
#1368 = DEFINITIONAL_REPRESENTATION('',(#1369),#1372);
#1369 = B_SPLINE_CURVE_WITH_KNOTS('',1,(#1370,#1371),.UNSPECIFIED.,.F.,
  .F.,(2,2),(53.612060688865,56.335263410063),.PIECEWISE_BEZIER_KNOTS.);
#1370 = CARTESIAN_POINT('',(2.053005513772,-58.76666163285));
#1371 = CARTESIAN_POINT('',(-7.105427357601E-15,-56.97752736702));
#1372 = ( GEOMETRIC_REPRESENTATION_CONTEXT(2) 
PARAMETRIC_REPRESENTATION_CONTEXT() REPRESENTATION_CONTEXT('2D SPACE',''
  ) );
#1373 = ORIENTED_EDGE('',*,*,#1374,.F.);
#1374 = EDGE_CURVE('',#1375,#1349,#1377,.T.);
#1375 = VERTEX_POINT('',#1376);
#1376 = CARTESIAN_POINT('',(156.85417425795,55.459490338598,
    526.65338984223));
#1377 = SURFACE_CURVE('',#1378,(#1382,#1388),.PCURVE_S1.);
#1378 = LINE('',#1379,#1380);
#1379 = CARTESIAN_POINT('',(127.13687366561,89.633377846259,
    552.93621605266));
#1380 = VECTOR('',#1381,1.);
#1381 = DIRECTION('',(0.567537651981,-0.652649045794,-0.501946447947));
#1382 = PCURVE('',#81,#1383);
#1383 = DEFINITIONAL_REPRESENTATION('',(#1384),#1387);
#1384 = B_SPLINE_CURVE_WITH_KNOTS('',1,(#1385,#1386),.UNSPECIFIED.,.F.,
  .F.,(2,2),(52.361813332712,54.955594349712),.PIECEWISE_BEZIER_KNOTS.);
#1385 = CARTESIAN_POINT('',(68.805416195626,-156.8541742579));
#1386 = CARTESIAN_POINT('',(70.940999166335,-158.326242646));
#1387 = ( GEOMETRIC_REPRESENTATION_CONTEXT(2) 
PARAMETRIC_REPRESENTATION_CONTEXT() REPRESENTATION_CONTEXT('2D SPACE',''
  ) );
#1388 = PCURVE('',#1389,#1394);
#1389 = PLANE('',#1390);
#1390 = AXIS2_PLACEMENT_3D('',#1391,#1392,#1393);
#1391 = CARTESIAN_POINT('',(158.32624264609,-5.,525.35145067399));
#1392 = DIRECTION('',(0.662495325891,-0.,0.74906604727));
#1393 = DIRECTION('',(-0.74906604727,0.,0.662495325891));
#1394 = DEFINITIONAL_REPRESENTATION('',(#1395),#1398);
#1395 = B_SPLINE_CURVE_WITH_KNOTS('',1,(#1396,#1397),.UNSPECIFIED.,.F.,
  .F.,(2,2),(52.361813332712,54.955594349712),.PIECEWISE_BEZIER_KNOTS.);
#1396 = CARTESIAN_POINT('',(1.965205062367,-60.45949033859));
#1397 = CARTESIAN_POINT('',(-1.42108547152E-14,-58.76666163285));
#1398 = ( GEOMETRIC_REPRESENTATION_CONTEXT(2) 
PARAMETRIC_REPRESENTATION_CONTEXT() REPRESENTATION_CONTEXT('2D SPACE',''
  ) );
#1399 = ORIENTED_EDGE('',*,*,#1400,.F.);
#1400 = EDGE_CURVE('',#1401,#1375,#1403,.T.);
#1401 = VERTEX_POINT('',#1402);
#1402 = CARTESIAN_POINT('',(155.42833304437,57.063813392688,
    527.88726011837));
#1403 = SURFACE_CURVE('',#1404,(#1408,#1414),.PCURVE_S1.);
#1404 = LINE('',#1405,#1406);
#1405 = CARTESIAN_POINT('',(125.92531343057,90.259918317318,
    553.41808263313));
#1406 = VECTOR('',#1407,1.);
#1407 = DIRECTION('',(0.575924186492,-0.648016371669,-0.498383500392));
#1408 = PCURVE('',#81,#1409);
#1409 = DEFINITIONAL_REPRESENTATION('',(#1410),#1413);
#1410 = B_SPLINE_CURVE_WITH_KNOTS('',1,(#1411,#1412),.UNSPECIFIED.,.F.,
  .F.,(2,2),(51.227262729719,53.703007362466),.PIECEWISE_BEZIER_KNOTS.);
#1411 = CARTESIAN_POINT('',(66.781487264008,-155.4283330443));
#1412 = CARTESIAN_POINT('',(68.805416195626,-156.8541742579));
#1413 = ( GEOMETRIC_REPRESENTATION_CONTEXT(2) 
PARAMETRIC_REPRESENTATION_CONTEXT() REPRESENTATION_CONTEXT('2D SPACE',''
  ) );
#1414 = PCURVE('',#1415,#1420);
#1415 = PLANE('',#1416);
#1416 = AXIS2_PLACEMENT_3D('',#1417,#1418,#1419);
#1417 = CARTESIAN_POINT('',(156.85417425795,-5.,526.65338984223));
#1418 = DIRECTION('',(0.654367412397,-0.,0.756176758168));
#1419 = DIRECTION('',(-0.756176758168,0.,0.654367412397));
#1420 = DEFINITIONAL_REPRESENTATION('',(#1421),#1424);
#1421 = B_SPLINE_CURVE_WITH_KNOTS('',1,(#1422,#1423),.UNSPECIFIED.,.F.,
  .F.,(2,2),(51.227262729719,53.703007362466),.PIECEWISE_BEZIER_KNOTS.);
#1422 = CARTESIAN_POINT('',(1.885592486379,-62.06381339268));
#1423 = CARTESIAN_POINT('',(0.,-60.45949033859));
#1424 = ( GEOMETRIC_REPRESENTATION_CONTEXT(2) 
PARAMETRIC_REPRESENTATION_CONTEXT() REPRESENTATION_CONTEXT('2D SPACE',''
  ) );
#1425 = ORIENTED_EDGE('',*,*,#1426,.F.);
#1426 = EDGE_CURVE('',#1427,#1401,#1429,.T.);
#1427 = VERTEX_POINT('',#1428);
#1428 = CARTESIAN_POINT('',(154.0439771967,58.586457842856,
    529.05831212277));
#1429 = SURFACE_CURVE('',#1430,(#1434,#1440),.PCURVE_S1.);
#1430 = LINE('',#1431,#1432);
#1431 = CARTESIAN_POINT('',(124.69202486145,90.870489004445,
    553.88766699796));
#1432 = VECTOR('',#1433,1.);
#1433 = DIRECTION('',(0.584670939427,-0.643075956656,-0.494583872119));
#1434 = PCURVE('',#81,#1435);
#1435 = DEFINITIONAL_REPRESENTATION('',(#1436),#1439);
#1436 = B_SPLINE_CURVE_WITH_KNOTS('',1,(#1437,#1438),.UNSPECIFIED.,.F.,
  .F.,(2,2),(50.202516246213,52.5702683514),.PIECEWISE_BEZIER_KNOTS.);
#1437 = CARTESIAN_POINT('',(64.860599729913,-154.0439771967));
#1438 = CARTESIAN_POINT('',(66.781487264008,-155.4283330443));
#1439 = ( GEOMETRIC_REPRESENTATION_CONTEXT(2) 
PARAMETRIC_REPRESENTATION_CONTEXT() REPRESENTATION_CONTEXT('2D SPACE',''
  ) );
#1440 = PCURVE('',#1441,#1446);
#1441 = PLANE('',#1442);
#1442 = AXIS2_PLACEMENT_3D('',#1443,#1444,#1445);
#1443 = CARTESIAN_POINT('',(155.42833304437,-5.,527.88726011837));
#1444 = DIRECTION('',(0.645837454819,-0.,0.763474938654));
#1445 = DIRECTION('',(-0.763474938654,0.,0.645837454819));
#1446 = DEFINITIONAL_REPRESENTATION('',(#1447),#1450);
#1447 = B_SPLINE_CURVE_WITH_KNOTS('',1,(#1448,#1449),.UNSPECIFIED.,.F.,
  .F.,(2,2),(50.202516246213,52.5702683514),.PIECEWISE_BEZIER_KNOTS.);
#1448 = CARTESIAN_POINT('',(1.813230241858,-63.58645784285));
#1449 = CARTESIAN_POINT('',(0.,-62.06381339268));
#1450 = ( GEOMETRIC_REPRESENTATION_CONTEXT(2) 
PARAMETRIC_REPRESENTATION_CONTEXT() REPRESENTATION_CONTEXT('2D SPACE',''
  ) );
#1451 = ORIENTED_EDGE('',*,*,#1452,.F.);
#1452 = EDGE_CURVE('',#1453,#1427,#1455,.T.);
#1453 = VERTEX_POINT('',#1454);
#1454 = CARTESIAN_POINT('',(152.69692204286,60.033424099248,
    530.17116071633));
#1455 = SURFACE_CURVE('',#1456,(#1460,#1466),.PCURVE_S1.);
#1456 = LINE('',#1457,#1458);
#1457 = CARTESIAN_POINT('',(123.43498995271,91.46571416573,
    554.34544925837));
#1458 = VECTOR('',#1459,1.);
#1459 = DIRECTION('',(0.593773637409,-0.637813837697,-0.490536824265));
#1460 = PCURVE('',#81,#1461);
#1461 = DEFINITIONAL_REPRESENTATION('',(#1462),#1465);
#1462 = B_SPLINE_CURVE_WITH_KNOTS('',1,(#1463,#1464),.UNSPECIFIED.,.F.,
  .F.,(2,2),(49.281292139976,51.549926294444),.PIECEWISE_BEZIER_KNOTS.);
#1463 = CARTESIAN_POINT('',(63.035183793939,-152.6969220428));
#1464 = CARTESIAN_POINT('',(64.860599729913,-154.0439771967));
#1465 = ( GEOMETRIC_REPRESENTATION_CONTEXT(2) 
PARAMETRIC_REPRESENTATION_CONTEXT() REPRESENTATION_CONTEXT('2D SPACE',''
  ) );
#1466 = PCURVE('',#1467,#1472);
#1467 = PLANE('',#1468);
#1468 = AXIS2_PLACEMENT_3D('',#1469,#1470,#1471);
#1469 = CARTESIAN_POINT('',(154.0439771967,-5.,529.05831212277));
#1470 = DIRECTION('',(0.636903184379,-0.,0.770943794143));
#1471 = DIRECTION('',(-0.770943794143,0.,0.636903184379));
#1472 = DEFINITIONAL_REPRESENTATION('',(#1473),#1476);
#1473 = B_SPLINE_CURVE_WITH_KNOTS('',1,(#1474,#1475),.UNSPECIFIED.,.F.,
  .F.,(2,2),(49.281292139976,51.549926294444),.PIECEWISE_BEZIER_KNOTS.);
#1474 = CARTESIAN_POINT('',(1.747280624192,-65.03342409924));
#1475 = CARTESIAN_POINT('',(0.,-63.58645784285));
#1476 = ( GEOMETRIC_REPRESENTATION_CONTEXT(2) 
PARAMETRIC_REPRESENTATION_CONTEXT() REPRESENTATION_CONTEXT('2D SPACE',''
  ) );
#1477 = ORIENTED_EDGE('',*,*,#1478,.F.);
#1478 = EDGE_CURVE('',#1479,#1453,#1481,.T.);
#1479 = VERTEX_POINT('',#1480);
#1480 = CARTESIAN_POINT('',(151.38349729683,61.410016101124,
    531.2298851105));
#1481 = SURFACE_CURVE('',#1482,(#1486,#1492),.PCURVE_S1.);
#1482 = LINE('',#1483,#1484);
#1483 = CARTESIAN_POINT('',(122.15361232596,92.045669943165,
    554.79148797447));
#1484 = VECTOR('',#1485,1.);
#1485 = DIRECTION('',(0.603213137906,-0.632223797811,-0.486237575408));
#1486 = PCURVE('',#81,#1487);
#1487 = DEFINITIONAL_REPRESENTATION('',(#1488),#1491);
#1488 = B_SPLINE_CURVE_WITH_KNOTS('',1,(#1489,#1490),.UNSPECIFIED.,.F.,
  .F.,(2,2),(48.456976703663,50.634357572023),.PIECEWISE_BEZIER_KNOTS.);
#1489 = CARTESIAN_POINT('',(61.298548287438,-151.3834972968));
#1490 = CARTESIAN_POINT('',(63.035183793939,-152.6969220428));
#1491 = ( GEOMETRIC_REPRESENTATION_CONTEXT(2) 
PARAMETRIC_REPRESENTATION_CONTEXT() REPRESENTATION_CONTEXT('2D SPACE',''
  ) );
#1492 = PCURVE('',#1493,#1498);
#1493 = PLANE('',#1494);
#1494 = AXIS2_PLACEMENT_3D('',#1495,#1496,#1497);
#1495 = CARTESIAN_POINT('',(152.69692204286,-5.,530.17116071633));
#1496 = DIRECTION('',(0.627576759667,-0.,0.778554693471));
#1497 = DIRECTION('',(-0.778554693471,0.,0.627576759667));
#1498 = DEFINITIONAL_REPRESENTATION('',(#1499),#1502);
#1499 = B_SPLINE_CURVE_WITH_KNOTS('',1,(#1500,#1501),.UNSPECIFIED.,.F.,
  .F.,(2,2),(48.456976703663,50.634357572023),.PIECEWISE_BEZIER_KNOTS.);
#1500 = CARTESIAN_POINT('',(1.68700382521,-66.41001610112));
#1501 = CARTESIAN_POINT('',(-7.105427357601E-15,-65.03342409924));
#1502 = ( GEOMETRIC_REPRESENTATION_CONTEXT(2) 
PARAMETRIC_REPRESENTATION_CONTEXT() REPRESENTATION_CONTEXT('2D SPACE',''
  ) );
#1503 = ORIENTED_EDGE('',*,*,#1504,.F.);
#1504 = EDGE_CURVE('',#1505,#1479,#1507,.T.);
#1505 = VERTEX_POINT('',#1506);
#1506 = CARTESIAN_POINT('',(150.10049654143,62.720954536777,
    532.23811594373));
#1507 = SURFACE_CURVE('',#1508,(#1512,#1518),.PCURVE_S1.);
#1508 = LINE('',#1509,#1510);
#1509 = CARTESIAN_POINT('',(120.84841411377,92.610008783863,
    555.22551584649));
#1510 = VECTOR('',#1511,1.);
#1511 = DIRECTION('',(0.612958916765,-0.626306259041,-0.481686450135));
#1512 = PCURVE('',#81,#1513);
#1513 = DEFINITIONAL_REPRESENTATION('',(#1514),#1517);
#1514 = B_SPLINE_CURVE_WITH_KNOTS('',1,(#1515,#1516),.UNSPECIFIED.,.F.,
  .F.,(2,2),(47.722745566754,49.815872398441),.PIECEWISE_BEZIER_KNOTS.);
#1515 = CARTESIAN_POINT('',(59.644737840269,-150.1004965414));
#1516 = CARTESIAN_POINT('',(61.298548287438,-151.3834972968));
#1517 = ( GEOMETRIC_REPRESENTATION_CONTEXT(2) 
PARAMETRIC_REPRESENTATION_CONTEXT() REPRESENTATION_CONTEXT('2D SPACE',''
  ) );
#1518 = PCURVE('',#1519,#1524);
#1519 = PLANE('',#1520);
#1520 = AXIS2_PLACEMENT_3D('',#1521,#1522,#1523);
#1521 = CARTESIAN_POINT('',(151.38349729683,-5.,531.2298851105));
#1522 = DIRECTION('',(0.617881726098,-0.,0.786271055396));
#1523 = DIRECTION('',(-0.786271055396,0.,0.617881726098));
#1524 = DEFINITIONAL_REPRESENTATION('',(#1525),#1528);
#1525 = B_SPLINE_CURVE_WITH_KNOTS('',1,(#1526,#1527),.UNSPECIFIED.,.F.,
  .F.,(2,2),(47.722745566754,49.815872398441),.PIECEWISE_BEZIER_KNOTS.);
#1526 = CARTESIAN_POINT('',(1.631753765572,-67.72095453677));
#1527 = CARTESIAN_POINT('',(0.,-66.41001610112));
#1528 = ( GEOMETRIC_REPRESENTATION_CONTEXT(2) 
PARAMETRIC_REPRESENTATION_CONTEXT() REPRESENTATION_CONTEXT('2D SPACE',''
  ) );
#1529 = ORIENTED_EDGE('',*,*,#1530,.F.);
#1530 = EDGE_CURVE('',#1531,#1505,#1533,.T.);
#1531 = VERTEX_POINT('',#1532);
#1532 = CARTESIAN_POINT('',(148.84512232126,63.970473018443,
    533.19910924873));
#1533 = SURFACE_CURVE('',#1534,(#1538,#1544),.PCURVE_S1.);
#1534 = LINE('',#1535,#1536);
#1535 = CARTESIAN_POINT('',(119.52072252455,93.158088090534,
    555.64703865872));
#1536 = VECTOR('',#1537,1.);
#1537 = DIRECTION('',(0.622972768858,-0.620066889821,-0.47688780799));
#1538 = PCURVE('',#81,#1539);
#1539 = DEFINITIONAL_REPRESENTATION('',(#1540),#1543);
#1540 = B_SPLINE_CURVE_WITH_KNOTS('',1,(#1541,#1542),.UNSPECIFIED.,.F.,
  .F.,(2,2),(47.071720085736,49.086855069039),.PIECEWISE_BEZIER_KNOTS.);
#1541 = CARTESIAN_POINT('',(58.068411551628,-148.8451223212));
#1542 = CARTESIAN_POINT('',(59.644737840269,-150.1004965414));
#1543 = ( GEOMETRIC_REPRESENTATION_CONTEXT(2) 
PARAMETRIC_REPRESENTATION_CONTEXT() REPRESENTATION_CONTEXT('2D SPACE',''
  ) );
#1544 = PCURVE('',#1545,#1550);
#1545 = PLANE('',#1546);
#1546 = AXIS2_PLACEMENT_3D('',#1547,#1548,#1549);
#1547 = CARTESIAN_POINT('',(150.10049654143,-5.,532.23811594373));
#1548 = DIRECTION('',(0.607849655619,-0.,0.79405213693));
#1549 = DIRECTION('',(-0.79405213693,0.,0.607849655619));
#1550 = DEFINITIONAL_REPRESENTATION('',(#1551),#1554);
#1551 = B_SPLINE_CURVE_WITH_KNOTS('',1,(#1552,#1553),.UNSPECIFIED.,.F.,
  .F.,(2,2),(47.071720085736,49.086855069039),.PIECEWISE_BEZIER_KNOTS.);
#1552 = CARTESIAN_POINT('',(1.580972031664,-68.97047301844));
#1553 = CARTESIAN_POINT('',(0.,-67.72095453677));
#1554 = ( GEOMETRIC_REPRESENTATION_CONTEXT(2) 
PARAMETRIC_REPRESENTATION_CONTEXT() REPRESENTATION_CONTEXT('2D SPACE',''
  ) );
#1555 = ORIENTED_EDGE('',*,*,#1556,.F.);
#1556 = EDGE_CURVE('',#1557,#1531,#1559,.T.);
#1557 = VERTEX_POINT('',#1558);
#1558 = CARTESIAN_POINT('',(147.61492991444,65.162397854078,
    534.11580780413));
#1559 = SURFACE_CURVE('',#1560,(#1564,#1570),.PCURVE_S1.);
#1560 = LINE('',#1561,#1562);
#1561 = CARTESIAN_POINT('',(118.17236844348,93.689090140084,
    556.05542750773));
#1562 = VECTOR('',#1563,1.);
#1563 = DIRECTION('',(0.633212386594,-0.613515061244,-0.471848856193));
#1564 = PCURVE('',#81,#1565);
#1565 = DEFINITIONAL_REPRESENTATION('',(#1566),#1569);
#1566 = B_SPLINE_CURVE_WITH_KNOTS('',1,(#1567,#1568),.UNSPECIFIED.,.F.,
  .F.,(2,2),(46.497134443857,48.439914517125),.PIECEWISE_BEZIER_KNOTS.);
#1567 = CARTESIAN_POINT('',(56.564742354202,-147.6149299144));
#1568 = CARTESIAN_POINT('',(58.068411551628,-148.8451223212));
#1569 = ( GEOMETRIC_REPRESENTATION_CONTEXT(2) 
PARAMETRIC_REPRESENTATION_CONTEXT() REPRESENTATION_CONTEXT('2D SPACE',''
  ) );
#1570 = PCURVE('',#1571,#1576);
#1571 = PLANE('',#1572);
#1572 = AXIS2_PLACEMENT_3D('',#1573,#1574,#1575);
#1573 = CARTESIAN_POINT('',(148.84512232126,-5.,533.19910924873));
#1574 = DIRECTION('',(0.597516782266,-0.,0.801856405419));
#1575 = DIRECTION('',(-0.801856405419,0.,0.597516782266));
#1576 = DEFINITIONAL_REPRESENTATION('',(#1577),#1580);
#1577 = B_SPLINE_CURVE_WITH_KNOTS('',1,(#1578,#1579),.UNSPECIFIED.,.F.,
  .F.,(2,2),(46.497134443857,48.439914517125),.PIECEWISE_BEZIER_KNOTS.);
#1578 = CARTESIAN_POINT('',(1.53418043244,-70.16239785407));
#1579 = CARTESIAN_POINT('',(-7.105427357601E-15,-68.97047301844));
#1580 = ( GEOMETRIC_REPRESENTATION_CONTEXT(2) 
PARAMETRIC_REPRESENTATION_CONTEXT() REPRESENTATION_CONTEXT('2D SPACE',''
  ) );
#1581 = ORIENTED_EDGE('',*,*,#1582,.F.);
#1582 = EDGE_CURVE('',#1583,#1557,#1585,.T.);
#1583 = VERTEX_POINT('',#1584);
#1584 = CARTESIAN_POINT('',(146.40777232381,66.300212645898,
    534.99089081675));
#1585 = SURFACE_CURVE('',#1586,(#1590,#1596),.PCURVE_S1.);
#1586 = LINE('',#1587,#1588);
#1587 = CARTESIAN_POINT('',(116.80541157497,94.20212387453,
    556.44999708895));
#1588 = VECTOR('',#1589,1.);
#1589 = DIRECTION('',(0.643634583087,-0.606662257559,-0.466578427177));
#1590 = PCURVE('',#81,#1591);
#1591 = DEFINITIONAL_REPRESENTATION('',(#1592),#1595);
#1592 = B_SPLINE_CURVE_WITH_KNOTS('',1,(#1593,#1594),.UNSPECIFIED.,.F.,
  .F.,(2,2),(45.992495628273,47.868028146807),.PIECEWISE_BEZIER_KNOTS.);
#1593 = CARTESIAN_POINT('',(55.129335520075,-146.4077723238));
#1594 = CARTESIAN_POINT('',(56.564742354202,-147.6149299144));
#1595 = ( GEOMETRIC_REPRESENTATION_CONTEXT(2) 
PARAMETRIC_REPRESENTATION_CONTEXT() REPRESENTATION_CONTEXT('2D SPACE',''
  ) );
#1596 = PCURVE('',#1597,#1602);
#1597 = PLANE('',#1598);
#1598 = AXIS2_PLACEMENT_3D('',#1599,#1600,#1601);
#1599 = CARTESIAN_POINT('',(147.61492991444,-5.,534.11580780413));
#1600 = DIRECTION('',(0.586920864452,-0.,0.809644303921));
#1601 = DIRECTION('',(-0.809644303921,0.,0.586920864452));
#1602 = DEFINITIONAL_REPRESENTATION('',(#1603),#1606);
#1603 = B_SPLINE_CURVE_WITH_KNOTS('',1,(#1604,#1605),.UNSPECIFIED.,.F.,
  .F.,(2,2),(45.992495628273,47.868028146807),.PIECEWISE_BEZIER_KNOTS.);
#1604 = CARTESIAN_POINT('',(1.490972745423,-71.30021264589));
#1605 = CARTESIAN_POINT('',(0.,-70.16239785407));
#1606 = ( GEOMETRIC_REPRESENTATION_CONTEXT(2) 
PARAMETRIC_REPRESENTATION_CONTEXT() REPRESENTATION_CONTEXT('2D SPACE',''
  ) );
#1607 = ORIENTED_EDGE('',*,*,#1608,.F.);
#1608 = EDGE_CURVE('',#1609,#1583,#1611,.T.);
#1609 = VERTEX_POINT('',#1610);
#1610 = CARTESIAN_POINT('',(145.2217484066,67.387109335795,
    535.82681318007));
#1611 = SURFACE_CURVE('',#1612,(#1616,#1622),.PCURVE_S1.);
#1612 = LINE('',#1613,#1614);
#1613 = CARTESIAN_POINT('',(115.42189974136,94.696303023879,
    556.83006578018));
#1614 = VECTOR('',#1615,1.);
#1615 = DIRECTION('',(0.654198026437,-0.599520514853,-0.461085777787));
#1616 = PCURVE('',#81,#1617);
#1617 = DEFINITIONAL_REPRESENTATION('',(#1618),#1621);
#1618 = B_SPLINE_CURVE_WITH_KNOTS('',1,(#1619,#1620),.UNSPECIFIED.,.F.,
  .F.,(2,2),(45.551725106172,47.364668388294),.PIECEWISE_BEZIER_KNOTS.);
#1619 = CARTESIAN_POINT('',(53.75816426454,-145.2217484066));
#1620 = CARTESIAN_POINT('',(55.129335520075,-146.4077723238));
#1621 = ( GEOMETRIC_REPRESENTATION_CONTEXT(2) 
PARAMETRIC_REPRESENTATION_CONTEXT() REPRESENTATION_CONTEXT('2D SPACE',''
  ) );
#1622 = PCURVE('',#1623,#1628);
#1623 = PLANE('',#1624);
#1624 = AXIS2_PLACEMENT_3D('',#1625,#1626,#1627);
#1625 = CARTESIAN_POINT('',(146.40777232381,-5.,534.99089081675));
#1626 = DIRECTION('',(0.576098417621,-0.,0.817380335715));
#1627 = DIRECTION('',(-0.817380335715,0.,0.576098417621));
#1628 = DEFINITIONAL_REPRESENTATION('',(#1629),#1632);
#1629 = B_SPLINE_CURVE_WITH_KNOTS('',1,(#1630,#1631),.UNSPECIFIED.,.F.,
  .F.,(2,2),(45.551725106172,47.364668388294),.PIECEWISE_BEZIER_KNOTS.);
#1630 = CARTESIAN_POINT('',(1.451006178375,-72.38710933579));
#1631 = CARTESIAN_POINT('',(-7.105427357601E-15,-71.30021264589));
#1632 = ( GEOMETRIC_REPRESENTATION_CONTEXT(2) 
PARAMETRIC_REPRESENTATION_CONTEXT() REPRESENTATION_CONTEXT('2D SPACE',''
  ) );
#1633 = ORIENTED_EDGE('',*,*,#1634,.F.);
#1634 = EDGE_CURVE('',#1635,#1609,#1637,.T.);
#1635 = VERTEX_POINT('',#1636);
#1636 = CARTESIAN_POINT('',(144.05515544469,68.426027509922,
    536.62583570308));
#1637 = SURFACE_CURVE('',#1638,(#1642,#1648),.PCURVE_S1.);
#1638 = LINE('',#1639,#1640);
#1639 = CARTESIAN_POINT('',(114.0236647466,95.170798394826,
    557.19499585638));
#1640 = VECTOR('',#1641,1.);
#1641 = DIRECTION('',(0.664865433511,-0.592100933894,-0.455379445522));
#1642 = PCURVE('',#81,#1643);
#1643 = DEFINITIONAL_REPRESENTATION('',(#1644),#1647);
#1644 = B_SPLINE_CURVE_WITH_KNOTS('',1,(#1645,#1646),.UNSPECIFIED.,.F.,
  .F.,(2,2),(45.169276645163,46.923906835147),.PIECEWISE_BEZIER_KNOTS.);
#1645 = CARTESIAN_POINT('',(52.447520161508,-144.0551554446));
#1646 = CARTESIAN_POINT('',(53.75816426454,-145.2217484066));
#1647 = ( GEOMETRIC_REPRESENTATION_CONTEXT(2) 
PARAMETRIC_REPRESENTATION_CONTEXT() REPRESENTATION_CONTEXT('2D SPACE',''
  ) );
#1648 = PCURVE('',#1649,#1654);
#1649 = PLANE('',#1650);
#1650 = AXIS2_PLACEMENT_3D('',#1651,#1652,#1653);
#1651 = CARTESIAN_POINT('',(145.2217484066,-5.,535.82681318007));
#1652 = DIRECTION('',(0.565082385552,-0.,0.825034482637));
#1653 = DIRECTION('',(-0.825034482637,0.,0.565082385552));
#1654 = DEFINITIONAL_REPRESENTATION('',(#1655),#1658);
#1655 = B_SPLINE_CURVE_WITH_KNOTS('',1,(#1656,#1657),.UNSPECIFIED.,.F.,
  .F.,(2,2),(45.169276645163,46.923906835147),.PIECEWISE_BEZIER_KNOTS.);
#1656 = CARTESIAN_POINT('',(1.413992974195,-73.42602750992));
#1657 = CARTESIAN_POINT('',(-7.105427357601E-15,-72.38710933579));
#1658 = ( GEOMETRIC_REPRESENTATION_CONTEXT(2) 
PARAMETRIC_REPRESENTATION_CONTEXT() REPRESENTATION_CONTEXT('2D SPACE',''
  ) );
#1659 = ORIENTED_EDGE('',*,*,#1660,.F.);
#1660 = EDGE_CURVE('',#1661,#1635,#1663,.T.);
#1661 = VERTEX_POINT('',#1662);
#1662 = CARTESIAN_POINT('',(142.90644691285,69.419683799197,
    537.39004772192));
#1663 = SURFACE_CURVE('',#1664,(#1668,#1674),.PCURVE_S1.);
#1664 = LINE('',#1665,#1666);
#1665 = CARTESIAN_POINT('',(112.61215384519,95.624864662286,
    557.54421409481));
#1666 = VECTOR('',#1667,1.);
#1667 = DIRECTION('',(0.675605229484,-0.584412291487,-0.449466180544));
#1668 = PCURVE('',#81,#1669);
#1669 = DEFINITIONAL_REPRESENTATION('',(#1670),#1673);
#1670 = B_SPLINE_CURVE_WITH_KNOTS('',1,(#1671,#1672),.UNSPECIFIED.,.F.,
  .F.,(2,2),(44.840228798729,46.540494696193),.PIECEWISE_BEZIER_KNOTS.);
#1671 = CARTESIAN_POINT('',(51.193976053405,-142.9064469128));
#1672 = CARTESIAN_POINT('',(52.447520161508,-144.0551554446));
#1673 = ( GEOMETRIC_REPRESENTATION_CONTEXT(2) 
PARAMETRIC_REPRESENTATION_CONTEXT() REPRESENTATION_CONTEXT('2D SPACE',''
  ) );
#1674 = PCURVE('',#1675,#1680);
#1675 = PLANE('',#1676);
#1676 = AXIS2_PLACEMENT_3D('',#1677,#1678,#1679);
#1677 = CARTESIAN_POINT('',(144.05515544469,-5.,536.62583570308));
#1678 = DIRECTION('',(0.553900262305,-0.,0.832583028544));
#1679 = DIRECTION('',(-0.832583028544,0.,0.553900262305));
#1680 = DEFINITIONAL_REPRESENTATION('',(#1681),#1684);
#1681 = B_SPLINE_CURVE_WITH_KNOTS('',1,(#1682,#1683),.UNSPECIFIED.,.F.,
  .F.,(2,2),(44.840228798729,46.540494696193),.PIECEWISE_BEZIER_KNOTS.);
#1682 = CARTESIAN_POINT('',(1.379692466046,-74.41968379919));
#1683 = CARTESIAN_POINT('',(-1.42108547152E-14,-73.42602750992));
#1684 = ( GEOMETRIC_REPRESENTATION_CONTEXT(2) 
PARAMETRIC_REPRESENTATION_CONTEXT() REPRESENTATION_CONTEXT('2D SPACE',''
  ) );
#1685 = ORIENTED_EDGE('',*,*,#1686,.F.);
#1686 = EDGE_CURVE('',#1687,#1661,#1689,.T.);
#1687 = VERTEX_POINT('',#1688);
#1688 = CARTESIAN_POINT('',(141.77419576639,70.370593114231,
    538.12138343149));
#1689 = SURFACE_CURVE('',#1690,(#1694,#1700),.PCURVE_S1.);
#1690 = LINE('',#1691,#1692);
#1691 = CARTESIAN_POINT('',(111.18829414143,96.057843557736,
    557.87721422713));
#1692 = VECTOR('',#1693,1.);
#1693 = DIRECTION('',(0.686392713054,-0.576459760415,-0.443349961192));
#1694 = PCURVE('',#81,#1695);
#1695 = DEFINITIONAL_REPRESENTATION('',(#1696),#1699);
#1696 = B_SPLINE_CURVE_WITH_KNOTS('',1,(#1697,#1698),.UNSPECIFIED.,.F.,
  .F.,(2,2),(44.5603530505,46.209920601146),.PIECEWISE_BEZIER_KNOTS.);
#1697 = CARTESIAN_POINT('',(49.994359262301,-141.7741957663));
#1698 = CARTESIAN_POINT('',(51.193976053405,-142.9064469128));
#1699 = ( GEOMETRIC_REPRESENTATION_CONTEXT(2) 
PARAMETRIC_REPRESENTATION_CONTEXT() REPRESENTATION_CONTEXT('2D SPACE',''
  ) );
#1700 = PCURVE('',#1701,#1706);
#1701 = PLANE('',#1702);
#1702 = AXIS2_PLACEMENT_3D('',#1703,#1704,#1705);
#1703 = CARTESIAN_POINT('',(142.90644691285,-5.,537.39004772192));
#1704 = DIRECTION('',(0.542572641107,-0.,0.840008886336));
#1705 = DIRECTION('',(-0.840008886336,0.,0.542572641107));
#1706 = DEFINITIONAL_REPRESENTATION('',(#1707),#1710);
#1707 = B_SPLINE_CURVE_WITH_KNOTS('',1,(#1708,#1709),.UNSPECIFIED.,.F.,
  .F.,(2,2),(44.5603530505,46.209920601146),.PIECEWISE_BEZIER_KNOTS.);
#1708 = CARTESIAN_POINT('',(1.347903772057,-75.37059311423));
#1709 = CARTESIAN_POINT('',(7.105427357601E-15,-74.41968379919));
#1710 = ( GEOMETRIC_REPRESENTATION_CONTEXT(2) 
PARAMETRIC_REPRESENTATION_CONTEXT() REPRESENTATION_CONTEXT('2D SPACE',''
  ) );
#1711 = ORIENTED_EDGE('',*,*,#1712,.F.);
#1712 = EDGE_CURVE('',#1713,#1687,#1715,.T.);
#1713 = VERTEX_POINT('',#1714);
#1714 = CARTESIAN_POINT('',(140.65706325133,71.281083279691,
    538.82163314056));
#1715 = SURFACE_CURVE('',#1716,(#1720,#1726),.PCURVE_S1.);
#1716 = LINE('',#1717,#1718);
#1717 = CARTESIAN_POINT('',(109.75238682549,96.469146086091,
    558.19354326257));
#1718 = VECTOR('',#1719,1.);
#1719 = DIRECTION('',(0.697210780892,-0.568243740734,-0.437031095146));
#1720 = PCURVE('',#81,#1721);
#1721 = DEFINITIONAL_REPRESENTATION('',(#1722),#1725);
#1722 = B_SPLINE_CURVE_WITH_KNOTS('',1,(#1723,#1724),.UNSPECIFIED.,.F.,
  .F.,(2,2),(44.326159710719,45.928447778658),.PIECEWISE_BEZIER_KNOTS.);
#1723 = CARTESIAN_POINT('',(48.845733127977,-140.6570632513));
#1724 = CARTESIAN_POINT('',(49.994359262301,-141.7741957663));
#1725 = ( GEOMETRIC_REPRESENTATION_CONTEXT(2) 
PARAMETRIC_REPRESENTATION_CONTEXT() REPRESENTATION_CONTEXT('2D SPACE',''
  ) );
#1726 = PCURVE('',#1727,#1732);
#1727 = PLANE('',#1728);
#1728 = AXIS2_PLACEMENT_3D('',#1729,#1730,#1731);
#1729 = CARTESIAN_POINT('',(141.77419576639,-5.,538.12138343149));
#1730 = DIRECTION('',(0.531112149062,-0.,0.847301531404));
#1731 = DIRECTION('',(-0.847301531404,0.,0.531112149062));
#1732 = DEFINITIONAL_REPRESENTATION('',(#1733),#1736);
#1733 = B_SPLINE_CURVE_WITH_KNOTS('',1,(#1734,#1735),.UNSPECIFIED.,.F.,
  .F.,(2,2),(44.326159710719,45.928447778658),.PIECEWISE_BEZIER_KNOTS.);
#1734 = CARTESIAN_POINT('',(1.318459218657,-76.28108327969));
#1735 = CARTESIAN_POINT('',(0.,-75.37059311423));
#1736 = ( GEOMETRIC_REPRESENTATION_CONTEXT(2) 
PARAMETRIC_REPRESENTATION_CONTEXT() REPRESENTATION_CONTEXT('2D SPACE',''
  ) );
#1737 = ORIENTED_EDGE('',*,*,#1738,.F.);
#1738 = EDGE_CURVE('',#1739,#1713,#1741,.T.);
#1739 = VERTEX_POINT('',#1740);
#1740 = CARTESIAN_POINT('',(139.55377303343,72.153304426042,
    539.49245049493));
#1741 = SURFACE_CURVE('',#1742,(#1746,#1752),.PCURVE_S1.);
#1742 = LINE('',#1743,#1744);
#1743 = CARTESIAN_POINT('',(108.30402864941,96.858216540254,
    558.49277381186));
#1744 = VECTOR('',#1745,1.);
#1745 = DIRECTION('',(0.708050263645,-0.55975880381,-0.430505407294));
#1746 = PCURVE('',#81,#1747);
#1747 = DEFINITIONAL_REPRESENTATION('',(#1748),#1751);
#1748 = B_SPLINE_CURVE_WITH_KNOTS('',1,(#1749,#1750),.UNSPECIFIED.,.F.,
  .F.,(2,2),(44.134923731501,45.693132625071),.PIECEWISE_BEZIER_KNOTS.);
#1749 = CARTESIAN_POINT('',(47.745385159798,-139.5537730334));
#1750 = CARTESIAN_POINT('',(48.845733127977,-140.6570632513));
#1751 = ( GEOMETRIC_REPRESENTATION_CONTEXT(2) 
PARAMETRIC_REPRESENTATION_CONTEXT() REPRESENTATION_CONTEXT('2D SPACE',''
  ) );
#1752 = PCURVE('',#1753,#1758);
#1753 = PLANE('',#1754);
#1754 = AXIS2_PLACEMENT_3D('',#1755,#1756,#1757);
#1755 = CARTESIAN_POINT('',(140.65706325133,-5.,538.82163314056));
#1756 = DIRECTION('',(0.519522723487,-0.,0.85445663423));
#1757 = DIRECTION('',(-0.85445663423,0.,0.519522723487));
#1758 = DEFINITIONAL_REPRESENTATION('',(#1759),#1762);
#1759 = B_SPLINE_CURVE_WITH_KNOTS('',1,(#1760,#1761),.UNSPECIFIED.,.F.,
  .F.,(2,2),(44.134923731501,45.693132625071),.PIECEWISE_BEZIER_KNOTS.);
#1760 = CARTESIAN_POINT('',(1.291218505079,-77.15330442604));
#1761 = CARTESIAN_POINT('',(-1.42108547152E-14,-76.28108327969));
#1762 = ( GEOMETRIC_REPRESENTATION_CONTEXT(2) 
PARAMETRIC_REPRESENTATION_CONTEXT() REPRESENTATION_CONTEXT('2D SPACE',''
  ) );
#1763 = ORIENTED_EDGE('',*,*,#1764,.F.);
#1764 = EDGE_CURVE('',#1765,#1739,#1767,.T.);
#1765 = VERTEX_POINT('',#1766);
#1766 = CARTESIAN_POINT('',(138.46309032845,72.989234288434,
    540.13535655274));
#1767 = SURFACE_CURVE('',#1768,(#1772,#1778),.PCURVE_S1.);
#1768 = LINE('',#1769,#1770);
#1769 = CARTESIAN_POINT('',(106.84205910411,97.224480854154,
    558.77446436601));
#1770 = VECTOR('',#1771,1.);
#1771 = DIRECTION('',(0.718909915564,-0.550992753482,-0.423763517678));
#1772 = PCURVE('',#81,#1773);
#1773 = DEFINITIONAL_REPRESENTATION('',(#1774),#1777);
#1774 = B_SPLINE_CURVE_WITH_KNOTS('',1,(#1775,#1776),.UNSPECIFIED.,.F.,
  .F.,(2,2),(43.984692017414,45.501826057942),.PIECEWISE_BEZIER_KNOTS.);
#1775 = CARTESIAN_POINT('',(46.690820351928,-138.4630903284));
#1776 = CARTESIAN_POINT('',(47.745385159798,-139.5537730334));
#1777 = ( GEOMETRIC_REPRESENTATION_CONTEXT(2) 
PARAMETRIC_REPRESENTATION_CONTEXT() REPRESENTATION_CONTEXT('2D SPACE',''
  ) );
#1778 = PCURVE('',#1779,#1784);
#1779 = PLANE('',#1780);
#1780 = AXIS2_PLACEMENT_3D('',#1781,#1782,#1783);
#1781 = CARTESIAN_POINT('',(139.55377303343,-5.,539.49245049493));
#1782 = DIRECTION('',(0.507799192138,-0.,0.861475467128));
#1783 = DIRECTION('',(-0.861475467128,0.,0.507799192138));
#1784 = DEFINITIONAL_REPRESENTATION('',(#1785),#1788);
#1785 = B_SPLINE_CURVE_WITH_KNOTS('',1,(#1786,#1787),.UNSPECIFIED.,.F.,
  .F.,(2,2),(43.984692017414,45.501826057942),.PIECEWISE_BEZIER_KNOTS.);
#1786 = CARTESIAN_POINT('',(1.26606356953,-77.98923428843));
#1787 = CARTESIAN_POINT('',(-7.105427357601E-15,-77.15330442604));
#1788 = ( GEOMETRIC_REPRESENTATION_CONTEXT(2) 
PARAMETRIC_REPRESENTATION_CONTEXT() REPRESENTATION_CONTEXT('2D SPACE',''
  ) );
#1789 = ORIENTED_EDGE('',*,*,#1790,.F.);
#1790 = EDGE_CURVE('',#1791,#1765,#1793,.T.);
#1791 = VERTEX_POINT('',#1792);
#1792 = CARTESIAN_POINT('',(137.38380567231,73.790680375166,
    540.75174145217));
#1793 = SURFACE_CURVE('',#1794,(#1798,#1804),.PCURVE_S1.);
#1794 = LINE('',#1795,#1796);
#1795 = CARTESIAN_POINT('',(105.36453308585,97.56728144918,
    559.03810918727));
#1796 = VECTOR('',#1797,1.);
#1797 = DIRECTION('',(0.729796085185,-0.54192581471,-0.416790217495));
#1798 = PCURVE('',#81,#1799);
#1799 = DEFINITIONAL_REPRESENTATION('',(#1800),#1803);
#1800 = B_SPLINE_CURVE_WITH_KNOTS('',1,(#1801,#1802),.UNSPECIFIED.,.F.,
  .F.,(2,2),(43.874272877647,45.353158114294),.PIECEWISE_BEZIER_KNOTS.);
#1801 = CARTESIAN_POINT('',(45.679758447698,-137.3838056723));
#1802 = CARTESIAN_POINT('',(46.690820351928,-138.4630903284));
#1803 = ( GEOMETRIC_REPRESENTATION_CONTEXT(2) 
PARAMETRIC_REPRESENTATION_CONTEXT() REPRESENTATION_CONTEXT('2D SPACE',''
  ) );
#1804 = PCURVE('',#1805,#1810);
#1805 = PLANE('',#1806);
#1806 = AXIS2_PLACEMENT_3D('',#1807,#1808,#1809);
#1807 = CARTESIAN_POINT('',(138.46309032845,-5.,540.13535655274));
#1808 = DIRECTION('',(0.495927131308,-0.,0.868364140457));
#1809 = DIRECTION('',(-0.868364140457,0.,0.495927131308));
#1810 = DEFINITIONAL_REPRESENTATION('',(#1811),#1814);
#1811 = B_SPLINE_CURVE_WITH_KNOTS('',1,(#1812,#1813),.UNSPECIFIED.,.F.,
  .F.,(2,2),(43.874272877647,45.353158114294),.PIECEWISE_BEZIER_KNOTS.);
#1812 = CARTESIAN_POINT('',(1.242894087698,-78.79068037516));
#1813 = CARTESIAN_POINT('',(0.,-77.98923428843));
#1814 = ( GEOMETRIC_REPRESENTATION_CONTEXT(2) 
PARAMETRIC_REPRESENTATION_CONTEXT() REPRESENTATION_CONTEXT('2D SPACE',''
  ) );
#1815 = ORIENTED_EDGE('',*,*,#1816,.F.);
#1816 = EDGE_CURVE('',#1817,#1791,#1819,.T.);
#1817 = VERTEX_POINT('',#1818);
#1818 = CARTESIAN_POINT('',(136.31472297331,74.559279814477,
    541.34286429367));
#1819 = SURFACE_CURVE('',#1820,(#1824,#1830),.PCURVE_S1.);
#1820 = LINE('',#1821,#1822);
#1821 = CARTESIAN_POINT('',(103.86872020608,97.885800352222,
    559.28307917998));
#1822 = VECTOR('',#1823,1.);
#1823 = DIRECTION('',(0.740722079452,-0.532529967499,-0.409563956822));
#1824 = PCURVE('',#81,#1825);
#1825 = DEFINITIONAL_REPRESENTATION('',(#1826),#1829);
#1826 = B_SPLINE_CURVE_WITH_KNOTS('',1,(#1827,#1828),.UNSPECIFIED.,.F.,
  .F.,(2,2),(43.80320725855,45.24650526283),.PIECEWISE_BEZIER_KNOTS.);
#1827 = CARTESIAN_POINT('',(44.710134132894,-136.3147229733));
#1828 = CARTESIAN_POINT('',(45.679758447698,-137.3838056723));
#1829 = ( GEOMETRIC_REPRESENTATION_CONTEXT(2) 
PARAMETRIC_REPRESENTATION_CONTEXT() REPRESENTATION_CONTEXT('2D SPACE',''
  ) );
#1830 = PCURVE('',#1831,#1836);
#1831 = PLANE('',#1832);
#1832 = AXIS2_PLACEMENT_3D('',#1833,#1834,#1835);
#1833 = CARTESIAN_POINT('',(137.38380567231,-5.,540.75174145217));
#1834 = DIRECTION('',(0.483882988952,-0.,0.875132705938));
#1835 = DIRECTION('',(-0.875132705938,0.,0.483882988952));
#1836 = DEFINITIONAL_REPRESENTATION('',(#1837),#1840);
#1837 = B_SPLINE_CURVE_WITH_KNOTS('',1,(#1838,#1839),.UNSPECIFIED.,.F.,
  .F.,(2,2),(43.80320725855,45.24650526283),.PIECEWISE_BEZIER_KNOTS.);
#1838 = CARTESIAN_POINT('',(1.221623522633,-79.55927981447));
#1839 = CARTESIAN_POINT('',(0.,-78.79068037516));
#1840 = ( GEOMETRIC_REPRESENTATION_CONTEXT(2) 
PARAMETRIC_REPRESENTATION_CONTEXT() REPRESENTATION_CONTEXT('2D SPACE',''
  ) );
#1841 = ORIENTED_EDGE('',*,*,#1842,.F.);
#1842 = EDGE_CURVE('',#1843,#1817,#1845,.T.);
#1843 = VERTEX_POINT('',#1844);
#1844 = CARTESIAN_POINT('',(135.2546515186,75.296497573142,
    541.90985176988));
#1845 = SURFACE_CURVE('',#1846,(#1850,#1856),.PCURVE_S1.);
#1846 = LINE('',#1847,#1848);
#1847 = CARTESIAN_POINT('',(102.35113312257,98.178972123722,
    559.50855492424));
#1848 = VECTOR('',#1849,1.);
#1849 = DIRECTION('',(0.75170722116,-0.522768451406,-0.402056463536));
#1850 = PCURVE('',#81,#1851);
#1851 = DEFINITIONAL_REPRESENTATION('',(#1852),#1855);
#1852 = B_SPLINE_CURVE_WITH_KNOTS('',1,(#1853,#1854),.UNSPECIFIED.,.F.,
  .F.,(2,2),(43.771720518056,45.181939051105),.PIECEWISE_BEZIER_KNOTS.);
#1853 = CARTESIAN_POINT('',(43.780099283079,-135.2546515186));
#1854 = CARTESIAN_POINT('',(44.710134132894,-136.3147229733));
#1855 = ( GEOMETRIC_REPRESENTATION_CONTEXT(2) 
PARAMETRIC_REPRESENTATION_CONTEXT() REPRESENTATION_CONTEXT('2D SPACE',''
  ) );
#1856 = PCURVE('',#1857,#1862);
#1857 = PLANE('',#1858);
#1858 = AXIS2_PLACEMENT_3D('',#1859,#1860,#1861);
#1859 = CARTESIAN_POINT('',(136.31472297331,-5.,541.34286429367));
#1860 = DIRECTION('',(0.471634471572,-0.,0.881794151276));
#1861 = DIRECTION('',(-0.881794151276,0.,0.471634471572));
#1862 = DEFINITIONAL_REPRESENTATION('',(#1863),#1866);
#1863 = B_SPLINE_CURVE_WITH_KNOTS('',1,(#1864,#1865),.UNSPECIFIED.,.F.,
  .F.,(2,2),(43.771720518056,45.181939051105),.PIECEWISE_BEZIER_KNOTS.);
#1864 = CARTESIAN_POINT('',(1.202175647425,-80.29649757314));
#1865 = CARTESIAN_POINT('',(-7.105427357601E-15,-79.55927981447));
#1866 = ( GEOMETRIC_REPRESENTATION_CONTEXT(2) 
PARAMETRIC_REPRESENTATION_CONTEXT() REPRESENTATION_CONTEXT('2D SPACE',''
  ) );
#1867 = ORIENTED_EDGE('',*,*,#1868,.F.);
#1868 = EDGE_CURVE('',#1869,#1843,#1871,.T.);
#1869 = VERTEX_POINT('',#1870);
#1870 = CARTESIAN_POINT('',(134.20240164466,76.003623662542,
    542.45369601682));
#1871 = SURFACE_CURVE('',#1872,(#1876,#1882),.PCURVE_S1.);
#1872 = LINE('',#1873,#1874);
#1873 = CARTESIAN_POINT('',(100.80758821076,98.445388127901,
    559.71345305109));
#1874 = VECTOR('',#1875,1.);
#1875 = DIRECTION('',(0.762775591773,-0.512595472479,-0.394232517925));
#1876 = PCURVE('',#81,#1877);
#1877 = DEFINITIONAL_REPRESENTATION('',(#1878),#1881);
#1878 = B_SPLINE_CURVE_WITH_KNOTS('',1,(#1879,#1880),.UNSPECIFIED.,.F.,
  .F.,(2,2),(43.780652912964,45.160154151982),.PIECEWISE_BEZIER_KNOTS.);
#1879 = CARTESIAN_POINT('',(42.88802648827,-134.2024016446));
#1880 = CARTESIAN_POINT('',(43.780099283079,-135.2546515186));
#1881 = ( GEOMETRIC_REPRESENTATION_CONTEXT(2) 
PARAMETRIC_REPRESENTATION_CONTEXT() REPRESENTATION_CONTEXT('2D SPACE',''
  ) );
#1882 = PCURVE('',#1883,#1888);
#1883 = PLANE('',#1884);
#1884 = AXIS2_PLACEMENT_3D('',#1885,#1886,#1887);
#1885 = CARTESIAN_POINT('',(135.2546515186,-5.,541.90985176988));
#1886 = DIRECTION('',(0.459141201358,-0.,0.888363302492));
#1887 = DIRECTION('',(-0.888363302492,0.,0.459141201358));
#1888 = DEFINITIONAL_REPRESENTATION('',(#1889),#1892);
#1889 = B_SPLINE_CURVE_WITH_KNOTS('',1,(#1890,#1891),.UNSPECIFIED.,.F.,
  .F.,(2,2),(43.780652912964,45.160154151982),.PIECEWISE_BEZIER_KNOTS.);
#1890 = CARTESIAN_POINT('',(1.184481473955,-81.00362366254));
#1891 = CARTESIAN_POINT('',(-7.105427357601E-15,-80.29649757314));
#1892 = ( GEOMETRIC_REPRESENTATION_CONTEXT(2) 
PARAMETRIC_REPRESENTATION_CONTEXT() REPRESENTATION_CONTEXT('2D SPACE',''
  ) );
#1893 = ORIENTED_EDGE('',*,*,#1894,.F.);
#1894 = EDGE_CURVE('',#1895,#1869,#1897,.T.);
#1895 = VERTEX_POINT('',#1896);
#1896 = CARTESIAN_POINT('',(133.15678381409,76.681769901769,
    542.97525212445));
#1897 = SURFACE_CURVE('',#1898,(#1902,#1908),.PCURVE_S1.);
#1898 = LINE('',#1899,#1900);
#1899 = CARTESIAN_POINT('',(99.233302445025,98.683193978003,
    559.89634736853));
#1900 = VECTOR('',#1901,1.);
#1901 = DIRECTION('',(0.773954449995,-0.501956149039,-0.386049910989));
#1902 = PCURVE('',#81,#1903);
#1903 = DEFINITIONAL_REPRESENTATION('',(#1904),#1907);
#1904 = B_SPLINE_CURVE_WITH_KNOTS('',1,(#1905,#1906),.UNSPECIFIED.,.F.,
  .F.,(2,2),(43.831366780417,45.182373717029),.PIECEWISE_BEZIER_KNOTS.);
#1905 = CARTESIAN_POINT('',(42.032513136429,-133.156783814));
#1906 = CARTESIAN_POINT('',(42.88802648827,-134.2024016446));
#1907 = ( GEOMETRIC_REPRESENTATION_CONTEXT(2) 
PARAMETRIC_REPRESENTATION_CONTEXT() REPRESENTATION_CONTEXT('2D SPACE',''
  ) );
#1908 = PCURVE('',#1909,#1914);
#1909 = PLANE('',#1910);
#1910 = AXIS2_PLACEMENT_3D('',#1911,#1912,#1913);
#1911 = CARTESIAN_POINT('',(134.20240164466,-5.,542.45369601682));
#1912 = DIRECTION('',(0.446355652377,-0.,0.894855648466));
#1913 = DIRECTION('',(-0.894855648466,0.,0.446355652377));
#1914 = DEFINITIONAL_REPRESENTATION('',(#1915),#1918);
#1915 = B_SPLINE_CURVE_WITH_KNOTS('',1,(#1916,#1917),.UNSPECIFIED.,.F.,
  .F.,(2,2),(43.831366780417,45.182373717029),.PIECEWISE_BEZIER_KNOTS.);
#1916 = CARTESIAN_POINT('',(1.168476538487,-81.68176990176));
#1917 = CARTESIAN_POINT('',(7.105427357601E-15,-81.00362366254));
#1918 = ( GEOMETRIC_REPRESENTATION_CONTEXT(2) 
PARAMETRIC_REPRESENTATION_CONTEXT() REPRESENTATION_CONTEXT('2D SPACE',''
  ) );
#1919 = ORIENTED_EDGE('',*,*,#1920,.F.);
#1920 = EDGE_CURVE('',#1921,#1895,#1923,.T.);
#1921 = VERTEX_POINT('',#1922);
#1922 = CARTESIAN_POINT('',(132.11661085856,77.331866784229,
    543.47523572677));
#1923 = SURFACE_CURVE('',#1924,(#1928,#1934),.PCURVE_S1.);
#1924 = LINE('',#1925,#1926);
#1925 = CARTESIAN_POINT('',(97.623030437958,98.88998265041,
    560.05538665658));
#1926 = VECTOR('',#1927,1.);
#1927 = DIRECTION('',(0.785272321842,-0.490786734643,-0.377459615916));
#1928 = PCURVE('',#81,#1929);
#1929 = DEFINITIONAL_REPRESENTATION('',(#1930),#1933);
#1930 = B_SPLINE_CURVE_WITH_KNOTS('',1,(#1931,#1932),.UNSPECIFIED.,.F.,
  .F.,(2,2),(43.925628678342,45.250230254895),.PIECEWISE_BEZIER_KNOTS.);
#1931 = CARTESIAN_POINT('',(41.212385366395,-132.1166108585));
#1932 = CARTESIAN_POINT('',(42.032513136429,-133.156783814));
#1933 = ( GEOMETRIC_REPRESENTATION_CONTEXT(2) 
PARAMETRIC_REPRESENTATION_CONTEXT() REPRESENTATION_CONTEXT('2D SPACE',''
  ) );
#1934 = PCURVE('',#1935,#1940);
#1935 = PLANE('',#1936);
#1936 = AXIS2_PLACEMENT_3D('',#1937,#1938,#1939);
#1937 = CARTESIAN_POINT('',(133.15678381409,-5.,542.97525212445));
#1938 = DIRECTION('',(0.43322437059,-0.,0.901286105921));
#1939 = DIRECTION('',(-0.901286105921,0.,0.43322437059));
#1940 = DEFINITIONAL_REPRESENTATION('',(#1941),#1944);
#1941 = B_SPLINE_CURVE_WITH_KNOTS('',1,(#1942,#1943),.UNSPECIFIED.,.F.,
  .F.,(2,2),(43.925628678342,45.250230254895),.PIECEWISE_BEZIER_KNOTS.);
#1942 = CARTESIAN_POINT('',(1.154098514004,-82.33186678422));
#1943 = CARTESIAN_POINT('',(7.105427357601E-15,-81.68176990176));
#1944 = ( GEOMETRIC_REPRESENTATION_CONTEXT(2) 
PARAMETRIC_REPRESENTATION_CONTEXT() REPRESENTATION_CONTEXT('2D SPACE',''
  ) );
#1945 = ORIENTED_EDGE('',*,*,#1946,.F.);
#1946 = EDGE_CURVE('',#1947,#1921,#1949,.T.);
#1947 = VERTEX_POINT('',#1948);
#1948 = CARTESIAN_POINT('',(131.08070314481,77.954660983237,
    543.95422108347));
#1949 = SURFACE_CURVE('',#1950,(#1954,#1960),.PCURVE_S1.);
#1950 = LINE('',#1951,#1952);
#1951 = CARTESIAN_POINT('',(95.971245135059,99.062686812749,
    560.1882118578));
#1952 = VECTOR('',#1953,1.);
#1953 = DIRECTION('',(0.796756770529,-0.479015155617,-0.368406201502));
#1954 = PCURVE('',#81,#1955);
#1955 = DEFINITIONAL_REPRESENTATION('',(#1956),#1959);
#1956 = B_SPLINE_CURVE_WITH_KNOTS('',1,(#1957,#1958),.UNSPECIFIED.,.F.,
  .F.,(2,2),(44.065465532764,45.365621053326),.PIECEWISE_BEZIER_KNOTS.);
#1957 = CARTESIAN_POINT('',(40.426701214689,-131.0807031448));
#1958 = CARTESIAN_POINT('',(41.212385366395,-132.1166108585));
#1959 = ( GEOMETRIC_REPRESENTATION_CONTEXT(2) 
PARAMETRIC_REPRESENTATION_CONTEXT() REPRESENTATION_CONTEXT('2D SPACE',''
  ) );
#1960 = PCURVE('',#1961,#1966);
#1961 = PLANE('',#1962);
#1962 = AXIS2_PLACEMENT_3D('',#1963,#1964,#1965);
#1963 = CARTESIAN_POINT('',(132.11661085856,-5.,543.47523572677));
#1964 = DIRECTION('',(0.419689472223,-0.,0.907667751385));
#1965 = DIRECTION('',(-0.907667751385,0.,0.419689472223));
#1966 = DEFINITIONAL_REPRESENTATION('',(#1967),#1970);
#1967 = B_SPLINE_CURVE_WITH_KNOTS('',1,(#1968,#1969),.UNSPECIFIED.,.F.,
  .F.,(2,2),(44.065465532764,45.365621053326),.PIECEWISE_BEZIER_KNOTS.);
#1968 = CARTESIAN_POINT('',(1.141285136733,-82.95466098323));
#1969 = CARTESIAN_POINT('',(-7.105427357601E-15,-82.33186678422));
#1970 = ( GEOMETRIC_REPRESENTATION_CONTEXT(2) 
PARAMETRIC_REPRESENTATION_CONTEXT() REPRESENTATION_CONTEXT('2D SPACE',''
  ) );
#1971 = ORIENTED_EDGE('',*,*,#1972,.F.);
#1972 = EDGE_CURVE('',#1973,#1947,#1975,.T.);
#1973 = VERTEX_POINT('',#1974);
#1974 = CARTESIAN_POINT('',(130.04789639772,78.550714021759,
    544.41264005673));
#1975 = SURFACE_CURVE('',#1976,(#1980,#1986),.PCURVE_S1.);
#1976 = LINE('',#1977,#1978);
#1977 = CARTESIAN_POINT('',(94.272364646482,99.197475349767,
    560.29187649627));
#1978 = VECTOR('',#1979,1.);
#1979 = DIRECTION('',(0.808431873829,-0.466561896688,-0.358828513271));
#1980 = PCURVE('',#81,#1981);
#1981 = DEFINITIONAL_REPRESENTATION('',(#1982),#1985);
#1982 = B_SPLINE_CURVE_WITH_KNOTS('',1,(#1983,#1984),.UNSPECIFIED.,.F.,
  .F.,(2,2),(44.252995100024,45.530538428687),.PIECEWISE_BEZIER_KNOTS.);
#1983 = CARTESIAN_POINT('',(39.674752293698,-130.0478963977));
#1984 = CARTESIAN_POINT('',(40.426701214689,-131.0807031448));
#1985 = ( GEOMETRIC_REPRESENTATION_CONTEXT(2) 
PARAMETRIC_REPRESENTATION_CONTEXT() REPRESENTATION_CONTEXT('2D SPACE',''
  ) );
#1986 = PCURVE('',#1987,#1992);
#1987 = PLANE('',#1988);
#1988 = AXIS2_PLACEMENT_3D('',#1989,#1990,#1991);
#1989 = CARTESIAN_POINT('',(131.08070314481,-5.,543.95422108347));
#1990 = DIRECTION('',(0.405690399194,-0.,0.914010557927));
#1991 = DIRECTION('',(-0.914010557927,0.,0.405690399194));
#1992 = DEFINITIONAL_REPRESENTATION('',(#1993),#1996);
#1993 = B_SPLINE_CURVE_WITH_KNOTS('',1,(#1994,#1995),.UNSPECIFIED.,.F.,
  .F.,(2,2),(44.252995100024,45.530538428687),.PIECEWISE_BEZIER_KNOTS.);
#1994 = CARTESIAN_POINT('',(1.129972447398,-83.55071402175));
#1995 = CARTESIAN_POINT('',(-7.105427357601E-15,-82.95466098323));
#1996 = ( GEOMETRIC_REPRESENTATION_CONTEXT(2) 
PARAMETRIC_REPRESENTATION_CONTEXT() REPRESENTATION_CONTEXT('2D SPACE',''
  ) );
#1997 = ORIENTED_EDGE('',*,*,#1998,.F.);
#1998 = EDGE_CURVE('',#1999,#1973,#2001,.T.);
#1999 = VERTEX_POINT('',#2000);
#2000 = CARTESIAN_POINT('',(129.01705187272,79.120402610708,
    544.8507823715));
#2001 = SURFACE_CURVE('',#2002,(#2006,#2012),.PCURVE_S1.);
#2002 = LINE('',#2003,#2004);
#2003 = CARTESIAN_POINT('',(92.521026095865,99.289660847752,
    560.36277552472));
#2004 = VECTOR('',#2005,1.);
#2005 = DIRECTION('',(0.820315461411,-0.453341261818,-0.34866064318));
#2006 = PCURVE('',#81,#2007);
#2007 = DEFINITIONAL_REPRESENTATION('',(#2008),#2011);
#2008 = B_SPLINE_CURVE_WITH_KNOTS('',1,(#2009,#2010),.UNSPECIFIED.,.F.,
  .F.,(2,2),(44.490232713741,45.746876740946),.PIECEWISE_BEZIER_KNOTS.);
#2009 = CARTESIAN_POINT('',(38.956063364901,-129.0170518727));
#2010 = CARTESIAN_POINT('',(39.674752293698,-130.0478963977));
#2011 = ( GEOMETRIC_REPRESENTATION_CONTEXT(2) 
PARAMETRIC_REPRESENTATION_CONTEXT() REPRESENTATION_CONTEXT('2D SPACE',''
  ) );
#2012 = PCURVE('',#2013,#2018);
#2013 = PLANE('',#2014);
#2014 = AXIS2_PLACEMENT_3D('',#2015,#2016,#2017);
#2015 = CARTESIAN_POINT('',(130.04789639772,-5.,544.41264005673));
#2016 = DIRECTION('',(0.391165890794,-0.,0.920320186609));
#2017 = DIRECTION('',(-0.920320186609,0.,0.391165890794));
#2018 = DEFINITIONAL_REPRESENTATION('',(#2019),#2022);
#2019 = B_SPLINE_CURVE_WITH_KNOTS('',1,(#2020,#2021),.UNSPECIFIED.,.F.,
  .F.,(2,2),(44.490232713741,45.746876740946),.PIECEWISE_BEZIER_KNOTS.);
#2020 = CARTESIAN_POINT('',(1.120093354471,-84.1204026107));
#2021 = CARTESIAN_POINT('',(-7.105427357601E-15,-83.55071402175));
#2022 = ( GEOMETRIC_REPRESENTATION_CONTEXT(2) 
PARAMETRIC_REPRESENTATION_CONTEXT() REPRESENTATION_CONTEXT('2D SPACE',''
  ) );
#2023 = ORIENTED_EDGE('',*,*,#2024,.F.);
#2024 = EDGE_CURVE('',#2025,#1999,#2027,.T.);
#2025 = VERTEX_POINT('',#2026);
#2026 = CARTESIAN_POINT('',(127.98706851686,79.663921120148,
    545.26879751604));
#2027 = SURFACE_CURVE('',#2028,(#2032,#2038),.PCURVE_S1.);
#2028 = LINE('',#2029,#2030);
#2029 = CARTESIAN_POINT('',(90.712405159923,99.333626802803,
    560.39658934106));
#2030 = VECTOR('',#2031,1.);
#2031 = DIRECTION('',(0.832416193315,-0.439263028916,-0.337833202239));
#2032 = PCURVE('',#81,#2033);
#2033 = DEFINITIONAL_REPRESENTATION('',(#2034),#2037);
#2034 = B_SPLINE_CURVE_WITH_KNOTS('',1,(#2035,#2036),.UNSPECIFIED.,.F.,
  .F.,(2,2),(44.778878229775,46.016220035622),.PIECEWISE_BEZIER_KNOTS.);
#2035 = CARTESIAN_POINT('',(38.270389221329,-127.9870685168));
#2036 = CARTESIAN_POINT('',(38.956063364901,-129.0170518727));
#2037 = ( GEOMETRIC_REPRESENTATION_CONTEXT(2) 
PARAMETRIC_REPRESENTATION_CONTEXT() REPRESENTATION_CONTEXT('2D SPACE',''
  ) );
#2038 = PCURVE('',#2039,#2044);
#2039 = PLANE('',#2040);
#2040 = AXIS2_PLACEMENT_3D('',#2041,#2042,#2043);
#2041 = CARTESIAN_POINT('',(129.01705187272,-5.,544.8507823715));
#2042 = DIRECTION('',(0.37605610999,-0.,0.926596893012));
#2043 = DIRECTION('',(-0.926596893012,0.,0.37605610999));
#2044 = DEFINITIONAL_REPRESENTATION('',(#2045),#2048);
#2045 = B_SPLINE_CURVE_WITH_KNOTS('',1,(#2046,#2047),.UNSPECIFIED.,.F.,
  .F.,(2,2),(44.778878229775,46.016220035622),.PIECEWISE_BEZIER_KNOTS.);
#2046 = CARTESIAN_POINT('',(1.111576526557,-84.66392112014));
#2047 = CARTESIAN_POINT('',(0.,-84.1204026107));
#2048 = ( GEOMETRIC_REPRESENTATION_CONTEXT(2) 
PARAMETRIC_REPRESENTATION_CONTEXT() REPRESENTATION_CONTEXT('2D SPACE',''
  ) );
#2049 = ORIENTED_EDGE('',*,*,#2050,.F.);
#2050 = EDGE_CURVE('',#2051,#2025,#2053,.T.);
#2051 = VERTEX_POINT('',#2052);
#2052 = CARTESIAN_POINT('',(126.95689670013,80.181286582793,
    545.66669859003));
#2053 = SURFACE_CURVE('',#2054,(#2058,#2064),.PCURVE_S1.);
#2054 = LINE('',#2055,#2056);
#2055 = CARTESIAN_POINT('',(88.842577135169,99.322785364748,
    560.38825128961));
#2056 = VECTOR('',#2057,1.);
#2057 = DIRECTION('',(0.844730590703,-0.424234507072,-0.326274902712));
#2058 = PCURVE('',#81,#2059);
#2059 = DEFINITIONAL_REPRESENTATION('',(#2060),#2063);
#2060 = B_SPLINE_CURVE_WITH_KNOTS('',1,(#2061,#2062),.UNSPECIFIED.,.F.,
  .F.,(2,2),(45.120089155571,46.339616219071),.PIECEWISE_BEZIER_KNOTS.);
#2061 = CARTESIAN_POINT('',(37.617708375413,-126.9568967001));
#2062 = CARTESIAN_POINT('',(38.27038922133,-127.9870685168));
#2063 = ( GEOMETRIC_REPRESENTATION_CONTEXT(2) 
PARAMETRIC_REPRESENTATION_CONTEXT() REPRESENTATION_CONTEXT('2D SPACE',''
  ) );
#2064 = PCURVE('',#2065,#2070);
#2065 = PLANE('',#2066);
#2066 = AXIS2_PLACEMENT_3D('',#2067,#2068,#2069);
#2067 = CARTESIAN_POINT('',(127.98706851686,-5.,545.26879751604));
#2068 = DIRECTION('',(0.360304843617,-0.,0.932834615388));
#2069 = DIRECTION('',(-0.932834615388,0.,0.360304843617));
#2070 = DEFINITIONAL_REPRESENTATION('',(#2071),#2074);
#2071 = B_SPLINE_CURVE_WITH_KNOTS('',1,(#2072,#2073),.UNSPECIFIED.,.F.,
  .F.,(2,2),(45.120089155571,46.339616219071),.PIECEWISE_BEZIER_KNOTS.);
#2072 = CARTESIAN_POINT('',(1.104345614683,-85.18128658279));
#2073 = CARTESIAN_POINT('',(-7.105427357601E-15,-84.66392112014));
#2074 = ( GEOMETRIC_REPRESENTATION_CONTEXT(2) 
PARAMETRIC_REPRESENTATION_CONTEXT() REPRESENTATION_CONTEXT('2D SPACE',''
  ) );
#2075 = ORIENTED_EDGE('',*,*,#2076,.F.);
#2076 = EDGE_CURVE('',#2077,#2051,#2079,.T.);
#2077 = VERTEX_POINT('',#2078);
#2078 = CARTESIAN_POINT('',(125.9255530436,80.67234653821,
    546.04436833756));
#2079 = SURFACE_CURVE('',#2080,(#2084,#2090),.PCURVE_S1.);
#2080 = LINE('',#2081,#2082);
#2081 = CARTESIAN_POINT('',(86.908911861226,99.249578247673,
    560.33194836139));
#2082 = VECTOR('',#2083,1.);
#2083 = DIRECTION('',(0.857240158974,-0.408162993567,-0.31391444778));
#2084 = PCURVE('',#81,#2085);
#2085 = DEFINITIONAL_REPRESENTATION('',(#2086),#2089);
#2086 = B_SPLINE_CURVE_WITH_KNOTS('',1,(#2087,#2088),.UNSPECIFIED.,.F.,
  .F.,(2,2),(45.514247989818,46.717345681565),.PIECEWISE_BEZIER_KNOTS.);
#2087 = CARTESIAN_POINT('',(36.998213163153,-125.9255530436));
#2088 = CARTESIAN_POINT('',(37.617708375413,-126.9568967001));
#2089 = ( GEOMETRIC_REPRESENTATION_CONTEXT(2) 
PARAMETRIC_REPRESENTATION_CONTEXT() REPRESENTATION_CONTEXT('2D SPACE',''
  ) );
#2090 = PCURVE('',#2091,#2096);
#2091 = PLANE('',#2092);
#2092 = AXIS2_PLACEMENT_3D('',#2093,#2094,#2095);
#2093 = CARTESIAN_POINT('',(126.95689670013,-5.,545.66669859003));
#2094 = DIRECTION('',(0.343861681282,-0.,0.939020310827));
#2095 = DIRECTION('',(-0.939020310827,0.,0.343861681282));
#2096 = DEFINITIONAL_REPRESENTATION('',(#2097),#2100);
#2097 = B_SPLINE_CURVE_WITH_KNOTS('',1,(#2098,#2099),.UNSPECIFIED.,.F.,
  .F.,(2,2),(45.514247989818,46.717345681565),.PIECEWISE_BEZIER_KNOTS.);
#2098 = CARTESIAN_POINT('',(1.098318795284,-85.67234653821));
#2099 = CARTESIAN_POINT('',(7.105427357601E-15,-85.18128658279));
#2100 = ( GEOMETRIC_REPRESENTATION_CONTEXT(2) 
PARAMETRIC_REPRESENTATION_CONTEXT() REPRESENTATION_CONTEXT('2D SPACE',''
  ) );
#2101 = ORIENTED_EDGE('',*,*,#2102,.F.);
#2102 = EDGE_CURVE('',#2103,#2077,#2105,.T.);
#2103 = VERTEX_POINT('',#2104);
#2104 = CARTESIAN_POINT('',(124.892135826,81.136789912564,
    546.40156751457));
#2105 = SURFACE_CURVE('',#2106,(#2110,#2116),.PCURVE_S1.);
#2106 = LINE('',#2107,#2108);
#2107 = CARTESIAN_POINT('',(84.91049061054,99.105534674966,
    560.22116575911));
#2108 = VECTOR('',#2109,1.);
#2109 = DIRECTION('',(0.869908768548,-0.390958614744,-0.30068271643));
#2110 = PCURVE('',#81,#2111);
#2111 = DEFINITIONAL_REPRESENTATION('',(#2112),#2115);
#2112 = B_SPLINE_CURVE_WITH_KNOTS('',1,(#2113,#2114),.UNSPECIFIED.,.F.,
  .F.,(2,2),(45.960733655069,47.14869411134),.PIECEWISE_BEZIER_KNOTS.);
#2113 = CARTESIAN_POINT('',(36.412296018812,-124.892135826));
#2114 = CARTESIAN_POINT('',(36.998213163153,-125.9255530436));
#2115 = ( GEOMETRIC_REPRESENTATION_CONTEXT(2) 
PARAMETRIC_REPRESENTATION_CONTEXT() REPRESENTATION_CONTEXT('2D SPACE',''
  ) );
#2116 = PCURVE('',#2117,#2122);
#2117 = PLANE('',#2118);
#2118 = AXIS2_PLACEMENT_3D('',#2119,#2120,#2121);
#2119 = CARTESIAN_POINT('',(125.9255530436,-5.,546.04436833756));
#2120 = DIRECTION('',(0.32668407067,-0.,0.945133597948));
#2121 = DIRECTION('',(-0.945133597948,0.,0.32668407067));
#2122 = DEFINITIONAL_REPRESENTATION('',(#2123),#2126);
#2123 = B_SPLINE_CURVE_WITH_KNOTS('',1,(#2124,#2125),.UNSPECIFIED.,.F.,
  .F.,(2,2),(45.960733655069,47.14869411134),.PIECEWISE_BEZIER_KNOTS.);
#2124 = CARTESIAN_POINT('',(1.093408614234,-86.13678991256));
#2125 = CARTESIAN_POINT('',(0.,-85.67234653821));
#2126 = ( GEOMETRIC_REPRESENTATION_CONTEXT(2) 
PARAMETRIC_REPRESENTATION_CONTEXT() REPRESENTATION_CONTEXT('2D SPACE',''
  ) );
#2127 = ORIENTED_EDGE('',*,*,#2128,.F.);
#2128 = EDGE_CURVE('',#2129,#2103,#2131,.T.);
#2129 = VERTEX_POINT('',#2130);
#2130 = CARTESIAN_POINT('',(123.85584041756,81.57416100011,
    546.7379456419));
#2131 = SURFACE_CURVE('',#2132,(#2136,#2142),.PCURVE_S1.);
#2132 = LINE('',#2133,#2134);
#2133 = CARTESIAN_POINT('',(82.848528122162,98.881400451214,
    560.0487861652));
#2134 = VECTOR('',#2135,1.);
#2135 = DIRECTION('',(0.882680477845,-0.372537519134,-0.286515219261));
#2136 = PCURVE('',#81,#2137);
#2137 = DEFINITIONAL_REPRESENTATION('',(#2138),#2141);
#2138 = B_SPLINE_CURVE_WITH_KNOTS('',1,(#2139,#2140),.UNSPECIFIED.,.F.,
  .F.,(2,2),(46.457708451314,47.631740770429),.PIECEWISE_BEZIER_KNOTS.);
#2139 = CARTESIAN_POINT('',(35.860531836604,-123.8558404175));
#2140 = CARTESIAN_POINT('',(36.412296018812,-124.892135826));
#2141 = ( GEOMETRIC_REPRESENTATION_CONTEXT(2) 
PARAMETRIC_REPRESENTATION_CONTEXT() REPRESENTATION_CONTEXT('2D SPACE',''
  ) );
#2142 = PCURVE('',#2143,#2148);
#2143 = PLANE('',#2144);
#2144 = AXIS2_PLACEMENT_3D('',#2145,#2146,#2147);
#2145 = CARTESIAN_POINT('',(124.892135826,-5.,546.40156751457));
#2146 = DIRECTION('',(0.308739148725,-0.,0.951146748953));
#2147 = DIRECTION('',(-0.951146748953,0.,0.308739148725));
#2148 = DEFINITIONAL_REPRESENTATION('',(#2149),#2152);
#2149 = B_SPLINE_CURVE_WITH_KNOTS('',1,(#2150,#2151),.UNSPECIFIED.,.F.,
  .F.,(2,2),(46.457708451314,47.631740770429),.PIECEWISE_BEZIER_KNOTS.);
#2150 = CARTESIAN_POINT('',(1.089522105376,-86.57416100011));
#2151 = CARTESIAN_POINT('',(0.,-86.13678991256));
#2152 = ( GEOMETRIC_REPRESENTATION_CONTEXT(2) 
PARAMETRIC_REPRESENTATION_CONTEXT() REPRESENTATION_CONTEXT('2D SPACE',''
  ) );
#2153 = ORIENTED_EDGE('',*,*,#2154,.F.);
#2154 = EDGE_CURVE('',#2155,#2129,#2157,.T.);
#2155 = VERTEX_POINT('',#2156);
#2156 = CARTESIAN_POINT('',(122.81597417056,81.983876478754,
    547.05305409184));
#2157 = SURFACE_CURVE('',#2158,(#2162,#2168),.PCURVE_S1.);
#2158 = LINE('',#2159,#2160);
#2159 = CARTESIAN_POINT('',(80.726777415147,98.567350982388,
    559.80725357372));
#2160 = VECTOR('',#2161,1.);
#2161 = DIRECTION('',(0.895477993882,-0.35282537147,-0.271354785694));
#2162 = PCURVE('',#81,#2163);
#2163 = DEFINITIONAL_REPRESENTATION('',(#2164),#2167);
#2164 = B_SPLINE_CURVE_WITH_KNOTS('',1,(#2165,#2166),.UNSPECIFIED.,.F.,
  .F.,(2,2),(47.001933093781,48.163174636408),.PIECEWISE_BEZIER_KNOTS.);
#2165 = CARTESIAN_POINT('',(35.343656504765,-122.8159741705));
#2166 = CARTESIAN_POINT('',(35.860531836604,-123.8558404175));
#2167 = ( GEOMETRIC_REPRESENTATION_CONTEXT(2) 
PARAMETRIC_REPRESENTATION_CONTEXT() REPRESENTATION_CONTEXT('2D SPACE',''
  ) );
#2168 = PCURVE('',#2169,#2174);
#2169 = PLANE('',#2170);
#2170 = AXIS2_PLACEMENT_3D('',#2171,#2172,#2173);
#2171 = CARTESIAN_POINT('',(123.85584041756,-5.,546.7379456419));
#2172 = DIRECTION('',(0.290005259294,-0.,0.9570250517));
#2173 = DIRECTION('',(-0.9570250517,0.,0.290005259294));
#2174 = DEFINITIONAL_REPRESENTATION('',(#2175),#2178);
#2175 = B_SPLINE_CURVE_WITH_KNOTS('',1,(#2176,#2177),.UNSPECIFIED.,.F.,
  .F.,(2,2),(47.001933093781,48.163174636408),.PIECEWISE_BEZIER_KNOTS.);
#2176 = CARTESIAN_POINT('',(1.086561156531,-86.98387647875));
#2177 = CARTESIAN_POINT('',(0.,-86.57416100011));
#2178 = ( GEOMETRIC_REPRESENTATION_CONTEXT(2) 
PARAMETRIC_REPRESENTATION_CONTEXT() REPRESENTATION_CONTEXT('2D SPACE',''
  ) );
#2179 = ORIENTED_EDGE('',*,*,#2180,.F.);
#2180 = EDGE_CURVE('',#2181,#2155,#2183,.T.);
#2181 = VERTEX_POINT('',#2182);
#2182 = CARTESIAN_POINT('',(121.77197018783,82.365245262855,
    547.3463613567));
#2183 = SURFACE_CURVE('',#2184,(#2188,#2194),.PCURVE_S1.);
#2184 = LINE('',#2185,#2186);
#2185 = CARTESIAN_POINT('',(78.55188917834,98.153297814402,
    559.48880904634));
#2186 = VECTOR('',#2187,1.);
#2187 = DIRECTION('',(0.908201966335,-0.331761071173,-0.25515442383));
#2188 = PCURVE('',#81,#2189);
#2189 = DEFINITIONAL_REPRESENTATION('',(#2190),#2193);
#2190 = B_SPLINE_CURVE_WITH_KNOTS('',1,(#2191,#2192),.UNSPECIFIED.,.F.,
  .F.,(2,2),(47.588623028337,48.738151460809),.PIECEWISE_BEZIER_KNOTS.);
#2191 = CARTESIAN_POINT('',(34.862541860311,-121.7719701878));
#2192 = CARTESIAN_POINT('',(35.343656504765,-122.8159741705));
#2193 = ( GEOMETRIC_REPRESENTATION_CONTEXT(2) 
PARAMETRIC_REPRESENTATION_CONTEXT() REPRESENTATION_CONTEXT('2D SPACE',''
  ) );
#2194 = PCURVE('',#2195,#2200);
#2195 = PLANE('',#2196);
#2196 = AXIS2_PLACEMENT_3D('',#2197,#2198,#2199);
#2197 = CARTESIAN_POINT('',(122.81597417056,-5.,547.05305409184));
#2198 = DIRECTION('',(0.270473087391,-0.,0.96272753622));
#2199 = DIRECTION('',(-0.96272753622,0.,0.270473087391));
#2200 = DEFINITIONAL_REPRESENTATION('',(#2201),#2204);
#2201 = B_SPLINE_CURVE_WITH_KNOTS('',1,(#2202,#2203),.UNSPECIFIED.,.F.,
  .F.,(2,2),(47.588623028337,48.738151460809),.PIECEWISE_BEZIER_KNOTS.);
#2202 = CARTESIAN_POINT('',(1.084423103578,-87.36524526285));
#2203 = CARTESIAN_POINT('',(-2.13162820728E-14,-86.98387647875));
#2204 = ( GEOMETRIC_REPRESENTATION_CONTEXT(2) 
PARAMETRIC_REPRESENTATION_CONTEXT() REPRESENTATION_CONTEXT('2D SPACE',''
  ) );
#2205 = ORIENTED_EDGE('',*,*,#2206,.F.);
#2206 = EDGE_CURVE('',#2207,#2181,#2209,.T.);
#2207 = VERTEX_POINT('',#2208);
#2208 = CARTESIAN_POINT('',(120.7233993892,82.717490879673,
    547.61727025836));
#2209 = SURFACE_CURVE('',#2210,(#2214,#2220),.PCURVE_S1.);
#2210 = LINE('',#2211,#2212);
#2211 = CARTESIAN_POINT('',(76.333692007819,97.629292617231,
    559.08580141288));
#2212 = VECTOR('',#2213,1.);
#2213 = DIRECTION('',(0.920731298299,-0.30930058754,-0.237880270054));
#2214 = PCURVE('',#81,#2215);
#2215 = DEFINITIONAL_REPRESENTATION('',(#2216),#2219);
#2216 = B_SPLINE_CURVE_WITH_KNOTS('',1,(#2217,#2218),.UNSPECIFIED.,.F.,
  .F.,(2,2),(48.211359235221,49.350204846926),.PIECEWISE_BEZIER_KNOTS.);
#2217 = CARTESIAN_POINT('',(34.418167460095,-120.7233993892));
#2218 = CARTESIAN_POINT('',(34.862541860311,-121.7719701878));
#2219 = ( GEOMETRIC_REPRESENTATION_CONTEXT(2) 
PARAMETRIC_REPRESENTATION_CONTEXT() REPRESENTATION_CONTEXT('2D SPACE',''
  ) );
#2220 = PCURVE('',#2221,#2226);
#2221 = PLANE('',#2222);
#2222 = AXIS2_PLACEMENT_3D('',#2223,#2224,#2225);
#2223 = CARTESIAN_POINT('',(121.77197018783,-5.,547.3463613567));
#2224 = DIRECTION('',(0.250146366078,-0.,0.968208033192));
#2225 = DIRECTION('',(-0.968208033192,0.,0.250146366078));
#2226 = DEFINITIONAL_REPRESENTATION('',(#2227),#2230);
#2227 = B_SPLINE_CURVE_WITH_KNOTS('',1,(#2228,#2229),.UNSPECIFIED.,.F.,
  .F.,(2,2),(48.211359235221,49.350204846926),.PIECEWISE_BEZIER_KNOTS.);
#2228 = CARTESIAN_POINT('',(1.08300154789,-87.71749087967));
#2229 = CARTESIAN_POINT('',(0.,-87.36524526285));
#2230 = ( GEOMETRIC_REPRESENTATION_CONTEXT(2) 
PARAMETRIC_REPRESENTATION_CONTEXT() REPRESENTATION_CONTEXT('2D SPACE',''
  ) );
#2231 = ORIENTED_EDGE('',*,*,#2232,.F.);
#2232 = EDGE_CURVE('',#2233,#2207,#2235,.T.);
#2233 = VERTEX_POINT('',#2234);
#2234 = CARTESIAN_POINT('',(119.66998029905,83.039775955197,
    547.86513678008));
#2235 = SURFACE_CURVE('',#2236,(#2240,#2246),.PCURVE_S1.);
#2236 = LINE('',#2237,#2238);
#2237 = CARTESIAN_POINT('',(74.085355537003,96.986024292201,
    558.591069592));
#2238 = VECTOR('',#2239,1.);
#2239 = DIRECTION('',(0.932924628659,-0.285420766737,-0.219514516963));
#2240 = PCURVE('',#81,#2241);
#2241 = DEFINITIONAL_REPRESENTATION('',(#2242),#2245);
#2242 = B_SPLINE_CURVE_WITH_KNOTS('',1,(#2243,#2244),.UNSPECIFIED.,.F.,
  .F.,(2,2),(48.862065982313,49.991223748966),.PIECEWISE_BEZIER_KNOTS.);
#2243 = CARTESIAN_POINT('',(34.011589690786,-119.669980299));
#2244 = CARTESIAN_POINT('',(34.418167460095,-120.7233993892));
#2245 = ( GEOMETRIC_REPRESENTATION_CONTEXT(2) 
PARAMETRIC_REPRESENTATION_CONTEXT() REPRESENTATION_CONTEXT('2D SPACE',''
  ) );
#2246 = PCURVE('',#2247,#2252);
#2247 = PLANE('',#2248);
#2248 = AXIS2_PLACEMENT_3D('',#2249,#2250,#2251);
#2249 = CARTESIAN_POINT('',(120.7233993892,-5.,547.61727025836));
#2250 = DIRECTION('',(0.229042141175,-0.,0.973416507753));
#2251 = DIRECTION('',(-0.973416507753,0.,0.229042141175));
#2252 = DEFINITIONAL_REPRESENTATION('',(#2253),#2256);
#2253 = B_SPLINE_CURVE_WITH_KNOTS('',1,(#2254,#2255),.UNSPECIFIED.,.F.,
  .F.,(2,2),(48.862065982313,49.991223748966),.PIECEWISE_BEZIER_KNOTS.);
#2254 = CARTESIAN_POINT('',(1.082187410797,-88.03977595519));
#2255 = CARTESIAN_POINT('',(-7.105427357601E-15,-87.71749087967));
#2256 = ( GEOMETRIC_REPRESENTATION_CONTEXT(2) 
PARAMETRIC_REPRESENTATION_CONTEXT() REPRESENTATION_CONTEXT('2D SPACE',''
  ) );
#2257 = ORIENTED_EDGE('',*,*,#2258,.F.);
#2258 = EDGE_CURVE('',#2259,#2233,#2261,.T.);
#2259 = VERTEX_POINT('',#2260);
#2260 = CARTESIAN_POINT('',(118.61158598589,83.331228309522,
    548.08929013623));
#2261 = SURFACE_CURVE('',#2262,(#2266,#2272),.PCURVE_S1.);
#2262 = LINE('',#2263,#2264);
#2263 = CARTESIAN_POINT('',(71.823396914758,96.215394153782,
    557.99838495827));
#2264 = VECTOR('',#2265,1.);
#2265 = DIRECTION('',(0.944623093963,-0.260122925135,-0.200058176967));
#2266 = PCURVE('',#81,#2267);
#2267 = DEFINITIONAL_REPRESENTATION('',(#2268),#2271);
#2268 = B_SPLINE_CURVE_WITH_KNOTS('',1,(#2269,#2270),.UNSPECIFIED.,.F.,
  .F.,(2,2),(49.531066274116,50.651507135581),.PIECEWISE_BEZIER_KNOTS.);
#2269 = CARTESIAN_POINT('',(33.643908848326,-118.6115859858));
#2270 = CARTESIAN_POINT('',(34.011589690786,-119.669980299));
#2271 = ( GEOMETRIC_REPRESENTATION_CONTEXT(2) 
PARAMETRIC_REPRESENTATION_CONTEXT() REPRESENTATION_CONTEXT('2D SPACE',''
  ) );
#2272 = PCURVE('',#2273,#2278);
#2273 = PLANE('',#2274);
#2274 = AXIS2_PLACEMENT_3D('',#2275,#2276,#2277);
#2275 = CARTESIAN_POINT('',(119.66998029905,-5.,547.86513678008));
#2276 = DIRECTION('',(0.207190608168,-0.,0.978300593829));
#2277 = DIRECTION('',(-0.978300593829,0.,0.207190608168));
#2278 = DEFINITIONAL_REPRESENTATION('',(#2279),#2282);
#2279 = B_SPLINE_CURVE_WITH_KNOTS('',1,(#2280,#2281),.UNSPECIFIED.,.F.,
  .F.,(2,2),(49.531066274116,50.651507135581),.PIECEWISE_BEZIER_KNOTS.);
#2280 = CARTESIAN_POINT('',(1.081870255252,-88.33122830952));
#2281 = CARTESIAN_POINT('',(-7.105427357601E-15,-88.03977595519));
#2282 = ( GEOMETRIC_REPRESENTATION_CONTEXT(2) 
PARAMETRIC_REPRESENTATION_CONTEXT() REPRESENTATION_CONTEXT('2D SPACE',''
  ) );
#2283 = ORIENTED_EDGE('',*,*,#2284,.F.);
#2284 = EDGE_CURVE('',#2285,#2259,#2287,.T.);
#2285 = VERTEX_POINT('',#2286);
#2286 = CARTESIAN_POINT('',(117.5482476021,83.590968086875,
    548.28905363772));
#2287 = SURFACE_CURVE('',#2288,(#2292,#2298),.PCURVE_S1.);
#2288 = LINE('',#2289,#2290);
#2289 = CARTESIAN_POINT('',(69.567493691865,95.311141578087,
    557.30293252278));
#2290 = VECTOR('',#2291,1.);
#2291 = DIRECTION('',(0.955654409843,-0.233436004402,-0.17953350884));
#2292 = PCURVE('',#81,#2293);
#2293 = DEFINITIONAL_REPRESENTATION('',(#2294),#2297);
#2294 = B_SPLINE_CURVE_WITH_KNOTS('',1,(#2295,#2296),.UNSPECIFIED.,.F.,
  .F.,(2,2),(50.207222837091,51.319903710887),.PIECEWISE_BEZIER_KNOTS.);
#2295 = CARTESIAN_POINT('',(33.316234912122,-117.5482476021));
#2296 = CARTESIAN_POINT('',(33.643908848326,-118.6115859858));
#2297 = ( GEOMETRIC_REPRESENTATION_CONTEXT(2) 
PARAMETRIC_REPRESENTATION_CONTEXT() REPRESENTATION_CONTEXT('2D SPACE',''
  ) );
#2298 = PCURVE('',#2299,#2304);
#2299 = PLANE('',#2300);
#2300 = AXIS2_PLACEMENT_3D('',#2301,#2302,#2303);
#2301 = CARTESIAN_POINT('',(118.61158598589,-5.,548.08929013623));
#2302 = DIRECTION('',(0.184634561608,-0.,0.982807243899));
#2303 = DIRECTION('',(-0.982807243899,0.,0.184634561608));
#2304 = DEFINITIONAL_REPRESENTATION('',(#2305),#2308);
#2305 = B_SPLINE_CURVE_WITH_KNOTS('',1,(#2306,#2307),.UNSPECIFIED.,.F.,
  .F.,(2,2),(50.207222837091,51.319903710887),.PIECEWISE_BEZIER_KNOTS.);
#2306 = CARTESIAN_POINT('',(1.081939912829,-88.59096808687));
#2307 = CARTESIAN_POINT('',(-1.42108547152E-14,-88.33122830952));
#2308 = ( GEOMETRIC_REPRESENTATION_CONTEXT(2) 
PARAMETRIC_REPRESENTATION_CONTEXT() REPRESENTATION_CONTEXT('2D SPACE',''
  ) );
#2309 = ORIENTED_EDGE('',*,*,#2310,.F.);
#2310 = EDGE_CURVE('',#2311,#2285,#2313,.T.);
#2311 = VERTEX_POINT('',#2312);
#2312 = CARTESIAN_POINT('',(116.48015400891,83.818135275135,
    548.46376585705));
#2313 = SURFACE_CURVE('',#2314,(#2318,#2324),.PCURVE_S1.);
#2314 = LINE('',#2315,#2316);
#2315 = CARTESIAN_POINT('',(67.34007445184,94.269479403615,
    556.50179961405));
#2316 = VECTOR('',#2317,1.);
#2317 = DIRECTION('',(0.96583822282,-0.205419033305,-0.157985911069));
#2318 = PCURVE('',#81,#2319);
#2319 = DEFINITIONAL_REPRESENTATION('',(#2320),#2323);
#2320 = B_SPLINE_CURVE_WITH_KNOTS('',1,(#2321,#2322),.UNSPECIFIED.,.F.,
  .F.,(2,2),(50.878168202541,51.984040353749),.PIECEWISE_BEZIER_KNOTS.);
#2321 = CARTESIAN_POINT('',(33.029652827883,-116.4801540089));
#2322 = CARTESIAN_POINT('',(33.316234912122,-117.5482476021));
#2323 = ( GEOMETRIC_REPRESENTATION_CONTEXT(2) 
PARAMETRIC_REPRESENTATION_CONTEXT() REPRESENTATION_CONTEXT('2D SPACE',''
  ) );
#2324 = PCURVE('',#2325,#2330);
#2325 = PLANE('',#2326);
#2326 = AXIS2_PLACEMENT_3D('',#2327,#2328,#2329);
#2327 = CARTESIAN_POINT('',(117.5482476021,-5.,548.28905363772));
#2328 = DIRECTION('',(0.16142851728,-0.,0.986884407521));
#2329 = DIRECTION('',(-0.986884407521,0.,0.16142851728));
#2330 = DEFINITIONAL_REPRESENTATION('',(#2331),#2334);
#2331 = B_SPLINE_CURVE_WITH_KNOTS('',1,(#2332,#2333),.UNSPECIFIED.,.F.,
  .F.,(2,2),(50.878168202541,51.984040353749),.PIECEWISE_BEZIER_KNOTS.);
#2332 = CARTESIAN_POINT('',(1.082288447409,-88.81813527513));
#2333 = CARTESIAN_POINT('',(-1.42108547152E-14,-88.59096808687));
#2334 = ( GEOMETRIC_REPRESENTATION_CONTEXT(2) 
PARAMETRIC_REPRESENTATION_CONTEXT() REPRESENTATION_CONTEXT('2D SPACE',''
  ) );
#2335 = ORIENTED_EDGE('',*,*,#2336,.F.);
#2336 = EDGE_CURVE('',#2337,#2311,#2339,.T.);
#2337 = VERTEX_POINT('',#2338);
#2338 = CARTESIAN_POINT('',(115.40764704355,84.011916900384,
    548.61280154338));
#2339 = SURFACE_CURVE('',#2340,(#2344,#2350),.PCURVE_S1.);
#2340 = LINE('',#2341,#2342);
#2341 = CARTESIAN_POINT('',(65.165673422373,93.0896866665,
    555.59443174532));
#2342 = VECTOR('',#2343,1.);
#2343 = DIRECTION('',(0.974992575649,-0.176162628326,-0.135485075967));
#2344 = PCURVE('',#81,#2345);
#2345 = DEFINITIONAL_REPRESENTATION('',(#2346),#2349);
#2346 = B_SPLINE_CURVE_WITH_KNOTS('',1,(#2347,#2348),.UNSPECIFIED.,.F.,
  .F.,(2,2),(51.530621746251,52.630637266514),.PIECEWISE_BEZIER_KNOTS.);
#2347 = CARTESIAN_POINT('',(32.785188200414,-115.4076470435));
#2348 = CARTESIAN_POINT('',(33.029652827883,-116.4801540089));
#2349 = ( GEOMETRIC_REPRESENTATION_CONTEXT(2) 
PARAMETRIC_REPRESENTATION_CONTEXT() REPRESENTATION_CONTEXT('2D SPACE',''
  ) );
#2350 = PCURVE('',#2351,#2356);
#2351 = PLANE('',#2352);
#2352 = AXIS2_PLACEMENT_3D('',#2353,#2354,#2355);
#2353 = CARTESIAN_POINT('',(116.48015400891,-5.,548.46376585705));
#2354 = DIRECTION('',(0.137637579584,-0.,0.990482658448));
#2355 = DIRECTION('',(-0.990482658448,0.,0.137637579584));
#2356 = DEFINITIONAL_REPRESENTATION('',(#2357),#2360);
#2357 = B_SPLINE_CURVE_WITH_KNOTS('',1,(#2358,#2359),.UNSPECIFIED.,.F.,
  .F.,(2,2),(51.530621746251,52.630637266514),.PIECEWISE_BEZIER_KNOTS.);
#2358 = CARTESIAN_POINT('',(1.082812461387,-89.01191690038));
#2359 = CARTESIAN_POINT('',(0.,-88.81813527513));
#2360 = ( GEOMETRIC_REPRESENTATION_CONTEXT(2) 
PARAMETRIC_REPRESENTATION_CONTEXT() REPRESENTATION_CONTEXT('2D SPACE',''
  ) );
#2361 = ORIENTED_EDGE('',*,*,#2362,.F.);
#2362 = EDGE_CURVE('',#2363,#2337,#2365,.T.);
#2363 = VERTEX_POINT('',#2364);
#2364 = CARTESIAN_POINT('',(114.33121210692,84.171573115537,
    548.73559168704));
#2365 = SURFACE_CURVE('',#2366,(#2370,#2376),.PCURVE_S1.);
#2366 = LINE('',#2367,#2368);
#2367 = CARTESIAN_POINT('',(63.070056744808,91.77459840851,
    554.58300932145));
#2368 = VECTOR('',#2369,1.);
#2369 = DIRECTION('',(0.982941210634,-0.145789279098,-0.112125209197));
#2370 = PCURVE('',#81,#2371);
#2371 = DEFINITIONAL_REPRESENTATION('',(#2372),#2375);
#2372 = B_SPLINE_CURVE_WITH_KNOTS('',1,(#2373,#2374),.UNSPECIFIED.,.F.,
  .F.,(2,2),(52.150784612084,53.245900906923),.PIECEWISE_BEZIER_KNOTS.);
#2373 = CARTESIAN_POINT('',(32.583774381585,-114.3312121069));
#2374 = CARTESIAN_POINT('',(32.785188200414,-115.4076470435));
#2375 = ( GEOMETRIC_REPRESENTATION_CONTEXT(2) 
PARAMETRIC_REPRESENTATION_CONTEXT() REPRESENTATION_CONTEXT('2D SPACE',''
  ) );
#2376 = PCURVE('',#2377,#2382);
#2377 = PLANE('',#2378);
#2378 = AXIS2_PLACEMENT_3D('',#2379,#2380,#2381);
#2379 = CARTESIAN_POINT('',(115.40764704355,-5.,548.61280154338));
#2380 = DIRECTION('',(0.113336130319,-0.,0.993556702742));
#2381 = DIRECTION('',(-0.993556702742,0.,0.113336130319));
#2382 = DEFINITIONAL_REPRESENTATION('',(#2383),#2386);
#2383 = B_SPLINE_CURVE_WITH_KNOTS('',1,(#2384,#2385),.UNSPECIFIED.,.F.,
  .F.,(2,2),(52.150784612084,53.245900906923),.PIECEWISE_BEZIER_KNOTS.);
#2384 = CARTESIAN_POINT('',(1.083415706082,-89.17157311553));
#2385 = CARTESIAN_POINT('',(-7.105427357601E-15,-89.01191690038));
#2386 = ( GEOMETRIC_REPRESENTATION_CONTEXT(2) 
PARAMETRIC_REPRESENTATION_CONTEXT() REPRESENTATION_CONTEXT('2D SPACE',''
  ) );
#2387 = ORIENTED_EDGE('',*,*,#2388,.F.);
#2388 = EDGE_CURVE('',#2389,#2363,#2391,.T.);
#2389 = VERTEX_POINT('',#2390);
#2390 = CARTESIAN_POINT('',(113.25146393264,84.29646134697,
    548.83164209048));
#2391 = SURFACE_CURVE('',#2392,(#2396,#2402),.PCURVE_S1.);
#2392 = LINE('',#2393,#2394);
#2393 = CARTESIAN_POINT('',(61.07915449269,90.330930875086,
    553.47269774574));
#2394 = VECTOR('',#2395,1.);
#2395 = DIRECTION('',(0.989521318124,-0.114452212404,-8.80241560854E-02)
  );
#2396 = PCURVE('',#81,#2397);
#2397 = DEFINITIONAL_REPRESENTATION('',(#2398),#2401);
#2398 = B_SPLINE_CURVE_WITH_KNOTS('',1,(#2399,#2400),.UNSPECIFIED.,.F.,
  .F.,(2,2),(52.72479580216,53.81597812891),.PIECEWISE_BEZIER_KNOTS.);
#2399 = CARTESIAN_POINT('',(32.42622200822,-113.2514639326));
#2400 = CARTESIAN_POINT('',(32.583774381585,-114.3312121069));
#2401 = ( GEOMETRIC_REPRESENTATION_CONTEXT(2) 
PARAMETRIC_REPRESENTATION_CONTEXT() REPRESENTATION_CONTEXT('2D SPACE',''
  ) );
#2402 = PCURVE('',#2403,#2408);
#2403 = PLANE('',#2404);
#2404 = AXIS2_PLACEMENT_3D('',#2405,#2406,#2407);
#2405 = CARTESIAN_POINT('',(114.33121210692,-5.,548.73559168704));
#2406 = DIRECTION('',(8.860641052578E-02,-0.,0.996066716648));
#2407 = DIRECTION('',(-0.996066716648,0.,8.860641052578E-02));
#2408 = DEFINITIONAL_REPRESENTATION('',(#2409),#2412);
#2409 = B_SPLINE_CURVE_WITH_KNOTS('',1,(#2410,#2411),.UNSPECIFIED.,.F.,
  .F.,(2,2),(52.72479580216,53.81597812891),.PIECEWISE_BEZIER_KNOTS.);
#2410 = CARTESIAN_POINT('',(1.084011900239,-89.29646134697));
#2411 = CARTESIAN_POINT('',(-7.105427357601E-15,-89.17157311553));
#2412 = ( GEOMETRIC_REPRESENTATION_CONTEXT(2) 
PARAMETRIC_REPRESENTATION_CONTEXT() REPRESENTATION_CONTEXT('2D SPACE',''
  ) );
#2413 = ORIENTED_EDGE('',*,*,#2414,.F.);
#2414 = EDGE_CURVE('',#2415,#2389,#2417,.T.);
#2415 = VERTEX_POINT('',#2416);
#2416 = CARTESIAN_POINT('',(112.16912764307,84.386057634907,
    548.90054978102));
#2417 = SURFACE_CURVE('',#2418,(#2422,#2428),.PCURVE_S1.);
#2418 = LINE('',#2419,#2420);
#2419 = CARTESIAN_POINT('',(59.217860683486,88.769387480603,
    552.2717289169));
#2420 = VECTOR('',#2421,1.);
#2421 = DIRECTION('',(0.994591238728,-8.233271291342E-02,
    -6.33213410225E-02));
#2422 = PCURVE('',#81,#2423);
#2423 = DEFINITIONAL_REPRESENTATION('',(#2424),#2427);
#2424 = B_SPLINE_CURVE_WITH_KNOTS('',1,(#2425,#2426),.UNSPECIFIED.,.F.,
  .F.,(2,2),(53.239225219082,54.327447442871),.PIECEWISE_BEZIER_KNOTS.);
#2425 = CARTESIAN_POINT('',(32.313192080202,-112.169127643));
#2426 = CARTESIAN_POINT('',(32.42622200822,-113.2514639326));
#2427 = ( GEOMETRIC_REPRESENTATION_CONTEXT(2) 
PARAMETRIC_REPRESENTATION_CONTEXT() REPRESENTATION_CONTEXT('2D SPACE',''
  ) );
#2428 = PCURVE('',#2429,#2434);
#2429 = PLANE('',#2430);
#2430 = AXIS2_PLACEMENT_3D('',#2431,#2432,#2433);
#2431 = CARTESIAN_POINT('',(113.25146393264,-5.,548.83164209048));
#2432 = DIRECTION('',(6.353705575444E-02,-0.,0.997979480023));
#2433 = DIRECTION('',(-0.997979480023,0.,6.353705575444E-02));
#2434 = DEFINITIONAL_REPRESENTATION('',(#2435),#2438);
#2435 = B_SPLINE_CURVE_WITH_KNOTS('',1,(#2436,#2437),.UNSPECIFIED.,.F.,
  .F.,(2,2),(53.239225219082,54.327447442871),.PIECEWISE_BEZIER_KNOTS.);
#2436 = CARTESIAN_POINT('',(1.08452759925,-89.3860576349));
#2437 = CARTESIAN_POINT('',(-7.105427357601E-15,-89.29646134697));
#2438 = ( GEOMETRIC_REPRESENTATION_CONTEXT(2) 
PARAMETRIC_REPRESENTATION_CONTEXT() REPRESENTATION_CONTEXT('2D SPACE',''
  ) );
#2439 = ORIENTED_EDGE('',*,*,#2440,.F.);
#2440 = EDGE_CURVE('',#2441,#2415,#2443,.T.);
#2441 = VERTEX_POINT('',#2442);
#2442 = CARTESIAN_POINT('',(111.08501549103,84.439974320708,
    548.94201661392));
#2443 = SURFACE_CURVE('',#2444,(#2448,#2454),.PCURVE_S1.);
#2444 = LINE('',#2445,#2446);
#2445 = CARTESIAN_POINT('',(57.508788792112,87.104507299039,
    550.99128470453));
#2446 = VECTOR('',#2447,1.);
#2447 = DIRECTION('',(0.998037566501,-4.963589587039E-02,
    -3.81745162785E-02));
#2448 = PCURVE('',#81,#2449);
#2449 = DEFINITIONAL_REPRESENTATION('',(#2450),#2453);
#2450 = B_SPLINE_CURVE_WITH_KNOTS('',1,(#2451,#2452),.UNSPECIFIED.,.F.,
  .F.,(2,2),(53.681573216462,54.767817049788),.PIECEWISE_BEZIER_KNOTS.);
#2451 = CARTESIAN_POINT('',(32.245173647125,-111.085015491));
#2452 = CARTESIAN_POINT('',(32.313192080202,-112.169127643));
#2453 = ( GEOMETRIC_REPRESENTATION_CONTEXT(2) 
PARAMETRIC_REPRESENTATION_CONTEXT() REPRESENTATION_CONTEXT('2D SPACE',''
  ) );
#2454 = PCURVE('',#2455,#2460);
#2455 = PLANE('',#2456);
#2456 = AXIS2_PLACEMENT_3D('',#2457,#2458,#2459);
#2457 = CARTESIAN_POINT('',(112.16912764307,-5.,548.90054978102));
#2458 = DIRECTION('',(3.822162905181E-02,-0.,0.999269286565));
#2459 = DIRECTION('',(-0.999269286565,0.,3.822162905181E-02));
#2460 = DEFINITIONAL_REPRESENTATION('',(#2461),#2464);
#2461 = B_SPLINE_CURVE_WITH_KNOTS('',1,(#2462,#2463),.UNSPECIFIED.,.F.,
  .F.,(2,2),(53.681573216462,54.767817049788),.PIECEWISE_BEZIER_KNOTS.);
#2462 = CARTESIAN_POINT('',(1.084904906631,-89.4399743207));
#2463 = CARTESIAN_POINT('',(-1.42108547152E-14,-89.3860576349));
#2464 = ( GEOMETRIC_REPRESENTATION_CONTEXT(2) 
PARAMETRIC_REPRESENTATION_CONTEXT() REPRESENTATION_CONTEXT('2D SPACE',''
  ) );
#2465 = ORIENTED_EDGE('',*,*,#2466,.F.);
#2466 = EDGE_CURVE('',#2467,#2441,#2469,.T.);
#2467 = VERTEX_POINT('',#2468);
#2468 = CARTESIAN_POINT('',(110.,84.457973313773,548.95585947586));
#2469 = SURFACE_CURVE('',#2470,(#2474,#2480),.PCURVE_S1.);
#2470 = LINE('',#2471,#2472);
#2471 = CARTESIAN_POINT('',(55.971087425726,85.35424256595,
    549.64517200981));
#2472 = VECTOR('',#2473,1.);
#2473 = DIRECTION('',(0.999781093432,-1.658506548173E-02,
    -1.275542308868E-02));
#2474 = PCURVE('',#81,#2475);
#2475 = DEFINITIONAL_REPRESENTATION('',(#2476),#2479);
#2476 = B_SPLINE_CURVE_WITH_KNOTS('',1,(#2477,#2478),.UNSPECIFIED.,.F.,
  .F.,(2,2),(54.040742447716,55.125995507775),.PIECEWISE_BEZIER_KNOTS.);
#2477 = CARTESIAN_POINT('',(32.222467071468,-110.));
#2478 = CARTESIAN_POINT('',(32.245173647125,-111.085015491));
#2479 = ( GEOMETRIC_REPRESENTATION_CONTEXT(2) 
PARAMETRIC_REPRESENTATION_CONTEXT() REPRESENTATION_CONTEXT('2D SPACE',''
  ) );
#2480 = PCURVE('',#2481,#2486);
#2481 = PLANE('',#2482);
#2482 = AXIS2_PLACEMENT_3D('',#2483,#2484,#2485);
#2483 = CARTESIAN_POINT('',(111.08501549103,-5.,548.94201661392));
#2484 = DIRECTION('',(1.275717773205E-02,-0.,0.999918623897));
#2485 = DIRECTION('',(-0.999918623897,0.,1.275717773205E-02));
#2486 = DEFINITIONAL_REPRESENTATION('',(#2487),#2490);
#2487 = B_SPLINE_CURVE_WITH_KNOTS('',1,(#2488,#2489),.UNSPECIFIED.,.F.,
  .F.,(2,2),(54.040742447716,55.125995507775),.PIECEWISE_BEZIER_KNOTS.);
#2488 = CARTESIAN_POINT('',(1.085103792555,-89.45797331377));
#2489 = CARTESIAN_POINT('',(-1.42108547152E-14,-89.4399743207));
#2490 = ( GEOMETRIC_REPRESENTATION_CONTEXT(2) 
PARAMETRIC_REPRESENTATION_CONTEXT() REPRESENTATION_CONTEXT('2D SPACE',''
  ) );
#2491 = ORIENTED_EDGE('',*,*,#2492,.F.);
#2492 = EDGE_CURVE('',#2493,#2467,#2495,.T.);
#2493 = VERTEX_POINT('',#2494);
#2494 = CARTESIAN_POINT('',(108.91498450896,84.439974320708,
    548.94201661392));
#2495 = SURFACE_CURVE('',#2496,(#2500,#2506),.PCURVE_S1.);
#2496 = LINE('',#2497,#2498);
#2497 = CARTESIAN_POINT('',(54.619425268899,83.539281747824,
    548.24930214423));
#2498 = VECTOR('',#2499,1.);
#2499 = DIRECTION('',(0.999781093432,1.658506548173E-02,
    1.275542308868E-02));
#2500 = PCURVE('',#81,#2501);
#2501 = DEFINITIONAL_REPRESENTATION('',(#2502),#2505);
#2502 = B_SPLINE_CURVE_WITH_KNOTS('',1,(#2503,#2504),.UNSPECIFIED.,.F.,
  .F.,(2,2),(54.307447496994,55.392700557053),.PIECEWISE_BEZIER_KNOTS.);
#2503 = CARTESIAN_POINT('',(32.245173647125,-108.9149845089));
#2504 = CARTESIAN_POINT('',(32.222467071468,-110.));
#2505 = ( GEOMETRIC_REPRESENTATION_CONTEXT(2) 
PARAMETRIC_REPRESENTATION_CONTEXT() REPRESENTATION_CONTEXT('2D SPACE',''
  ) );
#2506 = PCURVE('',#2507,#2512);
#2507 = PLANE('',#2508);
#2508 = AXIS2_PLACEMENT_3D('',#2509,#2510,#2511);
#2509 = CARTESIAN_POINT('',(110.,-5.,548.95585947586));
#2510 = DIRECTION('',(-1.275717773205E-02,0.,0.999918623897));
#2511 = DIRECTION('',(-0.999918623897,0.,-1.275717773205E-02));
#2512 = DEFINITIONAL_REPRESENTATION('',(#2513),#2516);
#2513 = B_SPLINE_CURVE_WITH_KNOTS('',1,(#2514,#2515),.UNSPECIFIED.,.F.,
  .F.,(2,2),(54.307447496994,55.392700557053),.PIECEWISE_BEZIER_KNOTS.);
#2514 = CARTESIAN_POINT('',(1.085103792555,-89.4399743207));
#2515 = CARTESIAN_POINT('',(-1.42108547152E-14,-89.45797331377));
#2516 = ( GEOMETRIC_REPRESENTATION_CONTEXT(2) 
PARAMETRIC_REPRESENTATION_CONTEXT() REPRESENTATION_CONTEXT('2D SPACE',''
  ) );
#2517 = ORIENTED_EDGE('',*,*,#2518,.F.);
#2518 = EDGE_CURVE('',#2519,#2493,#2521,.T.);
#2519 = VERTEX_POINT('',#2520);
#2520 = CARTESIAN_POINT('',(107.83087235692,84.386057634907,
    548.90054978102));
#2521 = SURFACE_CURVE('',#2522,(#2526,#2532),.PCURVE_S1.);
#2522 = LINE('',#2523,#2524);
#2523 = CARTESIAN_POINT('',(53.463243552057,81.682165464256,
    546.82101089341));
#2524 = VECTOR('',#2525,1.);
#2525 = DIRECTION('',(0.998037566501,4.963589587039E-02,
    3.81745162785E-02));
#2526 = PCURVE('',#81,#2527);
#2527 = DEFINITIONAL_REPRESENTATION('',(#2528),#2531);
#2528 = B_SPLINE_CURVE_WITH_KNOTS('',1,(#2529,#2530),.UNSPECIFIED.,.F.,
  .F.,(2,2),(54.474531450204,55.560775283531),.PIECEWISE_BEZIER_KNOTS.);
#2529 = CARTESIAN_POINT('',(32.313192080202,-107.8308723569));
#2530 = CARTESIAN_POINT('',(32.245173647125,-108.9149845089));
#2531 = ( GEOMETRIC_REPRESENTATION_CONTEXT(2) 
PARAMETRIC_REPRESENTATION_CONTEXT() REPRESENTATION_CONTEXT('2D SPACE',''
  ) );
#2532 = PCURVE('',#2533,#2538);
#2533 = PLANE('',#2534);
#2534 = AXIS2_PLACEMENT_3D('',#2535,#2536,#2537);
#2535 = CARTESIAN_POINT('',(108.91498450896,-5.,548.94201661392));
#2536 = DIRECTION('',(-3.822162905181E-02,0.,0.999269286565));
#2537 = DIRECTION('',(-0.999269286565,0.,-3.822162905181E-02));
#2538 = DEFINITIONAL_REPRESENTATION('',(#2539),#2542);
#2539 = B_SPLINE_CURVE_WITH_KNOTS('',1,(#2540,#2541),.UNSPECIFIED.,.F.,
  .F.,(2,2),(54.474531450204,55.560775283531),.PIECEWISE_BEZIER_KNOTS.);
#2540 = CARTESIAN_POINT('',(1.084904906631,-89.3860576349));
#2541 = CARTESIAN_POINT('',(-2.13162820728E-14,-89.4399743207));
#2542 = ( GEOMETRIC_REPRESENTATION_CONTEXT(2) 
PARAMETRIC_REPRESENTATION_CONTEXT() REPRESENTATION_CONTEXT('2D SPACE',''
  ) );
#2543 = ORIENTED_EDGE('',*,*,#2544,.F.);
#2544 = EDGE_CURVE('',#2545,#2519,#2547,.T.);
#2545 = VERTEX_POINT('',#2546);
#2546 = CARTESIAN_POINT('',(106.74853606735,84.29646134697,
    548.83164209048));
#2547 = SURFACE_CURVE('',#2548,(#2552,#2558),.PCURVE_S1.);
#2548 = LINE('',#2549,#2550);
#2549 = CARTESIAN_POINT('',(52.506348520894,79.806268510797,
    545.37827560012));
#2550 = VECTOR('',#2551,1.);
#2551 = DIRECTION('',(0.994591238728,8.233271291342E-02,
    6.33213410225E-02));
#2552 = PCURVE('',#81,#2553);
#2553 = DEFINITIONAL_REPRESENTATION('',(#2554),#2557);
#2554 = B_SPLINE_CURVE_WITH_KNOTS('',1,(#2555,#2556),.UNSPECIFIED.,.F.,
  .F.,(2,2),(54.537166058093,55.625388281881),.PIECEWISE_BEZIER_KNOTS.);
#2555 = CARTESIAN_POINT('',(32.42622200822,-106.7485360673));
#2556 = CARTESIAN_POINT('',(32.313192080202,-107.8308723569));
#2557 = ( GEOMETRIC_REPRESENTATION_CONTEXT(2) 
PARAMETRIC_REPRESENTATION_CONTEXT() REPRESENTATION_CONTEXT('2D SPACE',''
  ) );
#2558 = PCURVE('',#2559,#2564);
#2559 = PLANE('',#2560);
#2560 = AXIS2_PLACEMENT_3D('',#2561,#2562,#2563);
#2561 = CARTESIAN_POINT('',(107.83087235692,-5.,548.90054978102));
#2562 = DIRECTION('',(-6.353705575444E-02,0.,0.997979480023));
#2563 = DIRECTION('',(-0.997979480023,0.,-6.353705575444E-02));
#2564 = DEFINITIONAL_REPRESENTATION('',(#2565),#2568);
#2565 = B_SPLINE_CURVE_WITH_KNOTS('',1,(#2566,#2567),.UNSPECIFIED.,.F.,
  .F.,(2,2),(54.537166058093,55.625388281881),.PIECEWISE_BEZIER_KNOTS.);
#2566 = CARTESIAN_POINT('',(1.08452759925,-89.29646134697));
#2567 = CARTESIAN_POINT('',(-1.42108547152E-14,-89.3860576349));
#2568 = ( GEOMETRIC_REPRESENTATION_CONTEXT(2) 
PARAMETRIC_REPRESENTATION_CONTEXT() REPRESENTATION_CONTEXT('2D SPACE',''
  ) );
#2569 = ORIENTED_EDGE('',*,*,#2570,.F.);
#2570 = EDGE_CURVE('',#2571,#2545,#2573,.T.);
#2571 = VERTEX_POINT('',#2572);
#2572 = CARTESIAN_POINT('',(105.66878789307,84.171573115537,
    548.73559168704));
#2573 = SURFACE_CURVE('',#2574,(#2578,#2584),.PCURVE_S1.);
#2574 = LINE('',#2575,#2576);
#2575 = CARTESIAN_POINT('',(51.746879324664,77.934737567201,
    543.93889816532));
#2576 = VECTOR('',#2577,1.);
#2577 = DIRECTION('',(0.989521318124,0.114452212404,8.80241560854E-02));
#2578 = PCURVE('',#81,#2579);
#2579 = DEFINITIONAL_REPRESENTATION('',(#2580),#2583);
#2580 = B_SPLINE_CURVE_WITH_KNOTS('',1,(#2581,#2582),.UNSPECIFIED.,.F.,
  .F.,(2,2),(54.492922568517,55.584104895266),.PIECEWISE_BEZIER_KNOTS.);
#2581 = CARTESIAN_POINT('',(32.583774381585,-105.668787893));
#2582 = CARTESIAN_POINT('',(32.42622200822,-106.7485360673));
#2583 = ( GEOMETRIC_REPRESENTATION_CONTEXT(2) 
PARAMETRIC_REPRESENTATION_CONTEXT() REPRESENTATION_CONTEXT('2D SPACE',''
  ) );
#2584 = PCURVE('',#2585,#2590);
#2585 = PLANE('',#2586);
#2586 = AXIS2_PLACEMENT_3D('',#2587,#2588,#2589);
#2587 = CARTESIAN_POINT('',(106.74853606735,-5.,548.83164209048));
#2588 = DIRECTION('',(-8.860641052578E-02,0.,0.996066716648));
#2589 = DIRECTION('',(-0.996066716648,0.,-8.860641052578E-02));
#2590 = DEFINITIONAL_REPRESENTATION('',(#2591),#2594);
#2591 = B_SPLINE_CURVE_WITH_KNOTS('',1,(#2592,#2593),.UNSPECIFIED.,.F.,
  .F.,(2,2),(54.492922568517,55.584104895266),.PIECEWISE_BEZIER_KNOTS.);
#2592 = CARTESIAN_POINT('',(1.084011900239,-89.17157311553));
#2593 = CARTESIAN_POINT('',(-1.42108547152E-14,-89.29646134697));
#2594 = ( GEOMETRIC_REPRESENTATION_CONTEXT(2) 
PARAMETRIC_REPRESENTATION_CONTEXT() REPRESENTATION_CONTEXT('2D SPACE',''
  ) );
#2595 = ORIENTED_EDGE('',*,*,#2596,.F.);
#2596 = EDGE_CURVE('',#2597,#2571,#2599,.T.);
#2597 = VERTEX_POINT('',#2598);
#2598 = CARTESIAN_POINT('',(104.59235295644,84.011916900384,
    548.61280154338));
#2599 = SURFACE_CURVE('',#2600,(#2604,#2610),.PCURVE_S1.);
#2600 = LINE('',#2601,#2602);
#2601 = CARTESIAN_POINT('',(51.177644580948,76.089477854155,
    542.5197256951));
#2602 = VECTOR('',#2603,1.);
#2603 = DIRECTION('',(0.982941210634,0.145789279098,0.112125209197));
#2604 = PCURVE('',#81,#2605);
#2605 = DEFINITIONAL_REPRESENTATION('',(#2606),#2609);
#2606 = B_SPLINE_CURVE_WITH_KNOTS('',1,(#2607,#2608),.UNSPECIFIED.,.F.,
  .F.,(2,2),(54.341712197658,55.436828492497),.PIECEWISE_BEZIER_KNOTS.);
#2607 = CARTESIAN_POINT('',(32.785188200414,-104.5923529564));
#2608 = CARTESIAN_POINT('',(32.583774381585,-105.668787893));
#2609 = ( GEOMETRIC_REPRESENTATION_CONTEXT(2) 
PARAMETRIC_REPRESENTATION_CONTEXT() REPRESENTATION_CONTEXT('2D SPACE',''
  ) );
#2610 = PCURVE('',#2611,#2616);
#2611 = PLANE('',#2612);
#2612 = AXIS2_PLACEMENT_3D('',#2613,#2614,#2615);
#2613 = CARTESIAN_POINT('',(105.66878789307,-5.,548.73559168704));
#2614 = DIRECTION('',(-0.113336130319,0.,0.993556702742));
#2615 = DIRECTION('',(-0.993556702742,0.,-0.113336130319));
#2616 = DEFINITIONAL_REPRESENTATION('',(#2617),#2620);
#2617 = B_SPLINE_CURVE_WITH_KNOTS('',1,(#2618,#2619),.UNSPECIFIED.,.F.,
  .F.,(2,2),(54.341712197658,55.436828492497),.PIECEWISE_BEZIER_KNOTS.);
#2618 = CARTESIAN_POINT('',(1.083415706082,-89.01191690038));
#2619 = CARTESIAN_POINT('',(-7.105427357601E-15,-89.17157311553));
#2620 = ( GEOMETRIC_REPRESENTATION_CONTEXT(2) 
PARAMETRIC_REPRESENTATION_CONTEXT() REPRESENTATION_CONTEXT('2D SPACE',''
  ) );
#2621 = ORIENTED_EDGE('',*,*,#2622,.F.);
#2622 = EDGE_CURVE('',#2623,#2597,#2625,.T.);
#2623 = VERTEX_POINT('',#2624);
#2624 = CARTESIAN_POINT('',(103.51984599108,83.818135275135,
    548.46376585705));
#2625 = SURFACE_CURVE('',#2626,(#2630,#2636),.PCURVE_S1.);
#2626 = LINE('',#2627,#2628);
#2627 = CARTESIAN_POINT('',(50.786780877487,74.290272620452,
    541.13597330627));
#2628 = VECTOR('',#2629,1.);
#2629 = DIRECTION('',(0.974992575649,0.176162628326,0.135485075967));
#2630 = PCURVE('',#81,#2631);
#2631 = DEFINITIONAL_REPRESENTATION('',(#2632),#2635);
#2632 = B_SPLINE_CURVE_WITH_KNOTS('',1,(#2633,#2634),.UNSPECIFIED.,.F.,
  .F.,(2,2),(54.085606834988,55.185622355251),.PIECEWISE_BEZIER_KNOTS.);
#2633 = CARTESIAN_POINT('',(33.029652827883,-103.519845991));
#2634 = CARTESIAN_POINT('',(32.785188200414,-104.5923529564));
#2635 = ( GEOMETRIC_REPRESENTATION_CONTEXT(2) 
PARAMETRIC_REPRESENTATION_CONTEXT() REPRESENTATION_CONTEXT('2D SPACE',''
  ) );
#2636 = PCURVE('',#2637,#2642);
#2637 = PLANE('',#2638);
#2638 = AXIS2_PLACEMENT_3D('',#2639,#2640,#2641);
#2639 = CARTESIAN_POINT('',(104.59235295644,-5.,548.61280154338));
#2640 = DIRECTION('',(-0.137637579584,0.,0.990482658448));
#2641 = DIRECTION('',(-0.990482658448,0.,-0.137637579584));
#2642 = DEFINITIONAL_REPRESENTATION('',(#2643),#2646);
#2643 = B_SPLINE_CURVE_WITH_KNOTS('',1,(#2644,#2645),.UNSPECIFIED.,.F.,
  .F.,(2,2),(54.085606834988,55.185622355251),.PIECEWISE_BEZIER_KNOTS.);
#2644 = CARTESIAN_POINT('',(1.082812461387,-88.81813527513));
#2645 = CARTESIAN_POINT('',(0.,-89.01191690038));
#2646 = ( GEOMETRIC_REPRESENTATION_CONTEXT(2) 
PARAMETRIC_REPRESENTATION_CONTEXT() REPRESENTATION_CONTEXT('2D SPACE',''
  ) );
#2647 = ORIENTED_EDGE('',*,*,#2648,.F.);
#2648 = EDGE_CURVE('',#2649,#2623,#2651,.T.);
#2649 = VERTEX_POINT('',#2650);
#2650 = CARTESIAN_POINT('',(102.45175239789,83.590968086875,
    548.28905363772));
#2651 = SURFACE_CURVE('',#2652,(#2656,#2662),.PCURVE_S1.);
#2652 = LINE('',#2653,#2654);
#2653 = CARTESIAN_POINT('',(50.558655190574,72.554099166538,
    539.80069808626));
#2654 = VECTOR('',#2655,1.);
#2655 = DIRECTION('',(0.96583822282,0.205419033305,0.157985911069));
#2656 = PCURVE('',#81,#2657);
#2657 = DEFINITIONAL_REPRESENTATION('',(#2658),#2661);
#2658 = B_SPLINE_CURVE_WITH_KNOTS('',1,(#2659,#2660),.UNSPECIFIED.,.F.,
  .F.,(2,2),(53.728560312942,54.834432464149),.PIECEWISE_BEZIER_KNOTS.);
#2659 = CARTESIAN_POINT('',(33.316234912122,-102.4517523978));
#2660 = CARTESIAN_POINT('',(33.029652827883,-103.519845991));
#2661 = ( GEOMETRIC_REPRESENTATION_CONTEXT(2) 
PARAMETRIC_REPRESENTATION_CONTEXT() REPRESENTATION_CONTEXT('2D SPACE',''
  ) );
#2662 = PCURVE('',#2663,#2668);
#2663 = PLANE('',#2664);
#2664 = AXIS2_PLACEMENT_3D('',#2665,#2666,#2667);
#2665 = CARTESIAN_POINT('',(103.51984599108,-5.,548.46376585705));
#2666 = DIRECTION('',(-0.16142851728,0.,0.986884407521));
#2667 = DIRECTION('',(-0.986884407521,0.,-0.16142851728));
#2668 = DEFINITIONAL_REPRESENTATION('',(#2669),#2672);
#2669 = B_SPLINE_CURVE_WITH_KNOTS('',1,(#2670,#2671),.UNSPECIFIED.,.F.,
  .F.,(2,2),(53.728560312942,54.834432464149),.PIECEWISE_BEZIER_KNOTS.);
#2670 = CARTESIAN_POINT('',(1.082288447409,-88.59096808687));
#2671 = CARTESIAN_POINT('',(-7.105427357601E-15,-88.81813527513));
#2672 = ( GEOMETRIC_REPRESENTATION_CONTEXT(2) 
PARAMETRIC_REPRESENTATION_CONTEXT() REPRESENTATION_CONTEXT('2D SPACE',''
  ) );
#2673 = ORIENTED_EDGE('',*,*,#2674,.F.);
#2674 = EDGE_CURVE('',#2675,#2649,#2677,.T.);
#2675 = VERTEX_POINT('',#2676);
#2676 = CARTESIAN_POINT('',(101.3884140141,83.331228309522,
    548.08929013623));
#2677 = SURFACE_CURVE('',#2678,(#2682,#2688),.PCURVE_S1.);
#2678 = LINE('',#2679,#2680);
#2679 = CARTESIAN_POINT('',(50.474914970927,70.894678376459,
    538.52445264225));
#2680 = VECTOR('',#2681,1.);
#2681 = DIRECTION('',(0.955654409843,0.233436004402,0.17953350884));
#2682 = PCURVE('',#81,#2683);
#2683 = DEFINITIONAL_REPRESENTATION('',(#2684),#2687);
#2684 = B_SPLINE_CURVE_WITH_KNOTS('',1,(#2685,#2686),.UNSPECIFIED.,.F.,
  .F.,(2,2),(53.276057242851,54.388738116647),.PIECEWISE_BEZIER_KNOTS.);
#2685 = CARTESIAN_POINT('',(33.643908848326,-101.3884140141));
#2686 = CARTESIAN_POINT('',(33.316234912122,-102.4517523978));
#2687 = ( GEOMETRIC_REPRESENTATION_CONTEXT(2) 
PARAMETRIC_REPRESENTATION_CONTEXT() REPRESENTATION_CONTEXT('2D SPACE',''
  ) );
#2688 = PCURVE('',#2689,#2694);
#2689 = PLANE('',#2690);
#2690 = AXIS2_PLACEMENT_3D('',#2691,#2692,#2693);
#2691 = CARTESIAN_POINT('',(102.45175239789,-5.,548.28905363772));
#2692 = DIRECTION('',(-0.184634561608,0.,0.982807243899));
#2693 = DIRECTION('',(-0.982807243899,0.,-0.184634561608));
#2694 = DEFINITIONAL_REPRESENTATION('',(#2695),#2698);
#2695 = B_SPLINE_CURVE_WITH_KNOTS('',1,(#2696,#2697),.UNSPECIFIED.,.F.,
  .F.,(2,2),(53.276057242851,54.388738116647),.PIECEWISE_BEZIER_KNOTS.);
#2696 = CARTESIAN_POINT('',(1.081939912829,-88.33122830952));
#2697 = CARTESIAN_POINT('',(-7.105427357601E-15,-88.59096808687));
#2698 = ( GEOMETRIC_REPRESENTATION_CONTEXT(2) 
PARAMETRIC_REPRESENTATION_CONTEXT() REPRESENTATION_CONTEXT('2D SPACE',''
  ) );
#2699 = ORIENTED_EDGE('',*,*,#2700,.F.);
#2700 = EDGE_CURVE('',#2701,#2675,#2703,.T.);
#2701 = VERTEX_POINT('',#2702);
#2702 = CARTESIAN_POINT('',(100.33001970094,83.039775955197,
    547.86513678008));
#2703 = SURFACE_CURVE('',#2704,(#2708,#2714),.PCURVE_S1.);
#2704 = LINE('',#2705,#2706);
#2705 = CARTESIAN_POINT('',(50.515585817914,69.322266465545,
    537.31512493622));
#2706 = VECTOR('',#2707,1.);
#2707 = DIRECTION('',(0.944623093963,0.260122925135,0.200058176967));
#2708 = PCURVE('',#81,#2709);
#2709 = DEFINITIONAL_REPRESENTATION('',(#2710),#2713);
#2710 = B_SPLINE_CURVE_WITH_KNOTS('',1,(#2711,#2712),.UNSPECIFIED.,.F.,
  .F.,(2,2),(52.734719489075,53.855160350539),.PIECEWISE_BEZIER_KNOTS.);
#2711 = CARTESIAN_POINT('',(34.011589690786,-100.3300197009));
#2712 = CARTESIAN_POINT('',(33.643908848326,-101.3884140141));
#2713 = ( GEOMETRIC_REPRESENTATION_CONTEXT(2) 
PARAMETRIC_REPRESENTATION_CONTEXT() REPRESENTATION_CONTEXT('2D SPACE',''
  ) );
#2714 = PCURVE('',#2715,#2720);
#2715 = PLANE('',#2716);
#2716 = AXIS2_PLACEMENT_3D('',#2717,#2718,#2719);
#2717 = CARTESIAN_POINT('',(101.3884140141,-5.,548.08929013623));
#2718 = DIRECTION('',(-0.207190608168,0.,0.978300593829));
#2719 = DIRECTION('',(-0.978300593829,0.,-0.207190608168));
#2720 = DEFINITIONAL_REPRESENTATION('',(#2721),#2724);
#2721 = B_SPLINE_CURVE_WITH_KNOTS('',1,(#2722,#2723),.UNSPECIFIED.,.F.,
  .F.,(2,2),(52.734719489075,53.855160350539),.PIECEWISE_BEZIER_KNOTS.);
#2722 = CARTESIAN_POINT('',(1.081870255252,-88.03977595519));
#2723 = CARTESIAN_POINT('',(-7.105427357601E-15,-88.33122830952));
#2724 = ( GEOMETRIC_REPRESENTATION_CONTEXT(2) 
PARAMETRIC_REPRESENTATION_CONTEXT() REPRESENTATION_CONTEXT('2D SPACE',''
  ) );
#2725 = ORIENTED_EDGE('',*,*,#2726,.F.);
#2726 = EDGE_CURVE('',#2727,#2701,#2729,.T.);
#2727 = VERTEX_POINT('',#2728);
#2728 = CARTESIAN_POINT('',(99.276600610795,82.717490879673,
    547.61727025836));
#2729 = SURFACE_CURVE('',#2730,(#2734,#2740),.PCURVE_S1.);
#2730 = LINE('',#2731,#2732);
#2731 = CARTESIAN_POINT('',(50.660125704174,67.843672440744,
    536.17795171351));
#2732 = VECTOR('',#2733,1.);
#2733 = DIRECTION('',(0.932924628659,0.285420766737,0.219514516963));
#2734 = PCURVE('',#81,#2735);
#2735 = DEFINITIONAL_REPRESENTATION('',(#2736),#2739);
#2736 = B_SPLINE_CURVE_WITH_KNOTS('',1,(#2737,#2738),.UNSPECIFIED.,.F.,
  .F.,(2,2),(52.111899946853,53.241057713507),.PIECEWISE_BEZIER_KNOTS.);
#2737 = CARTESIAN_POINT('',(34.418167460095,-99.27660061079));
#2738 = CARTESIAN_POINT('',(34.011589690786,-100.3300197009));
#2739 = ( GEOMETRIC_REPRESENTATION_CONTEXT(2) 
PARAMETRIC_REPRESENTATION_CONTEXT() REPRESENTATION_CONTEXT('2D SPACE',''
  ) );
#2740 = PCURVE('',#2741,#2746);
#2741 = PLANE('',#2742);
#2742 = AXIS2_PLACEMENT_3D('',#2743,#2744,#2745);
#2743 = CARTESIAN_POINT('',(100.33001970094,-5.,547.86513678008));
#2744 = DIRECTION('',(-0.229042141175,0.,0.973416507753));
#2745 = DIRECTION('',(-0.973416507753,0.,-0.229042141175));
#2746 = DEFINITIONAL_REPRESENTATION('',(#2747),#2750);
#2747 = B_SPLINE_CURVE_WITH_KNOTS('',1,(#2748,#2749),.UNSPECIFIED.,.F.,
  .F.,(2,2),(52.111899946853,53.241057713507),.PIECEWISE_BEZIER_KNOTS.);
#2748 = CARTESIAN_POINT('',(1.082187410797,-87.71749087967));
#2749 = CARTESIAN_POINT('',(0.,-88.03977595519));
#2750 = ( GEOMETRIC_REPRESENTATION_CONTEXT(2) 
PARAMETRIC_REPRESENTATION_CONTEXT() REPRESENTATION_CONTEXT('2D SPACE',''
  ) );
#2751 = ORIENTED_EDGE('',*,*,#2752,.F.);
#2752 = EDGE_CURVE('',#2753,#2727,#2755,.T.);
#2753 = VERTEX_POINT('',#2754);
#2754 = CARTESIAN_POINT('',(98.228029812169,82.365245262855,
    547.3463613567));
#2755 = SURFACE_CURVE('',#2756,(#2760,#2766),.PCURVE_S1.);
#2756 = LINE('',#2757,#2758);
#2757 = CARTESIAN_POINT('',(50.8883630537,66.462465842409,
    535.11567827516));
#2758 = VECTOR('',#2759,1.);
#2759 = DIRECTION('',(0.920731298299,0.30930058754,0.237880270054));
#2760 = PCURVE('',#81,#2761);
#2761 = DEFINITIONAL_REPRESENTATION('',(#2762),#2765);
#2762 = B_SPLINE_CURVE_WITH_KNOTS('',1,(#2763,#2764),.UNSPECIFIED.,.F.,
  .F.,(2,2),(51.415290048189,52.554135659894),.PIECEWISE_BEZIER_KNOTS.);
#2763 = CARTESIAN_POINT('',(34.862541860311,-98.22802981216));
#2764 = CARTESIAN_POINT('',(34.418167460095,-99.27660061079));
#2765 = ( GEOMETRIC_REPRESENTATION_CONTEXT(2) 
PARAMETRIC_REPRESENTATION_CONTEXT() REPRESENTATION_CONTEXT('2D SPACE',''
  ) );
#2766 = PCURVE('',#2767,#2772);
#2767 = PLANE('',#2768);
#2768 = AXIS2_PLACEMENT_3D('',#2769,#2770,#2771);
#2769 = CARTESIAN_POINT('',(99.276600610795,-5.,547.61727025836));
#2770 = DIRECTION('',(-0.250146366078,0.,0.968208033192));
#2771 = DIRECTION('',(-0.968208033192,0.,-0.250146366078));
#2772 = DEFINITIONAL_REPRESENTATION('',(#2773),#2776);
#2773 = B_SPLINE_CURVE_WITH_KNOTS('',1,(#2774,#2775),.UNSPECIFIED.,.F.,
  .F.,(2,2),(51.415290048189,52.554135659894),.PIECEWISE_BEZIER_KNOTS.);
#2774 = CARTESIAN_POINT('',(1.08300154789,-87.36524526285));
#2775 = CARTESIAN_POINT('',(-7.105427357601E-15,-87.71749087967));
#2776 = ( GEOMETRIC_REPRESENTATION_CONTEXT(2) 
PARAMETRIC_REPRESENTATION_CONTEXT() REPRESENTATION_CONTEXT('2D SPACE',''
  ) );
#2777 = ORIENTED_EDGE('',*,*,#2778,.F.);
#2778 = EDGE_CURVE('',#2779,#2753,#2781,.T.);
#2779 = VERTEX_POINT('',#2780);
#2780 = CARTESIAN_POINT('',(97.18402582944,81.983876478754,
    547.05305409184));
#2781 = SURFACE_CURVE('',#2782,(#2786,#2792),.PCURVE_S1.);
#2782 = LINE('',#2783,#2784);
#2783 = CARTESIAN_POINT('',(51.181269168745,65.179328159754,
    534.12882874832));
#2784 = VECTOR('',#2785,1.);
#2785 = DIRECTION('',(0.908201966335,0.331761071173,0.25515442383));
#2786 = PCURVE('',#81,#2787);
#2787 = DEFINITIONAL_REPRESENTATION('',(#2788),#2791);
#2788 = B_SPLINE_CURVE_WITH_KNOTS('',1,(#2789,#2790),.UNSPECIFIED.,.F.,
  .F.,(2,2),(50.652562277924,51.802090710395),.PIECEWISE_BEZIER_KNOTS.);
#2789 = CARTESIAN_POINT('',(35.343656504765,-97.18402582944));
#2790 = CARTESIAN_POINT('',(34.862541860311,-98.22802981216));
#2791 = ( GEOMETRIC_REPRESENTATION_CONTEXT(2) 
PARAMETRIC_REPRESENTATION_CONTEXT() REPRESENTATION_CONTEXT('2D SPACE',''
  ) );
#2792 = PCURVE('',#2793,#2798);
#2793 = PLANE('',#2794);
#2794 = AXIS2_PLACEMENT_3D('',#2795,#2796,#2797);
#2795 = CARTESIAN_POINT('',(98.228029812169,-5.,547.3463613567));
#2796 = DIRECTION('',(-0.270473087391,0.,0.96272753622));
#2797 = DIRECTION('',(-0.96272753622,0.,-0.270473087391));
#2798 = DEFINITIONAL_REPRESENTATION('',(#2799),#2802);
#2799 = B_SPLINE_CURVE_WITH_KNOTS('',1,(#2800,#2801),.UNSPECIFIED.,.F.,
  .F.,(2,2),(50.652562277924,51.802090710395),.PIECEWISE_BEZIER_KNOTS.);
#2800 = CARTESIAN_POINT('',(1.084423103578,-86.98387647875));
#2801 = CARTESIAN_POINT('',(-7.105427357601E-15,-87.36524526285));
#2802 = ( GEOMETRIC_REPRESENTATION_CONTEXT(2) 
PARAMETRIC_REPRESENTATION_CONTEXT() REPRESENTATION_CONTEXT('2D SPACE',''
  ) );
#2803 = ORIENTED_EDGE('',*,*,#2804,.F.);
#2804 = EDGE_CURVE('',#2805,#2779,#2807,.T.);
#2805 = VERTEX_POINT('',#2806);
#2806 = CARTESIAN_POINT('',(96.144159582435,81.57416100011,
    546.7379456419));
#2807 = SURFACE_CURVE('',#2808,(#2812,#2818),.PCURVE_S1.);
#2808 = LINE('',#2809,#2810);
#2809 = CARTESIAN_POINT('',(51.521539319258,63.992497712022,
    533.21604824033));
#2810 = VECTOR('',#2811,1.);
#2811 = DIRECTION('',(0.895477993882,0.35282537147,0.271354785694));
#2812 = PCURVE('',#81,#2813);
#2813 = DEFINITIONAL_REPRESENTATION('',(#2814),#2817);
#2814 = B_SPLINE_CURVE_WITH_KNOTS('',1,(#2815,#2816),.UNSPECIFIED.,.F.,
  .F.,(2,2),(49.831062927314,50.992304469941),.PIECEWISE_BEZIER_KNOTS.);
#2815 = CARTESIAN_POINT('',(35.860531836604,-96.14415958243));
#2816 = CARTESIAN_POINT('',(35.343656504765,-97.18402582944));
#2817 = ( GEOMETRIC_REPRESENTATION_CONTEXT(2) 
PARAMETRIC_REPRESENTATION_CONTEXT() REPRESENTATION_CONTEXT('2D SPACE',''
  ) );
#2818 = PCURVE('',#2819,#2824);
#2819 = PLANE('',#2820);
#2820 = AXIS2_PLACEMENT_3D('',#2821,#2822,#2823);
#2821 = CARTESIAN_POINT('',(97.18402582944,-5.,547.05305409184));
#2822 = DIRECTION('',(-0.290005259294,0.,0.9570250517));
#2823 = DIRECTION('',(-0.9570250517,0.,-0.290005259294));
#2824 = DEFINITIONAL_REPRESENTATION('',(#2825),#2828);
#2825 = B_SPLINE_CURVE_WITH_KNOTS('',1,(#2826,#2827),.UNSPECIFIED.,.F.,
  .F.,(2,2),(49.831062927314,50.992304469941),.PIECEWISE_BEZIER_KNOTS.);
#2826 = CARTESIAN_POINT('',(1.086561156531,-86.57416100011));
#2827 = CARTESIAN_POINT('',(-7.105427357601E-15,-86.98387647875));
#2828 = ( GEOMETRIC_REPRESENTATION_CONTEXT(2) 
PARAMETRIC_REPRESENTATION_CONTEXT() REPRESENTATION_CONTEXT('2D SPACE',''
  ) );
#2829 = ORIENTED_EDGE('',*,*,#2830,.F.);
#2830 = EDGE_CURVE('',#2831,#2805,#2833,.T.);
#2831 = VERTEX_POINT('',#2832);
#2832 = CARTESIAN_POINT('',(95.107864173994,81.136789912564,
    546.40156751457));
#2833 = SURFACE_CURVE('',#2834,(#2838,#2844),.PCURVE_S1.);
#2834 = LINE('',#2835,#2836);
#2835 = CARTESIAN_POINT('',(51.893978009201,62.898260401556,
    532.37448027246));
#2836 = VECTOR('',#2837,1.);
#2837 = DIRECTION('',(0.882680477845,0.372537519134,0.286515219261));
#2838 = PCURVE('',#81,#2839);
#2839 = DEFINITIONAL_REPRESENTATION('',(#2840),#2843);
#2840 = B_SPLINE_CURVE_WITH_KNOTS('',1,(#2841,#2842),.UNSPECIFIED.,.F.,
  .F.,(2,2),(48.957564202942,50.131596522056),.PIECEWISE_BEZIER_KNOTS.);
#2841 = CARTESIAN_POINT('',(36.412296018812,-95.10786417399));
#2842 = CARTESIAN_POINT('',(35.860531836604,-96.14415958243));
#2843 = ( GEOMETRIC_REPRESENTATION_CONTEXT(2) 
PARAMETRIC_REPRESENTATION_CONTEXT() REPRESENTATION_CONTEXT('2D SPACE',''
  ) );
#2844 = PCURVE('',#2845,#2850);
#2845 = PLANE('',#2846);
#2846 = AXIS2_PLACEMENT_3D('',#2847,#2848,#2849);
#2847 = CARTESIAN_POINT('',(96.144159582435,-5.,546.7379456419));
#2848 = DIRECTION('',(-0.308739148725,0.,0.951146748953));
#2849 = DIRECTION('',(-0.951146748953,0.,-0.308739148725));
#2850 = DEFINITIONAL_REPRESENTATION('',(#2851),#2854);
#2851 = B_SPLINE_CURVE_WITH_KNOTS('',1,(#2852,#2853),.UNSPECIFIED.,.F.,
  .F.,(2,2),(48.957564202942,50.131596522056),.PIECEWISE_BEZIER_KNOTS.);
#2852 = CARTESIAN_POINT('',(1.089522105376,-86.13678991256));
#2853 = CARTESIAN_POINT('',(-7.105427357601E-15,-86.57416100011));
#2854 = ( GEOMETRIC_REPRESENTATION_CONTEXT(2) 
PARAMETRIC_REPRESENTATION_CONTEXT() REPRESENTATION_CONTEXT('2D SPACE',''
  ) );
#2855 = ORIENTED_EDGE('',*,*,#2856,.F.);
#2856 = EDGE_CURVE('',#2857,#2831,#2859,.T.);
#2857 = VERTEX_POINT('',#2858);
#2858 = CARTESIAN_POINT('',(94.074446956396,80.67234653821,
    546.04436833756));
#2859 = SURFACE_CURVE('',#2860,(#2864,#2870),.PCURVE_S1.);
#2860 = LINE('',#2861,#2862);
#2861 = CARTESIAN_POINT('',(52.285700575204,61.891445611853,
    531.60014817057));
#2862 = VECTOR('',#2863,1.);
#2863 = DIRECTION('',(0.869908768548,0.390958614744,0.30068271643));
#2864 = PCURVE('',#81,#2865);
#2865 = DEFINITIONAL_REPRESENTATION('',(#2866),#2869);
#2866 = B_SPLINE_CURVE_WITH_KNOTS('',1,(#2867,#2868),.UNSPECIFIED.,.F.,
  .F.,(2,2),(48.03807926999,49.22603972626),.PIECEWISE_BEZIER_KNOTS.);
#2867 = CARTESIAN_POINT('',(36.998213163153,-94.07444695639));
#2868 = CARTESIAN_POINT('',(36.412296018812,-95.10786417399));
#2869 = ( GEOMETRIC_REPRESENTATION_CONTEXT(2) 
PARAMETRIC_REPRESENTATION_CONTEXT() REPRESENTATION_CONTEXT('2D SPACE',''
  ) );
#2870 = PCURVE('',#2871,#2876);
#2871 = PLANE('',#2872);
#2872 = AXIS2_PLACEMENT_3D('',#2873,#2874,#2875);
#2873 = CARTESIAN_POINT('',(95.107864173994,-5.,546.40156751457));
#2874 = DIRECTION('',(-0.32668407067,0.,0.945133597948));
#2875 = DIRECTION('',(-0.945133597948,0.,-0.32668407067));
#2876 = DEFINITIONAL_REPRESENTATION('',(#2877),#2880);
#2877 = B_SPLINE_CURVE_WITH_KNOTS('',1,(#2878,#2879),.UNSPECIFIED.,.F.,
  .F.,(2,2),(48.03807926999,49.22603972626),.PIECEWISE_BEZIER_KNOTS.);
#2878 = CARTESIAN_POINT('',(1.093408614234,-85.67234653821));
#2879 = CARTESIAN_POINT('',(0.,-86.13678991256));
#2880 = ( GEOMETRIC_REPRESENTATION_CONTEXT(2) 
PARAMETRIC_REPRESENTATION_CONTEXT() REPRESENTATION_CONTEXT('2D SPACE',''
  ) );
#2881 = ORIENTED_EDGE('',*,*,#2882,.F.);
#2882 = EDGE_CURVE('',#2883,#2857,#2885,.T.);
#2883 = VERTEX_POINT('',#2884);
#2884 = CARTESIAN_POINT('',(93.043103299861,80.181286582793,
    545.66669859003));
#2885 = SURFACE_CURVE('',#2886,(#2890,#2896),.PCURVE_S1.);
#2886 = LINE('',#2887,#2888);
#2887 = CARTESIAN_POINT('',(52.686174654977,60.965895616312,
    530.88831608309));
#2888 = VECTOR('',#2889,1.);
#2889 = DIRECTION('',(0.857240158974,0.408162993567,0.31391444778));
#2890 = PCURVE('',#81,#2891);
#2891 = DEFINITIONAL_REPRESENTATION('',(#2892),#2895);
#2892 = B_SPLINE_CURVE_WITH_KNOTS('',1,(#2893,#2894),.UNSPECIFIED.,.F.,
  .F.,(2,2),(47.077739210423,48.28083690217),.PIECEWISE_BEZIER_KNOTS.);
#2893 = CARTESIAN_POINT('',(37.617708375413,-93.04310329986));
#2894 = CARTESIAN_POINT('',(36.998213163153,-94.07444695639));
#2895 = ( GEOMETRIC_REPRESENTATION_CONTEXT(2) 
PARAMETRIC_REPRESENTATION_CONTEXT() REPRESENTATION_CONTEXT('2D SPACE',''
  ) );
#2896 = PCURVE('',#2897,#2902);
#2897 = PLANE('',#2898);
#2898 = AXIS2_PLACEMENT_3D('',#2899,#2900,#2901);
#2899 = CARTESIAN_POINT('',(94.074446956396,-5.,546.04436833756));
#2900 = DIRECTION('',(-0.343861681282,0.,0.939020310827));
#2901 = DIRECTION('',(-0.939020310827,0.,-0.343861681282));
#2902 = DEFINITIONAL_REPRESENTATION('',(#2903),#2906);
#2903 = B_SPLINE_CURVE_WITH_KNOTS('',1,(#2904,#2905),.UNSPECIFIED.,.F.,
  .F.,(2,2),(47.077739210423,48.28083690217),.PIECEWISE_BEZIER_KNOTS.);
#2904 = CARTESIAN_POINT('',(1.098318795284,-85.18128658279));
#2905 = CARTESIAN_POINT('',(7.105427357601E-15,-85.67234653821));
#2906 = ( GEOMETRIC_REPRESENTATION_CONTEXT(2) 
PARAMETRIC_REPRESENTATION_CONTEXT() REPRESENTATION_CONTEXT('2D SPACE',''
  ) );
#2907 = ORIENTED_EDGE('',*,*,#2908,.F.);
#2908 = EDGE_CURVE('',#2909,#2883,#2911,.T.);
#2909 = VERTEX_POINT('',#2910);
#2910 = CARTESIAN_POINT('',(92.012931483132,79.663921120148,
    545.26879751604));
#2911 = SURFACE_CURVE('',#2912,(#2916,#2922),.PCURVE_S1.);
#2912 = LINE('',#2913,#2914);
#2913 = CARTESIAN_POINT('',(53.087131433904,60.114886459859,
    530.23381267731));
#2914 = VECTOR('',#2915,1.);
#2915 = DIRECTION('',(0.844730590703,0.424234507072,0.326274902712));
#2916 = PCURVE('',#81,#2917);
#2917 = DEFINITIONAL_REPRESENTATION('',(#2918),#2921);
#2918 = B_SPLINE_CURVE_WITH_KNOTS('',1,(#2919,#2920),.UNSPECIFIED.,.F.,
  .F.,(2,2),(46.080727367551,47.300254431051),.PIECEWISE_BEZIER_KNOTS.);
#2919 = CARTESIAN_POINT('',(38.270389221329,-92.01293148313));
#2920 = CARTESIAN_POINT('',(37.617708375413,-93.04310329986));
#2921 = ( GEOMETRIC_REPRESENTATION_CONTEXT(2) 
PARAMETRIC_REPRESENTATION_CONTEXT() REPRESENTATION_CONTEXT('2D SPACE',''
  ) );
#2922 = PCURVE('',#2923,#2928);
#2923 = PLANE('',#2924);
#2924 = AXIS2_PLACEMENT_3D('',#2925,#2926,#2927);
#2925 = CARTESIAN_POINT('',(93.043103299861,-5.,545.66669859003));
#2926 = DIRECTION('',(-0.360304843617,0.,0.932834615388));
#2927 = DIRECTION('',(-0.932834615388,0.,-0.360304843617));
#2928 = DEFINITIONAL_REPRESENTATION('',(#2929),#2932);
#2929 = B_SPLINE_CURVE_WITH_KNOTS('',1,(#2930,#2931),.UNSPECIFIED.,.F.,
  .F.,(2,2),(46.080727367551,47.300254431051),.PIECEWISE_BEZIER_KNOTS.);
#2930 = CARTESIAN_POINT('',(1.104345614683,-84.66392112014));
#2931 = CARTESIAN_POINT('',(-7.105427357601E-15,-85.18128658279));
#2932 = ( GEOMETRIC_REPRESENTATION_CONTEXT(2) 
PARAMETRIC_REPRESENTATION_CONTEXT() REPRESENTATION_CONTEXT('2D SPACE',''
  ) );
#2933 = ORIENTED_EDGE('',*,*,#2934,.F.);
#2934 = EDGE_CURVE('',#2935,#2909,#2937,.T.);
#2935 = VERTEX_POINT('',#2936);
#2936 = CARTESIAN_POINT('',(90.98294812728,79.120402610708,
    544.8507823715));
#2937 = SURFACE_CURVE('',#2938,(#2942,#2948),.PCURVE_S1.);
#2938 = LINE('',#2939,#2940);
#2939 = CARTESIAN_POINT('',(53.482378761118,59.331487140143,
    529.63130738232));
#2940 = VECTOR('',#2941,1.);
#2941 = DIRECTION('',(0.832416193315,0.439263028916,0.337833202239));
#2942 = PCURVE('',#81,#2943);
#2943 = DEFINITIONAL_REPRESENTATION('',(#2944),#2947);
#2944 = B_SPLINE_CURVE_WITH_KNOTS('',1,(#2945,#2946),.UNSPECIFIED.,.F.,
  .F.,(2,2),(45.050264119467,46.287605925314),.PIECEWISE_BEZIER_KNOTS.);
#2945 = CARTESIAN_POINT('',(38.956063364901,-90.98294812728));
#2946 = CARTESIAN_POINT('',(38.270389221329,-92.01293148313));
#2947 = ( GEOMETRIC_REPRESENTATION_CONTEXT(2) 
PARAMETRIC_REPRESENTATION_CONTEXT() REPRESENTATION_CONTEXT('2D SPACE',''
  ) );
#2948 = PCURVE('',#2949,#2954);
#2949 = PLANE('',#2950);
#2950 = AXIS2_PLACEMENT_3D('',#2951,#2952,#2953);
#2951 = CARTESIAN_POINT('',(92.012931483132,-5.,545.26879751604));
#2952 = DIRECTION('',(-0.37605610999,0.,0.926596893012));
#2953 = DIRECTION('',(-0.926596893012,0.,-0.37605610999));
#2954 = DEFINITIONAL_REPRESENTATION('',(#2955),#2958);
#2955 = B_SPLINE_CURVE_WITH_KNOTS('',1,(#2956,#2957),.UNSPECIFIED.,.F.,
  .F.,(2,2),(45.050264119467,46.287605925314),.PIECEWISE_BEZIER_KNOTS.);
#2956 = CARTESIAN_POINT('',(1.111576526557,-84.1204026107));
#2957 = CARTESIAN_POINT('',(-7.105427357601E-15,-84.66392112014));
#2958 = ( GEOMETRIC_REPRESENTATION_CONTEXT(2) 
PARAMETRIC_REPRESENTATION_CONTEXT() REPRESENTATION_CONTEXT('2D SPACE',''
  ) );
#2959 = ORIENTED_EDGE('',*,*,#2960,.F.);
#2960 = EDGE_CURVE('',#2961,#2935,#2963,.T.);
#2961 = VERTEX_POINT('',#2962);
#2962 = CARTESIAN_POINT('',(89.952103602274,78.550714021759,
    544.41264005673));
#2963 = SURFACE_CURVE('',#2964,(#2968,#2974),.PCURVE_S1.);
#2964 = LINE('',#2965,#2966);
#2965 = CARTESIAN_POINT('',(53.867547274346,58.608851326981,
    529.07553474784));
#2966 = VECTOR('',#2967,1.);
#2967 = DIRECTION('',(0.820315461411,0.453341261818,0.34866064318));
#2968 = PCURVE('',#81,#2969);
#2969 = DEFINITIONAL_REPRESENTATION('',(#2970),#2973);
#2970 = B_SPLINE_CURVE_WITH_KNOTS('',1,(#2971,#2972),.UNSPECIFIED.,.F.,
  .F.,(2,2),(43.988633672539,45.245277699744),.PIECEWISE_BEZIER_KNOTS.);
#2971 = CARTESIAN_POINT('',(39.674752293698,-89.95210360227));
#2972 = CARTESIAN_POINT('',(38.956063364901,-90.98294812728));
#2973 = ( GEOMETRIC_REPRESENTATION_CONTEXT(2) 
PARAMETRIC_REPRESENTATION_CONTEXT() REPRESENTATION_CONTEXT('2D SPACE',''
  ) );
#2974 = PCURVE('',#2975,#2980);
#2975 = PLANE('',#2976);
#2976 = AXIS2_PLACEMENT_3D('',#2977,#2978,#2979);
#2977 = CARTESIAN_POINT('',(90.98294812728,-5.,544.8507823715));
#2978 = DIRECTION('',(-0.391165890794,0.,0.920320186609));
#2979 = DIRECTION('',(-0.920320186609,0.,-0.391165890794));
#2980 = DEFINITIONAL_REPRESENTATION('',(#2981),#2984);
#2981 = B_SPLINE_CURVE_WITH_KNOTS('',1,(#2982,#2983),.UNSPECIFIED.,.F.,
  .F.,(2,2),(43.988633672539,45.245277699744),.PIECEWISE_BEZIER_KNOTS.);
#2982 = CARTESIAN_POINT('',(1.120093354471,-83.55071402175));
#2983 = CARTESIAN_POINT('',(-7.105427357601E-15,-84.1204026107));
#2984 = ( GEOMETRIC_REPRESENTATION_CONTEXT(2) 
PARAMETRIC_REPRESENTATION_CONTEXT() REPRESENTATION_CONTEXT('2D SPACE',''
  ) );
#2985 = ORIENTED_EDGE('',*,*,#2986,.F.);
#2986 = EDGE_CURVE('',#2987,#2961,#2989,.T.);
#2987 = VERTEX_POINT('',#2988);
#2988 = CARTESIAN_POINT('',(88.919296855187,77.954660983237,
    543.95422108347));
#2989 = SURFACE_CURVE('',#2990,(#2994,#3000),.PCURVE_S1.);
#2990 = LINE('',#2991,#2992);
#2991 = CARTESIAN_POINT('',(54.239797630498,57.940441531639,
    528.56146685069));
#2992 = VECTOR('',#2993,1.);
#2993 = DIRECTION('',(0.808431873829,0.466561896688,0.358828513271));
#2994 = PCURVE('',#81,#2995);
#2995 = DEFINITIONAL_REPRESENTATION('',(#2996),#2999);
#2996 = B_SPLINE_CURVE_WITH_KNOTS('',1,(#2997,#2998),.UNSPECIFIED.,.F.,
  .F.,(2,2),(42.897243846225,44.174787174887),.PIECEWISE_BEZIER_KNOTS.);
#2997 = CARTESIAN_POINT('',(40.426701214689,-88.91929685518));
#2998 = CARTESIAN_POINT('',(39.674752293698,-89.95210360227));
#2999 = ( GEOMETRIC_REPRESENTATION_CONTEXT(2) 
PARAMETRIC_REPRESENTATION_CONTEXT() REPRESENTATION_CONTEXT('2D SPACE',''
  ) );
#3000 = PCURVE('',#3001,#3006);
#3001 = PLANE('',#3002);
#3002 = AXIS2_PLACEMENT_3D('',#3003,#3004,#3005);
#3003 = CARTESIAN_POINT('',(89.952103602274,-5.,544.41264005673));
#3004 = DIRECTION('',(-0.405690399194,0.,0.914010557927));
#3005 = DIRECTION('',(-0.914010557927,0.,-0.405690399194));
#3006 = DEFINITIONAL_REPRESENTATION('',(#3007),#3010);
#3007 = B_SPLINE_CURVE_WITH_KNOTS('',1,(#3008,#3009),.UNSPECIFIED.,.F.,
  .F.,(2,2),(42.897243846225,44.174787174887),.PIECEWISE_BEZIER_KNOTS.);
#3008 = CARTESIAN_POINT('',(1.129972447398,-82.95466098323));
#3009 = CARTESIAN_POINT('',(0.,-83.55071402175));
#3010 = ( GEOMETRIC_REPRESENTATION_CONTEXT(2) 
PARAMETRIC_REPRESENTATION_CONTEXT() REPRESENTATION_CONTEXT('2D SPACE',''
  ) );
#3011 = ORIENTED_EDGE('',*,*,#3012,.F.);
#3012 = EDGE_CURVE('',#3013,#2987,#3015,.T.);
#3013 = VERTEX_POINT('',#3014);
#3014 = CARTESIAN_POINT('',(87.883389141438,77.331866784229,
    543.47523572677));
#3015 = SURFACE_CURVE('',#3016,(#3020,#3026),.PCURVE_S1.);
#3016 = LINE('',#3017,#3018);
#3017 = CARTESIAN_POINT('',(54.59751269834,57.320189602437,
    528.0844367306));
#3018 = VECTOR('',#3019,1.);
#3019 = DIRECTION('',(0.796756770529,0.479015155617,0.368406201502));
#3020 = PCURVE('',#81,#3021);
#3021 = DEFINITIONAL_REPRESENTATION('',(#3022),#3025);
#3022 = B_SPLINE_CURVE_WITH_KNOTS('',1,(#3023,#3024),.UNSPECIFIED.,.F.,
  .F.,(2,2),(41.776709874692,43.076865395254),.PIECEWISE_BEZIER_KNOTS.);
#3023 = CARTESIAN_POINT('',(41.212385366395,-87.88338914143));
#3024 = CARTESIAN_POINT('',(40.426701214689,-88.91929685518));
#3025 = ( GEOMETRIC_REPRESENTATION_CONTEXT(2) 
PARAMETRIC_REPRESENTATION_CONTEXT() REPRESENTATION_CONTEXT('2D SPACE',''
  ) );
#3026 = PCURVE('',#3027,#3032);
#3027 = PLANE('',#3028);
#3028 = AXIS2_PLACEMENT_3D('',#3029,#3030,#3031);
#3029 = CARTESIAN_POINT('',(88.919296855187,-5.,543.95422108347));
#3030 = DIRECTION('',(-0.419689472223,0.,0.907667751385));
#3031 = DIRECTION('',(-0.907667751385,0.,-0.419689472223));
#3032 = DEFINITIONAL_REPRESENTATION('',(#3033),#3036);
#3033 = B_SPLINE_CURVE_WITH_KNOTS('',1,(#3034,#3035),.UNSPECIFIED.,.F.,
  .F.,(2,2),(41.776709874692,43.076865395254),.PIECEWISE_BEZIER_KNOTS.);
#3034 = CARTESIAN_POINT('',(1.141285136733,-82.33186678422));
#3035 = CARTESIAN_POINT('',(0.,-82.95466098323));
#3036 = ( GEOMETRIC_REPRESENTATION_CONTEXT(2) 
PARAMETRIC_REPRESENTATION_CONTEXT() REPRESENTATION_CONTEXT('2D SPACE',''
  ) );
#3037 = ORIENTED_EDGE('',*,*,#3038,.F.);
#3038 = EDGE_CURVE('',#3039,#3013,#3041,.T.);
#3039 = VERTEX_POINT('',#3040);
#3040 = CARTESIAN_POINT('',(86.843216185903,76.681769901769,
    542.97525212445));
#3041 = SURFACE_CURVE('',#3042,(#3046,#3052),.PCURVE_S1.);
#3042 = LINE('',#3043,#3044);
#3043 = CARTESIAN_POINT('',(54.939993828347,56.742599896735,
    527.64021773876));
#3044 = VECTOR('',#3045,1.);
#3045 = DIRECTION('',(0.785272321842,0.490786734643,0.377459615916));
#3046 = PCURVE('',#81,#3047);
#3047 = DEFINITIONAL_REPRESENTATION('',(#3048),#3051);
#3048 = B_SPLINE_CURVE_WITH_KNOTS('',1,(#3049,#3050),.UNSPECIFIED.,.F.,
  .F.,(2,2),(40.6269538225,41.951555399054),.PIECEWISE_BEZIER_KNOTS.);
#3049 = CARTESIAN_POINT('',(42.032513136429,-86.8432161859));
#3050 = CARTESIAN_POINT('',(41.212385366395,-87.88338914143));
#3051 = ( GEOMETRIC_REPRESENTATION_CONTEXT(2) 
PARAMETRIC_REPRESENTATION_CONTEXT() REPRESENTATION_CONTEXT('2D SPACE',''
  ) );
#3052 = PCURVE('',#3053,#3058);
#3053 = PLANE('',#3054);
#3054 = AXIS2_PLACEMENT_3D('',#3055,#3056,#3057);
#3055 = CARTESIAN_POINT('',(87.883389141438,-5.,543.47523572677));
#3056 = DIRECTION('',(-0.43322437059,0.,0.901286105921));
#3057 = DIRECTION('',(-0.901286105921,0.,-0.43322437059));
#3058 = DEFINITIONAL_REPRESENTATION('',(#3059),#3062);
#3059 = B_SPLINE_CURVE_WITH_KNOTS('',1,(#3060,#3061),.UNSPECIFIED.,.F.,
  .F.,(2,2),(40.6269538225,41.951555399054),.PIECEWISE_BEZIER_KNOTS.);
#3060 = CARTESIAN_POINT('',(1.154098514004,-81.68176990176));
#3061 = CARTESIAN_POINT('',(-7.105427357601E-15,-82.33186678422));
#3062 = ( GEOMETRIC_REPRESENTATION_CONTEXT(2) 
PARAMETRIC_REPRESENTATION_CONTEXT() REPRESENTATION_CONTEXT('2D SPACE',''
  ) );
#3063 = ORIENTED_EDGE('',*,*,#3064,.F.);
#3064 = EDGE_CURVE('',#3065,#3039,#3067,.T.);
#3065 = VERTEX_POINT('',#3066);
#3066 = CARTESIAN_POINT('',(85.797598355338,76.003623662542,
    542.45369601682));
#3067 = SURFACE_CURVE('',#3068,(#3072,#3078),.PCURVE_S1.);
#3068 = LINE('',#3069,#3070);
#3069 = CARTESIAN_POINT('',(55.267175575343,56.202802765022,
    527.225064672));
#3070 = VECTOR('',#3071,1.);
#3071 = DIRECTION('',(0.773954449995,0.501956149039,0.386049910989));
#3072 = PCURVE('',#81,#3073);
#3073 = DEFINITIONAL_REPRESENTATION('',(#3074),#3077);
#3074 = B_SPLINE_CURVE_WITH_KNOTS('',1,(#3075,#3076),.UNSPECIFIED.,.F.,
  .F.,(2,2),(39.447312151493,40.798319088104),.PIECEWISE_BEZIER_KNOTS.);
#3075 = CARTESIAN_POINT('',(42.88802648827,-85.79759835533));
#3076 = CARTESIAN_POINT('',(42.032513136429,-86.8432161859));
#3077 = ( GEOMETRIC_REPRESENTATION_CONTEXT(2) 
PARAMETRIC_REPRESENTATION_CONTEXT() REPRESENTATION_CONTEXT('2D SPACE',''
  ) );
#3078 = PCURVE('',#3079,#3084);
#3079 = PLANE('',#3080);
#3080 = AXIS2_PLACEMENT_3D('',#3081,#3082,#3083);
#3081 = CARTESIAN_POINT('',(86.843216185903,-5.,542.97525212445));
#3082 = DIRECTION('',(-0.446355652377,0.,0.894855648466));
#3083 = DIRECTION('',(-0.894855648466,0.,-0.446355652377));
#3084 = DEFINITIONAL_REPRESENTATION('',(#3085),#3088);
#3085 = B_SPLINE_CURVE_WITH_KNOTS('',1,(#3086,#3087),.UNSPECIFIED.,.F.,
  .F.,(2,2),(39.447312151493,40.798319088104),.PIECEWISE_BEZIER_KNOTS.);
#3086 = CARTESIAN_POINT('',(1.168476538487,-81.00362366254));
#3087 = CARTESIAN_POINT('',(-7.105427357601E-15,-81.68176990176));
#3088 = ( GEOMETRIC_REPRESENTATION_CONTEXT(2) 
PARAMETRIC_REPRESENTATION_CONTEXT() REPRESENTATION_CONTEXT('2D SPACE',''
  ) );
#3089 = ORIENTED_EDGE('',*,*,#3090,.F.);
#3090 = EDGE_CURVE('',#3091,#3065,#3093,.T.);
#3091 = VERTEX_POINT('',#3092);
#3092 = CARTESIAN_POINT('',(84.745348481394,75.296497573142,
    541.90985176988));
#3093 = SURFACE_CURVE('',#3094,(#3098,#3104),.PCURVE_S1.);
#3094 = LINE('',#3095,#3096);
#3095 = CARTESIAN_POINT('',(55.579368857699,55.696566391851,
    526.83572287955));
#3096 = VECTOR('',#3097,1.);
#3097 = DIRECTION('',(0.762775591773,0.512595472479,0.394232517925));
#3098 = PCURVE('',#81,#3099);
#3099 = DEFINITIONAL_REPRESENTATION('',(#3100),#3103);
#3100 = B_SPLINE_CURVE_WITH_KNOTS('',1,(#3101,#3102),.UNSPECIFIED.,.F.,
  .F.,(2,2),(38.236645139495,39.616146378513),.PIECEWISE_BEZIER_KNOTS.);
#3101 = CARTESIAN_POINT('',(43.780099283079,-84.74534848139));
#3102 = CARTESIAN_POINT('',(42.88802648827,-85.79759835533));
#3103 = ( GEOMETRIC_REPRESENTATION_CONTEXT(2) 
PARAMETRIC_REPRESENTATION_CONTEXT() REPRESENTATION_CONTEXT('2D SPACE',''
  ) );
#3104 = PCURVE('',#3105,#3110);
#3105 = PLANE('',#3106);
#3106 = AXIS2_PLACEMENT_3D('',#3107,#3108,#3109);
#3107 = CARTESIAN_POINT('',(85.797598355338,-5.,542.45369601682));
#3108 = DIRECTION('',(-0.459141201358,0.,0.888363302492));
#3109 = DIRECTION('',(-0.888363302492,0.,-0.459141201358));
#3110 = DEFINITIONAL_REPRESENTATION('',(#3111),#3114);
#3111 = B_SPLINE_CURVE_WITH_KNOTS('',1,(#3112,#3113),.UNSPECIFIED.,.F.,
  .F.,(2,2),(38.236645139495,39.616146378513),.PIECEWISE_BEZIER_KNOTS.);
#3112 = CARTESIAN_POINT('',(1.184481473955,-80.29649757314));
#3113 = CARTESIAN_POINT('',(-7.105427357601E-15,-81.00362366254));
#3114 = ( GEOMETRIC_REPRESENTATION_CONTEXT(2) 
PARAMETRIC_REPRESENTATION_CONTEXT() REPRESENTATION_CONTEXT('2D SPACE',''
  ) );
#3115 = ORIENTED_EDGE('',*,*,#3116,.F.);
#3116 = EDGE_CURVE('',#3117,#3091,#3119,.T.);
#3117 = VERTEX_POINT('',#3118);
#3118 = CARTESIAN_POINT('',(83.685277026687,74.559279814477,
    541.34286429367));
#3119 = SURFACE_CURVE('',#3120,(#3124,#3130),.PCURVE_S1.);
#3120 = LINE('',#3121,#3122);
#3121 = CARTESIAN_POINT('',(55.877038710574,55.220274851355,
    526.46941138567));
#3122 = VECTOR('',#3123,1.);
#3123 = DIRECTION('',(0.75170722116,0.522768451406,0.402056463536));
#3124 = PCURVE('',#81,#3125);
#3125 = DEFINITIONAL_REPRESENTATION('',(#3126),#3129);
#3126 = B_SPLINE_CURVE_WITH_KNOTS('',1,(#3127,#3128),.UNSPECIFIED.,.F.,
  .F.,(2,2),(36.993443103014,38.403661636062),.PIECEWISE_BEZIER_KNOTS.);
#3127 = CARTESIAN_POINT('',(44.710134132894,-83.68527702668));
#3128 = CARTESIAN_POINT('',(43.780099283079,-84.74534848139));
#3129 = ( GEOMETRIC_REPRESENTATION_CONTEXT(2) 
PARAMETRIC_REPRESENTATION_CONTEXT() REPRESENTATION_CONTEXT('2D SPACE',''
  ) );
#3130 = PCURVE('',#3131,#3136);
#3131 = PLANE('',#3132);
#3132 = AXIS2_PLACEMENT_3D('',#3133,#3134,#3135);
#3133 = CARTESIAN_POINT('',(84.745348481394,-5.,541.90985176988));
#3134 = DIRECTION('',(-0.471634471572,0.,0.881794151276));
#3135 = DIRECTION('',(-0.881794151276,0.,-0.471634471572));
#3136 = DEFINITIONAL_REPRESENTATION('',(#3137),#3140);
#3137 = B_SPLINE_CURVE_WITH_KNOTS('',1,(#3138,#3139),.UNSPECIFIED.,.F.,
  .F.,(2,2),(36.993443103014,38.403661636062),.PIECEWISE_BEZIER_KNOTS.);
#3138 = CARTESIAN_POINT('',(1.202175647425,-79.55927981447));
#3139 = CARTESIAN_POINT('',(-7.105427357601E-15,-80.29649757314));
#3140 = ( GEOMETRIC_REPRESENTATION_CONTEXT(2) 
PARAMETRIC_REPRESENTATION_CONTEXT() REPRESENTATION_CONTEXT('2D SPACE',''
  ) );
#3141 = ORIENTED_EDGE('',*,*,#3142,.F.);
#3142 = EDGE_CURVE('',#3143,#3117,#3145,.T.);
#3143 = VERTEX_POINT('',#3144);
#3144 = CARTESIAN_POINT('',(82.616194327688,73.790680375166,
    540.75174145217));
#3145 = SURFACE_CURVE('',#3146,(#3150,#3156),.PCURVE_S1.);
#3146 = LINE('',#3147,#3148);
#3147 = CARTESIAN_POINT('',(56.160619653633,54.770879680471,
    526.12378564516));
#3148 = VECTOR('',#3149,1.);
#3149 = DIRECTION('',(0.740722079452,0.532529967499,0.409563956822));
#3150 = PCURVE('',#81,#3151);
#3151 = DEFINITIONAL_REPRESENTATION('',(#3152),#3155);
#3152 = B_SPLINE_CURVE_WITH_KNOTS('',1,(#3153,#3154),.UNSPECIFIED.,.F.,
  .F.,(2,2),(35.715925591986,37.159223596266),.PIECEWISE_BEZIER_KNOTS.);
#3153 = CARTESIAN_POINT('',(45.679758447698,-82.61619432768));
#3154 = CARTESIAN_POINT('',(44.710134132894,-83.68527702668));
#3155 = ( GEOMETRIC_REPRESENTATION_CONTEXT(2) 
PARAMETRIC_REPRESENTATION_CONTEXT() REPRESENTATION_CONTEXT('2D SPACE',''
  ) );
#3156 = PCURVE('',#3157,#3162);
#3157 = PLANE('',#3158);
#3158 = AXIS2_PLACEMENT_3D('',#3159,#3160,#3161);
#3159 = CARTESIAN_POINT('',(83.685277026687,-5.,541.34286429367));
#3160 = DIRECTION('',(-0.483882988952,0.,0.875132705938));
#3161 = DIRECTION('',(-0.875132705938,0.,-0.483882988952));
#3162 = DEFINITIONAL_REPRESENTATION('',(#3163),#3166);
#3163 = B_SPLINE_CURVE_WITH_KNOTS('',1,(#3164,#3165),.UNSPECIFIED.,.F.,
  .F.,(2,2),(35.715925591986,37.159223596266),.PIECEWISE_BEZIER_KNOTS.);
#3164 = CARTESIAN_POINT('',(1.221623522633,-78.79068037516));
#3165 = CARTESIAN_POINT('',(0.,-79.55927981447));
#3166 = ( GEOMETRIC_REPRESENTATION_CONTEXT(2) 
PARAMETRIC_REPRESENTATION_CONTEXT() REPRESENTATION_CONTEXT('2D SPACE',''
  ) );
#3167 = ORIENTED_EDGE('',*,*,#3168,.F.);
#3168 = EDGE_CURVE('',#3169,#3143,#3171,.T.);
#3169 = VERTEX_POINT('',#3170);
#3170 = CARTESIAN_POINT('',(81.536909671544,72.989234288434,
    540.13535655274));
#3171 = SURFACE_CURVE('',#3172,(#3176,#3182),.PCURVE_S1.);
#3172 = LINE('',#3173,#3174);
#3173 = CARTESIAN_POINT('',(56.430369292027,54.345831527158,
    525.79688497452));
#3174 = VECTOR('',#3175,1.);
#3175 = DIRECTION('',(0.729796085185,0.54192581471,0.416790217495));
#3176 = PCURVE('',#81,#3177);
#3177 = DEFINITIONAL_REPRESENTATION('',(#3178),#3181);
#3178 = B_SPLINE_CURVE_WITH_KNOTS('',1,(#3179,#3180),.UNSPECIFIED.,.F.,
  .F.,(2,2),(34.402130799514,35.881016036161),.PIECEWISE_BEZIER_KNOTS.);
#3179 = CARTESIAN_POINT('',(46.690820351928,-81.53690967154));
#3180 = CARTESIAN_POINT('',(45.679758447698,-82.61619432768));
#3181 = ( GEOMETRIC_REPRESENTATION_CONTEXT(2) 
PARAMETRIC_REPRESENTATION_CONTEXT() REPRESENTATION_CONTEXT('2D SPACE',''
  ) );
#3182 = PCURVE('',#3183,#3188);
#3183 = PLANE('',#3184);
#3184 = AXIS2_PLACEMENT_3D('',#3185,#3186,#3187);
#3185 = CARTESIAN_POINT('',(82.616194327688,-5.,540.75174145217));
#3186 = DIRECTION('',(-0.495927131308,0.,0.868364140457));
#3187 = DIRECTION('',(-0.868364140457,0.,-0.495927131308));
#3188 = DEFINITIONAL_REPRESENTATION('',(#3189),#3192);
#3189 = B_SPLINE_CURVE_WITH_KNOTS('',1,(#3190,#3191),.UNSPECIFIED.,.F.,
  .F.,(2,2),(34.402130799514,35.881016036161),.PIECEWISE_BEZIER_KNOTS.);
#3190 = CARTESIAN_POINT('',(1.242894087698,-77.98923428843));
#3191 = CARTESIAN_POINT('',(-1.06581410364E-14,-78.79068037516));
#3192 = ( GEOMETRIC_REPRESENTATION_CONTEXT(2) 
PARAMETRIC_REPRESENTATION_CONTEXT() REPRESENTATION_CONTEXT('2D SPACE',''
  ) );
#3193 = ORIENTED_EDGE('',*,*,#3194,.F.);
#3194 = EDGE_CURVE('',#3195,#3169,#3197,.T.);
#3195 = VERTEX_POINT('',#3196);
#3196 = CARTESIAN_POINT('',(80.446226966569,72.153304426042,
    539.49245049493));
#3197 = SURFACE_CURVE('',#3198,(#3202,#3208),.PCURVE_S1.);
#3198 = LINE('',#3199,#3200);
#3199 = CARTESIAN_POINT('',(56.68625908674,53.942997624978,
    525.48706908248));
#3200 = VECTOR('',#3201,1.);
#3201 = DIRECTION('',(0.718909915564,0.550992753482,0.423763517678));
#3202 = PCURVE('',#81,#3203);
#3203 = DEFINITIONAL_REPRESENTATION('',(#3204),#3207);
#3204 = B_SPLINE_CURVE_WITH_KNOTS('',1,(#3205,#3206),.UNSPECIFIED.,.F.,
  .F.,(2,2),(33.049993282114,34.567127322642),.PIECEWISE_BEZIER_KNOTS.);
#3205 = CARTESIAN_POINT('',(47.745385159798,-80.44622696656));
#3206 = CARTESIAN_POINT('',(46.690820351928,-81.53690967154));
#3207 = ( GEOMETRIC_REPRESENTATION_CONTEXT(2) 
PARAMETRIC_REPRESENTATION_CONTEXT() REPRESENTATION_CONTEXT('2D SPACE',''
  ) );
#3208 = PCURVE('',#3209,#3214);
#3209 = PLANE('',#3210);
#3210 = AXIS2_PLACEMENT_3D('',#3211,#3212,#3213);
#3211 = CARTESIAN_POINT('',(81.536909671544,-5.,540.13535655274));
#3212 = DIRECTION('',(-0.507799192138,0.,0.861475467128));
#3213 = DIRECTION('',(-0.861475467128,0.,-0.507799192138));
#3214 = DEFINITIONAL_REPRESENTATION('',(#3215),#3218);
#3215 = B_SPLINE_CURVE_WITH_KNOTS('',1,(#3216,#3217),.UNSPECIFIED.,.F.,
  .F.,(2,2),(33.049993282114,34.567127322642),.PIECEWISE_BEZIER_KNOTS.);
#3216 = CARTESIAN_POINT('',(1.26606356953,-77.15330442604));
#3217 = CARTESIAN_POINT('',(-7.105427357601E-15,-77.98923428843));
#3218 = ( GEOMETRIC_REPRESENTATION_CONTEXT(2) 
PARAMETRIC_REPRESENTATION_CONTEXT() REPRESENTATION_CONTEXT('2D SPACE',''
  ) );
#3219 = ORIENTED_EDGE('',*,*,#3220,.F.);
#3220 = EDGE_CURVE('',#3221,#3195,#3223,.T.);
#3221 = VERTEX_POINT('',#3222);
#3222 = CARTESIAN_POINT('',(79.342936748664,71.281083279691,
    538.82163314056));
#3223 = SURFACE_CURVE('',#3224,(#3228,#3234),.PCURVE_S1.);
#3224 = LINE('',#3225,#3226);
#3225 = CARTESIAN_POINT('',(56.927900199366,53.560570075416,
    525.19294753072));
#3226 = VECTOR('',#3227,1.);
#3227 = DIRECTION('',(0.708050263645,0.55975880381,0.430505407294));
#3228 = PCURVE('',#81,#3229);
#3229 = DEFINITIONAL_REPRESENTATION('',(#3230),#3233);
#3230 = B_SPLINE_CURVE_WITH_KNOTS('',1,(#3231,#3232),.UNSPECIFIED.,.F.,
  .F.,(2,2),(31.657408661811,33.215617555381),.PIECEWISE_BEZIER_KNOTS.);
#3231 = CARTESIAN_POINT('',(48.845733127977,-79.34293674866));
#3232 = CARTESIAN_POINT('',(47.745385159798,-80.44622696656));
#3233 = ( GEOMETRIC_REPRESENTATION_CONTEXT(2) 
PARAMETRIC_REPRESENTATION_CONTEXT() REPRESENTATION_CONTEXT('2D SPACE',''
  ) );
#3234 = PCURVE('',#3235,#3240);
#3235 = PLANE('',#3236);
#3236 = AXIS2_PLACEMENT_3D('',#3237,#3238,#3239);
#3237 = CARTESIAN_POINT('',(80.446226966569,-5.,539.49245049493));
#3238 = DIRECTION('',(-0.519522723487,0.,0.85445663423));
#3239 = DIRECTION('',(-0.85445663423,0.,-0.519522723487));
#3240 = DEFINITIONAL_REPRESENTATION('',(#3241),#3244);
#3241 = B_SPLINE_CURVE_WITH_KNOTS('',1,(#3242,#3243),.UNSPECIFIED.,.F.,
  .F.,(2,2),(31.657408661811,33.215617555381),.PIECEWISE_BEZIER_KNOTS.);
#3242 = CARTESIAN_POINT('',(1.291218505079,-76.28108327969));
#3243 = CARTESIAN_POINT('',(-1.06581410364E-14,-77.15330442604));
#3244 = ( GEOMETRIC_REPRESENTATION_CONTEXT(2) 
PARAMETRIC_REPRESENTATION_CONTEXT() REPRESENTATION_CONTEXT('2D SPACE',''
  ) );
#3245 = ORIENTED_EDGE('',*,*,#3246,.F.);
#3246 = EDGE_CURVE('',#3247,#3221,#3249,.T.);
#3247 = VERTEX_POINT('',#3248);
#3248 = CARTESIAN_POINT('',(78.225804233603,70.370593114231,
    538.12138343149));
#3249 = SURFACE_CURVE('',#3250,(#3254,#3260),.PCURVE_S1.);
#3250 = LINE('',#3251,#3252);
#3251 = CARTESIAN_POINT('',(57.154501828396,53.196969256087,
    524.91330544604));
#3252 = VECTOR('',#3253,1.);
#3253 = DIRECTION('',(0.697210780892,0.568243740734,0.437031095146));
#3254 = PCURVE('',#81,#3255);
#3255 = DEFINITIONAL_REPRESENTATION('',(#3256),#3259);
#3256 = B_SPLINE_CURVE_WITH_KNOTS('',1,(#3257,#3258),.UNSPECIFIED.,.F.,
  .F.,(2,2),(30.222284254211,31.82457232215),.PIECEWISE_BEZIER_KNOTS.);
#3257 = CARTESIAN_POINT('',(49.994359262301,-78.2258042336));
#3258 = CARTESIAN_POINT('',(48.845733127977,-79.34293674866));
#3259 = ( GEOMETRIC_REPRESENTATION_CONTEXT(2) 
PARAMETRIC_REPRESENTATION_CONTEXT() REPRESENTATION_CONTEXT('2D SPACE',''
  ) );
#3260 = PCURVE('',#3261,#3266);
#3261 = PLANE('',#3262);
#3262 = AXIS2_PLACEMENT_3D('',#3263,#3264,#3265);
#3263 = CARTESIAN_POINT('',(79.342936748664,-5.,538.82163314056));
#3264 = DIRECTION('',(-0.531112149062,0.,0.847301531404));
#3265 = DIRECTION('',(-0.847301531404,0.,-0.531112149062));
#3266 = DEFINITIONAL_REPRESENTATION('',(#3267),#3270);
#3267 = B_SPLINE_CURVE_WITH_KNOTS('',1,(#3268,#3269),.UNSPECIFIED.,.F.,
  .F.,(2,2),(30.222284254211,31.82457232215),.PIECEWISE_BEZIER_KNOTS.);
#3268 = CARTESIAN_POINT('',(1.318459218657,-75.37059311423));
#3269 = CARTESIAN_POINT('',(3.552713678801E-15,-76.28108327969));
#3270 = ( GEOMETRIC_REPRESENTATION_CONTEXT(2) 
PARAMETRIC_REPRESENTATION_CONTEXT() REPRESENTATION_CONTEXT('2D SPACE',''
  ) );
#3271 = ORIENTED_EDGE('',*,*,#3272,.F.);
#3272 = EDGE_CURVE('',#3273,#3247,#3275,.T.);
#3273 = VERTEX_POINT('',#3274);
#3274 = CARTESIAN_POINT('',(77.09355308715,69.419683799197,
    537.39004772192));
#3275 = SURFACE_CURVE('',#3276,(#3280,#3286),.PCURVE_S1.);
#3276 = LINE('',#3277,#3278);
#3277 = CARTESIAN_POINT('',(57.364859370277,52.850746167656,
    524.64702841621));
#3278 = VECTOR('',#3279,1.);
#3279 = DIRECTION('',(0.686392713054,0.576459760415,0.443349961192));
#3280 = PCURVE('',#81,#3281);
#3281 = DEFINITIONAL_REPRESENTATION('',(#3282),#3285);
#3282 = B_SPLINE_CURVE_WITH_KNOTS('',1,(#3283,#3284),.UNSPECIFIED.,.F.,
  .F.,(2,2),(28.742574537398,30.392142088043),.PIECEWISE_BEZIER_KNOTS.);
#3283 = CARTESIAN_POINT('',(51.193976053405,-77.09355308715));
#3284 = CARTESIAN_POINT('',(49.994359262301,-78.2258042336));
#3285 = ( GEOMETRIC_REPRESENTATION_CONTEXT(2) 
PARAMETRIC_REPRESENTATION_CONTEXT() REPRESENTATION_CONTEXT('2D SPACE',''
  ) );
#3286 = PCURVE('',#3287,#3292);
#3287 = PLANE('',#3288);
#3288 = AXIS2_PLACEMENT_3D('',#3289,#3290,#3291);
#3289 = CARTESIAN_POINT('',(78.225804233603,-5.,538.12138343149));
#3290 = DIRECTION('',(-0.542572641107,0.,0.840008886336));
#3291 = DIRECTION('',(-0.840008886336,0.,-0.542572641107));
#3292 = DEFINITIONAL_REPRESENTATION('',(#3293),#3296);
#3293 = B_SPLINE_CURVE_WITH_KNOTS('',1,(#3294,#3295),.UNSPECIFIED.,.F.,
  .F.,(2,2),(28.742574537398,30.392142088043),.PIECEWISE_BEZIER_KNOTS.);
#3294 = CARTESIAN_POINT('',(1.347903772057,-74.41968379919));
#3295 = CARTESIAN_POINT('',(0.,-75.37059311423));
#3296 = ( GEOMETRIC_REPRESENTATION_CONTEXT(2) 
PARAMETRIC_REPRESENTATION_CONTEXT() REPRESENTATION_CONTEXT('2D SPACE',''
  ) );
#3297 = ORIENTED_EDGE('',*,*,#3298,.F.);
#3298 = EDGE_CURVE('',#3299,#3273,#3301,.T.);
#3299 = VERTEX_POINT('',#3300);
#3300 = CARTESIAN_POINT('',(75.94484455531,68.426027509922,
    536.62583570308));
#3301 = SURFACE_CURVE('',#3302,(#3306,#3312),.PCURVE_S1.);
#3302 = LINE('',#3303,#3304);
#3303 = CARTESIAN_POINT('',(57.557369898967,52.520487218596,
    524.39302926084));
#3304 = VECTOR('',#3305,1.);
#3305 = DIRECTION('',(0.675605229484,0.584412291487,0.449466180544));
#3306 = PCURVE('',#81,#3307);
#3307 = DEFINITIONAL_REPRESENTATION('',(#3308),#3311);
#3308 = B_SPLINE_CURVE_WITH_KNOTS('',1,(#3309,#3310),.UNSPECIFIED.,.F.,
  .F.,(2,2),(27.216300072749,28.916565970213),.PIECEWISE_BEZIER_KNOTS.);
#3309 = CARTESIAN_POINT('',(52.447520161508,-75.94484455531));
#3310 = CARTESIAN_POINT('',(51.193976053405,-77.09355308715));
#3311 = ( GEOMETRIC_REPRESENTATION_CONTEXT(2) 
PARAMETRIC_REPRESENTATION_CONTEXT() REPRESENTATION_CONTEXT('2D SPACE',''
  ) );
#3312 = PCURVE('',#3313,#3318);
#3313 = PLANE('',#3314);
#3314 = AXIS2_PLACEMENT_3D('',#3315,#3316,#3317);
#3315 = CARTESIAN_POINT('',(77.09355308715,-5.,537.39004772192));
#3316 = DIRECTION('',(-0.553900262305,0.,0.832583028544));
#3317 = DIRECTION('',(-0.832583028544,0.,-0.553900262305));
#3318 = DEFINITIONAL_REPRESENTATION('',(#3319),#3322);
#3319 = B_SPLINE_CURVE_WITH_KNOTS('',1,(#3320,#3321),.UNSPECIFIED.,.F.,
  .F.,(2,2),(27.216300072749,28.916565970213),.PIECEWISE_BEZIER_KNOTS.);
#3320 = CARTESIAN_POINT('',(1.379692466046,-73.42602750992));
#3321 = CARTESIAN_POINT('',(-1.06581410364E-14,-74.41968379919));
#3322 = ( GEOMETRIC_REPRESENTATION_CONTEXT(2) 
PARAMETRIC_REPRESENTATION_CONTEXT() REPRESENTATION_CONTEXT('2D SPACE',''
  ) );
#3323 = ORIENTED_EDGE('',*,*,#3324,.F.);
#3324 = EDGE_CURVE('',#3325,#3299,#3327,.T.);
#3325 = VERTEX_POINT('',#3326);
#3326 = CARTESIAN_POINT('',(74.778251593394,67.387109335795,
    535.82681318007));
#3327 = SURFACE_CURVE('',#3328,(#3332,#3338),.PCURVE_S1.);
#3328 = LINE('',#3329,#3330);
#3329 = CARTESIAN_POINT('',(57.730072688612,52.204724838235,
    524.15017928467));
#3330 = VECTOR('',#3331,1.);
#3331 = DIRECTION('',(0.664865433511,0.592100933894,0.455379445522));
#3332 = PCURVE('',#81,#3333);
#3333 = DEFINITIONAL_REPRESENTATION('',(#3334),#3337);
#3334 = B_SPLINE_CURVE_WITH_KNOTS('',1,(#3335,#3336),.UNSPECIFIED.,.F.,
  .F.,(2,2),(25.641547966695,27.396178156679),.PIECEWISE_BEZIER_KNOTS.);
#3335 = CARTESIAN_POINT('',(53.75816426454,-74.77825159339));
#3336 = CARTESIAN_POINT('',(52.447520161508,-75.94484455531));
#3337 = ( GEOMETRIC_REPRESENTATION_CONTEXT(2) 
PARAMETRIC_REPRESENTATION_CONTEXT() REPRESENTATION_CONTEXT('2D SPACE',''
  ) );
#3338 = PCURVE('',#3339,#3344);
#3339 = PLANE('',#3340);
#3340 = AXIS2_PLACEMENT_3D('',#3341,#3342,#3343);
#3341 = CARTESIAN_POINT('',(75.94484455531,-5.,536.62583570308));
#3342 = DIRECTION('',(-0.565082385552,0.,0.825034482637));
#3343 = DIRECTION('',(-0.825034482637,0.,-0.565082385552));
#3344 = DEFINITIONAL_REPRESENTATION('',(#3345),#3348);
#3345 = B_SPLINE_CURVE_WITH_KNOTS('',1,(#3346,#3347),.UNSPECIFIED.,.F.,
  .F.,(2,2),(25.641547966695,27.396178156679),.PIECEWISE_BEZIER_KNOTS.);
#3346 = CARTESIAN_POINT('',(1.413992974195,-72.38710933579));
#3347 = CARTESIAN_POINT('',(3.552713678801E-15,-73.42602750992));
#3348 = ( GEOMETRIC_REPRESENTATION_CONTEXT(2) 
PARAMETRIC_REPRESENTATION_CONTEXT() REPRESENTATION_CONTEXT('2D SPACE',''
  ) );
#3349 = ORIENTED_EDGE('',*,*,#3350,.F.);
#3350 = EDGE_CURVE('',#3351,#3325,#3353,.T.);
#3351 = VERTEX_POINT('',#3352);
#3352 = CARTESIAN_POINT('',(73.592227676189,66.300212645898,
    534.99089081675));
#3353 = SURFACE_CURVE('',#3354,(#3358,#3364),.PCURVE_S1.);
#3354 = LINE('',#3355,#3356);
#3355 = CARTESIAN_POINT('',(57.880712627034,51.901857391458,
    523.9172466847));
#3356 = VECTOR('',#3357,1.);
#3357 = DIRECTION('',(0.654198026437,0.599520514853,0.461085777787));
#3358 = PCURVE('',#81,#3359);
#3359 = DEFINITIONAL_REPRESENTATION('',(#3360),#3363);
#3360 = B_SPLINE_CURVE_WITH_KNOTS('',1,(#3361,#3362),.UNSPECIFIED.,.F.,
  .F.,(2,2),(24.016451310221,25.829394592342),.PIECEWISE_BEZIER_KNOTS.);
#3361 = CARTESIAN_POINT('',(55.129335520075,-73.59222767618));
#3362 = CARTESIAN_POINT('',(53.75816426454,-74.77825159339));
#3363 = ( GEOMETRIC_REPRESENTATION_CONTEXT(2) 
PARAMETRIC_REPRESENTATION_CONTEXT() REPRESENTATION_CONTEXT('2D SPACE',''
  ) );
#3364 = PCURVE('',#3365,#3370);
#3365 = PLANE('',#3366);
#3366 = AXIS2_PLACEMENT_3D('',#3367,#3368,#3369);
#3367 = CARTESIAN_POINT('',(74.778251593394,-5.,535.82681318007));
#3368 = DIRECTION('',(-0.576098417621,0.,0.817380335715));
#3369 = DIRECTION('',(-0.817380335715,0.,-0.576098417621));
#3370 = DEFINITIONAL_REPRESENTATION('',(#3371),#3374);
#3371 = B_SPLINE_CURVE_WITH_KNOTS('',1,(#3372,#3373),.UNSPECIFIED.,.F.,
  .F.,(2,2),(24.016451310221,25.829394592342),.PIECEWISE_BEZIER_KNOTS.);
#3372 = CARTESIAN_POINT('',(1.451006178375,-71.30021264589));
#3373 = CARTESIAN_POINT('',(0.,-72.38710933579));
#3374 = ( GEOMETRIC_REPRESENTATION_CONTEXT(2) 
PARAMETRIC_REPRESENTATION_CONTEXT() REPRESENTATION_CONTEXT('2D SPACE',''
  ) );
#3375 = ORIENTED_EDGE('',*,*,#3376,.F.);
#3376 = EDGE_CURVE('',#3377,#3351,#3379,.T.);
#3377 = VERTEX_POINT('',#3378);
#3378 = CARTESIAN_POINT('',(72.385070085555,65.162397854078,
    534.11580780413));
#3379 = SURFACE_CURVE('',#3380,(#3384,#3390),.PCURVE_S1.);
#3380 = LINE('',#3381,#3382);
#3381 = CARTESIAN_POINT('',(58.006824206874,51.61008209338,
    523.69284495545));
#3382 = VECTOR('',#3383,1.);
#3383 = DIRECTION('',(0.643634583087,0.606662257559,0.466578427177));
#3384 = PCURVE('',#81,#3385);
#3385 = DEFINITIONAL_REPRESENTATION('',(#3386),#3389);
#3386 = B_SPLINE_CURVE_WITH_KNOTS('',1,(#3387,#3388),.UNSPECIFIED.,.F.,
  .F.,(2,2),(22.339144378658,24.214676897192),.PIECEWISE_BEZIER_KNOTS.);
#3387 = CARTESIAN_POINT('',(56.564742354202,-72.38507008555));
#3388 = CARTESIAN_POINT('',(55.129335520075,-73.59222767618));
#3389 = ( GEOMETRIC_REPRESENTATION_CONTEXT(2) 
PARAMETRIC_REPRESENTATION_CONTEXT() REPRESENTATION_CONTEXT('2D SPACE',''
  ) );
#3390 = PCURVE('',#3391,#3396);
#3391 = PLANE('',#3392);
#3392 = AXIS2_PLACEMENT_3D('',#3393,#3394,#3395);
#3393 = CARTESIAN_POINT('',(73.592227676189,-5.,534.99089081675));
#3394 = DIRECTION('',(-0.586920864452,0.,0.809644303921));
#3395 = DIRECTION('',(-0.809644303921,0.,-0.586920864452));
#3396 = DEFINITIONAL_REPRESENTATION('',(#3397),#3400);
#3397 = B_SPLINE_CURVE_WITH_KNOTS('',1,(#3398,#3399),.UNSPECIFIED.,.F.,
  .F.,(2,2),(22.339144378658,24.214676897192),.PIECEWISE_BEZIER_KNOTS.);
#3398 = CARTESIAN_POINT('',(1.490972745423,-70.16239785407));
#3399 = CARTESIAN_POINT('',(-3.552713678801E-15,-71.30021264589));
#3400 = ( GEOMETRIC_REPRESENTATION_CONTEXT(2) 
PARAMETRIC_REPRESENTATION_CONTEXT() REPRESENTATION_CONTEXT('2D SPACE',''
  ) );
#3401 = ORIENTED_EDGE('',*,*,#3402,.F.);
#3402 = EDGE_CURVE('',#3403,#3377,#3405,.T.);
#3403 = VERTEX_POINT('',#3404);
#3404 = CARTESIAN_POINT('',(71.154877678735,63.970473018443,
    533.19910924873));
#3405 = SURFACE_CURVE('',#3406,(#3410,#3416),.PCURVE_S1.);
#3406 = LINE('',#3407,#3408);
#3407 = CARTESIAN_POINT('',(58.105833180801,51.327344892986,
    523.47539434496));
#3408 = VECTOR('',#3409,1.);
#3409 = DIRECTION('',(0.633212386594,0.613515061244,0.471848856193));
#3410 = PCURVE('',#81,#3411);
#3411 = DEFINITIONAL_REPRESENTATION('',(#3412),#3415);
#3412 = B_SPLINE_CURVE_WITH_KNOTS('',1,(#3413,#3414),.UNSPECIFIED.,.F.,
  .F.,(2,2),(20.6076898908,22.550469964068),.PIECEWISE_BEZIER_KNOTS.);
#3413 = CARTESIAN_POINT('',(58.068411551628,-71.15487767873));
#3414 = CARTESIAN_POINT('',(56.564742354202,-72.38507008555));
#3415 = ( GEOMETRIC_REPRESENTATION_CONTEXT(2) 
PARAMETRIC_REPRESENTATION_CONTEXT() REPRESENTATION_CONTEXT('2D SPACE',''
  ) );
#3416 = PCURVE('',#3417,#3422);
#3417 = PLANE('',#3418);
#3418 = AXIS2_PLACEMENT_3D('',#3419,#3420,#3421);
#3419 = CARTESIAN_POINT('',(72.385070085555,-5.,534.11580780413));
#3420 = DIRECTION('',(-0.597516782266,0.,0.801856405419));
#3421 = DIRECTION('',(-0.801856405419,0.,-0.597516782266));
#3422 = DEFINITIONAL_REPRESENTATION('',(#3423),#3426);
#3423 = B_SPLINE_CURVE_WITH_KNOTS('',1,(#3424,#3425),.UNSPECIFIED.,.F.,
  .F.,(2,2),(20.6076898908,22.550469964068),.PIECEWISE_BEZIER_KNOTS.);
#3424 = CARTESIAN_POINT('',(1.53418043244,-68.97047301844));
#3425 = CARTESIAN_POINT('',(0.,-70.16239785407));
#3426 = ( GEOMETRIC_REPRESENTATION_CONTEXT(2) 
PARAMETRIC_REPRESENTATION_CONTEXT() REPRESENTATION_CONTEXT('2D SPACE',''
  ) );
#3427 = ORIENTED_EDGE('',*,*,#3428,.F.);
#3428 = EDGE_CURVE('',#3429,#3403,#3431,.T.);
#3429 = VERTEX_POINT('',#3430);
#3430 = CARTESIAN_POINT('',(69.899503458564,62.720954536777,
    532.23811594373));
#3431 = SURFACE_CURVE('',#3432,(#3436,#3442),.PCURVE_S1.);
#3432 = LINE('',#3433,#3434);
#3433 = CARTESIAN_POINT('',(58.175171813891,51.051311461573,
    523.26309954226));
#3434 = VECTOR('',#3435,1.);
#3435 = DIRECTION('',(0.622972768858,0.620066889821,0.47688780799));
#3436 = PCURVE('',#81,#3437);
#3437 = DEFINITIONAL_REPRESENTATION('',(#3438),#3441);
#3438 = B_SPLINE_CURVE_WITH_KNOTS('',1,(#3439,#3440),.UNSPECIFIED.,.F.,
  .F.,(2,2),(18.819974533025,20.835109516328),.PIECEWISE_BEZIER_KNOTS.);
#3439 = CARTESIAN_POINT('',(59.644737840269,-69.89950345856));
#3440 = CARTESIAN_POINT('',(58.068411551628,-71.15487767873));
#3441 = ( GEOMETRIC_REPRESENTATION_CONTEXT(2) 
PARAMETRIC_REPRESENTATION_CONTEXT() REPRESENTATION_CONTEXT('2D SPACE',''
  ) );
#3442 = PCURVE('',#3443,#3448);
#3443 = PLANE('',#3444);
#3444 = AXIS2_PLACEMENT_3D('',#3445,#3446,#3447);
#3445 = CARTESIAN_POINT('',(71.154877678735,-5.,533.19910924873));
#3446 = DIRECTION('',(-0.607849655619,0.,0.79405213693));
#3447 = DIRECTION('',(-0.79405213693,0.,-0.607849655619));
#3448 = DEFINITIONAL_REPRESENTATION('',(#3449),#3452);
#3449 = B_SPLINE_CURVE_WITH_KNOTS('',1,(#3450,#3451),.UNSPECIFIED.,.F.,
  .F.,(2,2),(18.819974533025,20.835109516328),.PIECEWISE_BEZIER_KNOTS.);
#3450 = CARTESIAN_POINT('',(1.580972031664,-67.72095453677));
#3451 = CARTESIAN_POINT('',(0.,-68.97047301844));
#3452 = ( GEOMETRIC_REPRESENTATION_CONTEXT(2) 
PARAMETRIC_REPRESENTATION_CONTEXT() REPRESENTATION_CONTEXT('2D SPACE',''
  ) );
#3453 = ORIENTED_EDGE('',*,*,#3454,.F.);
#3454 = EDGE_CURVE('',#3455,#3429,#3457,.T.);
#3455 = VERTEX_POINT('',#3456);
#3456 = CARTESIAN_POINT('',(68.616502703161,61.410016101124,
    531.2298851105));
#3457 = SURFACE_CURVE('',#3458,(#3462,#3468),.PCURVE_S1.);
#3458 = LINE('',#3459,#3460);
#3459 = CARTESIAN_POINT('',(58.212401926585,50.779363282738,
    523.05394667017));
#3460 = VECTOR('',#3461,1.);
#3461 = DIRECTION('',(0.612958916765,0.626306259041,0.481686450135));
#3462 = PCURVE('',#81,#3463);
#3463 = DEFINITIONAL_REPRESENTATION('',(#3464),#3467);
#3464 = B_SPLINE_CURVE_WITH_KNOTS('',1,(#3465,#3466),.UNSPECIFIED.,.F.,
  .F.,(2,2),(16.973569503618,19.066696335305),.PIECEWISE_BEZIER_KNOTS.);
#3465 = CARTESIAN_POINT('',(61.298548287438,-68.61650270316));
#3466 = CARTESIAN_POINT('',(59.644737840269,-69.89950345856));
#3467 = ( GEOMETRIC_REPRESENTATION_CONTEXT(2) 
PARAMETRIC_REPRESENTATION_CONTEXT() REPRESENTATION_CONTEXT('2D SPACE',''
  ) );
#3468 = PCURVE('',#3469,#3474);
#3469 = PLANE('',#3470);
#3470 = AXIS2_PLACEMENT_3D('',#3471,#3472,#3473);
#3471 = CARTESIAN_POINT('',(69.899503458564,-5.,532.23811594373));
#3472 = DIRECTION('',(-0.617881726098,0.,0.786271055396));
#3473 = DIRECTION('',(-0.786271055396,0.,-0.617881726098));
#3474 = DEFINITIONAL_REPRESENTATION('',(#3475),#3478);
#3475 = B_SPLINE_CURVE_WITH_KNOTS('',1,(#3476,#3477),.UNSPECIFIED.,.F.,
  .F.,(2,2),(16.973569503618,19.066696335305),.PIECEWISE_BEZIER_KNOTS.);
#3476 = CARTESIAN_POINT('',(1.631753765572,-66.41001610112));
#3477 = CARTESIAN_POINT('',(-3.552713678801E-15,-67.72095453677));
#3478 = ( GEOMETRIC_REPRESENTATION_CONTEXT(2) 
PARAMETRIC_REPRESENTATION_CONTEXT() REPRESENTATION_CONTEXT('2D SPACE',''
  ) );
#3479 = ORIENTED_EDGE('',*,*,#3480,.F.);
#3480 = EDGE_CURVE('',#3481,#3455,#3483,.T.);
#3481 = VERTEX_POINT('',#3482);
#3482 = CARTESIAN_POINT('',(67.30307795714,60.033424099248,
    530.17116071633));
#3483 = SURFACE_CURVE('',#3484,(#3488,#3494),.PCURVE_S1.);
#3484 = LINE('',#3485,#3486);
#3485 = CARTESIAN_POINT('',(58.215337688476,50.508622159227,
    522.84572213336));
#3486 = VECTOR('',#3487,1.);
#3487 = DIRECTION('',(0.603213137906,0.632223797811,0.486237575408));
#3488 = PCURVE('',#81,#3489);
#3489 = DEFINITIONAL_REPRESENTATION('',(#3490),#3493);
#3490 = B_SPLINE_CURVE_WITH_KNOTS('',1,(#3491,#3492),.UNSPECIFIED.,.F.,
  .F.,(2,2),(15.065554275235,17.242935143596),.PIECEWISE_BEZIER_KNOTS.);
#3491 = CARTESIAN_POINT('',(63.035183793939,-67.30307795714));
#3492 = CARTESIAN_POINT('',(61.298548287438,-68.61650270316));
#3493 = ( GEOMETRIC_REPRESENTATION_CONTEXT(2) 
PARAMETRIC_REPRESENTATION_CONTEXT() REPRESENTATION_CONTEXT('2D SPACE',''
  ) );
#3494 = PCURVE('',#3495,#3500);
#3495 = PLANE('',#3496);
#3496 = AXIS2_PLACEMENT_3D('',#3497,#3498,#3499);
#3497 = CARTESIAN_POINT('',(68.616502703161,-5.,531.2298851105));
#3498 = DIRECTION('',(-0.627576759667,0.,0.778554693471));
#3499 = DIRECTION('',(-0.778554693471,0.,-0.627576759667));
#3500 = DEFINITIONAL_REPRESENTATION('',(#3501),#3504);
#3501 = B_SPLINE_CURVE_WITH_KNOTS('',1,(#3502,#3503),.UNSPECIFIED.,.F.,
  .F.,(2,2),(15.065554275235,17.242935143596),.PIECEWISE_BEZIER_KNOTS.);
#3502 = CARTESIAN_POINT('',(1.68700382521,-65.03342409924));
#3503 = CARTESIAN_POINT('',(0.,-66.41001610112));
#3504 = ( GEOMETRIC_REPRESENTATION_CONTEXT(2) 
PARAMETRIC_REPRESENTATION_CONTEXT() REPRESENTATION_CONTEXT('2D SPACE',''
  ) );
#3505 = ORIENTED_EDGE('',*,*,#3506,.F.);
#3506 = EDGE_CURVE('',#3507,#3481,#3509,.T.);
#3507 = VERTEX_POINT('',#3508);
#3508 = CARTESIAN_POINT('',(65.956022803293,58.586457842856,
    529.05831212277));
#3509 = SURFACE_CURVE('',#3510,(#3514,#3520),.PCURVE_S1.);
#3510 = LINE('',#3511,#3512);
#3511 = CARTESIAN_POINT('',(58.182157660722,50.236004996946,
    522.63605475219));
#3512 = VECTOR('',#3513,1.);
#3513 = DIRECTION('',(0.593773637409,0.637813837697,0.490536824265));
#3514 = PCURVE('',#81,#3515);
#3515 = DEFINITIONAL_REPRESENTATION('',(#3516),#3519);
#3516 = B_SPLINE_CURVE_WITH_KNOTS('',1,(#3517,#3518),.UNSPECIFIED.,.F.,
  .F.,(2,2),(13.09230429377,15.360938448237),.PIECEWISE_BEZIER_KNOTS.);
#3517 = CARTESIAN_POINT('',(64.860599729913,-65.95602280329));
#3518 = CARTESIAN_POINT('',(63.035183793939,-67.30307795714));
#3519 = ( GEOMETRIC_REPRESENTATION_CONTEXT(2) 
PARAMETRIC_REPRESENTATION_CONTEXT() REPRESENTATION_CONTEXT('2D SPACE',''
  ) );
#3520 = PCURVE('',#3521,#3526);
#3521 = PLANE('',#3522);
#3522 = AXIS2_PLACEMENT_3D('',#3523,#3524,#3525);
#3523 = CARTESIAN_POINT('',(67.30307795714,-5.,530.17116071633));
#3524 = DIRECTION('',(-0.636903184379,0.,0.770943794143));
#3525 = DIRECTION('',(-0.770943794143,0.,-0.636903184379));
#3526 = DEFINITIONAL_REPRESENTATION('',(#3527),#3530);
#3527 = B_SPLINE_CURVE_WITH_KNOTS('',1,(#3528,#3529),.UNSPECIFIED.,.F.,
  .F.,(2,2),(13.09230429377,15.360938448237),.PIECEWISE_BEZIER_KNOTS.);
#3528 = CARTESIAN_POINT('',(1.747280624192,-63.58645784285));
#3529 = CARTESIAN_POINT('',(0.,-65.03342409924));
#3530 = ( GEOMETRIC_REPRESENTATION_CONTEXT(2) 
PARAMETRIC_REPRESENTATION_CONTEXT() REPRESENTATION_CONTEXT('2D SPACE',''
  ) );
#3531 = ORIENTED_EDGE('',*,*,#3532,.F.);
#3532 = EDGE_CURVE('',#3533,#3507,#3535,.T.);
#3533 = VERTEX_POINT('',#3534);
#3534 = CARTESIAN_POINT('',(64.571666955624,57.063813392688,
    527.88726011837));
#3535 = SURFACE_CURVE('',#3536,(#3540,#3546),.PCURVE_S1.);
#3536 = LINE('',#3537,#3538);
#3537 = CARTESIAN_POINT('',(58.111493360737,49.958308339243,
    522.42248077727));
#3538 = VECTOR('',#3539,1.);
#3539 = DIRECTION('',(0.584670939427,0.643075956656,0.494583872119));
#3540 = PCURVE('',#81,#3541);
#3541 = DEFINITIONAL_REPRESENTATION('',(#3542),#3545);
#3542 = B_SPLINE_CURVE_WITH_KNOTS('',1,(#3543,#3544),.UNSPECIFIED.,.F.,
  .F.,(2,2),(11.049246951154,13.41699905634),.PIECEWISE_BEZIER_KNOTS.);
#3543 = CARTESIAN_POINT('',(66.781487264008,-64.57166695562));
#3544 = CARTESIAN_POINT('',(64.860599729913,-65.95602280329));
#3545 = ( GEOMETRIC_REPRESENTATION_CONTEXT(2) 
PARAMETRIC_REPRESENTATION_CONTEXT() REPRESENTATION_CONTEXT('2D SPACE',''
  ) );
#3546 = PCURVE('',#3547,#3552);
#3547 = PLANE('',#3548);
#3548 = AXIS2_PLACEMENT_3D('',#3549,#3550,#3551);
#3549 = CARTESIAN_POINT('',(65.956022803293,-5.,529.05831212277));
#3550 = DIRECTION('',(-0.645837454819,0.,0.763474938654));
#3551 = DIRECTION('',(-0.763474938654,0.,-0.645837454819));
#3552 = DEFINITIONAL_REPRESENTATION('',(#3553),#3556);
#3553 = B_SPLINE_CURVE_WITH_KNOTS('',1,(#3554,#3555),.UNSPECIFIED.,.F.,
  .F.,(2,2),(11.049246951154,13.41699905634),.PIECEWISE_BEZIER_KNOTS.);
#3554 = CARTESIAN_POINT('',(1.813230241858,-62.06381339268));
#3555 = CARTESIAN_POINT('',(-5.329070518201E-15,-63.58645784285));
#3556 = ( GEOMETRIC_REPRESENTATION_CONTEXT(2) 
PARAMETRIC_REPRESENTATION_CONTEXT() REPRESENTATION_CONTEXT('2D SPACE',''
  ) );
#3557 = ORIENTED_EDGE('',*,*,#3558,.F.);
#3558 = EDGE_CURVE('',#3559,#3533,#3561,.T.);
#3559 = VERTEX_POINT('',#3560);
#3560 = CARTESIAN_POINT('',(63.145825742049,55.459490338598,
    526.65338984223));
#3561 = SURFACE_CURVE('',#3562,(#3566,#3572),.PCURVE_S1.);
#3562 = LINE('',#3563,#3564);
#3563 = CARTESIAN_POINT('',(58.002480290571,49.672318804773,
    522.20252882621));
#3564 = VECTOR('',#3565,1.);
#3565 = DIRECTION('',(0.575924186492,0.648016371669,0.498383500392));
#3566 = PCURVE('',#81,#3567);
#3567 = DEFINITIONAL_REPRESENTATION('',(#3568),#3571);
#3568 = B_SPLINE_CURVE_WITH_KNOTS('',1,(#3569,#3570),.UNSPECIFIED.,.F.,
  .F.,(2,2),(8.930594637483,11.406339270229),.PIECEWISE_BEZIER_KNOTS.);
#3569 = CARTESIAN_POINT('',(68.805416195627,-63.14582574204));
#3570 = CARTESIAN_POINT('',(66.781487264008,-64.57166695562));
#3571 = ( GEOMETRIC_REPRESENTATION_CONTEXT(2) 
PARAMETRIC_REPRESENTATION_CONTEXT() REPRESENTATION_CONTEXT('2D SPACE',''
  ) );
#3572 = PCURVE('',#3573,#3578);
#3573 = PLANE('',#3574);
#3574 = AXIS2_PLACEMENT_3D('',#3575,#3576,#3577);
#3575 = CARTESIAN_POINT('',(64.571666955624,-5.,527.88726011837));
#3576 = DIRECTION('',(-0.654367412397,0.,0.756176758168));
#3577 = DIRECTION('',(-0.756176758168,0.,-0.654367412397));
#3578 = DEFINITIONAL_REPRESENTATION('',(#3579),#3582);
#3579 = B_SPLINE_CURVE_WITH_KNOTS('',1,(#3580,#3581),.UNSPECIFIED.,.F.,
  .F.,(2,2),(8.930594637483,11.406339270229),.PIECEWISE_BEZIER_KNOTS.);
#3580 = CARTESIAN_POINT('',(1.885592486379,-60.45949033859));
#3581 = CARTESIAN_POINT('',(-1.7763568394E-15,-62.06381339268));
#3582 = ( GEOMETRIC_REPRESENTATION_CONTEXT(2) 
PARAMETRIC_REPRESENTATION_CONTEXT() REPRESENTATION_CONTEXT('2D SPACE',''
  ) );
#3583 = ORIENTED_EDGE('',*,*,#3584,.F.);
#3584 = EDGE_CURVE('',#3585,#3559,#3587,.T.);
#3585 = VERTEX_POINT('',#3586);
#3586 = CARTESIAN_POINT('',(61.673757353907,53.766661632853,
    525.35145067399));
#3587 = SURFACE_CURVE('',#3588,(#3592,#3598),.PCURVE_S1.);
#3588 = LINE('',#3589,#3590);
#3589 = CARTESIAN_POINT('',(57.854757685784,49.374941575888,
    521.97381870291));
#3590 = VECTOR('',#3591,1.);
#3591 = DIRECTION('',(0.567537651981,0.652649045794,0.501946447947));
#3592 = PCURVE('',#81,#3593);
#3593 = DEFINITIONAL_REPRESENTATION('',(#3594),#3597);
#3594 = B_SPLINE_CURVE_WITH_KNOTS('',1,(#3595,#3596),.UNSPECIFIED.,.F.,
  .F.,(2,2),(6.729068379498,9.322849396498),.PIECEWISE_BEZIER_KNOTS.);
#3595 = CARTESIAN_POINT('',(70.940999166335,-61.6737573539));
#3596 = CARTESIAN_POINT('',(68.805416195626,-63.14582574204));
#3597 = ( GEOMETRIC_REPRESENTATION_CONTEXT(2) 
PARAMETRIC_REPRESENTATION_CONTEXT() REPRESENTATION_CONTEXT('2D SPACE',''
  ) );
#3598 = PCURVE('',#3599,#3604);
#3599 = PLANE('',#3600);
#3600 = AXIS2_PLACEMENT_3D('',#3601,#3602,#3603);
#3601 = CARTESIAN_POINT('',(63.145825742049,-5.,526.65338984223));
#3602 = DIRECTION('',(-0.662495325891,0.,0.74906604727));
#3603 = DIRECTION('',(-0.74906604727,0.,-0.662495325891));
#3604 = DEFINITIONAL_REPRESENTATION('',(#3605),#3608);
#3605 = B_SPLINE_CURVE_WITH_KNOTS('',1,(#3606,#3607),.UNSPECIFIED.,.F.,
  .F.,(2,2),(6.729068379498,9.322849396498),.PIECEWISE_BEZIER_KNOTS.);
#3606 = CARTESIAN_POINT('',(1.965205062367,-58.76666163285));
#3607 = CARTESIAN_POINT('',(-8.881784197001E-16,-60.45949033859));
#3608 = ( GEOMETRIC_REPRESENTATION_CONTEXT(2) 
PARAMETRIC_REPRESENTATION_CONTEXT() REPRESENTATION_CONTEXT('2D SPACE',''
  ) );
#3609 = ORIENTED_EDGE('',*,*,#3610,.F.);
#3610 = EDGE_CURVE('',#3611,#3585,#3613,.T.);
#3611 = VERTEX_POINT('',#3612);
#3612 = CARTESIAN_POINT('',(60.150131201104,51.977527367025,
    523.975443775));
#3613 = SURFACE_CURVE('',#3614,(#3618,#3624),.PCURVE_S1.);
#3614 = LINE('',#3615,#3616);
#3615 = CARTESIAN_POINT('',(57.668405884222,49.063334935607,
    521.73416486865));
#3616 = VECTOR('',#3617,1.);
#3617 = DIRECTION('',(0.559497881279,0.656996356497,0.505289925087));
#3618 = PCURVE('',#81,#3619);
#3619 = DEFINITIONAL_REPRESENTATION('',(#3620),#3623);
#3620 = B_SPLINE_CURVE_WITH_KNOTS('',1,(#3621,#3622),.UNSPECIFIED.,.F.,
  .F.,(2,2),(4.435629516969,7.158832238167),.PIECEWISE_BEZIER_KNOTS.);
#3621 = CARTESIAN_POINT('',(73.198076127193,-60.1501312011));
#3622 = CARTESIAN_POINT('',(70.940999166335,-61.6737573539));
#3623 = ( GEOMETRIC_REPRESENTATION_CONTEXT(2) 
PARAMETRIC_REPRESENTATION_CONTEXT() REPRESENTATION_CONTEXT('2D SPACE',''
  ) );
#3624 = PCURVE('',#3625,#3630);
#3625 = PLANE('',#3626);
#3626 = AXIS2_PLACEMENT_3D('',#3627,#3628,#3629);
#3627 = CARTESIAN_POINT('',(61.673757353907,-5.,525.35145067399));
#3628 = DIRECTION('',(-0.67024023548,0.,0.74214420886));
#3629 = DIRECTION('',(-0.74214420886,0.,-0.67024023548));
#3630 = DEFINITIONAL_REPRESENTATION('',(#3631),#3634);
#3631 = B_SPLINE_CURVE_WITH_KNOTS('',1,(#3632,#3633),.UNSPECIFIED.,.F.,
  .F.,(2,2),(4.435629516969,7.158832238167),.PIECEWISE_BEZIER_KNOTS.);
#3632 = CARTESIAN_POINT('',(2.053005513772,-56.97752736702));
#3633 = CARTESIAN_POINT('',(-3.552713678801E-15,-58.76666163285));
#3634 = ( GEOMETRIC_REPRESENTATION_CONTEXT(2) 
PARAMETRIC_REPRESENTATION_CONTEXT() REPRESENTATION_CONTEXT('2D SPACE',''
  ) );
#3635 = ORIENTED_EDGE('',*,*,#3636,.F.);
#3636 = EDGE_CURVE('',#3637,#3611,#3639,.T.);
#3637 = VERTEX_POINT('',#3638);
#3638 = CARTESIAN_POINT('',(58.569010224802,50.083154077891,
    522.5184984999));
#3639 = SURFACE_CURVE('',#3640,(#3644,#3650),.PCURVE_S1.);
#3640 = LINE('',#3641,#3642);
#3641 = CARTESIAN_POINT('',(57.443815540541,48.735035378001,
    521.48167266344));
#3642 = VECTOR('',#3643,1.);
#3643 = DIRECTION('',(0.551771905817,0.66108917391,0.508437673752));
#3644 = PCURVE('',#81,#3645);
#3645 = DEFINITIONAL_REPRESENTATION('',(#3646),#3649);
#3646 = B_SPLINE_CURVE_WITH_KNOTS('',1,(#3647,#3648),.UNSPECIFIED.,.F.,
  .F.,(2,2),(2.039238809368,4.904772483034),.PIECEWISE_BEZIER_KNOTS.);
#3647 = CARTESIAN_POINT('',(75.587917061902,-58.5690102248));
#3648 = CARTESIAN_POINT('',(73.198076127193,-60.1501312011));
#3649 = ( GEOMETRIC_REPRESENTATION_CONTEXT(2) 
PARAMETRIC_REPRESENTATION_CONTEXT() REPRESENTATION_CONTEXT('2D SPACE',''
  ) );
#3650 = PCURVE('',#3651,#3656);
#3651 = PLANE('',#3652);
#3652 = AXIS2_PLACEMENT_3D('',#3653,#3654,#3655);
#3653 = CARTESIAN_POINT('',(60.150131201104,-5.,523.975443775));
#3654 = DIRECTION('',(-0.677639211014,0.,0.735394519762));
#3655 = DIRECTION('',(-0.735394519762,0.,-0.677639211014));
#3656 = DEFINITIONAL_REPRESENTATION('',(#3657),#3660);
#3657 = B_SPLINE_CURVE_WITH_KNOTS('',1,(#3658,#3659),.UNSPECIFIED.,.F.,
  .F.,(2,2),(2.039238809368,4.904772483034),.PIECEWISE_BEZIER_KNOTS.);
#3658 = CARTESIAN_POINT('',(2.150030947761,-55.08315407789));
#3659 = CARTESIAN_POINT('',(-1.7763568394E-15,-56.97752736702));
#3660 = ( GEOMETRIC_REPRESENTATION_CONTEXT(2) 
PARAMETRIC_REPRESENTATION_CONTEXT() REPRESENTATION_CONTEXT('2D SPACE',''
  ) );
#3661 = ORIENTED_EDGE('',*,*,#3662,.F.);
#3662 = EDGE_CURVE('',#3663,#3637,#3665,.T.);
#3663 = VERTEX_POINT('',#3664);
#3664 = CARTESIAN_POINT('',(56.923849049418,48.073301591548,
    520.97273922404));
#3665 = SURFACE_CURVE('',#3666,(#3670,#3676),.PCURVE_S1.);
#3666 = LINE('',#3667,#3668);
#3667 = CARTESIAN_POINT('',(57.181490690999,48.388055976507,
    521.21481396011));
#3668 = VECTOR('',#3669,1.);
#3669 = DIRECTION('',(0.544306923599,0.664966229508,0.511419481967));
#3670 = PCURVE('',#81,#3671);
#3671 = DEFINITIONAL_REPRESENTATION('',(#3672),#3675);
#3672 = B_SPLINE_CURVE_WITH_KNOTS('',1,(#3673,#3674),.UNSPECIFIED.,.F.,
  .F.,(2,2),(-0.473338902025,2.549149153991),.PIECEWISE_BEZIER_KNOTS.);
#3673 = CARTESIAN_POINT('',(78.123440431104,-56.92384904941));
#3674 = CARTESIAN_POINT('',(75.587917061902,-58.5690102248));
#3675 = ( GEOMETRIC_REPRESENTATION_CONTEXT(2) 
PARAMETRIC_REPRESENTATION_CONTEXT() REPRESENTATION_CONTEXT('2D SPACE',''
  ) );
#3676 = PCURVE('',#3677,#3682);
#3677 = PLANE('',#3678);
#3678 = AXIS2_PLACEMENT_3D('',#3679,#3680,#3681);
#3679 = CARTESIAN_POINT('',(58.569010224802,-5.,522.5184984999));
#3680 = DIRECTION('',(-0.684747193506,0.,0.728780680991));
#3681 = DIRECTION('',(-0.728780680991,0.,-0.684747193506));
#3682 = DEFINITIONAL_REPRESENTATION('',(#3683),#3686);
#3683 = B_SPLINE_CURVE_WITH_KNOTS('',1,(#3684,#3685),.UNSPECIFIED.,.F.,
  .F.,(2,2),(-0.473338902025,2.549149153991),.PIECEWISE_BEZIER_KNOTS.);
#3684 = CARTESIAN_POINT('',(2.257416007718,-53.07330159154));
#3685 = CARTESIAN_POINT('',(2.6645352591E-15,-55.08315407789));
#3686 = ( GEOMETRIC_REPRESENTATION_CONTEXT(2) 
PARAMETRIC_REPRESENTATION_CONTEXT() REPRESENTATION_CONTEXT('2D SPACE',''
  ) );
#3687 = ORIENTED_EDGE('',*,*,#3688,.F.);
#3688 = EDGE_CURVE('',#3689,#3663,#3691,.T.);
#3689 = VERTEX_POINT('',#3690);
#3690 = CARTESIAN_POINT('',(55.207508470142,45.936239409284,
    519.3291441275));
#3691 = SURFACE_CURVE('',#3692,(#3696,#3702),.PCURVE_S1.);
#3692 = LINE('',#3693,#3694);
#3693 = CARTESIAN_POINT('',(56.881796916349,48.020941340703,
    520.93246943112));
#3694 = VECTOR('',#3695,1.);
#3695 = DIRECTION('',(0.537031695773,0.668672722402,0.514270111956));
#3696 = PCURVE('',#81,#3697);
#3697 = DEFINITIONAL_REPRESENTATION('',(#3698),#3701);
#3698 = B_SPLINE_CURVE_WITH_KNOTS('',1,(#3699,#3700),.UNSPECIFIED.,.F.,
  .F.,(2,2),(-3.117671562751,7.830475072511E-02),
  .PIECEWISE_BEZIER_KNOTS.);
#3699 = CARTESIAN_POINT('',(80.819444810224,-55.20750847014));
#3700 = CARTESIAN_POINT('',(78.123440431104,-56.92384904941));
#3701 = ( GEOMETRIC_REPRESENTATION_CONTEXT(2) 
PARAMETRIC_REPRESENTATION_CONTEXT() REPRESENTATION_CONTEXT('2D SPACE',''
  ) );
#3702 = PCURVE('',#3703,#3708);
#3703 = PLANE('',#3704);
#3704 = AXIS2_PLACEMENT_3D('',#3705,#3706,#3707);
#3705 = CARTESIAN_POINT('',(56.923849049418,-5.,520.97273922404));
#3706 = DIRECTION('',(-0.69163522793,0.,0.722246987869));
#3707 = DIRECTION('',(-0.722246987869,0.,-0.69163522793));
#3708 = DEFINITIONAL_REPRESENTATION('',(#3709),#3712);
#3709 = B_SPLINE_CURVE_WITH_KNOTS('',1,(#3710,#3711),.UNSPECIFIED.,.F.,
  .F.,(2,2),(-3.117671562751,7.830475072511E-02),
  .PIECEWISE_BEZIER_KNOTS.);
#3710 = CARTESIAN_POINT('',(2.37639008276,-50.93623940928));
#3711 = CARTESIAN_POINT('',(1.880440247959E-15,-53.07330159154));
#3712 = ( GEOMETRIC_REPRESENTATION_CONTEXT(2) 
PARAMETRIC_REPRESENTATION_CONTEXT() REPRESENTATION_CONTEXT('2D SPACE',''
  ) );
#3713 = ORIENTED_EDGE('',*,*,#3714,.F.);
#3714 = EDGE_CURVE('',#3715,#3689,#3717,.T.);
#3715 = VERTEX_POINT('',#3716);
#3716 = CARTESIAN_POINT('',(53.411832055128,43.657973331689,
    517.57695039873));
#3717 = SURFACE_CURVE('',#3718,(#3722,#3728),.PCURVE_S1.);
#3718 = LINE('',#3719,#3720);
#3719 = CARTESIAN_POINT('',(56.544693421404,47.632794027065,
    520.63394886081));
#3720 = VECTOR('',#3721,1.);
#3721 = DIRECTION('',(0.52985869399,0.672258697805,0.517028053039));
#3722 = PCURVE('',#81,#3723);
#3723 = DEFINITIONAL_REPRESENTATION('',(#3724),#3727);
#3724 = B_SPLINE_CURVE_WITH_KNOTS('',1,(#3725,#3726),.UNSPECIFIED.,.F.,
  .F.,(2,2),(-5.912635579659,-2.523663320862),.PIECEWISE_BEZIER_KNOTS.);
#3725 = CARTESIAN_POINT('',(83.693584539509,-53.41183205512));
#3726 = CARTESIAN_POINT('',(80.819444810224,-55.20750847014));
#3727 = ( GEOMETRIC_REPRESENTATION_CONTEXT(2) 
PARAMETRIC_REPRESENTATION_CONTEXT() REPRESENTATION_CONTEXT('2D SPACE',''
  ) );
#3728 = PCURVE('',#3729,#3734);
#3729 = PLANE('',#3730);
#3730 = AXIS2_PLACEMENT_3D('',#3731,#3732,#3733);
#3731 = CARTESIAN_POINT('',(55.207508470142,-5.,519.3291441275));
#3732 = DIRECTION('',(-0.69838803224,0.,0.715719327966));
#3733 = DIRECTION('',(-0.715719327966,0.,-0.69838803224));
#3734 = DEFINITIONAL_REPRESENTATION('',(#3735),#3738);
#3735 = B_SPLINE_CURVE_WITH_KNOTS('',1,(#3736,#3737),.UNSPECIFIED.,.F.,
  .F.,(2,2),(-5.912635579659,-2.523663320862),.PIECEWISE_BEZIER_KNOTS.);
#3736 = CARTESIAN_POINT('',(2.508911447336,-48.65797333168));
#3737 = CARTESIAN_POINT('',(-1.33226762955E-15,-50.93623940928));
#3738 = ( GEOMETRIC_REPRESENTATION_CONTEXT(2) 
PARAMETRIC_REPRESENTATION_CONTEXT() REPRESENTATION_CONTEXT('2D SPACE',''
  ) );
#3739 = ORIENTED_EDGE('',*,*,#3740,.F.);
#3740 = EDGE_CURVE('',#3741,#3715,#3743,.T.);
#3741 = VERTEX_POINT('',#3742);
#3742 = CARTESIAN_POINT('',(51.532203861489,41.222765609706,
    515.70405427801));
#3743 = SURFACE_CURVE('',#3744,(#3748,#3754),.PCURVE_S1.);
#3744 = LINE('',#3745,#3746);
#3745 = CARTESIAN_POINT('',(56.181852220985,47.246754624062,
    520.33704946541));
#3746 = VECTOR('',#3747,1.);
#3747 = DIRECTION('',(0.521897934396,0.676160255646,0.520028705706));
#3748 = PCURVE('',#81,#3749);
#3749 = DEFINITIONAL_REPRESENTATION('',(#3750),#3753);
#3750 = B_SPLINE_CURVE_WITH_KNOTS('',1,(#3751,#3752),.UNSPECIFIED.,.F.,
  .F.,(2,2),(-8.909114317292,-5.307589824169),.PIECEWISE_BEZIER_KNOTS.);
#3751 = CARTESIAN_POINT('',(86.765713529027,-51.53220386148));
#3752 = CARTESIAN_POINT('',(83.693584539509,-53.41183205512));
#3753 = ( GEOMETRIC_REPRESENTATION_CONTEXT(2) 
PARAMETRIC_REPRESENTATION_CONTEXT() REPRESENTATION_CONTEXT('2D SPACE',''
  ) );
#3754 = PCURVE('',#3755,#3760);
#3755 = PLANE('',#3756);
#3756 = AXIS2_PLACEMENT_3D('',#3757,#3758,#3759);
#3757 = CARTESIAN_POINT('',(53.411832055128,-5.,517.57695039873));
#3758 = DIRECTION('',(-0.705837087415,0.,0.708374199156));
#3759 = DIRECTION('',(-0.708374199156,0.,-0.705837087415));
#3760 = DEFINITIONAL_REPRESENTATION('',(#3761),#3764);
#3761 = B_SPLINE_CURVE_WITH_KNOTS('',1,(#3762,#3763),.UNSPECIFIED.,.F.,
  .F.,(2,2),(-8.909114317292,-5.307589824169),.PIECEWISE_BEZIER_KNOTS.);
#3762 = CARTESIAN_POINT('',(2.653439659263,-46.2227656097));
#3763 = CARTESIAN_POINT('',(1.33226762955E-15,-48.65797333168));
#3764 = ( GEOMETRIC_REPRESENTATION_CONTEXT(2) 
PARAMETRIC_REPRESENTATION_CONTEXT() REPRESENTATION_CONTEXT('2D SPACE',''
  ) );
#3765 = ORIENTED_EDGE('',*,*,#3766,.F.);
#3766 = EDGE_CURVE('',#3767,#3741,#3769,.T.);
#3767 = VERTEX_POINT('',#3768);
#3768 = CARTESIAN_POINT('',(49.566060478304,38.614705412593,
    513.69821889004));
#3769 = SURFACE_CURVE('',#3770,(#3774,#3780),.PCURVE_S1.);
#3770 = LINE('',#3771,#3772);
#3771 = CARTESIAN_POINT('',(55.788363779586,46.868498962558,
    520.04613647484));
#3772 = VECTOR('',#3773,1.);
#3773 = DIRECTION('',(0.512965812529,0.680441584056,0.523321436465));
#3774 = PCURVE('',#81,#3775);
#3775 = DEFINITIONAL_REPRESENTATION('',(#3776),#3779);
#3776 = B_SPLINE_CURVE_WITH_KNOTS('',1,(#3777,#3778),.UNSPECIFIED.,.F.,
  .F.,(2,2),(-12.13005457538,-8.297160968907),.PIECEWISE_BEZIER_KNOTS.);
#3777 = CARTESIAN_POINT('',(90.055904039523,-49.5660604783));
#3778 = CARTESIAN_POINT('',(86.765713529027,-51.53220386148));
#3779 = ( GEOMETRIC_REPRESENTATION_CONTEXT(2) 
PARAMETRIC_REPRESENTATION_CONTEXT() REPRESENTATION_CONTEXT('2D SPACE',''
  ) );
#3780 = PCURVE('',#3781,#3786);
#3781 = PLANE('',#3782);
#3782 = AXIS2_PLACEMENT_3D('',#3783,#3784,#3785);
#3783 = CARTESIAN_POINT('',(51.532203861489,-5.,515.70405427801));
#3784 = DIRECTION('',(-0.714137246937,0.,0.700005708932));
#3785 = DIRECTION('',(-0.700005708932,0.,-0.714137246937));
#3786 = DEFINITIONAL_REPRESENTATION('',(#3787),#3790);
#3787 = B_SPLINE_CURVE_WITH_KNOTS('',1,(#3788,#3789),.UNSPECIFIED.,.F.,
  .F.,(2,2),(-12.13005457538,-8.297160968907),.PIECEWISE_BEZIER_KNOTS.);
#3788 = CARTESIAN_POINT('',(2.808753354575,-43.61470541259));
#3789 = CARTESIAN_POINT('',(0.,-46.2227656097));
#3790 = ( GEOMETRIC_REPRESENTATION_CONTEXT(2) 
PARAMETRIC_REPRESENTATION_CONTEXT() REPRESENTATION_CONTEXT('2D SPACE',''
  ) );
#3791 = ORIENTED_EDGE('',*,*,#3792,.F.);
#3792 = EDGE_CURVE('',#3793,#3767,#3795,.T.);
#3793 = VERTEX_POINT('',#3794);
#3794 = CARTESIAN_POINT('',(47.507652755666,35.816218720779,
    511.54592821616));
#3795 = SURFACE_CURVE('',#3796,(#3800,#3806),.PCURVE_S1.);
#3796 = LINE('',#3797,#3798);
#3797 = CARTESIAN_POINT('',(55.34980743142,46.47793809439,
    519.74575966168));
#3798 = VECTOR('',#3799,1.);
#3799 = DIRECTION('',(0.503687457313,0.684783014862,0.52666039143));
#3800 = PCURVE('',#81,#3801);
#3801 = DEFINITIONAL_REPRESENTATION('',(#3802),#3805);
#3802 = B_SPLINE_CURVE_WITH_KNOTS('',1,(#3803,#3804),.UNSPECIFIED.,.F.,
  .F.,(2,2),(-15.56948572352,-11.48280916894),.PIECEWISE_BEZIER_KNOTS.);
#3803 = CARTESIAN_POINT('',(93.58632652262,-47.50765275566));
#3804 = CARTESIAN_POINT('',(90.055904039523,-49.5660604783));
#3805 = ( GEOMETRIC_REPRESENTATION_CONTEXT(2) 
PARAMETRIC_REPRESENTATION_CONTEXT() REPRESENTATION_CONTEXT('2D SPACE',''
  ) );
#3806 = PCURVE('',#3807,#3812);
#3807 = PLANE('',#3808);
#3808 = AXIS2_PLACEMENT_3D('',#3809,#3810,#3811);
#3809 = CARTESIAN_POINT('',(49.566060478304,-5.,513.69821889004));
#3810 = DIRECTION('',(-0.722693026924,0.,0.691169146327));
#3811 = DIRECTION('',(-0.691169146327,0.,-0.722693026924));
#3812 = DEFINITIONAL_REPRESENTATION('',(#3813),#3816);
#3813 = B_SPLINE_CURVE_WITH_KNOTS('',1,(#3814,#3815),.UNSPECIFIED.,.F.,
  .F.,(2,2),(-15.56948572352,-11.48280916894),.PIECEWISE_BEZIER_KNOTS.);
#3814 = CARTESIAN_POINT('',(2.978153370381,-40.81621872077));
#3815 = CARTESIAN_POINT('',(0.,-43.61470541259));
#3816 = ( GEOMETRIC_REPRESENTATION_CONTEXT(2) 
PARAMETRIC_REPRESENTATION_CONTEXT() REPRESENTATION_CONTEXT('2D SPACE',''
  ) );
#3817 = ORIENTED_EDGE('',*,*,#3818,.F.);
#3818 = EDGE_CURVE('',#3819,#3793,#3821,.T.);
#3819 = VERTEX_POINT('',#3820);
#3820 = CARTESIAN_POINT('',(45.351202593402,32.807311231035,
    509.2318048195));
#3821 = SURFACE_CURVE('',#3822,(#3826,#3832),.PCURVE_S1.);
#3822 = LINE('',#3823,#3824);
#3823 = CARTESIAN_POINT('',(54.861148906549,46.076594792242,
    519.43709017657));
#3824 = VECTOR('',#3825,1.);
#3825 = DIRECTION('',(0.493957663231,0.689222008707,0.530074381242));
#3826 = PCURVE('',#81,#3827);
#3827 = DEFINITIONAL_REPRESENTATION('',(#3828),#3831);
#3828 = B_SPLINE_CURVE_WITH_KNOTS('',1,(#3829,#3830),.UNSPECIFIED.,.F.,
  .F.,(2,2),(-19.2525534495,-14.88689557478),.PIECEWISE_BEZIER_KNOTS.);
#3829 = CARTESIAN_POINT('',(97.38220473152,-45.3512025934));
#3830 = CARTESIAN_POINT('',(93.58632652262,-47.50765275566));
#3831 = ( GEOMETRIC_REPRESENTATION_CONTEXT(2) 
PARAMETRIC_REPRESENTATION_CONTEXT() REPRESENTATION_CONTEXT('2D SPACE',''
  ) );
#3832 = PCURVE('',#3833,#3838);
#3833 = PLANE('',#3834);
#3834 = AXIS2_PLACEMENT_3D('',#3835,#3836,#3837);
#3835 = CARTESIAN_POINT('',(47.507652755666,-5.,511.54592821616));
#3836 = DIRECTION('',(-0.731590945524,0.,0.681743858372));
#3837 = DIRECTION('',(-0.681743858372,0.,-0.731590945524));
#3838 = DEFINITIONAL_REPRESENTATION('',(#3839),#3842);
#3839 = B_SPLINE_CURVE_WITH_KNOTS('',1,(#3840,#3841),.UNSPECIFIED.,.F.,
  .F.,(2,2),(-19.2525534495,-14.88689557478),.PIECEWISE_BEZIER_KNOTS.);
#3840 = CARTESIAN_POINT('',(3.163138377828,-37.80731123103));
#3841 = CARTESIAN_POINT('',(1.7763568394E-15,-40.81621872077));
#3842 = ( GEOMETRIC_REPRESENTATION_CONTEXT(2) 
PARAMETRIC_REPRESENTATION_CONTEXT() REPRESENTATION_CONTEXT('2D SPACE',''
  ) );
#3843 = ORIENTED_EDGE('',*,*,#3844,.F.);
#3844 = EDGE_CURVE('',#3845,#3819,#3847,.T.);
#3845 = VERTEX_POINT('',#3846);
#3846 = CARTESIAN_POINT('',(43.091535259482,29.566037698859,
    506.73897081203));
#3847 = SURFACE_CURVE('',#3848,(#3852,#3858),.PCURVE_S1.);
#3848 = LINE('',#3849,#3850);
#3849 = CARTESIAN_POINT('',(54.315632044917,45.665915449496,
    519.12124042752));
#3850 = VECTOR('',#3851,1.);
#3851 = DIRECTION('',(0.483677317455,0.693788180078,0.533586182133));
#3852 = PCURVE('',#81,#3853);
#3853 = DEFINITIONAL_REPRESENTATION('',(#3854),#3857);
#3854 = B_SPLINE_CURVE_WITH_KNOTS('',1,(#3855,#3856),.UNSPECIFIED.,.F.,
  .F.,(2,2),(-23.2057538784,-18.53390499822),.PIECEWISE_BEZIER_KNOTS.);
#3855 = CARTESIAN_POINT('',(101.47122362352,-43.09153525948));
#3856 = CARTESIAN_POINT('',(97.38220473152,-45.3512025934));
#3857 = ( GEOMETRIC_REPRESENTATION_CONTEXT(2) 
PARAMETRIC_REPRESENTATION_CONTEXT() REPRESENTATION_CONTEXT('2D SPACE',''
  ) );
#3858 = PCURVE('',#3859,#3864);
#3859 = PLANE('',#3860);
#3860 = AXIS2_PLACEMENT_3D('',#3861,#3862,#3863);
#3861 = CARTESIAN_POINT('',(45.351202593402,-5.,509.2318048195));
#3862 = DIRECTION('',(-0.740907600926,0.,0.671606973527));
#3863 = DIRECTION('',(-0.671606973527,0.,-0.740907600926));
#3864 = DEFINITIONAL_REPRESENTATION('',(#3865),#3868);
#3865 = B_SPLINE_CURVE_WITH_KNOTS('',1,(#3866,#3867),.UNSPECIFIED.,.F.,
  .F.,(2,2),(-23.2057538784,-18.53390499822),.PIECEWISE_BEZIER_KNOTS.);
#3866 = CARTESIAN_POINT('',(3.364568003296,-34.56603769885));
#3867 = CARTESIAN_POINT('',(0.,-37.80731123103));
#3868 = ( GEOMETRIC_REPRESENTATION_CONTEXT(2) 
PARAMETRIC_REPRESENTATION_CONTEXT() REPRESENTATION_CONTEXT('2D SPACE',''
  ) );
#3869 = ORIENTED_EDGE('',*,*,#3870,.F.);
#3870 = EDGE_CURVE('',#3871,#3845,#3873,.T.);
#3871 = VERTEX_POINT('',#3872);
#3872 = CARTESIAN_POINT('',(40.72435238896,26.068501900824,
    504.04904782554));
#3873 = SURFACE_CURVE('',#3874,(#3878,#3884),.PCURVE_S1.);
#3874 = LINE('',#3875,#3876);
#3875 = CARTESIAN_POINT('',(53.704798279251,45.247237410063,
    518.79923895355));
#3876 = VECTOR('',#3877,1.);
#3877 = DIRECTION('',(0.472756322073,0.698502080591,0.537211600163));
#3878 = PCURVE('',#81,#3879);
#3879 = DEFINITIONAL_REPRESENTATION('',(#3880),#3883);
#3880 = B_SPLINE_CURVE_WITH_KNOTS('',1,(#3881,#3882),.UNSPECIFIED.,.F.,
  .F.,(2,2),(-27.45694829286,-22.44975376156),.PIECEWISE_BEZIER_KNOTS.);
#3881 = CARTESIAN_POINT('',(105.88352940755,-40.72435238896));
#3882 = CARTESIAN_POINT('',(101.47122362352,-43.09153525948));
#3883 = ( GEOMETRIC_REPRESENTATION_CONTEXT(2) 
PARAMETRIC_REPRESENTATION_CONTEXT() REPRESENTATION_CONTEXT('2D SPACE',''
  ) );
#3884 = PCURVE('',#3885,#3890);
#3885 = PLANE('',#3886);
#3886 = AXIS2_PLACEMENT_3D('',#3887,#3888,#3889);
#3887 = CARTESIAN_POINT('',(43.091535259482,-5.,506.73897081203));
#3888 = DIRECTION('',(-0.750706507561,0.,0.660635859991));
#3889 = DIRECTION('',(-0.660635859991,0.,-0.750706507561));
#3890 = DEFINITIONAL_REPRESENTATION('',(#3891),#3894);
#3891 = B_SPLINE_CURVE_WITH_KNOTS('',1,(#3892,#3893),.UNSPECIFIED.,.F.,
  .F.,(2,2),(-27.45694829286,-22.44975376156),.PIECEWISE_BEZIER_KNOTS.);
#3892 = CARTESIAN_POINT('',(3.583188582217,-31.06850190082));
#3893 = CARTESIAN_POINT('',(3.552713678801E-15,-34.56603769885));
#3894 = ( GEOMETRIC_REPRESENTATION_CONTEXT(2) 
PARAMETRIC_REPRESENTATION_CONTEXT() REPRESENTATION_CONTEXT('2D SPACE',''
  ) );
#3895 = ORIENTED_EDGE('',*,*,#3896,.F.);
#3896 = EDGE_CURVE('',#3897,#3871,#3899,.T.);
#3897 = VERTEX_POINT('',#3898);
#3898 = CARTESIAN_POINT('',(38.246557223021,22.288916156519,
    501.14220278946));
#3899 = SURFACE_CURVE('',#3900,(#3904,#3910),.PCURVE_S1.);
#3900 = LINE('',#3901,#3902);
#3901 = CARTESIAN_POINT('',(53.018435973335,44.82168363818,
    518.47194941627));
#3902 = VECTOR('',#3903,1.);
#3903 = DIRECTION('',(0.461113965051,0.703375239714,0.540959502544));
#3904 = PCURVE('',#81,#3905);
#3905 = DEFINITIONAL_REPRESENTATION('',(#3906),#3909);
#3906 = B_SPLINE_CURVE_WITH_KNOTS('',1,(#3907,#3908),.UNSPECIFIED.,.F.,
  .F.,(2,2),(-32.03520142508,-26.66170299792),.PIECEWISE_BEZIER_KNOTS.);
#3907 = CARTESIAN_POINT('',(110.65165445439,-38.24655722302));
#3908 = CARTESIAN_POINT('',(105.88352940755,-40.72435238896));
#3909 = ( GEOMETRIC_REPRESENTATION_CONTEXT(2) 
PARAMETRIC_REPRESENTATION_CONTEXT() REPRESENTATION_CONTEXT('2D SPACE',''
  ) );
#3910 = PCURVE('',#3911,#3916);
#3911 = PLANE('',#3912);
#3912 = AXIS2_PLACEMENT_3D('',#3913,#3914,#3915);
#3913 = CARTESIAN_POINT('',(40.72435238896,-5.,504.04904782554));
#3914 = DIRECTION('',(-0.76103720528,0.,0.648708233476));
#3915 = DIRECTION('',(-0.648708233476,0.,-0.76103720528));
#3916 = DEFINITIONAL_REPRESENTATION('',(#3917),#3920);
#3917 = B_SPLINE_CURVE_WITH_KNOTS('',1,(#3918,#3919),.UNSPECIFIED.,.F.,
  .F.,(2,2),(-32.03520142508,-26.66170299792),.PIECEWISE_BEZIER_KNOTS.);
#3918 = CARTESIAN_POINT('',(3.819583347448,-27.28891615651));
#3919 = CARTESIAN_POINT('',(3.552713678801E-15,-31.06850190082));
#3920 = ( GEOMETRIC_REPRESENTATION_CONTEXT(2) 
PARAMETRIC_REPRESENTATION_CONTEXT() REPRESENTATION_CONTEXT('2D SPACE',''
  ) );
#3921 = ORIENTED_EDGE('',*,*,#3922,.F.);
#3922 = EDGE_CURVE('',#3923,#3897,#3925,.T.);
#3923 = VERTEX_POINT('',#3924);
#3924 = CARTESIAN_POINT('',(35.656647907921,18.19974395275,
    497.99725762184));
#3925 = SURFACE_CURVE('',#3926,(#3930,#3936),.PCURVE_S1.);
#3926 = LINE('',#3927,#3928);
#3927 = CARTESIAN_POINT('',(52.244523575792,44.390112744881,
    518.1400321656));
#3928 = VECTOR('',#3929,1.);
#3929 = DIRECTION('',(0.44867762208,0.708410927736,0.544832404423));
#3930 = PCURVE('',#81,#3931);
#3931 = DEFINITIONAL_REPRESENTATION('',(#3932),#3935);
#3932 = B_SPLINE_CURVE_WITH_KNOTS('',1,(#3933,#3934),.UNSPECIFIED.,.F.,
  .F.,(2,2),(-36.97058835022,-31.19827168532),.PIECEWISE_BEZIER_KNOTS.);
#3933 = CARTESIAN_POINT('',(115.81033736958,-35.65664790792));
#3934 = CARTESIAN_POINT('',(110.65165445439,-38.24655722302));
#3935 = ( GEOMETRIC_REPRESENTATION_CONTEXT(2) 
PARAMETRIC_REPRESENTATION_CONTEXT() REPRESENTATION_CONTEXT('2D SPACE',''
  ) );
#3936 = PCURVE('',#3937,#3942);
#3937 = PLANE('',#3938);
#3938 = AXIS2_PLACEMENT_3D('',#3939,#3940,#3941);
#3939 = CARTESIAN_POINT('',(38.246557223021,-5.,501.14220278946));
#3940 = DIRECTION('',(-0.771935719491,0.,0.635700593813));
#3941 = DIRECTION('',(-0.635700593813,0.,-0.771935719491));
#3942 = DEFINITIONAL_REPRESENTATION('',(#3943),#3946);
#3943 = B_SPLINE_CURVE_WITH_KNOTS('',1,(#3944,#3945),.UNSPECIFIED.,.F.,
  .F.,(2,2),(-36.97058835022,-31.19827168532),.PIECEWISE_BEZIER_KNOTS.);
#3944 = CARTESIAN_POINT('',(4.07410240026,-23.19974395275));
#3945 = CARTESIAN_POINT('',(7.105427357601E-15,-27.28891615651));
#3946 = ( GEOMETRIC_REPRESENTATION_CONTEXT(2) 
PARAMETRIC_REPRESENTATION_CONTEXT() REPRESENTATION_CONTEXT('2D SPACE',''
  ) );
#3947 = ORIENTED_EDGE('',*,*,#3948,.F.);
#3948 = EDGE_CURVE('',#3949,#3923,#3951,.T.);
#3949 = VERTEX_POINT('',#3950);
#3950 = CARTESIAN_POINT('',(32.955198401606,13.771958562834,
    494.59188813105));
#3951 = SURFACE_CURVE('',#3952,(#3956,#3962),.PCURVE_S1.);
#3952 = LINE('',#3953,#3954);
#3953 = CARTESIAN_POINT('',(51.36912578991,43.953132954695,
    517.80395498152));
#3954 = VECTOR('',#3955,1.);
#3955 = DIRECTION('',(0.435379964568,0.713605433553,0.548827451624));
#3956 = PCURVE('',#81,#3957);
#3957 = DEFINITIONAL_REPRESENTATION('',(#3958),#3961);
#3958 = B_SPLINE_CURVE_WITH_KNOTS('',1,(#3959,#3960),.UNSPECIFIED.,.F.,
  .F.,(2,2),(-42.29392458739,-36.08911562473),.PIECEWISE_BEZIER_KNOTS.);
#3959 = CARTESIAN_POINT('',(121.39619673301,-32.9551984016));
#3960 = CARTESIAN_POINT('',(115.81033736958,-35.65664790792));
#3961 = ( GEOMETRIC_REPRESENTATION_CONTEXT(2) 
PARAMETRIC_REPRESENTATION_CONTEXT() REPRESENTATION_CONTEXT('2D SPACE',''
  ) );
#3962 = PCURVE('',#3963,#3968);
#3963 = PLANE('',#3964);
#3964 = AXIS2_PLACEMENT_3D('',#3965,#3966,#3967);
#3965 = CARTESIAN_POINT('',(35.656647907921,-5.,497.99725762184));
#3966 = DIRECTION('',(-0.783426077725,0.,0.621484980302));
#3967 = DIRECTION('',(-0.621484980302,0.,-0.783426077725));
#3968 = DEFINITIONAL_REPRESENTATION('',(#3969),#3972);
#3969 = B_SPLINE_CURVE_WITH_KNOTS('',1,(#3970,#3971),.UNSPECIFIED.,.F.,
  .F.,(2,2),(-42.29392458739,-36.08911562473),.PIECEWISE_BEZIER_KNOTS.);
#3970 = CARTESIAN_POINT('',(4.346765556593,-18.77195856283));
#3971 = CARTESIAN_POINT('',(-3.552713678801E-15,-23.19974395275));
#3972 = ( GEOMETRIC_REPRESENTATION_CONTEXT(2) 
PARAMETRIC_REPRESENTATION_CONTEXT() REPRESENTATION_CONTEXT('2D SPACE',''
  ) );
#3973 = ORIENTED_EDGE('',*,*,#3974,.F.);
#3974 = EDGE_CURVE('',#3975,#3949,#3977,.T.);
#3975 = VERTEX_POINT('',#3976);
#3976 = CARTESIAN_POINT('',(31.860168131442,8.51237244475,
    490.54678826205));
#3977 = SURFACE_CURVE('',#3978,(#3982,#3988),.PCURVE_S1.);
#3978 = LINE('',#3979,#3980);
#3979 = CARTESIAN_POINT('',(41.074616929454,52.770680460819,
    524.58545060895));
#3980 = VECTOR('',#3981,1.);
#3981 = DIRECTION('',(0.162830598367,0.782098521023,0.601504862532));
#3982 = PCURVE('',#81,#3983);
#3983 = DEFINITIONAL_REPRESENTATION('',(#3984),#3987);
#3984 = B_SPLINE_CURVE_WITH_KNOTS('',1,(#3985,#3986),.UNSPECIFIED.,.F.,
  .F.,(2,2),(-67.4731878943,-49.86420617058),.PIECEWISE_BEZIER_KNOTS.);
#3985 = CARTESIAN_POINT('',(138.77016970516,-30.0879173709));
#3986 = CARTESIAN_POINT('',(121.39619673301,-32.9551984016));
#3987 = ( GEOMETRIC_REPRESENTATION_CONTEXT(2) 
PARAMETRIC_REPRESENTATION_CONTEXT() REPRESENTATION_CONTEXT('2D SPACE',''
  ) );
#3988 = PCURVE('',#109,#3989);
#3989 = DEFINITIONAL_REPRESENTATION('',(#3990),#3993);
#3990 = B_SPLINE_CURVE_WITH_KNOTS('',1,(#3991,#3992),.UNSPECIFIED.,.F.,
  .F.,(2,2),(-67.4731878943,-49.86420617058),.PIECEWISE_BEZIER_KNOTS.);
#3991 = CARTESIAN_POINT('',(10.973121465188,-5.));
#3992 = CARTESIAN_POINT('',(1.06581410364E-14,-18.77195856283));
#3993 = ( GEOMETRIC_REPRESENTATION_CONTEXT(2) 
PARAMETRIC_REPRESENTATION_CONTEXT() REPRESENTATION_CONTEXT('2D SPACE',''
  ) );
#3994 = ORIENTED_EDGE('',*,*,#3995,.T.);
#3995 = EDGE_CURVE('',#3975,#3996,#3998,.T.);
#3996 = VERTEX_POINT('',#3997);
#3997 = CARTESIAN_POINT('',(31.784532408682,8.385779029374,
    490.44942641713));
#3998 = SURFACE_CURVE('',#3999,(#4003,#4010),.PCURVE_S1.);
#3999 = LINE('',#4000,#4001);
#4000 = CARTESIAN_POINT('',(37.271450026758,17.569371329529,
    497.51244376798));
#4001 = VECTOR('',#4002,1.);
#4002 = DIRECTION('',(-0.4280247609,-0.716395829515,-0.55097351979));
#4003 = PCURVE('',#81,#4004);
#4004 = DEFINITIONAL_REPRESENTATION('',(#4005),#4009);
#4005 = LINE('',#4006,#4007);
#4006 = CARTESIAN_POINT('',(116.6055820596,-37.27145002675));
#4007 = VECTOR('',#4008,1.);
#4008 = DIRECTION('',(0.903767007617,0.4280247609));
#4009 = ( GEOMETRIC_REPRESENTATION_CONTEXT(2) 
PARAMETRIC_REPRESENTATION_CONTEXT() REPRESENTATION_CONTEXT('2D SPACE',''
  ) );
#4010 = PCURVE('',#4011,#4016);
#4011 = B_SPLINE_SURFACE_WITH_KNOTS('',1,1,(
    (#4012,#4013)
    ,(#4014,#4015
    )),.UNSPECIFIED.,.F.,.F.,.F.,(2,2),(2,2),(0.,12.84557852437),(0.,1.)
  ,.PIECEWISE_BEZIER_KNOTS.);
#4012 = CARTESIAN_POINT('',(37.664133842614,17.720354987507,
    497.61766307932));
#4013 = CARTESIAN_POINT('',(37.271450026758,17.569371329529,
    497.51244376798));
#4014 = CARTESIAN_POINT('',(32.106930966864,8.538864512378,
    490.55886598076));
#4015 = CARTESIAN_POINT('',(31.784532408682,8.385779029374,
    490.44942641713));
#4016 = DEFINITIONAL_REPRESENTATION('',(#4017),#4020);
#4017 = B_SPLINE_CURVE_WITH_KNOTS('',1,(#4018,#4019),.UNSPECIFIED.,.F.,
  .F.,(2,2),(0.,12.819159355487),.PIECEWISE_BEZIER_KNOTS.);
#4018 = CARTESIAN_POINT('',(0.,1.));
#4019 = CARTESIAN_POINT('',(12.84557852437,1.));
#4020 = ( GEOMETRIC_REPRESENTATION_CONTEXT(2) 
PARAMETRIC_REPRESENTATION_CONTEXT() REPRESENTATION_CONTEXT('2D SPACE',''
  ) );
#4021 = ORIENTED_EDGE('',*,*,#4022,.T.);
#4022 = EDGE_CURVE('',#3996,#4023,#4025,.T.);
#4023 = VERTEX_POINT('',#4024);
#4024 = CARTESIAN_POINT('',(31.832828551303,8.381056553222,
    490.44579440366));
#4025 = SURFACE_CURVE('',#4026,(#4030,#4037),.PCURVE_S1.);
#4026 = LINE('',#4027,#4028);
#4027 = CARTESIAN_POINT('',(31.784532408682,8.385779029374,
    490.44942641713));
#4028 = VECTOR('',#4029,1.);
#4029 = DIRECTION('',(0.992477375966,-9.704606797784E-02,
    -7.463724864477E-02));
#4030 = PCURVE('',#81,#4031);
#4031 = DEFINITIONAL_REPRESENTATION('',(#4032),#4036);
#4032 = LINE('',#4033,#4034);
#4033 = CARTESIAN_POINT('',(128.19111535047,-31.78453240868));
#4034 = VECTOR('',#4035,1.);
#4035 = DIRECTION('',(0.122428175659,-0.992477375966));
#4036 = ( GEOMETRIC_REPRESENTATION_CONTEXT(2) 
PARAMETRIC_REPRESENTATION_CONTEXT() REPRESENTATION_CONTEXT('2D SPACE',''
  ) );
#4037 = PCURVE('',#4038,#4043);
#4038 = B_SPLINE_SURFACE_WITH_KNOTS('',1,1,(
    (#4039,#4040)
    ,(#4041,#4042
    )),.UNSPECIFIED.,.F.,.F.,.F.,(2,2),(2,2),(0.,12.0381191999),(0.,1.),
  .PIECEWISE_BEZIER_KNOTS.);
#4039 = CARTESIAN_POINT('',(32.106930966864,8.538864512378,
    490.55886598076));
#4040 = CARTESIAN_POINT('',(31.784532408682,8.385779029374,
    490.44942641713));
#4041 = CARTESIAN_POINT('',(44.05137286495,7.401718124007,
    489.68318422077));
#4042 = CARTESIAN_POINT('',(43.732093363767,7.217526895175,
    489.55093432119));
#4043 = DEFINITIONAL_REPRESENTATION('',(#4044),#4048);
#4044 = LINE('',#4045,#4046);
#4045 = CARTESIAN_POINT('',(0.,1.));
#4046 = VECTOR('',#4047,1.);
#4047 = DIRECTION('',(1.,0.));
#4048 = ( GEOMETRIC_REPRESENTATION_CONTEXT(2) 
PARAMETRIC_REPRESENTATION_CONTEXT() REPRESENTATION_CONTEXT('2D SPACE',''
  ) );
#4049 = ORIENTED_EDGE('',*,*,#4050,.F.);
#4050 = EDGE_CURVE('',#66,#4023,#4051,.T.);
#4051 = SURFACE_CURVE('',#4052,(#4056,#4062),.PCURVE_S1.);
#4052 = LINE('',#4053,#4054);
#4053 = CARTESIAN_POINT('',(41.074616929454,52.770680460819,
    524.58545060895));
#4054 = VECTOR('',#4055,1.);
#4055 = DIRECTION('',(0.162830598367,0.782098521023,0.601504862532));
#4056 = PCURVE('',#81,#4057);
#4057 = DEFINITIONAL_REPRESENTATION('',(#4058),#4061);
#4058 = B_SPLINE_CURVE_WITH_KNOTS('',1,(#4059,#4060),.UNSPECIFIED.,.F.,
  .F.,(2,2),(-67.4731878943,-49.86420617058),.PIECEWISE_BEZIER_KNOTS.);
#4059 = CARTESIAN_POINT('',(138.77016970516,-30.0879173709));
#4060 = CARTESIAN_POINT('',(121.39619673301,-32.9551984016));
#4061 = ( GEOMETRIC_REPRESENTATION_CONTEXT(2) 
PARAMETRIC_REPRESENTATION_CONTEXT() REPRESENTATION_CONTEXT('2D SPACE',''
  ) );
#4062 = PCURVE('',#109,#4063);
#4063 = DEFINITIONAL_REPRESENTATION('',(#4064),#4067);
#4064 = B_SPLINE_CURVE_WITH_KNOTS('',1,(#4065,#4066),.UNSPECIFIED.,.F.,
  .F.,(2,2),(-67.4731878943,-49.86420617058),.PIECEWISE_BEZIER_KNOTS.);
#4065 = CARTESIAN_POINT('',(10.973121465188,-5.));
#4066 = CARTESIAN_POINT('',(1.06581410364E-14,-18.77195856283));
#4067 = ( GEOMETRIC_REPRESENTATION_CONTEXT(2) 
PARAMETRIC_REPRESENTATION_CONTEXT() REPRESENTATION_CONTEXT('2D SPACE',''
  ) );
#4068 = ORIENTED_EDGE('',*,*,#65,.F.);
#4069 = ADVANCED_FACE('',(#4070),#455,.F.);
#4070 = FACE_BOUND('',#4071,.F.);
#4071 = EDGE_LOOP('',(#4072,#4073,#4074,#4097,#4125,#4153));
#4072 = ORIENTED_EDGE('',*,*,#844,.T.);
#4073 = ORIENTED_EDGE('',*,*,#441,.T.);
#4074 = ORIENTED_EDGE('',*,*,#4075,.T.);
#4075 = EDGE_CURVE('',#409,#4076,#4078,.T.);
#4076 = VERTEX_POINT('',#4077);
#4077 = CARTESIAN_POINT('',(-6.661338147751E-16,111.,562.78472110163));
#4078 = SURFACE_CURVE('',#4079,(#4083,#4090),.PCURVE_S1.);
#4079 = LINE('',#4080,#4081);
#4080 = CARTESIAN_POINT('',(-8.881784197001E-16,217.56143556847,
    480.82928974624));
#4081 = VECTOR('',#4082,1.);
#4082 = DIRECTION('',(0.,-0.79267756344,0.609641107882));
#4083 = PCURVE('',#455,#4084);
#4084 = DEFINITIONAL_REPRESENTATION('',(#4085),#4089);
#4085 = LINE('',#4086,#4087);
#4086 = CARTESIAN_POINT('',(107.56143556847,-26.76669921612));
#4087 = VECTOR('',#4088,1.);
#4088 = DIRECTION('',(-0.79267756344,0.609641107882));
#4089 = ( GEOMETRIC_REPRESENTATION_CONTEXT(2) 
PARAMETRIC_REPRESENTATION_CONTEXT() REPRESENTATION_CONTEXT('2D SPACE',''
  ) );
#4090 = PCURVE('',#425,#4091);
#4091 = DEFINITIONAL_REPRESENTATION('',(#4092),#4096);
#4092 = LINE('',#4093,#4094);
#4093 = CARTESIAN_POINT('',(1.570796326795,0.));
#4094 = VECTOR('',#4095,1.);
#4095 = DIRECTION('',(0.,1.));
#4096 = ( GEOMETRIC_REPRESENTATION_CONTEXT(2) 
PARAMETRIC_REPRESENTATION_CONTEXT() REPRESENTATION_CONTEXT('2D SPACE',''
  ) );
#4097 = ORIENTED_EDGE('',*,*,#4098,.T.);
#4098 = EDGE_CURVE('',#4076,#4099,#4101,.T.);
#4099 = VERTEX_POINT('',#4100);
#4100 = CARTESIAN_POINT('',(-4.440892098501E-16,111.,591.6));
#4101 = SURFACE_CURVE('',#4102,(#4106,#4113),.PCURVE_S1.);
#4102 = LINE('',#4103,#4104);
#4103 = CARTESIAN_POINT('',(-4.440892098501E-16,111.,556.6));
#4104 = VECTOR('',#4105,1.);
#4105 = DIRECTION('',(0.,0.,1.));
#4106 = PCURVE('',#455,#4107);
#4107 = DEFINITIONAL_REPRESENTATION('',(#4108),#4112);
#4108 = LINE('',#4109,#4110);
#4109 = CARTESIAN_POINT('',(1.,49.004011037636));
#4110 = VECTOR('',#4111,1.);
#4111 = DIRECTION('',(0.,1.));
#4112 = ( GEOMETRIC_REPRESENTATION_CONTEXT(2) 
PARAMETRIC_REPRESENTATION_CONTEXT() REPRESENTATION_CONTEXT('2D SPACE',''
  ) );
#4113 = PCURVE('',#4114,#4119);
#4114 = CYLINDRICAL_SURFACE('',#4115,2.);
#4115 = AXIS2_PLACEMENT_3D('',#4116,#4117,#4118);
#4116 = CARTESIAN_POINT('',(2.,111.,556.6));
#4117 = DIRECTION('',(0.,0.,1.));
#4118 = DIRECTION('',(-1.,-0.,0.));
#4119 = DEFINITIONAL_REPRESENTATION('',(#4120),#4124);
#4120 = LINE('',#4121,#4122);
#4121 = CARTESIAN_POINT('',(-0.,0.));
#4122 = VECTOR('',#4123,1.);
#4123 = DIRECTION('',(-0.,1.));
#4124 = ( GEOMETRIC_REPRESENTATION_CONTEXT(2) 
PARAMETRIC_REPRESENTATION_CONTEXT() REPRESENTATION_CONTEXT('2D SPACE',''
  ) );
#4125 = ORIENTED_EDGE('',*,*,#4126,.F.);
#4126 = EDGE_CURVE('',#4127,#4099,#4129,.T.);
#4127 = VERTEX_POINT('',#4128);
#4128 = CARTESIAN_POINT('',(-4.440892098501E-16,109.,591.6));
#4129 = SURFACE_CURVE('',#4130,(#4134,#4141),.PCURVE_S1.);
#4130 = LINE('',#4131,#4132);
#4131 = CARTESIAN_POINT('',(-4.440892098501E-16,107.,591.6));
#4132 = VECTOR('',#4133,1.);
#4133 = DIRECTION('',(-0.,1.,0.));
#4134 = PCURVE('',#455,#4135);
#4135 = DEFINITIONAL_REPRESENTATION('',(#4136),#4140);
#4136 = LINE('',#4137,#4138);
#4137 = CARTESIAN_POINT('',(-3.,84.004011037636));
#4138 = VECTOR('',#4139,1.);
#4139 = DIRECTION('',(1.,0.));
#4140 = ( GEOMETRIC_REPRESENTATION_CONTEXT(2) 
PARAMETRIC_REPRESENTATION_CONTEXT() REPRESENTATION_CONTEXT('2D SPACE',''
  ) );
#4141 = PCURVE('',#4142,#4147);
#4142 = CYLINDRICAL_SURFACE('',#4143,2.);
#4143 = AXIS2_PLACEMENT_3D('',#4144,#4145,#4146);
#4144 = CARTESIAN_POINT('',(2.,107.,591.6));
#4145 = DIRECTION('',(-0.,1.,0.));
#4146 = DIRECTION('',(-1.,-0.,0.));
#4147 = DEFINITIONAL_REPRESENTATION('',(#4148),#4152);
#4148 = LINE('',#4149,#4150);
#4149 = CARTESIAN_POINT('',(0.,0.));
#4150 = VECTOR('',#4151,1.);
#4151 = DIRECTION('',(0.,1.));
#4152 = ( GEOMETRIC_REPRESENTATION_CONTEXT(2) 
PARAMETRIC_REPRESENTATION_CONTEXT() REPRESENTATION_CONTEXT('2D SPACE',''
  ) );
#4153 = ORIENTED_EDGE('',*,*,#4154,.F.);
#4154 = EDGE_CURVE('',#622,#4127,#4155,.T.);
#4155 = SURFACE_CURVE('',#4156,(#4160,#4167),.PCURVE_S1.);
#4156 = LINE('',#4157,#4158);
#4157 = CARTESIAN_POINT('',(-4.440892098501E-16,109.,556.6));
#4158 = VECTOR('',#4159,1.);
#4159 = DIRECTION('',(0.,0.,1.));
#4160 = PCURVE('',#455,#4161);
#4161 = DEFINITIONAL_REPRESENTATION('',(#4162),#4166);
#4162 = LINE('',#4163,#4164);
#4163 = CARTESIAN_POINT('',(-1.,49.004011037636));
#4164 = VECTOR('',#4165,1.);
#4165 = DIRECTION('',(0.,1.));
#4166 = ( GEOMETRIC_REPRESENTATION_CONTEXT(2) 
PARAMETRIC_REPRESENTATION_CONTEXT() REPRESENTATION_CONTEXT('2D SPACE',''
  ) );
#4167 = PCURVE('',#767,#4168);
#4168 = DEFINITIONAL_REPRESENTATION('',(#4169),#4173);
#4169 = LINE('',#4170,#4171);
#4170 = CARTESIAN_POINT('',(0.,0.));
#4171 = VECTOR('',#4172,1.);
#4172 = DIRECTION('',(0.,1.));
#4173 = ( GEOMETRIC_REPRESENTATION_CONTEXT(2) 
PARAMETRIC_REPRESENTATION_CONTEXT() REPRESENTATION_CONTEXT('2D SPACE',''
  ) );
#4174 = ADVANCED_FACE('',(#4175),#109,.F.);
#4175 = FACE_BOUND('',#4176,.F.);
#4176 = EDGE_LOOP('',(#4177,#4178,#4179,#4214,#4241,#4242,#4265));
#4177 = ORIENTED_EDGE('',*,*,#93,.F.);
#4178 = ORIENTED_EDGE('',*,*,#4050,.T.);
#4179 = ORIENTED_EDGE('',*,*,#4180,.T.);
#4180 = EDGE_CURVE('',#4023,#4181,#4183,.T.);
#4181 = VERTEX_POINT('',#4182);
#4182 = CARTESIAN_POINT('',(31.838798369526,8.411546299778,
    490.46784722865));
#4183 = SURFACE_CURVE('',#4184,(#4192,#4203),.PCURVE_S1.);
#4184 = B_SPLINE_CURVE_WITH_KNOTS('',3,(#4185,#4186,#4187,#4188,#4189,
    #4190,#4191),.UNSPECIFIED.,.F.,.F.,(4,1,1,1,4),(0.,0.320823048262,
    0.641641745883,0.962456095165,1.),.UNSPECIFIED.);
#4185 = CARTESIAN_POINT('',(31.832828551303,8.381056553222,
    490.44579440366));
#4186 = CARTESIAN_POINT('',(31.833467392039,8.384319287291,
    490.4481543152));
#4187 = CARTESIAN_POINT('',(31.83474479393,8.390843345009,
    490.45287310551));
#4188 = CARTESIAN_POINT('',(31.83666007088,8.400625266038,
    490.45994824009));
#4189 = CARTESIAN_POINT('',(31.838011051741,8.40752518674,
    490.46493883502));
#4190 = CARTESIAN_POINT('',(31.83872370886,8.411164980991,
    490.46757142819));
#4191 = CARTESIAN_POINT('',(31.838798369526,8.411546299778,
    490.46784722865));
#4192 = PCURVE('',#109,#4193);
#4193 = DEFINITIONAL_REPRESENTATION('',(#4194),#4202);
#4194 = B_SPLINE_CURVE_WITH_KNOTS('',3,(#4195,#4196,#4197,#4198,#4199,
    #4200,#4201),.UNSPECIFIED.,.F.,.F.,(4,1,1,1,4),(0.,0.320823048262,
    0.641641745883,0.962456095165,1.),.UNSPECIFIED.);
#4195 = CARTESIAN_POINT('',(4.295323885017,-13.38105655322));
#4196 = CARTESIAN_POINT('',(4.292879033281,-13.38431928729));
#4197 = CARTESIAN_POINT('',(4.28799039978,-13.390843345));
#4198 = CARTESIAN_POINT('',(4.280660610204,-13.40062526603));
#4199 = CARTESIAN_POINT('',(4.275490389033,-13.40752518674));
#4200 = CARTESIAN_POINT('',(4.272763041052,-13.41116498099));
#4201 = CARTESIAN_POINT('',(4.272477313721,-13.41154629977));
#4202 = ( GEOMETRIC_REPRESENTATION_CONTEXT(2) 
PARAMETRIC_REPRESENTATION_CONTEXT() REPRESENTATION_CONTEXT('2D SPACE',''
  ) );
#4203 = PCURVE('',#4038,#4204);
#4204 = DEFINITIONAL_REPRESENTATION('',(#4205),#4213);
#4205 = B_SPLINE_CURVE_WITH_KNOTS('',3,(#4206,#4207,#4208,#4209,#4210,
    #4211,#4212),.UNSPECIFIED.,.F.,.F.,(4,1,1,1,4),(0.,0.320823048262,
    0.641641745883,0.962456095165,1.),.UNSPECIFIED.);
#4206 = CARTESIAN_POINT('',(4.866221013199E-02,1.));
#4207 = CARTESIAN_POINT('',(4.345900168969E-02,0.982000123143));
#4208 = CARTESIAN_POINT('',(3.305215636698E-02,0.946000369323));
#4209 = CARTESIAN_POINT('',(1.744049709021E-02,0.89200037231));
#4210 = CARTESIAN_POINT('',(6.422751898377E-03,0.853893646549));
#4211 = CARTESIAN_POINT('',(6.090808178483E-04,0.833787011607));
#4212 = CARTESIAN_POINT('',(0.,0.831680510142));
#4213 = ( GEOMETRIC_REPRESENTATION_CONTEXT(2) 
PARAMETRIC_REPRESENTATION_CONTEXT() REPRESENTATION_CONTEXT('2D SPACE',''
  ) );
#4214 = ORIENTED_EDGE('',*,*,#4215,.T.);
#4215 = EDGE_CURVE('',#4181,#3975,#4216,.T.);
#4216 = SURFACE_CURVE('',#4217,(#4223,#4232),.PCURVE_S1.);
#4217 = B_SPLINE_CURVE_WITH_KNOTS('',4,(#4218,#4219,#4220,#4221,#4222),
  .UNSPECIFIED.,.F.,.F.,(5,5),(0.,1.),.PIECEWISE_BEZIER_KNOTS.);
#4218 = CARTESIAN_POINT('',(31.838798369526,8.411546299778,
    490.46784722865));
#4219 = CARTESIAN_POINT('',(31.844130377809,8.436703639644,
    490.48754394991));
#4220 = CARTESIAN_POINT('',(31.849469357459,8.461893855255,
    490.50726642378));
#4221 = CARTESIAN_POINT('',(31.854815283643,8.487116829469,
    490.52701455851));
#4222 = CARTESIAN_POINT('',(31.860168131442,8.51237244475,
    490.54678826205));
#4223 = PCURVE('',#109,#4224);
#4224 = DEFINITIONAL_REPRESENTATION('',(#4225),#4231);
#4225 = B_SPLINE_CURVE_WITH_KNOTS('',4,(#4226,#4227,#4228,#4229,#4230),
  .UNSPECIFIED.,.F.,.F.,(5,5),(0.,1.),.PIECEWISE_BEZIER_KNOTS.);
#4226 = CARTESIAN_POINT('',(4.272477313721,-13.41154629977));
#4227 = CARTESIAN_POINT('',(4.252071649292,-13.43670363964));
#4228 = CARTESIAN_POINT('',(4.231639305348,-13.46189385525));
#4229 = CARTESIAN_POINT('',(4.21118037693,-13.48711682946));
#4230 = CARTESIAN_POINT('',(4.190694959401,-13.51237244475));
#4231 = ( GEOMETRIC_REPRESENTATION_CONTEXT(2) 
PARAMETRIC_REPRESENTATION_CONTEXT() REPRESENTATION_CONTEXT('2D SPACE',''
  ) );
#4232 = PCURVE('',#4011,#4233);
#4233 = DEFINITIONAL_REPRESENTATION('',(#4234),#4240);
#4234 = B_SPLINE_CURVE_WITH_KNOTS('',4,(#4235,#4236,#4237,#4238,#4239),
  .UNSPECIFIED.,.F.,.F.,(5,5),(0.,1.),.PIECEWISE_BEZIER_KNOTS.);
#4235 = CARTESIAN_POINT('',(12.84557852437,0.831680510142));
#4236 = CARTESIAN_POINT('',(12.801356543568,0.873857785019));
#4237 = CARTESIAN_POINT('',(12.757103623784,0.915970103998));
#4238 = CARTESIAN_POINT('',(12.712819920156,0.958017497754));
#4239 = CARTESIAN_POINT('',(12.668505587689,1.));
#4240 = ( GEOMETRIC_REPRESENTATION_CONTEXT(2) 
PARAMETRIC_REPRESENTATION_CONTEXT() REPRESENTATION_CONTEXT('2D SPACE',''
  ) );
#4241 = ORIENTED_EDGE('',*,*,#3974,.T.);
#4242 = ORIENTED_EDGE('',*,*,#4243,.T.);
#4243 = EDGE_CURVE('',#3949,#4244,#4246,.T.);
#4244 = VERTEX_POINT('',#4245);
#4245 = CARTESIAN_POINT('',(32.955198401606,107.90053330878,
    494.59188813105));
#4246 = SURFACE_CURVE('',#4247,(#4251,#4258),.PCURVE_S1.);
#4247 = LINE('',#4248,#4249);
#4248 = CARTESIAN_POINT('',(32.955198401606,-5.,494.59188813105));
#4249 = VECTOR('',#4250,1.);
#4250 = DIRECTION('',(0.,1.,0.));
#4251 = PCURVE('',#109,#4252);
#4252 = DEFINITIONAL_REPRESENTATION('',(#4253),#4257);
#4253 = LINE('',#4254,#4255);
#4254 = CARTESIAN_POINT('',(0.,0.));
#4255 = VECTOR('',#4256,1.);
#4256 = DIRECTION('',(0.,-1.));
#4257 = ( GEOMETRIC_REPRESENTATION_CONTEXT(2) 
PARAMETRIC_REPRESENTATION_CONTEXT() REPRESENTATION_CONTEXT('2D SPACE',''
  ) );
#4258 = PCURVE('',#3963,#4259);
#4259 = DEFINITIONAL_REPRESENTATION('',(#4260),#4264);
#4260 = LINE('',#4261,#4262);
#4261 = CARTESIAN_POINT('',(4.346765556593,0.));
#4262 = VECTOR('',#4263,1.);
#4263 = DIRECTION('',(0.,-1.));
#4264 = ( GEOMETRIC_REPRESENTATION_CONTEXT(2) 
PARAMETRIC_REPRESENTATION_CONTEXT() REPRESENTATION_CONTEXT('2D SPACE',''
  ) );
#4265 = ORIENTED_EDGE('',*,*,#4266,.F.);
#4266 = EDGE_CURVE('',#94,#4244,#4267,.T.);
#4267 = SURFACE_CURVE('',#4268,(#4273,#4280),.PCURVE_S1.);
#4268 = ELLIPSE('',#4269,19.135064452489,5.);
#4269 = AXIS2_PLACEMENT_3D('',#4270,#4271,#4272);
#4270 = CARTESIAN_POINT('',(33.846153846154,112.82051282051,
    497.88312477557));
#4271 = DIRECTION('',(-0.965257530836,0.,0.261300400237));
#4272 = DIRECTION('',(0.261300400237,0.,0.965257530836));
#4273 = PCURVE('',#109,#4274);
#4274 = DEFINITIONAL_REPRESENTATION('',(#4275),#4279);
#4275 = ELLIPSE('',#4276,19.135064452489,5.);
#4276 = AXIS2_PLACEMENT_2D('',#4277,#4278);
#4277 = CARTESIAN_POINT('',(-3.409697971145,-117.8205128205));
#4278 = DIRECTION('',(-1.,0.));
#4279 = ( GEOMETRIC_REPRESENTATION_CONTEXT(2) 
PARAMETRIC_REPRESENTATION_CONTEXT() REPRESENTATION_CONTEXT('2D SPACE',''
  ) );
#4280 = PCURVE('',#138,#4281);
#4281 = DEFINITIONAL_REPRESENTATION('',(#4282),#4291);
#4282 = B_SPLINE_CURVE_WITH_KNOTS('',7,(#4283,#4284,#4285,#4286,#4287,
    #4288,#4289,#4290),.UNSPECIFIED.,.F.,.F.,(8,8),(3.775383412684,
    4.59124743184),.PIECEWISE_BEZIER_KNOTS.);
#4283 = CARTESIAN_POINT('',(3.775383412684,-5.999999643791E-07));
#4284 = CARTESIAN_POINT('',(3.891935415421,1.274863462503));
#4285 = CARTESIAN_POINT('',(4.008487418158,2.785601781597));
#4286 = CARTESIAN_POINT('',(4.125039420893,4.503927322978));
#4287 = CARTESIAN_POINT('',(4.241591423631,6.393705786623));
#4288 = CARTESIAN_POINT('',(4.358143426367,8.412512224535));
#4289 = CARTESIAN_POINT('',(4.474695429104,10.514107323835));
#4290 = CARTESIAN_POINT('',(4.59124743184,12.651076944157));
#4291 = ( GEOMETRIC_REPRESENTATION_CONTEXT(2) 
PARAMETRIC_REPRESENTATION_CONTEXT() REPRESENTATION_CONTEXT('2D SPACE',''
  ) );
#4292 = ADVANCED_FACE('',(#4293),#425,.T.);
#4293 = FACE_BOUND('',#4294,.T.);
#4294 = EDGE_LOOP('',(#4295,#4318,#4319,#4320,#4538));
#4295 = ORIENTED_EDGE('',*,*,#4296,.F.);
#4296 = EDGE_CURVE('',#381,#4297,#4299,.T.);
#4297 = VERTEX_POINT('',#4298);
#4298 = CARTESIAN_POINT('',(4.,113.,566.29272727272));
#4299 = SURFACE_CURVE('',#4300,(#4304,#4311),.PCURVE_S1.);
#4300 = LINE('',#4301,#4302);
#4301 = CARTESIAN_POINT('',(4.,220.,484.));
#4302 = VECTOR('',#4303,1.);
#4303 = DIRECTION('',(0.,-0.79267756344,0.609641107882));
#4304 = PCURVE('',#425,#4305);
#4305 = DEFINITIONAL_REPRESENTATION('',(#4306),#4310);
#4306 = LINE('',#4307,#4308);
#4307 = CARTESIAN_POINT('',(0.,0.));
#4308 = VECTOR('',#4309,1.);
#4309 = DIRECTION('',(0.,1.));
#4310 = ( GEOMETRIC_REPRESENTATION_CONTEXT(2) 
PARAMETRIC_REPRESENTATION_CONTEXT() REPRESENTATION_CONTEXT('2D SPACE',''
  ) );
#4311 = PCURVE('',#396,#4312);
#4312 = DEFINITIONAL_REPRESENTATION('',(#4313),#4317);
#4313 = LINE('',#4314,#4315);
#4314 = CARTESIAN_POINT('',(0.,-4.));
#4315 = VECTOR('',#4316,1.);
#4316 = DIRECTION('',(1.,0.));
#4317 = ( GEOMETRIC_REPRESENTATION_CONTEXT(2) 
PARAMETRIC_REPRESENTATION_CONTEXT() REPRESENTATION_CONTEXT('2D SPACE',''
  ) );
#4318 = ORIENTED_EDGE('',*,*,#408,.T.);
#4319 = ORIENTED_EDGE('',*,*,#4075,.T.);
#4320 = ORIENTED_EDGE('',*,*,#4321,.T.);
#4321 = EDGE_CURVE('',#4076,#4322,#4324,.T.);
#4322 = VERTEX_POINT('',#4323);
#4323 = CARTESIAN_POINT('',(2.,113.,565.61666627442));
#4324 = SURFACE_CURVE('',#4325,(#4394,#4466),.PCURVE_S1.);
#4325 = B_SPLINE_CURVE_WITH_KNOTS('',7,(#4326,#4327,#4328,#4329,#4330,
    #4331,#4332,#4333,#4334,#4335,#4336,#4337,#4338,#4339,#4340,#4341,
    #4342,#4343,#4344,#4345,#4346,#4347,#4348,#4349,#4350,#4351,#4352,
    #4353,#4354,#4355,#4356,#4357,#4358,#4359,#4360,#4361,#4362,#4363,
    #4364,#4365,#4366,#4367,#4368,#4369,#4370,#4371,#4372,#4373,#4374,
    #4375,#4376,#4377,#4378,#4379,#4380,#4381,#4382,#4383,#4384,#4385,
    #4386,#4387,#4388,#4389,#4390,#4391,#4392,#4393),.UNSPECIFIED.,.F.,
  .F.,(8,6,6,6,6,6,6,6,6,6,6,8),(0.,4.889891668303E-04,
    1.014199685378E-03,1.539410062037E-03,2.064620223435E-03,
    2.589830096185E-03,3.115039606845E-03,3.640248681857E-03,
    4.165457247766E-03,4.600112175645E-03,0.595279358054,1.),
  .UNSPECIFIED.);
#4326 = CARTESIAN_POINT('',(-6.661338147751E-16,111.,562.78472110163));
#4327 = CARTESIAN_POINT('',(-9.122055453518E-16,111.00020459924,
    562.78492877109));
#4328 = CARTESIAN_POINT('',(2.441883087333E-08,111.0004091985,
    562.78513644056));
#4329 = CARTESIAN_POINT('',(7.325649464425E-08,111.00061379775,
    562.78534411002));
#4330 = CARTESIAN_POINT('',(1.465129903222E-07,111.000818397,
    562.78555177947));
#4331 = CARTESIAN_POINT('',(2.441883177968E-07,111.00102299624,
    562.78575944894));
#4332 = CARTESIAN_POINT('',(3.662824769254E-07,111.00122759546,
    562.7859671184));
#4333 = CARTESIAN_POINT('',(6.701612519704E-07,111.00165194936,
    562.7863978402));
#4334 = CARTESIAN_POINT('',(8.55697450652E-07,111.00187170403,
    562.78662089255));
#4335 = CARTESIAN_POINT('',(1.06940406347E-06,111.00209145868,
    562.7868439449));
#4336 = CARTESIAN_POINT('',(1.311281090242E-06,111.0023112133,
    562.78706699724));
#4337 = CARTESIAN_POINT('',(1.581328530716E-06,111.0025309679,
    562.78729004958));
#4338 = CARTESIAN_POINT('',(1.879546384564E-06,111.00275072248,
    562.78751310192));
#4339 = CARTESIAN_POINT('',(2.532322830043E-06,111.0031902315,
    562.78795920652));
#4340 = CARTESIAN_POINT('',(2.886881406456E-06,111.00340998595,
    562.78818225879));
#4341 = CARTESIAN_POINT('',(3.269610380307E-06,111.00362974036,
    562.78840531105));
#4342 = CARTESIAN_POINT('',(3.680509751213E-06,111.00384949474,
    562.78862836331));
#4343 = CARTESIAN_POINT('',(4.119579518731E-06,111.00406924907,
    562.78885141556));
#4344 = CARTESIAN_POINT('',(4.58681968236E-06,111.00428900336,
    562.7890744678));
#4345 = CARTESIAN_POINT('',(5.577640597749E-06,111.00472851175,
    562.78952057219));
#4346 = CARTESIAN_POINT('',(6.101221326493E-06,111.00494826585,
    562.78974362433));
#4347 = CARTESIAN_POINT('',(6.65297242717E-06,111.0051680199,
    562.78996667646));
#4348 = CARTESIAN_POINT('',(7.232893899169E-06,111.0053877739,
    562.79018972858));
#4349 = CARTESIAN_POINT('',(7.840985741876E-06,111.00560752783,
    562.7904127807));
#4350 = CARTESIAN_POINT('',(8.477247954662E-06,111.00582728171,
    562.79063583281));
#4351 = CARTESIAN_POINT('',(9.806112753898E-06,111.0062667892,
    562.79108193688));
#4352 = CARTESIAN_POINT('',(1.049871530936E-05,111.00648654283,
    562.79130498885));
#4353 = CARTESIAN_POINT('',(1.12194882025E-05,111.00670629638,
    562.79152804081));
#4354 = CARTESIAN_POINT('',(1.196843143252E-05,111.00692604987,
    562.79175109276));
#4355 = CARTESIAN_POINT('',(1.274554499863E-05,111.00714580327,
    562.7919741447));
#4356 = CARTESIAN_POINT('',(1.355082889998E-05,111.0073655566,
    562.79219719662));
#4357 = CARTESIAN_POINT('',(1.521773679686E-05,111.00780506295,
    562.7926433003));
#4358 = CARTESIAN_POINT('',(1.607936075355E-05,111.00802481597,
    562.79286635205));
#4359 = CARTESIAN_POINT('',(1.696915500486E-05,111.0082445689,
    562.79308940379));
#4360 = CARTESIAN_POINT('',(1.788711954982E-05,111.00846432174,
    562.79331245551));
#4361 = CARTESIAN_POINT('',(1.883325438743E-05,111.00868407449,
    562.79353550723));
#4362 = CARTESIAN_POINT('',(1.98075595167E-05,111.00890382715,
    562.79375855893));
#4363 = CARTESIAN_POINT('',(2.181250952517E-05,111.00934333208,
    562.79420466212));
#4364 = CARTESIAN_POINT('',(2.28431543577E-05,111.00956308436,
    562.7944277136));
#4365 = CARTESIAN_POINT('',(2.390196943297E-05,111.00978283653,
    562.79465076508));
#4366 = CARTESIAN_POINT('',(2.498895474983E-05,111.0100025886,
    562.79487381654));
#4367 = CARTESIAN_POINT('',(2.61041103071E-05,111.01022234057,
    562.79509686798));
#4368 = CARTESIAN_POINT('',(2.724743610362E-05,111.01044209242,
    562.79531991941));
#4369 = CARTESIAN_POINT('',(2.959042703756E-05,111.01088159568,
    562.79576602202));
#4370 = CARTESIAN_POINT('',(3.079009212028E-05,111.01110134709,
    562.7959890732));
#4371 = CARTESIAN_POINT('',(3.201792738517E-05,111.01132109838,
    562.79621212437));
#4372 = CARTESIAN_POINT('',(3.327393283093E-05,111.01154084955,
    562.79643517551));
#4373 = CARTESIAN_POINT('',(3.455810845621E-05,111.0117606006,
    562.79665822664));
#4374 = CARTESIAN_POINT('',(3.587045425955E-05,111.01198035152,
    562.79688127776));
#4375 = CARTESIAN_POINT('',(3.832036165864E-05,111.01238196484,
    562.79728892268));
#4376 = CARTESIAN_POINT('',(3.944904676276E-05,111.01256382729,
    562.79747351649));
#4377 = CARTESIAN_POINT('',(4.059702555108E-05,111.01274568964,
    562.79765811028));
#4378 = CARTESIAN_POINT('',(4.17642980228E-05,111.0129275519,
    562.79784270407));
#4379 = CARTESIAN_POINT('',(4.295086417707E-05,111.01310941407,
    562.79802729784));
#4380 = CARTESIAN_POINT('',(4.415672401297E-05,111.01329127614,
    562.7982118916));
#4381 = CARTESIAN_POINT('',(1.710318150346E-03,111.26061652518,
    563.0492522492));
#4382 = CARTESIAN_POINT('',(3.901062567972E-02,111.50815280344,
    563.30066689578));
#4383 = CARTESIAN_POINT('',(0.1122375778,111.75098275419,563.5515939718)
  );
#4384 = CARTESIAN_POINT('',(0.221286773402,111.98386282211,
    563.80091971358));
#4385 = CARTESIAN_POINT('',(0.36553650538,112.20120294041,
    564.04760261307));
#4386 = CARTESIAN_POINT('',(0.543802652474,112.39702952349,
    564.29077523553));
#4387 = CARTESIAN_POINT('',(0.8980025206,112.67913617099,564.69435016623
    ));
#4388 = CARTESIAN_POINT('',(1.057330766094,112.7807565923,
    564.85708281529));
#4389 = CARTESIAN_POINT('',(1.23019133639,112.86598501417,
    565.01699280194));
#4390 = CARTESIAN_POINT('',(1.414072918872,112.93213985708,
    565.17313160379));
#4391 = CARTESIAN_POINT('',(1.605938949831,112.9772280423,565.3250500167
    ));
#4392 = CARTESIAN_POINT('',(1.802420868001,113.,565.47275862483));
#4393 = CARTESIAN_POINT('',(2.,113.,565.61666627443));
#4394 = PCURVE('',#425,#4395);
#4395 = DEFINITIONAL_REPRESENTATION('',(#4396),#4465);
#4396 = B_SPLINE_CURVE_WITH_KNOTS('',7,(#4397,#4398,#4399,#4400,#4401,
    #4402,#4403,#4404,#4405,#4406,#4407,#4408,#4409,#4410,#4411,#4412,
    #4413,#4414,#4415,#4416,#4417,#4418,#4419,#4420,#4421,#4422,#4423,
    #4424,#4425,#4426,#4427,#4428,#4429,#4430,#4431,#4432,#4433,#4434,
    #4435,#4436,#4437,#4438,#4439,#4440,#4441,#4442,#4443,#4444,#4445,
    #4446,#4447,#4448,#4449,#4450,#4451,#4452,#4453,#4454,#4455,#4456,
    #4457,#4458,#4459,#4460,#4461,#4462,#4463,#4464),.UNSPECIFIED.,.F.,
  .F.,(8,6,6,6,6,6,6,6,6,6,6,8),(0.,4.889891668303E-04,
    1.014199685378E-03,1.539410062037E-03,2.064620223435E-03,
    2.589830096185E-03,3.115039606845E-03,3.640248681857E-03,
    4.165457247766E-03,4.600112175645E-03,0.595279358054,1.),
  .UNSPECIFIED.);
#4397 = CARTESIAN_POINT('',(1.570796326795,134.43225907148));
#4398 = CARTESIAN_POINT('',(1.570723990035,134.43222349409));
#4399 = CARTESIAN_POINT('',(1.570651653275,134.43218791669));
#4400 = CARTESIAN_POINT('',(1.570579316515,134.43215233929));
#4401 = CARTESIAN_POINT('',(1.570506979755,134.4321167619));
#4402 = CARTESIAN_POINT('',(1.570434642994,134.43208118451));
#4403 = CARTESIAN_POINT('',(1.570362306233,134.43204560713));
#4404 = CARTESIAN_POINT('',(1.57021227444,134.43197181704));
#4405 = CARTESIAN_POINT('',(1.570134579409,134.43193360433));
#4406 = CARTESIAN_POINT('',(1.570056884376,134.43189539163));
#4407 = CARTESIAN_POINT('',(1.569979189343,134.43185717895));
#4408 = CARTESIAN_POINT('',(1.569901494308,134.43181896628));
#4409 = CARTESIAN_POINT('',(1.569823799272,134.43178075363));
#4410 = CARTESIAN_POINT('',(1.569668409217,134.4317043284));
#4411 = CARTESIAN_POINT('',(1.569590714198,134.43166611581));
#4412 = CARTESIAN_POINT('',(1.569513019178,134.43162790324));
#4413 = CARTESIAN_POINT('',(1.569435324156,134.4315896907));
#4414 = CARTESIAN_POINT('',(1.569357629131,134.4315514782));
#4415 = CARTESIAN_POINT('',(1.569279934104,134.43151326572));
#4416 = CARTESIAN_POINT('',(1.569124544077,134.43143684085));
#4417 = CARTESIAN_POINT('',(1.569046849077,134.43139862846));
#4418 = CARTESIAN_POINT('',(1.568969154074,134.4313604161));
#4419 = CARTESIAN_POINT('',(1.568891459069,134.43132220379));
#4420 = CARTESIAN_POINT('',(1.56881376406,134.43128399151));
#4421 = CARTESIAN_POINT('',(1.568736069049,134.43124577928));
#4422 = CARTESIAN_POINT('',(1.568580679061,134.43116935493));
#4423 = CARTESIAN_POINT('',(1.568502984085,134.43113114281));
#4424 = CARTESIAN_POINT('',(1.568425289106,134.43109293074));
#4425 = CARTESIAN_POINT('',(1.568347594123,134.43105471872));
#4426 = CARTESIAN_POINT('',(1.568269899136,134.43101650676));
#4427 = CARTESIAN_POINT('',(1.568192204145,134.43097829485));
#4428 = CARTESIAN_POINT('',(1.568036814209,134.43090187117));
#4429 = CARTESIAN_POINT('',(1.567959119263,134.4308636594));
#4430 = CARTESIAN_POINT('',(1.567881424313,134.43082544769));
#4431 = CARTESIAN_POINT('',(1.567803729358,134.43078723604));
#4432 = CARTESIAN_POINT('',(1.567726034399,134.43074902446));
#4433 = CARTESIAN_POINT('',(1.567648339435,134.43071081295));
#4434 = CARTESIAN_POINT('',(1.567492949561,134.43063439009));
#4435 = CARTESIAN_POINT('',(1.567415254651,134.43059617875));
#4436 = CARTESIAN_POINT('',(1.567337559735,134.43055796747));
#4437 = CARTESIAN_POINT('',(1.567259864815,134.43051975628));
#4438 = CARTESIAN_POINT('',(1.567182169889,134.43048154516));
#4439 = CARTESIAN_POINT('',(1.567104474957,134.43044333411));
#4440 = CARTESIAN_POINT('',(1.566949085157,134.43036691223));
#4441 = CARTESIAN_POINT('',(1.566871390288,134.43032870139));
#4442 = CARTESIAN_POINT('',(1.566793695414,134.43029049063));
#4443 = CARTESIAN_POINT('',(1.566716000533,134.43025227995));
#4444 = CARTESIAN_POINT('',(1.566638305646,134.43021406937));
#4445 = CARTESIAN_POINT('',(1.566560610752,134.43017585887));
#4446 = CARTESIAN_POINT('',(1.566418616688,134.4301060261));
#4447 = CARTESIAN_POINT('',(1.56635431752,134.4300744038));
#4448 = CARTESIAN_POINT('',(1.566290018347,134.43004278155));
#4449 = CARTESIAN_POINT('',(1.56622571917,134.43001115938));
#4450 = CARTESIAN_POINT('',(1.566161419987,134.42997953727));
#4451 = CARTESIAN_POINT('',(1.5660971208,134.42994791523));
#4452 = CARTESIAN_POINT('',(1.478652704247,134.38694326117));
#4453 = CARTESIAN_POINT('',(1.391059437106,134.34399951094));
#4454 = CARTESIAN_POINT('',(1.303148061339,134.30448911787));
#4455 = CARTESIAN_POINT('',(1.214823060273,134.2718895345));
#4456 = CARTESIAN_POINT('',(1.126010874269,134.24999693524));
#4457 = CARTESIAN_POINT('',(1.036642615831,134.24301762346));
#4458 = CARTESIAN_POINT('',(0.885106328258,134.26543388136));
#4459 = CARTESIAN_POINT('',(0.823092085626,134.28409016586));
#4460 = CARTESIAN_POINT('',(0.76120034334,134.3140192095));
#4461 = CARTESIAN_POINT('',(0.69987752619,134.35676838196));
#4462 = CARTESIAN_POINT('',(0.639545545297,134.41364369871));
#4463 = CARTESIAN_POINT('',(0.580634958121,134.48564211827));
#4464 = CARTESIAN_POINT('',(0.523598775598,134.57337413721));
#4465 = ( GEOMETRIC_REPRESENTATION_CONTEXT(2) 
PARAMETRIC_REPRESENTATION_CONTEXT() REPRESENTATION_CONTEXT('2D SPACE',''
  ) );
#4466 = PCURVE('',#4114,#4467);
#4467 = DEFINITIONAL_REPRESENTATION('',(#4468),#4537);
#4468 = B_SPLINE_CURVE_WITH_KNOTS('',7,(#4469,#4470,#4471,#4472,#4473,
    #4474,#4475,#4476,#4477,#4478,#4479,#4480,#4481,#4482,#4483,#4484,
    #4485,#4486,#4487,#4488,#4489,#4490,#4491,#4492,#4493,#4494,#4495,
    #4496,#4497,#4498,#4499,#4500,#4501,#4502,#4503,#4504,#4505,#4506,
    #4507,#4508,#4509,#4510,#4511,#4512,#4513,#4514,#4515,#4516,#4517,
    #4518,#4519,#4520,#4521,#4522,#4523,#4524,#4525,#4526,#4527,#4528,
    #4529,#4530,#4531,#4532,#4533,#4534,#4535,#4536),.UNSPECIFIED.,.F.,
  .F.,(8,6,6,6,6,6,6,6,6,6,6,8),(0.,4.889891668303E-04,
    1.014199685378E-03,1.539410062037E-03,2.064620223435E-03,
    2.589830096185E-03,3.115039606845E-03,3.640248681857E-03,
    4.165457247766E-03,4.600112175645E-03,0.595279358054,1.),
  .UNSPECIFIED.);
#4469 = CARTESIAN_POINT('',(0.,6.18472110163));
#4470 = CARTESIAN_POINT('',(-1.022996230836E-04,6.184928771099));
#4471 = CARTESIAN_POINT('',(-2.045992508308E-04,6.18513644056));
#4472 = CARTESIAN_POINT('',(-3.068988803283E-04,6.18534411002));
#4473 = CARTESIAN_POINT('',(-4.091985099505E-04,6.185551779479));
#4474 = CARTESIAN_POINT('',(-5.114981393593E-04,6.18575944894));
#4475 = CARTESIAN_POINT('',(-6.13797769504E-04,6.1859671184));
#4476 = CARTESIAN_POINT('',(-8.259747721741E-04,6.186397840209));
#4477 = CARTESIAN_POINT('',(-9.358521440349E-04,6.186620892558));
#4478 = CARTESIAN_POINT('',(-1.045729518788E-03,6.186843944905));
#4479 = CARTESIAN_POINT('',(-1.155606896984E-03,6.187066997248));
#4480 = CARTESIAN_POINT('',(-1.265484279145E-03,6.187290049588));
#4481 = CARTESIAN_POINT('',(-1.375361665761E-03,6.187513101924));
#4482 = CARTESIAN_POINT('',(-1.595116419136E-03,6.187959206527));
#4483 = CARTESIAN_POINT('',(-1.704993785913E-03,6.188182258794));
#4484 = CARTESIAN_POINT('',(-1.81487115815E-03,6.188405311056));
#4485 = CARTESIAN_POINT('',(-1.924748536366E-03,6.188628363312));
#4486 = CARTESIAN_POINT('',(-2.034625921073E-03,6.188851415563));
#4487 = CARTESIAN_POINT('',(-2.144503312772E-03,6.189074467808));
#4488 = CARTESIAN_POINT('',(-2.364258066128E-03,6.189520572192));
#4489 = CARTESIAN_POINT('',(-2.474135427806E-03,6.189743624331));
#4490 = CARTESIAN_POINT('',(-2.584012797494E-03,6.189966676464));
#4491 = CARTESIAN_POINT('',(-2.693890175704E-03,6.190189728589));
#4492 = CARTESIAN_POINT('',(-2.803767562948E-03,6.190412780705));
#4493 = CARTESIAN_POINT('',(-2.913644959747E-03,6.190635832813));
#4494 = CARTESIAN_POINT('',(-3.133399713107E-03,6.191081936889));
#4495 = CARTESIAN_POINT('',(-3.243277069668E-03,6.191304988856));
#4496 = CARTESIAN_POINT('',(-3.353154436805E-03,6.191528040814));
#4497 = CARTESIAN_POINT('',(-3.463031815021E-03,6.191751092762));
#4498 = CARTESIAN_POINT('',(-3.572909204826E-03,6.1919741447));
#4499 = CARTESIAN_POINT('',(-3.682786606741E-03,6.192197196627));
#4500 = CARTESIAN_POINT('',(-3.902541360095E-03,6.192643300304));
#4501 = CARTESIAN_POINT('',(-4.012418711534E-03,6.192866352054));
#4502 = CARTESIAN_POINT('',(-4.122296076108E-03,6.193089403792));
#4503 = CARTESIAN_POINT('',(-4.232173454323E-03,6.193312455519));
#4504 = CARTESIAN_POINT('',(-4.342050846689E-03,6.193535507232));
#4505 = CARTESIAN_POINT('',(-4.451928253726E-03,6.193758558932));
#4506 = CARTESIAN_POINT('',(-4.671683007081E-03,6.194204662121));
#4507 = CARTESIAN_POINT('',(-4.781560353394E-03,6.194427713609));
#4508 = CARTESIAN_POINT('',(-4.891437715403E-03,6.194650765083));
#4509 = CARTESIAN_POINT('',(-5.001315093618E-03,6.194873816542));
#4510 = CARTESIAN_POINT('',(-5.111192488549E-03,6.195096867987));
#4511 = CARTESIAN_POINT('',(-5.221069900713E-03,6.195319919416));
#4512 = CARTESIAN_POINT('',(-5.440824654066E-03,6.195766022026));
#4513 = CARTESIAN_POINT('',(-5.55070199524E-03,6.195989073207));
#4514 = CARTESIAN_POINT('',(-5.660579354677E-03,6.196212124371));
#4515 = CARTESIAN_POINT('',(-5.770456732893E-03,6.196435175519));
#4516 = CARTESIAN_POINT('',(-5.8803341304E-03,6.196658226649));
#4517 = CARTESIAN_POINT('',(-5.990211547702E-03,6.196881277762));
#4518 = CARTESIAN_POINT('',(-6.191021945634E-03,6.19728892268));
#4519 = CARTESIAN_POINT('',(-6.281954919873E-03,6.197473516491));
#4520 = CARTESIAN_POINT('',(-6.372887908307E-03,6.197658110289));
#4521 = CARTESIAN_POINT('',(-6.463820911231E-03,6.197842704074));
#4522 = CARTESIAN_POINT('',(-6.554753928935E-03,6.198027297846));
#4523 = CARTESIAN_POINT('',(-6.645686961712E-03,6.198211891605));
#4524 = CARTESIAN_POINT('',(-0.130311117568,6.449252249202));
#4525 = CARTESIAN_POINT('',(-0.25420188816,6.700666895787));
#4526 = CARTESIAN_POINT('',(-0.378943998282,6.951593971806));
#4527 = CARTESIAN_POINT('',(-0.505063562182,7.200919713581));
#4528 = CARTESIAN_POINT('',(-0.633141893698,7.447602613078));
#4529 = CARTESIAN_POINT('',(-0.76386424026,7.690775235531));
#4530 = CARTESIAN_POINT('',(-0.99027189646,8.094350166239));
#4531 = CARTESIAN_POINT('',(-1.084241284174,8.257082815295));
#4532 = CARTESIAN_POINT('',(-1.179672684988,8.416992801945));
#4533 = CARTESIAN_POINT('',(-1.276257186996,8.573131603798));
#4534 = CARTESIAN_POINT('',(-1.373766135295,8.725050016709));
#4535 = CARTESIAN_POINT('',(-1.472006760795,8.872758624835));
#4536 = CARTESIAN_POINT('',(-1.570796326795,9.016666274436));
#4537 = ( GEOMETRIC_REPRESENTATION_CONTEXT(2) 
PARAMETRIC_REPRESENTATION_CONTEXT() REPRESENTATION_CONTEXT('2D SPACE',''
  ) );
#4538 = ORIENTED_EDGE('',*,*,#4539,.T.);
#4539 = EDGE_CURVE('',#4322,#4297,#4540,.T.);
#4540 = SURFACE_CURVE('',#4541,(#4546,#4559),.PCURVE_S1.);
#4541 = ELLIPSE('',#4542,5.046187989279,4.);
#4542 = AXIS2_PLACEMENT_3D('',#4543,#4544,#4545);
#4543 = CARTESIAN_POINT('',(4.,113.,561.24653928344));
#4544 = DIRECTION('',(-0.,1.,0.));
#4545 = DIRECTION('',(0.,0.,1.));
#4546 = PCURVE('',#425,#4547);
#4547 = DEFINITIONAL_REPRESENTATION('',(#4548),#4558);
#4548 = B_SPLINE_CURVE_WITH_KNOTS('',8,(#4549,#4550,#4551,#4552,#4553,
    #4554,#4555,#4556,#4557),.UNSPECIFIED.,.F.,.F.,(9,9),(4.712388980385
    ,6.28318530718),.PIECEWISE_BEZIER_KNOTS.);
#4549 = CARTESIAN_POINT('',(1.570796326795,131.90916507684));
#4550 = CARTESIAN_POINT('',(1.374446785946,132.51320766432));
#4551 = CARTESIAN_POINT('',(1.178097245096,133.11725039534));
#4552 = CARTESIAN_POINT('',(0.981747704246,133.68580587289));
#4553 = CARTESIAN_POINT('',(0.785398163397,134.18339381506));
#4554 = CARTESIAN_POINT('',(0.589048622548,134.57888895709));
#4555 = CARTESIAN_POINT('',(0.392699081699,134.84998174425));
#4556 = CARTESIAN_POINT('',(0.196349540849,134.9855287132));
#4557 = CARTESIAN_POINT('',(2.22044604925E-16,134.9855287132));
#4558 = ( GEOMETRIC_REPRESENTATION_CONTEXT(2) 
PARAMETRIC_REPRESENTATION_CONTEXT() REPRESENTATION_CONTEXT('2D SPACE',''
  ) );
#4559 = PCURVE('',#4560,#4565);
#4560 = PLANE('',#4561);
#4561 = AXIS2_PLACEMENT_3D('',#4562,#4563,#4564);
#4562 = CARTESIAN_POINT('',(0.,113.,556.6));
#4563 = DIRECTION('',(-0.,1.,0.));
#4564 = DIRECTION('',(0.,0.,1.));
#4565 = DEFINITIONAL_REPRESENTATION('',(#4566),#4570);
#4566 = ELLIPSE('',#4567,5.046187989279,4.);
#4567 = AXIS2_PLACEMENT_2D('',#4568,#4569);
#4568 = CARTESIAN_POINT('',(4.646539283449,4.));
#4569 = DIRECTION('',(1.,0.));
#4570 = ( GEOMETRIC_REPRESENTATION_CONTEXT(2) 
PARAMETRIC_REPRESENTATION_CONTEXT() REPRESENTATION_CONTEXT('2D SPACE',''
  ) );
#4571 = ADVANCED_FACE('',(#4572),#138,.F.);
#4572 = FACE_BOUND('',#4573,.F.);
#4573 = EDGE_LOOP('',(#4574,#4599,#4626,#4627,#4655,#4674,#4675,#4676,
    #4704,#4733));
#4574 = ORIENTED_EDGE('',*,*,#4575,.T.);
#4575 = EDGE_CURVE('',#4576,#4578,#4580,.T.);
#4576 = VERTEX_POINT('',#4577);
#4577 = CARTESIAN_POINT('',(38.846153846154,112.82051282051,
    501.84562431985));
#4578 = VERTEX_POINT('',#4579);
#4579 = CARTESIAN_POINT('',(38.846153846154,112.82051282051,504.));
#4580 = SEAM_CURVE('',#4581,(#4585,#4592),.PCURVE_S1.);
#4581 = LINE('',#4582,#4583);
#4582 = CARTESIAN_POINT('',(38.846153846154,112.82051282051,483.));
#4583 = VECTOR('',#4584,1.);
#4584 = DIRECTION('',(0.,0.,1.));
#4585 = PCURVE('',#138,#4586);
#4586 = DEFINITIONAL_REPRESENTATION('',(#4587),#4591);
#4587 = LINE('',#4588,#4589);
#4588 = CARTESIAN_POINT('',(6.28318530718,-0.));
#4589 = VECTOR('',#4590,1.);
#4590 = DIRECTION('',(0.,1.));
#4591 = ( GEOMETRIC_REPRESENTATION_CONTEXT(2) 
PARAMETRIC_REPRESENTATION_CONTEXT() REPRESENTATION_CONTEXT('2D SPACE',''
  ) );
#4592 = PCURVE('',#138,#4593);
#4593 = DEFINITIONAL_REPRESENTATION('',(#4594),#4598);
#4594 = LINE('',#4595,#4596);
#4595 = CARTESIAN_POINT('',(0.,-0.));
#4596 = VECTOR('',#4597,1.);
#4597 = DIRECTION('',(0.,1.));
#4598 = ( GEOMETRIC_REPRESENTATION_CONTEXT(2) 
PARAMETRIC_REPRESENTATION_CONTEXT() REPRESENTATION_CONTEXT('2D SPACE',''
  ) );
#4599 = ORIENTED_EDGE('',*,*,#4600,.F.);
#4600 = EDGE_CURVE('',#4578,#4578,#4601,.T.);
#4601 = SURFACE_CURVE('',#4602,(#4607,#4614),.PCURVE_S1.);
#4602 = CIRCLE('',#4603,5.);
#4603 = AXIS2_PLACEMENT_3D('',#4604,#4605,#4606);
#4604 = CARTESIAN_POINT('',(33.846153846154,112.82051282051,504.));
#4605 = DIRECTION('',(0.,0.,1.));
#4606 = DIRECTION('',(1.,0.,-0.));
#4607 = PCURVE('',#138,#4608);
#4608 = DEFINITIONAL_REPRESENTATION('',(#4609),#4613);
#4609 = LINE('',#4610,#4611);
#4610 = CARTESIAN_POINT('',(0.,21.));
#4611 = VECTOR('',#4612,1.);
#4612 = DIRECTION('',(1.,0.));
#4613 = ( GEOMETRIC_REPRESENTATION_CONTEXT(2) 
PARAMETRIC_REPRESENTATION_CONTEXT() REPRESENTATION_CONTEXT('2D SPACE',''
  ) );
#4614 = PCURVE('',#4615,#4620);
#4615 = PLANE('',#4616);
#4616 = AXIS2_PLACEMENT_3D('',#4617,#4618,#4619);
#4617 = CARTESIAN_POINT('',(33.846153846154,112.82051282051,504.));
#4618 = DIRECTION('',(0.,0.,1.));
#4619 = DIRECTION('',(1.,0.,-0.));
#4620 = DEFINITIONAL_REPRESENTATION('',(#4621),#4625);
#4621 = CIRCLE('',#4622,5.);
#4622 = AXIS2_PLACEMENT_2D('',#4623,#4624);
#4623 = CARTESIAN_POINT('',(0.,0.));
#4624 = DIRECTION('',(1.,0.));
#4625 = ( GEOMETRIC_REPRESENTATION_CONTEXT(2) 
PARAMETRIC_REPRESENTATION_CONTEXT() REPRESENTATION_CONTEXT('2D SPACE',''
  ) );
#4626 = ORIENTED_EDGE('',*,*,#4575,.F.);
#4627 = ORIENTED_EDGE('',*,*,#4628,.T.);
#4628 = EDGE_CURVE('',#4576,#4629,#4631,.T.);
#4629 = VERTEX_POINT('',#4630);
#4630 = CARTESIAN_POINT('',(38.823109948502,113.3,501.81859018869));
#4631 = SURFACE_CURVE('',#4632,(#4637,#4648),.PCURVE_S1.);
#4632 = ELLIPSE('',#4633,7.707625311313,5.);
#4633 = AXIS2_PLACEMENT_3D('',#4634,#4635,#4636);
#4634 = CARTESIAN_POINT('',(33.846153846154,112.82051282051,
    495.97983469358));
#4635 = DIRECTION('',(-0.76103720528,0.,0.648708233476));
#4636 = DIRECTION('',(0.648708233476,0.,0.76103720528));
#4637 = PCURVE('',#138,#4638);
#4638 = DEFINITIONAL_REPRESENTATION('',(#4639),#4647);
#4639 = B_SPLINE_CURVE_WITH_KNOTS('',6,(#4640,#4641,#4642,#4643,#4644,
    #4645,#4646),.UNSPECIFIED.,.F.,.F.,(7,7),(0.,0.590747132076),
  .PIECEWISE_BEZIER_KNOTS.);
#4640 = CARTESIAN_POINT('',(0.,18.845624319852));
#4641 = CARTESIAN_POINT('',(9.8457855346E-02,18.845624319852));
#4642 = CARTESIAN_POINT('',(0.196915710692,18.77738916408));
#4643 = CARTESIAN_POINT('',(0.295373566038,18.640918538095));
#4644 = CARTESIAN_POINT('',(0.393831421384,18.43819789488));
#4645 = CARTESIAN_POINT('',(0.49228927673,18.173193629282));
#4646 = CARTESIAN_POINT('',(0.590747132076,17.851518285861));
#4647 = ( GEOMETRIC_REPRESENTATION_CONTEXT(2) 
PARAMETRIC_REPRESENTATION_CONTEXT() REPRESENTATION_CONTEXT('2D SPACE',''
  ) );
#4648 = PCURVE('',#3911,#4649);
#4649 = DEFINITIONAL_REPRESENTATION('',(#4650),#4654);
#4650 = ELLIPSE('',#4651,7.707625311313,5.);
#4651 = AXIS2_PLACEMENT_2D('',#4652,#4653);
#4652 = CARTESIAN_POINT('',(10.602915436953,-117.8205128205));
#4653 = DIRECTION('',(-1.,0.));
#4654 = ( GEOMETRIC_REPRESENTATION_CONTEXT(2) 
PARAMETRIC_REPRESENTATION_CONTEXT() REPRESENTATION_CONTEXT('2D SPACE',''
  ) );
#4655 = ORIENTED_EDGE('',*,*,#4656,.F.);
#4656 = EDGE_CURVE('',#122,#4629,#4657,.T.);
#4657 = SURFACE_CURVE('',#4658,(#4662,#4668),.PCURVE_S1.);
#4658 = LINE('',#4659,#4660);
#4659 = CARTESIAN_POINT('',(38.823109948503,113.3,483.));
#4660 = VECTOR('',#4661,1.);
#4661 = DIRECTION('',(0.,0.,1.));
#4662 = PCURVE('',#138,#4663);
#4663 = DEFINITIONAL_REPRESENTATION('',(#4664),#4667);
#4664 = B_SPLINE_CURVE_WITH_KNOTS('',1,(#4665,#4666),.UNSPECIFIED.,.F.,
  .F.,(2,2),(-6.000000212225E-07,21.0000006),.PIECEWISE_BEZIER_KNOTS.);
#4665 = CARTESIAN_POINT('',(9.604503140723E-02,-6.000000212225E-07));
#4666 = CARTESIAN_POINT('',(9.604503140723E-02,21.0000006));
#4667 = ( GEOMETRIC_REPRESENTATION_CONTEXT(2) 
PARAMETRIC_REPRESENTATION_CONTEXT() REPRESENTATION_CONTEXT('2D SPACE',''
  ) );
#4668 = PCURVE('',#166,#4669);
#4669 = DEFINITIONAL_REPRESENTATION('',(#4670),#4673);
#4670 = B_SPLINE_CURVE_WITH_KNOTS('',1,(#4671,#4672),.UNSPECIFIED.,.F.,
  .F.,(2,2),(-6.000000212225E-07,21.0000006),.PIECEWISE_BEZIER_KNOTS.);
#4671 = CARTESIAN_POINT('',(23.61536286602,-71.17689005149));
#4672 = CARTESIAN_POINT('',(2.61536166602,-71.17689005149));
#4673 = ( GEOMETRIC_REPRESENTATION_CONTEXT(2) 
PARAMETRIC_REPRESENTATION_CONTEXT() REPRESENTATION_CONTEXT('2D SPACE',''
  ) );
#4674 = ORIENTED_EDGE('',*,*,#121,.T.);
#4675 = ORIENTED_EDGE('',*,*,#4266,.T.);
#4676 = ORIENTED_EDGE('',*,*,#4677,.T.);
#4677 = EDGE_CURVE('',#4244,#4678,#4680,.T.);
#4678 = VERTEX_POINT('',#4679);
#4679 = CARTESIAN_POINT('',(35.656647907921,108.15981424065,
    497.99725762184));
#4680 = SURFACE_CURVE('',#4681,(#4686,#4697),.PCURVE_S1.);
#4681 = ELLIPSE('',#4682,8.045246721122,5.);
#4682 = AXIS2_PLACEMENT_3D('',#4683,#4684,#4685);
#4683 = CARTESIAN_POINT('',(33.846153846154,112.82051282051,
    495.71500091973));
#4684 = DIRECTION('',(-0.783426077725,0.,0.621484980302));
#4685 = DIRECTION('',(0.621484980302,0.,0.783426077725));
#4686 = PCURVE('',#138,#4687);
#4687 = DEFINITIONAL_REPRESENTATION('',(#4688),#4696);
#4688 = B_SPLINE_CURVE_WITH_KNOTS('',6,(#4689,#4690,#4691,#4692,#4693,
    #4694,#4695),.UNSPECIFIED.,.F.,.F.,(7,7),(4.478029442677,
    5.141571720971),.PIECEWISE_BEZIER_KNOTS.);
#4689 = CARTESIAN_POINT('',(4.478029442677,11.251351181973));
#4690 = CARTESIAN_POINT('',(4.588619822392,11.929331764444));
#4691 = CARTESIAN_POINT('',(4.699210202108,12.628792870369));
#4692 = CARTESIAN_POINT('',(4.809800581824,13.334812135355));
#4693 = CARTESIAN_POINT('',(4.92039096154,14.031665268689));
#4694 = CARTESIAN_POINT('',(5.030981341256,14.703976142181));
#4695 = CARTESIAN_POINT('',(5.141571720971,15.337794570922));
#4696 = ( GEOMETRIC_REPRESENTATION_CONTEXT(2) 
PARAMETRIC_REPRESENTATION_CONTEXT() REPRESENTATION_CONTEXT('2D SPACE',''
  ) );
#4697 = PCURVE('',#3963,#4698);
#4698 = DEFINITIONAL_REPRESENTATION('',(#4699),#4703);
#4699 = ELLIPSE('',#4700,8.045246721122,5.);
#4700 = AXIS2_PLACEMENT_2D('',#4701,#4702);
#4701 = CARTESIAN_POINT('',(2.913174282809,-117.8205128205));
#4702 = DIRECTION('',(-1.,0.));
#4703 = ( GEOMETRIC_REPRESENTATION_CONTEXT(2) 
PARAMETRIC_REPRESENTATION_CONTEXT() REPRESENTATION_CONTEXT('2D SPACE',''
  ) );
#4704 = ORIENTED_EDGE('',*,*,#4705,.T.);
#4705 = EDGE_CURVE('',#4678,#4706,#4708,.T.);
#4706 = VERTEX_POINT('',#4707);
#4707 = CARTESIAN_POINT('',(38.246557223021,110.44639190513,
    501.14220278946));
#4708 = SURFACE_CURVE('',#4709,(#4714,#4726),.PCURVE_S1.);
#4709 = ELLIPSE('',#4710,7.86533794158,5.);
#4710 = AXIS2_PLACEMENT_3D('',#4711,#4712,#4713);
#4711 = CARTESIAN_POINT('',(33.846153846154,112.82051282051,
    495.79876189947));
#4712 = DIRECTION('',(-0.771935719491,0.,0.635700593813));
#4713 = DIRECTION('',(0.635700593813,0.,0.771935719491));
#4714 = PCURVE('',#138,#4715);
#4715 = DEFINITIONAL_REPRESENTATION('',(#4716),#4725);
#4716 = B_SPLINE_CURVE_WITH_KNOTS('',7,(#4717,#4718,#4719,#4720,#4721,
    #4722,#4723,#4724),.UNSPECIFIED.,.F.,.F.,(8,8),(5.027898232449,
    5.911947059977),.PIECEWISE_BEZIER_KNOTS.);
#4717 = CARTESIAN_POINT('',(5.027898232449,14.68276310508));
#4718 = CARTESIAN_POINT('',(5.154190922096,15.41170368374));
#4719 = CARTESIAN_POINT('',(5.280483611743,16.105586427628));
#4720 = CARTESIAN_POINT('',(5.40677630139,16.745421860061));
#4721 = CARTESIAN_POINT('',(5.533068991039,17.313588267623));
#4722 = CARTESIAN_POINT('',(5.659361680683,17.795076938343));
#4723 = CARTESIAN_POINT('',(5.78565437033,18.178529009932));
#4724 = CARTESIAN_POINT('',(5.911947059977,18.456697306231));
#4725 = ( GEOMETRIC_REPRESENTATION_CONTEXT(2) 
PARAMETRIC_REPRESENTATION_CONTEXT() REPRESENTATION_CONTEXT('2D SPACE',''
  ) );
#4726 = PCURVE('',#3937,#4727);
#4727 = DEFINITIONAL_REPRESENTATION('',(#4728),#4732);
#4728 = ELLIPSE('',#4729,7.86533794158,5.);
#4729 = AXIS2_PLACEMENT_2D('',#4730,#4731);
#4730 = CARTESIAN_POINT('',(6.922131927666,-117.8205128205));
#4731 = DIRECTION('',(-1.,0.));
#4732 = ( GEOMETRIC_REPRESENTATION_CONTEXT(2) 
PARAMETRIC_REPRESENTATION_CONTEXT() REPRESENTATION_CONTEXT('2D SPACE',''
  ) );
#4733 = ORIENTED_EDGE('',*,*,#4734,.T.);
#4734 = EDGE_CURVE('',#4706,#4576,#4735,.T.);
#4735 = SURFACE_CURVE('',#4736,(#4741,#4752),.PCURVE_S1.);
#4736 = ELLIPSE('',#4737,7.707625311313,5.);
#4737 = AXIS2_PLACEMENT_3D('',#4738,#4739,#4740);
#4738 = CARTESIAN_POINT('',(33.846153846154,112.82051282051,
    495.97983469358));
#4739 = DIRECTION('',(-0.76103720528,0.,0.648708233476));
#4740 = DIRECTION('',(0.648708233476,0.,0.76103720528));
#4741 = PCURVE('',#138,#4742);
#4742 = DEFINITIONAL_REPRESENTATION('',(#4743),#4751);
#4743 = B_SPLINE_CURVE_WITH_KNOTS('',6,(#4744,#4745,#4746,#4747,#4748,
    #4749,#4750),.UNSPECIFIED.,.F.,.F.,(7,7),(5.692438175104,
    6.28318530718),.PIECEWISE_BEZIER_KNOTS.);
#4744 = CARTESIAN_POINT('',(5.692438175104,17.851518285861));
#4745 = CARTESIAN_POINT('',(5.79089603045,18.173193629282));
#4746 = CARTESIAN_POINT('',(5.889353885796,18.43819789488));
#4747 = CARTESIAN_POINT('',(5.987811741142,18.640918538095));
#4748 = CARTESIAN_POINT('',(6.086269596488,18.77738916408));
#4749 = CARTESIAN_POINT('',(6.184727451834,18.845624319852));
#4750 = CARTESIAN_POINT('',(6.28318530718,18.845624319852));
#4751 = ( GEOMETRIC_REPRESENTATION_CONTEXT(2) 
PARAMETRIC_REPRESENTATION_CONTEXT() REPRESENTATION_CONTEXT('2D SPACE',''
  ) );
#4752 = PCURVE('',#3911,#4753);
#4753 = DEFINITIONAL_REPRESENTATION('',(#4754),#4758);
#4754 = ELLIPSE('',#4755,7.707625311313,5.);
#4755 = AXIS2_PLACEMENT_2D('',#4756,#4757);
#4756 = CARTESIAN_POINT('',(10.602915436953,-117.8205128205));
#4757 = DIRECTION('',(-1.,0.));
#4758 = ( GEOMETRIC_REPRESENTATION_CONTEXT(2) 
PARAMETRIC_REPRESENTATION_CONTEXT() REPRESENTATION_CONTEXT('2D SPACE',''
  ) );
#4759 = ADVANCED_FACE('',(#4760),#396,.F.);
#4760 = FACE_BOUND('',#4761,.F.);
#4761 = EDGE_LOOP('',(#4762,#4763,#4764,#4787));
#4762 = ORIENTED_EDGE('',*,*,#4296,.F.);
#4763 = ORIENTED_EDGE('',*,*,#380,.T.);
#4764 = ORIENTED_EDGE('',*,*,#4765,.T.);
#4765 = EDGE_CURVE('',#344,#4766,#4768,.T.);
#4766 = VERTEX_POINT('',#4767);
#4767 = CARTESIAN_POINT('',(216.,113.,566.29272727272));
#4768 = SURFACE_CURVE('',#4769,(#4773,#4780),.PCURVE_S1.);
#4769 = LINE('',#4770,#4771);
#4770 = CARTESIAN_POINT('',(216.,220.,484.));
#4771 = VECTOR('',#4772,1.);
#4772 = DIRECTION('',(0.,-0.79267756344,0.609641107882));
#4773 = PCURVE('',#396,#4774);
#4774 = DEFINITIONAL_REPRESENTATION('',(#4775),#4779);
#4775 = LINE('',#4776,#4777);
#4776 = CARTESIAN_POINT('',(0.,-216.));
#4777 = VECTOR('',#4778,1.);
#4778 = DIRECTION('',(1.,0.));
#4779 = ( GEOMETRIC_REPRESENTATION_CONTEXT(2) 
PARAMETRIC_REPRESENTATION_CONTEXT() REPRESENTATION_CONTEXT('2D SPACE',''
  ) );
#4780 = PCURVE('',#364,#4781);
#4781 = DEFINITIONAL_REPRESENTATION('',(#4782),#4786);
#4782 = LINE('',#4783,#4784);
#4783 = CARTESIAN_POINT('',(-0.,0.));
#4784 = VECTOR('',#4785,1.);
#4785 = DIRECTION('',(-0.,1.));
#4786 = ( GEOMETRIC_REPRESENTATION_CONTEXT(2) 
PARAMETRIC_REPRESENTATION_CONTEXT() REPRESENTATION_CONTEXT('2D SPACE',''
  ) );
#4787 = ORIENTED_EDGE('',*,*,#4788,.F.);
#4788 = EDGE_CURVE('',#4297,#4766,#4789,.T.);
#4789 = SURFACE_CURVE('',#4790,(#4794,#4800),.PCURVE_S1.);
#4790 = LINE('',#4791,#4792);
#4791 = CARTESIAN_POINT('',(0.,113.,566.29272727272));
#4792 = VECTOR('',#4793,1.);
#4793 = DIRECTION('',(1.,0.,0.));
#4794 = PCURVE('',#396,#4795);
#4795 = DEFINITIONAL_REPRESENTATION('',(#4796),#4799);
#4796 = B_SPLINE_CURVE_WITH_KNOTS('',1,(#4797,#4798),.UNSPECIFIED.,.F.,
  .F.,(2,2),(4.,216.),.PIECEWISE_BEZIER_KNOTS.);
#4797 = CARTESIAN_POINT('',(134.9855287132,-4.));
#4798 = CARTESIAN_POINT('',(134.9855287132,-216.));
#4799 = ( GEOMETRIC_REPRESENTATION_CONTEXT(2) 
PARAMETRIC_REPRESENTATION_CONTEXT() REPRESENTATION_CONTEXT('2D SPACE',''
  ) );
#4800 = PCURVE('',#4560,#4801);
#4801 = DEFINITIONAL_REPRESENTATION('',(#4802),#4805);
#4802 = B_SPLINE_CURVE_WITH_KNOTS('',1,(#4803,#4804),.UNSPECIFIED.,.F.,
  .F.,(2,2),(4.,216.),.PIECEWISE_BEZIER_KNOTS.);
#4803 = CARTESIAN_POINT('',(9.692727272727,4.));
#4804 = CARTESIAN_POINT('',(9.692727272727,216.));
#4805 = ( GEOMETRIC_REPRESENTATION_CONTEXT(2) 
PARAMETRIC_REPRESENTATION_CONTEXT() REPRESENTATION_CONTEXT('2D SPACE',''
  ) );
#4806 = ADVANCED_FACE('',(#4807,#7360,#7391,#7422,#7453,#7484),#166,.T.
  );
#4807 = FACE_BOUND('',#4808,.T.);
#4808 = EDGE_LOOP('',(#4809,#4834,#4857,#4880,#4903,#4926,#4949,#4972,
    #4995,#5018,#5041,#5064,#5087,#5110,#5133,#5156,#5179,#5202,#5225,
    #5248,#5271,#5294,#5317,#5340,#5363,#5386,#5409,#5432,#5455,#5478,
    #5501,#5524,#5547,#5570,#5593,#5616,#5639,#5662,#5685,#5708,#5731,
    #5754,#5777,#5800,#5823,#5846,#5869,#5892,#5915,#5938,#5961,#5984,
    #6007,#6030,#6053,#6076,#6099,#6122,#6145,#6168,#6191,#6214,#6237,
    #6260,#6283,#6306,#6329,#6352,#6375,#6398,#6421,#6444,#6467,#6490,
    #6513,#6536,#6559,#6582,#6605,#6628,#6651,#6674,#6697,#6720,#6743,
    #6766,#6789,#6812,#6835,#6858,#6881,#6904,#6927,#6950,#6973,#6996,
    #7019,#7042,#7065,#7088,#7111,#7134,#7157,#7180,#7203,#7224,#7225,
    #7226,#7247,#7270,#7293,#7316,#7339));
#4809 = ORIENTED_EDGE('',*,*,#4810,.T.);
#4810 = EDGE_CURVE('',#4811,#4813,#4815,.T.);
#4811 = VERTEX_POINT('',#4812);
#4812 = CARTESIAN_POINT('',(170.43393952169,113.3,513.69821889004));
#4813 = VERTEX_POINT('',#4814);
#4814 = CARTESIAN_POINT('',(168.46779613851,113.3,515.70405427801));
#4815 = SURFACE_CURVE('',#4816,(#4820,#4827),.PCURVE_S1.);
#4816 = LINE('',#4817,#4818);
#4817 = CARTESIAN_POINT('',(170.43393952169,113.3,513.69821889004));
#4818 = VECTOR('',#4819,1.);
#4819 = DIRECTION('',(-0.700005708932,0.,0.714137246937));
#4820 = PCURVE('',#166,#4821);
#4821 = DEFINITIONAL_REPRESENTATION('',(#4822),#4826);
#4822 = LINE('',#4823,#4824);
#4823 = CARTESIAN_POINT('',(-7.082856624029,60.433939521696));
#4824 = VECTOR('',#4825,1.);
#4825 = DIRECTION('',(-0.714137246937,-0.700005708932));
#4826 = ( GEOMETRIC_REPRESENTATION_CONTEXT(2) 
PARAMETRIC_REPRESENTATION_CONTEXT() REPRESENTATION_CONTEXT('2D SPACE',''
  ) );
#4827 = PCURVE('',#1207,#4828);
#4828 = DEFINITIONAL_REPRESENTATION('',(#4829),#4833);
#4829 = LINE('',#4830,#4831);
#4830 = CARTESIAN_POINT('',(0.,-118.3));
#4831 = VECTOR('',#4832,1.);
#4832 = DIRECTION('',(1.,0.));
#4833 = ( GEOMETRIC_REPRESENTATION_CONTEXT(2) 
PARAMETRIC_REPRESENTATION_CONTEXT() REPRESENTATION_CONTEXT('2D SPACE',''
  ) );
#4834 = ORIENTED_EDGE('',*,*,#4835,.T.);
#4835 = EDGE_CURVE('',#4813,#4836,#4838,.T.);
#4836 = VERTEX_POINT('',#4837);
#4837 = CARTESIAN_POINT('',(166.58816794487,113.3,517.57695039873));
#4838 = SURFACE_CURVE('',#4839,(#4843,#4850),.PCURVE_S1.);
#4839 = LINE('',#4840,#4841);
#4840 = CARTESIAN_POINT('',(168.46779613851,113.3,515.70405427801));
#4841 = VECTOR('',#4842,1.);
#4842 = DIRECTION('',(-0.708374199156,0.,0.705837087415));
#4843 = PCURVE('',#166,#4844);
#4844 = DEFINITIONAL_REPRESENTATION('',(#4845),#4849);
#4845 = LINE('',#4846,#4847);
#4846 = CARTESIAN_POINT('',(-9.08869201199,58.467796138511));
#4847 = VECTOR('',#4848,1.);
#4848 = DIRECTION('',(-0.705837087415,-0.708374199156));
#4849 = ( GEOMETRIC_REPRESENTATION_CONTEXT(2) 
PARAMETRIC_REPRESENTATION_CONTEXT() REPRESENTATION_CONTEXT('2D SPACE',''
  ) );
#4850 = PCURVE('',#1233,#4851);
#4851 = DEFINITIONAL_REPRESENTATION('',(#4852),#4856);
#4852 = LINE('',#4853,#4854);
#4853 = CARTESIAN_POINT('',(0.,-118.3));
#4854 = VECTOR('',#4855,1.);
#4855 = DIRECTION('',(1.,0.));
#4856 = ( GEOMETRIC_REPRESENTATION_CONTEXT(2) 
PARAMETRIC_REPRESENTATION_CONTEXT() REPRESENTATION_CONTEXT('2D SPACE',''
  ) );
#4857 = ORIENTED_EDGE('',*,*,#4858,.T.);
#4858 = EDGE_CURVE('',#4836,#4859,#4861,.T.);
#4859 = VERTEX_POINT('',#4860);
#4860 = CARTESIAN_POINT('',(164.79249152985,113.3,519.3291441275));
#4861 = SURFACE_CURVE('',#4862,(#4866,#4873),.PCURVE_S1.);
#4862 = LINE('',#4863,#4864);
#4863 = CARTESIAN_POINT('',(166.58816794487,113.3,517.57695039873));
#4864 = VECTOR('',#4865,1.);
#4865 = DIRECTION('',(-0.715719327966,0.,0.69838803224));
#4866 = PCURVE('',#166,#4867);
#4867 = DEFINITIONAL_REPRESENTATION('',(#4868),#4872);
#4868 = LINE('',#4869,#4870);
#4869 = CARTESIAN_POINT('',(-10.96158813271,56.588167944872));
#4870 = VECTOR('',#4871,1.);
#4871 = DIRECTION('',(-0.69838803224,-0.715719327966));
#4872 = ( GEOMETRIC_REPRESENTATION_CONTEXT(2) 
PARAMETRIC_REPRESENTATION_CONTEXT() REPRESENTATION_CONTEXT('2D SPACE',''
  ) );
#4873 = PCURVE('',#1259,#4874);
#4874 = DEFINITIONAL_REPRESENTATION('',(#4875),#4879);
#4875 = LINE('',#4876,#4877);
#4876 = CARTESIAN_POINT('',(0.,-118.3));
#4877 = VECTOR('',#4878,1.);
#4878 = DIRECTION('',(1.,0.));
#4879 = ( GEOMETRIC_REPRESENTATION_CONTEXT(2) 
PARAMETRIC_REPRESENTATION_CONTEXT() REPRESENTATION_CONTEXT('2D SPACE',''
  ) );
#4880 = ORIENTED_EDGE('',*,*,#4881,.T.);
#4881 = EDGE_CURVE('',#4859,#4882,#4884,.T.);
#4882 = VERTEX_POINT('',#4883);
#4883 = CARTESIAN_POINT('',(163.07615095058,113.3,520.97273922404));
#4884 = SURFACE_CURVE('',#4885,(#4889,#4896),.PCURVE_S1.);
#4885 = LINE('',#4886,#4887);
#4886 = CARTESIAN_POINT('',(164.79249152985,113.3,519.3291441275));
#4887 = VECTOR('',#4888,1.);
#4888 = DIRECTION('',(-0.722246987869,0.,0.69163522793));
#4889 = PCURVE('',#166,#4890);
#4890 = DEFINITIONAL_REPRESENTATION('',(#4891),#4895);
#4891 = LINE('',#4892,#4893);
#4892 = CARTESIAN_POINT('',(-12.71378186148,54.792491529858));
#4893 = VECTOR('',#4894,1.);
#4894 = DIRECTION('',(-0.69163522793,-0.722246987869));
#4895 = ( GEOMETRIC_REPRESENTATION_CONTEXT(2) 
PARAMETRIC_REPRESENTATION_CONTEXT() REPRESENTATION_CONTEXT('2D SPACE',''
  ) );
#4896 = PCURVE('',#1285,#4897);
#4897 = DEFINITIONAL_REPRESENTATION('',(#4898),#4902);
#4898 = LINE('',#4899,#4900);
#4899 = CARTESIAN_POINT('',(0.,-118.3));
#4900 = VECTOR('',#4901,1.);
#4901 = DIRECTION('',(1.,0.));
#4902 = ( GEOMETRIC_REPRESENTATION_CONTEXT(2) 
PARAMETRIC_REPRESENTATION_CONTEXT() REPRESENTATION_CONTEXT('2D SPACE',''
  ) );
#4903 = ORIENTED_EDGE('',*,*,#4904,.T.);
#4904 = EDGE_CURVE('',#4882,#4905,#4907,.T.);
#4905 = VERTEX_POINT('',#4906);
#4906 = CARTESIAN_POINT('',(161.43098977519,113.3,522.5184984999));
#4907 = SURFACE_CURVE('',#4908,(#4912,#4919),.PCURVE_S1.);
#4908 = LINE('',#4909,#4910);
#4909 = CARTESIAN_POINT('',(163.07615095058,113.3,520.97273922404));
#4910 = VECTOR('',#4911,1.);
#4911 = DIRECTION('',(-0.728780680991,0.,0.684747193506));
#4912 = PCURVE('',#166,#4913);
#4913 = DEFINITIONAL_REPRESENTATION('',(#4914),#4918);
#4914 = LINE('',#4915,#4916);
#4915 = CARTESIAN_POINT('',(-14.35737695802,53.076150950582));
#4916 = VECTOR('',#4917,1.);
#4917 = DIRECTION('',(-0.684747193506,-0.728780680991));
#4918 = ( GEOMETRIC_REPRESENTATION_CONTEXT(2) 
PARAMETRIC_REPRESENTATION_CONTEXT() REPRESENTATION_CONTEXT('2D SPACE',''
  ) );
#4919 = PCURVE('',#1311,#4920);
#4920 = DEFINITIONAL_REPRESENTATION('',(#4921),#4925);
#4921 = LINE('',#4922,#4923);
#4922 = CARTESIAN_POINT('',(0.,-118.3));
#4923 = VECTOR('',#4924,1.);
#4924 = DIRECTION('',(1.,0.));
#4925 = ( GEOMETRIC_REPRESENTATION_CONTEXT(2) 
PARAMETRIC_REPRESENTATION_CONTEXT() REPRESENTATION_CONTEXT('2D SPACE',''
  ) );
#4926 = ORIENTED_EDGE('',*,*,#4927,.T.);
#4927 = EDGE_CURVE('',#4905,#4928,#4930,.T.);
#4928 = VERTEX_POINT('',#4929);
#4929 = CARTESIAN_POINT('',(159.84986879889,113.3,523.975443775));
#4930 = SURFACE_CURVE('',#4931,(#4935,#4942),.PCURVE_S1.);
#4931 = LINE('',#4932,#4933);
#4932 = CARTESIAN_POINT('',(161.43098977519,113.3,522.5184984999));
#4933 = VECTOR('',#4934,1.);
#4934 = DIRECTION('',(-0.735394519762,0.,0.677639211014));
#4935 = PCURVE('',#166,#4936);
#4936 = DEFINITIONAL_REPRESENTATION('',(#4937),#4941);
#4937 = LINE('',#4938,#4939);
#4938 = CARTESIAN_POINT('',(-15.90313623388,51.430989775198));
#4939 = VECTOR('',#4940,1.);
#4940 = DIRECTION('',(-0.677639211014,-0.735394519762));
#4941 = ( GEOMETRIC_REPRESENTATION_CONTEXT(2) 
PARAMETRIC_REPRESENTATION_CONTEXT() REPRESENTATION_CONTEXT('2D SPACE',''
  ) );
#4942 = PCURVE('',#1337,#4943);
#4943 = DEFINITIONAL_REPRESENTATION('',(#4944),#4948);
#4944 = LINE('',#4945,#4946);
#4945 = CARTESIAN_POINT('',(0.,-118.3));
#4946 = VECTOR('',#4947,1.);
#4947 = DIRECTION('',(1.,0.));
#4948 = ( GEOMETRIC_REPRESENTATION_CONTEXT(2) 
PARAMETRIC_REPRESENTATION_CONTEXT() REPRESENTATION_CONTEXT('2D SPACE',''
  ) );
#4949 = ORIENTED_EDGE('',*,*,#4950,.T.);
#4950 = EDGE_CURVE('',#4928,#4951,#4953,.T.);
#4951 = VERTEX_POINT('',#4952);
#4952 = CARTESIAN_POINT('',(158.32624264609,113.3,525.35145067399));
#4953 = SURFACE_CURVE('',#4954,(#4958,#4965),.PCURVE_S1.);
#4954 = LINE('',#4955,#4956);
#4955 = CARTESIAN_POINT('',(159.84986879889,113.3,523.975443775));
#4956 = VECTOR('',#4957,1.);
#4957 = DIRECTION('',(-0.74214420886,0.,0.67024023548));
#4958 = PCURVE('',#166,#4959);
#4959 = DEFINITIONAL_REPRESENTATION('',(#4960),#4964);
#4960 = LINE('',#4961,#4962);
#4961 = CARTESIAN_POINT('',(-17.36008150898,49.849868798896));
#4962 = VECTOR('',#4963,1.);
#4963 = DIRECTION('',(-0.67024023548,-0.74214420886));
#4964 = ( GEOMETRIC_REPRESENTATION_CONTEXT(2) 
PARAMETRIC_REPRESENTATION_CONTEXT() REPRESENTATION_CONTEXT('2D SPACE',''
  ) );
#4965 = PCURVE('',#1363,#4966);
#4966 = DEFINITIONAL_REPRESENTATION('',(#4967),#4971);
#4967 = LINE('',#4968,#4969);
#4968 = CARTESIAN_POINT('',(0.,-118.3));
#4969 = VECTOR('',#4970,1.);
#4970 = DIRECTION('',(1.,0.));
#4971 = ( GEOMETRIC_REPRESENTATION_CONTEXT(2) 
PARAMETRIC_REPRESENTATION_CONTEXT() REPRESENTATION_CONTEXT('2D SPACE',''
  ) );
#4972 = ORIENTED_EDGE('',*,*,#4973,.T.);
#4973 = EDGE_CURVE('',#4951,#4974,#4976,.T.);
#4974 = VERTEX_POINT('',#4975);
#4975 = CARTESIAN_POINT('',(156.85417425795,113.3,526.65338984223));
#4976 = SURFACE_CURVE('',#4977,(#4981,#4988),.PCURVE_S1.);
#4977 = LINE('',#4978,#4979);
#4978 = CARTESIAN_POINT('',(158.32624264609,113.3,525.35145067399));
#4979 = VECTOR('',#4980,1.);
#4980 = DIRECTION('',(-0.74906604727,0.,0.662495325891));
#4981 = PCURVE('',#166,#4982);
#4982 = DEFINITIONAL_REPRESENTATION('',(#4983),#4987);
#4983 = LINE('',#4984,#4985);
#4984 = CARTESIAN_POINT('',(-18.73608840797,48.326242646093));
#4985 = VECTOR('',#4986,1.);
#4986 = DIRECTION('',(-0.662495325891,-0.74906604727));
#4987 = ( GEOMETRIC_REPRESENTATION_CONTEXT(2) 
PARAMETRIC_REPRESENTATION_CONTEXT() REPRESENTATION_CONTEXT('2D SPACE',''
  ) );
#4988 = PCURVE('',#1389,#4989);
#4989 = DEFINITIONAL_REPRESENTATION('',(#4990),#4994);
#4990 = LINE('',#4991,#4992);
#4991 = CARTESIAN_POINT('',(0.,-118.3));
#4992 = VECTOR('',#4993,1.);
#4993 = DIRECTION('',(1.,0.));
#4994 = ( GEOMETRIC_REPRESENTATION_CONTEXT(2) 
PARAMETRIC_REPRESENTATION_CONTEXT() REPRESENTATION_CONTEXT('2D SPACE',''
  ) );
#4995 = ORIENTED_EDGE('',*,*,#4996,.T.);
#4996 = EDGE_CURVE('',#4974,#4997,#4999,.T.);
#4997 = VERTEX_POINT('',#4998);
#4998 = CARTESIAN_POINT('',(155.42833304437,113.3,527.88726011837));
#4999 = SURFACE_CURVE('',#5000,(#5004,#5011),.PCURVE_S1.);
#5000 = LINE('',#5001,#5002);
#5001 = CARTESIAN_POINT('',(156.85417425795,113.3,526.65338984223));
#5002 = VECTOR('',#5003,1.);
#5003 = DIRECTION('',(-0.756176758168,0.,0.654367412397));
#5004 = PCURVE('',#166,#5005);
#5005 = DEFINITIONAL_REPRESENTATION('',(#5006),#5010);
#5006 = LINE('',#5007,#5008);
#5007 = CARTESIAN_POINT('',(-20.03802757621,46.854174257951));
#5008 = VECTOR('',#5009,1.);
#5009 = DIRECTION('',(-0.654367412397,-0.756176758168));
#5010 = ( GEOMETRIC_REPRESENTATION_CONTEXT(2) 
PARAMETRIC_REPRESENTATION_CONTEXT() REPRESENTATION_CONTEXT('2D SPACE',''
  ) );
#5011 = PCURVE('',#1415,#5012);
#5012 = DEFINITIONAL_REPRESENTATION('',(#5013),#5017);
#5013 = LINE('',#5014,#5015);
#5014 = CARTESIAN_POINT('',(0.,-118.3));
#5015 = VECTOR('',#5016,1.);
#5016 = DIRECTION('',(1.,0.));
#5017 = ( GEOMETRIC_REPRESENTATION_CONTEXT(2) 
PARAMETRIC_REPRESENTATION_CONTEXT() REPRESENTATION_CONTEXT('2D SPACE',''
  ) );
#5018 = ORIENTED_EDGE('',*,*,#5019,.T.);
#5019 = EDGE_CURVE('',#4997,#5020,#5022,.T.);
#5020 = VERTEX_POINT('',#5021);
#5021 = CARTESIAN_POINT('',(154.0439771967,113.3,529.05831212277));
#5022 = SURFACE_CURVE('',#5023,(#5027,#5034),.PCURVE_S1.);
#5023 = LINE('',#5024,#5025);
#5024 = CARTESIAN_POINT('',(155.42833304437,113.3,527.88726011837));
#5025 = VECTOR('',#5026,1.);
#5026 = DIRECTION('',(-0.763474938654,0.,0.645837454819));
#5027 = PCURVE('',#166,#5028);
#5028 = DEFINITIONAL_REPRESENTATION('',(#5029),#5033);
#5029 = LINE('',#5030,#5031);
#5030 = CARTESIAN_POINT('',(-21.27189785235,45.428333044375));
#5031 = VECTOR('',#5032,1.);
#5032 = DIRECTION('',(-0.645837454819,-0.763474938654));
#5033 = ( GEOMETRIC_REPRESENTATION_CONTEXT(2) 
PARAMETRIC_REPRESENTATION_CONTEXT() REPRESENTATION_CONTEXT('2D SPACE',''
  ) );
#5034 = PCURVE('',#1441,#5035);
#5035 = DEFINITIONAL_REPRESENTATION('',(#5036),#5040);
#5036 = LINE('',#5037,#5038);
#5037 = CARTESIAN_POINT('',(0.,-118.3));
#5038 = VECTOR('',#5039,1.);
#5039 = DIRECTION('',(1.,0.));
#5040 = ( GEOMETRIC_REPRESENTATION_CONTEXT(2) 
PARAMETRIC_REPRESENTATION_CONTEXT() REPRESENTATION_CONTEXT('2D SPACE',''
  ) );
#5041 = ORIENTED_EDGE('',*,*,#5042,.T.);
#5042 = EDGE_CURVE('',#5020,#5043,#5045,.T.);
#5043 = VERTEX_POINT('',#5044);
#5044 = CARTESIAN_POINT('',(152.69692204286,113.3,530.17116071633));
#5045 = SURFACE_CURVE('',#5046,(#5050,#5057),.PCURVE_S1.);
#5046 = LINE('',#5047,#5048);
#5047 = CARTESIAN_POINT('',(154.0439771967,113.3,529.05831212277));
#5048 = VECTOR('',#5049,1.);
#5049 = DIRECTION('',(-0.770943794143,0.,0.636903184379));
#5050 = PCURVE('',#166,#5051);
#5051 = DEFINITIONAL_REPRESENTATION('',(#5052),#5056);
#5052 = LINE('',#5053,#5054);
#5053 = CARTESIAN_POINT('',(-22.44294985675,44.043977196707));
#5054 = VECTOR('',#5055,1.);
#5055 = DIRECTION('',(-0.636903184379,-0.770943794143));
#5056 = ( GEOMETRIC_REPRESENTATION_CONTEXT(2) 
PARAMETRIC_REPRESENTATION_CONTEXT() REPRESENTATION_CONTEXT('2D SPACE',''
  ) );
#5057 = PCURVE('',#1467,#5058);
#5058 = DEFINITIONAL_REPRESENTATION('',(#5059),#5063);
#5059 = LINE('',#5060,#5061);
#5060 = CARTESIAN_POINT('',(0.,-118.3));
#5061 = VECTOR('',#5062,1.);
#5062 = DIRECTION('',(1.,0.));
#5063 = ( GEOMETRIC_REPRESENTATION_CONTEXT(2) 
PARAMETRIC_REPRESENTATION_CONTEXT() REPRESENTATION_CONTEXT('2D SPACE',''
  ) );
#5064 = ORIENTED_EDGE('',*,*,#5065,.T.);
#5065 = EDGE_CURVE('',#5043,#5066,#5068,.T.);
#5066 = VERTEX_POINT('',#5067);
#5067 = CARTESIAN_POINT('',(151.38349729683,113.3,531.2298851105));
#5068 = SURFACE_CURVE('',#5069,(#5073,#5080),.PCURVE_S1.);
#5069 = LINE('',#5070,#5071);
#5070 = CARTESIAN_POINT('',(152.69692204286,113.3,530.17116071633));
#5071 = VECTOR('',#5072,1.);
#5072 = DIRECTION('',(-0.778554693471,0.,0.627576759667));
#5073 = PCURVE('',#166,#5074);
#5074 = DEFINITIONAL_REPRESENTATION('',(#5075),#5079);
#5075 = LINE('',#5076,#5077);
#5076 = CARTESIAN_POINT('',(-23.55579845031,42.69692204286));
#5077 = VECTOR('',#5078,1.);
#5078 = DIRECTION('',(-0.627576759667,-0.778554693471));
#5079 = ( GEOMETRIC_REPRESENTATION_CONTEXT(2) 
PARAMETRIC_REPRESENTATION_CONTEXT() REPRESENTATION_CONTEXT('2D SPACE',''
  ) );
#5080 = PCURVE('',#1493,#5081);
#5081 = DEFINITIONAL_REPRESENTATION('',(#5082),#5086);
#5082 = LINE('',#5083,#5084);
#5083 = CARTESIAN_POINT('',(0.,-118.3));
#5084 = VECTOR('',#5085,1.);
#5085 = DIRECTION('',(1.,0.));
#5086 = ( GEOMETRIC_REPRESENTATION_CONTEXT(2) 
PARAMETRIC_REPRESENTATION_CONTEXT() REPRESENTATION_CONTEXT('2D SPACE',''
  ) );
#5087 = ORIENTED_EDGE('',*,*,#5088,.T.);
#5088 = EDGE_CURVE('',#5066,#5089,#5091,.T.);
#5089 = VERTEX_POINT('',#5090);
#5090 = CARTESIAN_POINT('',(150.10049654143,113.3,532.23811594373));
#5091 = SURFACE_CURVE('',#5092,(#5096,#5103),.PCURVE_S1.);
#5092 = LINE('',#5093,#5094);
#5093 = CARTESIAN_POINT('',(151.38349729683,113.3,531.2298851105));
#5094 = VECTOR('',#5095,1.);
#5095 = DIRECTION('',(-0.786271055396,0.,0.617881726098));
#5096 = PCURVE('',#166,#5097);
#5097 = DEFINITIONAL_REPRESENTATION('',(#5098),#5102);
#5098 = LINE('',#5099,#5100);
#5099 = CARTESIAN_POINT('',(-24.61452284448,41.383497296838));
#5100 = VECTOR('',#5101,1.);
#5101 = DIRECTION('',(-0.617881726098,-0.786271055396));
#5102 = ( GEOMETRIC_REPRESENTATION_CONTEXT(2) 
PARAMETRIC_REPRESENTATION_CONTEXT() REPRESENTATION_CONTEXT('2D SPACE',''
  ) );
#5103 = PCURVE('',#1519,#5104);
#5104 = DEFINITIONAL_REPRESENTATION('',(#5105),#5109);
#5105 = LINE('',#5106,#5107);
#5106 = CARTESIAN_POINT('',(0.,-118.3));
#5107 = VECTOR('',#5108,1.);
#5108 = DIRECTION('',(1.,0.));
#5109 = ( GEOMETRIC_REPRESENTATION_CONTEXT(2) 
PARAMETRIC_REPRESENTATION_CONTEXT() REPRESENTATION_CONTEXT('2D SPACE',''
  ) );
#5110 = ORIENTED_EDGE('',*,*,#5111,.T.);
#5111 = EDGE_CURVE('',#5089,#5112,#5114,.T.);
#5112 = VERTEX_POINT('',#5113);
#5113 = CARTESIAN_POINT('',(148.84512232126,113.3,533.19910924873));
#5114 = SURFACE_CURVE('',#5115,(#5119,#5126),.PCURVE_S1.);
#5115 = LINE('',#5116,#5117);
#5116 = CARTESIAN_POINT('',(150.10049654143,113.3,532.23811594373));
#5117 = VECTOR('',#5118,1.);
#5118 = DIRECTION('',(-0.79405213693,0.,0.607849655619));
#5119 = PCURVE('',#166,#5120);
#5120 = DEFINITIONAL_REPRESENTATION('',(#5121),#5125);
#5121 = LINE('',#5122,#5123);
#5122 = CARTESIAN_POINT('',(-25.62275367772,40.100496541435));
#5123 = VECTOR('',#5124,1.);
#5124 = DIRECTION('',(-0.607849655619,-0.79405213693));
#5125 = ( GEOMETRIC_REPRESENTATION_CONTEXT(2) 
PARAMETRIC_REPRESENTATION_CONTEXT() REPRESENTATION_CONTEXT('2D SPACE',''
  ) );
#5126 = PCURVE('',#1545,#5127);
#5127 = DEFINITIONAL_REPRESENTATION('',(#5128),#5132);
#5128 = LINE('',#5129,#5130);
#5129 = CARTESIAN_POINT('',(0.,-118.3));
#5130 = VECTOR('',#5131,1.);
#5131 = DIRECTION('',(1.,0.));
#5132 = ( GEOMETRIC_REPRESENTATION_CONTEXT(2) 
PARAMETRIC_REPRESENTATION_CONTEXT() REPRESENTATION_CONTEXT('2D SPACE',''
  ) );
#5133 = ORIENTED_EDGE('',*,*,#5134,.T.);
#5134 = EDGE_CURVE('',#5112,#5135,#5137,.T.);
#5135 = VERTEX_POINT('',#5136);
#5136 = CARTESIAN_POINT('',(147.61492991444,113.3,534.11580780413));
#5137 = SURFACE_CURVE('',#5138,(#5142,#5149),.PCURVE_S1.);
#5138 = LINE('',#5139,#5140);
#5139 = CARTESIAN_POINT('',(148.84512232126,113.3,533.19910924873));
#5140 = VECTOR('',#5141,1.);
#5141 = DIRECTION('',(-0.801856405419,0.,0.597516782266));
#5142 = PCURVE('',#166,#5143);
#5143 = DEFINITIONAL_REPRESENTATION('',(#5144),#5148);
#5144 = LINE('',#5145,#5146);
#5145 = CARTESIAN_POINT('',(-26.58374698271,38.845122321265));
#5146 = VECTOR('',#5147,1.);
#5147 = DIRECTION('',(-0.597516782266,-0.801856405419));
#5148 = ( GEOMETRIC_REPRESENTATION_CONTEXT(2) 
PARAMETRIC_REPRESENTATION_CONTEXT() REPRESENTATION_CONTEXT('2D SPACE',''
  ) );
#5149 = PCURVE('',#1571,#5150);
#5150 = DEFINITIONAL_REPRESENTATION('',(#5151),#5155);
#5151 = LINE('',#5152,#5153);
#5152 = CARTESIAN_POINT('',(0.,-118.3));
#5153 = VECTOR('',#5154,1.);
#5154 = DIRECTION('',(1.,0.));
#5155 = ( GEOMETRIC_REPRESENTATION_CONTEXT(2) 
PARAMETRIC_REPRESENTATION_CONTEXT() REPRESENTATION_CONTEXT('2D SPACE',''
  ) );
#5156 = ORIENTED_EDGE('',*,*,#5157,.T.);
#5157 = EDGE_CURVE('',#5135,#5158,#5160,.T.);
#5158 = VERTEX_POINT('',#5159);
#5159 = CARTESIAN_POINT('',(146.40777232381,113.3,534.99089081675));
#5160 = SURFACE_CURVE('',#5161,(#5165,#5172),.PCURVE_S1.);
#5161 = LINE('',#5162,#5163);
#5162 = CARTESIAN_POINT('',(147.61492991444,113.3,534.11580780413));
#5163 = VECTOR('',#5164,1.);
#5164 = DIRECTION('',(-0.809644303921,0.,0.586920864452));
#5165 = PCURVE('',#166,#5166);
#5166 = DEFINITIONAL_REPRESENTATION('',(#5167),#5171);
#5167 = LINE('',#5168,#5169);
#5168 = CARTESIAN_POINT('',(-27.50044553811,37.614929914445));
#5169 = VECTOR('',#5170,1.);
#5170 = DIRECTION('',(-0.586920864452,-0.809644303921));
#5171 = ( GEOMETRIC_REPRESENTATION_CONTEXT(2) 
PARAMETRIC_REPRESENTATION_CONTEXT() REPRESENTATION_CONTEXT('2D SPACE',''
  ) );
#5172 = PCURVE('',#1597,#5173);
#5173 = DEFINITIONAL_REPRESENTATION('',(#5174),#5178);
#5174 = LINE('',#5175,#5176);
#5175 = CARTESIAN_POINT('',(0.,-118.3));
#5176 = VECTOR('',#5177,1.);
#5177 = DIRECTION('',(1.,0.));
#5178 = ( GEOMETRIC_REPRESENTATION_CONTEXT(2) 
PARAMETRIC_REPRESENTATION_CONTEXT() REPRESENTATION_CONTEXT('2D SPACE',''
  ) );
#5179 = ORIENTED_EDGE('',*,*,#5180,.T.);
#5180 = EDGE_CURVE('',#5158,#5181,#5183,.T.);
#5181 = VERTEX_POINT('',#5182);
#5182 = CARTESIAN_POINT('',(145.2217484066,113.3,535.82681318007));
#5183 = SURFACE_CURVE('',#5184,(#5188,#5195),.PCURVE_S1.);
#5184 = LINE('',#5185,#5186);
#5185 = CARTESIAN_POINT('',(146.40777232381,113.3,534.99089081675));
#5186 = VECTOR('',#5187,1.);
#5187 = DIRECTION('',(-0.817380335715,0.,0.576098417621));
#5188 = PCURVE('',#166,#5189);
#5189 = DEFINITIONAL_REPRESENTATION('',(#5190),#5194);
#5190 = LINE('',#5191,#5192);
#5191 = CARTESIAN_POINT('',(-28.37552855073,36.407772323811));
#5192 = VECTOR('',#5193,1.);
#5193 = DIRECTION('',(-0.576098417621,-0.817380335715));
#5194 = ( GEOMETRIC_REPRESENTATION_CONTEXT(2) 
PARAMETRIC_REPRESENTATION_CONTEXT() REPRESENTATION_CONTEXT('2D SPACE',''
  ) );
#5195 = PCURVE('',#1623,#5196);
#5196 = DEFINITIONAL_REPRESENTATION('',(#5197),#5201);
#5197 = LINE('',#5198,#5199);
#5198 = CARTESIAN_POINT('',(0.,-118.3));
#5199 = VECTOR('',#5200,1.);
#5200 = DIRECTION('',(1.,0.));
#5201 = ( GEOMETRIC_REPRESENTATION_CONTEXT(2) 
PARAMETRIC_REPRESENTATION_CONTEXT() REPRESENTATION_CONTEXT('2D SPACE',''
  ) );
#5202 = ORIENTED_EDGE('',*,*,#5203,.T.);
#5203 = EDGE_CURVE('',#5181,#5204,#5206,.T.);
#5204 = VERTEX_POINT('',#5205);
#5205 = CARTESIAN_POINT('',(144.05515544469,113.3,536.62583570308));
#5206 = SURFACE_CURVE('',#5207,(#5211,#5218),.PCURVE_S1.);
#5207 = LINE('',#5208,#5209);
#5208 = CARTESIAN_POINT('',(145.2217484066,113.3,535.82681318007));
#5209 = VECTOR('',#5210,1.);
#5210 = DIRECTION('',(-0.825034482637,0.,0.565082385552));
#5211 = PCURVE('',#166,#5212);
#5212 = DEFINITIONAL_REPRESENTATION('',(#5213),#5217);
#5213 = LINE('',#5214,#5215);
#5214 = CARTESIAN_POINT('',(-29.21145091405,35.221748406606));
#5215 = VECTOR('',#5216,1.);
#5216 = DIRECTION('',(-0.565082385552,-0.825034482637));
#5217 = ( GEOMETRIC_REPRESENTATION_CONTEXT(2) 
PARAMETRIC_REPRESENTATION_CONTEXT() REPRESENTATION_CONTEXT('2D SPACE',''
  ) );
#5218 = PCURVE('',#1649,#5219);
#5219 = DEFINITIONAL_REPRESENTATION('',(#5220),#5224);
#5220 = LINE('',#5221,#5222);
#5221 = CARTESIAN_POINT('',(0.,-118.3));
#5222 = VECTOR('',#5223,1.);
#5223 = DIRECTION('',(1.,0.));
#5224 = ( GEOMETRIC_REPRESENTATION_CONTEXT(2) 
PARAMETRIC_REPRESENTATION_CONTEXT() REPRESENTATION_CONTEXT('2D SPACE',''
  ) );
#5225 = ORIENTED_EDGE('',*,*,#5226,.T.);
#5226 = EDGE_CURVE('',#5204,#5227,#5229,.T.);
#5227 = VERTEX_POINT('',#5228);
#5228 = CARTESIAN_POINT('',(142.90644691285,113.3,537.39004772192));
#5229 = SURFACE_CURVE('',#5230,(#5234,#5241),.PCURVE_S1.);
#5230 = LINE('',#5231,#5232);
#5231 = CARTESIAN_POINT('',(144.05515544469,113.3,536.62583570308));
#5232 = VECTOR('',#5233,1.);
#5233 = DIRECTION('',(-0.832583028544,0.,0.553900262305));
#5234 = PCURVE('',#166,#5235);
#5235 = DEFINITIONAL_REPRESENTATION('',(#5236),#5240);
#5236 = LINE('',#5237,#5238);
#5237 = CARTESIAN_POINT('',(-30.01047343706,34.05515544469));
#5238 = VECTOR('',#5239,1.);
#5239 = DIRECTION('',(-0.553900262305,-0.832583028544));
#5240 = ( GEOMETRIC_REPRESENTATION_CONTEXT(2) 
PARAMETRIC_REPRESENTATION_CONTEXT() REPRESENTATION_CONTEXT('2D SPACE',''
  ) );
#5241 = PCURVE('',#1675,#5242);
#5242 = DEFINITIONAL_REPRESENTATION('',(#5243),#5247);
#5243 = LINE('',#5244,#5245);
#5244 = CARTESIAN_POINT('',(0.,-118.3));
#5245 = VECTOR('',#5246,1.);
#5246 = DIRECTION('',(1.,0.));
#5247 = ( GEOMETRIC_REPRESENTATION_CONTEXT(2) 
PARAMETRIC_REPRESENTATION_CONTEXT() REPRESENTATION_CONTEXT('2D SPACE',''
  ) );
#5248 = ORIENTED_EDGE('',*,*,#5249,.T.);
#5249 = EDGE_CURVE('',#5227,#5250,#5252,.T.);
#5250 = VERTEX_POINT('',#5251);
#5251 = CARTESIAN_POINT('',(141.77419576639,113.3,538.12138343149));
#5252 = SURFACE_CURVE('',#5253,(#5257,#5264),.PCURVE_S1.);
#5253 = LINE('',#5254,#5255);
#5254 = CARTESIAN_POINT('',(142.90644691285,113.3,537.39004772192));
#5255 = VECTOR('',#5256,1.);
#5256 = DIRECTION('',(-0.840008886336,0.,0.542572641107));
#5257 = PCURVE('',#166,#5258);
#5258 = DEFINITIONAL_REPRESENTATION('',(#5259),#5263);
#5259 = LINE('',#5260,#5261);
#5260 = CARTESIAN_POINT('',(-30.7746854559,32.90644691285));
#5261 = VECTOR('',#5262,1.);
#5262 = DIRECTION('',(-0.542572641107,-0.840008886336));
#5263 = ( GEOMETRIC_REPRESENTATION_CONTEXT(2) 
PARAMETRIC_REPRESENTATION_CONTEXT() REPRESENTATION_CONTEXT('2D SPACE',''
  ) );
#5264 = PCURVE('',#1701,#5265);
#5265 = DEFINITIONAL_REPRESENTATION('',(#5266),#5270);
#5266 = LINE('',#5267,#5268);
#5267 = CARTESIAN_POINT('',(0.,-118.3));
#5268 = VECTOR('',#5269,1.);
#5269 = DIRECTION('',(1.,0.));
#5270 = ( GEOMETRIC_REPRESENTATION_CONTEXT(2) 
PARAMETRIC_REPRESENTATION_CONTEXT() REPRESENTATION_CONTEXT('2D SPACE',''
  ) );
#5271 = ORIENTED_EDGE('',*,*,#5272,.T.);
#5272 = EDGE_CURVE('',#5250,#5273,#5275,.T.);
#5273 = VERTEX_POINT('',#5274);
#5274 = CARTESIAN_POINT('',(140.65706325133,113.3,538.82163314056));
#5275 = SURFACE_CURVE('',#5276,(#5280,#5287),.PCURVE_S1.);
#5276 = LINE('',#5277,#5278);
#5277 = CARTESIAN_POINT('',(141.77419576639,113.3,538.12138343149));
#5278 = VECTOR('',#5279,1.);
#5279 = DIRECTION('',(-0.847301531404,0.,0.531112149062));
#5280 = PCURVE('',#166,#5281);
#5281 = DEFINITIONAL_REPRESENTATION('',(#5282),#5286);
#5282 = LINE('',#5283,#5284);
#5283 = CARTESIAN_POINT('',(-31.50602116547,31.774195766397));
#5284 = VECTOR('',#5285,1.);
#5285 = DIRECTION('',(-0.531112149062,-0.847301531404));
#5286 = ( GEOMETRIC_REPRESENTATION_CONTEXT(2) 
PARAMETRIC_REPRESENTATION_CONTEXT() REPRESENTATION_CONTEXT('2D SPACE',''
  ) );
#5287 = PCURVE('',#1727,#5288);
#5288 = DEFINITIONAL_REPRESENTATION('',(#5289),#5293);
#5289 = LINE('',#5290,#5291);
#5290 = CARTESIAN_POINT('',(0.,-118.3));
#5291 = VECTOR('',#5292,1.);
#5292 = DIRECTION('',(1.,0.));
#5293 = ( GEOMETRIC_REPRESENTATION_CONTEXT(2) 
PARAMETRIC_REPRESENTATION_CONTEXT() REPRESENTATION_CONTEXT('2D SPACE',''
  ) );
#5294 = ORIENTED_EDGE('',*,*,#5295,.T.);
#5295 = EDGE_CURVE('',#5273,#5296,#5298,.T.);
#5296 = VERTEX_POINT('',#5297);
#5297 = CARTESIAN_POINT('',(139.55377303343,113.3,539.49245049493));
#5298 = SURFACE_CURVE('',#5299,(#5303,#5310),.PCURVE_S1.);
#5299 = LINE('',#5300,#5301);
#5300 = CARTESIAN_POINT('',(140.65706325133,113.3,538.82163314056));
#5301 = VECTOR('',#5302,1.);
#5302 = DIRECTION('',(-0.85445663423,0.,0.519522723487));
#5303 = PCURVE('',#166,#5304);
#5304 = DEFINITIONAL_REPRESENTATION('',(#5305),#5309);
#5305 = LINE('',#5306,#5307);
#5306 = CARTESIAN_POINT('',(-32.20627087454,30.657063251336));
#5307 = VECTOR('',#5308,1.);
#5308 = DIRECTION('',(-0.519522723487,-0.85445663423));
#5309 = ( GEOMETRIC_REPRESENTATION_CONTEXT(2) 
PARAMETRIC_REPRESENTATION_CONTEXT() REPRESENTATION_CONTEXT('2D SPACE',''
  ) );
#5310 = PCURVE('',#1753,#5311);
#5311 = DEFINITIONAL_REPRESENTATION('',(#5312),#5316);
#5312 = LINE('',#5313,#5314);
#5313 = CARTESIAN_POINT('',(0.,-118.3));
#5314 = VECTOR('',#5315,1.);
#5315 = DIRECTION('',(1.,0.));
#5316 = ( GEOMETRIC_REPRESENTATION_CONTEXT(2) 
PARAMETRIC_REPRESENTATION_CONTEXT() REPRESENTATION_CONTEXT('2D SPACE',''
  ) );
#5317 = ORIENTED_EDGE('',*,*,#5318,.T.);
#5318 = EDGE_CURVE('',#5296,#5319,#5321,.T.);
#5319 = VERTEX_POINT('',#5320);
#5320 = CARTESIAN_POINT('',(138.46309032845,113.3,540.13535655274));
#5321 = SURFACE_CURVE('',#5322,(#5326,#5333),.PCURVE_S1.);
#5322 = LINE('',#5323,#5324);
#5323 = CARTESIAN_POINT('',(139.55377303343,113.3,539.49245049493));
#5324 = VECTOR('',#5325,1.);
#5325 = DIRECTION('',(-0.861475467128,0.,0.507799192138));
#5326 = PCURVE('',#166,#5327);
#5327 = DEFINITIONAL_REPRESENTATION('',(#5328),#5332);
#5328 = LINE('',#5329,#5330);
#5329 = CARTESIAN_POINT('',(-32.87708822891,29.553773033431));
#5330 = VECTOR('',#5331,1.);
#5331 = DIRECTION('',(-0.507799192138,-0.861475467128));
#5332 = ( GEOMETRIC_REPRESENTATION_CONTEXT(2) 
PARAMETRIC_REPRESENTATION_CONTEXT() REPRESENTATION_CONTEXT('2D SPACE',''
  ) );
#5333 = PCURVE('',#1779,#5334);
#5334 = DEFINITIONAL_REPRESENTATION('',(#5335),#5339);
#5335 = LINE('',#5336,#5337);
#5336 = CARTESIAN_POINT('',(0.,-118.3));
#5337 = VECTOR('',#5338,1.);
#5338 = DIRECTION('',(1.,0.));
#5339 = ( GEOMETRIC_REPRESENTATION_CONTEXT(2) 
PARAMETRIC_REPRESENTATION_CONTEXT() REPRESENTATION_CONTEXT('2D SPACE',''
  ) );
#5340 = ORIENTED_EDGE('',*,*,#5341,.T.);
#5341 = EDGE_CURVE('',#5319,#5342,#5344,.T.);
#5342 = VERTEX_POINT('',#5343);
#5343 = CARTESIAN_POINT('',(137.38380567231,113.3,540.75174145217));
#5344 = SURFACE_CURVE('',#5345,(#5349,#5356),.PCURVE_S1.);
#5345 = LINE('',#5346,#5347);
#5346 = CARTESIAN_POINT('',(138.46309032845,113.3,540.13535655274));
#5347 = VECTOR('',#5348,1.);
#5348 = DIRECTION('',(-0.868364140457,0.,0.495927131308));
#5349 = PCURVE('',#166,#5350);
#5350 = DEFINITIONAL_REPRESENTATION('',(#5351),#5355);
#5351 = LINE('',#5352,#5353);
#5352 = CARTESIAN_POINT('',(-33.51999428672,28.463090328455));
#5353 = VECTOR('',#5354,1.);
#5354 = DIRECTION('',(-0.495927131308,-0.868364140457));
#5355 = ( GEOMETRIC_REPRESENTATION_CONTEXT(2) 
PARAMETRIC_REPRESENTATION_CONTEXT() REPRESENTATION_CONTEXT('2D SPACE',''
  ) );
#5356 = PCURVE('',#1805,#5357);
#5357 = DEFINITIONAL_REPRESENTATION('',(#5358),#5362);
#5358 = LINE('',#5359,#5360);
#5359 = CARTESIAN_POINT('',(0.,-118.3));
#5360 = VECTOR('',#5361,1.);
#5361 = DIRECTION('',(1.,0.));
#5362 = ( GEOMETRIC_REPRESENTATION_CONTEXT(2) 
PARAMETRIC_REPRESENTATION_CONTEXT() REPRESENTATION_CONTEXT('2D SPACE',''
  ) );
#5363 = ORIENTED_EDGE('',*,*,#5364,.T.);
#5364 = EDGE_CURVE('',#5342,#5365,#5367,.T.);
#5365 = VERTEX_POINT('',#5366);
#5366 = CARTESIAN_POINT('',(136.31472297331,113.3,541.34286429367));
#5367 = SURFACE_CURVE('',#5368,(#5372,#5379),.PCURVE_S1.);
#5368 = LINE('',#5369,#5370);
#5369 = CARTESIAN_POINT('',(137.38380567231,113.3,540.75174145217));
#5370 = VECTOR('',#5371,1.);
#5371 = DIRECTION('',(-0.875132705938,0.,0.483882988952));
#5372 = PCURVE('',#166,#5373);
#5373 = DEFINITIONAL_REPRESENTATION('',(#5374),#5378);
#5374 = LINE('',#5375,#5376);
#5375 = CARTESIAN_POINT('',(-34.13637918615,27.383805672312));
#5376 = VECTOR('',#5377,1.);
#5377 = DIRECTION('',(-0.483882988952,-0.875132705938));
#5378 = ( GEOMETRIC_REPRESENTATION_CONTEXT(2) 
PARAMETRIC_REPRESENTATION_CONTEXT() REPRESENTATION_CONTEXT('2D SPACE',''
  ) );
#5379 = PCURVE('',#1831,#5380);
#5380 = DEFINITIONAL_REPRESENTATION('',(#5381),#5385);
#5381 = LINE('',#5382,#5383);
#5382 = CARTESIAN_POINT('',(0.,-118.3));
#5383 = VECTOR('',#5384,1.);
#5384 = DIRECTION('',(1.,0.));
#5385 = ( GEOMETRIC_REPRESENTATION_CONTEXT(2) 
PARAMETRIC_REPRESENTATION_CONTEXT() REPRESENTATION_CONTEXT('2D SPACE',''
  ) );
#5386 = ORIENTED_EDGE('',*,*,#5387,.T.);
#5387 = EDGE_CURVE('',#5365,#5388,#5390,.T.);
#5388 = VERTEX_POINT('',#5389);
#5389 = CARTESIAN_POINT('',(135.2546515186,113.3,541.90985176988));
#5390 = SURFACE_CURVE('',#5391,(#5395,#5402),.PCURVE_S1.);
#5391 = LINE('',#5392,#5393);
#5392 = CARTESIAN_POINT('',(136.31472297331,113.3,541.34286429367));
#5393 = VECTOR('',#5394,1.);
#5394 = DIRECTION('',(-0.881794151276,0.,0.471634471572));
#5395 = PCURVE('',#166,#5396);
#5396 = DEFINITIONAL_REPRESENTATION('',(#5397),#5401);
#5397 = LINE('',#5398,#5399);
#5398 = CARTESIAN_POINT('',(-34.72750202766,26.314722973312));
#5399 = VECTOR('',#5400,1.);
#5400 = DIRECTION('',(-0.471634471572,-0.881794151276));
#5401 = ( GEOMETRIC_REPRESENTATION_CONTEXT(2) 
PARAMETRIC_REPRESENTATION_CONTEXT() REPRESENTATION_CONTEXT('2D SPACE',''
  ) );
#5402 = PCURVE('',#1857,#5403);
#5403 = DEFINITIONAL_REPRESENTATION('',(#5404),#5408);
#5404 = LINE('',#5405,#5406);
#5405 = CARTESIAN_POINT('',(0.,-118.3));
#5406 = VECTOR('',#5407,1.);
#5407 = DIRECTION('',(1.,0.));
#5408 = ( GEOMETRIC_REPRESENTATION_CONTEXT(2) 
PARAMETRIC_REPRESENTATION_CONTEXT() REPRESENTATION_CONTEXT('2D SPACE',''
  ) );
#5409 = ORIENTED_EDGE('',*,*,#5410,.T.);
#5410 = EDGE_CURVE('',#5388,#5411,#5413,.T.);
#5411 = VERTEX_POINT('',#5412);
#5412 = CARTESIAN_POINT('',(134.20240164466,113.3,542.45369601682));
#5413 = SURFACE_CURVE('',#5414,(#5418,#5425),.PCURVE_S1.);
#5414 = LINE('',#5415,#5416);
#5415 = CARTESIAN_POINT('',(135.2546515186,113.3,541.90985176988));
#5416 = VECTOR('',#5417,1.);
#5417 = DIRECTION('',(-0.888363302492,0.,0.459141201358));
#5418 = PCURVE('',#166,#5419);
#5419 = DEFINITIONAL_REPRESENTATION('',(#5420),#5424);
#5420 = LINE('',#5421,#5422);
#5421 = CARTESIAN_POINT('',(-35.29448950386,25.254651518606));
#5422 = VECTOR('',#5423,1.);
#5423 = DIRECTION('',(-0.459141201358,-0.888363302492));
#5424 = ( GEOMETRIC_REPRESENTATION_CONTEXT(2) 
PARAMETRIC_REPRESENTATION_CONTEXT() REPRESENTATION_CONTEXT('2D SPACE',''
  ) );
#5425 = PCURVE('',#1883,#5426);
#5426 = DEFINITIONAL_REPRESENTATION('',(#5427),#5431);
#5427 = LINE('',#5428,#5429);
#5428 = CARTESIAN_POINT('',(0.,-118.3));
#5429 = VECTOR('',#5430,1.);
#5430 = DIRECTION('',(1.,0.));
#5431 = ( GEOMETRIC_REPRESENTATION_CONTEXT(2) 
PARAMETRIC_REPRESENTATION_CONTEXT() REPRESENTATION_CONTEXT('2D SPACE',''
  ) );
#5432 = ORIENTED_EDGE('',*,*,#5433,.T.);
#5433 = EDGE_CURVE('',#5411,#5434,#5436,.T.);
#5434 = VERTEX_POINT('',#5435);
#5435 = CARTESIAN_POINT('',(133.15678381409,113.3,542.97525212445));
#5436 = SURFACE_CURVE('',#5437,(#5441,#5448),.PCURVE_S1.);
#5437 = LINE('',#5438,#5439);
#5438 = CARTESIAN_POINT('',(134.20240164466,113.3,542.45369601682));
#5439 = VECTOR('',#5440,1.);
#5440 = DIRECTION('',(-0.894855648466,0.,0.446355652377));
#5441 = PCURVE('',#166,#5442);
#5442 = DEFINITIONAL_REPRESENTATION('',(#5443),#5447);
#5443 = LINE('',#5444,#5445);
#5444 = CARTESIAN_POINT('',(-35.8383337508,24.202401644662));
#5445 = VECTOR('',#5446,1.);
#5446 = DIRECTION('',(-0.446355652377,-0.894855648466));
#5447 = ( GEOMETRIC_REPRESENTATION_CONTEXT(2) 
PARAMETRIC_REPRESENTATION_CONTEXT() REPRESENTATION_CONTEXT('2D SPACE',''
  ) );
#5448 = PCURVE('',#1909,#5449);
#5449 = DEFINITIONAL_REPRESENTATION('',(#5450),#5454);
#5450 = LINE('',#5451,#5452);
#5451 = CARTESIAN_POINT('',(0.,-118.3));
#5452 = VECTOR('',#5453,1.);
#5453 = DIRECTION('',(1.,0.));
#5454 = ( GEOMETRIC_REPRESENTATION_CONTEXT(2) 
PARAMETRIC_REPRESENTATION_CONTEXT() REPRESENTATION_CONTEXT('2D SPACE',''
  ) );
#5455 = ORIENTED_EDGE('',*,*,#5456,.T.);
#5456 = EDGE_CURVE('',#5434,#5457,#5459,.T.);
#5457 = VERTEX_POINT('',#5458);
#5458 = CARTESIAN_POINT('',(132.11661085856,113.3,543.47523572677));
#5459 = SURFACE_CURVE('',#5460,(#5464,#5471),.PCURVE_S1.);
#5460 = LINE('',#5461,#5462);
#5461 = CARTESIAN_POINT('',(133.15678381409,113.3,542.97525212445));
#5462 = VECTOR('',#5463,1.);
#5463 = DIRECTION('',(-0.901286105921,0.,0.43322437059));
#5464 = PCURVE('',#166,#5465);
#5465 = DEFINITIONAL_REPRESENTATION('',(#5466),#5470);
#5466 = LINE('',#5467,#5468);
#5467 = CARTESIAN_POINT('',(-36.35988985843,23.156783814097));
#5468 = VECTOR('',#5469,1.);
#5469 = DIRECTION('',(-0.43322437059,-0.901286105921));
#5470 = ( GEOMETRIC_REPRESENTATION_CONTEXT(2) 
PARAMETRIC_REPRESENTATION_CONTEXT() REPRESENTATION_CONTEXT('2D SPACE',''
  ) );
#5471 = PCURVE('',#1935,#5472);
#5472 = DEFINITIONAL_REPRESENTATION('',(#5473),#5477);
#5473 = LINE('',#5474,#5475);
#5474 = CARTESIAN_POINT('',(0.,-118.3));
#5475 = VECTOR('',#5476,1.);
#5476 = DIRECTION('',(1.,0.));
#5477 = ( GEOMETRIC_REPRESENTATION_CONTEXT(2) 
PARAMETRIC_REPRESENTATION_CONTEXT() REPRESENTATION_CONTEXT('2D SPACE',''
  ) );
#5478 = ORIENTED_EDGE('',*,*,#5479,.T.);
#5479 = EDGE_CURVE('',#5457,#5480,#5482,.T.);
#5480 = VERTEX_POINT('',#5481);
#5481 = CARTESIAN_POINT('',(131.08070314481,113.3,543.95422108347));
#5482 = SURFACE_CURVE('',#5483,(#5487,#5494),.PCURVE_S1.);
#5483 = LINE('',#5484,#5485);
#5484 = CARTESIAN_POINT('',(132.11661085856,113.3,543.47523572677));
#5485 = VECTOR('',#5486,1.);
#5486 = DIRECTION('',(-0.907667751385,0.,0.419689472223));
#5487 = PCURVE('',#166,#5488);
#5488 = DEFINITIONAL_REPRESENTATION('',(#5489),#5493);
#5489 = LINE('',#5490,#5491);
#5490 = CARTESIAN_POINT('',(-36.85987346076,22.116610858562));
#5491 = VECTOR('',#5492,1.);
#5492 = DIRECTION('',(-0.419689472223,-0.907667751385));
#5493 = ( GEOMETRIC_REPRESENTATION_CONTEXT(2) 
PARAMETRIC_REPRESENTATION_CONTEXT() REPRESENTATION_CONTEXT('2D SPACE',''
  ) );
#5494 = PCURVE('',#1961,#5495);
#5495 = DEFINITIONAL_REPRESENTATION('',(#5496),#5500);
#5496 = LINE('',#5497,#5498);
#5497 = CARTESIAN_POINT('',(0.,-118.3));
#5498 = VECTOR('',#5499,1.);
#5499 = DIRECTION('',(1.,0.));
#5500 = ( GEOMETRIC_REPRESENTATION_CONTEXT(2) 
PARAMETRIC_REPRESENTATION_CONTEXT() REPRESENTATION_CONTEXT('2D SPACE',''
  ) );
#5501 = ORIENTED_EDGE('',*,*,#5502,.T.);
#5502 = EDGE_CURVE('',#5480,#5503,#5505,.T.);
#5503 = VERTEX_POINT('',#5504);
#5504 = CARTESIAN_POINT('',(130.04789639772,113.3,544.41264005673));
#5505 = SURFACE_CURVE('',#5506,(#5510,#5517),.PCURVE_S1.);
#5506 = LINE('',#5507,#5508);
#5507 = CARTESIAN_POINT('',(131.08070314481,113.3,543.95422108347));
#5508 = VECTOR('',#5509,1.);
#5509 = DIRECTION('',(-0.914010557927,0.,0.405690399194));
#5510 = PCURVE('',#166,#5511);
#5511 = DEFINITIONAL_REPRESENTATION('',(#5512),#5516);
#5512 = LINE('',#5513,#5514);
#5513 = CARTESIAN_POINT('',(-37.33885881745,21.080703144813));
#5514 = VECTOR('',#5515,1.);
#5515 = DIRECTION('',(-0.405690399194,-0.914010557927));
#5516 = ( GEOMETRIC_REPRESENTATION_CONTEXT(2) 
PARAMETRIC_REPRESENTATION_CONTEXT() REPRESENTATION_CONTEXT('2D SPACE',''
  ) );
#5517 = PCURVE('',#1987,#5518);
#5518 = DEFINITIONAL_REPRESENTATION('',(#5519),#5523);
#5519 = LINE('',#5520,#5521);
#5520 = CARTESIAN_POINT('',(0.,-118.3));
#5521 = VECTOR('',#5522,1.);
#5522 = DIRECTION('',(1.,0.));
#5523 = ( GEOMETRIC_REPRESENTATION_CONTEXT(2) 
PARAMETRIC_REPRESENTATION_CONTEXT() REPRESENTATION_CONTEXT('2D SPACE',''
  ) );
#5524 = ORIENTED_EDGE('',*,*,#5525,.T.);
#5525 = EDGE_CURVE('',#5503,#5526,#5528,.T.);
#5526 = VERTEX_POINT('',#5527);
#5527 = CARTESIAN_POINT('',(129.01705187272,113.3,544.8507823715));
#5528 = SURFACE_CURVE('',#5529,(#5533,#5540),.PCURVE_S1.);
#5529 = LINE('',#5530,#5531);
#5530 = CARTESIAN_POINT('',(130.04789639772,113.3,544.41264005673));
#5531 = VECTOR('',#5532,1.);
#5532 = DIRECTION('',(-0.920320186609,0.,0.391165890794));
#5533 = PCURVE('',#166,#5534);
#5534 = DEFINITIONAL_REPRESENTATION('',(#5535),#5539);
#5535 = LINE('',#5536,#5537);
#5536 = CARTESIAN_POINT('',(-37.79727779071,20.047896397726));
#5537 = VECTOR('',#5538,1.);
#5538 = DIRECTION('',(-0.391165890794,-0.920320186609));
#5539 = ( GEOMETRIC_REPRESENTATION_CONTEXT(2) 
PARAMETRIC_REPRESENTATION_CONTEXT() REPRESENTATION_CONTEXT('2D SPACE',''
  ) );
#5540 = PCURVE('',#2013,#5541);
#5541 = DEFINITIONAL_REPRESENTATION('',(#5542),#5546);
#5542 = LINE('',#5543,#5544);
#5543 = CARTESIAN_POINT('',(0.,-118.3));
#5544 = VECTOR('',#5545,1.);
#5545 = DIRECTION('',(1.,0.));
#5546 = ( GEOMETRIC_REPRESENTATION_CONTEXT(2) 
PARAMETRIC_REPRESENTATION_CONTEXT() REPRESENTATION_CONTEXT('2D SPACE',''
  ) );
#5547 = ORIENTED_EDGE('',*,*,#5548,.T.);
#5548 = EDGE_CURVE('',#5526,#5549,#5551,.T.);
#5549 = VERTEX_POINT('',#5550);
#5550 = CARTESIAN_POINT('',(127.98706851686,113.3,545.26879751604));
#5551 = SURFACE_CURVE('',#5552,(#5556,#5563),.PCURVE_S1.);
#5552 = LINE('',#5553,#5554);
#5553 = CARTESIAN_POINT('',(129.01705187272,113.3,544.8507823715));
#5554 = VECTOR('',#5555,1.);
#5555 = DIRECTION('',(-0.926596893012,0.,0.37605610999));
#5556 = PCURVE('',#166,#5557);
#5557 = DEFINITIONAL_REPRESENTATION('',(#5558),#5562);
#5558 = LINE('',#5559,#5560);
#5559 = CARTESIAN_POINT('',(-38.23542010548,19.01705187272));
#5560 = VECTOR('',#5561,1.);
#5561 = DIRECTION('',(-0.37605610999,-0.926596893012));
#5562 = ( GEOMETRIC_REPRESENTATION_CONTEXT(2) 
PARAMETRIC_REPRESENTATION_CONTEXT() REPRESENTATION_CONTEXT('2D SPACE',''
  ) );
#5563 = PCURVE('',#2039,#5564);
#5564 = DEFINITIONAL_REPRESENTATION('',(#5565),#5569);
#5565 = LINE('',#5566,#5567);
#5566 = CARTESIAN_POINT('',(0.,-118.3));
#5567 = VECTOR('',#5568,1.);
#5568 = DIRECTION('',(1.,0.));
#5569 = ( GEOMETRIC_REPRESENTATION_CONTEXT(2) 
PARAMETRIC_REPRESENTATION_CONTEXT() REPRESENTATION_CONTEXT('2D SPACE',''
  ) );
#5570 = ORIENTED_EDGE('',*,*,#5571,.T.);
#5571 = EDGE_CURVE('',#5549,#5572,#5574,.T.);
#5572 = VERTEX_POINT('',#5573);
#5573 = CARTESIAN_POINT('',(126.95689670013,113.3,545.66669859003));
#5574 = SURFACE_CURVE('',#5575,(#5579,#5586),.PCURVE_S1.);
#5575 = LINE('',#5576,#5577);
#5576 = CARTESIAN_POINT('',(127.98706851686,113.3,545.26879751604));
#5577 = VECTOR('',#5578,1.);
#5578 = DIRECTION('',(-0.932834615388,0.,0.360304843617));
#5579 = PCURVE('',#166,#5580);
#5580 = DEFINITIONAL_REPRESENTATION('',(#5581),#5585);
#5581 = LINE('',#5582,#5583);
#5582 = CARTESIAN_POINT('',(-38.65343525002,17.987068516868));
#5583 = VECTOR('',#5584,1.);
#5584 = DIRECTION('',(-0.360304843617,-0.932834615388));
#5585 = ( GEOMETRIC_REPRESENTATION_CONTEXT(2) 
PARAMETRIC_REPRESENTATION_CONTEXT() REPRESENTATION_CONTEXT('2D SPACE',''
  ) );
#5586 = PCURVE('',#2065,#5587);
#5587 = DEFINITIONAL_REPRESENTATION('',(#5588),#5592);
#5588 = LINE('',#5589,#5590);
#5589 = CARTESIAN_POINT('',(0.,-118.3));
#5590 = VECTOR('',#5591,1.);
#5591 = DIRECTION('',(1.,0.));
#5592 = ( GEOMETRIC_REPRESENTATION_CONTEXT(2) 
PARAMETRIC_REPRESENTATION_CONTEXT() REPRESENTATION_CONTEXT('2D SPACE',''
  ) );
#5593 = ORIENTED_EDGE('',*,*,#5594,.T.);
#5594 = EDGE_CURVE('',#5572,#5595,#5597,.T.);
#5595 = VERTEX_POINT('',#5596);
#5596 = CARTESIAN_POINT('',(125.9255530436,113.3,546.04436833756));
#5597 = SURFACE_CURVE('',#5598,(#5602,#5609),.PCURVE_S1.);
#5598 = LINE('',#5599,#5600);
#5599 = CARTESIAN_POINT('',(126.95689670013,113.3,545.66669859003));
#5600 = VECTOR('',#5601,1.);
#5601 = DIRECTION('',(-0.939020310827,0.,0.343861681282));
#5602 = PCURVE('',#166,#5603);
#5603 = DEFINITIONAL_REPRESENTATION('',(#5604),#5608);
#5604 = LINE('',#5605,#5606);
#5605 = CARTESIAN_POINT('',(-39.05133632401,16.956896700139));
#5606 = VECTOR('',#5607,1.);
#5607 = DIRECTION('',(-0.343861681282,-0.939020310827));
#5608 = ( GEOMETRIC_REPRESENTATION_CONTEXT(2) 
PARAMETRIC_REPRESENTATION_CONTEXT() REPRESENTATION_CONTEXT('2D SPACE',''
  ) );
#5609 = PCURVE('',#2091,#5610);
#5610 = DEFINITIONAL_REPRESENTATION('',(#5611),#5615);
#5611 = LINE('',#5612,#5613);
#5612 = CARTESIAN_POINT('',(0.,-118.3));
#5613 = VECTOR('',#5614,1.);
#5614 = DIRECTION('',(1.,0.));
#5615 = ( GEOMETRIC_REPRESENTATION_CONTEXT(2) 
PARAMETRIC_REPRESENTATION_CONTEXT() REPRESENTATION_CONTEXT('2D SPACE',''
  ) );
#5616 = ORIENTED_EDGE('',*,*,#5617,.T.);
#5617 = EDGE_CURVE('',#5595,#5618,#5620,.T.);
#5618 = VERTEX_POINT('',#5619);
#5619 = CARTESIAN_POINT('',(124.892135826,113.3,546.40156751457));
#5620 = SURFACE_CURVE('',#5621,(#5625,#5632),.PCURVE_S1.);
#5621 = LINE('',#5622,#5623);
#5622 = CARTESIAN_POINT('',(125.9255530436,113.3,546.04436833756));
#5623 = VECTOR('',#5624,1.);
#5624 = DIRECTION('',(-0.945133597948,0.,0.32668407067));
#5625 = PCURVE('',#166,#5626);
#5626 = DEFINITIONAL_REPRESENTATION('',(#5627),#5631);
#5627 = LINE('',#5628,#5629);
#5628 = CARTESIAN_POINT('',(-39.42900607154,15.925553043604));
#5629 = VECTOR('',#5630,1.);
#5630 = DIRECTION('',(-0.32668407067,-0.945133597948));
#5631 = ( GEOMETRIC_REPRESENTATION_CONTEXT(2) 
PARAMETRIC_REPRESENTATION_CONTEXT() REPRESENTATION_CONTEXT('2D SPACE',''
  ) );
#5632 = PCURVE('',#2117,#5633);
#5633 = DEFINITIONAL_REPRESENTATION('',(#5634),#5638);
#5634 = LINE('',#5635,#5636);
#5635 = CARTESIAN_POINT('',(0.,-118.3));
#5636 = VECTOR('',#5637,1.);
#5637 = DIRECTION('',(1.,0.));
#5638 = ( GEOMETRIC_REPRESENTATION_CONTEXT(2) 
PARAMETRIC_REPRESENTATION_CONTEXT() REPRESENTATION_CONTEXT('2D SPACE',''
  ) );
#5639 = ORIENTED_EDGE('',*,*,#5640,.T.);
#5640 = EDGE_CURVE('',#5618,#5641,#5643,.T.);
#5641 = VERTEX_POINT('',#5642);
#5642 = CARTESIAN_POINT('',(123.85584041756,113.3,546.7379456419));
#5643 = SURFACE_CURVE('',#5644,(#5648,#5655),.PCURVE_S1.);
#5644 = LINE('',#5645,#5646);
#5645 = CARTESIAN_POINT('',(124.892135826,113.3,546.40156751457));
#5646 = VECTOR('',#5647,1.);
#5647 = DIRECTION('',(-0.951146748953,0.,0.308739148725));
#5648 = PCURVE('',#166,#5649);
#5649 = DEFINITIONAL_REPRESENTATION('',(#5650),#5654);
#5650 = LINE('',#5651,#5652);
#5651 = CARTESIAN_POINT('',(-39.78620524855,14.892135826006));
#5652 = VECTOR('',#5653,1.);
#5653 = DIRECTION('',(-0.308739148725,-0.951146748953));
#5654 = ( GEOMETRIC_REPRESENTATION_CONTEXT(2) 
PARAMETRIC_REPRESENTATION_CONTEXT() REPRESENTATION_CONTEXT('2D SPACE',''
  ) );
#5655 = PCURVE('',#2143,#5656);
#5656 = DEFINITIONAL_REPRESENTATION('',(#5657),#5661);
#5657 = LINE('',#5658,#5659);
#5658 = CARTESIAN_POINT('',(0.,-118.3));
#5659 = VECTOR('',#5660,1.);
#5660 = DIRECTION('',(1.,0.));
#5661 = ( GEOMETRIC_REPRESENTATION_CONTEXT(2) 
PARAMETRIC_REPRESENTATION_CONTEXT() REPRESENTATION_CONTEXT('2D SPACE',''
  ) );
#5662 = ORIENTED_EDGE('',*,*,#5663,.T.);
#5663 = EDGE_CURVE('',#5641,#5664,#5666,.T.);
#5664 = VERTEX_POINT('',#5665);
#5665 = CARTESIAN_POINT('',(122.81597417056,113.3,547.05305409184));
#5666 = SURFACE_CURVE('',#5667,(#5671,#5678),.PCURVE_S1.);
#5667 = LINE('',#5668,#5669);
#5668 = CARTESIAN_POINT('',(123.85584041756,113.3,546.7379456419));
#5669 = VECTOR('',#5670,1.);
#5670 = DIRECTION('',(-0.9570250517,0.,0.290005259294));
#5671 = PCURVE('',#166,#5672);
#5672 = DEFINITIONAL_REPRESENTATION('',(#5673),#5677);
#5673 = LINE('',#5674,#5675);
#5674 = CARTESIAN_POINT('',(-40.12258337588,13.855840417565));
#5675 = VECTOR('',#5676,1.);
#5676 = DIRECTION('',(-0.290005259294,-0.9570250517));
#5677 = ( GEOMETRIC_REPRESENTATION_CONTEXT(2) 
PARAMETRIC_REPRESENTATION_CONTEXT() REPRESENTATION_CONTEXT('2D SPACE',''
  ) );
#5678 = PCURVE('',#2169,#5679);
#5679 = DEFINITIONAL_REPRESENTATION('',(#5680),#5684);
#5680 = LINE('',#5681,#5682);
#5681 = CARTESIAN_POINT('',(0.,-118.3));
#5682 = VECTOR('',#5683,1.);
#5683 = DIRECTION('',(1.,0.));
#5684 = ( GEOMETRIC_REPRESENTATION_CONTEXT(2) 
PARAMETRIC_REPRESENTATION_CONTEXT() REPRESENTATION_CONTEXT('2D SPACE',''
  ) );
#5685 = ORIENTED_EDGE('',*,*,#5686,.T.);
#5686 = EDGE_CURVE('',#5664,#5687,#5689,.T.);
#5687 = VERTEX_POINT('',#5688);
#5688 = CARTESIAN_POINT('',(121.77197018783,113.3,547.3463613567));
#5689 = SURFACE_CURVE('',#5690,(#5694,#5701),.PCURVE_S1.);
#5690 = LINE('',#5691,#5692);
#5691 = CARTESIAN_POINT('',(122.81597417056,113.3,547.05305409184));
#5692 = VECTOR('',#5693,1.);
#5693 = DIRECTION('',(-0.96272753622,0.,0.270473087391));
#5694 = PCURVE('',#166,#5695);
#5695 = DEFINITIONAL_REPRESENTATION('',(#5696),#5700);
#5696 = LINE('',#5697,#5698);
#5697 = CARTESIAN_POINT('',(-40.43769182582,12.81597417056));
#5698 = VECTOR('',#5699,1.);
#5699 = DIRECTION('',(-0.270473087391,-0.96272753622));
#5700 = ( GEOMETRIC_REPRESENTATION_CONTEXT(2) 
PARAMETRIC_REPRESENTATION_CONTEXT() REPRESENTATION_CONTEXT('2D SPACE',''
  ) );
#5701 = PCURVE('',#2195,#5702);
#5702 = DEFINITIONAL_REPRESENTATION('',(#5703),#5707);
#5703 = LINE('',#5704,#5705);
#5704 = CARTESIAN_POINT('',(0.,-118.3));
#5705 = VECTOR('',#5706,1.);
#5706 = DIRECTION('',(1.,0.));
#5707 = ( GEOMETRIC_REPRESENTATION_CONTEXT(2) 
PARAMETRIC_REPRESENTATION_CONTEXT() REPRESENTATION_CONTEXT('2D SPACE',''
  ) );
#5708 = ORIENTED_EDGE('',*,*,#5709,.T.);
#5709 = EDGE_CURVE('',#5687,#5710,#5712,.T.);
#5710 = VERTEX_POINT('',#5711);
#5711 = CARTESIAN_POINT('',(120.7233993892,113.3,547.61727025836));
#5712 = SURFACE_CURVE('',#5713,(#5717,#5724),.PCURVE_S1.);
#5713 = LINE('',#5714,#5715);
#5714 = CARTESIAN_POINT('',(121.77197018783,113.3,547.3463613567));
#5715 = VECTOR('',#5716,1.);
#5716 = DIRECTION('',(-0.968208033192,0.,0.250146366078));
#5717 = PCURVE('',#166,#5718);
#5718 = DEFINITIONAL_REPRESENTATION('',(#5719),#5723);
#5719 = LINE('',#5720,#5721);
#5720 = CARTESIAN_POINT('',(-40.73099909068,11.771970187831));
#5721 = VECTOR('',#5722,1.);
#5722 = DIRECTION('',(-0.250146366078,-0.968208033192));
#5723 = ( GEOMETRIC_REPRESENTATION_CONTEXT(2) 
PARAMETRIC_REPRESENTATION_CONTEXT() REPRESENTATION_CONTEXT('2D SPACE',''
  ) );
#5724 = PCURVE('',#2221,#5725);
#5725 = DEFINITIONAL_REPRESENTATION('',(#5726),#5730);
#5726 = LINE('',#5727,#5728);
#5727 = CARTESIAN_POINT('',(0.,-118.3));
#5728 = VECTOR('',#5729,1.);
#5729 = DIRECTION('',(1.,0.));
#5730 = ( GEOMETRIC_REPRESENTATION_CONTEXT(2) 
PARAMETRIC_REPRESENTATION_CONTEXT() REPRESENTATION_CONTEXT('2D SPACE',''
  ) );
#5731 = ORIENTED_EDGE('',*,*,#5732,.T.);
#5732 = EDGE_CURVE('',#5710,#5733,#5735,.T.);
#5733 = VERTEX_POINT('',#5734);
#5734 = CARTESIAN_POINT('',(119.66998029905,113.3,547.86513678008));
#5735 = SURFACE_CURVE('',#5736,(#5740,#5747),.PCURVE_S1.);
#5736 = LINE('',#5737,#5738);
#5737 = CARTESIAN_POINT('',(120.7233993892,113.3,547.61727025836));
#5738 = VECTOR('',#5739,1.);
#5739 = DIRECTION('',(-0.973416507753,0.,0.229042141175));
#5740 = PCURVE('',#166,#5741);
#5741 = DEFINITIONAL_REPRESENTATION('',(#5742),#5746);
#5742 = LINE('',#5743,#5744);
#5743 = CARTESIAN_POINT('',(-41.00190799234,10.723399389205));
#5744 = VECTOR('',#5745,1.);
#5745 = DIRECTION('',(-0.229042141175,-0.973416507753));
#5746 = ( GEOMETRIC_REPRESENTATION_CONTEXT(2) 
PARAMETRIC_REPRESENTATION_CONTEXT() REPRESENTATION_CONTEXT('2D SPACE',''
  ) );
#5747 = PCURVE('',#2247,#5748);
#5748 = DEFINITIONAL_REPRESENTATION('',(#5749),#5753);
#5749 = LINE('',#5750,#5751);
#5750 = CARTESIAN_POINT('',(0.,-118.3));
#5751 = VECTOR('',#5752,1.);
#5752 = DIRECTION('',(1.,0.));
#5753 = ( GEOMETRIC_REPRESENTATION_CONTEXT(2) 
PARAMETRIC_REPRESENTATION_CONTEXT() REPRESENTATION_CONTEXT('2D SPACE',''
  ) );
#5754 = ORIENTED_EDGE('',*,*,#5755,.T.);
#5755 = EDGE_CURVE('',#5733,#5756,#5758,.T.);
#5756 = VERTEX_POINT('',#5757);
#5757 = CARTESIAN_POINT('',(118.61158598589,113.3,548.08929013623));
#5758 = SURFACE_CURVE('',#5759,(#5763,#5770),.PCURVE_S1.);
#5759 = LINE('',#5760,#5761);
#5760 = CARTESIAN_POINT('',(119.66998029905,113.3,547.86513678008));
#5761 = VECTOR('',#5762,1.);
#5762 = DIRECTION('',(-0.978300593829,0.,0.207190608168));
#5763 = PCURVE('',#166,#5764);
#5764 = DEFINITIONAL_REPRESENTATION('',(#5765),#5769);
#5765 = LINE('',#5766,#5767);
#5766 = CARTESIAN_POINT('',(-41.24977451406,9.669980299052));
#5767 = VECTOR('',#5768,1.);
#5768 = DIRECTION('',(-0.207190608168,-0.978300593829));
#5769 = ( GEOMETRIC_REPRESENTATION_CONTEXT(2) 
PARAMETRIC_REPRESENTATION_CONTEXT() REPRESENTATION_CONTEXT('2D SPACE',''
  ) );
#5770 = PCURVE('',#2273,#5771);
#5771 = DEFINITIONAL_REPRESENTATION('',(#5772),#5776);
#5772 = LINE('',#5773,#5774);
#5773 = CARTESIAN_POINT('',(0.,-118.3));
#5774 = VECTOR('',#5775,1.);
#5775 = DIRECTION('',(1.,0.));
#5776 = ( GEOMETRIC_REPRESENTATION_CONTEXT(2) 
PARAMETRIC_REPRESENTATION_CONTEXT() REPRESENTATION_CONTEXT('2D SPACE',''
  ) );
#5777 = ORIENTED_EDGE('',*,*,#5778,.T.);
#5778 = EDGE_CURVE('',#5756,#5779,#5781,.T.);
#5779 = VERTEX_POINT('',#5780);
#5780 = CARTESIAN_POINT('',(117.5482476021,113.3,548.28905363772));
#5781 = SURFACE_CURVE('',#5782,(#5786,#5793),.PCURVE_S1.);
#5782 = LINE('',#5783,#5784);
#5783 = CARTESIAN_POINT('',(118.61158598589,113.3,548.08929013623));
#5784 = VECTOR('',#5785,1.);
#5785 = DIRECTION('',(-0.982807243899,0.,0.184634561608));
#5786 = PCURVE('',#166,#5787);
#5787 = DEFINITIONAL_REPRESENTATION('',(#5788),#5792);
#5788 = LINE('',#5789,#5790);
#5789 = CARTESIAN_POINT('',(-41.47392787021,8.611585985893));
#5790 = VECTOR('',#5791,1.);
#5791 = DIRECTION('',(-0.184634561608,-0.982807243899));
#5792 = ( GEOMETRIC_REPRESENTATION_CONTEXT(2) 
PARAMETRIC_REPRESENTATION_CONTEXT() REPRESENTATION_CONTEXT('2D SPACE',''
  ) );
#5793 = PCURVE('',#2299,#5794);
#5794 = DEFINITIONAL_REPRESENTATION('',(#5795),#5799);
#5795 = LINE('',#5796,#5797);
#5796 = CARTESIAN_POINT('',(0.,-118.3));
#5797 = VECTOR('',#5798,1.);
#5798 = DIRECTION('',(1.,0.));
#5799 = ( GEOMETRIC_REPRESENTATION_CONTEXT(2) 
PARAMETRIC_REPRESENTATION_CONTEXT() REPRESENTATION_CONTEXT('2D SPACE',''
  ) );
#5800 = ORIENTED_EDGE('',*,*,#5801,.T.);
#5801 = EDGE_CURVE('',#5779,#5802,#5804,.T.);
#5802 = VERTEX_POINT('',#5803);
#5803 = CARTESIAN_POINT('',(116.48015400891,113.3,548.46376585705));
#5804 = SURFACE_CURVE('',#5805,(#5809,#5816),.PCURVE_S1.);
#5805 = LINE('',#5806,#5807);
#5806 = CARTESIAN_POINT('',(117.5482476021,113.3,548.28905363772));
#5807 = VECTOR('',#5808,1.);
#5808 = DIRECTION('',(-0.986884407521,0.,0.16142851728));
#5809 = PCURVE('',#166,#5810);
#5810 = DEFINITIONAL_REPRESENTATION('',(#5811),#5815);
#5811 = LINE('',#5812,#5813);
#5812 = CARTESIAN_POINT('',(-41.6736913717,7.548247602102));
#5813 = VECTOR('',#5814,1.);
#5814 = DIRECTION('',(-0.16142851728,-0.986884407521));
#5815 = ( GEOMETRIC_REPRESENTATION_CONTEXT(2) 
PARAMETRIC_REPRESENTATION_CONTEXT() REPRESENTATION_CONTEXT('2D SPACE',''
  ) );
#5816 = PCURVE('',#2325,#5817);
#5817 = DEFINITIONAL_REPRESENTATION('',(#5818),#5822);
#5818 = LINE('',#5819,#5820);
#5819 = CARTESIAN_POINT('',(0.,-118.3));
#5820 = VECTOR('',#5821,1.);
#5821 = DIRECTION('',(1.,0.));
#5822 = ( GEOMETRIC_REPRESENTATION_CONTEXT(2) 
PARAMETRIC_REPRESENTATION_CONTEXT() REPRESENTATION_CONTEXT('2D SPACE',''
  ) );
#5823 = ORIENTED_EDGE('',*,*,#5824,.T.);
#5824 = EDGE_CURVE('',#5802,#5825,#5827,.T.);
#5825 = VERTEX_POINT('',#5826);
#5826 = CARTESIAN_POINT('',(115.40764704355,113.3,548.61280154338));
#5827 = SURFACE_CURVE('',#5828,(#5832,#5839),.PCURVE_S1.);
#5828 = LINE('',#5829,#5830);
#5829 = CARTESIAN_POINT('',(116.48015400891,113.3,548.46376585705));
#5830 = VECTOR('',#5831,1.);
#5831 = DIRECTION('',(-0.990482658448,0.,0.137637579584));
#5832 = PCURVE('',#166,#5833);
#5833 = DEFINITIONAL_REPRESENTATION('',(#5834),#5838);
#5834 = LINE('',#5835,#5836);
#5835 = CARTESIAN_POINT('',(-41.84840359103,6.480154008914));
#5836 = VECTOR('',#5837,1.);
#5837 = DIRECTION('',(-0.137637579584,-0.990482658448));
#5838 = ( GEOMETRIC_REPRESENTATION_CONTEXT(2) 
PARAMETRIC_REPRESENTATION_CONTEXT() REPRESENTATION_CONTEXT('2D SPACE',''
  ) );
#5839 = PCURVE('',#2351,#5840);
#5840 = DEFINITIONAL_REPRESENTATION('',(#5841),#5845);
#5841 = LINE('',#5842,#5843);
#5842 = CARTESIAN_POINT('',(0.,-118.3));
#5843 = VECTOR('',#5844,1.);
#5844 = DIRECTION('',(1.,0.));
#5845 = ( GEOMETRIC_REPRESENTATION_CONTEXT(2) 
PARAMETRIC_REPRESENTATION_CONTEXT() REPRESENTATION_CONTEXT('2D SPACE',''
  ) );
#5846 = ORIENTED_EDGE('',*,*,#5847,.T.);
#5847 = EDGE_CURVE('',#5825,#5848,#5850,.T.);
#5848 = VERTEX_POINT('',#5849);
#5849 = CARTESIAN_POINT('',(114.33121210692,113.3,548.73559168704));
#5850 = SURFACE_CURVE('',#5851,(#5855,#5862),.PCURVE_S1.);
#5851 = LINE('',#5852,#5853);
#5852 = CARTESIAN_POINT('',(115.40764704355,113.3,548.61280154338));
#5853 = VECTOR('',#5854,1.);
#5854 = DIRECTION('',(-0.993556702742,0.,0.113336130319));
#5855 = PCURVE('',#166,#5856);
#5856 = DEFINITIONAL_REPRESENTATION('',(#5857),#5861);
#5857 = LINE('',#5858,#5859);
#5858 = CARTESIAN_POINT('',(-41.99743927736,5.407647043559));
#5859 = VECTOR('',#5860,1.);
#5860 = DIRECTION('',(-0.113336130319,-0.993556702742));
#5861 = ( GEOMETRIC_REPRESENTATION_CONTEXT(2) 
PARAMETRIC_REPRESENTATION_CONTEXT() REPRESENTATION_CONTEXT('2D SPACE',''
  ) );
#5862 = PCURVE('',#2377,#5863);
#5863 = DEFINITIONAL_REPRESENTATION('',(#5864),#5868);
#5864 = LINE('',#5865,#5866);
#5865 = CARTESIAN_POINT('',(0.,-118.3));
#5866 = VECTOR('',#5867,1.);
#5867 = DIRECTION('',(1.,0.));
#5868 = ( GEOMETRIC_REPRESENTATION_CONTEXT(2) 
PARAMETRIC_REPRESENTATION_CONTEXT() REPRESENTATION_CONTEXT('2D SPACE',''
  ) );
#5869 = ORIENTED_EDGE('',*,*,#5870,.T.);
#5870 = EDGE_CURVE('',#5848,#5871,#5873,.T.);
#5871 = VERTEX_POINT('',#5872);
#5872 = CARTESIAN_POINT('',(113.25146393264,113.3,548.83164209048));
#5873 = SURFACE_CURVE('',#5874,(#5878,#5885),.PCURVE_S1.);
#5874 = LINE('',#5875,#5876);
#5875 = CARTESIAN_POINT('',(114.33121210692,113.3,548.73559168704));
#5876 = VECTOR('',#5877,1.);
#5877 = DIRECTION('',(-0.996066716648,0.,8.860641052578E-02));
#5878 = PCURVE('',#166,#5879);
#5879 = DEFINITIONAL_REPRESENTATION('',(#5880),#5884);
#5880 = LINE('',#5881,#5882);
#5881 = CARTESIAN_POINT('',(-42.12022942102,4.331212106925));
#5882 = VECTOR('',#5883,1.);
#5883 = DIRECTION('',(-8.860641052578E-02,-0.996066716648));
#5884 = ( GEOMETRIC_REPRESENTATION_CONTEXT(2) 
PARAMETRIC_REPRESENTATION_CONTEXT() REPRESENTATION_CONTEXT('2D SPACE',''
  ) );
#5885 = PCURVE('',#2403,#5886);
#5886 = DEFINITIONAL_REPRESENTATION('',(#5887),#5891);
#5887 = LINE('',#5888,#5889);
#5888 = CARTESIAN_POINT('',(0.,-118.3));
#5889 = VECTOR('',#5890,1.);
#5890 = DIRECTION('',(1.,0.));
#5891 = ( GEOMETRIC_REPRESENTATION_CONTEXT(2) 
PARAMETRIC_REPRESENTATION_CONTEXT() REPRESENTATION_CONTEXT('2D SPACE',''
  ) );
#5892 = ORIENTED_EDGE('',*,*,#5893,.T.);
#5893 = EDGE_CURVE('',#5871,#5894,#5896,.T.);
#5894 = VERTEX_POINT('',#5895);
#5895 = CARTESIAN_POINT('',(112.16912764307,113.3,548.90054978102));
#5896 = SURFACE_CURVE('',#5897,(#5901,#5908),.PCURVE_S1.);
#5897 = LINE('',#5898,#5899);
#5898 = CARTESIAN_POINT('',(113.25146393264,113.3,548.83164209048));
#5899 = VECTOR('',#5900,1.);
#5900 = DIRECTION('',(-0.997979480023,0.,6.353705575444E-02));
#5901 = PCURVE('',#166,#5902);
#5902 = DEFINITIONAL_REPRESENTATION('',(#5903),#5907);
#5903 = LINE('',#5904,#5905);
#5904 = CARTESIAN_POINT('',(-42.21627982446,3.251463932646));
#5905 = VECTOR('',#5906,1.);
#5906 = DIRECTION('',(-6.353705575444E-02,-0.997979480023));
#5907 = ( GEOMETRIC_REPRESENTATION_CONTEXT(2) 
PARAMETRIC_REPRESENTATION_CONTEXT() REPRESENTATION_CONTEXT('2D SPACE',''
  ) );
#5908 = PCURVE('',#2429,#5909);
#5909 = DEFINITIONAL_REPRESENTATION('',(#5910),#5914);
#5910 = LINE('',#5911,#5912);
#5911 = CARTESIAN_POINT('',(0.,-118.3));
#5912 = VECTOR('',#5913,1.);
#5913 = DIRECTION('',(1.,0.));
#5914 = ( GEOMETRIC_REPRESENTATION_CONTEXT(2) 
PARAMETRIC_REPRESENTATION_CONTEXT() REPRESENTATION_CONTEXT('2D SPACE',''
  ) );
#5915 = ORIENTED_EDGE('',*,*,#5916,.T.);
#5916 = EDGE_CURVE('',#5894,#5917,#5919,.T.);
#5917 = VERTEX_POINT('',#5918);
#5918 = CARTESIAN_POINT('',(111.08501549103,113.3,548.94201661392));
#5919 = SURFACE_CURVE('',#5920,(#5924,#5931),.PCURVE_S1.);
#5920 = LINE('',#5921,#5922);
#5921 = CARTESIAN_POINT('',(112.16912764307,113.3,548.90054978102));
#5922 = VECTOR('',#5923,1.);
#5923 = DIRECTION('',(-0.999269286565,0.,3.822162905181E-02));
#5924 = PCURVE('',#166,#5925);
#5925 = DEFINITIONAL_REPRESENTATION('',(#5926),#5930);
#5926 = LINE('',#5927,#5928);
#5927 = CARTESIAN_POINT('',(-42.285187515,2.169127643077));
#5928 = VECTOR('',#5929,1.);
#5929 = DIRECTION('',(-3.822162905181E-02,-0.999269286565));
#5930 = ( GEOMETRIC_REPRESENTATION_CONTEXT(2) 
PARAMETRIC_REPRESENTATION_CONTEXT() REPRESENTATION_CONTEXT('2D SPACE',''
  ) );
#5931 = PCURVE('',#2455,#5932);
#5932 = DEFINITIONAL_REPRESENTATION('',(#5933),#5937);
#5933 = LINE('',#5934,#5935);
#5934 = CARTESIAN_POINT('',(0.,-118.3));
#5935 = VECTOR('',#5936,1.);
#5936 = DIRECTION('',(1.,0.));
#5937 = ( GEOMETRIC_REPRESENTATION_CONTEXT(2) 
PARAMETRIC_REPRESENTATION_CONTEXT() REPRESENTATION_CONTEXT('2D SPACE',''
  ) );
#5938 = ORIENTED_EDGE('',*,*,#5939,.T.);
#5939 = EDGE_CURVE('',#5917,#5940,#5942,.T.);
#5940 = VERTEX_POINT('',#5941);
#5941 = CARTESIAN_POINT('',(110.,113.3,548.95585947586));
#5942 = SURFACE_CURVE('',#5943,(#5947,#5954),.PCURVE_S1.);
#5943 = LINE('',#5944,#5945);
#5944 = CARTESIAN_POINT('',(111.08501549103,113.3,548.94201661392));
#5945 = VECTOR('',#5946,1.);
#5946 = DIRECTION('',(-0.999918623897,0.,1.275717773205E-02));
#5947 = PCURVE('',#166,#5948);
#5948 = DEFINITIONAL_REPRESENTATION('',(#5949),#5953);
#5949 = LINE('',#5950,#5951);
#5950 = CARTESIAN_POINT('',(-42.3266543479,1.085015491037));
#5951 = VECTOR('',#5952,1.);
#5952 = DIRECTION('',(-1.275717773205E-02,-0.999918623897));
#5953 = ( GEOMETRIC_REPRESENTATION_CONTEXT(2) 
PARAMETRIC_REPRESENTATION_CONTEXT() REPRESENTATION_CONTEXT('2D SPACE',''
  ) );
#5954 = PCURVE('',#2481,#5955);
#5955 = DEFINITIONAL_REPRESENTATION('',(#5956),#5960);
#5956 = LINE('',#5957,#5958);
#5957 = CARTESIAN_POINT('',(0.,-118.3));
#5958 = VECTOR('',#5959,1.);
#5959 = DIRECTION('',(1.,0.));
#5960 = ( GEOMETRIC_REPRESENTATION_CONTEXT(2) 
PARAMETRIC_REPRESENTATION_CONTEXT() REPRESENTATION_CONTEXT('2D SPACE',''
  ) );
#5961 = ORIENTED_EDGE('',*,*,#5962,.T.);
#5962 = EDGE_CURVE('',#5940,#5963,#5965,.T.);
#5963 = VERTEX_POINT('',#5964);
#5964 = CARTESIAN_POINT('',(108.91498450896,113.3,548.94201661392));
#5965 = SURFACE_CURVE('',#5966,(#5970,#5977),.PCURVE_S1.);
#5966 = LINE('',#5967,#5968);
#5967 = CARTESIAN_POINT('',(110.,113.3,548.95585947586));
#5968 = VECTOR('',#5969,1.);
#5969 = DIRECTION('',(-0.999918623897,0.,-1.275717773205E-02));
#5970 = PCURVE('',#166,#5971);
#5971 = DEFINITIONAL_REPRESENTATION('',(#5972),#5976);
#5972 = LINE('',#5973,#5974);
#5973 = CARTESIAN_POINT('',(-42.34049720984,-8.526512829121E-14));
#5974 = VECTOR('',#5975,1.);
#5975 = DIRECTION('',(1.275717773205E-02,-0.999918623897));
#5976 = ( GEOMETRIC_REPRESENTATION_CONTEXT(2) 
PARAMETRIC_REPRESENTATION_CONTEXT() REPRESENTATION_CONTEXT('2D SPACE',''
  ) );
#5977 = PCURVE('',#2507,#5978);
#5978 = DEFINITIONAL_REPRESENTATION('',(#5979),#5983);
#5979 = LINE('',#5980,#5981);
#5980 = CARTESIAN_POINT('',(0.,-118.3));
#5981 = VECTOR('',#5982,1.);
#5982 = DIRECTION('',(1.,0.));
#5983 = ( GEOMETRIC_REPRESENTATION_CONTEXT(2) 
PARAMETRIC_REPRESENTATION_CONTEXT() REPRESENTATION_CONTEXT('2D SPACE',''
  ) );
#5984 = ORIENTED_EDGE('',*,*,#5985,.T.);
#5985 = EDGE_CURVE('',#5963,#5986,#5988,.T.);
#5986 = VERTEX_POINT('',#5987);
#5987 = CARTESIAN_POINT('',(107.83087235692,113.3,548.90054978102));
#5988 = SURFACE_CURVE('',#5989,(#5993,#6000),.PCURVE_S1.);
#5989 = LINE('',#5990,#5991);
#5990 = CARTESIAN_POINT('',(108.91498450896,113.3,548.94201661392));
#5991 = VECTOR('',#5992,1.);
#5992 = DIRECTION('',(-0.999269286565,0.,-3.822162905181E-02));
#5993 = PCURVE('',#166,#5994);
#5994 = DEFINITIONAL_REPRESENTATION('',(#5995),#5999);
#5995 = LINE('',#5996,#5997);
#5996 = CARTESIAN_POINT('',(-42.3266543479,-1.085015491037));
#5997 = VECTOR('',#5998,1.);
#5998 = DIRECTION('',(3.822162905181E-02,-0.999269286565));
#5999 = ( GEOMETRIC_REPRESENTATION_CONTEXT(2) 
PARAMETRIC_REPRESENTATION_CONTEXT() REPRESENTATION_CONTEXT('2D SPACE',''
  ) );
#6000 = PCURVE('',#2533,#6001);
#6001 = DEFINITIONAL_REPRESENTATION('',(#6002),#6006);
#6002 = LINE('',#6003,#6004);
#6003 = CARTESIAN_POINT('',(0.,-118.3));
#6004 = VECTOR('',#6005,1.);
#6005 = DIRECTION('',(1.,0.));
#6006 = ( GEOMETRIC_REPRESENTATION_CONTEXT(2) 
PARAMETRIC_REPRESENTATION_CONTEXT() REPRESENTATION_CONTEXT('2D SPACE',''
  ) );
#6007 = ORIENTED_EDGE('',*,*,#6008,.T.);
#6008 = EDGE_CURVE('',#5986,#6009,#6011,.T.);
#6009 = VERTEX_POINT('',#6010);
#6010 = CARTESIAN_POINT('',(106.74853606735,113.3,548.83164209048));
#6011 = SURFACE_CURVE('',#6012,(#6016,#6023),.PCURVE_S1.);
#6012 = LINE('',#6013,#6014);
#6013 = CARTESIAN_POINT('',(107.83087235692,113.3,548.90054978102));
#6014 = VECTOR('',#6015,1.);
#6015 = DIRECTION('',(-0.997979480023,0.,-6.353705575444E-02));
#6016 = PCURVE('',#166,#6017);
#6017 = DEFINITIONAL_REPRESENTATION('',(#6018),#6022);
#6018 = LINE('',#6019,#6020);
#6019 = CARTESIAN_POINT('',(-42.285187515,-2.169127643077));
#6020 = VECTOR('',#6021,1.);
#6021 = DIRECTION('',(6.353705575444E-02,-0.997979480023));
#6022 = ( GEOMETRIC_REPRESENTATION_CONTEXT(2) 
PARAMETRIC_REPRESENTATION_CONTEXT() REPRESENTATION_CONTEXT('2D SPACE',''
  ) );
#6023 = PCURVE('',#2559,#6024);
#6024 = DEFINITIONAL_REPRESENTATION('',(#6025),#6029);
#6025 = LINE('',#6026,#6027);
#6026 = CARTESIAN_POINT('',(0.,-118.3));
#6027 = VECTOR('',#6028,1.);
#6028 = DIRECTION('',(1.,0.));
#6029 = ( GEOMETRIC_REPRESENTATION_CONTEXT(2) 
PARAMETRIC_REPRESENTATION_CONTEXT() REPRESENTATION_CONTEXT('2D SPACE',''
  ) );
#6030 = ORIENTED_EDGE('',*,*,#6031,.T.);
#6031 = EDGE_CURVE('',#6009,#6032,#6034,.T.);
#6032 = VERTEX_POINT('',#6033);
#6033 = CARTESIAN_POINT('',(105.66878789307,113.3,548.73559168704));
#6034 = SURFACE_CURVE('',#6035,(#6039,#6046),.PCURVE_S1.);
#6035 = LINE('',#6036,#6037);
#6036 = CARTESIAN_POINT('',(106.74853606735,113.3,548.83164209048));
#6037 = VECTOR('',#6038,1.);
#6038 = DIRECTION('',(-0.996066716648,0.,-8.860641052578E-02));
#6039 = PCURVE('',#166,#6040);
#6040 = DEFINITIONAL_REPRESENTATION('',(#6041),#6045);
#6041 = LINE('',#6042,#6043);
#6042 = CARTESIAN_POINT('',(-42.21627982446,-3.251463932647));
#6043 = VECTOR('',#6044,1.);
#6044 = DIRECTION('',(8.860641052578E-02,-0.996066716648));
#6045 = ( GEOMETRIC_REPRESENTATION_CONTEXT(2) 
PARAMETRIC_REPRESENTATION_CONTEXT() REPRESENTATION_CONTEXT('2D SPACE',''
  ) );
#6046 = PCURVE('',#2585,#6047);
#6047 = DEFINITIONAL_REPRESENTATION('',(#6048),#6052);
#6048 = LINE('',#6049,#6050);
#6049 = CARTESIAN_POINT('',(0.,-118.3));
#6050 = VECTOR('',#6051,1.);
#6051 = DIRECTION('',(1.,0.));
#6052 = ( GEOMETRIC_REPRESENTATION_CONTEXT(2) 
PARAMETRIC_REPRESENTATION_CONTEXT() REPRESENTATION_CONTEXT('2D SPACE',''
  ) );
#6053 = ORIENTED_EDGE('',*,*,#6054,.T.);
#6054 = EDGE_CURVE('',#6032,#6055,#6057,.T.);
#6055 = VERTEX_POINT('',#6056);
#6056 = CARTESIAN_POINT('',(104.59235295644,113.3,548.61280154338));
#6057 = SURFACE_CURVE('',#6058,(#6062,#6069),.PCURVE_S1.);
#6058 = LINE('',#6059,#6060);
#6059 = CARTESIAN_POINT('',(105.66878789307,113.3,548.73559168704));
#6060 = VECTOR('',#6061,1.);
#6061 = DIRECTION('',(-0.993556702742,0.,-0.113336130319));
#6062 = PCURVE('',#166,#6063);
#6063 = DEFINITIONAL_REPRESENTATION('',(#6064),#6068);
#6064 = LINE('',#6065,#6066);
#6065 = CARTESIAN_POINT('',(-42.12022942102,-4.331212106925));
#6066 = VECTOR('',#6067,1.);
#6067 = DIRECTION('',(0.113336130319,-0.993556702742));
#6068 = ( GEOMETRIC_REPRESENTATION_CONTEXT(2) 
PARAMETRIC_REPRESENTATION_CONTEXT() REPRESENTATION_CONTEXT('2D SPACE',''
  ) );
#6069 = PCURVE('',#2611,#6070);
#6070 = DEFINITIONAL_REPRESENTATION('',(#6071),#6075);
#6071 = LINE('',#6072,#6073);
#6072 = CARTESIAN_POINT('',(0.,-118.3));
#6073 = VECTOR('',#6074,1.);
#6074 = DIRECTION('',(1.,0.));
#6075 = ( GEOMETRIC_REPRESENTATION_CONTEXT(2) 
PARAMETRIC_REPRESENTATION_CONTEXT() REPRESENTATION_CONTEXT('2D SPACE',''
  ) );
#6076 = ORIENTED_EDGE('',*,*,#6077,.T.);
#6077 = EDGE_CURVE('',#6055,#6078,#6080,.T.);
#6078 = VERTEX_POINT('',#6079);
#6079 = CARTESIAN_POINT('',(103.51984599108,113.3,548.46376585705));
#6080 = SURFACE_CURVE('',#6081,(#6085,#6092),.PCURVE_S1.);
#6081 = LINE('',#6082,#6083);
#6082 = CARTESIAN_POINT('',(104.59235295644,113.3,548.61280154338));
#6083 = VECTOR('',#6084,1.);
#6084 = DIRECTION('',(-0.990482658448,0.,-0.137637579584));
#6085 = PCURVE('',#166,#6086);
#6086 = DEFINITIONAL_REPRESENTATION('',(#6087),#6091);
#6087 = LINE('',#6088,#6089);
#6088 = CARTESIAN_POINT('',(-41.99743927736,-5.407647043559));
#6089 = VECTOR('',#6090,1.);
#6090 = DIRECTION('',(0.137637579584,-0.990482658448));
#6091 = ( GEOMETRIC_REPRESENTATION_CONTEXT(2) 
PARAMETRIC_REPRESENTATION_CONTEXT() REPRESENTATION_CONTEXT('2D SPACE',''
  ) );
#6092 = PCURVE('',#2637,#6093);
#6093 = DEFINITIONAL_REPRESENTATION('',(#6094),#6098);
#6094 = LINE('',#6095,#6096);
#6095 = CARTESIAN_POINT('',(0.,-118.3));
#6096 = VECTOR('',#6097,1.);
#6097 = DIRECTION('',(1.,0.));
#6098 = ( GEOMETRIC_REPRESENTATION_CONTEXT(2) 
PARAMETRIC_REPRESENTATION_CONTEXT() REPRESENTATION_CONTEXT('2D SPACE',''
  ) );
#6099 = ORIENTED_EDGE('',*,*,#6100,.T.);
#6100 = EDGE_CURVE('',#6078,#6101,#6103,.T.);
#6101 = VERTEX_POINT('',#6102);
#6102 = CARTESIAN_POINT('',(102.45175239789,113.3,548.28905363772));
#6103 = SURFACE_CURVE('',#6104,(#6108,#6115),.PCURVE_S1.);
#6104 = LINE('',#6105,#6106);
#6105 = CARTESIAN_POINT('',(103.51984599108,113.3,548.46376585705));
#6106 = VECTOR('',#6107,1.);
#6107 = DIRECTION('',(-0.986884407521,0.,-0.16142851728));
#6108 = PCURVE('',#166,#6109);
#6109 = DEFINITIONAL_REPRESENTATION('',(#6110),#6114);
#6110 = LINE('',#6111,#6112);
#6111 = CARTESIAN_POINT('',(-41.84840359103,-6.480154008914));
#6112 = VECTOR('',#6113,1.);
#6113 = DIRECTION('',(0.16142851728,-0.986884407521));
#6114 = ( GEOMETRIC_REPRESENTATION_CONTEXT(2) 
PARAMETRIC_REPRESENTATION_CONTEXT() REPRESENTATION_CONTEXT('2D SPACE',''
  ) );
#6115 = PCURVE('',#2663,#6116);
#6116 = DEFINITIONAL_REPRESENTATION('',(#6117),#6121);
#6117 = LINE('',#6118,#6119);
#6118 = CARTESIAN_POINT('',(0.,-118.3));
#6119 = VECTOR('',#6120,1.);
#6120 = DIRECTION('',(1.,0.));
#6121 = ( GEOMETRIC_REPRESENTATION_CONTEXT(2) 
PARAMETRIC_REPRESENTATION_CONTEXT() REPRESENTATION_CONTEXT('2D SPACE',''
  ) );
#6122 = ORIENTED_EDGE('',*,*,#6123,.T.);
#6123 = EDGE_CURVE('',#6101,#6124,#6126,.T.);
#6124 = VERTEX_POINT('',#6125);
#6125 = CARTESIAN_POINT('',(101.3884140141,113.3,548.08929013623));
#6126 = SURFACE_CURVE('',#6127,(#6131,#6138),.PCURVE_S1.);
#6127 = LINE('',#6128,#6129);
#6128 = CARTESIAN_POINT('',(102.45175239789,113.3,548.28905363772));
#6129 = VECTOR('',#6130,1.);
#6130 = DIRECTION('',(-0.982807243899,0.,-0.184634561608));
#6131 = PCURVE('',#166,#6132);
#6132 = DEFINITIONAL_REPRESENTATION('',(#6133),#6137);
#6133 = LINE('',#6134,#6135);
#6134 = CARTESIAN_POINT('',(-41.6736913717,-7.548247602102));
#6135 = VECTOR('',#6136,1.);
#6136 = DIRECTION('',(0.184634561608,-0.982807243899));
#6137 = ( GEOMETRIC_REPRESENTATION_CONTEXT(2) 
PARAMETRIC_REPRESENTATION_CONTEXT() REPRESENTATION_CONTEXT('2D SPACE',''
  ) );
#6138 = PCURVE('',#2689,#6139);
#6139 = DEFINITIONAL_REPRESENTATION('',(#6140),#6144);
#6140 = LINE('',#6141,#6142);
#6141 = CARTESIAN_POINT('',(0.,-118.3));
#6142 = VECTOR('',#6143,1.);
#6143 = DIRECTION('',(1.,0.));
#6144 = ( GEOMETRIC_REPRESENTATION_CONTEXT(2) 
PARAMETRIC_REPRESENTATION_CONTEXT() REPRESENTATION_CONTEXT('2D SPACE',''
  ) );
#6145 = ORIENTED_EDGE('',*,*,#6146,.T.);
#6146 = EDGE_CURVE('',#6124,#6147,#6149,.T.);
#6147 = VERTEX_POINT('',#6148);
#6148 = CARTESIAN_POINT('',(100.33001970094,113.3,547.86513678008));
#6149 = SURFACE_CURVE('',#6150,(#6154,#6161),.PCURVE_S1.);
#6150 = LINE('',#6151,#6152);
#6151 = CARTESIAN_POINT('',(101.3884140141,113.3,548.08929013623));
#6152 = VECTOR('',#6153,1.);
#6153 = DIRECTION('',(-0.978300593829,0.,-0.207190608168));
#6154 = PCURVE('',#166,#6155);
#6155 = DEFINITIONAL_REPRESENTATION('',(#6156),#6160);
#6156 = LINE('',#6157,#6158);
#6157 = CARTESIAN_POINT('',(-41.47392787021,-8.611585985893));
#6158 = VECTOR('',#6159,1.);
#6159 = DIRECTION('',(0.207190608168,-0.978300593829));
#6160 = ( GEOMETRIC_REPRESENTATION_CONTEXT(2) 
PARAMETRIC_REPRESENTATION_CONTEXT() REPRESENTATION_CONTEXT('2D SPACE',''
  ) );
#6161 = PCURVE('',#2715,#6162);
#6162 = DEFINITIONAL_REPRESENTATION('',(#6163),#6167);
#6163 = LINE('',#6164,#6165);
#6164 = CARTESIAN_POINT('',(0.,-118.3));
#6165 = VECTOR('',#6166,1.);
#6166 = DIRECTION('',(1.,0.));
#6167 = ( GEOMETRIC_REPRESENTATION_CONTEXT(2) 
PARAMETRIC_REPRESENTATION_CONTEXT() REPRESENTATION_CONTEXT('2D SPACE',''
  ) );
#6168 = ORIENTED_EDGE('',*,*,#6169,.T.);
#6169 = EDGE_CURVE('',#6147,#6170,#6172,.T.);
#6170 = VERTEX_POINT('',#6171);
#6171 = CARTESIAN_POINT('',(99.276600610795,113.3,547.61727025836));
#6172 = SURFACE_CURVE('',#6173,(#6177,#6184),.PCURVE_S1.);
#6173 = LINE('',#6174,#6175);
#6174 = CARTESIAN_POINT('',(100.33001970094,113.3,547.86513678008));
#6175 = VECTOR('',#6176,1.);
#6176 = DIRECTION('',(-0.973416507753,0.,-0.229042141175));
#6177 = PCURVE('',#166,#6178);
#6178 = DEFINITIONAL_REPRESENTATION('',(#6179),#6183);
#6179 = LINE('',#6180,#6181);
#6180 = CARTESIAN_POINT('',(-41.24977451406,-9.669980299052));
#6181 = VECTOR('',#6182,1.);
#6182 = DIRECTION('',(0.229042141175,-0.973416507753));
#6183 = ( GEOMETRIC_REPRESENTATION_CONTEXT(2) 
PARAMETRIC_REPRESENTATION_CONTEXT() REPRESENTATION_CONTEXT('2D SPACE',''
  ) );
#6184 = PCURVE('',#2741,#6185);
#6185 = DEFINITIONAL_REPRESENTATION('',(#6186),#6190);
#6186 = LINE('',#6187,#6188);
#6187 = CARTESIAN_POINT('',(0.,-118.3));
#6188 = VECTOR('',#6189,1.);
#6189 = DIRECTION('',(1.,0.));
#6190 = ( GEOMETRIC_REPRESENTATION_CONTEXT(2) 
PARAMETRIC_REPRESENTATION_CONTEXT() REPRESENTATION_CONTEXT('2D SPACE',''
  ) );
#6191 = ORIENTED_EDGE('',*,*,#6192,.T.);
#6192 = EDGE_CURVE('',#6170,#6193,#6195,.T.);
#6193 = VERTEX_POINT('',#6194);
#6194 = CARTESIAN_POINT('',(98.228029812169,113.3,547.3463613567));
#6195 = SURFACE_CURVE('',#6196,(#6200,#6207),.PCURVE_S1.);
#6196 = LINE('',#6197,#6198);
#6197 = CARTESIAN_POINT('',(99.276600610795,113.3,547.61727025836));
#6198 = VECTOR('',#6199,1.);
#6199 = DIRECTION('',(-0.968208033192,0.,-0.250146366078));
#6200 = PCURVE('',#166,#6201);
#6201 = DEFINITIONAL_REPRESENTATION('',(#6202),#6206);
#6202 = LINE('',#6203,#6204);
#6203 = CARTESIAN_POINT('',(-41.00190799234,-10.7233993892));
#6204 = VECTOR('',#6205,1.);
#6205 = DIRECTION('',(0.250146366078,-0.968208033192));
#6206 = ( GEOMETRIC_REPRESENTATION_CONTEXT(2) 
PARAMETRIC_REPRESENTATION_CONTEXT() REPRESENTATION_CONTEXT('2D SPACE',''
  ) );
#6207 = PCURVE('',#2767,#6208);
#6208 = DEFINITIONAL_REPRESENTATION('',(#6209),#6213);
#6209 = LINE('',#6210,#6211);
#6210 = CARTESIAN_POINT('',(0.,-118.3));
#6211 = VECTOR('',#6212,1.);
#6212 = DIRECTION('',(1.,0.));
#6213 = ( GEOMETRIC_REPRESENTATION_CONTEXT(2) 
PARAMETRIC_REPRESENTATION_CONTEXT() REPRESENTATION_CONTEXT('2D SPACE',''
  ) );
#6214 = ORIENTED_EDGE('',*,*,#6215,.T.);
#6215 = EDGE_CURVE('',#6193,#6216,#6218,.T.);
#6216 = VERTEX_POINT('',#6217);
#6217 = CARTESIAN_POINT('',(97.18402582944,113.3,547.05305409184));
#6218 = SURFACE_CURVE('',#6219,(#6223,#6230),.PCURVE_S1.);
#6219 = LINE('',#6220,#6221);
#6220 = CARTESIAN_POINT('',(98.228029812169,113.3,547.3463613567));
#6221 = VECTOR('',#6222,1.);
#6222 = DIRECTION('',(-0.96272753622,0.,-0.270473087391));
#6223 = PCURVE('',#166,#6224);
#6224 = DEFINITIONAL_REPRESENTATION('',(#6225),#6229);
#6225 = LINE('',#6226,#6227);
#6226 = CARTESIAN_POINT('',(-40.73099909068,-11.77197018783));
#6227 = VECTOR('',#6228,1.);
#6228 = DIRECTION('',(0.270473087391,-0.96272753622));
#6229 = ( GEOMETRIC_REPRESENTATION_CONTEXT(2) 
PARAMETRIC_REPRESENTATION_CONTEXT() REPRESENTATION_CONTEXT('2D SPACE',''
  ) );
#6230 = PCURVE('',#2793,#6231);
#6231 = DEFINITIONAL_REPRESENTATION('',(#6232),#6236);
#6232 = LINE('',#6233,#6234);
#6233 = CARTESIAN_POINT('',(0.,-118.3));
#6234 = VECTOR('',#6235,1.);
#6235 = DIRECTION('',(1.,0.));
#6236 = ( GEOMETRIC_REPRESENTATION_CONTEXT(2) 
PARAMETRIC_REPRESENTATION_CONTEXT() REPRESENTATION_CONTEXT('2D SPACE',''
  ) );
#6237 = ORIENTED_EDGE('',*,*,#6238,.T.);
#6238 = EDGE_CURVE('',#6216,#6239,#6241,.T.);
#6239 = VERTEX_POINT('',#6240);
#6240 = CARTESIAN_POINT('',(96.144159582435,113.3,546.7379456419));
#6241 = SURFACE_CURVE('',#6242,(#6246,#6253),.PCURVE_S1.);
#6242 = LINE('',#6243,#6244);
#6243 = CARTESIAN_POINT('',(97.18402582944,113.3,547.05305409184));
#6244 = VECTOR('',#6245,1.);
#6245 = DIRECTION('',(-0.9570250517,0.,-0.290005259294));
#6246 = PCURVE('',#166,#6247);
#6247 = DEFINITIONAL_REPRESENTATION('',(#6248),#6252);
#6248 = LINE('',#6249,#6250);
#6249 = CARTESIAN_POINT('',(-40.43769182582,-12.81597417056));
#6250 = VECTOR('',#6251,1.);
#6251 = DIRECTION('',(0.290005259294,-0.9570250517));
#6252 = ( GEOMETRIC_REPRESENTATION_CONTEXT(2) 
PARAMETRIC_REPRESENTATION_CONTEXT() REPRESENTATION_CONTEXT('2D SPACE',''
  ) );
#6253 = PCURVE('',#2819,#6254);
#6254 = DEFINITIONAL_REPRESENTATION('',(#6255),#6259);
#6255 = LINE('',#6256,#6257);
#6256 = CARTESIAN_POINT('',(0.,-118.3));
#6257 = VECTOR('',#6258,1.);
#6258 = DIRECTION('',(1.,0.));
#6259 = ( GEOMETRIC_REPRESENTATION_CONTEXT(2) 
PARAMETRIC_REPRESENTATION_CONTEXT() REPRESENTATION_CONTEXT('2D SPACE',''
  ) );
#6260 = ORIENTED_EDGE('',*,*,#6261,.T.);
#6261 = EDGE_CURVE('',#6239,#6262,#6264,.T.);
#6262 = VERTEX_POINT('',#6263);
#6263 = CARTESIAN_POINT('',(95.107864173994,113.3,546.40156751457));
#6264 = SURFACE_CURVE('',#6265,(#6269,#6276),.PCURVE_S1.);
#6265 = LINE('',#6266,#6267);
#6266 = CARTESIAN_POINT('',(96.144159582435,113.3,546.7379456419));
#6267 = VECTOR('',#6268,1.);
#6268 = DIRECTION('',(-0.951146748953,0.,-0.308739148725));
#6269 = PCURVE('',#166,#6270);
#6270 = DEFINITIONAL_REPRESENTATION('',(#6271),#6275);
#6271 = LINE('',#6272,#6273);
#6272 = CARTESIAN_POINT('',(-40.12258337588,-13.85584041756));
#6273 = VECTOR('',#6274,1.);
#6274 = DIRECTION('',(0.308739148725,-0.951146748953));
#6275 = ( GEOMETRIC_REPRESENTATION_CONTEXT(2) 
PARAMETRIC_REPRESENTATION_CONTEXT() REPRESENTATION_CONTEXT('2D SPACE',''
  ) );
#6276 = PCURVE('',#2845,#6277);
#6277 = DEFINITIONAL_REPRESENTATION('',(#6278),#6282);
#6278 = LINE('',#6279,#6280);
#6279 = CARTESIAN_POINT('',(0.,-118.3));
#6280 = VECTOR('',#6281,1.);
#6281 = DIRECTION('',(1.,0.));
#6282 = ( GEOMETRIC_REPRESENTATION_CONTEXT(2) 
PARAMETRIC_REPRESENTATION_CONTEXT() REPRESENTATION_CONTEXT('2D SPACE',''
  ) );
#6283 = ORIENTED_EDGE('',*,*,#6284,.T.);
#6284 = EDGE_CURVE('',#6262,#6285,#6287,.T.);
#6285 = VERTEX_POINT('',#6286);
#6286 = CARTESIAN_POINT('',(94.074446956396,113.3,546.04436833756));
#6287 = SURFACE_CURVE('',#6288,(#6292,#6299),.PCURVE_S1.);
#6288 = LINE('',#6289,#6290);
#6289 = CARTESIAN_POINT('',(95.107864173994,113.3,546.40156751457));
#6290 = VECTOR('',#6291,1.);
#6291 = DIRECTION('',(-0.945133597948,0.,-0.32668407067));
#6292 = PCURVE('',#166,#6293);
#6293 = DEFINITIONAL_REPRESENTATION('',(#6294),#6298);
#6294 = LINE('',#6295,#6296);
#6295 = CARTESIAN_POINT('',(-39.78620524855,-14.892135826));
#6296 = VECTOR('',#6297,1.);
#6297 = DIRECTION('',(0.32668407067,-0.945133597948));
#6298 = ( GEOMETRIC_REPRESENTATION_CONTEXT(2) 
PARAMETRIC_REPRESENTATION_CONTEXT() REPRESENTATION_CONTEXT('2D SPACE',''
  ) );
#6299 = PCURVE('',#2871,#6300);
#6300 = DEFINITIONAL_REPRESENTATION('',(#6301),#6305);
#6301 = LINE('',#6302,#6303);
#6302 = CARTESIAN_POINT('',(0.,-118.3));
#6303 = VECTOR('',#6304,1.);
#6304 = DIRECTION('',(1.,0.));
#6305 = ( GEOMETRIC_REPRESENTATION_CONTEXT(2) 
PARAMETRIC_REPRESENTATION_CONTEXT() REPRESENTATION_CONTEXT('2D SPACE',''
  ) );
#6306 = ORIENTED_EDGE('',*,*,#6307,.T.);
#6307 = EDGE_CURVE('',#6285,#6308,#6310,.T.);
#6308 = VERTEX_POINT('',#6309);
#6309 = CARTESIAN_POINT('',(93.043103299861,113.3,545.66669859003));
#6310 = SURFACE_CURVE('',#6311,(#6315,#6322),.PCURVE_S1.);
#6311 = LINE('',#6312,#6313);
#6312 = CARTESIAN_POINT('',(94.074446956396,113.3,546.04436833756));
#6313 = VECTOR('',#6314,1.);
#6314 = DIRECTION('',(-0.939020310827,0.,-0.343861681282));
#6315 = PCURVE('',#166,#6316);
#6316 = DEFINITIONAL_REPRESENTATION('',(#6317),#6321);
#6317 = LINE('',#6318,#6319);
#6318 = CARTESIAN_POINT('',(-39.42900607154,-15.9255530436));
#6319 = VECTOR('',#6320,1.);
#6320 = DIRECTION('',(0.343861681282,-0.939020310827));
#6321 = ( GEOMETRIC_REPRESENTATION_CONTEXT(2) 
PARAMETRIC_REPRESENTATION_CONTEXT() REPRESENTATION_CONTEXT('2D SPACE',''
  ) );
#6322 = PCURVE('',#2897,#6323);
#6323 = DEFINITIONAL_REPRESENTATION('',(#6324),#6328);
#6324 = LINE('',#6325,#6326);
#6325 = CARTESIAN_POINT('',(0.,-118.3));
#6326 = VECTOR('',#6327,1.);
#6327 = DIRECTION('',(1.,0.));
#6328 = ( GEOMETRIC_REPRESENTATION_CONTEXT(2) 
PARAMETRIC_REPRESENTATION_CONTEXT() REPRESENTATION_CONTEXT('2D SPACE',''
  ) );
#6329 = ORIENTED_EDGE('',*,*,#6330,.T.);
#6330 = EDGE_CURVE('',#6308,#6331,#6333,.T.);
#6331 = VERTEX_POINT('',#6332);
#6332 = CARTESIAN_POINT('',(92.012931483132,113.3,545.26879751604));
#6333 = SURFACE_CURVE('',#6334,(#6338,#6345),.PCURVE_S1.);
#6334 = LINE('',#6335,#6336);
#6335 = CARTESIAN_POINT('',(93.043103299861,113.3,545.66669859003));
#6336 = VECTOR('',#6337,1.);
#6337 = DIRECTION('',(-0.932834615388,0.,-0.360304843617));
#6338 = PCURVE('',#166,#6339);
#6339 = DEFINITIONAL_REPRESENTATION('',(#6340),#6344);
#6340 = LINE('',#6341,#6342);
#6341 = CARTESIAN_POINT('',(-39.05133632401,-16.95689670013));
#6342 = VECTOR('',#6343,1.);
#6343 = DIRECTION('',(0.360304843617,-0.932834615388));
#6344 = ( GEOMETRIC_REPRESENTATION_CONTEXT(2) 
PARAMETRIC_REPRESENTATION_CONTEXT() REPRESENTATION_CONTEXT('2D SPACE',''
  ) );
#6345 = PCURVE('',#2923,#6346);
#6346 = DEFINITIONAL_REPRESENTATION('',(#6347),#6351);
#6347 = LINE('',#6348,#6349);
#6348 = CARTESIAN_POINT('',(0.,-118.3));
#6349 = VECTOR('',#6350,1.);
#6350 = DIRECTION('',(1.,0.));
#6351 = ( GEOMETRIC_REPRESENTATION_CONTEXT(2) 
PARAMETRIC_REPRESENTATION_CONTEXT() REPRESENTATION_CONTEXT('2D SPACE',''
  ) );
#6352 = ORIENTED_EDGE('',*,*,#6353,.T.);
#6353 = EDGE_CURVE('',#6331,#6354,#6356,.T.);
#6354 = VERTEX_POINT('',#6355);
#6355 = CARTESIAN_POINT('',(90.98294812728,113.3,544.8507823715));
#6356 = SURFACE_CURVE('',#6357,(#6361,#6368),.PCURVE_S1.);
#6357 = LINE('',#6358,#6359);
#6358 = CARTESIAN_POINT('',(92.012931483132,113.3,545.26879751604));
#6359 = VECTOR('',#6360,1.);
#6360 = DIRECTION('',(-0.926596893012,0.,-0.37605610999));
#6361 = PCURVE('',#166,#6362);
#6362 = DEFINITIONAL_REPRESENTATION('',(#6363),#6367);
#6363 = LINE('',#6364,#6365);
#6364 = CARTESIAN_POINT('',(-38.65343525002,-17.98706851686));
#6365 = VECTOR('',#6366,1.);
#6366 = DIRECTION('',(0.37605610999,-0.926596893012));
#6367 = ( GEOMETRIC_REPRESENTATION_CONTEXT(2) 
PARAMETRIC_REPRESENTATION_CONTEXT() REPRESENTATION_CONTEXT('2D SPACE',''
  ) );
#6368 = PCURVE('',#2949,#6369);
#6369 = DEFINITIONAL_REPRESENTATION('',(#6370),#6374);
#6370 = LINE('',#6371,#6372);
#6371 = CARTESIAN_POINT('',(0.,-118.3));
#6372 = VECTOR('',#6373,1.);
#6373 = DIRECTION('',(1.,0.));
#6374 = ( GEOMETRIC_REPRESENTATION_CONTEXT(2) 
PARAMETRIC_REPRESENTATION_CONTEXT() REPRESENTATION_CONTEXT('2D SPACE',''
  ) );
#6375 = ORIENTED_EDGE('',*,*,#6376,.T.);
#6376 = EDGE_CURVE('',#6354,#6377,#6379,.T.);
#6377 = VERTEX_POINT('',#6378);
#6378 = CARTESIAN_POINT('',(89.952103602274,113.3,544.41264005673));
#6379 = SURFACE_CURVE('',#6380,(#6384,#6391),.PCURVE_S1.);
#6380 = LINE('',#6381,#6382);
#6381 = CARTESIAN_POINT('',(90.98294812728,113.3,544.8507823715));
#6382 = VECTOR('',#6383,1.);
#6383 = DIRECTION('',(-0.920320186609,0.,-0.391165890794));
#6384 = PCURVE('',#166,#6385);
#6385 = DEFINITIONAL_REPRESENTATION('',(#6386),#6390);
#6386 = LINE('',#6387,#6388);
#6387 = CARTESIAN_POINT('',(-38.23542010548,-19.01705187272));
#6388 = VECTOR('',#6389,1.);
#6389 = DIRECTION('',(0.391165890794,-0.920320186609));
#6390 = ( GEOMETRIC_REPRESENTATION_CONTEXT(2) 
PARAMETRIC_REPRESENTATION_CONTEXT() REPRESENTATION_CONTEXT('2D SPACE',''
  ) );
#6391 = PCURVE('',#2975,#6392);
#6392 = DEFINITIONAL_REPRESENTATION('',(#6393),#6397);
#6393 = LINE('',#6394,#6395);
#6394 = CARTESIAN_POINT('',(0.,-118.3));
#6395 = VECTOR('',#6396,1.);
#6396 = DIRECTION('',(1.,0.));
#6397 = ( GEOMETRIC_REPRESENTATION_CONTEXT(2) 
PARAMETRIC_REPRESENTATION_CONTEXT() REPRESENTATION_CONTEXT('2D SPACE',''
  ) );
#6398 = ORIENTED_EDGE('',*,*,#6399,.T.);
#6399 = EDGE_CURVE('',#6377,#6400,#6402,.T.);
#6400 = VERTEX_POINT('',#6401);
#6401 = CARTESIAN_POINT('',(88.919296855187,113.3,543.95422108347));
#6402 = SURFACE_CURVE('',#6403,(#6407,#6414),.PCURVE_S1.);
#6403 = LINE('',#6404,#6405);
#6404 = CARTESIAN_POINT('',(89.952103602274,113.3,544.41264005673));
#6405 = VECTOR('',#6406,1.);
#6406 = DIRECTION('',(-0.914010557927,0.,-0.405690399194));
#6407 = PCURVE('',#166,#6408);
#6408 = DEFINITIONAL_REPRESENTATION('',(#6409),#6413);
#6409 = LINE('',#6410,#6411);
#6410 = CARTESIAN_POINT('',(-37.79727779071,-20.04789639772));
#6411 = VECTOR('',#6412,1.);
#6412 = DIRECTION('',(0.405690399194,-0.914010557927));
#6413 = ( GEOMETRIC_REPRESENTATION_CONTEXT(2) 
PARAMETRIC_REPRESENTATION_CONTEXT() REPRESENTATION_CONTEXT('2D SPACE',''
  ) );
#6414 = PCURVE('',#3001,#6415);
#6415 = DEFINITIONAL_REPRESENTATION('',(#6416),#6420);
#6416 = LINE('',#6417,#6418);
#6417 = CARTESIAN_POINT('',(0.,-118.3));
#6418 = VECTOR('',#6419,1.);
#6419 = DIRECTION('',(1.,0.));
#6420 = ( GEOMETRIC_REPRESENTATION_CONTEXT(2) 
PARAMETRIC_REPRESENTATION_CONTEXT() REPRESENTATION_CONTEXT('2D SPACE',''
  ) );
#6421 = ORIENTED_EDGE('',*,*,#6422,.T.);
#6422 = EDGE_CURVE('',#6400,#6423,#6425,.T.);
#6423 = VERTEX_POINT('',#6424);
#6424 = CARTESIAN_POINT('',(87.883389141438,113.3,543.47523572677));
#6425 = SURFACE_CURVE('',#6426,(#6430,#6437),.PCURVE_S1.);
#6426 = LINE('',#6427,#6428);
#6427 = CARTESIAN_POINT('',(88.919296855187,113.3,543.95422108347));
#6428 = VECTOR('',#6429,1.);
#6429 = DIRECTION('',(-0.907667751385,0.,-0.419689472223));
#6430 = PCURVE('',#166,#6431);
#6431 = DEFINITIONAL_REPRESENTATION('',(#6432),#6436);
#6432 = LINE('',#6433,#6434);
#6433 = CARTESIAN_POINT('',(-37.33885881745,-21.08070314481));
#6434 = VECTOR('',#6435,1.);
#6435 = DIRECTION('',(0.419689472223,-0.907667751385));
#6436 = ( GEOMETRIC_REPRESENTATION_CONTEXT(2) 
PARAMETRIC_REPRESENTATION_CONTEXT() REPRESENTATION_CONTEXT('2D SPACE',''
  ) );
#6437 = PCURVE('',#3027,#6438);
#6438 = DEFINITIONAL_REPRESENTATION('',(#6439),#6443);
#6439 = LINE('',#6440,#6441);
#6440 = CARTESIAN_POINT('',(0.,-118.3));
#6441 = VECTOR('',#6442,1.);
#6442 = DIRECTION('',(1.,0.));
#6443 = ( GEOMETRIC_REPRESENTATION_CONTEXT(2) 
PARAMETRIC_REPRESENTATION_CONTEXT() REPRESENTATION_CONTEXT('2D SPACE',''
  ) );
#6444 = ORIENTED_EDGE('',*,*,#6445,.T.);
#6445 = EDGE_CURVE('',#6423,#6446,#6448,.T.);
#6446 = VERTEX_POINT('',#6447);
#6447 = CARTESIAN_POINT('',(86.843216185903,113.3,542.97525212445));
#6448 = SURFACE_CURVE('',#6449,(#6453,#6460),.PCURVE_S1.);
#6449 = LINE('',#6450,#6451);
#6450 = CARTESIAN_POINT('',(87.883389141438,113.3,543.47523572677));
#6451 = VECTOR('',#6452,1.);
#6452 = DIRECTION('',(-0.901286105921,0.,-0.43322437059));
#6453 = PCURVE('',#166,#6454);
#6454 = DEFINITIONAL_REPRESENTATION('',(#6455),#6459);
#6455 = LINE('',#6456,#6457);
#6456 = CARTESIAN_POINT('',(-36.85987346076,-22.11661085856));
#6457 = VECTOR('',#6458,1.);
#6458 = DIRECTION('',(0.43322437059,-0.901286105921));
#6459 = ( GEOMETRIC_REPRESENTATION_CONTEXT(2) 
PARAMETRIC_REPRESENTATION_CONTEXT() REPRESENTATION_CONTEXT('2D SPACE',''
  ) );
#6460 = PCURVE('',#3053,#6461);
#6461 = DEFINITIONAL_REPRESENTATION('',(#6462),#6466);
#6462 = LINE('',#6463,#6464);
#6463 = CARTESIAN_POINT('',(0.,-118.3));
#6464 = VECTOR('',#6465,1.);
#6465 = DIRECTION('',(1.,0.));
#6466 = ( GEOMETRIC_REPRESENTATION_CONTEXT(2) 
PARAMETRIC_REPRESENTATION_CONTEXT() REPRESENTATION_CONTEXT('2D SPACE',''
  ) );
#6467 = ORIENTED_EDGE('',*,*,#6468,.T.);
#6468 = EDGE_CURVE('',#6446,#6469,#6471,.T.);
#6469 = VERTEX_POINT('',#6470);
#6470 = CARTESIAN_POINT('',(85.797598355338,113.3,542.45369601682));
#6471 = SURFACE_CURVE('',#6472,(#6476,#6483),.PCURVE_S1.);
#6472 = LINE('',#6473,#6474);
#6473 = CARTESIAN_POINT('',(86.843216185903,113.3,542.97525212445));
#6474 = VECTOR('',#6475,1.);
#6475 = DIRECTION('',(-0.894855648466,0.,-0.446355652377));
#6476 = PCURVE('',#166,#6477);
#6477 = DEFINITIONAL_REPRESENTATION('',(#6478),#6482);
#6478 = LINE('',#6479,#6480);
#6479 = CARTESIAN_POINT('',(-36.35988985843,-23.15678381409));
#6480 = VECTOR('',#6481,1.);
#6481 = DIRECTION('',(0.446355652377,-0.894855648466));
#6482 = ( GEOMETRIC_REPRESENTATION_CONTEXT(2) 
PARAMETRIC_REPRESENTATION_CONTEXT() REPRESENTATION_CONTEXT('2D SPACE',''
  ) );
#6483 = PCURVE('',#3079,#6484);
#6484 = DEFINITIONAL_REPRESENTATION('',(#6485),#6489);
#6485 = LINE('',#6486,#6487);
#6486 = CARTESIAN_POINT('',(0.,-118.3));
#6487 = VECTOR('',#6488,1.);
#6488 = DIRECTION('',(1.,0.));
#6489 = ( GEOMETRIC_REPRESENTATION_CONTEXT(2) 
PARAMETRIC_REPRESENTATION_CONTEXT() REPRESENTATION_CONTEXT('2D SPACE',''
  ) );
#6490 = ORIENTED_EDGE('',*,*,#6491,.T.);
#6491 = EDGE_CURVE('',#6469,#6492,#6494,.T.);
#6492 = VERTEX_POINT('',#6493);
#6493 = CARTESIAN_POINT('',(84.745348481394,113.3,541.90985176988));
#6494 = SURFACE_CURVE('',#6495,(#6499,#6506),.PCURVE_S1.);
#6495 = LINE('',#6496,#6497);
#6496 = CARTESIAN_POINT('',(85.797598355338,113.3,542.45369601682));
#6497 = VECTOR('',#6498,1.);
#6498 = DIRECTION('',(-0.888363302492,0.,-0.459141201358));
#6499 = PCURVE('',#166,#6500);
#6500 = DEFINITIONAL_REPRESENTATION('',(#6501),#6505);
#6501 = LINE('',#6502,#6503);
#6502 = CARTESIAN_POINT('',(-35.8383337508,-24.20240164466));
#6503 = VECTOR('',#6504,1.);
#6504 = DIRECTION('',(0.459141201358,-0.888363302492));
#6505 = ( GEOMETRIC_REPRESENTATION_CONTEXT(2) 
PARAMETRIC_REPRESENTATION_CONTEXT() REPRESENTATION_CONTEXT('2D SPACE',''
  ) );
#6506 = PCURVE('',#3105,#6507);
#6507 = DEFINITIONAL_REPRESENTATION('',(#6508),#6512);
#6508 = LINE('',#6509,#6510);
#6509 = CARTESIAN_POINT('',(0.,-118.3));
#6510 = VECTOR('',#6511,1.);
#6511 = DIRECTION('',(1.,0.));
#6512 = ( GEOMETRIC_REPRESENTATION_CONTEXT(2) 
PARAMETRIC_REPRESENTATION_CONTEXT() REPRESENTATION_CONTEXT('2D SPACE',''
  ) );
#6513 = ORIENTED_EDGE('',*,*,#6514,.T.);
#6514 = EDGE_CURVE('',#6492,#6515,#6517,.T.);
#6515 = VERTEX_POINT('',#6516);
#6516 = CARTESIAN_POINT('',(83.685277026687,113.3,541.34286429367));
#6517 = SURFACE_CURVE('',#6518,(#6522,#6529),.PCURVE_S1.);
#6518 = LINE('',#6519,#6520);
#6519 = CARTESIAN_POINT('',(84.745348481394,113.3,541.90985176988));
#6520 = VECTOR('',#6521,1.);
#6521 = DIRECTION('',(-0.881794151276,0.,-0.471634471572));
#6522 = PCURVE('',#166,#6523);
#6523 = DEFINITIONAL_REPRESENTATION('',(#6524),#6528);
#6524 = LINE('',#6525,#6526);
#6525 = CARTESIAN_POINT('',(-35.29448950386,-25.2546515186));
#6526 = VECTOR('',#6527,1.);
#6527 = DIRECTION('',(0.471634471572,-0.881794151276));
#6528 = ( GEOMETRIC_REPRESENTATION_CONTEXT(2) 
PARAMETRIC_REPRESENTATION_CONTEXT() REPRESENTATION_CONTEXT('2D SPACE',''
  ) );
#6529 = PCURVE('',#3131,#6530);
#6530 = DEFINITIONAL_REPRESENTATION('',(#6531),#6535);
#6531 = LINE('',#6532,#6533);
#6532 = CARTESIAN_POINT('',(0.,-118.3));
#6533 = VECTOR('',#6534,1.);
#6534 = DIRECTION('',(1.,0.));
#6535 = ( GEOMETRIC_REPRESENTATION_CONTEXT(2) 
PARAMETRIC_REPRESENTATION_CONTEXT() REPRESENTATION_CONTEXT('2D SPACE',''
  ) );
#6536 = ORIENTED_EDGE('',*,*,#6537,.T.);
#6537 = EDGE_CURVE('',#6515,#6538,#6540,.T.);
#6538 = VERTEX_POINT('',#6539);
#6539 = CARTESIAN_POINT('',(82.616194327688,113.3,540.75174145217));
#6540 = SURFACE_CURVE('',#6541,(#6545,#6552),.PCURVE_S1.);
#6541 = LINE('',#6542,#6543);
#6542 = CARTESIAN_POINT('',(83.685277026687,113.3,541.34286429367));
#6543 = VECTOR('',#6544,1.);
#6544 = DIRECTION('',(-0.875132705938,0.,-0.483882988952));
#6545 = PCURVE('',#166,#6546);
#6546 = DEFINITIONAL_REPRESENTATION('',(#6547),#6551);
#6547 = LINE('',#6548,#6549);
#6548 = CARTESIAN_POINT('',(-34.72750202766,-26.31472297331));
#6549 = VECTOR('',#6550,1.);
#6550 = DIRECTION('',(0.483882988952,-0.875132705938));
#6551 = ( GEOMETRIC_REPRESENTATION_CONTEXT(2) 
PARAMETRIC_REPRESENTATION_CONTEXT() REPRESENTATION_CONTEXT('2D SPACE',''
  ) );
#6552 = PCURVE('',#3157,#6553);
#6553 = DEFINITIONAL_REPRESENTATION('',(#6554),#6558);
#6554 = LINE('',#6555,#6556);
#6555 = CARTESIAN_POINT('',(0.,-118.3));
#6556 = VECTOR('',#6557,1.);
#6557 = DIRECTION('',(1.,0.));
#6558 = ( GEOMETRIC_REPRESENTATION_CONTEXT(2) 
PARAMETRIC_REPRESENTATION_CONTEXT() REPRESENTATION_CONTEXT('2D SPACE',''
  ) );
#6559 = ORIENTED_EDGE('',*,*,#6560,.T.);
#6560 = EDGE_CURVE('',#6538,#6561,#6563,.T.);
#6561 = VERTEX_POINT('',#6562);
#6562 = CARTESIAN_POINT('',(81.536909671544,113.3,540.13535655274));
#6563 = SURFACE_CURVE('',#6564,(#6568,#6575),.PCURVE_S1.);
#6564 = LINE('',#6565,#6566);
#6565 = CARTESIAN_POINT('',(82.616194327688,113.3,540.75174145217));
#6566 = VECTOR('',#6567,1.);
#6567 = DIRECTION('',(-0.868364140457,0.,-0.495927131308));
#6568 = PCURVE('',#166,#6569);
#6569 = DEFINITIONAL_REPRESENTATION('',(#6570),#6574);
#6570 = LINE('',#6571,#6572);
#6571 = CARTESIAN_POINT('',(-34.13637918615,-27.38380567231));
#6572 = VECTOR('',#6573,1.);
#6573 = DIRECTION('',(0.495927131308,-0.868364140457));
#6574 = ( GEOMETRIC_REPRESENTATION_CONTEXT(2) 
PARAMETRIC_REPRESENTATION_CONTEXT() REPRESENTATION_CONTEXT('2D SPACE',''
  ) );
#6575 = PCURVE('',#3183,#6576);
#6576 = DEFINITIONAL_REPRESENTATION('',(#6577),#6581);
#6577 = LINE('',#6578,#6579);
#6578 = CARTESIAN_POINT('',(0.,-118.3));
#6579 = VECTOR('',#6580,1.);
#6580 = DIRECTION('',(1.,0.));
#6581 = ( GEOMETRIC_REPRESENTATION_CONTEXT(2) 
PARAMETRIC_REPRESENTATION_CONTEXT() REPRESENTATION_CONTEXT('2D SPACE',''
  ) );
#6582 = ORIENTED_EDGE('',*,*,#6583,.T.);
#6583 = EDGE_CURVE('',#6561,#6584,#6586,.T.);
#6584 = VERTEX_POINT('',#6585);
#6585 = CARTESIAN_POINT('',(80.446226966569,113.3,539.49245049493));
#6586 = SURFACE_CURVE('',#6587,(#6591,#6598),.PCURVE_S1.);
#6587 = LINE('',#6588,#6589);
#6588 = CARTESIAN_POINT('',(81.536909671544,113.3,540.13535655274));
#6589 = VECTOR('',#6590,1.);
#6590 = DIRECTION('',(-0.861475467128,0.,-0.507799192138));
#6591 = PCURVE('',#166,#6592);
#6592 = DEFINITIONAL_REPRESENTATION('',(#6593),#6597);
#6593 = LINE('',#6594,#6595);
#6594 = CARTESIAN_POINT('',(-33.51999428672,-28.46309032845));
#6595 = VECTOR('',#6596,1.);
#6596 = DIRECTION('',(0.507799192138,-0.861475467128));
#6597 = ( GEOMETRIC_REPRESENTATION_CONTEXT(2) 
PARAMETRIC_REPRESENTATION_CONTEXT() REPRESENTATION_CONTEXT('2D SPACE',''
  ) );
#6598 = PCURVE('',#3209,#6599);
#6599 = DEFINITIONAL_REPRESENTATION('',(#6600),#6604);
#6600 = LINE('',#6601,#6602);
#6601 = CARTESIAN_POINT('',(0.,-118.3));
#6602 = VECTOR('',#6603,1.);
#6603 = DIRECTION('',(1.,0.));
#6604 = ( GEOMETRIC_REPRESENTATION_CONTEXT(2) 
PARAMETRIC_REPRESENTATION_CONTEXT() REPRESENTATION_CONTEXT('2D SPACE',''
  ) );
#6605 = ORIENTED_EDGE('',*,*,#6606,.T.);
#6606 = EDGE_CURVE('',#6584,#6607,#6609,.T.);
#6607 = VERTEX_POINT('',#6608);
#6608 = CARTESIAN_POINT('',(79.342936748664,113.3,538.82163314056));
#6609 = SURFACE_CURVE('',#6610,(#6614,#6621),.PCURVE_S1.);
#6610 = LINE('',#6611,#6612);
#6611 = CARTESIAN_POINT('',(80.446226966569,113.3,539.49245049493));
#6612 = VECTOR('',#6613,1.);
#6613 = DIRECTION('',(-0.85445663423,0.,-0.519522723487));
#6614 = PCURVE('',#166,#6615);
#6615 = DEFINITIONAL_REPRESENTATION('',(#6616),#6620);
#6616 = LINE('',#6617,#6618);
#6617 = CARTESIAN_POINT('',(-32.87708822891,-29.55377303343));
#6618 = VECTOR('',#6619,1.);
#6619 = DIRECTION('',(0.519522723487,-0.85445663423));
#6620 = ( GEOMETRIC_REPRESENTATION_CONTEXT(2) 
PARAMETRIC_REPRESENTATION_CONTEXT() REPRESENTATION_CONTEXT('2D SPACE',''
  ) );
#6621 = PCURVE('',#3235,#6622);
#6622 = DEFINITIONAL_REPRESENTATION('',(#6623),#6627);
#6623 = LINE('',#6624,#6625);
#6624 = CARTESIAN_POINT('',(0.,-118.3));
#6625 = VECTOR('',#6626,1.);
#6626 = DIRECTION('',(1.,0.));
#6627 = ( GEOMETRIC_REPRESENTATION_CONTEXT(2) 
PARAMETRIC_REPRESENTATION_CONTEXT() REPRESENTATION_CONTEXT('2D SPACE',''
  ) );
#6628 = ORIENTED_EDGE('',*,*,#6629,.T.);
#6629 = EDGE_CURVE('',#6607,#6630,#6632,.T.);
#6630 = VERTEX_POINT('',#6631);
#6631 = CARTESIAN_POINT('',(78.225804233603,113.3,538.12138343149));
#6632 = SURFACE_CURVE('',#6633,(#6637,#6644),.PCURVE_S1.);
#6633 = LINE('',#6634,#6635);
#6634 = CARTESIAN_POINT('',(79.342936748664,113.3,538.82163314056));
#6635 = VECTOR('',#6636,1.);
#6636 = DIRECTION('',(-0.847301531404,0.,-0.531112149062));
#6637 = PCURVE('',#166,#6638);
#6638 = DEFINITIONAL_REPRESENTATION('',(#6639),#6643);
#6639 = LINE('',#6640,#6641);
#6640 = CARTESIAN_POINT('',(-32.20627087454,-30.65706325133));
#6641 = VECTOR('',#6642,1.);
#6642 = DIRECTION('',(0.531112149062,-0.847301531404));
#6643 = ( GEOMETRIC_REPRESENTATION_CONTEXT(2) 
PARAMETRIC_REPRESENTATION_CONTEXT() REPRESENTATION_CONTEXT('2D SPACE',''
  ) );
#6644 = PCURVE('',#3261,#6645);
#6645 = DEFINITIONAL_REPRESENTATION('',(#6646),#6650);
#6646 = LINE('',#6647,#6648);
#6647 = CARTESIAN_POINT('',(0.,-118.3));
#6648 = VECTOR('',#6649,1.);
#6649 = DIRECTION('',(1.,0.));
#6650 = ( GEOMETRIC_REPRESENTATION_CONTEXT(2) 
PARAMETRIC_REPRESENTATION_CONTEXT() REPRESENTATION_CONTEXT('2D SPACE',''
  ) );
#6651 = ORIENTED_EDGE('',*,*,#6652,.T.);
#6652 = EDGE_CURVE('',#6630,#6653,#6655,.T.);
#6653 = VERTEX_POINT('',#6654);
#6654 = CARTESIAN_POINT('',(77.09355308715,113.3,537.39004772192));
#6655 = SURFACE_CURVE('',#6656,(#6660,#6667),.PCURVE_S1.);
#6656 = LINE('',#6657,#6658);
#6657 = CARTESIAN_POINT('',(78.225804233603,113.3,538.12138343149));
#6658 = VECTOR('',#6659,1.);
#6659 = DIRECTION('',(-0.840008886336,0.,-0.542572641107));
#6660 = PCURVE('',#166,#6661);
#6661 = DEFINITIONAL_REPRESENTATION('',(#6662),#6666);
#6662 = LINE('',#6663,#6664);
#6663 = CARTESIAN_POINT('',(-31.50602116547,-31.77419576639));
#6664 = VECTOR('',#6665,1.);
#6665 = DIRECTION('',(0.542572641107,-0.840008886336));
#6666 = ( GEOMETRIC_REPRESENTATION_CONTEXT(2) 
PARAMETRIC_REPRESENTATION_CONTEXT() REPRESENTATION_CONTEXT('2D SPACE',''
  ) );
#6667 = PCURVE('',#3287,#6668);
#6668 = DEFINITIONAL_REPRESENTATION('',(#6669),#6673);
#6669 = LINE('',#6670,#6671);
#6670 = CARTESIAN_POINT('',(0.,-118.3));
#6671 = VECTOR('',#6672,1.);
#6672 = DIRECTION('',(1.,0.));
#6673 = ( GEOMETRIC_REPRESENTATION_CONTEXT(2) 
PARAMETRIC_REPRESENTATION_CONTEXT() REPRESENTATION_CONTEXT('2D SPACE',''
  ) );
#6674 = ORIENTED_EDGE('',*,*,#6675,.T.);
#6675 = EDGE_CURVE('',#6653,#6676,#6678,.T.);
#6676 = VERTEX_POINT('',#6677);
#6677 = CARTESIAN_POINT('',(75.94484455531,113.3,536.62583570308));
#6678 = SURFACE_CURVE('',#6679,(#6683,#6690),.PCURVE_S1.);
#6679 = LINE('',#6680,#6681);
#6680 = CARTESIAN_POINT('',(77.09355308715,113.3,537.39004772192));
#6681 = VECTOR('',#6682,1.);
#6682 = DIRECTION('',(-0.832583028544,0.,-0.553900262305));
#6683 = PCURVE('',#166,#6684);
#6684 = DEFINITIONAL_REPRESENTATION('',(#6685),#6689);
#6685 = LINE('',#6686,#6687);
#6686 = CARTESIAN_POINT('',(-30.7746854559,-32.90644691285));
#6687 = VECTOR('',#6688,1.);
#6688 = DIRECTION('',(0.553900262305,-0.832583028544));
#6689 = ( GEOMETRIC_REPRESENTATION_CONTEXT(2) 
PARAMETRIC_REPRESENTATION_CONTEXT() REPRESENTATION_CONTEXT('2D SPACE',''
  ) );
#6690 = PCURVE('',#3313,#6691);
#6691 = DEFINITIONAL_REPRESENTATION('',(#6692),#6696);
#6692 = LINE('',#6693,#6694);
#6693 = CARTESIAN_POINT('',(0.,-118.3));
#6694 = VECTOR('',#6695,1.);
#6695 = DIRECTION('',(1.,0.));
#6696 = ( GEOMETRIC_REPRESENTATION_CONTEXT(2) 
PARAMETRIC_REPRESENTATION_CONTEXT() REPRESENTATION_CONTEXT('2D SPACE',''
  ) );
#6697 = ORIENTED_EDGE('',*,*,#6698,.T.);
#6698 = EDGE_CURVE('',#6676,#6699,#6701,.T.);
#6699 = VERTEX_POINT('',#6700);
#6700 = CARTESIAN_POINT('',(74.778251593394,113.3,535.82681318007));
#6701 = SURFACE_CURVE('',#6702,(#6706,#6713),.PCURVE_S1.);
#6702 = LINE('',#6703,#6704);
#6703 = CARTESIAN_POINT('',(75.94484455531,113.3,536.62583570308));
#6704 = VECTOR('',#6705,1.);
#6705 = DIRECTION('',(-0.825034482637,0.,-0.565082385552));
#6706 = PCURVE('',#166,#6707);
#6707 = DEFINITIONAL_REPRESENTATION('',(#6708),#6712);
#6708 = LINE('',#6709,#6710);
#6709 = CARTESIAN_POINT('',(-30.01047343706,-34.05515544469));
#6710 = VECTOR('',#6711,1.);
#6711 = DIRECTION('',(0.565082385552,-0.825034482637));
#6712 = ( GEOMETRIC_REPRESENTATION_CONTEXT(2) 
PARAMETRIC_REPRESENTATION_CONTEXT() REPRESENTATION_CONTEXT('2D SPACE',''
  ) );
#6713 = PCURVE('',#3339,#6714);
#6714 = DEFINITIONAL_REPRESENTATION('',(#6715),#6719);
#6715 = LINE('',#6716,#6717);
#6716 = CARTESIAN_POINT('',(0.,-118.3));
#6717 = VECTOR('',#6718,1.);
#6718 = DIRECTION('',(1.,0.));
#6719 = ( GEOMETRIC_REPRESENTATION_CONTEXT(2) 
PARAMETRIC_REPRESENTATION_CONTEXT() REPRESENTATION_CONTEXT('2D SPACE',''
  ) );
#6720 = ORIENTED_EDGE('',*,*,#6721,.T.);
#6721 = EDGE_CURVE('',#6699,#6722,#6724,.T.);
#6722 = VERTEX_POINT('',#6723);
#6723 = CARTESIAN_POINT('',(73.592227676189,113.3,534.99089081675));
#6724 = SURFACE_CURVE('',#6725,(#6729,#6736),.PCURVE_S1.);
#6725 = LINE('',#6726,#6727);
#6726 = CARTESIAN_POINT('',(74.778251593394,113.3,535.82681318007));
#6727 = VECTOR('',#6728,1.);
#6728 = DIRECTION('',(-0.817380335715,0.,-0.576098417621));
#6729 = PCURVE('',#166,#6730);
#6730 = DEFINITIONAL_REPRESENTATION('',(#6731),#6735);
#6731 = LINE('',#6732,#6733);
#6732 = CARTESIAN_POINT('',(-29.21145091405,-35.2217484066));
#6733 = VECTOR('',#6734,1.);
#6734 = DIRECTION('',(0.576098417621,-0.817380335715));
#6735 = ( GEOMETRIC_REPRESENTATION_CONTEXT(2) 
PARAMETRIC_REPRESENTATION_CONTEXT() REPRESENTATION_CONTEXT('2D SPACE',''
  ) );
#6736 = PCURVE('',#3365,#6737);
#6737 = DEFINITIONAL_REPRESENTATION('',(#6738),#6742);
#6738 = LINE('',#6739,#6740);
#6739 = CARTESIAN_POINT('',(0.,-118.3));
#6740 = VECTOR('',#6741,1.);
#6741 = DIRECTION('',(1.,0.));
#6742 = ( GEOMETRIC_REPRESENTATION_CONTEXT(2) 
PARAMETRIC_REPRESENTATION_CONTEXT() REPRESENTATION_CONTEXT('2D SPACE',''
  ) );
#6743 = ORIENTED_EDGE('',*,*,#6744,.T.);
#6744 = EDGE_CURVE('',#6722,#6745,#6747,.T.);
#6745 = VERTEX_POINT('',#6746);
#6746 = CARTESIAN_POINT('',(72.385070085555,113.3,534.11580780413));
#6747 = SURFACE_CURVE('',#6748,(#6752,#6759),.PCURVE_S1.);
#6748 = LINE('',#6749,#6750);
#6749 = CARTESIAN_POINT('',(73.592227676189,113.3,534.99089081675));
#6750 = VECTOR('',#6751,1.);
#6751 = DIRECTION('',(-0.809644303921,0.,-0.586920864452));
#6752 = PCURVE('',#166,#6753);
#6753 = DEFINITIONAL_REPRESENTATION('',(#6754),#6758);
#6754 = LINE('',#6755,#6756);
#6755 = CARTESIAN_POINT('',(-28.37552855073,-36.40777232381));
#6756 = VECTOR('',#6757,1.);
#6757 = DIRECTION('',(0.586920864452,-0.809644303921));
#6758 = ( GEOMETRIC_REPRESENTATION_CONTEXT(2) 
PARAMETRIC_REPRESENTATION_CONTEXT() REPRESENTATION_CONTEXT('2D SPACE',''
  ) );
#6759 = PCURVE('',#3391,#6760);
#6760 = DEFINITIONAL_REPRESENTATION('',(#6761),#6765);
#6761 = LINE('',#6762,#6763);
#6762 = CARTESIAN_POINT('',(0.,-118.3));
#6763 = VECTOR('',#6764,1.);
#6764 = DIRECTION('',(1.,0.));
#6765 = ( GEOMETRIC_REPRESENTATION_CONTEXT(2) 
PARAMETRIC_REPRESENTATION_CONTEXT() REPRESENTATION_CONTEXT('2D SPACE',''
  ) );
#6766 = ORIENTED_EDGE('',*,*,#6767,.T.);
#6767 = EDGE_CURVE('',#6745,#6768,#6770,.T.);
#6768 = VERTEX_POINT('',#6769);
#6769 = CARTESIAN_POINT('',(71.154877678735,113.3,533.19910924873));
#6770 = SURFACE_CURVE('',#6771,(#6775,#6782),.PCURVE_S1.);
#6771 = LINE('',#6772,#6773);
#6772 = CARTESIAN_POINT('',(72.385070085555,113.3,534.11580780413));
#6773 = VECTOR('',#6774,1.);
#6774 = DIRECTION('',(-0.801856405419,0.,-0.597516782266));
#6775 = PCURVE('',#166,#6776);
#6776 = DEFINITIONAL_REPRESENTATION('',(#6777),#6781);
#6777 = LINE('',#6778,#6779);
#6778 = CARTESIAN_POINT('',(-27.50044553811,-37.61492991444));
#6779 = VECTOR('',#6780,1.);
#6780 = DIRECTION('',(0.597516782266,-0.801856405419));
#6781 = ( GEOMETRIC_REPRESENTATION_CONTEXT(2) 
PARAMETRIC_REPRESENTATION_CONTEXT() REPRESENTATION_CONTEXT('2D SPACE',''
  ) );
#6782 = PCURVE('',#3417,#6783);
#6783 = DEFINITIONAL_REPRESENTATION('',(#6784),#6788);
#6784 = LINE('',#6785,#6786);
#6785 = CARTESIAN_POINT('',(0.,-118.3));
#6786 = VECTOR('',#6787,1.);
#6787 = DIRECTION('',(1.,0.));
#6788 = ( GEOMETRIC_REPRESENTATION_CONTEXT(2) 
PARAMETRIC_REPRESENTATION_CONTEXT() REPRESENTATION_CONTEXT('2D SPACE',''
  ) );
#6789 = ORIENTED_EDGE('',*,*,#6790,.T.);
#6790 = EDGE_CURVE('',#6768,#6791,#6793,.T.);
#6791 = VERTEX_POINT('',#6792);
#6792 = CARTESIAN_POINT('',(69.899503458564,113.3,532.23811594373));
#6793 = SURFACE_CURVE('',#6794,(#6798,#6805),.PCURVE_S1.);
#6794 = LINE('',#6795,#6796);
#6795 = CARTESIAN_POINT('',(71.154877678735,113.3,533.19910924873));
#6796 = VECTOR('',#6797,1.);
#6797 = DIRECTION('',(-0.79405213693,0.,-0.607849655619));
#6798 = PCURVE('',#166,#6799);
#6799 = DEFINITIONAL_REPRESENTATION('',(#6800),#6804);
#6800 = LINE('',#6801,#6802);
#6801 = CARTESIAN_POINT('',(-26.58374698271,-38.84512232126));
#6802 = VECTOR('',#6803,1.);
#6803 = DIRECTION('',(0.607849655619,-0.79405213693));
#6804 = ( GEOMETRIC_REPRESENTATION_CONTEXT(2) 
PARAMETRIC_REPRESENTATION_CONTEXT() REPRESENTATION_CONTEXT('2D SPACE',''
  ) );
#6805 = PCURVE('',#3443,#6806);
#6806 = DEFINITIONAL_REPRESENTATION('',(#6807),#6811);
#6807 = LINE('',#6808,#6809);
#6808 = CARTESIAN_POINT('',(0.,-118.3));
#6809 = VECTOR('',#6810,1.);
#6810 = DIRECTION('',(1.,0.));
#6811 = ( GEOMETRIC_REPRESENTATION_CONTEXT(2) 
PARAMETRIC_REPRESENTATION_CONTEXT() REPRESENTATION_CONTEXT('2D SPACE',''
  ) );
#6812 = ORIENTED_EDGE('',*,*,#6813,.T.);
#6813 = EDGE_CURVE('',#6791,#6814,#6816,.T.);
#6814 = VERTEX_POINT('',#6815);
#6815 = CARTESIAN_POINT('',(68.616502703161,113.3,531.2298851105));
#6816 = SURFACE_CURVE('',#6817,(#6821,#6828),.PCURVE_S1.);
#6817 = LINE('',#6818,#6819);
#6818 = CARTESIAN_POINT('',(69.899503458564,113.3,532.23811594373));
#6819 = VECTOR('',#6820,1.);
#6820 = DIRECTION('',(-0.786271055396,0.,-0.617881726098));
#6821 = PCURVE('',#166,#6822);
#6822 = DEFINITIONAL_REPRESENTATION('',(#6823),#6827);
#6823 = LINE('',#6824,#6825);
#6824 = CARTESIAN_POINT('',(-25.62275367772,-40.10049654143));
#6825 = VECTOR('',#6826,1.);
#6826 = DIRECTION('',(0.617881726098,-0.786271055396));
#6827 = ( GEOMETRIC_REPRESENTATION_CONTEXT(2) 
PARAMETRIC_REPRESENTATION_CONTEXT() REPRESENTATION_CONTEXT('2D SPACE',''
  ) );
#6828 = PCURVE('',#3469,#6829);
#6829 = DEFINITIONAL_REPRESENTATION('',(#6830),#6834);
#6830 = LINE('',#6831,#6832);
#6831 = CARTESIAN_POINT('',(0.,-118.3));
#6832 = VECTOR('',#6833,1.);
#6833 = DIRECTION('',(1.,0.));
#6834 = ( GEOMETRIC_REPRESENTATION_CONTEXT(2) 
PARAMETRIC_REPRESENTATION_CONTEXT() REPRESENTATION_CONTEXT('2D SPACE',''
  ) );
#6835 = ORIENTED_EDGE('',*,*,#6836,.T.);
#6836 = EDGE_CURVE('',#6814,#6837,#6839,.T.);
#6837 = VERTEX_POINT('',#6838);
#6838 = CARTESIAN_POINT('',(67.30307795714,113.3,530.17116071633));
#6839 = SURFACE_CURVE('',#6840,(#6844,#6851),.PCURVE_S1.);
#6840 = LINE('',#6841,#6842);
#6841 = CARTESIAN_POINT('',(68.616502703161,113.3,531.2298851105));
#6842 = VECTOR('',#6843,1.);
#6843 = DIRECTION('',(-0.778554693471,0.,-0.627576759667));
#6844 = PCURVE('',#166,#6845);
#6845 = DEFINITIONAL_REPRESENTATION('',(#6846),#6850);
#6846 = LINE('',#6847,#6848);
#6847 = CARTESIAN_POINT('',(-24.61452284448,-41.38349729683));
#6848 = VECTOR('',#6849,1.);
#6849 = DIRECTION('',(0.627576759667,-0.778554693471));
#6850 = ( GEOMETRIC_REPRESENTATION_CONTEXT(2) 
PARAMETRIC_REPRESENTATION_CONTEXT() REPRESENTATION_CONTEXT('2D SPACE',''
  ) );
#6851 = PCURVE('',#3495,#6852);
#6852 = DEFINITIONAL_REPRESENTATION('',(#6853),#6857);
#6853 = LINE('',#6854,#6855);
#6854 = CARTESIAN_POINT('',(0.,-118.3));
#6855 = VECTOR('',#6856,1.);
#6856 = DIRECTION('',(1.,0.));
#6857 = ( GEOMETRIC_REPRESENTATION_CONTEXT(2) 
PARAMETRIC_REPRESENTATION_CONTEXT() REPRESENTATION_CONTEXT('2D SPACE',''
  ) );
#6858 = ORIENTED_EDGE('',*,*,#6859,.T.);
#6859 = EDGE_CURVE('',#6837,#6860,#6862,.T.);
#6860 = VERTEX_POINT('',#6861);
#6861 = CARTESIAN_POINT('',(65.956022803293,113.3,529.05831212277));
#6862 = SURFACE_CURVE('',#6863,(#6867,#6874),.PCURVE_S1.);
#6863 = LINE('',#6864,#6865);
#6864 = CARTESIAN_POINT('',(67.30307795714,113.3,530.17116071633));
#6865 = VECTOR('',#6866,1.);
#6866 = DIRECTION('',(-0.770943794143,0.,-0.636903184379));
#6867 = PCURVE('',#166,#6868);
#6868 = DEFINITIONAL_REPRESENTATION('',(#6869),#6873);
#6869 = LINE('',#6870,#6871);
#6870 = CARTESIAN_POINT('',(-23.55579845031,-42.69692204286));
#6871 = VECTOR('',#6872,1.);
#6872 = DIRECTION('',(0.636903184379,-0.770943794143));
#6873 = ( GEOMETRIC_REPRESENTATION_CONTEXT(2) 
PARAMETRIC_REPRESENTATION_CONTEXT() REPRESENTATION_CONTEXT('2D SPACE',''
  ) );
#6874 = PCURVE('',#3521,#6875);
#6875 = DEFINITIONAL_REPRESENTATION('',(#6876),#6880);
#6876 = LINE('',#6877,#6878);
#6877 = CARTESIAN_POINT('',(0.,-118.3));
#6878 = VECTOR('',#6879,1.);
#6879 = DIRECTION('',(1.,0.));
#6880 = ( GEOMETRIC_REPRESENTATION_CONTEXT(2) 
PARAMETRIC_REPRESENTATION_CONTEXT() REPRESENTATION_CONTEXT('2D SPACE',''
  ) );
#6881 = ORIENTED_EDGE('',*,*,#6882,.T.);
#6882 = EDGE_CURVE('',#6860,#6883,#6885,.T.);
#6883 = VERTEX_POINT('',#6884);
#6884 = CARTESIAN_POINT('',(64.571666955624,113.3,527.88726011837));
#6885 = SURFACE_CURVE('',#6886,(#6890,#6897),.PCURVE_S1.);
#6886 = LINE('',#6887,#6888);
#6887 = CARTESIAN_POINT('',(65.956022803293,113.3,529.05831212277));
#6888 = VECTOR('',#6889,1.);
#6889 = DIRECTION('',(-0.763474938654,0.,-0.645837454819));
#6890 = PCURVE('',#166,#6891);
#6891 = DEFINITIONAL_REPRESENTATION('',(#6892),#6896);
#6892 = LINE('',#6893,#6894);
#6893 = CARTESIAN_POINT('',(-22.44294985675,-44.0439771967));
#6894 = VECTOR('',#6895,1.);
#6895 = DIRECTION('',(0.645837454819,-0.763474938654));
#6896 = ( GEOMETRIC_REPRESENTATION_CONTEXT(2) 
PARAMETRIC_REPRESENTATION_CONTEXT() REPRESENTATION_CONTEXT('2D SPACE',''
  ) );
#6897 = PCURVE('',#3547,#6898);
#6898 = DEFINITIONAL_REPRESENTATION('',(#6899),#6903);
#6899 = LINE('',#6900,#6901);
#6900 = CARTESIAN_POINT('',(0.,-118.3));
#6901 = VECTOR('',#6902,1.);
#6902 = DIRECTION('',(1.,0.));
#6903 = ( GEOMETRIC_REPRESENTATION_CONTEXT(2) 
PARAMETRIC_REPRESENTATION_CONTEXT() REPRESENTATION_CONTEXT('2D SPACE',''
  ) );
#6904 = ORIENTED_EDGE('',*,*,#6905,.T.);
#6905 = EDGE_CURVE('',#6883,#6906,#6908,.T.);
#6906 = VERTEX_POINT('',#6907);
#6907 = CARTESIAN_POINT('',(63.145825742049,113.3,526.65338984223));
#6908 = SURFACE_CURVE('',#6909,(#6913,#6920),.PCURVE_S1.);
#6909 = LINE('',#6910,#6911);
#6910 = CARTESIAN_POINT('',(64.571666955624,113.3,527.88726011837));
#6911 = VECTOR('',#6912,1.);
#6912 = DIRECTION('',(-0.756176758168,0.,-0.654367412397));
#6913 = PCURVE('',#166,#6914);
#6914 = DEFINITIONAL_REPRESENTATION('',(#6915),#6919);
#6915 = LINE('',#6916,#6917);
#6916 = CARTESIAN_POINT('',(-21.27189785235,-45.42833304437));
#6917 = VECTOR('',#6918,1.);
#6918 = DIRECTION('',(0.654367412397,-0.756176758168));
#6919 = ( GEOMETRIC_REPRESENTATION_CONTEXT(2) 
PARAMETRIC_REPRESENTATION_CONTEXT() REPRESENTATION_CONTEXT('2D SPACE',''
  ) );
#6920 = PCURVE('',#3573,#6921);
#6921 = DEFINITIONAL_REPRESENTATION('',(#6922),#6926);
#6922 = LINE('',#6923,#6924);
#6923 = CARTESIAN_POINT('',(0.,-118.3));
#6924 = VECTOR('',#6925,1.);
#6925 = DIRECTION('',(1.,0.));
#6926 = ( GEOMETRIC_REPRESENTATION_CONTEXT(2) 
PARAMETRIC_REPRESENTATION_CONTEXT() REPRESENTATION_CONTEXT('2D SPACE',''
  ) );
#6927 = ORIENTED_EDGE('',*,*,#6928,.T.);
#6928 = EDGE_CURVE('',#6906,#6929,#6931,.T.);
#6929 = VERTEX_POINT('',#6930);
#6930 = CARTESIAN_POINT('',(61.673757353907,113.3,525.35145067399));
#6931 = SURFACE_CURVE('',#6932,(#6936,#6943),.PCURVE_S1.);
#6932 = LINE('',#6933,#6934);
#6933 = CARTESIAN_POINT('',(63.145825742049,113.3,526.65338984223));
#6934 = VECTOR('',#6935,1.);
#6935 = DIRECTION('',(-0.74906604727,0.,-0.662495325891));
#6936 = PCURVE('',#166,#6937);
#6937 = DEFINITIONAL_REPRESENTATION('',(#6938),#6942);
#6938 = LINE('',#6939,#6940);
#6939 = CARTESIAN_POINT('',(-20.03802757621,-46.85417425795));
#6940 = VECTOR('',#6941,1.);
#6941 = DIRECTION('',(0.662495325891,-0.74906604727));
#6942 = ( GEOMETRIC_REPRESENTATION_CONTEXT(2) 
PARAMETRIC_REPRESENTATION_CONTEXT() REPRESENTATION_CONTEXT('2D SPACE',''
  ) );
#6943 = PCURVE('',#3599,#6944);
#6944 = DEFINITIONAL_REPRESENTATION('',(#6945),#6949);
#6945 = LINE('',#6946,#6947);
#6946 = CARTESIAN_POINT('',(0.,-118.3));
#6947 = VECTOR('',#6948,1.);
#6948 = DIRECTION('',(1.,0.));
#6949 = ( GEOMETRIC_REPRESENTATION_CONTEXT(2) 
PARAMETRIC_REPRESENTATION_CONTEXT() REPRESENTATION_CONTEXT('2D SPACE',''
  ) );
#6950 = ORIENTED_EDGE('',*,*,#6951,.T.);
#6951 = EDGE_CURVE('',#6929,#6952,#6954,.T.);
#6952 = VERTEX_POINT('',#6953);
#6953 = CARTESIAN_POINT('',(60.150131201104,113.3,523.975443775));
#6954 = SURFACE_CURVE('',#6955,(#6959,#6966),.PCURVE_S1.);
#6955 = LINE('',#6956,#6957);
#6956 = CARTESIAN_POINT('',(61.673757353907,113.3,525.35145067399));
#6957 = VECTOR('',#6958,1.);
#6958 = DIRECTION('',(-0.74214420886,0.,-0.67024023548));
#6959 = PCURVE('',#166,#6960);
#6960 = DEFINITIONAL_REPRESENTATION('',(#6961),#6965);
#6961 = LINE('',#6962,#6963);
#6962 = CARTESIAN_POINT('',(-18.73608840797,-48.32624264609));
#6963 = VECTOR('',#6964,1.);
#6964 = DIRECTION('',(0.67024023548,-0.74214420886));
#6965 = ( GEOMETRIC_REPRESENTATION_CONTEXT(2) 
PARAMETRIC_REPRESENTATION_CONTEXT() REPRESENTATION_CONTEXT('2D SPACE',''
  ) );
#6966 = PCURVE('',#3625,#6967);
#6967 = DEFINITIONAL_REPRESENTATION('',(#6968),#6972);
#6968 = LINE('',#6969,#6970);
#6969 = CARTESIAN_POINT('',(0.,-118.3));
#6970 = VECTOR('',#6971,1.);
#6971 = DIRECTION('',(1.,0.));
#6972 = ( GEOMETRIC_REPRESENTATION_CONTEXT(2) 
PARAMETRIC_REPRESENTATION_CONTEXT() REPRESENTATION_CONTEXT('2D SPACE',''
  ) );
#6973 = ORIENTED_EDGE('',*,*,#6974,.T.);
#6974 = EDGE_CURVE('',#6952,#6975,#6977,.T.);
#6975 = VERTEX_POINT('',#6976);
#6976 = CARTESIAN_POINT('',(58.569010224802,113.3,522.5184984999));
#6977 = SURFACE_CURVE('',#6978,(#6982,#6989),.PCURVE_S1.);
#6978 = LINE('',#6979,#6980);
#6979 = CARTESIAN_POINT('',(60.150131201104,113.3,523.975443775));
#6980 = VECTOR('',#6981,1.);
#6981 = DIRECTION('',(-0.735394519762,0.,-0.677639211014));
#6982 = PCURVE('',#166,#6983);
#6983 = DEFINITIONAL_REPRESENTATION('',(#6984),#6988);
#6984 = LINE('',#6985,#6986);
#6985 = CARTESIAN_POINT('',(-17.36008150898,-49.84986879889));
#6986 = VECTOR('',#6987,1.);
#6987 = DIRECTION('',(0.677639211014,-0.735394519762));
#6988 = ( GEOMETRIC_REPRESENTATION_CONTEXT(2) 
PARAMETRIC_REPRESENTATION_CONTEXT() REPRESENTATION_CONTEXT('2D SPACE',''
  ) );
#6989 = PCURVE('',#3651,#6990);
#6990 = DEFINITIONAL_REPRESENTATION('',(#6991),#6995);
#6991 = LINE('',#6992,#6993);
#6992 = CARTESIAN_POINT('',(0.,-118.3));
#6993 = VECTOR('',#6994,1.);
#6994 = DIRECTION('',(1.,0.));
#6995 = ( GEOMETRIC_REPRESENTATION_CONTEXT(2) 
PARAMETRIC_REPRESENTATION_CONTEXT() REPRESENTATION_CONTEXT('2D SPACE',''
  ) );
#6996 = ORIENTED_EDGE('',*,*,#6997,.T.);
#6997 = EDGE_CURVE('',#6975,#6998,#7000,.T.);
#6998 = VERTEX_POINT('',#6999);
#6999 = CARTESIAN_POINT('',(56.923849049418,113.3,520.97273922404));
#7000 = SURFACE_CURVE('',#7001,(#7005,#7012),.PCURVE_S1.);
#7001 = LINE('',#7002,#7003);
#7002 = CARTESIAN_POINT('',(58.569010224802,113.3,522.5184984999));
#7003 = VECTOR('',#7004,1.);
#7004 = DIRECTION('',(-0.728780680991,0.,-0.684747193506));
#7005 = PCURVE('',#166,#7006);
#7006 = DEFINITIONAL_REPRESENTATION('',(#7007),#7011);
#7007 = LINE('',#7008,#7009);
#7008 = CARTESIAN_POINT('',(-15.90313623388,-51.43098977519));
#7009 = VECTOR('',#7010,1.);
#7010 = DIRECTION('',(0.684747193506,-0.728780680991));
#7011 = ( GEOMETRIC_REPRESENTATION_CONTEXT(2) 
PARAMETRIC_REPRESENTATION_CONTEXT() REPRESENTATION_CONTEXT('2D SPACE',''
  ) );
#7012 = PCURVE('',#3677,#7013);
#7013 = DEFINITIONAL_REPRESENTATION('',(#7014),#7018);
#7014 = LINE('',#7015,#7016);
#7015 = CARTESIAN_POINT('',(0.,-118.3));
#7016 = VECTOR('',#7017,1.);
#7017 = DIRECTION('',(1.,0.));
#7018 = ( GEOMETRIC_REPRESENTATION_CONTEXT(2) 
PARAMETRIC_REPRESENTATION_CONTEXT() REPRESENTATION_CONTEXT('2D SPACE',''
  ) );
#7019 = ORIENTED_EDGE('',*,*,#7020,.T.);
#7020 = EDGE_CURVE('',#6998,#7021,#7023,.T.);
#7021 = VERTEX_POINT('',#7022);
#7022 = CARTESIAN_POINT('',(55.207508470142,113.3,519.3291441275));
#7023 = SURFACE_CURVE('',#7024,(#7028,#7035),.PCURVE_S1.);
#7024 = LINE('',#7025,#7026);
#7025 = CARTESIAN_POINT('',(56.923849049418,113.3,520.97273922404));
#7026 = VECTOR('',#7027,1.);
#7027 = DIRECTION('',(-0.722246987869,0.,-0.69163522793));
#7028 = PCURVE('',#166,#7029);
#7029 = DEFINITIONAL_REPRESENTATION('',(#7030),#7034);
#7030 = LINE('',#7031,#7032);
#7031 = CARTESIAN_POINT('',(-14.35737695802,-53.07615095058));
#7032 = VECTOR('',#7033,1.);
#7033 = DIRECTION('',(0.69163522793,-0.722246987869));
#7034 = ( GEOMETRIC_REPRESENTATION_CONTEXT(2) 
PARAMETRIC_REPRESENTATION_CONTEXT() REPRESENTATION_CONTEXT('2D SPACE',''
  ) );
#7035 = PCURVE('',#3703,#7036);
#7036 = DEFINITIONAL_REPRESENTATION('',(#7037),#7041);
#7037 = LINE('',#7038,#7039);
#7038 = CARTESIAN_POINT('',(0.,-118.3));
#7039 = VECTOR('',#7040,1.);
#7040 = DIRECTION('',(1.,0.));
#7041 = ( GEOMETRIC_REPRESENTATION_CONTEXT(2) 
PARAMETRIC_REPRESENTATION_CONTEXT() REPRESENTATION_CONTEXT('2D SPACE',''
  ) );
#7042 = ORIENTED_EDGE('',*,*,#7043,.T.);
#7043 = EDGE_CURVE('',#7021,#7044,#7046,.T.);
#7044 = VERTEX_POINT('',#7045);
#7045 = CARTESIAN_POINT('',(53.411832055128,113.3,517.57695039873));
#7046 = SURFACE_CURVE('',#7047,(#7051,#7058),.PCURVE_S1.);
#7047 = LINE('',#7048,#7049);
#7048 = CARTESIAN_POINT('',(55.207508470142,113.3,519.3291441275));
#7049 = VECTOR('',#7050,1.);
#7050 = DIRECTION('',(-0.715719327966,0.,-0.69838803224));
#7051 = PCURVE('',#166,#7052);
#7052 = DEFINITIONAL_REPRESENTATION('',(#7053),#7057);
#7053 = LINE('',#7054,#7055);
#7054 = CARTESIAN_POINT('',(-12.71378186148,-54.79249152985));
#7055 = VECTOR('',#7056,1.);
#7056 = DIRECTION('',(0.69838803224,-0.715719327966));
#7057 = ( GEOMETRIC_REPRESENTATION_CONTEXT(2) 
PARAMETRIC_REPRESENTATION_CONTEXT() REPRESENTATION_CONTEXT('2D SPACE',''
  ) );
#7058 = PCURVE('',#3729,#7059);
#7059 = DEFINITIONAL_REPRESENTATION('',(#7060),#7064);
#7060 = LINE('',#7061,#7062);
#7061 = CARTESIAN_POINT('',(0.,-118.3));
#7062 = VECTOR('',#7063,1.);
#7063 = DIRECTION('',(1.,0.));
#7064 = ( GEOMETRIC_REPRESENTATION_CONTEXT(2) 
PARAMETRIC_REPRESENTATION_CONTEXT() REPRESENTATION_CONTEXT('2D SPACE',''
  ) );
#7065 = ORIENTED_EDGE('',*,*,#7066,.T.);
#7066 = EDGE_CURVE('',#7044,#7067,#7069,.T.);
#7067 = VERTEX_POINT('',#7068);
#7068 = CARTESIAN_POINT('',(51.532203861489,113.3,515.70405427801));
#7069 = SURFACE_CURVE('',#7070,(#7074,#7081),.PCURVE_S1.);
#7070 = LINE('',#7071,#7072);
#7071 = CARTESIAN_POINT('',(53.411832055128,113.3,517.57695039873));
#7072 = VECTOR('',#7073,1.);
#7073 = DIRECTION('',(-0.708374199156,0.,-0.705837087415));
#7074 = PCURVE('',#166,#7075);
#7075 = DEFINITIONAL_REPRESENTATION('',(#7076),#7080);
#7076 = LINE('',#7077,#7078);
#7077 = CARTESIAN_POINT('',(-10.96158813271,-56.58816794487));
#7078 = VECTOR('',#7079,1.);
#7079 = DIRECTION('',(0.705837087415,-0.708374199156));
#7080 = ( GEOMETRIC_REPRESENTATION_CONTEXT(2) 
PARAMETRIC_REPRESENTATION_CONTEXT() REPRESENTATION_CONTEXT('2D SPACE',''
  ) );
#7081 = PCURVE('',#3755,#7082);
#7082 = DEFINITIONAL_REPRESENTATION('',(#7083),#7087);
#7083 = LINE('',#7084,#7085);
#7084 = CARTESIAN_POINT('',(0.,-118.3));
#7085 = VECTOR('',#7086,1.);
#7086 = DIRECTION('',(1.,0.));
#7087 = ( GEOMETRIC_REPRESENTATION_CONTEXT(2) 
PARAMETRIC_REPRESENTATION_CONTEXT() REPRESENTATION_CONTEXT('2D SPACE',''
  ) );
#7088 = ORIENTED_EDGE('',*,*,#7089,.T.);
#7089 = EDGE_CURVE('',#7067,#7090,#7092,.T.);
#7090 = VERTEX_POINT('',#7091);
#7091 = CARTESIAN_POINT('',(49.566060478304,113.3,513.69821889004));
#7092 = SURFACE_CURVE('',#7093,(#7097,#7104),.PCURVE_S1.);
#7093 = LINE('',#7094,#7095);
#7094 = CARTESIAN_POINT('',(51.532203861489,113.3,515.70405427801));
#7095 = VECTOR('',#7096,1.);
#7096 = DIRECTION('',(-0.700005708932,0.,-0.714137246937));
#7097 = PCURVE('',#166,#7098);
#7098 = DEFINITIONAL_REPRESENTATION('',(#7099),#7103);
#7099 = LINE('',#7100,#7101);
#7100 = CARTESIAN_POINT('',(-9.08869201199,-58.46779613851));
#7101 = VECTOR('',#7102,1.);
#7102 = DIRECTION('',(0.714137246937,-0.700005708932));
#7103 = ( GEOMETRIC_REPRESENTATION_CONTEXT(2) 
PARAMETRIC_REPRESENTATION_CONTEXT() REPRESENTATION_CONTEXT('2D SPACE',''
  ) );
#7104 = PCURVE('',#3781,#7105);
#7105 = DEFINITIONAL_REPRESENTATION('',(#7106),#7110);
#7106 = LINE('',#7107,#7108);
#7107 = CARTESIAN_POINT('',(0.,-118.3));
#7108 = VECTOR('',#7109,1.);
#7109 = DIRECTION('',(1.,0.));
#7110 = ( GEOMETRIC_REPRESENTATION_CONTEXT(2) 
PARAMETRIC_REPRESENTATION_CONTEXT() REPRESENTATION_CONTEXT('2D SPACE',''
  ) );
#7111 = ORIENTED_EDGE('',*,*,#7112,.T.);
#7112 = EDGE_CURVE('',#7090,#7113,#7115,.T.);
#7113 = VERTEX_POINT('',#7114);
#7114 = CARTESIAN_POINT('',(47.507652755666,113.3,511.54592821616));
#7115 = SURFACE_CURVE('',#7116,(#7120,#7127),.PCURVE_S1.);
#7116 = LINE('',#7117,#7118);
#7117 = CARTESIAN_POINT('',(49.566060478304,113.3,513.69821889004));
#7118 = VECTOR('',#7119,1.);
#7119 = DIRECTION('',(-0.691169146327,0.,-0.722693026924));
#7120 = PCURVE('',#166,#7121);
#7121 = DEFINITIONAL_REPRESENTATION('',(#7122),#7126);
#7122 = LINE('',#7123,#7124);
#7123 = CARTESIAN_POINT('',(-7.082856624029,-60.43393952169));
#7124 = VECTOR('',#7125,1.);
#7125 = DIRECTION('',(0.722693026924,-0.691169146327));
#7126 = ( GEOMETRIC_REPRESENTATION_CONTEXT(2) 
PARAMETRIC_REPRESENTATION_CONTEXT() REPRESENTATION_CONTEXT('2D SPACE',''
  ) );
#7127 = PCURVE('',#3807,#7128);
#7128 = DEFINITIONAL_REPRESENTATION('',(#7129),#7133);
#7129 = LINE('',#7130,#7131);
#7130 = CARTESIAN_POINT('',(0.,-118.3));
#7131 = VECTOR('',#7132,1.);
#7132 = DIRECTION('',(1.,0.));
#7133 = ( GEOMETRIC_REPRESENTATION_CONTEXT(2) 
PARAMETRIC_REPRESENTATION_CONTEXT() REPRESENTATION_CONTEXT('2D SPACE',''
  ) );
#7134 = ORIENTED_EDGE('',*,*,#7135,.T.);
#7135 = EDGE_CURVE('',#7113,#7136,#7138,.T.);
#7136 = VERTEX_POINT('',#7137);
#7137 = CARTESIAN_POINT('',(45.351202593402,113.3,509.2318048195));
#7138 = SURFACE_CURVE('',#7139,(#7143,#7150),.PCURVE_S1.);
#7139 = LINE('',#7140,#7141);
#7140 = CARTESIAN_POINT('',(47.507652755666,113.3,511.54592821616));
#7141 = VECTOR('',#7142,1.);
#7142 = DIRECTION('',(-0.681743858372,0.,-0.731590945524));
#7143 = PCURVE('',#166,#7144);
#7144 = DEFINITIONAL_REPRESENTATION('',(#7145),#7149);
#7145 = LINE('',#7146,#7147);
#7146 = CARTESIAN_POINT('',(-4.930565950143,-62.49234724433));
#7147 = VECTOR('',#7148,1.);
#7148 = DIRECTION('',(0.731590945524,-0.681743858372));
#7149 = ( GEOMETRIC_REPRESENTATION_CONTEXT(2) 
PARAMETRIC_REPRESENTATION_CONTEXT() REPRESENTATION_CONTEXT('2D SPACE',''
  ) );
#7150 = PCURVE('',#3833,#7151);
#7151 = DEFINITIONAL_REPRESENTATION('',(#7152),#7156);
#7152 = LINE('',#7153,#7154);
#7153 = CARTESIAN_POINT('',(0.,-118.3));
#7154 = VECTOR('',#7155,1.);
#7155 = DIRECTION('',(1.,0.));
#7156 = ( GEOMETRIC_REPRESENTATION_CONTEXT(2) 
PARAMETRIC_REPRESENTATION_CONTEXT() REPRESENTATION_CONTEXT('2D SPACE',''
  ) );
#7157 = ORIENTED_EDGE('',*,*,#7158,.T.);
#7158 = EDGE_CURVE('',#7136,#7159,#7161,.T.);
#7159 = VERTEX_POINT('',#7160);
#7160 = CARTESIAN_POINT('',(43.091535259482,113.3,506.73897081203));
#7161 = SURFACE_CURVE('',#7162,(#7166,#7173),.PCURVE_S1.);
#7162 = LINE('',#7163,#7164);
#7163 = CARTESIAN_POINT('',(45.351202593402,113.3,509.2318048195));
#7164 = VECTOR('',#7165,1.);
#7165 = DIRECTION('',(-0.671606973527,0.,-0.740907600926));
#7166 = PCURVE('',#166,#7167);
#7167 = DEFINITIONAL_REPRESENTATION('',(#7168),#7172);
#7168 = LINE('',#7169,#7170);
#7169 = CARTESIAN_POINT('',(-2.616442553485,-64.64879740659));
#7170 = VECTOR('',#7171,1.);
#7171 = DIRECTION('',(0.740907600926,-0.671606973527));
#7172 = ( GEOMETRIC_REPRESENTATION_CONTEXT(2) 
PARAMETRIC_REPRESENTATION_CONTEXT() REPRESENTATION_CONTEXT('2D SPACE',''
  ) );
#7173 = PCURVE('',#3859,#7174);
#7174 = DEFINITIONAL_REPRESENTATION('',(#7175),#7179);
#7175 = LINE('',#7176,#7177);
#7176 = CARTESIAN_POINT('',(0.,-118.3));
#7177 = VECTOR('',#7178,1.);
#7178 = DIRECTION('',(1.,0.));
#7179 = ( GEOMETRIC_REPRESENTATION_CONTEXT(2) 
PARAMETRIC_REPRESENTATION_CONTEXT() REPRESENTATION_CONTEXT('2D SPACE',''
  ) );
#7180 = ORIENTED_EDGE('',*,*,#7181,.T.);
#7181 = EDGE_CURVE('',#7159,#7182,#7184,.T.);
#7182 = VERTEX_POINT('',#7183);
#7183 = CARTESIAN_POINT('',(40.72435238896,113.3,504.04904782554));
#7184 = SURFACE_CURVE('',#7185,(#7189,#7196),.PCURVE_S1.);
#7185 = LINE('',#7186,#7187);
#7186 = CARTESIAN_POINT('',(43.091535259482,113.3,506.73897081203));
#7187 = VECTOR('',#7188,1.);
#7188 = DIRECTION('',(-0.660635859991,0.,-0.750706507561));
#7189 = PCURVE('',#166,#7190);
#7190 = DEFINITIONAL_REPRESENTATION('',(#7191),#7195);
#7191 = LINE('',#7192,#7193);
#7192 = CARTESIAN_POINT('',(-0.123608546012,-66.90846474051));
#7193 = VECTOR('',#7194,1.);
#7194 = DIRECTION('',(0.750706507561,-0.660635859991));
#7195 = ( GEOMETRIC_REPRESENTATION_CONTEXT(2) 
PARAMETRIC_REPRESENTATION_CONTEXT() REPRESENTATION_CONTEXT('2D SPACE',''
  ) );
#7196 = PCURVE('',#3885,#7197);
#7197 = DEFINITIONAL_REPRESENTATION('',(#7198),#7202);
#7198 = LINE('',#7199,#7200);
#7199 = CARTESIAN_POINT('',(0.,-118.3));
#7200 = VECTOR('',#7201,1.);
#7201 = DIRECTION('',(1.,0.));
#7202 = ( GEOMETRIC_REPRESENTATION_CONTEXT(2) 
PARAMETRIC_REPRESENTATION_CONTEXT() REPRESENTATION_CONTEXT('2D SPACE',''
  ) );
#7203 = ORIENTED_EDGE('',*,*,#7204,.T.);
#7204 = EDGE_CURVE('',#7182,#4629,#7205,.T.);
#7205 = SURFACE_CURVE('',#7206,(#7210,#7217),.PCURVE_S1.);
#7206 = LINE('',#7207,#7208);
#7207 = CARTESIAN_POINT('',(40.72435238896,113.3,504.04904782554));
#7208 = VECTOR('',#7209,1.);
#7209 = DIRECTION('',(-0.648708233476,0.,-0.76103720528));
#7210 = PCURVE('',#166,#7211);
#7211 = DEFINITIONAL_REPRESENTATION('',(#7212),#7216);
#7212 = LINE('',#7213,#7214);
#7213 = CARTESIAN_POINT('',(2.566314440477,-69.27564761104));
#7214 = VECTOR('',#7215,1.);
#7215 = DIRECTION('',(0.76103720528,-0.648708233476));
#7216 = ( GEOMETRIC_REPRESENTATION_CONTEXT(2) 
PARAMETRIC_REPRESENTATION_CONTEXT() REPRESENTATION_CONTEXT('2D SPACE',''
  ) );
#7217 = PCURVE('',#3911,#7218);
#7218 = DEFINITIONAL_REPRESENTATION('',(#7219),#7223);
#7219 = LINE('',#7220,#7221);
#7220 = CARTESIAN_POINT('',(0.,-118.3));
#7221 = VECTOR('',#7222,1.);
#7222 = DIRECTION('',(1.,0.));
#7223 = ( GEOMETRIC_REPRESENTATION_CONTEXT(2) 
PARAMETRIC_REPRESENTATION_CONTEXT() REPRESENTATION_CONTEXT('2D SPACE',''
  ) );
#7224 = ORIENTED_EDGE('',*,*,#4656,.F.);
#7225 = ORIENTED_EDGE('',*,*,#150,.T.);
#7226 = ORIENTED_EDGE('',*,*,#7227,.T.);
#7227 = EDGE_CURVE('',#151,#7228,#7230,.T.);
#7228 = VERTEX_POINT('',#7229);
#7229 = CARTESIAN_POINT('',(181.17689005149,113.3,501.81859018869));
#7230 = SURFACE_CURVE('',#7231,(#7235,#7241),.PCURVE_S1.);
#7231 = LINE('',#7232,#7233);
#7232 = CARTESIAN_POINT('',(181.17689005149,113.3,483.));
#7233 = VECTOR('',#7234,1.);
#7234 = DIRECTION('',(0.,0.,1.));
#7235 = PCURVE('',#166,#7236);
#7236 = DEFINITIONAL_REPRESENTATION('',(#7237),#7240);
#7237 = B_SPLINE_CURVE_WITH_KNOTS('',1,(#7238,#7239),.UNSPECIFIED.,.F.,
  .F.,(2,2),(-6.000000212225E-07,21.0000006),.PIECEWISE_BEZIER_KNOTS.);
#7238 = CARTESIAN_POINT('',(23.61536286602,71.176890051497));
#7239 = CARTESIAN_POINT('',(2.61536166602,71.176890051497));
#7240 = ( GEOMETRIC_REPRESENTATION_CONTEXT(2) 
PARAMETRIC_REPRESENTATION_CONTEXT() REPRESENTATION_CONTEXT('2D SPACE',''
  ) );
#7241 = PCURVE('',#195,#7242);
#7242 = DEFINITIONAL_REPRESENTATION('',(#7243),#7246);
#7243 = B_SPLINE_CURVE_WITH_KNOTS('',1,(#7244,#7245),.UNSPECIFIED.,.F.,
  .F.,(2,2),(-6.000000212225E-07,21.0000006),.PIECEWISE_BEZIER_KNOTS.);
#7244 = CARTESIAN_POINT('',(3.045547622183,-6.000000212225E-07));
#7245 = CARTESIAN_POINT('',(3.045547622183,21.0000006));
#7246 = ( GEOMETRIC_REPRESENTATION_CONTEXT(2) 
PARAMETRIC_REPRESENTATION_CONTEXT() REPRESENTATION_CONTEXT('2D SPACE',''
  ) );
#7247 = ORIENTED_EDGE('',*,*,#7248,.T.);
#7248 = EDGE_CURVE('',#7228,#7249,#7251,.T.);
#7249 = VERTEX_POINT('',#7250);
#7250 = CARTESIAN_POINT('',(179.27564761104,113.3,504.04904782554));
#7251 = SURFACE_CURVE('',#7252,(#7256,#7263),.PCURVE_S1.);
#7252 = LINE('',#7253,#7254);
#7253 = CARTESIAN_POINT('',(181.75344277697,113.3,501.14220278946));
#7254 = VECTOR('',#7255,1.);
#7255 = DIRECTION('',(-0.648708233476,0.,0.76103720528));
#7256 = PCURVE('',#166,#7257);
#7257 = DEFINITIONAL_REPRESENTATION('',(#7258),#7262);
#7258 = LINE('',#7259,#7260);
#7259 = CARTESIAN_POINT('',(5.473159476552,71.753442776979));
#7260 = VECTOR('',#7261,1.);
#7261 = DIRECTION('',(-0.76103720528,-0.648708233476));
#7262 = ( GEOMETRIC_REPRESENTATION_CONTEXT(2) 
PARAMETRIC_REPRESENTATION_CONTEXT() REPRESENTATION_CONTEXT('2D SPACE',''
  ) );
#7263 = PCURVE('',#1077,#7264);
#7264 = DEFINITIONAL_REPRESENTATION('',(#7265),#7269);
#7265 = LINE('',#7266,#7267);
#7266 = CARTESIAN_POINT('',(0.,-118.3));
#7267 = VECTOR('',#7268,1.);
#7268 = DIRECTION('',(1.,0.));
#7269 = ( GEOMETRIC_REPRESENTATION_CONTEXT(2) 
PARAMETRIC_REPRESENTATION_CONTEXT() REPRESENTATION_CONTEXT('2D SPACE',''
  ) );
#7270 = ORIENTED_EDGE('',*,*,#7271,.T.);
#7271 = EDGE_CURVE('',#7249,#7272,#7274,.T.);
#7272 = VERTEX_POINT('',#7273);
#7273 = CARTESIAN_POINT('',(176.90846474051,113.3,506.73897081203));
#7274 = SURFACE_CURVE('',#7275,(#7279,#7286),.PCURVE_S1.);
#7275 = LINE('',#7276,#7277);
#7276 = CARTESIAN_POINT('',(179.27564761104,113.3,504.04904782554));
#7277 = VECTOR('',#7278,1.);
#7278 = DIRECTION('',(-0.660635859991,0.,0.750706507561));
#7279 = PCURVE('',#166,#7280);
#7280 = DEFINITIONAL_REPRESENTATION('',(#7281),#7285);
#7281 = LINE('',#7282,#7283);
#7282 = CARTESIAN_POINT('',(2.566314440477,69.27564761104));
#7283 = VECTOR('',#7284,1.);
#7284 = DIRECTION('',(-0.750706507561,-0.660635859991));
#7285 = ( GEOMETRIC_REPRESENTATION_CONTEXT(2) 
PARAMETRIC_REPRESENTATION_CONTEXT() REPRESENTATION_CONTEXT('2D SPACE',''
  ) );
#7286 = PCURVE('',#1103,#7287);
#7287 = DEFINITIONAL_REPRESENTATION('',(#7288),#7292);
#7288 = LINE('',#7289,#7290);
#7289 = CARTESIAN_POINT('',(0.,-118.3));
#7290 = VECTOR('',#7291,1.);
#7291 = DIRECTION('',(1.,0.));
#7292 = ( GEOMETRIC_REPRESENTATION_CONTEXT(2) 
PARAMETRIC_REPRESENTATION_CONTEXT() REPRESENTATION_CONTEXT('2D SPACE',''
  ) );
#7293 = ORIENTED_EDGE('',*,*,#7294,.T.);
#7294 = EDGE_CURVE('',#7272,#7295,#7297,.T.);
#7295 = VERTEX_POINT('',#7296);
#7296 = CARTESIAN_POINT('',(174.64879740659,113.3,509.2318048195));
#7297 = SURFACE_CURVE('',#7298,(#7302,#7309),.PCURVE_S1.);
#7298 = LINE('',#7299,#7300);
#7299 = CARTESIAN_POINT('',(176.90846474051,113.3,506.73897081203));
#7300 = VECTOR('',#7301,1.);
#7301 = DIRECTION('',(-0.671606973527,0.,0.740907600926));
#7302 = PCURVE('',#166,#7303);
#7303 = DEFINITIONAL_REPRESENTATION('',(#7304),#7308);
#7304 = LINE('',#7305,#7306);
#7305 = CARTESIAN_POINT('',(-0.123608546012,66.908464740518));
#7306 = VECTOR('',#7307,1.);
#7307 = DIRECTION('',(-0.740907600926,-0.671606973527));
#7308 = ( GEOMETRIC_REPRESENTATION_CONTEXT(2) 
PARAMETRIC_REPRESENTATION_CONTEXT() REPRESENTATION_CONTEXT('2D SPACE',''
  ) );
#7309 = PCURVE('',#1129,#7310);
#7310 = DEFINITIONAL_REPRESENTATION('',(#7311),#7315);
#7311 = LINE('',#7312,#7313);
#7312 = CARTESIAN_POINT('',(0.,-118.3));
#7313 = VECTOR('',#7314,1.);
#7314 = DIRECTION('',(1.,0.));
#7315 = ( GEOMETRIC_REPRESENTATION_CONTEXT(2) 
PARAMETRIC_REPRESENTATION_CONTEXT() REPRESENTATION_CONTEXT('2D SPACE',''
  ) );
#7316 = ORIENTED_EDGE('',*,*,#7317,.T.);
#7317 = EDGE_CURVE('',#7295,#7318,#7320,.T.);
#7318 = VERTEX_POINT('',#7319);
#7319 = CARTESIAN_POINT('',(172.49234724433,113.3,511.54592821616));
#7320 = SURFACE_CURVE('',#7321,(#7325,#7332),.PCURVE_S1.);
#7321 = LINE('',#7322,#7323);
#7322 = CARTESIAN_POINT('',(174.64879740659,113.3,509.2318048195));
#7323 = VECTOR('',#7324,1.);
#7324 = DIRECTION('',(-0.681743858372,0.,0.731590945524));
#7325 = PCURVE('',#166,#7326);
#7326 = DEFINITIONAL_REPRESENTATION('',(#7327),#7331);
#7327 = LINE('',#7328,#7329);
#7328 = CARTESIAN_POINT('',(-2.616442553485,64.648797406598));
#7329 = VECTOR('',#7330,1.);
#7330 = DIRECTION('',(-0.731590945524,-0.681743858372));
#7331 = ( GEOMETRIC_REPRESENTATION_CONTEXT(2) 
PARAMETRIC_REPRESENTATION_CONTEXT() REPRESENTATION_CONTEXT('2D SPACE',''
  ) );
#7332 = PCURVE('',#1155,#7333);
#7333 = DEFINITIONAL_REPRESENTATION('',(#7334),#7338);
#7334 = LINE('',#7335,#7336);
#7335 = CARTESIAN_POINT('',(0.,-118.3));
#7336 = VECTOR('',#7337,1.);
#7337 = DIRECTION('',(1.,0.));
#7338 = ( GEOMETRIC_REPRESENTATION_CONTEXT(2) 
PARAMETRIC_REPRESENTATION_CONTEXT() REPRESENTATION_CONTEXT('2D SPACE',''
  ) );
#7339 = ORIENTED_EDGE('',*,*,#7340,.T.);
#7340 = EDGE_CURVE('',#7318,#4811,#7341,.T.);
#7341 = SURFACE_CURVE('',#7342,(#7346,#7353),.PCURVE_S1.);
#7342 = LINE('',#7343,#7344);
#7343 = CARTESIAN_POINT('',(172.49234724433,113.3,511.54592821616));
#7344 = VECTOR('',#7345,1.);
#7345 = DIRECTION('',(-0.691169146327,0.,0.722693026924));
#7346 = PCURVE('',#166,#7347);
#7347 = DEFINITIONAL_REPRESENTATION('',(#7348),#7352);
#7348 = LINE('',#7349,#7350);
#7349 = CARTESIAN_POINT('',(-4.930565950143,62.492347244334));
#7350 = VECTOR('',#7351,1.);
#7351 = DIRECTION('',(-0.722693026924,-0.691169146327));
#7352 = ( GEOMETRIC_REPRESENTATION_CONTEXT(2) 
PARAMETRIC_REPRESENTATION_CONTEXT() REPRESENTATION_CONTEXT('2D SPACE',''
  ) );
#7353 = PCURVE('',#1181,#7354);
#7354 = DEFINITIONAL_REPRESENTATION('',(#7355),#7359);
#7355 = LINE('',#7356,#7357);
#7356 = CARTESIAN_POINT('',(0.,-118.3));
#7357 = VECTOR('',#7358,1.);
#7358 = DIRECTION('',(1.,0.));
#7359 = ( GEOMETRIC_REPRESENTATION_CONTEXT(2) 
PARAMETRIC_REPRESENTATION_CONTEXT() REPRESENTATION_CONTEXT('2D SPACE',''
  ) );
#7360 = FACE_BOUND('',#7361,.T.);
#7361 = EDGE_LOOP('',(#7362));
#7362 = ORIENTED_EDGE('',*,*,#7363,.F.);
#7363 = EDGE_CURVE('',#7364,#7364,#7366,.T.);
#7364 = VERTEX_POINT('',#7365);
#7365 = CARTESIAN_POINT('',(63.909547720526,113.3,510.38648357175));
#7366 = SURFACE_CURVE('',#7367,(#7372,#7379),.PCURVE_S1.);
#7367 = CIRCLE('',#7368,2.05);
#7368 = AXIS2_PLACEMENT_3D('',#7369,#7370,#7371);
#7369 = CARTESIAN_POINT('',(61.859547720526,113.3,510.38648357175));
#7370 = DIRECTION('',(0.,-1.,2.22044604925E-16));
#7371 = DIRECTION('',(1.,0.,0.));
#7372 = PCURVE('',#166,#7373);
#7373 = DEFINITIONAL_REPRESENTATION('',(#7374),#7378);
#7374 = CIRCLE('',#7375,2.05);
#7375 = AXIS2_PLACEMENT_2D('',#7376,#7377);
#7376 = CARTESIAN_POINT('',(-3.771121305731,-48.14045227947));
#7377 = DIRECTION('',(0.,1.));
#7378 = ( GEOMETRIC_REPRESENTATION_CONTEXT(2) 
PARAMETRIC_REPRESENTATION_CONTEXT() REPRESENTATION_CONTEXT('2D SPACE',''
  ) );
#7379 = PCURVE('',#7380,#7385);
#7380 = CYLINDRICAL_SURFACE('',#7381,2.05);
#7381 = AXIS2_PLACEMENT_3D('',#7382,#7383,#7384);
#7382 = CARTESIAN_POINT('',(61.859547720526,117.5,510.38648357175));
#7383 = DIRECTION('',(0.,-1.,2.22044604925E-16));
#7384 = DIRECTION('',(1.,0.,0.));
#7385 = DEFINITIONAL_REPRESENTATION('',(#7386),#7390);
#7386 = LINE('',#7387,#7388);
#7387 = CARTESIAN_POINT('',(0.,4.2));
#7388 = VECTOR('',#7389,1.);
#7389 = DIRECTION('',(1.,0.));
#7390 = ( GEOMETRIC_REPRESENTATION_CONTEXT(2) 
PARAMETRIC_REPRESENTATION_CONTEXT() REPRESENTATION_CONTEXT('2D SPACE',''
  ) );
#7391 = FACE_BOUND('',#7392,.T.);
#7392 = EDGE_LOOP('',(#7393));
#7393 = ORIENTED_EDGE('',*,*,#7394,.F.);
#7394 = EDGE_CURVE('',#7395,#7395,#7397,.T.);
#7395 = VERTEX_POINT('',#7396);
#7396 = CARTESIAN_POINT('',(72.693802326436,113.3,500.19324178587));
#7397 = SURFACE_CURVE('',#7398,(#7403,#7410),.PCURVE_S1.);
#7398 = CIRCLE('',#7399,4.1);
#7399 = AXIS2_PLACEMENT_3D('',#7400,#7401,#7402);
#7400 = CARTESIAN_POINT('',(68.593802326436,113.3,500.19324178587));
#7401 = DIRECTION('',(0.,-1.,2.22044604925E-16));
#7402 = DIRECTION('',(1.,0.,0.));
#7403 = PCURVE('',#166,#7404);
#7404 = DEFINITIONAL_REPRESENTATION('',(#7405),#7409);
#7405 = CIRCLE('',#7406,4.1);
#7406 = AXIS2_PLACEMENT_2D('',#7407,#7408);
#7407 = CARTESIAN_POINT('',(6.422120480144,-41.40619767356));
#7408 = DIRECTION('',(0.,1.));
#7409 = ( GEOMETRIC_REPRESENTATION_CONTEXT(2) 
PARAMETRIC_REPRESENTATION_CONTEXT() REPRESENTATION_CONTEXT('2D SPACE',''
  ) );
#7410 = PCURVE('',#7411,#7416);
#7411 = CYLINDRICAL_SURFACE('',#7412,4.1);
#7412 = AXIS2_PLACEMENT_3D('',#7413,#7414,#7415);
#7413 = CARTESIAN_POINT('',(68.593802326436,116.3,500.19324178587));
#7414 = DIRECTION('',(0.,-1.,2.22044604925E-16));
#7415 = DIRECTION('',(1.,0.,0.));
#7416 = DEFINITIONAL_REPRESENTATION('',(#7417),#7421);
#7417 = LINE('',#7418,#7419);
#7418 = CARTESIAN_POINT('',(0.,3.));
#7419 = VECTOR('',#7420,1.);
#7420 = DIRECTION('',(1.,0.));
#7421 = ( GEOMETRIC_REPRESENTATION_CONTEXT(2) 
PARAMETRIC_REPRESENTATION_CONTEXT() REPRESENTATION_CONTEXT('2D SPACE',''
  ) );
#7422 = FACE_BOUND('',#7423,.T.);
#7423 = EDGE_LOOP('',(#7424));
#7424 = ORIENTED_EDGE('',*,*,#7425,.F.);
#7425 = EDGE_CURVE('',#7426,#7426,#7428,.T.);
#7426 = VERTEX_POINT('',#7427);
#7427 = CARTESIAN_POINT('',(140.3,113.3,517.));
#7428 = SURFACE_CURVE('',#7429,(#7434,#7441),.PCURVE_S1.);
#7429 = CIRCLE('',#7430,30.3);
#7430 = AXIS2_PLACEMENT_3D('',#7431,#7432,#7433);
#7431 = CARTESIAN_POINT('',(110.,113.3,517.));
#7432 = DIRECTION('',(0.,-1.,2.22044604925E-16));
#7433 = DIRECTION('',(1.,0.,0.));
#7434 = PCURVE('',#166,#7435);
#7435 = DEFINITIONAL_REPRESENTATION('',(#7436),#7440);
#7436 = CIRCLE('',#7437,30.3);
#7437 = AXIS2_PLACEMENT_2D('',#7438,#7439);
#7438 = CARTESIAN_POINT('',(-10.38463773398,-8.526512829121E-14));
#7439 = DIRECTION('',(0.,1.));
#7440 = ( GEOMETRIC_REPRESENTATION_CONTEXT(2) 
PARAMETRIC_REPRESENTATION_CONTEXT() REPRESENTATION_CONTEXT('2D SPACE',''
  ) );
#7441 = PCURVE('',#7442,#7447);
#7442 = CYLINDRICAL_SURFACE('',#7443,30.3);
#7443 = AXIS2_PLACEMENT_3D('',#7444,#7445,#7446);
#7444 = CARTESIAN_POINT('',(110.,132.,517.));
#7445 = DIRECTION('',(0.,-1.,2.22044604925E-16));
#7446 = DIRECTION('',(1.,0.,0.));
#7447 = DEFINITIONAL_REPRESENTATION('',(#7448),#7452);
#7448 = LINE('',#7449,#7450);
#7449 = CARTESIAN_POINT('',(0.,18.7));
#7450 = VECTOR('',#7451,1.);
#7451 = DIRECTION('',(1.,0.));
#7452 = ( GEOMETRIC_REPRESENTATION_CONTEXT(2) 
PARAMETRIC_REPRESENTATION_CONTEXT() REPRESENTATION_CONTEXT('2D SPACE',''
  ) );
#7453 = FACE_BOUND('',#7454,.T.);
#7454 = EDGE_LOOP('',(#7455));
#7455 = ORIENTED_EDGE('',*,*,#7456,.F.);
#7456 = EDGE_CURVE('',#7457,#7457,#7459,.T.);
#7457 = VERTEX_POINT('',#7458);
#7458 = CARTESIAN_POINT('',(160.19045227947,113.3,510.38648357175));
#7459 = SURFACE_CURVE('',#7460,(#7465,#7472),.PCURVE_S1.);
#7460 = CIRCLE('',#7461,2.05);
#7461 = AXIS2_PLACEMENT_3D('',#7462,#7463,#7464);
#7462 = CARTESIAN_POINT('',(158.14045227947,113.3,510.38648357175));
#7463 = DIRECTION('',(0.,-1.,2.22044604925E-16));
#7464 = DIRECTION('',(1.,0.,0.));
#7465 = PCURVE('',#166,#7466);
#7466 = DEFINITIONAL_REPRESENTATION('',(#7467),#7471);
#7467 = CIRCLE('',#7468,2.05);
#7468 = AXIS2_PLACEMENT_2D('',#7469,#7470);
#7469 = CARTESIAN_POINT('',(-3.771121305731,48.140452279474));
#7470 = DIRECTION('',(0.,1.));
#7471 = ( GEOMETRIC_REPRESENTATION_CONTEXT(2) 
PARAMETRIC_REPRESENTATION_CONTEXT() REPRESENTATION_CONTEXT('2D SPACE',''
  ) );
#7472 = PCURVE('',#7473,#7478);
#7473 = CYLINDRICAL_SURFACE('',#7474,2.05);
#7474 = AXIS2_PLACEMENT_3D('',#7475,#7476,#7477);
#7475 = CARTESIAN_POINT('',(158.14045227947,117.5,510.38648357175));
#7476 = DIRECTION('',(0.,-1.,2.22044604925E-16));
#7477 = DIRECTION('',(1.,0.,0.));
#7478 = DEFINITIONAL_REPRESENTATION('',(#7479),#7483);
#7479 = LINE('',#7480,#7481);
#7480 = CARTESIAN_POINT('',(0.,4.2));
#7481 = VECTOR('',#7482,1.);
#7482 = DIRECTION('',(1.,0.));
#7483 = ( GEOMETRIC_REPRESENTATION_CONTEXT(2) 
PARAMETRIC_REPRESENTATION_CONTEXT() REPRESENTATION_CONTEXT('2D SPACE',''
  ) );
#7484 = FACE_BOUND('',#7485,.T.);
#7485 = EDGE_LOOP('',(#7486));
#7486 = ORIENTED_EDGE('',*,*,#7487,.F.);
#7487 = EDGE_CURVE('',#7488,#7488,#7490,.T.);
#7488 = VERTEX_POINT('',#7489);
#7489 = CARTESIAN_POINT('',(155.50619767356,113.3,500.19324178587));
#7490 = SURFACE_CURVE('',#7491,(#7496,#7503),.PCURVE_S1.);
#7491 = CIRCLE('',#7492,4.1);
#7492 = AXIS2_PLACEMENT_3D('',#7493,#7494,#7495);
#7493 = CARTESIAN_POINT('',(151.40619767356,113.3,500.19324178587));
#7494 = DIRECTION('',(0.,-1.,2.22044604925E-16));
#7495 = DIRECTION('',(1.,0.,0.));
#7496 = PCURVE('',#166,#7497);
#7497 = DEFINITIONAL_REPRESENTATION('',(#7498),#7502);
#7498 = CIRCLE('',#7499,4.1);
#7499 = AXIS2_PLACEMENT_2D('',#7500,#7501);
#7500 = CARTESIAN_POINT('',(6.422120480144,41.406197673564));
#7501 = DIRECTION('',(0.,1.));
#7502 = ( GEOMETRIC_REPRESENTATION_CONTEXT(2) 
PARAMETRIC_REPRESENTATION_CONTEXT() REPRESENTATION_CONTEXT('2D SPACE',''
  ) );
#7503 = PCURVE('',#7504,#7509);
#7504 = CYLINDRICAL_SURFACE('',#7505,4.1);
#7505 = AXIS2_PLACEMENT_3D('',#7506,#7507,#7508);
#7506 = CARTESIAN_POINT('',(151.40619767356,116.3,500.19324178587));
#7507 = DIRECTION('',(0.,-1.,2.22044604925E-16));
#7508 = DIRECTION('',(1.,0.,0.));
#7509 = DEFINITIONAL_REPRESENTATION('',(#7510),#7514);
#7510 = LINE('',#7511,#7512);
#7511 = CARTESIAN_POINT('',(0.,3.));
#7512 = VECTOR('',#7513,1.);
#7513 = DIRECTION('',(1.,0.));
#7514 = ( GEOMETRIC_REPRESENTATION_CONTEXT(2) 
PARAMETRIC_REPRESENTATION_CONTEXT() REPRESENTATION_CONTEXT('2D SPACE',''
  ) );
#7515 = ADVANCED_FACE('',(#7516),#364,.T.);
#7516 = FACE_BOUND('',#7517,.F.);
#7517 = EDGE_LOOP('',(#7518,#7519,#7520,#7543,#7622));
#7518 = ORIENTED_EDGE('',*,*,#4765,.F.);
#7519 = ORIENTED_EDGE('',*,*,#343,.T.);
#7520 = ORIENTED_EDGE('',*,*,#7521,.T.);
#7521 = EDGE_CURVE('',#316,#7522,#7524,.T.);
#7522 = VERTEX_POINT('',#7523);
#7523 = CARTESIAN_POINT('',(220.,111.,562.78472110163));
#7524 = SURFACE_CURVE('',#7525,(#7529,#7536),.PCURVE_S1.);
#7525 = LINE('',#7526,#7527);
#7526 = CARTESIAN_POINT('',(220.,217.56143556847,480.82928974624));
#7527 = VECTOR('',#7528,1.);
#7528 = DIRECTION('',(0.,-0.79267756344,0.609641107882));
#7529 = PCURVE('',#364,#7530);
#7530 = DEFINITIONAL_REPRESENTATION('',(#7531),#7535);
#7531 = LINE('',#7532,#7533);
#7532 = CARTESIAN_POINT('',(-1.570796326795,0.));
#7533 = VECTOR('',#7534,1.);
#7534 = DIRECTION('',(-0.,1.));
#7535 = ( GEOMETRIC_REPRESENTATION_CONTEXT(2) 
PARAMETRIC_REPRESENTATION_CONTEXT() REPRESENTATION_CONTEXT('2D SPACE',''
  ) );
#7536 = PCURVE('',#331,#7537);
#7537 = DEFINITIONAL_REPRESENTATION('',(#7538),#7542);
#7538 = LINE('',#7539,#7540);
#7539 = CARTESIAN_POINT('',(107.56143556847,-26.76669921612));
#7540 = VECTOR('',#7541,1.);
#7541 = DIRECTION('',(-0.79267756344,0.609641107882));
#7542 = ( GEOMETRIC_REPRESENTATION_CONTEXT(2) 
PARAMETRIC_REPRESENTATION_CONTEXT() REPRESENTATION_CONTEXT('2D SPACE',''
  ) );
#7543 = ORIENTED_EDGE('',*,*,#7544,.T.);
#7544 = EDGE_CURVE('',#7522,#7545,#7547,.T.);
#7545 = VERTEX_POINT('',#7546);
#7546 = CARTESIAN_POINT('',(218.,113.,565.61666627443));
#7547 = SURFACE_CURVE('',#7548,(#7569,#7593),.PCURVE_S1.);
#7548 = B_SPLINE_CURVE_WITH_KNOTS('',7,(#7549,#7550,#7551,#7552,#7553,
    #7554,#7555,#7556,#7557,#7558,#7559,#7560,#7561,#7562,#7563,#7564,
    #7565,#7566,#7567,#7568),.UNSPECIFIED.,.F.,.F.,(8,6,6,8),(0.,
    3.752803040044E-02,0.595909934201,1.),.UNSPECIFIED.);
#7549 = CARTESIAN_POINT('',(220.,111.,562.78472170318));
#7550 = CARTESIAN_POINT('',(219.99999999728,111.01570646762,
    562.80066218883));
#7551 = CARTESIAN_POINT('',(219.99985610787,111.03141225632,
    562.81660557276));
#7552 = CARTESIAN_POINT('',(219.9995682861,111.04711770084,
    562.83254694941));
#7553 = CARTESIAN_POINT('',(219.99913660199,111.0628199295,
    562.84848740998));
#7554 = CARTESIAN_POINT('',(219.99856104753,111.0785179623,
    562.86442816507));
#7555 = CARTESIAN_POINT('',(219.99784155041,111.09421249366,
    562.88036851641));
#7556 = CARTESIAN_POINT('',(219.98413227438,111.34332109838,
    563.13346745187));
#7557 = CARTESIAN_POINT('',(219.93940372059,111.57592077173,
    563.37096666949));
#7558 = CARTESIAN_POINT('',(219.86257694997,111.80332483123,
    563.60787217214));
#7559 = CARTESIAN_POINT('',(219.7537956407,112.02101201653,
    563.84321766154));
#7560 = CARTESIAN_POINT('',(219.61365133327,112.2241800209,
    564.07610873661));
#7561 = CARTESIAN_POINT('',(219.44322262527,112.40770759176,
    564.3058145622));
#7562 = CARTESIAN_POINT('',(219.10042322019,112.68013842254,
    564.69595679824));
#7563 = CARTESIAN_POINT('',(218.94124844071,112.78145613276,
    564.85839661491));
#7564 = CARTESIAN_POINT('',(218.76859967696,112.8664198345,
    565.01801939606));
#7565 = CARTESIAN_POINT('',(218.58497953191,112.93236281737,
    565.17388201771));
#7566 = CARTESIAN_POINT('',(218.39341220109,112.97730350676,
    565.32553784801));
#7567 = CARTESIAN_POINT('',(218.19725148368,113.,565.47299726896));
#7568 = CARTESIAN_POINT('',(218.,113.,565.61666627443));
#7569 = PCURVE('',#364,#7570);
#7570 = DEFINITIONAL_REPRESENTATION('',(#7571),#7592);
#7571 = B_SPLINE_CURVE_WITH_KNOTS('',7,(#7572,#7573,#7574,#7575,#7576,
    #7577,#7578,#7579,#7580,#7581,#7582,#7583,#7584,#7585,#7586,#7587,
    #7588,#7589,#7590,#7591),.UNSPECIFIED.,.F.,.F.,(8,6,6,8),(0.,
    3.752803040044E-02,0.595909934201,1.),.UNSPECIFIED.);
#7572 = CARTESIAN_POINT('',(-1.570796207586,134.43225943821));
#7573 = CARTESIAN_POINT('',(-1.565243464158,134.42952724905));
#7574 = CARTESIAN_POINT('',(-1.559690249936,134.42679736498));
#7575 = CARTESIAN_POINT('',(-1.554137206101,134.42406653));
#7576 = CARTESIAN_POINT('',(-1.548584274724,134.42133768569));
#7577 = CARTESIAN_POINT('',(-1.543031085534,134.4186123469));
#7578 = CARTESIAN_POINT('',(-1.537477390951,134.41588953746));
#7579 = CARTESIAN_POINT('',(-1.449287594546,134.37272625106));
#7580 = CARTESIAN_POINT('',(-1.366399648475,134.33313899488));
#7581 = CARTESIAN_POINT('',(-1.283187328858,134.29730823218));
#7582 = CARTESIAN_POINT('',(-1.199583665607,134.26822876944));
#7583 = CARTESIAN_POINT('',(-1.115538486647,134.2491620238));
#7584 = CARTESIAN_POINT('',(-1.031007969716,134.2437219501));
#7585 = CARTESIAN_POINT('',(-0.884494003202,134.26561888796));
#7586 = CARTESIAN_POINT('',(-0.822583551329,134.28433660209));
#7587 = CARTESIAN_POINT('',(-0.760797158578,134.31430039115));
#7588 = CARTESIAN_POINT('',(-0.699579525073,134.3570491295));
#7589 = CARTESIAN_POINT('',(-0.639350978171,134.41388128175));
#7590 = CARTESIAN_POINT('',(-0.580540374199,134.48578760554));
#7591 = CARTESIAN_POINT('',(-0.523598775598,134.57337413721));
#7592 = ( GEOMETRIC_REPRESENTATION_CONTEXT(2) 
PARAMETRIC_REPRESENTATION_CONTEXT() REPRESENTATION_CONTEXT('2D SPACE',''
  ) );
#7593 = PCURVE('',#7594,#7599);
#7594 = CYLINDRICAL_SURFACE('',#7595,2.);
#7595 = AXIS2_PLACEMENT_3D('',#7596,#7597,#7598);
#7596 = CARTESIAN_POINT('',(218.,111.,556.6));
#7597 = DIRECTION('',(0.,0.,1.));
#7598 = DIRECTION('',(1.,0.,-0.));
#7599 = DEFINITIONAL_REPRESENTATION('',(#7600),#7621);
#7600 = B_SPLINE_CURVE_WITH_KNOTS('',7,(#7601,#7602,#7603,#7604,#7605,
    #7606,#7607,#7608,#7609,#7610,#7611,#7612,#7613,#7614,#7615,#7616,
    #7617,#7618,#7619,#7620),.UNSPECIFIED.,.F.,.F.,(8,6,6,8),(0.,
    3.752803040044E-02,0.595909934201,1.),.UNSPECIFIED.);
#7601 = CARTESIAN_POINT('',(0.,6.184721703183));
#7602 = CARTESIAN_POINT('',(7.85323385623E-03,6.200662188834));
#7603 = CARTESIAN_POINT('',(1.570612801877E-02,6.216605572766));
#7604 = CARTESIAN_POINT('',(2.355964163323E-02,6.232546949414));
#7605 = CARTESIAN_POINT('',(3.141312900355E-02,6.248487409985));
#7606 = CARTESIAN_POINT('',(3.926689147456E-02,6.264428165077));
#7607 = CARTESIAN_POINT('',(4.7122069006E-02,6.280368516411));
#7608 = CARTESIAN_POINT('',(0.171864845547,6.533467451879));
#7609 = CARTESIAN_POINT('',(0.28921775113,6.770966669491));
#7610 = CARTESIAN_POINT('',(0.407467912575,7.007872172141));
#7611 = CARTESIAN_POINT('',(0.527052683762,7.243217661546));
#7612 = CARTESIAN_POINT('',(0.648459153959,7.476108736617));
#7613 = CARTESIAN_POINT('',(0.772264943341,7.705814562207));
#7614 = CARTESIAN_POINT('',(0.991199859289,8.095956798243));
#7615 = CARTESIAN_POINT('',(1.085025477138,8.258396614912));
#7616 = CARTESIAN_POINT('',(1.180307732859,8.418019396062));
#7617 = CARTESIAN_POINT('',(1.276738790671,8.57388201771));
#7618 = CARTESIAN_POINT('',(1.374090556822,8.725537848019));
#7619 = CARTESIAN_POINT('',(1.472170584954,8.872997268961));
#7620 = CARTESIAN_POINT('',(1.570796326795,9.016666274436));
#7621 = ( GEOMETRIC_REPRESENTATION_CONTEXT(2) 
PARAMETRIC_REPRESENTATION_CONTEXT() REPRESENTATION_CONTEXT('2D SPACE',''
  ) );
#7622 = ORIENTED_EDGE('',*,*,#7623,.F.);
#7623 = EDGE_CURVE('',#4766,#7545,#7624,.T.);
#7624 = SURFACE_CURVE('',#7625,(#7630,#7643),.PCURVE_S1.);
#7625 = ELLIPSE('',#7626,5.046187989279,4.);
#7626 = AXIS2_PLACEMENT_3D('',#7627,#7628,#7629);
#7627 = CARTESIAN_POINT('',(216.,113.,561.24653928344));
#7628 = DIRECTION('',(-0.,1.,0.));
#7629 = DIRECTION('',(0.,0.,1.));
#7630 = PCURVE('',#364,#7631);
#7631 = DEFINITIONAL_REPRESENTATION('',(#7632),#7642);
#7632 = B_SPLINE_CURVE_WITH_KNOTS('',8,(#7633,#7634,#7635,#7636,#7637,
    #7638,#7639,#7640,#7641),.UNSPECIFIED.,.F.,.F.,(9,9),(0.,
    1.570796326795),.PIECEWISE_BEZIER_KNOTS.);
#7633 = CARTESIAN_POINT('',(0.,134.9855287132));
#7634 = CARTESIAN_POINT('',(-0.196349540849,134.9855287132));
#7635 = CARTESIAN_POINT('',(-0.392699081699,134.84998174427));
#7636 = CARTESIAN_POINT('',(-0.589048622547,134.57888895715));
#7637 = CARTESIAN_POINT('',(-0.785398163393,134.18339381576));
#7638 = CARTESIAN_POINT('',(-0.981747704246,133.68580587266));
#7639 = CARTESIAN_POINT('',(-1.178097245096,133.11725039541));
#7640 = CARTESIAN_POINT('',(-1.374446785946,132.51320766432));
#7641 = CARTESIAN_POINT('',(-1.570796326795,131.90916507684));
#7642 = ( GEOMETRIC_REPRESENTATION_CONTEXT(2) 
PARAMETRIC_REPRESENTATION_CONTEXT() REPRESENTATION_CONTEXT('2D SPACE',''
  ) );
#7643 = PCURVE('',#4560,#7644);
#7644 = DEFINITIONAL_REPRESENTATION('',(#7645),#7649);
#7645 = ELLIPSE('',#7646,5.046187989279,4.);
#7646 = AXIS2_PLACEMENT_2D('',#7647,#7648);
#7647 = CARTESIAN_POINT('',(4.646539283449,216.));
#7648 = DIRECTION('',(1.,0.));
#7649 = ( GEOMETRIC_REPRESENTATION_CONTEXT(2) 
PARAMETRIC_REPRESENTATION_CONTEXT() REPRESENTATION_CONTEXT('2D SPACE',''
  ) );
#7650 = ADVANCED_FACE('',(#7651),#195,.F.);
#7651 = FACE_BOUND('',#7652,.F.);
#7652 = EDGE_LOOP('',(#7653,#7676,#7703,#7704,#7705,#7706,#7734,#7763,
    #7791,#7818));
#7653 = ORIENTED_EDGE('',*,*,#7654,.T.);
#7654 = EDGE_CURVE('',#179,#7655,#7657,.T.);
#7655 = VERTEX_POINT('',#7656);
#7656 = CARTESIAN_POINT('',(191.15384615384,112.82051282051,504.));
#7657 = SEAM_CURVE('',#7658,(#7662,#7669),.PCURVE_S1.);
#7658 = LINE('',#7659,#7660);
#7659 = CARTESIAN_POINT('',(191.15384615384,112.82051282051,483.));
#7660 = VECTOR('',#7661,1.);
#7661 = DIRECTION('',(0.,0.,1.));
#7662 = PCURVE('',#195,#7663);
#7663 = DEFINITIONAL_REPRESENTATION('',(#7664),#7668);
#7664 = LINE('',#7665,#7666);
#7665 = CARTESIAN_POINT('',(6.28318530718,-0.));
#7666 = VECTOR('',#7667,1.);
#7667 = DIRECTION('',(0.,1.));
#7668 = ( GEOMETRIC_REPRESENTATION_CONTEXT(2) 
PARAMETRIC_REPRESENTATION_CONTEXT() REPRESENTATION_CONTEXT('2D SPACE',''
  ) );
#7669 = PCURVE('',#195,#7670);
#7670 = DEFINITIONAL_REPRESENTATION('',(#7671),#7675);
#7671 = LINE('',#7672,#7673);
#7672 = CARTESIAN_POINT('',(0.,-0.));
#7673 = VECTOR('',#7674,1.);
#7674 = DIRECTION('',(0.,1.));
#7675 = ( GEOMETRIC_REPRESENTATION_CONTEXT(2) 
PARAMETRIC_REPRESENTATION_CONTEXT() REPRESENTATION_CONTEXT('2D SPACE',''
  ) );
#7676 = ORIENTED_EDGE('',*,*,#7677,.F.);
#7677 = EDGE_CURVE('',#7655,#7655,#7678,.T.);
#7678 = SURFACE_CURVE('',#7679,(#7684,#7691),.PCURVE_S1.);
#7679 = CIRCLE('',#7680,5.);
#7680 = AXIS2_PLACEMENT_3D('',#7681,#7682,#7683);
#7681 = CARTESIAN_POINT('',(186.15384615384,112.82051282051,504.));
#7682 = DIRECTION('',(0.,0.,1.));
#7683 = DIRECTION('',(1.,0.,-0.));
#7684 = PCURVE('',#195,#7685);
#7685 = DEFINITIONAL_REPRESENTATION('',(#7686),#7690);
#7686 = LINE('',#7687,#7688);
#7687 = CARTESIAN_POINT('',(0.,21.));
#7688 = VECTOR('',#7689,1.);
#7689 = DIRECTION('',(1.,0.));
#7690 = ( GEOMETRIC_REPRESENTATION_CONTEXT(2) 
PARAMETRIC_REPRESENTATION_CONTEXT() REPRESENTATION_CONTEXT('2D SPACE',''
  ) );
#7691 = PCURVE('',#7692,#7697);
#7692 = PLANE('',#7693);
#7693 = AXIS2_PLACEMENT_3D('',#7694,#7695,#7696);
#7694 = CARTESIAN_POINT('',(186.15384615384,112.82051282051,504.));
#7695 = DIRECTION('',(0.,0.,1.));
#7696 = DIRECTION('',(1.,0.,-0.));
#7697 = DEFINITIONAL_REPRESENTATION('',(#7698),#7702);
#7698 = CIRCLE('',#7699,5.);
#7699 = AXIS2_PLACEMENT_2D('',#7700,#7701);
#7700 = CARTESIAN_POINT('',(0.,0.));
#7701 = DIRECTION('',(1.,0.));
#7702 = ( GEOMETRIC_REPRESENTATION_CONTEXT(2) 
PARAMETRIC_REPRESENTATION_CONTEXT() REPRESENTATION_CONTEXT('2D SPACE',''
  ) );
#7703 = ORIENTED_EDGE('',*,*,#7654,.F.);
#7704 = ORIENTED_EDGE('',*,*,#178,.T.);
#7705 = ORIENTED_EDGE('',*,*,#7227,.T.);
#7706 = ORIENTED_EDGE('',*,*,#7707,.T.);
#7707 = EDGE_CURVE('',#7228,#7708,#7710,.T.);
#7708 = VERTEX_POINT('',#7709);
#7709 = CARTESIAN_POINT('',(181.75344277697,110.44639190512,
    501.14220278946));
#7710 = SURFACE_CURVE('',#7711,(#7716,#7727),.PCURVE_S1.);
#7711 = ELLIPSE('',#7712,7.707625311313,5.);
#7712 = AXIS2_PLACEMENT_3D('',#7713,#7714,#7715);
#7713 = CARTESIAN_POINT('',(186.15384615384,112.82051282051,
    495.97983469358));
#7714 = DIRECTION('',(0.76103720528,0.,0.648708233476));
#7715 = DIRECTION('',(-0.648708233476,0.,0.76103720528));
#7716 = PCURVE('',#195,#7717);
#7717 = DEFINITIONAL_REPRESENTATION('',(#7718),#7726);
#7718 = B_SPLINE_CURVE_WITH_KNOTS('',6,(#7719,#7720,#7721,#7722,#7723,
    #7724,#7725),.UNSPECIFIED.,.F.,.F.,(7,7),(5.692438175103,
    6.873932439256),.PIECEWISE_BEZIER_KNOTS.);
#7719 = CARTESIAN_POINT('',(2.550845521513,17.85151828586));
#7720 = CARTESIAN_POINT('',(2.747761232206,18.494868972703));
#7721 = CARTESIAN_POINT('',(2.944676942898,18.911534413238));
#7722 = CARTESIAN_POINT('',(3.14159265359,19.056622804977));
#7723 = CARTESIAN_POINT('',(3.338508364282,18.911534413238));
#7724 = CARTESIAN_POINT('',(3.535424074974,18.494868972703));
#7725 = CARTESIAN_POINT('',(3.732339785666,17.85151828586));
#7726 = ( GEOMETRIC_REPRESENTATION_CONTEXT(2) 
PARAMETRIC_REPRESENTATION_CONTEXT() REPRESENTATION_CONTEXT('2D SPACE',''
  ) );
#7727 = PCURVE('',#1077,#7728);
#7728 = DEFINITIONAL_REPRESENTATION('',(#7729),#7733);
#7729 = ELLIPSE('',#7730,7.707625311313,5.);
#7730 = AXIS2_PLACEMENT_2D('',#7731,#7732);
#7731 = CARTESIAN_POINT('',(-6.783332089505,-117.8205128205));
#7732 = DIRECTION('',(1.,0.));
#7733 = ( GEOMETRIC_REPRESENTATION_CONTEXT(2) 
PARAMETRIC_REPRESENTATION_CONTEXT() REPRESENTATION_CONTEXT('2D SPACE',''
  ) );
#7734 = ORIENTED_EDGE('',*,*,#7735,.T.);
#7735 = EDGE_CURVE('',#7708,#7736,#7738,.T.);
#7736 = VERTEX_POINT('',#7737);
#7737 = CARTESIAN_POINT('',(184.34335209207,108.15981424065,
    497.99725762184));
#7738 = SURFACE_CURVE('',#7739,(#7744,#7756),.PCURVE_S1.);
#7739 = ELLIPSE('',#7740,7.86533794158,5.);
#7740 = AXIS2_PLACEMENT_3D('',#7741,#7742,#7743);
#7741 = CARTESIAN_POINT('',(186.15384615384,112.82051282051,
    495.79876189947));
#7742 = DIRECTION('',(0.771935719491,0.,0.635700593813));
#7743 = DIRECTION('',(-0.635700593813,0.,0.771935719491));
#7744 = PCURVE('',#195,#7745);
#7745 = DEFINITIONAL_REPRESENTATION('',(#7746),#7755);
#7746 = B_SPLINE_CURVE_WITH_KNOTS('',7,(#7747,#7748,#7749,#7750,#7751,
    #7752,#7753,#7754),.UNSPECIFIED.,.F.,.F.,(8,8),(0.371238247203,
    1.255287074731),.PIECEWISE_BEZIER_KNOTS.);
#7747 = CARTESIAN_POINT('',(3.512830900793,18.456697306229));
#7748 = CARTESIAN_POINT('',(3.639123590439,18.17852900993));
#7749 = CARTESIAN_POINT('',(3.765416280088,17.795076938336));
#7750 = CARTESIAN_POINT('',(3.891708969731,17.313588267631));
#7751 = CARTESIAN_POINT('',(4.018001659384,16.745421860054));
#7752 = CARTESIAN_POINT('',(4.144294349026,16.10558642763));
#7753 = CARTESIAN_POINT('',(4.270587038674,15.411703683739));
#7754 = CARTESIAN_POINT('',(4.396879728321,14.68276310508));
#7755 = ( GEOMETRIC_REPRESENTATION_CONTEXT(2) 
PARAMETRIC_REPRESENTATION_CONTEXT() REPRESENTATION_CONTEXT('2D SPACE',''
  ) );
#7756 = PCURVE('',#1051,#7757);
#7757 = DEFINITIONAL_REPRESENTATION('',(#7758),#7762);
#7758 = ELLIPSE('',#7759,7.86533794158,5.);
#7759 = AXIS2_PLACEMENT_2D('',#7760,#7761);
#7760 = CARTESIAN_POINT('',(-2.848029527405,-117.8205128205));
#7761 = DIRECTION('',(1.,0.));
#7762 = ( GEOMETRIC_REPRESENTATION_CONTEXT(2) 
PARAMETRIC_REPRESENTATION_CONTEXT() REPRESENTATION_CONTEXT('2D SPACE',''
  ) );
#7763 = ORIENTED_EDGE('',*,*,#7764,.T.);
#7764 = EDGE_CURVE('',#7736,#7765,#7767,.T.);
#7765 = VERTEX_POINT('',#7766);
#7766 = CARTESIAN_POINT('',(187.04480159839,107.90053330878,
    494.59188813105));
#7767 = SURFACE_CURVE('',#7768,(#7773,#7784),.PCURVE_S1.);
#7768 = ELLIPSE('',#7769,8.045246721122,5.);
#7769 = AXIS2_PLACEMENT_3D('',#7770,#7771,#7772);
#7770 = CARTESIAN_POINT('',(186.15384615384,112.82051282051,
    495.71500091973));
#7771 = DIRECTION('',(0.783426077725,0.,0.621484980302));
#7772 = DIRECTION('',(-0.621484980302,0.,0.783426077725));
#7773 = PCURVE('',#195,#7774);
#7774 = DEFINITIONAL_REPRESENTATION('',(#7775),#7783);
#7775 = B_SPLINE_CURVE_WITH_KNOTS('',6,(#7776,#7777,#7778,#7779,#7780,
    #7781,#7782),.UNSPECIFIED.,.F.,.F.,(7,7),(1.141613586208,
    1.805155864503),.PIECEWISE_BEZIER_KNOTS.);
#7776 = CARTESIAN_POINT('',(4.283206239798,15.337794570921));
#7777 = CARTESIAN_POINT('',(4.393796619514,14.70397614218));
#7778 = CARTESIAN_POINT('',(4.50438699923,14.031665268688));
#7779 = CARTESIAN_POINT('',(4.614977378945,13.334812135355));
#7780 = CARTESIAN_POINT('',(4.725567758661,12.628792870368));
#7781 = CARTESIAN_POINT('',(4.836158138377,11.929331764444));
#7782 = CARTESIAN_POINT('',(4.946748518093,11.251351181973));
#7783 = ( GEOMETRIC_REPRESENTATION_CONTEXT(2) 
PARAMETRIC_REPRESENTATION_CONTEXT() REPRESENTATION_CONTEXT('2D SPACE',''
  ) );
#7784 = PCURVE('',#1025,#7785);
#7785 = DEFINITIONAL_REPRESENTATION('',(#7786),#7790);
#7786 = ELLIPSE('',#7787,8.045246721122,5.);
#7787 = AXIS2_PLACEMENT_2D('',#7788,#7789);
#7788 = CARTESIAN_POINT('',(1.433591273783,-117.8205128205));
#7789 = DIRECTION('',(1.,0.));
#7790 = ( GEOMETRIC_REPRESENTATION_CONTEXT(2) 
PARAMETRIC_REPRESENTATION_CONTEXT() REPRESENTATION_CONTEXT('2D SPACE',''
  ) );
#7791 = ORIENTED_EDGE('',*,*,#7792,.T.);
#7792 = EDGE_CURVE('',#7765,#208,#7793,.T.);
#7793 = SURFACE_CURVE('',#7794,(#7799,#7811),.PCURVE_S1.);
#7794 = ELLIPSE('',#7795,19.135064452489,5.);
#7795 = AXIS2_PLACEMENT_3D('',#7796,#7797,#7798);
#7796 = CARTESIAN_POINT('',(186.15384615384,112.82051282051,
    497.88312477557));
#7797 = DIRECTION('',(0.965257530836,0.,0.261300400237));
#7798 = DIRECTION('',(-0.261300400237,0.,0.965257530836));
#7799 = PCURVE('',#195,#7800);
#7800 = DEFINITIONAL_REPRESENTATION('',(#7801),#7810);
#7801 = B_SPLINE_CURVE_WITH_KNOTS('',7,(#7802,#7803,#7804,#7805,#7806,
    #7807,#7808,#7809),.UNSPECIFIED.,.F.,.F.,(8,8),(1.691937875339,
    2.507801894495),.PIECEWISE_BEZIER_KNOTS.);
#7802 = CARTESIAN_POINT('',(4.833530528929,12.651076944157));
#7803 = CARTESIAN_POINT('',(4.950082531666,10.514107323835));
#7804 = CARTESIAN_POINT('',(5.066634534402,8.412512224534));
#7805 = CARTESIAN_POINT('',(5.183186537137,6.393705786623));
#7806 = CARTESIAN_POINT('',(5.299738539876,4.503927322978));
#7807 = CARTESIAN_POINT('',(5.416290542611,2.785601781597));
#7808 = CARTESIAN_POINT('',(5.532842545348,1.274863462503));
#7809 = CARTESIAN_POINT('',(5.649394548085,-6.000000780659E-07));
#7810 = ( GEOMETRIC_REPRESENTATION_CONTEXT(2) 
PARAMETRIC_REPRESENTATION_CONTEXT() REPRESENTATION_CONTEXT('2D SPACE',''
  ) );
#7811 = PCURVE('',#247,#7812);
#7812 = DEFINITIONAL_REPRESENTATION('',(#7813),#7817);
#7813 = ELLIPSE('',#7814,19.135064452489,5.);
#7814 = AXIS2_PLACEMENT_2D('',#7815,#7816);
#7815 = CARTESIAN_POINT('',(14.382819436332,-117.8205128205));
#7816 = DIRECTION('',(1.,0.));
#7817 = ( GEOMETRIC_REPRESENTATION_CONTEXT(2) 
PARAMETRIC_REPRESENTATION_CONTEXT() REPRESENTATION_CONTEXT('2D SPACE',''
  ) );
#7818 = ORIENTED_EDGE('',*,*,#207,.T.);
#7819 = ADVANCED_FACE('',(#7820),#331,.T.);
#7820 = FACE_BOUND('',#7821,.T.);
#7821 = EDGE_LOOP('',(#7822,#7845,#7846,#7847,#7870,#7898));
#7822 = ORIENTED_EDGE('',*,*,#7823,.T.);
#7823 = EDGE_CURVE('',#7824,#283,#7826,.T.);
#7824 = VERTEX_POINT('',#7825);
#7825 = CARTESIAN_POINT('',(220.,109.,562.78472110163));
#7826 = SURFACE_CURVE('',#7827,(#7831,#7838),.PCURVE_S1.);
#7827 = LINE('',#7828,#7829);
#7828 = CARTESIAN_POINT('',(220.,112.43856443152,565.42928974624));
#7829 = VECTOR('',#7830,1.);
#7830 = DIRECTION('',(0.,-0.79267756344,-0.609641107882));
#7831 = PCURVE('',#331,#7832);
#7832 = DEFINITIONAL_REPRESENTATION('',(#7833),#7837);
#7833 = LINE('',#7834,#7835);
#7834 = CARTESIAN_POINT('',(2.438564431527,57.833300783878));
#7835 = VECTOR('',#7836,1.);
#7836 = DIRECTION('',(-0.79267756344,-0.609641107882));
#7837 = ( GEOMETRIC_REPRESENTATION_CONTEXT(2) 
PARAMETRIC_REPRESENTATION_CONTEXT() REPRESENTATION_CONTEXT('2D SPACE',''
  ) );
#7838 = PCURVE('',#299,#7839);
#7839 = DEFINITIONAL_REPRESENTATION('',(#7840),#7844);
#7840 = LINE('',#7841,#7842);
#7841 = CARTESIAN_POINT('',(-1.570796326795,0.));
#7842 = VECTOR('',#7843,1.);
#7843 = DIRECTION('',(-0.,1.));
#7844 = ( GEOMETRIC_REPRESENTATION_CONTEXT(2) 
PARAMETRIC_REPRESENTATION_CONTEXT() REPRESENTATION_CONTEXT('2D SPACE',''
  ) );
#7845 = ORIENTED_EDGE('',*,*,#315,.T.);
#7846 = ORIENTED_EDGE('',*,*,#7521,.T.);
#7847 = ORIENTED_EDGE('',*,*,#7848,.T.);
#7848 = EDGE_CURVE('',#7522,#7849,#7851,.T.);
#7849 = VERTEX_POINT('',#7850);
#7850 = CARTESIAN_POINT('',(220.,111.,591.6));
#7851 = SURFACE_CURVE('',#7852,(#7856,#7863),.PCURVE_S1.);
#7852 = LINE('',#7853,#7854);
#7853 = CARTESIAN_POINT('',(220.,111.,556.6));
#7854 = VECTOR('',#7855,1.);
#7855 = DIRECTION('',(0.,0.,1.));
#7856 = PCURVE('',#331,#7857);
#7857 = DEFINITIONAL_REPRESENTATION('',(#7858),#7862);
#7858 = LINE('',#7859,#7860);
#7859 = CARTESIAN_POINT('',(1.,49.004011037636));
#7860 = VECTOR('',#7861,1.);
#7861 = DIRECTION('',(0.,1.));
#7862 = ( GEOMETRIC_REPRESENTATION_CONTEXT(2) 
PARAMETRIC_REPRESENTATION_CONTEXT() REPRESENTATION_CONTEXT('2D SPACE',''
  ) );
#7863 = PCURVE('',#7594,#7864);
#7864 = DEFINITIONAL_REPRESENTATION('',(#7865),#7869);
#7865 = LINE('',#7866,#7867);
#7866 = CARTESIAN_POINT('',(0.,0.));
#7867 = VECTOR('',#7868,1.);
#7868 = DIRECTION('',(0.,1.));
#7869 = ( GEOMETRIC_REPRESENTATION_CONTEXT(2) 
PARAMETRIC_REPRESENTATION_CONTEXT() REPRESENTATION_CONTEXT('2D SPACE',''
  ) );
#7870 = ORIENTED_EDGE('',*,*,#7871,.F.);
#7871 = EDGE_CURVE('',#7872,#7849,#7874,.T.);
#7872 = VERTEX_POINT('',#7873);
#7873 = CARTESIAN_POINT('',(220.,109.,591.6));
#7874 = SURFACE_CURVE('',#7875,(#7879,#7886),.PCURVE_S1.);
#7875 = LINE('',#7876,#7877);
#7876 = CARTESIAN_POINT('',(220.,107.,591.6));
#7877 = VECTOR('',#7878,1.);
#7878 = DIRECTION('',(-0.,1.,0.));
#7879 = PCURVE('',#331,#7880);
#7880 = DEFINITIONAL_REPRESENTATION('',(#7881),#7885);
#7881 = LINE('',#7882,#7883);
#7882 = CARTESIAN_POINT('',(-3.,84.004011037636));
#7883 = VECTOR('',#7884,1.);
#7884 = DIRECTION('',(1.,0.));
#7885 = ( GEOMETRIC_REPRESENTATION_CONTEXT(2) 
PARAMETRIC_REPRESENTATION_CONTEXT() REPRESENTATION_CONTEXT('2D SPACE',''
  ) );
#7886 = PCURVE('',#7887,#7892);
#7887 = CYLINDRICAL_SURFACE('',#7888,2.);
#7888 = AXIS2_PLACEMENT_3D('',#7889,#7890,#7891);
#7889 = CARTESIAN_POINT('',(218.,107.,591.6));
#7890 = DIRECTION('',(-0.,1.,0.));
#7891 = DIRECTION('',(1.,0.,-0.));
#7892 = DEFINITIONAL_REPRESENTATION('',(#7893),#7897);
#7893 = LINE('',#7894,#7895);
#7894 = CARTESIAN_POINT('',(-0.,0.));
#7895 = VECTOR('',#7896,1.);
#7896 = DIRECTION('',(-0.,1.));
#7897 = ( GEOMETRIC_REPRESENTATION_CONTEXT(2) 
PARAMETRIC_REPRESENTATION_CONTEXT() REPRESENTATION_CONTEXT('2D SPACE',''
  ) );
#7898 = ORIENTED_EDGE('',*,*,#7899,.F.);
#7899 = EDGE_CURVE('',#7824,#7872,#7900,.T.);
#7900 = SURFACE_CURVE('',#7901,(#7905,#7912),.PCURVE_S1.);
#7901 = LINE('',#7902,#7903);
#7902 = CARTESIAN_POINT('',(220.,109.,556.6));
#7903 = VECTOR('',#7904,1.);
#7904 = DIRECTION('',(0.,0.,1.));
#7905 = PCURVE('',#331,#7906);
#7906 = DEFINITIONAL_REPRESENTATION('',(#7907),#7911);
#7907 = LINE('',#7908,#7909);
#7908 = CARTESIAN_POINT('',(-1.,49.004011037636));
#7909 = VECTOR('',#7910,1.);
#7910 = DIRECTION('',(0.,1.));
#7911 = ( GEOMETRIC_REPRESENTATION_CONTEXT(2) 
PARAMETRIC_REPRESENTATION_CONTEXT() REPRESENTATION_CONTEXT('2D SPACE',''
  ) );
#7912 = PCURVE('',#7913,#7918);
#7913 = CYLINDRICAL_SURFACE('',#7914,2.);
#7914 = AXIS2_PLACEMENT_3D('',#7915,#7916,#7917);
#7915 = CARTESIAN_POINT('',(218.,109.,556.6));
#7916 = DIRECTION('',(0.,0.,1.));
#7917 = DIRECTION('',(1.,0.,-0.));
#7918 = DEFINITIONAL_REPRESENTATION('',(#7919),#7923);
#7919 = LINE('',#7920,#7921);
#7920 = CARTESIAN_POINT('',(-0.,0.));
#7921 = VECTOR('',#7922,1.);
#7922 = DIRECTION('',(-0.,1.));
#7923 = ( GEOMETRIC_REPRESENTATION_CONTEXT(2) 
PARAMETRIC_REPRESENTATION_CONTEXT() REPRESENTATION_CONTEXT('2D SPACE',''
  ) );
#7924 = ADVANCED_FACE('',(#7925),#299,.T.);
#7925 = FACE_BOUND('',#7926,.F.);
#7926 = EDGE_LOOP('',(#7927,#7928,#7958,#8030,#8031));
#7927 = ORIENTED_EDGE('',*,*,#891,.F.);
#7928 = ORIENTED_EDGE('',*,*,#7929,.T.);
#7929 = EDGE_CURVE('',#871,#7930,#7932,.T.);
#7930 = VERTEX_POINT('',#7931);
#7931 = CARTESIAN_POINT('',(218.,107.,565.61666627444));
#7932 = SURFACE_CURVE('',#7933,(#7938,#7951),.PCURVE_S1.);
#7933 = ELLIPSE('',#7934,5.046187989279,4.);
#7934 = AXIS2_PLACEMENT_3D('',#7935,#7936,#7937);
#7935 = CARTESIAN_POINT('',(216.,107.,561.24653928344));
#7936 = DIRECTION('',(0.,1.,0.));
#7937 = DIRECTION('',(0.,0.,-1.));
#7938 = PCURVE('',#299,#7939);
#7939 = DEFINITIONAL_REPRESENTATION('',(#7940),#7950);
#7940 = B_SPLINE_CURVE_WITH_KNOTS('',8,(#7941,#7942,#7943,#7944,#7945,
    #7946,#7947,#7948,#7949),.UNSPECIFIED.,.F.,.F.,(9,9),(3.14159265359,
    4.712388980385),.PIECEWISE_BEZIER_KNOTS.);
#7941 = CARTESIAN_POINT('',(0.,3.784640991959));
#7942 = CARTESIAN_POINT('',(-0.196349540849,3.784640991959));
#7943 = CARTESIAN_POINT('',(-0.392699081698,3.920187960994));
#7944 = CARTESIAN_POINT('',(-0.58904862255,4.191280747571));
#7945 = CARTESIAN_POINT('',(-0.785398163392,4.586775890206));
#7946 = CARTESIAN_POINT('',(-0.981747704249,5.084363832008));
#7947 = CARTESIAN_POINT('',(-1.178097245095,5.652919309932));
#7948 = CARTESIAN_POINT('',(-1.374446785946,6.256962040837));
#7949 = CARTESIAN_POINT('',(-1.570796326795,6.861004628323));
#7950 = ( GEOMETRIC_REPRESENTATION_CONTEXT(2) 
PARAMETRIC_REPRESENTATION_CONTEXT() REPRESENTATION_CONTEXT('2D SPACE',''
  ) );
#7951 = PCURVE('',#609,#7952);
#7952 = DEFINITIONAL_REPRESENTATION('',(#7953),#7957);
#7953 = ELLIPSE('',#7954,5.046187989279,4.);
#7954 = AXIS2_PLACEMENT_2D('',#7955,#7956);
#7955 = CARTESIAN_POINT('',(4.646539283449,216.));
#7956 = DIRECTION('',(-1.,0.));
#7957 = ( GEOMETRIC_REPRESENTATION_CONTEXT(2) 
PARAMETRIC_REPRESENTATION_CONTEXT() REPRESENTATION_CONTEXT('2D SPACE',''
  ) );
#7958 = ORIENTED_EDGE('',*,*,#7959,.F.);
#7959 = EDGE_CURVE('',#7824,#7930,#7960,.T.);
#7960 = SURFACE_CURVE('',#7961,(#7982,#8006),.PCURVE_S1.);
#7961 = B_SPLINE_CURVE_WITH_KNOTS('',7,(#7962,#7963,#7964,#7965,#7966,
    #7967,#7968,#7969,#7970,#7971,#7972,#7973,#7974,#7975,#7976,#7977,
    #7978,#7979,#7980,#7981),.UNSPECIFIED.,.F.,.F.,(8,6,6,8),(0.,
    3.752802594323E-02,0.595909932329,1.),.UNSPECIFIED.);
#7962 = CARTESIAN_POINT('',(220.,109.,562.78472170318));
#7963 = CARTESIAN_POINT('',(219.99999999728,108.98429353247,
    562.80066218873));
#7964 = CARTESIAN_POINT('',(219.99985610787,108.96858774271,
    562.81660557374));
#7965 = CARTESIAN_POINT('',(219.99956828607,108.95288229916,
    562.8325469494));
#7966 = CARTESIAN_POINT('',(219.99913660202,108.93718007194,
    562.84848740851));
#7967 = CARTESIAN_POINT('',(219.99856104761,108.92148203845,
    562.8644281643));
#7968 = CARTESIAN_POINT('',(219.9978415503,108.90578750439,
    562.88036851837));
#7969 = CARTESIAN_POINT('',(219.98413227438,108.65667890161,
    563.13346745187));
#7970 = CARTESIAN_POINT('',(219.93940372059,108.42407922826,
    563.37096666949));
#7971 = CARTESIAN_POINT('',(219.86257694997,108.19667516876,
    563.60787217214));
#7972 = CARTESIAN_POINT('',(219.7537956407,107.97898798346,
    563.84321766154));
#7973 = CARTESIAN_POINT('',(219.61365133327,107.77581997909,
    564.07610873661));
#7974 = CARTESIAN_POINT('',(219.44322262527,107.59229240823,
    564.3058145622));
#7975 = CARTESIAN_POINT('',(219.10042322019,107.31986157745,
    564.69595679824));
#7976 = CARTESIAN_POINT('',(218.94124844071,107.21854386723,
    564.85839661491));
#7977 = CARTESIAN_POINT('',(218.76859967696,107.13358016549,
    565.01801939606));
#7978 = CARTESIAN_POINT('',(218.58497953191,107.06763718262,
    565.17388201771));
#7979 = CARTESIAN_POINT('',(218.39341220109,107.02269649323,
    565.32553784801));
#7980 = CARTESIAN_POINT('',(218.19725148368,107.,565.47299726896));
#7981 = CARTESIAN_POINT('',(218.,107.,565.61666627443));
#7982 = PCURVE('',#299,#7983);
#7983 = DEFINITIONAL_REPRESENTATION('',(#7984),#8005);
#7984 = B_SPLINE_CURVE_WITH_KNOTS('',7,(#7985,#7986,#7987,#7988,#7989,
    #7990,#7991,#7992,#7993,#7994,#7995,#7996,#7997,#7998,#7999,#8000,
    #8001,#8002,#8003,#8004),.UNSPECIFIED.,.F.,.F.,(8,6,6,8),(0.,
    3.752802594323E-02,0.595909932329,1.),.UNSPECIFIED.);
#7985 = CARTESIAN_POINT('',(-1.570796207586,4.337910266952));
#7986 = CARTESIAN_POINT('',(-1.565243464192,4.340642456089));
#7987 = CARTESIAN_POINT('',(-1.559690249594,4.343372340347));
#7988 = CARTESIAN_POINT('',(-1.554137206104,4.346103175152));
#7989 = CARTESIAN_POINT('',(-1.548584275238,4.348832019215));
#7990 = CARTESIAN_POINT('',(-1.543031085803,4.351557358131));
#7991 = CARTESIAN_POINT('',(-1.537477390266,4.35428016803));
#7992 = CARTESIAN_POINT('',(-1.449287594546,4.397443454096));
#7993 = CARTESIAN_POINT('',(-1.366399648476,4.437030710276));
#7994 = CARTESIAN_POINT('',(-1.283187328857,4.472861472976));
#7995 = CARTESIAN_POINT('',(-1.199583665607,4.501940935719));
#7996 = CARTESIAN_POINT('',(-1.115538486647,4.521007681364));
#7997 = CARTESIAN_POINT('',(-1.031007969716,4.526447755061));
#7998 = CARTESIAN_POINT('',(-0.884494003202,4.5045508172));
#7999 = CARTESIAN_POINT('',(-0.822583551329,4.485833103072));
#8000 = CARTESIAN_POINT('',(-0.760797158578,4.455869314005));
#8001 = CARTESIAN_POINT('',(-0.699579525073,4.413120575659));
#8002 = CARTESIAN_POINT('',(-0.639350978172,4.356288423414));
#8003 = CARTESIAN_POINT('',(-0.580540374199,4.284382099619));
#8004 = CARTESIAN_POINT('',(-0.523598775598,4.196795567953));
#8005 = ( GEOMETRIC_REPRESENTATION_CONTEXT(2) 
PARAMETRIC_REPRESENTATION_CONTEXT() REPRESENTATION_CONTEXT('2D SPACE',''
  ) );
#8006 = PCURVE('',#7913,#8007);
#8007 = DEFINITIONAL_REPRESENTATION('',(#8008),#8029);
#8008 = B_SPLINE_CURVE_WITH_KNOTS('',7,(#8009,#8010,#8011,#8012,#8013,
    #8014,#8015,#8016,#8017,#8018,#8019,#8020,#8021,#8022,#8023,#8024,
    #8025,#8026,#8027,#8028),.UNSPECIFIED.,.F.,.F.,(8,6,6,8),(0.,
    3.752802594323E-02,0.595909932329,1.),.UNSPECIFIED.);
#8009 = CARTESIAN_POINT('',(0.,6.184721703183));
#8010 = CARTESIAN_POINT('',(-7.853233807551E-03,6.200662188735));
#8011 = CARTESIAN_POINT('',(-1.570612850212E-02,6.216605573747));
#8012 = CARTESIAN_POINT('',(-2.355964162881E-02,6.232546949405));
#8013 = CARTESIAN_POINT('',(-3.141312827696E-02,6.24848740851));
#8014 = CARTESIAN_POINT('',(-3.926689109365E-02,6.264428164305));
#8015 = CARTESIAN_POINT('',(-4.712206997536E-02,6.280368518377));
#8016 = CARTESIAN_POINT('',(-0.171864845547,6.533467451879));
#8017 = CARTESIAN_POINT('',(-0.28921775113,6.77096666949));
#8018 = CARTESIAN_POINT('',(-0.407467912575,7.007872172143));
#8019 = CARTESIAN_POINT('',(-0.527052683762,7.243217661544));
#8020 = CARTESIAN_POINT('',(-0.648459153959,7.476108736618));
#8021 = CARTESIAN_POINT('',(-0.772264943341,7.705814562208));
#8022 = CARTESIAN_POINT('',(-0.99119985929,8.095956798243));
#8023 = CARTESIAN_POINT('',(-1.085025477138,8.258396614911));
#8024 = CARTESIAN_POINT('',(-1.180307732859,8.418019396062));
#8025 = CARTESIAN_POINT('',(-1.276738790671,8.57388201771));
#8026 = CARTESIAN_POINT('',(-1.374090556822,8.725537848019));
#8027 = CARTESIAN_POINT('',(-1.472170584954,8.872997268961));
#8028 = CARTESIAN_POINT('',(-1.570796326795,9.016666274436));
#8029 = ( GEOMETRIC_REPRESENTATION_CONTEXT(2) 
PARAMETRIC_REPRESENTATION_CONTEXT() REPRESENTATION_CONTEXT('2D SPACE',''
  ) );
#8030 = ORIENTED_EDGE('',*,*,#7823,.T.);
#8031 = ORIENTED_EDGE('',*,*,#282,.F.);
#8032 = ADVANCED_FACE('',(#8033),#247,.F.);
#8033 = FACE_BOUND('',#8034,.F.);
#8034 = EDGE_LOOP('',(#8035,#8056,#8057,#8086,#8119,#8120,#8121));
#8035 = ORIENTED_EDGE('',*,*,#8036,.F.);
#8036 = EDGE_CURVE('',#990,#7765,#8037,.T.);
#8037 = SURFACE_CURVE('',#8038,(#8042,#8049),.PCURVE_S1.);
#8038 = LINE('',#8039,#8040);
#8039 = CARTESIAN_POINT('',(187.04480159839,-5.,494.59188813105));
#8040 = VECTOR('',#8041,1.);
#8041 = DIRECTION('',(0.,1.,0.));
#8042 = PCURVE('',#247,#8043);
#8043 = DEFINITIONAL_REPRESENTATION('',(#8044),#8048);
#8044 = LINE('',#8045,#8046);
#8045 = CARTESIAN_POINT('',(10.973121465188,0.));
#8046 = VECTOR('',#8047,1.);
#8047 = DIRECTION('',(0.,-1.));
#8048 = ( GEOMETRIC_REPRESENTATION_CONTEXT(2) 
PARAMETRIC_REPRESENTATION_CONTEXT() REPRESENTATION_CONTEXT('2D SPACE',''
  ) );
#8049 = PCURVE('',#1025,#8050);
#8050 = DEFINITIONAL_REPRESENTATION('',(#8051),#8055);
#8051 = LINE('',#8052,#8053);
#8052 = CARTESIAN_POINT('',(0.,0.));
#8053 = VECTOR('',#8054,1.);
#8054 = DIRECTION('',(0.,-1.));
#8055 = ( GEOMETRIC_REPRESENTATION_CONTEXT(2) 
PARAMETRIC_REPRESENTATION_CONTEXT() REPRESENTATION_CONTEXT('2D SPACE',''
  ) );
#8056 = ORIENTED_EDGE('',*,*,#989,.T.);
#8057 = ORIENTED_EDGE('',*,*,#8058,.T.);
#8058 = EDGE_CURVE('',#963,#8059,#8061,.T.);
#8059 = VERTEX_POINT('',#8060);
#8060 = CARTESIAN_POINT('',(188.16120163047,8.411546299778,
    490.46784722865));
#8061 = SURFACE_CURVE('',#8062,(#8068,#8077),.PCURVE_S1.);
#8062 = B_SPLINE_CURVE_WITH_KNOTS('',4,(#8063,#8064,#8065,#8066,#8067),
  .UNSPECIFIED.,.F.,.F.,(5,5),(0.,1.),.PIECEWISE_BEZIER_KNOTS.);
#8063 = CARTESIAN_POINT('',(188.13983186855,8.51237244475,
    490.54678826205));
#8064 = CARTESIAN_POINT('',(188.14518471635,8.487116829467,
    490.5270145585));
#8065 = CARTESIAN_POINT('',(188.15053064254,8.461893855256,
    490.50726642378));
#8066 = CARTESIAN_POINT('',(188.15586962219,8.436703639642,
    490.48754394991));
#8067 = CARTESIAN_POINT('',(188.16120163047,8.411546299778,
    490.46784722865));
#8068 = PCURVE('',#247,#8069);
#8069 = DEFINITIONAL_REPRESENTATION('',(#8070),#8076);
#8070 = B_SPLINE_CURVE_WITH_KNOTS('',4,(#8071,#8072,#8073,#8074,#8075),
  .UNSPECIFIED.,.F.,.F.,(5,5),(0.,1.),.PIECEWISE_BEZIER_KNOTS.);
#8071 = CARTESIAN_POINT('',(6.782426505786,-13.51237244475));
#8072 = CARTESIAN_POINT('',(6.761941088256,-13.48711682946));
#8073 = CARTESIAN_POINT('',(6.741482159841,-13.46189385525));
#8074 = CARTESIAN_POINT('',(6.721049815894,-13.43670363964));
#8075 = CARTESIAN_POINT('',(6.700644151467,-13.41154629977));
#8076 = ( GEOMETRIC_REPRESENTATION_CONTEXT(2) 
PARAMETRIC_REPRESENTATION_CONTEXT() REPRESENTATION_CONTEXT('2D SPACE',''
  ) );
#8077 = PCURVE('',#978,#8078);
#8078 = DEFINITIONAL_REPRESENTATION('',(#8079),#8085);
#8079 = B_SPLINE_CURVE_WITH_KNOTS('',4,(#8080,#8081,#8082,#8083,#8084),
  .UNSPECIFIED.,.F.,.F.,(5,5),(0.,1.),.PIECEWISE_BEZIER_KNOTS.);
#8080 = CARTESIAN_POINT('',(0.177072936682,1.));
#8081 = CARTESIAN_POINT('',(0.132758604211,0.958017497751));
#8082 = CARTESIAN_POINT('',(8.847490058821E-02,0.915970104));
#8083 = CARTESIAN_POINT('',(4.422198079925E-02,0.873857785016));
#8084 = CARTESIAN_POINT('',(0.,0.831680510142));
#8085 = ( GEOMETRIC_REPRESENTATION_CONTEXT(2) 
PARAMETRIC_REPRESENTATION_CONTEXT() REPRESENTATION_CONTEXT('2D SPACE',''
  ) );
#8086 = ORIENTED_EDGE('',*,*,#8087,.T.);
#8087 = EDGE_CURVE('',#8059,#914,#8088,.T.);
#8088 = SURFACE_CURVE('',#8089,(#8097,#8108),.PCURVE_S1.);
#8089 = B_SPLINE_CURVE_WITH_KNOTS('',3,(#8090,#8091,#8092,#8093,#8094,
    #8095,#8096),.UNSPECIFIED.,.F.,.F.,(4,1,1,1,4),(0.,0.320813878297,
    0.641632104659,0.962454681386,1.),.UNSPECIFIED.);
#8090 = CARTESIAN_POINT('',(188.16120163047,8.411546299778,
    490.46784722865));
#8091 = CARTESIAN_POINT('',(188.16183960827,8.408287918437,
    490.46549050484));
#8092 = CARTESIAN_POINT('',(188.16311584358,8.401769744695,
    490.46077602394));
#8093 = CARTESIAN_POINT('',(188.16503102258,8.391988317802,
    490.4537012512));
#8094 = CARTESIAN_POINT('',(188.16638310194,8.385082856474,
    490.44870659835));
#8095 = CARTESIAN_POINT('',(188.16709668636,8.38143838486,
    490.44607057967));
#8096 = CARTESIAN_POINT('',(188.16717144869,8.381056553222,
    490.44579440365));
#8097 = PCURVE('',#247,#8098);
#8098 = DEFINITIONAL_REPRESENTATION('',(#8099),#8107);
#8099 = B_SPLINE_CURVE_WITH_KNOTS('',3,(#8100,#8101,#8102,#8103,#8104,
    #8105,#8106),.UNSPECIFIED.,.F.,.F.,(4,1,1,1,4),(0.,0.320813878297,
    0.641632104659,0.962454681386,1.),.UNSPECIFIED.);
#8100 = CARTESIAN_POINT('',(6.700644151467,-13.41154629977));
#8101 = CARTESIAN_POINT('',(6.698202602202,-13.40828791843));
#8102 = CARTESIAN_POINT('',(6.693318433219,-13.40176974469));
#8103 = CARTESIAN_POINT('',(6.685989018513,-13.3919883178));
#8104 = CARTESIAN_POINT('',(6.680814593354,-13.38508285647));
#8105 = CARTESIAN_POINT('',(6.678083696576,-13.38143838486));
#8106 = CARTESIAN_POINT('',(6.677797580171,-13.38105655322));
#8107 = ( GEOMETRIC_REPRESENTATION_CONTEXT(2) 
PARAMETRIC_REPRESENTATION_CONTEXT() REPRESENTATION_CONTEXT('2D SPACE',''
  ) );
#8108 = PCURVE('',#950,#8109);
#8109 = DEFINITIONAL_REPRESENTATION('',(#8110),#8118);
#8110 = B_SPLINE_CURVE_WITH_KNOTS('',3,(#8111,#8112,#8113,#8114,#8115,
    #8116,#8117),.UNSPECIFIED.,.F.,.F.,(4,1,1,1,4),(0.,0.320813878297,
    0.641632104659,0.962454681386,1.),.UNSPECIFIED.);
#8111 = CARTESIAN_POINT('',(12.0381191999,0.831680510142));
#8112 = CARTESIAN_POINT('',(12.032914584654,0.849680633143));
#8113 = CARTESIAN_POINT('',(12.02250578272,0.885680879252));
#8114 = CARTESIAN_POINT('',(12.006893971169,0.939680882616));
#8115 = CARTESIAN_POINT('',(11.995878066592,0.977787150105));
#8116 = CARTESIAN_POINT('',(11.990065911477,0.997893508229));
#8117 = CARTESIAN_POINT('',(11.989456989768,1.));
#8118 = ( GEOMETRIC_REPRESENTATION_CONTEXT(2) 
PARAMETRIC_REPRESENTATION_CONTEXT() REPRESENTATION_CONTEXT('2D SPACE',''
  ) );
#8119 = ORIENTED_EDGE('',*,*,#913,.T.);
#8120 = ORIENTED_EDGE('',*,*,#231,.T.);
#8121 = ORIENTED_EDGE('',*,*,#7792,.F.);
#8122 = ADVANCED_FACE('',(#8123),#486,.F.);
#8123 = FACE_BOUND('',#8124,.F.);
#8124 = EDGE_LOOP('',(#8125,#8148,#8175,#8176));
#8125 = ORIENTED_EDGE('',*,*,#8126,.T.);
#8126 = EDGE_CURVE('',#470,#8127,#8129,.T.);
#8127 = VERTEX_POINT('',#8128);
#8128 = CARTESIAN_POINT('',(191.15384615384,186.15384615384,504.));
#8129 = SEAM_CURVE('',#8130,(#8134,#8141),.PCURVE_S1.);
#8130 = LINE('',#8131,#8132);
#8131 = CARTESIAN_POINT('',(191.15384615384,186.15384615384,483.));
#8132 = VECTOR('',#8133,1.);
#8133 = DIRECTION('',(0.,0.,1.));
#8134 = PCURVE('',#486,#8135);
#8135 = DEFINITIONAL_REPRESENTATION('',(#8136),#8140);
#8136 = LINE('',#8137,#8138);
#8137 = CARTESIAN_POINT('',(6.28318530718,-0.));
#8138 = VECTOR('',#8139,1.);
#8139 = DIRECTION('',(0.,1.));
#8140 = ( GEOMETRIC_REPRESENTATION_CONTEXT(2) 
PARAMETRIC_REPRESENTATION_CONTEXT() REPRESENTATION_CONTEXT('2D SPACE',''
  ) );
#8141 = PCURVE('',#486,#8142);
#8142 = DEFINITIONAL_REPRESENTATION('',(#8143),#8147);
#8143 = LINE('',#8144,#8145);
#8144 = CARTESIAN_POINT('',(0.,-0.));
#8145 = VECTOR('',#8146,1.);
#8146 = DIRECTION('',(0.,1.));
#8147 = ( GEOMETRIC_REPRESENTATION_CONTEXT(2) 
PARAMETRIC_REPRESENTATION_CONTEXT() REPRESENTATION_CONTEXT('2D SPACE',''
  ) );
#8148 = ORIENTED_EDGE('',*,*,#8149,.F.);
#8149 = EDGE_CURVE('',#8127,#8127,#8150,.T.);
#8150 = SURFACE_CURVE('',#8151,(#8156,#8163),.PCURVE_S1.);
#8151 = CIRCLE('',#8152,5.);
#8152 = AXIS2_PLACEMENT_3D('',#8153,#8154,#8155);
#8153 = CARTESIAN_POINT('',(186.15384615384,186.15384615384,504.));
#8154 = DIRECTION('',(0.,0.,1.));
#8155 = DIRECTION('',(1.,0.,-0.));
#8156 = PCURVE('',#486,#8157);
#8157 = DEFINITIONAL_REPRESENTATION('',(#8158),#8162);
#8158 = LINE('',#8159,#8160);
#8159 = CARTESIAN_POINT('',(0.,21.));
#8160 = VECTOR('',#8161,1.);
#8161 = DIRECTION('',(1.,0.));
#8162 = ( GEOMETRIC_REPRESENTATION_CONTEXT(2) 
PARAMETRIC_REPRESENTATION_CONTEXT() REPRESENTATION_CONTEXT('2D SPACE',''
  ) );
#8163 = PCURVE('',#8164,#8169);
#8164 = PLANE('',#8165);
#8165 = AXIS2_PLACEMENT_3D('',#8166,#8167,#8168);
#8166 = CARTESIAN_POINT('',(186.15384615384,186.15384615384,504.));
#8167 = DIRECTION('',(0.,0.,1.));
#8168 = DIRECTION('',(1.,0.,-0.));
#8169 = DEFINITIONAL_REPRESENTATION('',(#8170),#8174);
#8170 = CIRCLE('',#8171,5.);
#8171 = AXIS2_PLACEMENT_2D('',#8172,#8173);
#8172 = CARTESIAN_POINT('',(0.,0.));
#8173 = DIRECTION('',(1.,0.));
#8174 = ( GEOMETRIC_REPRESENTATION_CONTEXT(2) 
PARAMETRIC_REPRESENTATION_CONTEXT() REPRESENTATION_CONTEXT('2D SPACE',''
  ) );
#8175 = ORIENTED_EDGE('',*,*,#8126,.F.);
#8176 = ORIENTED_EDGE('',*,*,#469,.T.);
#8177 = ADVANCED_FACE('',(#8178),#517,.F.);
#8178 = FACE_BOUND('',#8179,.F.);
#8179 = EDGE_LOOP('',(#8180,#8203,#8550,#8551));
#8180 = ORIENTED_EDGE('',*,*,#8181,.T.);
#8181 = EDGE_CURVE('',#501,#8182,#8184,.T.);
#8182 = VERTEX_POINT('',#8183);
#8183 = CARTESIAN_POINT('',(117.,142.,501.04554884989));
#8184 = SEAM_CURVE('',#8185,(#8189,#8196),.PCURVE_S1.);
#8185 = LINE('',#8186,#8187);
#8186 = CARTESIAN_POINT('',(117.,142.,483.));
#8187 = VECTOR('',#8188,1.);
#8188 = DIRECTION('',(0.,0.,1.));
#8189 = PCURVE('',#517,#8190);
#8190 = DEFINITIONAL_REPRESENTATION('',(#8191),#8195);
#8191 = LINE('',#8192,#8193);
#8192 = CARTESIAN_POINT('',(6.28318530718,-0.));
#8193 = VECTOR('',#8194,1.);
#8194 = DIRECTION('',(0.,1.));
#8195 = ( GEOMETRIC_REPRESENTATION_CONTEXT(2) 
PARAMETRIC_REPRESENTATION_CONTEXT() REPRESENTATION_CONTEXT('2D SPACE',''
  ) );
#8196 = PCURVE('',#517,#8197);
#8197 = DEFINITIONAL_REPRESENTATION('',(#8198),#8202);
#8198 = LINE('',#8199,#8200);
#8199 = CARTESIAN_POINT('',(0.,-0.));
#8200 = VECTOR('',#8201,1.);
#8201 = DIRECTION('',(0.,1.));
#8202 = ( GEOMETRIC_REPRESENTATION_CONTEXT(2) 
PARAMETRIC_REPRESENTATION_CONTEXT() REPRESENTATION_CONTEXT('2D SPACE',''
  ) );
#8203 = ORIENTED_EDGE('',*,*,#8204,.F.);
#8204 = EDGE_CURVE('',#8182,#8182,#8205,.T.);
#8205 = SURFACE_CURVE('',#8206,(#8317,#8431),.PCURVE_S1.);
#8206 = B_SPLINE_CURVE_WITH_KNOTS('',7,(#8207,#8208,#8209,#8210,#8211,
    #8212,#8213,#8214,#8215,#8216,#8217,#8218,#8219,#8220,#8221,#8222,
    #8223,#8224,#8225,#8226,#8227,#8228,#8229,#8230,#8231,#8232,#8233,
    #8234,#8235,#8236,#8237,#8238,#8239,#8240,#8241,#8242,#8243,#8244,
    #8245,#8246,#8247,#8248,#8249,#8250,#8251,#8252,#8253,#8254,#8255,
    #8256,#8257,#8258,#8259,#8260,#8261,#8262,#8263,#8264,#8265,#8266,
    #8267,#8268,#8269,#8270,#8271,#8272,#8273,#8274,#8275,#8276,#8277,
    #8278,#8279,#8280,#8281,#8282,#8283,#8284,#8285,#8286,#8287,#8288,
    #8289,#8290,#8291,#8292,#8293,#8294,#8295,#8296,#8297,#8298,#8299,
    #8300,#8301,#8302,#8303,#8304,#8305,#8306,#8307,#8308,#8309,#8310,
    #8311,#8312,#8313,#8314,#8315,#8316),.UNSPECIFIED.,.T.,.F.,(8,6,6,6,
    6,6,6,6,6,6,6,6,6,6,6,6,6,6,8),(0.,8.915913999301E-02,0.147633802465
    ,0.194747642601,0.249974626649,0.305896152307,0.351762041047,
    0.408904008276,0.453198756708,0.500126496539,0.547315822742,
    0.589428310961,0.669384828778,0.715640253889,0.772670711623,
    0.806429474105,0.852171559513,0.909159286499,1.),.UNSPECIFIED.);
#8207 = CARTESIAN_POINT('',(117.,142.,501.04554884989));
#8208 = CARTESIAN_POINT('',(117.,142.49747481242,501.04554884989));
#8209 = CARTESIAN_POINT('',(116.95875277158,142.99358642895,
    501.0191918325));
#8210 = CARTESIAN_POINT('',(116.87666739374,143.48569295544,
    500.9667373661));
#8211 = CARTESIAN_POINT('',(116.75392610419,143.97112400622,
    500.88968338702));
#8212 = CARTESIAN_POINT('',(116.59059954902,144.4469070837,
    500.79075423974));
#8213 = CARTESIAN_POINT('',(116.38686902155,144.90963442129,
    500.6737361433));
#8214 = CARTESIAN_POINT('',(115.98364845351,145.64786994633,
    500.45752230169));
#8215 = CARTESIAN_POINT('',(115.80658054398,145.9334590502,
    500.36591932969));
#8216 = CARTESIAN_POINT('',(115.61186864378,146.21177979164,
    500.2694040794));
#8217 = CARTESIAN_POINT('',(115.39906795193,146.482197497,500.1690977564
    ));
#8218 = CARTESIAN_POINT('',(115.16761423224,146.74384068649,
    500.06623472295));
#8219 = CARTESIAN_POINT('',(114.91686586129,146.99554113209,
    499.96220736047));
#8220 = CARTESIAN_POINT('',(114.4280230597,147.42933277464,
    499.77514186458));
#8221 = CARTESIAN_POINT('',(114.19673801796,147.61562180032,
    499.69187718757));
#8222 = CARTESIAN_POINT('',(113.95191836607,147.79379764458,
    499.60966174155));
#8223 = CARTESIAN_POINT('',(113.69320303332,147.96284310131,
    499.52944044298));
#8224 = CARTESIAN_POINT('',(113.42027236687,148.12155031117,
    499.45227494627));
#8225 = CARTESIAN_POINT('',(113.13288038183,148.26849991094,
    499.37935028969));
#8226 = CARTESIAN_POINT('',(112.47689414384,148.55856767875,
    499.23298993649));
#8227 = CARTESIAN_POINT('',(112.09994254044,148.69794964238,
    499.16098217757));
#8228 = CARTESIAN_POINT('',(111.70335898466,148.81513819575,
    499.09919941371));
#8229 = CARTESIAN_POINT('',(111.29089432335,148.90625600772,
    499.0504773102));
#8230 = CARTESIAN_POINT('',(110.86662800195,148.96848229928,
    499.01697114646));
#8231 = CARTESIAN_POINT('',(110.43486109811,149.,499.));
#8232 = CARTESIAN_POINT('',(109.55967003313,149.,499.));
#8233 = CARTESIAN_POINT('',(109.12266495428,148.96768456904,
    499.01740071488));
#8234 = CARTESIAN_POINT('',(108.69348491259,148.90393396578,
    499.05172758576));
#8235 = CARTESIAN_POINT('',(108.27651709538,148.81065455107,
    499.10159621639));
#8236 = CARTESIAN_POINT('',(107.87591513346,148.69077605893,
    499.16476288865));
#8237 = CARTESIAN_POINT('',(107.49548825696,148.54830835091,
    499.23828871631));
#8238 = CARTESIAN_POINT('',(106.84588665926,148.25735081755,
    499.38486573085));
#8239 = CARTESIAN_POINT('',(106.56699972453,148.11365075055,
    499.45607818022));
#8240 = CARTESIAN_POINT('',(106.30180580946,147.95887251248,
    499.53125737058));
#8241 = CARTESIAN_POINT('',(106.05007536312,147.79431964755,
    499.60931396976));
#8242 = CARTESIAN_POINT('',(105.81151293679,147.6211057022,
    499.68926946523));
#8243 = CARTESIAN_POINT('',(105.58578543475,147.44017227489,
    499.77025033109));
#8244 = CARTESIAN_POINT('',(105.10688761231,147.01824761246,
    499.9526655767));
#8245 = CARTESIAN_POINT('',(104.86033631653,146.77318299132,
    500.05433946252));
#8246 = CARTESIAN_POINT('',(104.63225559039,146.51854450819,
    500.15500073699));
#8247 = CARTESIAN_POINT('',(104.42203700214,146.25543646087,
    500.25334290224));
#8248 = CARTESIAN_POINT('',(104.22914146072,145.98468671675,
    500.34820628663));
#8249 = CARTESIAN_POINT('',(104.0531379154,145.70690075833,
    500.43853682335));
#8250 = CARTESIAN_POINT('',(103.77018313948,145.20206893711,
    500.58908546516));
#8251 = CARTESIAN_POINT('',(103.65661893756,144.97768486848,
    500.65149956393));
#8252 = CARTESIAN_POINT('',(103.55301080945,144.74974288257,
    500.71007593707));
#8253 = CARTESIAN_POINT('',(103.45932910432,144.51859172725,
    500.7643414091));
#8254 = CARTESIAN_POINT('',(103.37555721744,144.28454994685,
    500.81386501047));
#8255 = CARTESIAN_POINT('',(103.30169564677,144.04790629046,
    500.85826217079));
#8256 = CARTESIAN_POINT('',(103.17003631637,143.55572801018,
    500.938450151));
#8257 = CARTESIAN_POINT('',(103.1134581326,143.29991927849,
    500.97357030124));
#8258 = CARTESIAN_POINT('',(103.06811996434,143.04204055785,
    501.00212410374));
#8259 = CARTESIAN_POINT('',(103.03407653159,142.78261241196,
    501.02377361557));
#8260 = CARTESIAN_POINT('',(103.01136249872,142.52213662854,
    501.03828810449));
#8261 = CARTESIAN_POINT('',(103.,142.26110362974,501.04554884989));
#8262 = CARTESIAN_POINT('',(103.,141.73744091658,501.04554884989));
#8263 = CARTESIAN_POINT('',(103.01148952572,141.47495443691,
    501.03820693306));
#8264 = CARTESIAN_POINT('',(103.03445724441,141.21303472549,
    501.0235303363));
#8265 = CARTESIAN_POINT('',(103.06888055434,140.95217989937,
    501.00164043052));
#8266 = CARTESIAN_POINT('',(103.11472417661,140.69289975414,
    500.9727730176));
#8267 = CARTESIAN_POINT('',(103.17193239134,140.43572336668,
    500.93727337306));
#8268 = CARTESIAN_POINT('',(103.30152978992,139.95407183335,
    500.85838360501));
#8269 = CARTESIAN_POINT('',(103.3716233016,139.72905546232,
    500.81625340811));
#8270 = CARTESIAN_POINT('',(103.45067712232,139.5063844587,500.769483586
    ));
#8271 = CARTESIAN_POINT('',(103.53868959882,139.28630951472,
    500.71840398221));
#8272 = CARTESIAN_POINT('',(103.63567250384,139.06910531872,
    500.66338279139));
#8273 = CARTESIAN_POINT('',(103.74164778437,138.85507085611,
    500.60482320948));
#8274 = CARTESIAN_POINT('',(104.07498148568,138.24478755336,
    500.42608391438));
#8275 = CARTESIAN_POINT('',(104.32558393309,137.8581059856,
    500.2979567337));
#8276 = CARTESIAN_POINT('',(104.60921910583,137.48536480412,
    500.16142401689));
#8277 = CARTESIAN_POINT('',(104.92727870687,137.12818267736,
    500.019348542));
#8278 = CARTESIAN_POINT('',(105.28157150983,136.78915391387,
    499.87502360358));
#8279 = CARTESIAN_POINT('',(105.67407726112,136.47214164567,
    499.73248743901));
#8280 = CARTESIAN_POINT('',(106.35675502202,136.01523572875,
    499.51819197921));
#8281 = CARTESIAN_POINT('',(106.62092293341,135.85660963107,
    499.44173669159));
#8282 = CARTESIAN_POINT('',(106.89903086822,135.7082877378,
    499.36850225916));
#8283 = CARTESIAN_POINT('',(107.19094922694,135.57180296638,
    499.29970385326));
#8284 = CARTESIAN_POINT('',(107.49643675321,135.44875749658,
    499.23661530101));
#8285 = CARTESIAN_POINT('',(107.81512369958,135.34084084432,
    499.18054603466));
#8286 = CARTESIAN_POINT('',(108.5550546356,135.13766506469,
    499.07395966378));
#8287 = CARTESIAN_POINT('',(108.98412749577,135.05087165769,
    499.02760067329));
#8288 = CARTESIAN_POINT('',(109.42730939575,134.99467515812,
    498.99715519038));
#8289 = CARTESIAN_POINT('',(109.87779946719,134.97204704738,
    498.98484252447));
#8290 = CARTESIAN_POINT('',(110.32860338453,134.98388913913,
    498.99135165342));
#8291 = CARTESIAN_POINT('',(110.77274769115,135.02905575818,
    499.01577819952));
#8292 = CARTESIAN_POINT('',(111.45848657311,135.14873635187,
    499.07953579695));
#8293 = CARTESIAN_POINT('',(111.70838599987,135.20368592883,
    499.10868112297));
#8294 = CARTESIAN_POINT('',(111.9525804821,135.26846772969,
    499.14282805562));
#8295 = CARTESIAN_POINT('',(112.19049179139,135.34241038591,
    499.18147954547));
#8296 = CARTESIAN_POINT('',(112.42158527229,135.42478151196,
    499.22408911983));
#8297 = CARTESIAN_POINT('',(112.64537014342,135.51478233863,
    499.2700722031));
#8298 = CARTESIAN_POINT('',(113.15411334073,135.74264918244,
    499.38486573085));
#8299 = CARTESIAN_POINT('',(113.43300027546,135.88634924945,
    499.45607818022));
#8300 = CARTESIAN_POINT('',(113.69819419054,136.04112748751,
    499.53125737058));
#8301 = CARTESIAN_POINT('',(113.94992463687,136.20568035244,
    499.60931396976));
#8302 = CARTESIAN_POINT('',(114.1884870632,136.37889429779,
    499.68926946523));
#8303 = CARTESIAN_POINT('',(114.41421456524,136.5598277251,
    499.77025033109));
#8304 = CARTESIAN_POINT('',(114.89311238768,136.98175238753,
    499.9526655767));
#8305 = CARTESIAN_POINT('',(115.13966368347,137.22681700867,
    500.05433946252));
#8306 = CARTESIAN_POINT('',(115.3677444096,137.4814554918,
    500.15500073699));
#8307 = CARTESIAN_POINT('',(115.57796299785,137.74456353912,
    500.25334290224));
#8308 = CARTESIAN_POINT('',(115.77085853927,138.01531328324,
    500.34820628663));
#8309 = CARTESIAN_POINT('',(115.94686208459,138.29309924166,
    500.43853682335));
#8310 = CARTESIAN_POINT('',(116.3603413135,139.03080536973,
    500.65853217817));
#8311 = CARTESIAN_POINT('',(116.57289309888,139.50208525732,
    500.78004227975));
#8312 = CARTESIAN_POINT('',(116.74327294283,139.98722386555,
    500.88299896299));
#8313 = CARTESIAN_POINT('',(116.87131146014,140.48259324912,
    500.96331472417));
#8314 = CARTESIAN_POINT('',(116.9569510444,140.98504763937,
    501.01804058081));
#8315 = CARTESIAN_POINT('',(117.,141.49177641639,501.04554884989));
#8316 = CARTESIAN_POINT('',(117.,142.,501.04554884989));
#8317 = PCURVE('',#517,#8318);
#8318 = DEFINITIONAL_REPRESENTATION('',(#8319),#8430);
#8319 = B_SPLINE_CURVE_WITH_KNOTS('',7,(#8320,#8321,#8322,#8323,#8324,
    #8325,#8326,#8327,#8328,#8329,#8330,#8331,#8332,#8333,#8334,#8335,
    #8336,#8337,#8338,#8339,#8340,#8341,#8342,#8343,#8344,#8345,#8346,
    #8347,#8348,#8349,#8350,#8351,#8352,#8353,#8354,#8355,#8356,#8357,
    #8358,#8359,#8360,#8361,#8362,#8363,#8364,#8365,#8366,#8367,#8368,
    #8369,#8370,#8371,#8372,#8373,#8374,#8375,#8376,#8377,#8378,#8379,
    #8380,#8381,#8382,#8383,#8384,#8385,#8386,#8387,#8388,#8389,#8390,
    #8391,#8392,#8393,#8394,#8395,#8396,#8397,#8398,#8399,#8400,#8401,
    #8402,#8403,#8404,#8405,#8406,#8407,#8408,#8409,#8410,#8411,#8412,
    #8413,#8414,#8415,#8416,#8417,#8418,#8419,#8420,#8421,#8422,#8423,
    #8424,#8425,#8426,#8427,#8428,#8429),.UNSPECIFIED.,.F.,.F.,(8,6,6,6,
    6,6,6,6,6,6,6,6,6,6,6,6,6,6,8),(0.,8.915913999301E-02,0.147633802465
    ,0.194747642601,0.249974626649,0.305896152307,0.351762041047,
    0.408904008276,0.453198756708,0.500126496539,0.547315822742,
    0.589428310961,0.669384828778,0.715640253889,0.772670711623,
    0.806429474105,0.852171559513,0.909159286499,1.),.UNSPECIFIED.);
#8320 = CARTESIAN_POINT('',(0.,18.045548849897));
#8321 = CARTESIAN_POINT('',(7.10678303466E-02,18.045548849897));
#8322 = CARTESIAN_POINT('',(0.141940837621,18.019191832509));
#8323 = CARTESIAN_POINT('',(0.212828314786,17.966737366109));
#8324 = CARTESIAN_POINT('',(0.283919556505,17.889683387023));
#8325 = CARTESIAN_POINT('',(0.355379776956,17.790754239744));
#8326 = CARTESIAN_POINT('',(0.427345186745,17.673736143309));
#8327 = CARTESIAN_POINT('',(0.547513310207,17.457522301693));
#8328 = CARTESIAN_POINT('',(0.595444138426,17.365919329699));
#8329 = CARTESIAN_POINT('',(0.643848651457,17.269404079403));
#8330 = CARTESIAN_POINT('',(0.692864142655,17.169097756409));
#8331 = CARTESIAN_POINT('',(0.742629599502,17.06623472295));
#8332 = CARTESIAN_POINT('',(0.793289042233,16.962207360477));
#8333 = CARTESIAN_POINT('',(0.886654953266,16.77514186458));
#8334 = CARTESIAN_POINT('',(0.92903215616,16.69187718757));
#8335 = CARTESIAN_POINT('',(0.972204308953,16.609661741552));
#8336 = CARTESIAN_POINT('',(1.016250115574,16.529440442982));
#8337 = CARTESIAN_POINT('',(1.061249955404,16.452274946276));
#8338 = CARTESIAN_POINT('',(1.107288580709,16.379350289691));
#8339 = CARTESIAN_POINT('',(1.209753831598,16.232989936498));
#8340 = CARTESIAN_POINT('',(1.267056510513,16.16098217757));
#8341 = CARTESIAN_POINT('',(1.325918219497,16.099199413718));
#8342 = CARTESIAN_POINT('',(1.385991162575,16.050477310201));
#8343 = CARTESIAN_POINT('',(1.446992355817,16.016971146461));
#8344 = CARTESIAN_POINT('',(1.508673312779,16.));
#8345 = CARTESIAN_POINT('',(1.633700607775,16.));
#8346 = CARTESIAN_POINT('',(1.696129873027,16.017400714888));
#8347 = CARTESIAN_POINT('',(1.75784799629,16.051727585764));
#8348 = CARTESIAN_POINT('',(1.818606561062,16.101596216395));
#8349 = CARTESIAN_POINT('',(1.878120963938,16.164762888656));
#8350 = CARTESIAN_POINT('',(1.936039263265,16.238288716315));
#8351 = CARTESIAN_POINT('',(2.037722898489,16.384865730853));
#8352 = CARTESIAN_POINT('',(2.082474762181,16.456078180225));
#8353 = CARTESIAN_POINT('',(2.126245350974,16.53125737058));
#8354 = CARTESIAN_POINT('',(2.169112830117,16.609313969762));
#8355 = CARTESIAN_POINT('',(2.211151501637,16.689269465233));
#8356 = CARTESIAN_POINT('',(2.252434168383,16.770250331092));
#8357 = CARTESIAN_POINT('',(2.34361279382,16.952665576702));
#8358 = CARTESIAN_POINT('',(2.393184208643,17.054339462525));
#8359 = CARTESIAN_POINT('',(2.441890493988,17.155000736991));
#8360 = CARTESIAN_POINT('',(2.489867402546,17.253342902243));
#8361 = CARTESIAN_POINT('',(2.537246117579,17.348206286636));
#8362 = CARTESIAN_POINT('',(2.584156276517,17.438536823356));
#8363 = CARTESIAN_POINT('',(2.666830776316,17.589085465164));
#8364 = CARTESIAN_POINT('',(2.702725100857,17.651499563938));
#8365 = CARTESIAN_POINT('',(2.738444268674,17.710075937078));
#8366 = CARTESIAN_POINT('',(2.774019760225,17.7643414091));
#8367 = CARTESIAN_POINT('',(2.809483313234,17.813865010477));
#8368 = CARTESIAN_POINT('',(2.844867999991,17.858262170794));
#8369 = CARTESIAN_POINT('',(2.917651385467,17.938450151005));
#8370 = CARTESIAN_POINT('',(2.955042890497,17.973570301248));
#8371 = CARTESIAN_POINT('',(2.992390868505,18.002124103748));
#8372 = CARTESIAN_POINT('',(3.029706106133,18.023773615571));
#8373 = CARTESIAN_POINT('',(3.067001710267,18.03828810449));
#8374 = CARTESIAN_POINT('',(3.104292135055,18.045548849897));
#8375 = CARTESIAN_POINT('',(3.179101094077,18.045548849897));
#8376 = CARTESIAN_POINT('',(3.216599158858,18.03820693306));
#8377 = CARTESIAN_POINT('',(3.254102464295,18.023530336309));
#8378 = CARTESIAN_POINT('',(3.291625780954,18.001640430523));
#8379 = CARTESIAN_POINT('',(3.329182498514,17.972773017601));
#8380 = CARTESIAN_POINT('',(3.366783629792,17.937273373062));
#8381 = CARTESIAN_POINT('',(3.438038230112,17.858383605012));
#8382 = CARTESIAN_POINT('',(3.471681150692,17.816253408113));
#8383 = CARTESIAN_POINT('',(3.50539507046,17.769483586008));
#8384 = CARTESIAN_POINT('',(3.539208028997,17.718403982216));
#8385 = CARTESIAN_POINT('',(3.573146963881,17.663382791397));
#8386 = CARTESIAN_POINT('',(3.607238523944,17.604823209486));
#8387 = CARTESIAN_POINT('',(3.706578906227,17.426083914388));
#8388 = CARTESIAN_POINT('',(3.772219937284,17.297956733709));
#8389 = CARTESIAN_POINT('',(3.838825345669,17.161424016899));
#8390 = CARTESIAN_POINT('',(3.906772644173,17.019348542002));
#8391 = CARTESIAN_POINT('',(3.976444093568,16.875023603585));
#8392 = CARTESIAN_POINT('',(4.048231800537,16.732487439017));
#8393 = CARTESIAN_POINT('',(4.165584569097,16.518191979219));
#8394 = CARTESIAN_POINT('',(4.209550878001,16.441736691591));
#8395 = CARTESIAN_POINT('',(4.254483287382,16.368502259168));
#8396 = CARTESIAN_POINT('',(4.300400742991,16.299703853263));
#8397 = CARTESIAN_POINT('',(4.347331719033,16.236615301019));
#8398 = CARTESIAN_POINT('',(4.39531558161,16.180546034664));
#8399 = CARTESIAN_POINT('',(4.504932557383,16.073959663789));
#8400 = CARTESIAN_POINT('',(4.567323860198,16.027600673291));
#8401 = CARTESIAN_POINT('',(4.630863927234,15.997155190387));
#8402 = CARTESIAN_POINT('',(4.694965298616,15.984842524476));
#8403 = CARTESIAN_POINT('',(4.759096177157,15.991351653426));
#8404 = CARTESIAN_POINT('',(4.822709831435,16.015778199526));
#8405 = CARTESIAN_POINT('',(4.922153309253,16.079535796958));
#8406 = CARTESIAN_POINT('',(4.958671294259,16.108681122973));
#8407 = CARTESIAN_POINT('',(4.994710410039,16.142828055626));
#8408 = CARTESIAN_POINT('',(5.030246278192,16.181479545476));
#8409 = CARTESIAN_POINT('',(5.065248818951,16.224089119834));
#8410 = CARTESIAN_POINT('',(5.099680806904,16.270072203108));
#8411 = CARTESIAN_POINT('',(5.179315552079,16.384865730853));
#8412 = CARTESIAN_POINT('',(5.22406741577,16.456078180224));
#8413 = CARTESIAN_POINT('',(5.267838004564,16.53125737058));
#8414 = CARTESIAN_POINT('',(5.310705483707,16.609313969762));
#8415 = CARTESIAN_POINT('',(5.352744155227,16.689269465233));
#8416 = CARTESIAN_POINT('',(5.394026821973,16.770250331092));
#8417 = CARTESIAN_POINT('',(5.48520544741,16.952665576702));
#8418 = CARTESIAN_POINT('',(5.534776862233,17.054339462525));
#8419 = CARTESIAN_POINT('',(5.583483147578,17.155000736991));
#8420 = CARTESIAN_POINT('',(5.631460056136,17.253342902243));
#8421 = CARTESIAN_POINT('',(5.678838771169,17.348206286636));
#8422 = CARTESIAN_POINT('',(5.725748930107,17.438536823356));
#8423 = CARTESIAN_POINT('',(5.846560421326,17.658532178177));
#8424 = CARTESIAN_POINT('',(5.920136193698,17.780042279758));
#8425 = CARTESIAN_POINT('',(5.99316221937,17.882998962998));
#8426 = CARTESIAN_POINT('',(6.06578762079,17.96331472417));
#8427 = CARTESIAN_POINT('',(6.13819219408,18.018040580814));
#8428 = CARTESIAN_POINT('',(6.210581938093,18.045548849897));
#8429 = CARTESIAN_POINT('',(6.28318530718,18.045548849897));
#8430 = ( GEOMETRIC_REPRESENTATION_CONTEXT(2) 
PARAMETRIC_REPRESENTATION_CONTEXT() REPRESENTATION_CONTEXT('2D SPACE',''
  ) );
#8431 = PCURVE('',#8432,#8437);
#8432 = CYLINDRICAL_SURFACE('',#8433,13.);
#8433 = AXIS2_PLACEMENT_3D('',#8434,#8435,#8436);
#8434 = CARTESIAN_POINT('',(110.,153.,512.));
#8435 = DIRECTION('',(0.,-1.,2.22044604925E-16));
#8436 = DIRECTION('',(1.,0.,0.));
#8437 = DEFINITIONAL_REPRESENTATION('',(#8438),#8549);
#8438 = B_SPLINE_CURVE_WITH_KNOTS('',7,(#8439,#8440,#8441,#8442,#8443,
    #8444,#8445,#8446,#8447,#8448,#8449,#8450,#8451,#8452,#8453,#8454,
    #8455,#8456,#8457,#8458,#8459,#8460,#8461,#8462,#8463,#8464,#8465,
    #8466,#8467,#8468,#8469,#8470,#8471,#8472,#8473,#8474,#8475,#8476,
    #8477,#8478,#8479,#8480,#8481,#8482,#8483,#8484,#8485,#8486,#8487,
    #8488,#8489,#8490,#8491,#8492,#8493,#8494,#8495,#8496,#8497,#8498,
    #8499,#8500,#8501,#8502,#8503,#8504,#8505,#8506,#8507,#8508,#8509,
    #8510,#8511,#8512,#8513,#8514,#8515,#8516,#8517,#8518,#8519,#8520,
    #8521,#8522,#8523,#8524,#8525,#8526,#8527,#8528,#8529,#8530,#8531,
    #8532,#8533,#8534,#8535,#8536,#8537,#8538,#8539,#8540,#8541,#8542,
    #8543,#8544,#8545,#8546,#8547,#8548),.UNSPECIFIED.,.T.,.F.,(8,6,6,6,
    6,6,6,6,6,6,6,6,6,6,6,6,6,6,8),(0.,8.915913999301E-02,0.147633802465
    ,0.194747642601,0.249974626649,0.305896152307,0.351762041047,
    0.408904008276,0.453198756708,0.500126496539,0.547315822742,
    0.589428310961,0.669384828778,0.715640253889,0.772670711623,
    0.806429474105,0.852171559513,0.909159286499,1.),.UNSPECIFIED.);
#8439 = CARTESIAN_POINT('',(5.280999280649,11.));
#8440 = CARTESIAN_POINT('',(5.280999280649,10.502525187574));
#8441 = CARTESIAN_POINT('',(5.27723403424,10.006413571042));
#8442 = CARTESIAN_POINT('',(5.269740386608,9.514307044557));
#8443 = CARTESIAN_POINT('',(5.258593140979,9.028875993776));
#8444 = CARTESIAN_POINT('',(5.243908706072,8.553092916292));
#8445 = CARTESIAN_POINT('',(5.225843757758,8.090365578701));
#8446 = CARTESIAN_POINT('',(5.190649011999,7.352130053661));
#8447 = CARTESIAN_POINT('',(5.175315427609,7.0665409498));
#8448 = CARTESIAN_POINT('',(5.158602524087,6.788220208354));
#8449 = CARTESIAN_POINT('',(5.1405128221,6.517802502993));
#8450 = CARTESIAN_POINT('',(5.121038741142,6.25615931351));
#8451 = CARTESIAN_POINT('',(5.100164340009,6.004458867905));
#8452 = CARTESIAN_POINT('',(5.059901829776,5.570667225356));
#8453 = CARTESIAN_POINT('',(5.040996614995,5.384378199678));
#8454 = CARTESIAN_POINT('',(5.021138408863,5.206202355413));
#8455 = CARTESIAN_POINT('',(5.000313333748,5.037156898684));
#8456 = CARTESIAN_POINT('',(4.978507880012,4.87844968883));
#8457 = CARTESIAN_POINT('',(4.955709778834,4.731500089056));
#8458 = CARTESIAN_POINT('',(4.904008583547,4.441432321245));
#8459 = CARTESIAN_POINT('',(4.874501924831,4.302050357618));
#8460 = CARTESIAN_POINT('',(4.843657334659,4.184861804242));
#8461 = CARTESIAN_POINT('',(4.811749571941,4.093743992271));
#8462 = CARTESIAN_POINT('',(4.779052714571,4.031517700713));
#8463 = CARTESIAN_POINT('',(4.745839834086,4.));
#8464 = CARTESIAN_POINT('',(4.678517444472,4.));
#8465 = CARTESIAN_POINT('',(4.644901624227,4.032315430958));
#8466 = CARTESIAN_POINT('',(4.611824462197,4.096066034213));
#8467 = CARTESIAN_POINT('',(4.57956368435,4.189345448929));
#8468 = CARTESIAN_POINT('',(4.548398112593,4.309223941067));
#8469 = CARTESIAN_POINT('',(4.518607248367,4.451691649084));
#8470 = CARTESIAN_POINT('',(4.467381615862,4.742649182444));
#8471 = CARTESIAN_POINT('',(4.445249170603,4.88634924945));
#8472 = CARTESIAN_POINT('',(4.424056948227,5.041127487517));
#8473 = CARTESIAN_POINT('',(4.403793536187,5.205680352443));
#8474 = CARTESIAN_POINT('',(4.38444640349,5.378894297798));
#8475 = CARTESIAN_POINT('',(4.366002667672,5.559827725109));
#8476 = CARTESIAN_POINT('',(4.326582427912,5.981752387537));
#8477 = CARTESIAN_POINT('',(4.306075099992,6.226817008678));
#8478 = CARTESIAN_POINT('',(4.286906386499,6.481455491806));
#8479 = CARTESIAN_POINT('',(4.269060434701,6.744563539122));
#8480 = CARTESIAN_POINT('',(4.252528982169,7.015313283243));
#8481 = CARTESIAN_POINT('',(4.237312992106,7.293099241669));
#8482 = CARTESIAN_POINT('',(4.21265818008,7.797931062887));
#8483 = CARTESIAN_POINT('',(4.202690994208,8.02231513152));
#8484 = CARTESIAN_POINT('',(4.193536553013,8.250257117429));
#8485 = CARTESIAN_POINT('',(4.185209247019,8.481408272744));
#8486 = CARTESIAN_POINT('',(4.177723762079,8.715450053143));
#8487 = CARTESIAN_POINT('',(4.17109480614,8.952093709538));
#8488 = CARTESIAN_POINT('',(4.159236597624,9.444271989818));
#8489 = CARTESIAN_POINT('',(4.154114308639,9.700080721504));
#8490 = CARTESIAN_POINT('',(4.149992821164,9.95795944215));
#8491 = CARTESIAN_POINT('',(4.146889429454,10.21738758804));
#8492 = CARTESIAN_POINT('',(4.144815928806,10.477863371457));
#8493 = CARTESIAN_POINT('',(4.143778680121,10.738896370259));
#8494 = CARTESIAN_POINT('',(4.143778680121,11.262559083413));
#8495 = CARTESIAN_POINT('',(4.144827524696,11.525045563087));
#8496 = CARTESIAN_POINT('',(4.146924183701,11.78696527451));
#8497 = CARTESIAN_POINT('',(4.150062155776,12.047820100628));
#8498 = CARTESIAN_POINT('',(4.154229396182,12.307100245858));
#8499 = CARTESIAN_POINT('',(4.159408250653,12.564276633316));
#8500 = CARTESIAN_POINT('',(4.171079051019,13.045928166641));
#8501 = CARTESIAN_POINT('',(4.177369757908,13.270944537672));
#8502 = CARTESIAN_POINT('',(4.184435071806,13.493615541294));
#8503 = CARTESIAN_POINT('',(4.192262296542,13.713690485276));
#8504 = CARTESIAN_POINT('',(4.200838691168,13.930894681276));
#8505 = CARTESIAN_POINT('',(4.21015167719,14.144929143888));
#8506 = CARTESIAN_POINT('',(4.239246410446,14.75521244664));
#8507 = CARTESIAN_POINT('',(4.260892820589,15.141894014393));
#8508 = CARTESIAN_POINT('',(4.285095427094,15.514635195873));
#8509 = CARTESIAN_POINT('',(4.311869690467,15.871817322635));
#8510 = CARTESIAN_POINT('',(4.341266224402,16.210846086128));
#8511 = CARTESIAN_POINT('',(4.373356820391,16.527858354321));
#8512 = CARTESIAN_POINT('',(4.428396960092,16.984764271242));
#8513 = CARTESIAN_POINT('',(4.449546190007,17.143390368923));
#8514 = CARTESIAN_POINT('',(4.471657720997,17.291712262192));
#8515 = CARTESIAN_POINT('',(4.494713272465,17.428197033615));
#8516 = CARTESIAN_POINT('',(4.518692066804,17.551242503411));
#8517 = CARTESIAN_POINT('',(4.543570937082,17.659159155673));
#8518 = CARTESIAN_POINT('',(4.601076195114,17.86233493531));
#8519 = CARTESIAN_POINT('',(4.634253182172,17.949128342301));
#8520 = CARTESIAN_POINT('',(4.668381530982,18.00532484188));
#8521 = CARTESIAN_POINT('',(4.702994278056,18.027952952618));
#8522 = CARTESIAN_POINT('',(4.737628635387,18.016110860868));
#8523 = CARTESIAN_POINT('',(4.77182095051,17.970944241816));
#8524 = CARTESIAN_POINT('',(4.824797603035,17.851263648127));
#8525 = CARTESIAN_POINT('',(4.844145617304,17.796314071162));
#8526 = CARTESIAN_POINT('',(4.863104830216,17.731532270309));
#8527 = CARTESIAN_POINT('',(4.881637812101,17.657589614083));
#8528 = CARTESIAN_POINT('',(4.899707756996,17.575218488031));
#8529 = CARTESIAN_POINT('',(4.917278383133,17.485217661369));
#8530 = CARTESIAN_POINT('',(4.957396344907,17.257350817556));
#8531 = CARTESIAN_POINT('',(4.979528790166,17.11365075055));
#8532 = CARTESIAN_POINT('',(5.000721012542,16.958872512482));
#8533 = CARTESIAN_POINT('',(5.020984424583,16.794319647557));
#8534 = CARTESIAN_POINT('',(5.040331557279,16.621105702202));
#8535 = CARTESIAN_POINT('',(5.058775293097,16.440172274891));
#8536 = CARTESIAN_POINT('',(5.098195532857,16.018247612463));
#8537 = CARTESIAN_POINT('',(5.118702860778,15.773182991322));
#8538 = CARTESIAN_POINT('',(5.13787157427,15.518544508194));
#8539 = CARTESIAN_POINT('',(5.155717526068,15.255436460878));
#8540 = CARTESIAN_POINT('',(5.1722489786,14.984686716757));
#8541 = CARTESIAN_POINT('',(5.187464968663,14.706900758331));
#8542 = CARTESIAN_POINT('',(5.223492820224,13.969194630267));
#8543 = CARTESIAN_POINT('',(5.242317303732,13.497914742677));
#8544 = CARTESIAN_POINT('',(5.257625765465,13.012776134449));
#8545 = CARTESIAN_POINT('',(5.269251424521,12.517406750873));
#8546 = CARTESIAN_POINT('',(5.277069574273,12.014952360627));
#8547 = CARTESIAN_POINT('',(5.280999280649,11.508223583608));
#8548 = CARTESIAN_POINT('',(5.280999280649,11.));
#8549 = ( GEOMETRIC_REPRESENTATION_CONTEXT(2) 
PARAMETRIC_REPRESENTATION_CONTEXT() REPRESENTATION_CONTEXT('2D SPACE',''
  ) );
#8550 = ORIENTED_EDGE('',*,*,#8181,.F.);
#8551 = ORIENTED_EDGE('',*,*,#500,.T.);
#8552 = ADVANCED_FACE('',(#8553),#548,.F.);
#8553 = FACE_BOUND('',#8554,.F.);
#8554 = EDGE_LOOP('',(#8555,#8578,#8605,#8606));
#8555 = ORIENTED_EDGE('',*,*,#8556,.T.);
#8556 = EDGE_CURVE('',#532,#8557,#8559,.T.);
#8557 = VERTEX_POINT('',#8558);
#8558 = CARTESIAN_POINT('',(38.846153846154,186.15384615384,504.));
#8559 = SEAM_CURVE('',#8560,(#8564,#8571),.PCURVE_S1.);
#8560 = LINE('',#8561,#8562);
#8561 = CARTESIAN_POINT('',(38.846153846154,186.15384615384,483.));
#8562 = VECTOR('',#8563,1.);
#8563 = DIRECTION('',(0.,0.,1.));
#8564 = PCURVE('',#548,#8565);
#8565 = DEFINITIONAL_REPRESENTATION('',(#8566),#8570);
#8566 = LINE('',#8567,#8568);
#8567 = CARTESIAN_POINT('',(6.28318530718,-0.));
#8568 = VECTOR('',#8569,1.);
#8569 = DIRECTION('',(0.,1.));
#8570 = ( GEOMETRIC_REPRESENTATION_CONTEXT(2) 
PARAMETRIC_REPRESENTATION_CONTEXT() REPRESENTATION_CONTEXT('2D SPACE',''
  ) );
#8571 = PCURVE('',#548,#8572);
#8572 = DEFINITIONAL_REPRESENTATION('',(#8573),#8577);
#8573 = LINE('',#8574,#8575);
#8574 = CARTESIAN_POINT('',(0.,-0.));
#8575 = VECTOR('',#8576,1.);
#8576 = DIRECTION('',(0.,1.));
#8577 = ( GEOMETRIC_REPRESENTATION_CONTEXT(2) 
PARAMETRIC_REPRESENTATION_CONTEXT() REPRESENTATION_CONTEXT('2D SPACE',''
  ) );
#8578 = ORIENTED_EDGE('',*,*,#8579,.F.);
#8579 = EDGE_CURVE('',#8557,#8557,#8580,.T.);
#8580 = SURFACE_CURVE('',#8581,(#8586,#8593),.PCURVE_S1.);
#8581 = CIRCLE('',#8582,5.);
#8582 = AXIS2_PLACEMENT_3D('',#8583,#8584,#8585);
#8583 = CARTESIAN_POINT('',(33.846153846154,186.15384615384,504.));
#8584 = DIRECTION('',(0.,0.,1.));
#8585 = DIRECTION('',(1.,0.,-0.));
#8586 = PCURVE('',#548,#8587);
#8587 = DEFINITIONAL_REPRESENTATION('',(#8588),#8592);
#8588 = LINE('',#8589,#8590);
#8589 = CARTESIAN_POINT('',(0.,21.));
#8590 = VECTOR('',#8591,1.);
#8591 = DIRECTION('',(1.,0.));
#8592 = ( GEOMETRIC_REPRESENTATION_CONTEXT(2) 
PARAMETRIC_REPRESENTATION_CONTEXT() REPRESENTATION_CONTEXT('2D SPACE',''
  ) );
#8593 = PCURVE('',#8594,#8599);
#8594 = PLANE('',#8595);
#8595 = AXIS2_PLACEMENT_3D('',#8596,#8597,#8598);
#8596 = CARTESIAN_POINT('',(33.846153846154,186.15384615384,504.));
#8597 = DIRECTION('',(0.,0.,1.));
#8598 = DIRECTION('',(1.,0.,-0.));
#8599 = DEFINITIONAL_REPRESENTATION('',(#8600),#8604);
#8600 = CIRCLE('',#8601,5.);
#8601 = AXIS2_PLACEMENT_2D('',#8602,#8603);
#8602 = CARTESIAN_POINT('',(0.,0.));
#8603 = DIRECTION('',(1.,0.));
#8604 = ( GEOMETRIC_REPRESENTATION_CONTEXT(2) 
PARAMETRIC_REPRESENTATION_CONTEXT() REPRESENTATION_CONTEXT('2D SPACE',''
  ) );
#8605 = ORIENTED_EDGE('',*,*,#8556,.F.);
#8606 = ORIENTED_EDGE('',*,*,#531,.T.);
#8607 = ADVANCED_FACE('',(#8608),#767,.T.);
#8608 = FACE_BOUND('',#8609,.T.);
#8609 = EDGE_LOOP('',(#8610,#8611,#8612,#8635));
#8610 = ORIENTED_EDGE('',*,*,#4154,.F.);
#8611 = ORIENTED_EDGE('',*,*,#621,.T.);
#8612 = ORIENTED_EDGE('',*,*,#8613,.T.);
#8613 = EDGE_CURVE('',#587,#8614,#8616,.T.);
#8614 = VERTEX_POINT('',#8615);
#8615 = CARTESIAN_POINT('',(2.,107.,591.6));
#8616 = SURFACE_CURVE('',#8617,(#8621,#8628),.PCURVE_S1.);
#8617 = LINE('',#8618,#8619);
#8618 = CARTESIAN_POINT('',(2.,107.,556.6));
#8619 = VECTOR('',#8620,1.);
#8620 = DIRECTION('',(0.,0.,1.));
#8621 = PCURVE('',#767,#8622);
#8622 = DEFINITIONAL_REPRESENTATION('',(#8623),#8627);
#8623 = LINE('',#8624,#8625);
#8624 = CARTESIAN_POINT('',(1.570796326795,0.));
#8625 = VECTOR('',#8626,1.);
#8626 = DIRECTION('',(0.,1.));
#8627 = ( GEOMETRIC_REPRESENTATION_CONTEXT(2) 
PARAMETRIC_REPRESENTATION_CONTEXT() REPRESENTATION_CONTEXT('2D SPACE',''
  ) );
#8628 = PCURVE('',#609,#8629);
#8629 = DEFINITIONAL_REPRESENTATION('',(#8630),#8634);
#8630 = LINE('',#8631,#8632);
#8631 = CARTESIAN_POINT('',(0.,2.));
#8632 = VECTOR('',#8633,1.);
#8633 = DIRECTION('',(1.,0.));
#8634 = ( GEOMETRIC_REPRESENTATION_CONTEXT(2) 
PARAMETRIC_REPRESENTATION_CONTEXT() REPRESENTATION_CONTEXT('2D SPACE',''
  ) );
#8635 = ORIENTED_EDGE('',*,*,#8636,.F.);
#8636 = EDGE_CURVE('',#4127,#8614,#8637,.T.);
#8637 = SURFACE_CURVE('',#8638,(#8643,#8650),.PCURVE_S1.);
#8638 = CIRCLE('',#8639,2.);
#8639 = AXIS2_PLACEMENT_3D('',#8640,#8641,#8642);
#8640 = CARTESIAN_POINT('',(2.,109.,591.6));
#8641 = DIRECTION('',(0.,0.,1.));
#8642 = DIRECTION('',(-1.,0.,0.));
#8643 = PCURVE('',#767,#8644);
#8644 = DEFINITIONAL_REPRESENTATION('',(#8645),#8649);
#8645 = LINE('',#8646,#8647);
#8646 = CARTESIAN_POINT('',(0.,35.));
#8647 = VECTOR('',#8648,1.);
#8648 = DIRECTION('',(1.,0.));
#8649 = ( GEOMETRIC_REPRESENTATION_CONTEXT(2) 
PARAMETRIC_REPRESENTATION_CONTEXT() REPRESENTATION_CONTEXT('2D SPACE',''
  ) );
#8650 = PCURVE('',#8651,#8656);
#8651 = SPHERICAL_SURFACE('',#8652,2.);
#8652 = AXIS2_PLACEMENT_3D('',#8653,#8654,#8655);
#8653 = CARTESIAN_POINT('',(2.,109.,591.6));
#8654 = DIRECTION('',(-0.,-0.,-1.));
#8655 = DIRECTION('',(-1.,0.,0.));
#8656 = DEFINITIONAL_REPRESENTATION('',(#8657),#8661);
#8657 = LINE('',#8658,#8659);
#8658 = CARTESIAN_POINT('',(-0.,0.));
#8659 = VECTOR('',#8660,1.);
#8660 = DIRECTION('',(-1.,0.));
#8661 = ( GEOMETRIC_REPRESENTATION_CONTEXT(2) 
PARAMETRIC_REPRESENTATION_CONTEXT() REPRESENTATION_CONTEXT('2D SPACE',''
  ) );
#8662 = ADVANCED_FACE('',(#8663),#609,.F.);
#8663 = FACE_BOUND('',#8664,.F.);
#8664 = EDGE_LOOP('',(#8665,#8666,#8667,#8695,#8716,#8717));
#8665 = ORIENTED_EDGE('',*,*,#586,.F.);
#8666 = ORIENTED_EDGE('',*,*,#8613,.T.);
#8667 = ORIENTED_EDGE('',*,*,#8668,.T.);
#8668 = EDGE_CURVE('',#8614,#8669,#8671,.T.);
#8669 = VERTEX_POINT('',#8670);
#8670 = CARTESIAN_POINT('',(218.,107.,591.6));
#8671 = SURFACE_CURVE('',#8672,(#8676,#8683),.PCURVE_S1.);
#8672 = LINE('',#8673,#8674);
#8673 = CARTESIAN_POINT('',(0.,107.,591.6));
#8674 = VECTOR('',#8675,1.);
#8675 = DIRECTION('',(1.,0.,-0.));
#8676 = PCURVE('',#609,#8677);
#8677 = DEFINITIONAL_REPRESENTATION('',(#8678),#8682);
#8678 = LINE('',#8679,#8680);
#8679 = CARTESIAN_POINT('',(35.,0.));
#8680 = VECTOR('',#8681,1.);
#8681 = DIRECTION('',(0.,1.));
#8682 = ( GEOMETRIC_REPRESENTATION_CONTEXT(2) 
PARAMETRIC_REPRESENTATION_CONTEXT() REPRESENTATION_CONTEXT('2D SPACE',''
  ) );
#8683 = PCURVE('',#8684,#8689);
#8684 = CYLINDRICAL_SURFACE('',#8685,2.);
#8685 = AXIS2_PLACEMENT_3D('',#8686,#8687,#8688);
#8686 = CARTESIAN_POINT('',(0.,109.,591.6));
#8687 = DIRECTION('',(1.,0.,-0.));
#8688 = DIRECTION('',(0.,-1.,0.));
#8689 = DEFINITIONAL_REPRESENTATION('',(#8690),#8694);
#8690 = LINE('',#8691,#8692);
#8691 = CARTESIAN_POINT('',(-0.,0.));
#8692 = VECTOR('',#8693,1.);
#8693 = DIRECTION('',(-0.,1.));
#8694 = ( GEOMETRIC_REPRESENTATION_CONTEXT(2) 
PARAMETRIC_REPRESENTATION_CONTEXT() REPRESENTATION_CONTEXT('2D SPACE',''
  ) );
#8695 = ORIENTED_EDGE('',*,*,#8696,.F.);
#8696 = EDGE_CURVE('',#7930,#8669,#8697,.T.);
#8697 = SURFACE_CURVE('',#8698,(#8702,#8709),.PCURVE_S1.);
#8698 = LINE('',#8699,#8700);
#8699 = CARTESIAN_POINT('',(218.,107.,556.6));
#8700 = VECTOR('',#8701,1.);
#8701 = DIRECTION('',(0.,0.,1.));
#8702 = PCURVE('',#609,#8703);
#8703 = DEFINITIONAL_REPRESENTATION('',(#8704),#8708);
#8704 = LINE('',#8705,#8706);
#8705 = CARTESIAN_POINT('',(0.,218.));
#8706 = VECTOR('',#8707,1.);
#8707 = DIRECTION('',(1.,0.));
#8708 = ( GEOMETRIC_REPRESENTATION_CONTEXT(2) 
PARAMETRIC_REPRESENTATION_CONTEXT() REPRESENTATION_CONTEXT('2D SPACE',''
  ) );
#8709 = PCURVE('',#7913,#8710);
#8710 = DEFINITIONAL_REPRESENTATION('',(#8711),#8715);
#8711 = LINE('',#8712,#8713);
#8712 = CARTESIAN_POINT('',(-1.570796326795,0.));
#8713 = VECTOR('',#8714,1.);
#8714 = DIRECTION('',(-0.,1.));
#8715 = ( GEOMETRIC_REPRESENTATION_CONTEXT(2) 
PARAMETRIC_REPRESENTATION_CONTEXT() REPRESENTATION_CONTEXT('2D SPACE',''
  ) );
#8716 = ORIENTED_EDGE('',*,*,#7929,.F.);
#8717 = ORIENTED_EDGE('',*,*,#870,.F.);
#8718 = ADVANCED_FACE('',(#8719),#4038,.F.);
#8719 = FACE_BOUND('',#8720,.F.);
#8720 = EDGE_LOOP('',(#8721,#8741,#8742));
#8721 = ORIENTED_EDGE('',*,*,#8722,.F.);
#8722 = EDGE_CURVE('',#4181,#3996,#8723,.T.);
#8723 = SURFACE_CURVE('',#8724,(#8727,#8734),.PCURVE_S1.);
#8724 = B_SPLINE_CURVE_WITH_KNOTS('',1,(#8725,#8726),.UNSPECIFIED.,.F.,
  .F.,(2,2),(0.,1.),.PIECEWISE_BEZIER_KNOTS.);
#8725 = CARTESIAN_POINT('',(32.106930966864,8.538864512378,
    490.55886598076));
#8726 = CARTESIAN_POINT('',(31.784532408682,8.385779029374,
    490.44942641713));
#8727 = PCURVE('',#4038,#8728);
#8728 = DEFINITIONAL_REPRESENTATION('',(#8729),#8733);
#8729 = LINE('',#8730,#8731);
#8730 = CARTESIAN_POINT('',(0.,0.));
#8731 = VECTOR('',#8732,1.);
#8732 = DIRECTION('',(0.,1.));
#8733 = ( GEOMETRIC_REPRESENTATION_CONTEXT(2) 
PARAMETRIC_REPRESENTATION_CONTEXT() REPRESENTATION_CONTEXT('2D SPACE',''
  ) );
#8734 = PCURVE('',#4011,#8735);
#8735 = DEFINITIONAL_REPRESENTATION('',(#8736),#8740);
#8736 = LINE('',#8737,#8738);
#8737 = CARTESIAN_POINT('',(12.84557852437,0.));
#8738 = VECTOR('',#8739,1.);
#8739 = DIRECTION('',(0.,1.));
#8740 = ( GEOMETRIC_REPRESENTATION_CONTEXT(2) 
PARAMETRIC_REPRESENTATION_CONTEXT() REPRESENTATION_CONTEXT('2D SPACE',''
  ) );
#8741 = ORIENTED_EDGE('',*,*,#4180,.F.);
#8742 = ORIENTED_EDGE('',*,*,#4022,.F.);
#8743 = ADVANCED_FACE('',(#8744),#4011,.F.);
#8744 = FACE_BOUND('',#8745,.F.);
#8745 = EDGE_LOOP('',(#8746,#8747,#8748));
#8746 = ORIENTED_EDGE('',*,*,#4215,.F.);
#8747 = ORIENTED_EDGE('',*,*,#8722,.T.);
#8748 = ORIENTED_EDGE('',*,*,#3995,.F.);
#8749 = ADVANCED_FACE('',(#8750),#3963,.F.);
#8750 = FACE_BOUND('',#8751,.F.);
#8751 = EDGE_LOOP('',(#8752,#8753,#8754,#8775));
#8752 = ORIENTED_EDGE('',*,*,#4243,.F.);
#8753 = ORIENTED_EDGE('',*,*,#3948,.T.);
#8754 = ORIENTED_EDGE('',*,*,#8755,.T.);
#8755 = EDGE_CURVE('',#3923,#4678,#8756,.T.);
#8756 = SURFACE_CURVE('',#8757,(#8761,#8768),.PCURVE_S1.);
#8757 = LINE('',#8758,#8759);
#8758 = CARTESIAN_POINT('',(35.656647907921,-5.,497.99725762184));
#8759 = VECTOR('',#8760,1.);
#8760 = DIRECTION('',(0.,1.,0.));
#8761 = PCURVE('',#3963,#8762);
#8762 = DEFINITIONAL_REPRESENTATION('',(#8763),#8767);
#8763 = LINE('',#8764,#8765);
#8764 = CARTESIAN_POINT('',(0.,0.));
#8765 = VECTOR('',#8766,1.);
#8766 = DIRECTION('',(0.,-1.));
#8767 = ( GEOMETRIC_REPRESENTATION_CONTEXT(2) 
PARAMETRIC_REPRESENTATION_CONTEXT() REPRESENTATION_CONTEXT('2D SPACE',''
  ) );
#8768 = PCURVE('',#3937,#8769);
#8769 = DEFINITIONAL_REPRESENTATION('',(#8770),#8774);
#8770 = LINE('',#8771,#8772);
#8771 = CARTESIAN_POINT('',(4.07410240026,0.));
#8772 = VECTOR('',#8773,1.);
#8773 = DIRECTION('',(0.,-1.));
#8774 = ( GEOMETRIC_REPRESENTATION_CONTEXT(2) 
PARAMETRIC_REPRESENTATION_CONTEXT() REPRESENTATION_CONTEXT('2D SPACE',''
  ) );
#8775 = ORIENTED_EDGE('',*,*,#4677,.F.);
#8776 = ADVANCED_FACE('',(#8777),#3937,.F.);
#8777 = FACE_BOUND('',#8778,.F.);
#8778 = EDGE_LOOP('',(#8779,#8780,#8781,#8802));
#8779 = ORIENTED_EDGE('',*,*,#8755,.F.);
#8780 = ORIENTED_EDGE('',*,*,#3922,.T.);
#8781 = ORIENTED_EDGE('',*,*,#8782,.T.);
#8782 = EDGE_CURVE('',#3897,#4706,#8783,.T.);
#8783 = SURFACE_CURVE('',#8784,(#8788,#8795),.PCURVE_S1.);
#8784 = LINE('',#8785,#8786);
#8785 = CARTESIAN_POINT('',(38.246557223021,-5.,501.14220278946));
#8786 = VECTOR('',#8787,1.);
#8787 = DIRECTION('',(0.,1.,0.));
#8788 = PCURVE('',#3937,#8789);
#8789 = DEFINITIONAL_REPRESENTATION('',(#8790),#8794);
#8790 = LINE('',#8791,#8792);
#8791 = CARTESIAN_POINT('',(0.,0.));
#8792 = VECTOR('',#8793,1.);
#8793 = DIRECTION('',(0.,-1.));
#8794 = ( GEOMETRIC_REPRESENTATION_CONTEXT(2) 
PARAMETRIC_REPRESENTATION_CONTEXT() REPRESENTATION_CONTEXT('2D SPACE',''
  ) );
#8795 = PCURVE('',#3911,#8796);
#8796 = DEFINITIONAL_REPRESENTATION('',(#8797),#8801);
#8797 = LINE('',#8798,#8799);
#8798 = CARTESIAN_POINT('',(3.819583347448,0.));
#8799 = VECTOR('',#8800,1.);
#8800 = DIRECTION('',(0.,-1.));
#8801 = ( GEOMETRIC_REPRESENTATION_CONTEXT(2) 
PARAMETRIC_REPRESENTATION_CONTEXT() REPRESENTATION_CONTEXT('2D SPACE',''
  ) );
#8802 = ORIENTED_EDGE('',*,*,#4705,.F.);
#8803 = ADVANCED_FACE('',(#8804),#3911,.F.);
#8804 = FACE_BOUND('',#8805,.F.);
#8805 = EDGE_LOOP('',(#8806,#8807,#8808,#8829,#8830,#8831));
#8806 = ORIENTED_EDGE('',*,*,#8782,.F.);
#8807 = ORIENTED_EDGE('',*,*,#3896,.T.);
#8808 = ORIENTED_EDGE('',*,*,#8809,.T.);
#8809 = EDGE_CURVE('',#3871,#7182,#8810,.T.);
#8810 = SURFACE_CURVE('',#8811,(#8815,#8822),.PCURVE_S1.);
#8811 = LINE('',#8812,#8813);
#8812 = CARTESIAN_POINT('',(40.72435238896,-5.,504.04904782554));
#8813 = VECTOR('',#8814,1.);
#8814 = DIRECTION('',(0.,1.,0.));
#8815 = PCURVE('',#3911,#8816);
#8816 = DEFINITIONAL_REPRESENTATION('',(#8817),#8821);
#8817 = LINE('',#8818,#8819);
#8818 = CARTESIAN_POINT('',(0.,0.));
#8819 = VECTOR('',#8820,1.);
#8820 = DIRECTION('',(0.,-1.));
#8821 = ( GEOMETRIC_REPRESENTATION_CONTEXT(2) 
PARAMETRIC_REPRESENTATION_CONTEXT() REPRESENTATION_CONTEXT('2D SPACE',''
  ) );
#8822 = PCURVE('',#3885,#8823);
#8823 = DEFINITIONAL_REPRESENTATION('',(#8824),#8828);
#8824 = LINE('',#8825,#8826);
#8825 = CARTESIAN_POINT('',(3.583188582217,0.));
#8826 = VECTOR('',#8827,1.);
#8827 = DIRECTION('',(0.,-1.));
#8828 = ( GEOMETRIC_REPRESENTATION_CONTEXT(2) 
PARAMETRIC_REPRESENTATION_CONTEXT() REPRESENTATION_CONTEXT('2D SPACE',''
  ) );
#8829 = ORIENTED_EDGE('',*,*,#7204,.T.);
#8830 = ORIENTED_EDGE('',*,*,#4628,.F.);
#8831 = ORIENTED_EDGE('',*,*,#4734,.F.);
#8832 = ADVANCED_FACE('',(#8833),#3885,.F.);
#8833 = FACE_BOUND('',#8834,.F.);
#8834 = EDGE_LOOP('',(#8835,#8836,#8857,#8858));
#8835 = ORIENTED_EDGE('',*,*,#3870,.T.);
#8836 = ORIENTED_EDGE('',*,*,#8837,.T.);
#8837 = EDGE_CURVE('',#3845,#7159,#8838,.T.);
#8838 = SURFACE_CURVE('',#8839,(#8843,#8850),.PCURVE_S1.);
#8839 = LINE('',#8840,#8841);
#8840 = CARTESIAN_POINT('',(43.091535259482,-5.,506.73897081203));
#8841 = VECTOR('',#8842,1.);
#8842 = DIRECTION('',(0.,1.,0.));
#8843 = PCURVE('',#3885,#8844);
#8844 = DEFINITIONAL_REPRESENTATION('',(#8845),#8849);
#8845 = LINE('',#8846,#8847);
#8846 = CARTESIAN_POINT('',(0.,0.));
#8847 = VECTOR('',#8848,1.);
#8848 = DIRECTION('',(0.,-1.));
#8849 = ( GEOMETRIC_REPRESENTATION_CONTEXT(2) 
PARAMETRIC_REPRESENTATION_CONTEXT() REPRESENTATION_CONTEXT('2D SPACE',''
  ) );
#8850 = PCURVE('',#3859,#8851);
#8851 = DEFINITIONAL_REPRESENTATION('',(#8852),#8856);
#8852 = LINE('',#8853,#8854);
#8853 = CARTESIAN_POINT('',(3.364568003296,0.));
#8854 = VECTOR('',#8855,1.);
#8855 = DIRECTION('',(0.,-1.));
#8856 = ( GEOMETRIC_REPRESENTATION_CONTEXT(2) 
PARAMETRIC_REPRESENTATION_CONTEXT() REPRESENTATION_CONTEXT('2D SPACE',''
  ) );
#8857 = ORIENTED_EDGE('',*,*,#7181,.T.);
#8858 = ORIENTED_EDGE('',*,*,#8809,.F.);
#8859 = ADVANCED_FACE('',(#8860),#3859,.F.);
#8860 = FACE_BOUND('',#8861,.F.);
#8861 = EDGE_LOOP('',(#8862,#8863,#8884,#8885));
#8862 = ORIENTED_EDGE('',*,*,#3844,.T.);
#8863 = ORIENTED_EDGE('',*,*,#8864,.T.);
#8864 = EDGE_CURVE('',#3819,#7136,#8865,.T.);
#8865 = SURFACE_CURVE('',#8866,(#8870,#8877),.PCURVE_S1.);
#8866 = LINE('',#8867,#8868);
#8867 = CARTESIAN_POINT('',(45.351202593402,-5.,509.2318048195));
#8868 = VECTOR('',#8869,1.);
#8869 = DIRECTION('',(0.,1.,0.));
#8870 = PCURVE('',#3859,#8871);
#8871 = DEFINITIONAL_REPRESENTATION('',(#8872),#8876);
#8872 = LINE('',#8873,#8874);
#8873 = CARTESIAN_POINT('',(0.,0.));
#8874 = VECTOR('',#8875,1.);
#8875 = DIRECTION('',(0.,-1.));
#8876 = ( GEOMETRIC_REPRESENTATION_CONTEXT(2) 
PARAMETRIC_REPRESENTATION_CONTEXT() REPRESENTATION_CONTEXT('2D SPACE',''
  ) );
#8877 = PCURVE('',#3833,#8878);
#8878 = DEFINITIONAL_REPRESENTATION('',(#8879),#8883);
#8879 = LINE('',#8880,#8881);
#8880 = CARTESIAN_POINT('',(3.163138377828,0.));
#8881 = VECTOR('',#8882,1.);
#8882 = DIRECTION('',(0.,-1.));
#8883 = ( GEOMETRIC_REPRESENTATION_CONTEXT(2) 
PARAMETRIC_REPRESENTATION_CONTEXT() REPRESENTATION_CONTEXT('2D SPACE',''
  ) );
#8884 = ORIENTED_EDGE('',*,*,#7158,.T.);
#8885 = ORIENTED_EDGE('',*,*,#8837,.F.);
#8886 = ADVANCED_FACE('',(#8887),#3833,.F.);
#8887 = FACE_BOUND('',#8888,.F.);
#8888 = EDGE_LOOP('',(#8889,#8890,#8911,#8912));
#8889 = ORIENTED_EDGE('',*,*,#3818,.T.);
#8890 = ORIENTED_EDGE('',*,*,#8891,.T.);
#8891 = EDGE_CURVE('',#3793,#7113,#8892,.T.);
#8892 = SURFACE_CURVE('',#8893,(#8897,#8904),.PCURVE_S1.);
#8893 = LINE('',#8894,#8895);
#8894 = CARTESIAN_POINT('',(47.507652755666,-5.,511.54592821616));
#8895 = VECTOR('',#8896,1.);
#8896 = DIRECTION('',(0.,1.,0.));
#8897 = PCURVE('',#3833,#8898);
#8898 = DEFINITIONAL_REPRESENTATION('',(#8899),#8903);
#8899 = LINE('',#8900,#8901);
#8900 = CARTESIAN_POINT('',(0.,0.));
#8901 = VECTOR('',#8902,1.);
#8902 = DIRECTION('',(0.,-1.));
#8903 = ( GEOMETRIC_REPRESENTATION_CONTEXT(2) 
PARAMETRIC_REPRESENTATION_CONTEXT() REPRESENTATION_CONTEXT('2D SPACE',''
  ) );
#8904 = PCURVE('',#3807,#8905);
#8905 = DEFINITIONAL_REPRESENTATION('',(#8906),#8910);
#8906 = LINE('',#8907,#8908);
#8907 = CARTESIAN_POINT('',(2.978153370381,0.));
#8908 = VECTOR('',#8909,1.);
#8909 = DIRECTION('',(0.,-1.));
#8910 = ( GEOMETRIC_REPRESENTATION_CONTEXT(2) 
PARAMETRIC_REPRESENTATION_CONTEXT() REPRESENTATION_CONTEXT('2D SPACE',''
  ) );
#8911 = ORIENTED_EDGE('',*,*,#7135,.T.);
#8912 = ORIENTED_EDGE('',*,*,#8864,.F.);
#8913 = ADVANCED_FACE('',(#8914),#3807,.F.);
#8914 = FACE_BOUND('',#8915,.F.);
#8915 = EDGE_LOOP('',(#8916,#8917,#8938,#8939));
#8916 = ORIENTED_EDGE('',*,*,#3792,.T.);
#8917 = ORIENTED_EDGE('',*,*,#8918,.T.);
#8918 = EDGE_CURVE('',#3767,#7090,#8919,.T.);
#8919 = SURFACE_CURVE('',#8920,(#8924,#8931),.PCURVE_S1.);
#8920 = LINE('',#8921,#8922);
#8921 = CARTESIAN_POINT('',(49.566060478304,-5.,513.69821889004));
#8922 = VECTOR('',#8923,1.);
#8923 = DIRECTION('',(0.,1.,0.));
#8924 = PCURVE('',#3807,#8925);
#8925 = DEFINITIONAL_REPRESENTATION('',(#8926),#8930);
#8926 = LINE('',#8927,#8928);
#8927 = CARTESIAN_POINT('',(0.,0.));
#8928 = VECTOR('',#8929,1.);
#8929 = DIRECTION('',(0.,-1.));
#8930 = ( GEOMETRIC_REPRESENTATION_CONTEXT(2) 
PARAMETRIC_REPRESENTATION_CONTEXT() REPRESENTATION_CONTEXT('2D SPACE',''
  ) );
#8931 = PCURVE('',#3781,#8932);
#8932 = DEFINITIONAL_REPRESENTATION('',(#8933),#8937);
#8933 = LINE('',#8934,#8935);
#8934 = CARTESIAN_POINT('',(2.808753354575,0.));
#8935 = VECTOR('',#8936,1.);
#8936 = DIRECTION('',(0.,-1.));
#8937 = ( GEOMETRIC_REPRESENTATION_CONTEXT(2) 
PARAMETRIC_REPRESENTATION_CONTEXT() REPRESENTATION_CONTEXT('2D SPACE',''
  ) );
#8938 = ORIENTED_EDGE('',*,*,#7112,.T.);
#8939 = ORIENTED_EDGE('',*,*,#8891,.F.);
#8940 = ADVANCED_FACE('',(#8941),#3781,.F.);
#8941 = FACE_BOUND('',#8942,.F.);
#8942 = EDGE_LOOP('',(#8943,#8944,#8965,#8966));
#8943 = ORIENTED_EDGE('',*,*,#3766,.T.);
#8944 = ORIENTED_EDGE('',*,*,#8945,.T.);
#8945 = EDGE_CURVE('',#3741,#7067,#8946,.T.);
#8946 = SURFACE_CURVE('',#8947,(#8951,#8958),.PCURVE_S1.);
#8947 = LINE('',#8948,#8949);
#8948 = CARTESIAN_POINT('',(51.532203861489,-5.,515.70405427801));
#8949 = VECTOR('',#8950,1.);
#8950 = DIRECTION('',(0.,1.,0.));
#8951 = PCURVE('',#3781,#8952);
#8952 = DEFINITIONAL_REPRESENTATION('',(#8953),#8957);
#8953 = LINE('',#8954,#8955);
#8954 = CARTESIAN_POINT('',(0.,0.));
#8955 = VECTOR('',#8956,1.);
#8956 = DIRECTION('',(0.,-1.));
#8957 = ( GEOMETRIC_REPRESENTATION_CONTEXT(2) 
PARAMETRIC_REPRESENTATION_CONTEXT() REPRESENTATION_CONTEXT('2D SPACE',''
  ) );
#8958 = PCURVE('',#3755,#8959);
#8959 = DEFINITIONAL_REPRESENTATION('',(#8960),#8964);
#8960 = LINE('',#8961,#8962);
#8961 = CARTESIAN_POINT('',(2.653439659263,0.));
#8962 = VECTOR('',#8963,1.);
#8963 = DIRECTION('',(0.,-1.));
#8964 = ( GEOMETRIC_REPRESENTATION_CONTEXT(2) 
PARAMETRIC_REPRESENTATION_CONTEXT() REPRESENTATION_CONTEXT('2D SPACE',''
  ) );
#8965 = ORIENTED_EDGE('',*,*,#7089,.T.);
#8966 = ORIENTED_EDGE('',*,*,#8918,.F.);
#8967 = ADVANCED_FACE('',(#8968),#3755,.F.);
#8968 = FACE_BOUND('',#8969,.F.);
#8969 = EDGE_LOOP('',(#8970,#8971,#8992,#8993));
#8970 = ORIENTED_EDGE('',*,*,#3740,.T.);
#8971 = ORIENTED_EDGE('',*,*,#8972,.T.);
#8972 = EDGE_CURVE('',#3715,#7044,#8973,.T.);
#8973 = SURFACE_CURVE('',#8974,(#8978,#8985),.PCURVE_S1.);
#8974 = LINE('',#8975,#8976);
#8975 = CARTESIAN_POINT('',(53.411832055128,-5.,517.57695039873));
#8976 = VECTOR('',#8977,1.);
#8977 = DIRECTION('',(0.,1.,0.));
#8978 = PCURVE('',#3755,#8979);
#8979 = DEFINITIONAL_REPRESENTATION('',(#8980),#8984);
#8980 = LINE('',#8981,#8982);
#8981 = CARTESIAN_POINT('',(0.,0.));
#8982 = VECTOR('',#8983,1.);
#8983 = DIRECTION('',(0.,-1.));
#8984 = ( GEOMETRIC_REPRESENTATION_CONTEXT(2) 
PARAMETRIC_REPRESENTATION_CONTEXT() REPRESENTATION_CONTEXT('2D SPACE',''
  ) );
#8985 = PCURVE('',#3729,#8986);
#8986 = DEFINITIONAL_REPRESENTATION('',(#8987),#8991);
#8987 = LINE('',#8988,#8989);
#8988 = CARTESIAN_POINT('',(2.508911447336,0.));
#8989 = VECTOR('',#8990,1.);
#8990 = DIRECTION('',(0.,-1.));
#8991 = ( GEOMETRIC_REPRESENTATION_CONTEXT(2) 
PARAMETRIC_REPRESENTATION_CONTEXT() REPRESENTATION_CONTEXT('2D SPACE',''
  ) );
#8992 = ORIENTED_EDGE('',*,*,#7066,.T.);
#8993 = ORIENTED_EDGE('',*,*,#8945,.F.);
#8994 = ADVANCED_FACE('',(#8995),#3729,.F.);
#8995 = FACE_BOUND('',#8996,.F.);
#8996 = EDGE_LOOP('',(#8997,#8998,#9019,#9020));
#8997 = ORIENTED_EDGE('',*,*,#3714,.T.);
#8998 = ORIENTED_EDGE('',*,*,#8999,.T.);
#8999 = EDGE_CURVE('',#3689,#7021,#9000,.T.);
#9000 = SURFACE_CURVE('',#9001,(#9005,#9012),.PCURVE_S1.);
#9001 = LINE('',#9002,#9003);
#9002 = CARTESIAN_POINT('',(55.207508470142,-5.,519.3291441275));
#9003 = VECTOR('',#9004,1.);
#9004 = DIRECTION('',(0.,1.,0.));
#9005 = PCURVE('',#3729,#9006);
#9006 = DEFINITIONAL_REPRESENTATION('',(#9007),#9011);
#9007 = LINE('',#9008,#9009);
#9008 = CARTESIAN_POINT('',(0.,0.));
#9009 = VECTOR('',#9010,1.);
#9010 = DIRECTION('',(0.,-1.));
#9011 = ( GEOMETRIC_REPRESENTATION_CONTEXT(2) 
PARAMETRIC_REPRESENTATION_CONTEXT() REPRESENTATION_CONTEXT('2D SPACE',''
  ) );
#9012 = PCURVE('',#3703,#9013);
#9013 = DEFINITIONAL_REPRESENTATION('',(#9014),#9018);
#9014 = LINE('',#9015,#9016);
#9015 = CARTESIAN_POINT('',(2.37639008276,0.));
#9016 = VECTOR('',#9017,1.);
#9017 = DIRECTION('',(0.,-1.));
#9018 = ( GEOMETRIC_REPRESENTATION_CONTEXT(2) 
PARAMETRIC_REPRESENTATION_CONTEXT() REPRESENTATION_CONTEXT('2D SPACE',''
  ) );
#9019 = ORIENTED_EDGE('',*,*,#7043,.T.);
#9020 = ORIENTED_EDGE('',*,*,#8972,.F.);
#9021 = ADVANCED_FACE('',(#9022),#3703,.F.);
#9022 = FACE_BOUND('',#9023,.F.);
#9023 = EDGE_LOOP('',(#9024,#9025,#9046,#9047));
#9024 = ORIENTED_EDGE('',*,*,#3688,.T.);
#9025 = ORIENTED_EDGE('',*,*,#9026,.T.);
#9026 = EDGE_CURVE('',#3663,#6998,#9027,.T.);
#9027 = SURFACE_CURVE('',#9028,(#9032,#9039),.PCURVE_S1.);
#9028 = LINE('',#9029,#9030);
#9029 = CARTESIAN_POINT('',(56.923849049418,-5.,520.97273922404));
#9030 = VECTOR('',#9031,1.);
#9031 = DIRECTION('',(0.,1.,0.));
#9032 = PCURVE('',#3703,#9033);
#9033 = DEFINITIONAL_REPRESENTATION('',(#9034),#9038);
#9034 = LINE('',#9035,#9036);
#9035 = CARTESIAN_POINT('',(0.,0.));
#9036 = VECTOR('',#9037,1.);
#9037 = DIRECTION('',(0.,-1.));
#9038 = ( GEOMETRIC_REPRESENTATION_CONTEXT(2) 
PARAMETRIC_REPRESENTATION_CONTEXT() REPRESENTATION_CONTEXT('2D SPACE',''
  ) );
#9039 = PCURVE('',#3677,#9040);
#9040 = DEFINITIONAL_REPRESENTATION('',(#9041),#9045);
#9041 = LINE('',#9042,#9043);
#9042 = CARTESIAN_POINT('',(2.257416007718,0.));
#9043 = VECTOR('',#9044,1.);
#9044 = DIRECTION('',(0.,-1.));
#9045 = ( GEOMETRIC_REPRESENTATION_CONTEXT(2) 
PARAMETRIC_REPRESENTATION_CONTEXT() REPRESENTATION_CONTEXT('2D SPACE',''
  ) );
#9046 = ORIENTED_EDGE('',*,*,#7020,.T.);
#9047 = ORIENTED_EDGE('',*,*,#8999,.F.);
#9048 = ADVANCED_FACE('',(#9049),#3677,.F.);
#9049 = FACE_BOUND('',#9050,.F.);
#9050 = EDGE_LOOP('',(#9051,#9052,#9073,#9074));
#9051 = ORIENTED_EDGE('',*,*,#3662,.T.);
#9052 = ORIENTED_EDGE('',*,*,#9053,.T.);
#9053 = EDGE_CURVE('',#3637,#6975,#9054,.T.);
#9054 = SURFACE_CURVE('',#9055,(#9059,#9066),.PCURVE_S1.);
#9055 = LINE('',#9056,#9057);
#9056 = CARTESIAN_POINT('',(58.569010224802,-5.,522.5184984999));
#9057 = VECTOR('',#9058,1.);
#9058 = DIRECTION('',(0.,1.,0.));
#9059 = PCURVE('',#3677,#9060);
#9060 = DEFINITIONAL_REPRESENTATION('',(#9061),#9065);
#9061 = LINE('',#9062,#9063);
#9062 = CARTESIAN_POINT('',(0.,0.));
#9063 = VECTOR('',#9064,1.);
#9064 = DIRECTION('',(0.,-1.));
#9065 = ( GEOMETRIC_REPRESENTATION_CONTEXT(2) 
PARAMETRIC_REPRESENTATION_CONTEXT() REPRESENTATION_CONTEXT('2D SPACE',''
  ) );
#9066 = PCURVE('',#3651,#9067);
#9067 = DEFINITIONAL_REPRESENTATION('',(#9068),#9072);
#9068 = LINE('',#9069,#9070);
#9069 = CARTESIAN_POINT('',(2.150030947761,0.));
#9070 = VECTOR('',#9071,1.);
#9071 = DIRECTION('',(0.,-1.));
#9072 = ( GEOMETRIC_REPRESENTATION_CONTEXT(2) 
PARAMETRIC_REPRESENTATION_CONTEXT() REPRESENTATION_CONTEXT('2D SPACE',''
  ) );
#9073 = ORIENTED_EDGE('',*,*,#6997,.T.);
#9074 = ORIENTED_EDGE('',*,*,#9026,.F.);
#9075 = ADVANCED_FACE('',(#9076),#3651,.F.);
#9076 = FACE_BOUND('',#9077,.F.);
#9077 = EDGE_LOOP('',(#9078,#9079,#9100,#9101));
#9078 = ORIENTED_EDGE('',*,*,#3636,.T.);
#9079 = ORIENTED_EDGE('',*,*,#9080,.T.);
#9080 = EDGE_CURVE('',#3611,#6952,#9081,.T.);
#9081 = SURFACE_CURVE('',#9082,(#9086,#9093),.PCURVE_S1.);
#9082 = LINE('',#9083,#9084);
#9083 = CARTESIAN_POINT('',(60.150131201104,-5.,523.975443775));
#9084 = VECTOR('',#9085,1.);
#9085 = DIRECTION('',(0.,1.,0.));
#9086 = PCURVE('',#3651,#9087);
#9087 = DEFINITIONAL_REPRESENTATION('',(#9088),#9092);
#9088 = LINE('',#9089,#9090);
#9089 = CARTESIAN_POINT('',(0.,0.));
#9090 = VECTOR('',#9091,1.);
#9091 = DIRECTION('',(0.,-1.));
#9092 = ( GEOMETRIC_REPRESENTATION_CONTEXT(2) 
PARAMETRIC_REPRESENTATION_CONTEXT() REPRESENTATION_CONTEXT('2D SPACE',''
  ) );
#9093 = PCURVE('',#3625,#9094);
#9094 = DEFINITIONAL_REPRESENTATION('',(#9095),#9099);
#9095 = LINE('',#9096,#9097);
#9096 = CARTESIAN_POINT('',(2.053005513772,0.));
#9097 = VECTOR('',#9098,1.);
#9098 = DIRECTION('',(0.,-1.));
#9099 = ( GEOMETRIC_REPRESENTATION_CONTEXT(2) 
PARAMETRIC_REPRESENTATION_CONTEXT() REPRESENTATION_CONTEXT('2D SPACE',''
  ) );
#9100 = ORIENTED_EDGE('',*,*,#6974,.T.);
#9101 = ORIENTED_EDGE('',*,*,#9053,.F.);
#9102 = ADVANCED_FACE('',(#9103),#3625,.F.);
#9103 = FACE_BOUND('',#9104,.F.);
#9104 = EDGE_LOOP('',(#9105,#9106,#9127,#9128));
#9105 = ORIENTED_EDGE('',*,*,#3610,.T.);
#9106 = ORIENTED_EDGE('',*,*,#9107,.T.);
#9107 = EDGE_CURVE('',#3585,#6929,#9108,.T.);
#9108 = SURFACE_CURVE('',#9109,(#9113,#9120),.PCURVE_S1.);
#9109 = LINE('',#9110,#9111);
#9110 = CARTESIAN_POINT('',(61.673757353907,-5.,525.35145067399));
#9111 = VECTOR('',#9112,1.);
#9112 = DIRECTION('',(0.,1.,0.));
#9113 = PCURVE('',#3625,#9114);
#9114 = DEFINITIONAL_REPRESENTATION('',(#9115),#9119);
#9115 = LINE('',#9116,#9117);
#9116 = CARTESIAN_POINT('',(0.,0.));
#9117 = VECTOR('',#9118,1.);
#9118 = DIRECTION('',(0.,-1.));
#9119 = ( GEOMETRIC_REPRESENTATION_CONTEXT(2) 
PARAMETRIC_REPRESENTATION_CONTEXT() REPRESENTATION_CONTEXT('2D SPACE',''
  ) );
#9120 = PCURVE('',#3599,#9121);
#9121 = DEFINITIONAL_REPRESENTATION('',(#9122),#9126);
#9122 = LINE('',#9123,#9124);
#9123 = CARTESIAN_POINT('',(1.965205062367,0.));
#9124 = VECTOR('',#9125,1.);
#9125 = DIRECTION('',(0.,-1.));
#9126 = ( GEOMETRIC_REPRESENTATION_CONTEXT(2) 
PARAMETRIC_REPRESENTATION_CONTEXT() REPRESENTATION_CONTEXT('2D SPACE',''
  ) );
#9127 = ORIENTED_EDGE('',*,*,#6951,.T.);
#9128 = ORIENTED_EDGE('',*,*,#9080,.F.);
#9129 = ADVANCED_FACE('',(#9130),#3599,.F.);
#9130 = FACE_BOUND('',#9131,.F.);
#9131 = EDGE_LOOP('',(#9132,#9133,#9154,#9155));
#9132 = ORIENTED_EDGE('',*,*,#3584,.T.);
#9133 = ORIENTED_EDGE('',*,*,#9134,.T.);
#9134 = EDGE_CURVE('',#3559,#6906,#9135,.T.);
#9135 = SURFACE_CURVE('',#9136,(#9140,#9147),.PCURVE_S1.);
#9136 = LINE('',#9137,#9138);
#9137 = CARTESIAN_POINT('',(63.145825742049,-5.,526.65338984223));
#9138 = VECTOR('',#9139,1.);
#9139 = DIRECTION('',(0.,1.,0.));
#9140 = PCURVE('',#3599,#9141);
#9141 = DEFINITIONAL_REPRESENTATION('',(#9142),#9146);
#9142 = LINE('',#9143,#9144);
#9143 = CARTESIAN_POINT('',(0.,0.));
#9144 = VECTOR('',#9145,1.);
#9145 = DIRECTION('',(0.,-1.));
#9146 = ( GEOMETRIC_REPRESENTATION_CONTEXT(2) 
PARAMETRIC_REPRESENTATION_CONTEXT() REPRESENTATION_CONTEXT('2D SPACE',''
  ) );
#9147 = PCURVE('',#3573,#9148);
#9148 = DEFINITIONAL_REPRESENTATION('',(#9149),#9153);
#9149 = LINE('',#9150,#9151);
#9150 = CARTESIAN_POINT('',(1.885592486379,0.));
#9151 = VECTOR('',#9152,1.);
#9152 = DIRECTION('',(0.,-1.));
#9153 = ( GEOMETRIC_REPRESENTATION_CONTEXT(2) 
PARAMETRIC_REPRESENTATION_CONTEXT() REPRESENTATION_CONTEXT('2D SPACE',''
  ) );
#9154 = ORIENTED_EDGE('',*,*,#6928,.T.);
#9155 = ORIENTED_EDGE('',*,*,#9107,.F.);
#9156 = ADVANCED_FACE('',(#9157),#3573,.F.);
#9157 = FACE_BOUND('',#9158,.F.);
#9158 = EDGE_LOOP('',(#9159,#9160,#9181,#9182));
#9159 = ORIENTED_EDGE('',*,*,#3558,.T.);
#9160 = ORIENTED_EDGE('',*,*,#9161,.T.);
#9161 = EDGE_CURVE('',#3533,#6883,#9162,.T.);
#9162 = SURFACE_CURVE('',#9163,(#9167,#9174),.PCURVE_S1.);
#9163 = LINE('',#9164,#9165);
#9164 = CARTESIAN_POINT('',(64.571666955624,-5.,527.88726011837));
#9165 = VECTOR('',#9166,1.);
#9166 = DIRECTION('',(0.,1.,0.));
#9167 = PCURVE('',#3573,#9168);
#9168 = DEFINITIONAL_REPRESENTATION('',(#9169),#9173);
#9169 = LINE('',#9170,#9171);
#9170 = CARTESIAN_POINT('',(0.,0.));
#9171 = VECTOR('',#9172,1.);
#9172 = DIRECTION('',(0.,-1.));
#9173 = ( GEOMETRIC_REPRESENTATION_CONTEXT(2) 
PARAMETRIC_REPRESENTATION_CONTEXT() REPRESENTATION_CONTEXT('2D SPACE',''
  ) );
#9174 = PCURVE('',#3547,#9175);
#9175 = DEFINITIONAL_REPRESENTATION('',(#9176),#9180);
#9176 = LINE('',#9177,#9178);
#9177 = CARTESIAN_POINT('',(1.813230241858,0.));
#9178 = VECTOR('',#9179,1.);
#9179 = DIRECTION('',(0.,-1.));
#9180 = ( GEOMETRIC_REPRESENTATION_CONTEXT(2) 
PARAMETRIC_REPRESENTATION_CONTEXT() REPRESENTATION_CONTEXT('2D SPACE',''
  ) );
#9181 = ORIENTED_EDGE('',*,*,#6905,.T.);
#9182 = ORIENTED_EDGE('',*,*,#9134,.F.);
#9183 = ADVANCED_FACE('',(#9184),#3547,.F.);
#9184 = FACE_BOUND('',#9185,.F.);
#9185 = EDGE_LOOP('',(#9186,#9187,#9208,#9209));
#9186 = ORIENTED_EDGE('',*,*,#3532,.T.);
#9187 = ORIENTED_EDGE('',*,*,#9188,.T.);
#9188 = EDGE_CURVE('',#3507,#6860,#9189,.T.);
#9189 = SURFACE_CURVE('',#9190,(#9194,#9201),.PCURVE_S1.);
#9190 = LINE('',#9191,#9192);
#9191 = CARTESIAN_POINT('',(65.956022803293,-5.,529.05831212277));
#9192 = VECTOR('',#9193,1.);
#9193 = DIRECTION('',(0.,1.,0.));
#9194 = PCURVE('',#3547,#9195);
#9195 = DEFINITIONAL_REPRESENTATION('',(#9196),#9200);
#9196 = LINE('',#9197,#9198);
#9197 = CARTESIAN_POINT('',(0.,0.));
#9198 = VECTOR('',#9199,1.);
#9199 = DIRECTION('',(0.,-1.));
#9200 = ( GEOMETRIC_REPRESENTATION_CONTEXT(2) 
PARAMETRIC_REPRESENTATION_CONTEXT() REPRESENTATION_CONTEXT('2D SPACE',''
  ) );
#9201 = PCURVE('',#3521,#9202);
#9202 = DEFINITIONAL_REPRESENTATION('',(#9203),#9207);
#9203 = LINE('',#9204,#9205);
#9204 = CARTESIAN_POINT('',(1.747280624192,0.));
#9205 = VECTOR('',#9206,1.);
#9206 = DIRECTION('',(0.,-1.));
#9207 = ( GEOMETRIC_REPRESENTATION_CONTEXT(2) 
PARAMETRIC_REPRESENTATION_CONTEXT() REPRESENTATION_CONTEXT('2D SPACE',''
  ) );
#9208 = ORIENTED_EDGE('',*,*,#6882,.T.);
#9209 = ORIENTED_EDGE('',*,*,#9161,.F.);
#9210 = ADVANCED_FACE('',(#9211),#3521,.F.);
#9211 = FACE_BOUND('',#9212,.F.);
#9212 = EDGE_LOOP('',(#9213,#9214,#9235,#9236));
#9213 = ORIENTED_EDGE('',*,*,#3506,.T.);
#9214 = ORIENTED_EDGE('',*,*,#9215,.T.);
#9215 = EDGE_CURVE('',#3481,#6837,#9216,.T.);
#9216 = SURFACE_CURVE('',#9217,(#9221,#9228),.PCURVE_S1.);
#9217 = LINE('',#9218,#9219);
#9218 = CARTESIAN_POINT('',(67.30307795714,-5.,530.17116071633));
#9219 = VECTOR('',#9220,1.);
#9220 = DIRECTION('',(0.,1.,0.));
#9221 = PCURVE('',#3521,#9222);
#9222 = DEFINITIONAL_REPRESENTATION('',(#9223),#9227);
#9223 = LINE('',#9224,#9225);
#9224 = CARTESIAN_POINT('',(0.,0.));
#9225 = VECTOR('',#9226,1.);
#9226 = DIRECTION('',(0.,-1.));
#9227 = ( GEOMETRIC_REPRESENTATION_CONTEXT(2) 
PARAMETRIC_REPRESENTATION_CONTEXT() REPRESENTATION_CONTEXT('2D SPACE',''
  ) );
#9228 = PCURVE('',#3495,#9229);
#9229 = DEFINITIONAL_REPRESENTATION('',(#9230),#9234);
#9230 = LINE('',#9231,#9232);
#9231 = CARTESIAN_POINT('',(1.68700382521,0.));
#9232 = VECTOR('',#9233,1.);
#9233 = DIRECTION('',(0.,-1.));
#9234 = ( GEOMETRIC_REPRESENTATION_CONTEXT(2) 
PARAMETRIC_REPRESENTATION_CONTEXT() REPRESENTATION_CONTEXT('2D SPACE',''
  ) );
#9235 = ORIENTED_EDGE('',*,*,#6859,.T.);
#9236 = ORIENTED_EDGE('',*,*,#9188,.F.);
#9237 = ADVANCED_FACE('',(#9238),#3495,.F.);
#9238 = FACE_BOUND('',#9239,.F.);
#9239 = EDGE_LOOP('',(#9240,#9241,#9262,#9263));
#9240 = ORIENTED_EDGE('',*,*,#3480,.T.);
#9241 = ORIENTED_EDGE('',*,*,#9242,.T.);
#9242 = EDGE_CURVE('',#3455,#6814,#9243,.T.);
#9243 = SURFACE_CURVE('',#9244,(#9248,#9255),.PCURVE_S1.);
#9244 = LINE('',#9245,#9246);
#9245 = CARTESIAN_POINT('',(68.616502703161,-5.,531.2298851105));
#9246 = VECTOR('',#9247,1.);
#9247 = DIRECTION('',(0.,1.,0.));
#9248 = PCURVE('',#3495,#9249);
#9249 = DEFINITIONAL_REPRESENTATION('',(#9250),#9254);
#9250 = LINE('',#9251,#9252);
#9251 = CARTESIAN_POINT('',(0.,0.));
#9252 = VECTOR('',#9253,1.);
#9253 = DIRECTION('',(0.,-1.));
#9254 = ( GEOMETRIC_REPRESENTATION_CONTEXT(2) 
PARAMETRIC_REPRESENTATION_CONTEXT() REPRESENTATION_CONTEXT('2D SPACE',''
  ) );
#9255 = PCURVE('',#3469,#9256);
#9256 = DEFINITIONAL_REPRESENTATION('',(#9257),#9261);
#9257 = LINE('',#9258,#9259);
#9258 = CARTESIAN_POINT('',(1.631753765572,0.));
#9259 = VECTOR('',#9260,1.);
#9260 = DIRECTION('',(0.,-1.));
#9261 = ( GEOMETRIC_REPRESENTATION_CONTEXT(2) 
PARAMETRIC_REPRESENTATION_CONTEXT() REPRESENTATION_CONTEXT('2D SPACE',''
  ) );
#9262 = ORIENTED_EDGE('',*,*,#6836,.T.);
#9263 = ORIENTED_EDGE('',*,*,#9215,.F.);
#9264 = ADVANCED_FACE('',(#9265),#3469,.F.);
#9265 = FACE_BOUND('',#9266,.F.);
#9266 = EDGE_LOOP('',(#9267,#9268,#9289,#9290));
#9267 = ORIENTED_EDGE('',*,*,#3454,.T.);
#9268 = ORIENTED_EDGE('',*,*,#9269,.T.);
#9269 = EDGE_CURVE('',#3429,#6791,#9270,.T.);
#9270 = SURFACE_CURVE('',#9271,(#9275,#9282),.PCURVE_S1.);
#9271 = LINE('',#9272,#9273);
#9272 = CARTESIAN_POINT('',(69.899503458564,-5.,532.23811594373));
#9273 = VECTOR('',#9274,1.);
#9274 = DIRECTION('',(0.,1.,0.));
#9275 = PCURVE('',#3469,#9276);
#9276 = DEFINITIONAL_REPRESENTATION('',(#9277),#9281);
#9277 = LINE('',#9278,#9279);
#9278 = CARTESIAN_POINT('',(0.,0.));
#9279 = VECTOR('',#9280,1.);
#9280 = DIRECTION('',(0.,-1.));
#9281 = ( GEOMETRIC_REPRESENTATION_CONTEXT(2) 
PARAMETRIC_REPRESENTATION_CONTEXT() REPRESENTATION_CONTEXT('2D SPACE',''
  ) );
#9282 = PCURVE('',#3443,#9283);
#9283 = DEFINITIONAL_REPRESENTATION('',(#9284),#9288);
#9284 = LINE('',#9285,#9286);
#9285 = CARTESIAN_POINT('',(1.580972031664,0.));
#9286 = VECTOR('',#9287,1.);
#9287 = DIRECTION('',(0.,-1.));
#9288 = ( GEOMETRIC_REPRESENTATION_CONTEXT(2) 
PARAMETRIC_REPRESENTATION_CONTEXT() REPRESENTATION_CONTEXT('2D SPACE',''
  ) );
#9289 = ORIENTED_EDGE('',*,*,#6813,.T.);
#9290 = ORIENTED_EDGE('',*,*,#9242,.F.);
#9291 = ADVANCED_FACE('',(#9292),#3443,.F.);
#9292 = FACE_BOUND('',#9293,.F.);
#9293 = EDGE_LOOP('',(#9294,#9295,#9316,#9317));
#9294 = ORIENTED_EDGE('',*,*,#3428,.T.);
#9295 = ORIENTED_EDGE('',*,*,#9296,.T.);
#9296 = EDGE_CURVE('',#3403,#6768,#9297,.T.);
#9297 = SURFACE_CURVE('',#9298,(#9302,#9309),.PCURVE_S1.);
#9298 = LINE('',#9299,#9300);
#9299 = CARTESIAN_POINT('',(71.154877678735,-5.,533.19910924873));
#9300 = VECTOR('',#9301,1.);
#9301 = DIRECTION('',(0.,1.,0.));
#9302 = PCURVE('',#3443,#9303);
#9303 = DEFINITIONAL_REPRESENTATION('',(#9304),#9308);
#9304 = LINE('',#9305,#9306);
#9305 = CARTESIAN_POINT('',(0.,0.));
#9306 = VECTOR('',#9307,1.);
#9307 = DIRECTION('',(0.,-1.));
#9308 = ( GEOMETRIC_REPRESENTATION_CONTEXT(2) 
PARAMETRIC_REPRESENTATION_CONTEXT() REPRESENTATION_CONTEXT('2D SPACE',''
  ) );
#9309 = PCURVE('',#3417,#9310);
#9310 = DEFINITIONAL_REPRESENTATION('',(#9311),#9315);
#9311 = LINE('',#9312,#9313);
#9312 = CARTESIAN_POINT('',(1.53418043244,0.));
#9313 = VECTOR('',#9314,1.);
#9314 = DIRECTION('',(0.,-1.));
#9315 = ( GEOMETRIC_REPRESENTATION_CONTEXT(2) 
PARAMETRIC_REPRESENTATION_CONTEXT() REPRESENTATION_CONTEXT('2D SPACE',''
  ) );
#9316 = ORIENTED_EDGE('',*,*,#6790,.T.);
#9317 = ORIENTED_EDGE('',*,*,#9269,.F.);
#9318 = ADVANCED_FACE('',(#9319),#3417,.F.);
#9319 = FACE_BOUND('',#9320,.F.);
#9320 = EDGE_LOOP('',(#9321,#9322,#9343,#9344));
#9321 = ORIENTED_EDGE('',*,*,#3402,.T.);
#9322 = ORIENTED_EDGE('',*,*,#9323,.T.);
#9323 = EDGE_CURVE('',#3377,#6745,#9324,.T.);
#9324 = SURFACE_CURVE('',#9325,(#9329,#9336),.PCURVE_S1.);
#9325 = LINE('',#9326,#9327);
#9326 = CARTESIAN_POINT('',(72.385070085555,-5.,534.11580780413));
#9327 = VECTOR('',#9328,1.);
#9328 = DIRECTION('',(0.,1.,0.));
#9329 = PCURVE('',#3417,#9330);
#9330 = DEFINITIONAL_REPRESENTATION('',(#9331),#9335);
#9331 = LINE('',#9332,#9333);
#9332 = CARTESIAN_POINT('',(0.,0.));
#9333 = VECTOR('',#9334,1.);
#9334 = DIRECTION('',(0.,-1.));
#9335 = ( GEOMETRIC_REPRESENTATION_CONTEXT(2) 
PARAMETRIC_REPRESENTATION_CONTEXT() REPRESENTATION_CONTEXT('2D SPACE',''
  ) );
#9336 = PCURVE('',#3391,#9337);
#9337 = DEFINITIONAL_REPRESENTATION('',(#9338),#9342);
#9338 = LINE('',#9339,#9340);
#9339 = CARTESIAN_POINT('',(1.490972745423,0.));
#9340 = VECTOR('',#9341,1.);
#9341 = DIRECTION('',(0.,-1.));
#9342 = ( GEOMETRIC_REPRESENTATION_CONTEXT(2) 
PARAMETRIC_REPRESENTATION_CONTEXT() REPRESENTATION_CONTEXT('2D SPACE',''
  ) );
#9343 = ORIENTED_EDGE('',*,*,#6767,.T.);
#9344 = ORIENTED_EDGE('',*,*,#9296,.F.);
#9345 = ADVANCED_FACE('',(#9346),#3391,.F.);
#9346 = FACE_BOUND('',#9347,.F.);
#9347 = EDGE_LOOP('',(#9348,#9349,#9370,#9371));
#9348 = ORIENTED_EDGE('',*,*,#3376,.T.);
#9349 = ORIENTED_EDGE('',*,*,#9350,.T.);
#9350 = EDGE_CURVE('',#3351,#6722,#9351,.T.);
#9351 = SURFACE_CURVE('',#9352,(#9356,#9363),.PCURVE_S1.);
#9352 = LINE('',#9353,#9354);
#9353 = CARTESIAN_POINT('',(73.592227676189,-5.,534.99089081675));
#9354 = VECTOR('',#9355,1.);
#9355 = DIRECTION('',(0.,1.,0.));
#9356 = PCURVE('',#3391,#9357);
#9357 = DEFINITIONAL_REPRESENTATION('',(#9358),#9362);
#9358 = LINE('',#9359,#9360);
#9359 = CARTESIAN_POINT('',(0.,0.));
#9360 = VECTOR('',#9361,1.);
#9361 = DIRECTION('',(0.,-1.));
#9362 = ( GEOMETRIC_REPRESENTATION_CONTEXT(2) 
PARAMETRIC_REPRESENTATION_CONTEXT() REPRESENTATION_CONTEXT('2D SPACE',''
  ) );
#9363 = PCURVE('',#3365,#9364);
#9364 = DEFINITIONAL_REPRESENTATION('',(#9365),#9369);
#9365 = LINE('',#9366,#9367);
#9366 = CARTESIAN_POINT('',(1.451006178375,0.));
#9367 = VECTOR('',#9368,1.);
#9368 = DIRECTION('',(0.,-1.));
#9369 = ( GEOMETRIC_REPRESENTATION_CONTEXT(2) 
PARAMETRIC_REPRESENTATION_CONTEXT() REPRESENTATION_CONTEXT('2D SPACE',''
  ) );
#9370 = ORIENTED_EDGE('',*,*,#6744,.T.);
#9371 = ORIENTED_EDGE('',*,*,#9323,.F.);
#9372 = ADVANCED_FACE('',(#9373),#3365,.F.);
#9373 = FACE_BOUND('',#9374,.F.);
#9374 = EDGE_LOOP('',(#9375,#9376,#9397,#9398));
#9375 = ORIENTED_EDGE('',*,*,#3350,.T.);
#9376 = ORIENTED_EDGE('',*,*,#9377,.T.);
#9377 = EDGE_CURVE('',#3325,#6699,#9378,.T.);
#9378 = SURFACE_CURVE('',#9379,(#9383,#9390),.PCURVE_S1.);
#9379 = LINE('',#9380,#9381);
#9380 = CARTESIAN_POINT('',(74.778251593394,-5.,535.82681318007));
#9381 = VECTOR('',#9382,1.);
#9382 = DIRECTION('',(0.,1.,0.));
#9383 = PCURVE('',#3365,#9384);
#9384 = DEFINITIONAL_REPRESENTATION('',(#9385),#9389);
#9385 = LINE('',#9386,#9387);
#9386 = CARTESIAN_POINT('',(0.,0.));
#9387 = VECTOR('',#9388,1.);
#9388 = DIRECTION('',(0.,-1.));
#9389 = ( GEOMETRIC_REPRESENTATION_CONTEXT(2) 
PARAMETRIC_REPRESENTATION_CONTEXT() REPRESENTATION_CONTEXT('2D SPACE',''
  ) );
#9390 = PCURVE('',#3339,#9391);
#9391 = DEFINITIONAL_REPRESENTATION('',(#9392),#9396);
#9392 = LINE('',#9393,#9394);
#9393 = CARTESIAN_POINT('',(1.413992974195,0.));
#9394 = VECTOR('',#9395,1.);
#9395 = DIRECTION('',(0.,-1.));
#9396 = ( GEOMETRIC_REPRESENTATION_CONTEXT(2) 
PARAMETRIC_REPRESENTATION_CONTEXT() REPRESENTATION_CONTEXT('2D SPACE',''
  ) );
#9397 = ORIENTED_EDGE('',*,*,#6721,.T.);
#9398 = ORIENTED_EDGE('',*,*,#9350,.F.);
#9399 = ADVANCED_FACE('',(#9400),#3339,.F.);
#9400 = FACE_BOUND('',#9401,.F.);
#9401 = EDGE_LOOP('',(#9402,#9403,#9424,#9425));
#9402 = ORIENTED_EDGE('',*,*,#3324,.T.);
#9403 = ORIENTED_EDGE('',*,*,#9404,.T.);
#9404 = EDGE_CURVE('',#3299,#6676,#9405,.T.);
#9405 = SURFACE_CURVE('',#9406,(#9410,#9417),.PCURVE_S1.);
#9406 = LINE('',#9407,#9408);
#9407 = CARTESIAN_POINT('',(75.94484455531,-5.,536.62583570308));
#9408 = VECTOR('',#9409,1.);
#9409 = DIRECTION('',(0.,1.,0.));
#9410 = PCURVE('',#3339,#9411);
#9411 = DEFINITIONAL_REPRESENTATION('',(#9412),#9416);
#9412 = LINE('',#9413,#9414);
#9413 = CARTESIAN_POINT('',(0.,0.));
#9414 = VECTOR('',#9415,1.);
#9415 = DIRECTION('',(0.,-1.));
#9416 = ( GEOMETRIC_REPRESENTATION_CONTEXT(2) 
PARAMETRIC_REPRESENTATION_CONTEXT() REPRESENTATION_CONTEXT('2D SPACE',''
  ) );
#9417 = PCURVE('',#3313,#9418);
#9418 = DEFINITIONAL_REPRESENTATION('',(#9419),#9423);
#9419 = LINE('',#9420,#9421);
#9420 = CARTESIAN_POINT('',(1.379692466046,0.));
#9421 = VECTOR('',#9422,1.);
#9422 = DIRECTION('',(0.,-1.));
#9423 = ( GEOMETRIC_REPRESENTATION_CONTEXT(2) 
PARAMETRIC_REPRESENTATION_CONTEXT() REPRESENTATION_CONTEXT('2D SPACE',''
  ) );
#9424 = ORIENTED_EDGE('',*,*,#6698,.T.);
#9425 = ORIENTED_EDGE('',*,*,#9377,.F.);
#9426 = ADVANCED_FACE('',(#9427),#3313,.F.);
#9427 = FACE_BOUND('',#9428,.F.);
#9428 = EDGE_LOOP('',(#9429,#9430,#9451,#9452));
#9429 = ORIENTED_EDGE('',*,*,#3298,.T.);
#9430 = ORIENTED_EDGE('',*,*,#9431,.T.);
#9431 = EDGE_CURVE('',#3273,#6653,#9432,.T.);
#9432 = SURFACE_CURVE('',#9433,(#9437,#9444),.PCURVE_S1.);
#9433 = LINE('',#9434,#9435);
#9434 = CARTESIAN_POINT('',(77.09355308715,-5.,537.39004772192));
#9435 = VECTOR('',#9436,1.);
#9436 = DIRECTION('',(0.,1.,0.));
#9437 = PCURVE('',#3313,#9438);
#9438 = DEFINITIONAL_REPRESENTATION('',(#9439),#9443);
#9439 = LINE('',#9440,#9441);
#9440 = CARTESIAN_POINT('',(0.,0.));
#9441 = VECTOR('',#9442,1.);
#9442 = DIRECTION('',(0.,-1.));
#9443 = ( GEOMETRIC_REPRESENTATION_CONTEXT(2) 
PARAMETRIC_REPRESENTATION_CONTEXT() REPRESENTATION_CONTEXT('2D SPACE',''
  ) );
#9444 = PCURVE('',#3287,#9445);
#9445 = DEFINITIONAL_REPRESENTATION('',(#9446),#9450);
#9446 = LINE('',#9447,#9448);
#9447 = CARTESIAN_POINT('',(1.347903772057,0.));
#9448 = VECTOR('',#9449,1.);
#9449 = DIRECTION('',(0.,-1.));
#9450 = ( GEOMETRIC_REPRESENTATION_CONTEXT(2) 
PARAMETRIC_REPRESENTATION_CONTEXT() REPRESENTATION_CONTEXT('2D SPACE',''
  ) );
#9451 = ORIENTED_EDGE('',*,*,#6675,.T.);
#9452 = ORIENTED_EDGE('',*,*,#9404,.F.);
#9453 = ADVANCED_FACE('',(#9454),#3287,.F.);
#9454 = FACE_BOUND('',#9455,.F.);
#9455 = EDGE_LOOP('',(#9456,#9457,#9478,#9479));
#9456 = ORIENTED_EDGE('',*,*,#3272,.T.);
#9457 = ORIENTED_EDGE('',*,*,#9458,.T.);
#9458 = EDGE_CURVE('',#3247,#6630,#9459,.T.);
#9459 = SURFACE_CURVE('',#9460,(#9464,#9471),.PCURVE_S1.);
#9460 = LINE('',#9461,#9462);
#9461 = CARTESIAN_POINT('',(78.225804233603,-5.,538.12138343149));
#9462 = VECTOR('',#9463,1.);
#9463 = DIRECTION('',(0.,1.,0.));
#9464 = PCURVE('',#3287,#9465);
#9465 = DEFINITIONAL_REPRESENTATION('',(#9466),#9470);
#9466 = LINE('',#9467,#9468);
#9467 = CARTESIAN_POINT('',(0.,0.));
#9468 = VECTOR('',#9469,1.);
#9469 = DIRECTION('',(0.,-1.));
#9470 = ( GEOMETRIC_REPRESENTATION_CONTEXT(2) 
PARAMETRIC_REPRESENTATION_CONTEXT() REPRESENTATION_CONTEXT('2D SPACE',''
  ) );
#9471 = PCURVE('',#3261,#9472);
#9472 = DEFINITIONAL_REPRESENTATION('',(#9473),#9477);
#9473 = LINE('',#9474,#9475);
#9474 = CARTESIAN_POINT('',(1.318459218657,0.));
#9475 = VECTOR('',#9476,1.);
#9476 = DIRECTION('',(0.,-1.));
#9477 = ( GEOMETRIC_REPRESENTATION_CONTEXT(2) 
PARAMETRIC_REPRESENTATION_CONTEXT() REPRESENTATION_CONTEXT('2D SPACE',''
  ) );
#9478 = ORIENTED_EDGE('',*,*,#6652,.T.);
#9479 = ORIENTED_EDGE('',*,*,#9431,.F.);
#9480 = ADVANCED_FACE('',(#9481),#3261,.F.);
#9481 = FACE_BOUND('',#9482,.F.);
#9482 = EDGE_LOOP('',(#9483,#9484,#9505,#9506));
#9483 = ORIENTED_EDGE('',*,*,#3246,.T.);
#9484 = ORIENTED_EDGE('',*,*,#9485,.T.);
#9485 = EDGE_CURVE('',#3221,#6607,#9486,.T.);
#9486 = SURFACE_CURVE('',#9487,(#9491,#9498),.PCURVE_S1.);
#9487 = LINE('',#9488,#9489);
#9488 = CARTESIAN_POINT('',(79.342936748664,-5.,538.82163314056));
#9489 = VECTOR('',#9490,1.);
#9490 = DIRECTION('',(0.,1.,0.));
#9491 = PCURVE('',#3261,#9492);
#9492 = DEFINITIONAL_REPRESENTATION('',(#9493),#9497);
#9493 = LINE('',#9494,#9495);
#9494 = CARTESIAN_POINT('',(0.,0.));
#9495 = VECTOR('',#9496,1.);
#9496 = DIRECTION('',(0.,-1.));
#9497 = ( GEOMETRIC_REPRESENTATION_CONTEXT(2) 
PARAMETRIC_REPRESENTATION_CONTEXT() REPRESENTATION_CONTEXT('2D SPACE',''
  ) );
#9498 = PCURVE('',#3235,#9499);
#9499 = DEFINITIONAL_REPRESENTATION('',(#9500),#9504);
#9500 = LINE('',#9501,#9502);
#9501 = CARTESIAN_POINT('',(1.291218505079,0.));
#9502 = VECTOR('',#9503,1.);
#9503 = DIRECTION('',(0.,-1.));
#9504 = ( GEOMETRIC_REPRESENTATION_CONTEXT(2) 
PARAMETRIC_REPRESENTATION_CONTEXT() REPRESENTATION_CONTEXT('2D SPACE',''
  ) );
#9505 = ORIENTED_EDGE('',*,*,#6629,.T.);
#9506 = ORIENTED_EDGE('',*,*,#9458,.F.);
#9507 = ADVANCED_FACE('',(#9508),#3235,.F.);
#9508 = FACE_BOUND('',#9509,.F.);
#9509 = EDGE_LOOP('',(#9510,#9511,#9532,#9533));
#9510 = ORIENTED_EDGE('',*,*,#3220,.T.);
#9511 = ORIENTED_EDGE('',*,*,#9512,.T.);
#9512 = EDGE_CURVE('',#3195,#6584,#9513,.T.);
#9513 = SURFACE_CURVE('',#9514,(#9518,#9525),.PCURVE_S1.);
#9514 = LINE('',#9515,#9516);
#9515 = CARTESIAN_POINT('',(80.446226966569,-5.,539.49245049493));
#9516 = VECTOR('',#9517,1.);
#9517 = DIRECTION('',(0.,1.,0.));
#9518 = PCURVE('',#3235,#9519);
#9519 = DEFINITIONAL_REPRESENTATION('',(#9520),#9524);
#9520 = LINE('',#9521,#9522);
#9521 = CARTESIAN_POINT('',(0.,0.));
#9522 = VECTOR('',#9523,1.);
#9523 = DIRECTION('',(0.,-1.));
#9524 = ( GEOMETRIC_REPRESENTATION_CONTEXT(2) 
PARAMETRIC_REPRESENTATION_CONTEXT() REPRESENTATION_CONTEXT('2D SPACE',''
  ) );
#9525 = PCURVE('',#3209,#9526);
#9526 = DEFINITIONAL_REPRESENTATION('',(#9527),#9531);
#9527 = LINE('',#9528,#9529);
#9528 = CARTESIAN_POINT('',(1.26606356953,0.));
#9529 = VECTOR('',#9530,1.);
#9530 = DIRECTION('',(0.,-1.));
#9531 = ( GEOMETRIC_REPRESENTATION_CONTEXT(2) 
PARAMETRIC_REPRESENTATION_CONTEXT() REPRESENTATION_CONTEXT('2D SPACE',''
  ) );
#9532 = ORIENTED_EDGE('',*,*,#6606,.T.);
#9533 = ORIENTED_EDGE('',*,*,#9485,.F.);
#9534 = ADVANCED_FACE('',(#9535),#3209,.F.);
#9535 = FACE_BOUND('',#9536,.F.);
#9536 = EDGE_LOOP('',(#9537,#9538,#9559,#9560));
#9537 = ORIENTED_EDGE('',*,*,#3194,.T.);
#9538 = ORIENTED_EDGE('',*,*,#9539,.T.);
#9539 = EDGE_CURVE('',#3169,#6561,#9540,.T.);
#9540 = SURFACE_CURVE('',#9541,(#9545,#9552),.PCURVE_S1.);
#9541 = LINE('',#9542,#9543);
#9542 = CARTESIAN_POINT('',(81.536909671544,-5.,540.13535655274));
#9543 = VECTOR('',#9544,1.);
#9544 = DIRECTION('',(0.,1.,0.));
#9545 = PCURVE('',#3209,#9546);
#9546 = DEFINITIONAL_REPRESENTATION('',(#9547),#9551);
#9547 = LINE('',#9548,#9549);
#9548 = CARTESIAN_POINT('',(0.,0.));
#9549 = VECTOR('',#9550,1.);
#9550 = DIRECTION('',(0.,-1.));
#9551 = ( GEOMETRIC_REPRESENTATION_CONTEXT(2) 
PARAMETRIC_REPRESENTATION_CONTEXT() REPRESENTATION_CONTEXT('2D SPACE',''
  ) );
#9552 = PCURVE('',#3183,#9553);
#9553 = DEFINITIONAL_REPRESENTATION('',(#9554),#9558);
#9554 = LINE('',#9555,#9556);
#9555 = CARTESIAN_POINT('',(1.242894087698,0.));
#9556 = VECTOR('',#9557,1.);
#9557 = DIRECTION('',(0.,-1.));
#9558 = ( GEOMETRIC_REPRESENTATION_CONTEXT(2) 
PARAMETRIC_REPRESENTATION_CONTEXT() REPRESENTATION_CONTEXT('2D SPACE',''
  ) );
#9559 = ORIENTED_EDGE('',*,*,#6583,.T.);
#9560 = ORIENTED_EDGE('',*,*,#9512,.F.);
#9561 = ADVANCED_FACE('',(#9562),#3183,.F.);
#9562 = FACE_BOUND('',#9563,.F.);
#9563 = EDGE_LOOP('',(#9564,#9565,#9586,#9587));
#9564 = ORIENTED_EDGE('',*,*,#3168,.T.);
#9565 = ORIENTED_EDGE('',*,*,#9566,.T.);
#9566 = EDGE_CURVE('',#3143,#6538,#9567,.T.);
#9567 = SURFACE_CURVE('',#9568,(#9572,#9579),.PCURVE_S1.);
#9568 = LINE('',#9569,#9570);
#9569 = CARTESIAN_POINT('',(82.616194327688,-5.,540.75174145217));
#9570 = VECTOR('',#9571,1.);
#9571 = DIRECTION('',(0.,1.,0.));
#9572 = PCURVE('',#3183,#9573);
#9573 = DEFINITIONAL_REPRESENTATION('',(#9574),#9578);
#9574 = LINE('',#9575,#9576);
#9575 = CARTESIAN_POINT('',(0.,0.));
#9576 = VECTOR('',#9577,1.);
#9577 = DIRECTION('',(0.,-1.));
#9578 = ( GEOMETRIC_REPRESENTATION_CONTEXT(2) 
PARAMETRIC_REPRESENTATION_CONTEXT() REPRESENTATION_CONTEXT('2D SPACE',''
  ) );
#9579 = PCURVE('',#3157,#9580);
#9580 = DEFINITIONAL_REPRESENTATION('',(#9581),#9585);
#9581 = LINE('',#9582,#9583);
#9582 = CARTESIAN_POINT('',(1.221623522633,0.));
#9583 = VECTOR('',#9584,1.);
#9584 = DIRECTION('',(0.,-1.));
#9585 = ( GEOMETRIC_REPRESENTATION_CONTEXT(2) 
PARAMETRIC_REPRESENTATION_CONTEXT() REPRESENTATION_CONTEXT('2D SPACE',''
  ) );
#9586 = ORIENTED_EDGE('',*,*,#6560,.T.);
#9587 = ORIENTED_EDGE('',*,*,#9539,.F.);
#9588 = ADVANCED_FACE('',(#9589),#3157,.F.);
#9589 = FACE_BOUND('',#9590,.F.);
#9590 = EDGE_LOOP('',(#9591,#9592,#9613,#9614));
#9591 = ORIENTED_EDGE('',*,*,#3142,.T.);
#9592 = ORIENTED_EDGE('',*,*,#9593,.T.);
#9593 = EDGE_CURVE('',#3117,#6515,#9594,.T.);
#9594 = SURFACE_CURVE('',#9595,(#9599,#9606),.PCURVE_S1.);
#9595 = LINE('',#9596,#9597);
#9596 = CARTESIAN_POINT('',(83.685277026687,-5.,541.34286429367));
#9597 = VECTOR('',#9598,1.);
#9598 = DIRECTION('',(0.,1.,0.));
#9599 = PCURVE('',#3157,#9600);
#9600 = DEFINITIONAL_REPRESENTATION('',(#9601),#9605);
#9601 = LINE('',#9602,#9603);
#9602 = CARTESIAN_POINT('',(0.,0.));
#9603 = VECTOR('',#9604,1.);
#9604 = DIRECTION('',(0.,-1.));
#9605 = ( GEOMETRIC_REPRESENTATION_CONTEXT(2) 
PARAMETRIC_REPRESENTATION_CONTEXT() REPRESENTATION_CONTEXT('2D SPACE',''
  ) );
#9606 = PCURVE('',#3131,#9607);
#9607 = DEFINITIONAL_REPRESENTATION('',(#9608),#9612);
#9608 = LINE('',#9609,#9610);
#9609 = CARTESIAN_POINT('',(1.202175647425,0.));
#9610 = VECTOR('',#9611,1.);
#9611 = DIRECTION('',(0.,-1.));
#9612 = ( GEOMETRIC_REPRESENTATION_CONTEXT(2) 
PARAMETRIC_REPRESENTATION_CONTEXT() REPRESENTATION_CONTEXT('2D SPACE',''
  ) );
#9613 = ORIENTED_EDGE('',*,*,#6537,.T.);
#9614 = ORIENTED_EDGE('',*,*,#9566,.F.);
#9615 = ADVANCED_FACE('',(#9616),#3131,.F.);
#9616 = FACE_BOUND('',#9617,.F.);
#9617 = EDGE_LOOP('',(#9618,#9619,#9640,#9641));
#9618 = ORIENTED_EDGE('',*,*,#3116,.T.);
#9619 = ORIENTED_EDGE('',*,*,#9620,.T.);
#9620 = EDGE_CURVE('',#3091,#6492,#9621,.T.);
#9621 = SURFACE_CURVE('',#9622,(#9626,#9633),.PCURVE_S1.);
#9622 = LINE('',#9623,#9624);
#9623 = CARTESIAN_POINT('',(84.745348481394,-5.,541.90985176988));
#9624 = VECTOR('',#9625,1.);
#9625 = DIRECTION('',(0.,1.,0.));
#9626 = PCURVE('',#3131,#9627);
#9627 = DEFINITIONAL_REPRESENTATION('',(#9628),#9632);
#9628 = LINE('',#9629,#9630);
#9629 = CARTESIAN_POINT('',(0.,0.));
#9630 = VECTOR('',#9631,1.);
#9631 = DIRECTION('',(0.,-1.));
#9632 = ( GEOMETRIC_REPRESENTATION_CONTEXT(2) 
PARAMETRIC_REPRESENTATION_CONTEXT() REPRESENTATION_CONTEXT('2D SPACE',''
  ) );
#9633 = PCURVE('',#3105,#9634);
#9634 = DEFINITIONAL_REPRESENTATION('',(#9635),#9639);
#9635 = LINE('',#9636,#9637);
#9636 = CARTESIAN_POINT('',(1.184481473955,0.));
#9637 = VECTOR('',#9638,1.);
#9638 = DIRECTION('',(0.,-1.));
#9639 = ( GEOMETRIC_REPRESENTATION_CONTEXT(2) 
PARAMETRIC_REPRESENTATION_CONTEXT() REPRESENTATION_CONTEXT('2D SPACE',''
  ) );
#9640 = ORIENTED_EDGE('',*,*,#6514,.T.);
#9641 = ORIENTED_EDGE('',*,*,#9593,.F.);
#9642 = ADVANCED_FACE('',(#9643),#3105,.F.);
#9643 = FACE_BOUND('',#9644,.F.);
#9644 = EDGE_LOOP('',(#9645,#9646,#9667,#9668));
#9645 = ORIENTED_EDGE('',*,*,#3090,.T.);
#9646 = ORIENTED_EDGE('',*,*,#9647,.T.);
#9647 = EDGE_CURVE('',#3065,#6469,#9648,.T.);
#9648 = SURFACE_CURVE('',#9649,(#9653,#9660),.PCURVE_S1.);
#9649 = LINE('',#9650,#9651);
#9650 = CARTESIAN_POINT('',(85.797598355338,-5.,542.45369601682));
#9651 = VECTOR('',#9652,1.);
#9652 = DIRECTION('',(0.,1.,0.));
#9653 = PCURVE('',#3105,#9654);
#9654 = DEFINITIONAL_REPRESENTATION('',(#9655),#9659);
#9655 = LINE('',#9656,#9657);
#9656 = CARTESIAN_POINT('',(0.,0.));
#9657 = VECTOR('',#9658,1.);
#9658 = DIRECTION('',(0.,-1.));
#9659 = ( GEOMETRIC_REPRESENTATION_CONTEXT(2) 
PARAMETRIC_REPRESENTATION_CONTEXT() REPRESENTATION_CONTEXT('2D SPACE',''
  ) );
#9660 = PCURVE('',#3079,#9661);
#9661 = DEFINITIONAL_REPRESENTATION('',(#9662),#9666);
#9662 = LINE('',#9663,#9664);
#9663 = CARTESIAN_POINT('',(1.168476538487,0.));
#9664 = VECTOR('',#9665,1.);
#9665 = DIRECTION('',(0.,-1.));
#9666 = ( GEOMETRIC_REPRESENTATION_CONTEXT(2) 
PARAMETRIC_REPRESENTATION_CONTEXT() REPRESENTATION_CONTEXT('2D SPACE',''
  ) );
#9667 = ORIENTED_EDGE('',*,*,#6491,.T.);
#9668 = ORIENTED_EDGE('',*,*,#9620,.F.);
#9669 = ADVANCED_FACE('',(#9670),#3079,.F.);
#9670 = FACE_BOUND('',#9671,.F.);
#9671 = EDGE_LOOP('',(#9672,#9673,#9694,#9695));
#9672 = ORIENTED_EDGE('',*,*,#3064,.T.);
#9673 = ORIENTED_EDGE('',*,*,#9674,.T.);
#9674 = EDGE_CURVE('',#3039,#6446,#9675,.T.);
#9675 = SURFACE_CURVE('',#9676,(#9680,#9687),.PCURVE_S1.);
#9676 = LINE('',#9677,#9678);
#9677 = CARTESIAN_POINT('',(86.843216185903,-5.,542.97525212445));
#9678 = VECTOR('',#9679,1.);
#9679 = DIRECTION('',(0.,1.,0.));
#9680 = PCURVE('',#3079,#9681);
#9681 = DEFINITIONAL_REPRESENTATION('',(#9682),#9686);
#9682 = LINE('',#9683,#9684);
#9683 = CARTESIAN_POINT('',(0.,0.));
#9684 = VECTOR('',#9685,1.);
#9685 = DIRECTION('',(0.,-1.));
#9686 = ( GEOMETRIC_REPRESENTATION_CONTEXT(2) 
PARAMETRIC_REPRESENTATION_CONTEXT() REPRESENTATION_CONTEXT('2D SPACE',''
  ) );
#9687 = PCURVE('',#3053,#9688);
#9688 = DEFINITIONAL_REPRESENTATION('',(#9689),#9693);
#9689 = LINE('',#9690,#9691);
#9690 = CARTESIAN_POINT('',(1.154098514004,0.));
#9691 = VECTOR('',#9692,1.);
#9692 = DIRECTION('',(0.,-1.));
#9693 = ( GEOMETRIC_REPRESENTATION_CONTEXT(2) 
PARAMETRIC_REPRESENTATION_CONTEXT() REPRESENTATION_CONTEXT('2D SPACE',''
  ) );
#9694 = ORIENTED_EDGE('',*,*,#6468,.T.);
#9695 = ORIENTED_EDGE('',*,*,#9647,.F.);
#9696 = ADVANCED_FACE('',(#9697),#3053,.F.);
#9697 = FACE_BOUND('',#9698,.F.);
#9698 = EDGE_LOOP('',(#9699,#9700,#9721,#9722));
#9699 = ORIENTED_EDGE('',*,*,#3038,.T.);
#9700 = ORIENTED_EDGE('',*,*,#9701,.T.);
#9701 = EDGE_CURVE('',#3013,#6423,#9702,.T.);
#9702 = SURFACE_CURVE('',#9703,(#9707,#9714),.PCURVE_S1.);
#9703 = LINE('',#9704,#9705);
#9704 = CARTESIAN_POINT('',(87.883389141438,-5.,543.47523572677));
#9705 = VECTOR('',#9706,1.);
#9706 = DIRECTION('',(0.,1.,0.));
#9707 = PCURVE('',#3053,#9708);
#9708 = DEFINITIONAL_REPRESENTATION('',(#9709),#9713);
#9709 = LINE('',#9710,#9711);
#9710 = CARTESIAN_POINT('',(0.,0.));
#9711 = VECTOR('',#9712,1.);
#9712 = DIRECTION('',(0.,-1.));
#9713 = ( GEOMETRIC_REPRESENTATION_CONTEXT(2) 
PARAMETRIC_REPRESENTATION_CONTEXT() REPRESENTATION_CONTEXT('2D SPACE',''
  ) );
#9714 = PCURVE('',#3027,#9715);
#9715 = DEFINITIONAL_REPRESENTATION('',(#9716),#9720);
#9716 = LINE('',#9717,#9718);
#9717 = CARTESIAN_POINT('',(1.141285136733,0.));
#9718 = VECTOR('',#9719,1.);
#9719 = DIRECTION('',(0.,-1.));
#9720 = ( GEOMETRIC_REPRESENTATION_CONTEXT(2) 
PARAMETRIC_REPRESENTATION_CONTEXT() REPRESENTATION_CONTEXT('2D SPACE',''
  ) );
#9721 = ORIENTED_EDGE('',*,*,#6445,.T.);
#9722 = ORIENTED_EDGE('',*,*,#9674,.F.);
#9723 = ADVANCED_FACE('',(#9724),#3027,.F.);
#9724 = FACE_BOUND('',#9725,.F.);
#9725 = EDGE_LOOP('',(#9726,#9727,#9748,#9749));
#9726 = ORIENTED_EDGE('',*,*,#3012,.T.);
#9727 = ORIENTED_EDGE('',*,*,#9728,.T.);
#9728 = EDGE_CURVE('',#2987,#6400,#9729,.T.);
#9729 = SURFACE_CURVE('',#9730,(#9734,#9741),.PCURVE_S1.);
#9730 = LINE('',#9731,#9732);
#9731 = CARTESIAN_POINT('',(88.919296855187,-5.,543.95422108347));
#9732 = VECTOR('',#9733,1.);
#9733 = DIRECTION('',(0.,1.,0.));
#9734 = PCURVE('',#3027,#9735);
#9735 = DEFINITIONAL_REPRESENTATION('',(#9736),#9740);
#9736 = LINE('',#9737,#9738);
#9737 = CARTESIAN_POINT('',(0.,0.));
#9738 = VECTOR('',#9739,1.);
#9739 = DIRECTION('',(0.,-1.));
#9740 = ( GEOMETRIC_REPRESENTATION_CONTEXT(2) 
PARAMETRIC_REPRESENTATION_CONTEXT() REPRESENTATION_CONTEXT('2D SPACE',''
  ) );
#9741 = PCURVE('',#3001,#9742);
#9742 = DEFINITIONAL_REPRESENTATION('',(#9743),#9747);
#9743 = LINE('',#9744,#9745);
#9744 = CARTESIAN_POINT('',(1.129972447398,0.));
#9745 = VECTOR('',#9746,1.);
#9746 = DIRECTION('',(0.,-1.));
#9747 = ( GEOMETRIC_REPRESENTATION_CONTEXT(2) 
PARAMETRIC_REPRESENTATION_CONTEXT() REPRESENTATION_CONTEXT('2D SPACE',''
  ) );
#9748 = ORIENTED_EDGE('',*,*,#6422,.T.);
#9749 = ORIENTED_EDGE('',*,*,#9701,.F.);
#9750 = ADVANCED_FACE('',(#9751),#3001,.F.);
#9751 = FACE_BOUND('',#9752,.F.);
#9752 = EDGE_LOOP('',(#9753,#9754,#9775,#9776));
#9753 = ORIENTED_EDGE('',*,*,#2986,.T.);
#9754 = ORIENTED_EDGE('',*,*,#9755,.T.);
#9755 = EDGE_CURVE('',#2961,#6377,#9756,.T.);
#9756 = SURFACE_CURVE('',#9757,(#9761,#9768),.PCURVE_S1.);
#9757 = LINE('',#9758,#9759);
#9758 = CARTESIAN_POINT('',(89.952103602274,-5.,544.41264005673));
#9759 = VECTOR('',#9760,1.);
#9760 = DIRECTION('',(0.,1.,0.));
#9761 = PCURVE('',#3001,#9762);
#9762 = DEFINITIONAL_REPRESENTATION('',(#9763),#9767);
#9763 = LINE('',#9764,#9765);
#9764 = CARTESIAN_POINT('',(0.,0.));
#9765 = VECTOR('',#9766,1.);
#9766 = DIRECTION('',(0.,-1.));
#9767 = ( GEOMETRIC_REPRESENTATION_CONTEXT(2) 
PARAMETRIC_REPRESENTATION_CONTEXT() REPRESENTATION_CONTEXT('2D SPACE',''
  ) );
#9768 = PCURVE('',#2975,#9769);
#9769 = DEFINITIONAL_REPRESENTATION('',(#9770),#9774);
#9770 = LINE('',#9771,#9772);
#9771 = CARTESIAN_POINT('',(1.120093354471,0.));
#9772 = VECTOR('',#9773,1.);
#9773 = DIRECTION('',(0.,-1.));
#9774 = ( GEOMETRIC_REPRESENTATION_CONTEXT(2) 
PARAMETRIC_REPRESENTATION_CONTEXT() REPRESENTATION_CONTEXT('2D SPACE',''
  ) );
#9775 = ORIENTED_EDGE('',*,*,#6399,.T.);
#9776 = ORIENTED_EDGE('',*,*,#9728,.F.);
#9777 = ADVANCED_FACE('',(#9778),#2975,.F.);
#9778 = FACE_BOUND('',#9779,.F.);
#9779 = EDGE_LOOP('',(#9780,#9781,#9802,#9803));
#9780 = ORIENTED_EDGE('',*,*,#2960,.T.);
#9781 = ORIENTED_EDGE('',*,*,#9782,.T.);
#9782 = EDGE_CURVE('',#2935,#6354,#9783,.T.);
#9783 = SURFACE_CURVE('',#9784,(#9788,#9795),.PCURVE_S1.);
#9784 = LINE('',#9785,#9786);
#9785 = CARTESIAN_POINT('',(90.98294812728,-5.,544.8507823715));
#9786 = VECTOR('',#9787,1.);
#9787 = DIRECTION('',(0.,1.,0.));
#9788 = PCURVE('',#2975,#9789);
#9789 = DEFINITIONAL_REPRESENTATION('',(#9790),#9794);
#9790 = LINE('',#9791,#9792);
#9791 = CARTESIAN_POINT('',(0.,0.));
#9792 = VECTOR('',#9793,1.);
#9793 = DIRECTION('',(0.,-1.));
#9794 = ( GEOMETRIC_REPRESENTATION_CONTEXT(2) 
PARAMETRIC_REPRESENTATION_CONTEXT() REPRESENTATION_CONTEXT('2D SPACE',''
  ) );
#9795 = PCURVE('',#2949,#9796);
#9796 = DEFINITIONAL_REPRESENTATION('',(#9797),#9801);
#9797 = LINE('',#9798,#9799);
#9798 = CARTESIAN_POINT('',(1.111576526557,0.));
#9799 = VECTOR('',#9800,1.);
#9800 = DIRECTION('',(0.,-1.));
#9801 = ( GEOMETRIC_REPRESENTATION_CONTEXT(2) 
PARAMETRIC_REPRESENTATION_CONTEXT() REPRESENTATION_CONTEXT('2D SPACE',''
  ) );
#9802 = ORIENTED_EDGE('',*,*,#6376,.T.);
#9803 = ORIENTED_EDGE('',*,*,#9755,.F.);
#9804 = ADVANCED_FACE('',(#9805),#2949,.F.);
#9805 = FACE_BOUND('',#9806,.F.);
#9806 = EDGE_LOOP('',(#9807,#9808,#9829,#9830));
#9807 = ORIENTED_EDGE('',*,*,#2934,.T.);
#9808 = ORIENTED_EDGE('',*,*,#9809,.T.);
#9809 = EDGE_CURVE('',#2909,#6331,#9810,.T.);
#9810 = SURFACE_CURVE('',#9811,(#9815,#9822),.PCURVE_S1.);
#9811 = LINE('',#9812,#9813);
#9812 = CARTESIAN_POINT('',(92.012931483132,-5.,545.26879751604));
#9813 = VECTOR('',#9814,1.);
#9814 = DIRECTION('',(0.,1.,0.));
#9815 = PCURVE('',#2949,#9816);
#9816 = DEFINITIONAL_REPRESENTATION('',(#9817),#9821);
#9817 = LINE('',#9818,#9819);
#9818 = CARTESIAN_POINT('',(0.,0.));
#9819 = VECTOR('',#9820,1.);
#9820 = DIRECTION('',(0.,-1.));
#9821 = ( GEOMETRIC_REPRESENTATION_CONTEXT(2) 
PARAMETRIC_REPRESENTATION_CONTEXT() REPRESENTATION_CONTEXT('2D SPACE',''
  ) );
#9822 = PCURVE('',#2923,#9823);
#9823 = DEFINITIONAL_REPRESENTATION('',(#9824),#9828);
#9824 = LINE('',#9825,#9826);
#9825 = CARTESIAN_POINT('',(1.104345614683,0.));
#9826 = VECTOR('',#9827,1.);
#9827 = DIRECTION('',(0.,-1.));
#9828 = ( GEOMETRIC_REPRESENTATION_CONTEXT(2) 
PARAMETRIC_REPRESENTATION_CONTEXT() REPRESENTATION_CONTEXT('2D SPACE',''
  ) );
#9829 = ORIENTED_EDGE('',*,*,#6353,.T.);
#9830 = ORIENTED_EDGE('',*,*,#9782,.F.);
#9831 = ADVANCED_FACE('',(#9832),#2923,.F.);
#9832 = FACE_BOUND('',#9833,.F.);
#9833 = EDGE_LOOP('',(#9834,#9835,#9856,#9857));
#9834 = ORIENTED_EDGE('',*,*,#2908,.T.);
#9835 = ORIENTED_EDGE('',*,*,#9836,.T.);
#9836 = EDGE_CURVE('',#2883,#6308,#9837,.T.);
#9837 = SURFACE_CURVE('',#9838,(#9842,#9849),.PCURVE_S1.);
#9838 = LINE('',#9839,#9840);
#9839 = CARTESIAN_POINT('',(93.043103299861,-5.,545.66669859003));
#9840 = VECTOR('',#9841,1.);
#9841 = DIRECTION('',(0.,1.,0.));
#9842 = PCURVE('',#2923,#9843);
#9843 = DEFINITIONAL_REPRESENTATION('',(#9844),#9848);
#9844 = LINE('',#9845,#9846);
#9845 = CARTESIAN_POINT('',(0.,0.));
#9846 = VECTOR('',#9847,1.);
#9847 = DIRECTION('',(0.,-1.));
#9848 = ( GEOMETRIC_REPRESENTATION_CONTEXT(2) 
PARAMETRIC_REPRESENTATION_CONTEXT() REPRESENTATION_CONTEXT('2D SPACE',''
  ) );
#9849 = PCURVE('',#2897,#9850);
#9850 = DEFINITIONAL_REPRESENTATION('',(#9851),#9855);
#9851 = LINE('',#9852,#9853);
#9852 = CARTESIAN_POINT('',(1.098318795284,0.));
#9853 = VECTOR('',#9854,1.);
#9854 = DIRECTION('',(0.,-1.));
#9855 = ( GEOMETRIC_REPRESENTATION_CONTEXT(2) 
PARAMETRIC_REPRESENTATION_CONTEXT() REPRESENTATION_CONTEXT('2D SPACE',''
  ) );
#9856 = ORIENTED_EDGE('',*,*,#6330,.T.);
#9857 = ORIENTED_EDGE('',*,*,#9809,.F.);
#9858 = ADVANCED_FACE('',(#9859),#2897,.F.);
#9859 = FACE_BOUND('',#9860,.F.);
#9860 = EDGE_LOOP('',(#9861,#9862,#9883,#9884));
#9861 = ORIENTED_EDGE('',*,*,#2882,.T.);
#9862 = ORIENTED_EDGE('',*,*,#9863,.T.);
#9863 = EDGE_CURVE('',#2857,#6285,#9864,.T.);
#9864 = SURFACE_CURVE('',#9865,(#9869,#9876),.PCURVE_S1.);
#9865 = LINE('',#9866,#9867);
#9866 = CARTESIAN_POINT('',(94.074446956396,-5.,546.04436833756));
#9867 = VECTOR('',#9868,1.);
#9868 = DIRECTION('',(0.,1.,0.));
#9869 = PCURVE('',#2897,#9870);
#9870 = DEFINITIONAL_REPRESENTATION('',(#9871),#9875);
#9871 = LINE('',#9872,#9873);
#9872 = CARTESIAN_POINT('',(0.,0.));
#9873 = VECTOR('',#9874,1.);
#9874 = DIRECTION('',(0.,-1.));
#9875 = ( GEOMETRIC_REPRESENTATION_CONTEXT(2) 
PARAMETRIC_REPRESENTATION_CONTEXT() REPRESENTATION_CONTEXT('2D SPACE',''
  ) );
#9876 = PCURVE('',#2871,#9877);
#9877 = DEFINITIONAL_REPRESENTATION('',(#9878),#9882);
#9878 = LINE('',#9879,#9880);
#9879 = CARTESIAN_POINT('',(1.093408614234,0.));
#9880 = VECTOR('',#9881,1.);
#9881 = DIRECTION('',(0.,-1.));
#9882 = ( GEOMETRIC_REPRESENTATION_CONTEXT(2) 
PARAMETRIC_REPRESENTATION_CONTEXT() REPRESENTATION_CONTEXT('2D SPACE',''
  ) );
#9883 = ORIENTED_EDGE('',*,*,#6307,.T.);
#9884 = ORIENTED_EDGE('',*,*,#9836,.F.);
#9885 = ADVANCED_FACE('',(#9886),#2871,.F.);
#9886 = FACE_BOUND('',#9887,.F.);
#9887 = EDGE_LOOP('',(#9888,#9889,#9910,#9911));
#9888 = ORIENTED_EDGE('',*,*,#2856,.T.);
#9889 = ORIENTED_EDGE('',*,*,#9890,.T.);
#9890 = EDGE_CURVE('',#2831,#6262,#9891,.T.);
#9891 = SURFACE_CURVE('',#9892,(#9896,#9903),.PCURVE_S1.);
#9892 = LINE('',#9893,#9894);
#9893 = CARTESIAN_POINT('',(95.107864173994,-5.,546.40156751457));
#9894 = VECTOR('',#9895,1.);
#9895 = DIRECTION('',(0.,1.,0.));
#9896 = PCURVE('',#2871,#9897);
#9897 = DEFINITIONAL_REPRESENTATION('',(#9898),#9902);
#9898 = LINE('',#9899,#9900);
#9899 = CARTESIAN_POINT('',(0.,0.));
#9900 = VECTOR('',#9901,1.);
#9901 = DIRECTION('',(0.,-1.));
#9902 = ( GEOMETRIC_REPRESENTATION_CONTEXT(2) 
PARAMETRIC_REPRESENTATION_CONTEXT() REPRESENTATION_CONTEXT('2D SPACE',''
  ) );
#9903 = PCURVE('',#2845,#9904);
#9904 = DEFINITIONAL_REPRESENTATION('',(#9905),#9909);
#9905 = LINE('',#9906,#9907);
#9906 = CARTESIAN_POINT('',(1.089522105376,0.));
#9907 = VECTOR('',#9908,1.);
#9908 = DIRECTION('',(0.,-1.));
#9909 = ( GEOMETRIC_REPRESENTATION_CONTEXT(2) 
PARAMETRIC_REPRESENTATION_CONTEXT() REPRESENTATION_CONTEXT('2D SPACE',''
  ) );
#9910 = ORIENTED_EDGE('',*,*,#6284,.T.);
#9911 = ORIENTED_EDGE('',*,*,#9863,.F.);
#9912 = ADVANCED_FACE('',(#9913),#2845,.F.);
#9913 = FACE_BOUND('',#9914,.F.);
#9914 = EDGE_LOOP('',(#9915,#9916,#9937,#9938));
#9915 = ORIENTED_EDGE('',*,*,#2830,.T.);
#9916 = ORIENTED_EDGE('',*,*,#9917,.T.);
#9917 = EDGE_CURVE('',#2805,#6239,#9918,.T.);
#9918 = SURFACE_CURVE('',#9919,(#9923,#9930),.PCURVE_S1.);
#9919 = LINE('',#9920,#9921);
#9920 = CARTESIAN_POINT('',(96.144159582435,-5.,546.7379456419));
#9921 = VECTOR('',#9922,1.);
#9922 = DIRECTION('',(0.,1.,0.));
#9923 = PCURVE('',#2845,#9924);
#9924 = DEFINITIONAL_REPRESENTATION('',(#9925),#9929);
#9925 = LINE('',#9926,#9927);
#9926 = CARTESIAN_POINT('',(0.,0.));
#9927 = VECTOR('',#9928,1.);
#9928 = DIRECTION('',(0.,-1.));
#9929 = ( GEOMETRIC_REPRESENTATION_CONTEXT(2) 
PARAMETRIC_REPRESENTATION_CONTEXT() REPRESENTATION_CONTEXT('2D SPACE',''
  ) );
#9930 = PCURVE('',#2819,#9931);
#9931 = DEFINITIONAL_REPRESENTATION('',(#9932),#9936);
#9932 = LINE('',#9933,#9934);
#9933 = CARTESIAN_POINT('',(1.086561156531,0.));
#9934 = VECTOR('',#9935,1.);
#9935 = DIRECTION('',(0.,-1.));
#9936 = ( GEOMETRIC_REPRESENTATION_CONTEXT(2) 
PARAMETRIC_REPRESENTATION_CONTEXT() REPRESENTATION_CONTEXT('2D SPACE',''
  ) );
#9937 = ORIENTED_EDGE('',*,*,#6261,.T.);
#9938 = ORIENTED_EDGE('',*,*,#9890,.F.);
#9939 = ADVANCED_FACE('',(#9940),#2819,.F.);
#9940 = FACE_BOUND('',#9941,.F.);
#9941 = EDGE_LOOP('',(#9942,#9943,#9964,#9965));
#9942 = ORIENTED_EDGE('',*,*,#2804,.T.);
#9943 = ORIENTED_EDGE('',*,*,#9944,.T.);
#9944 = EDGE_CURVE('',#2779,#6216,#9945,.T.);
#9945 = SURFACE_CURVE('',#9946,(#9950,#9957),.PCURVE_S1.);
#9946 = LINE('',#9947,#9948);
#9947 = CARTESIAN_POINT('',(97.18402582944,-5.,547.05305409184));
#9948 = VECTOR('',#9949,1.);
#9949 = DIRECTION('',(0.,1.,0.));
#9950 = PCURVE('',#2819,#9951);
#9951 = DEFINITIONAL_REPRESENTATION('',(#9952),#9956);
#9952 = LINE('',#9953,#9954);
#9953 = CARTESIAN_POINT('',(0.,0.));
#9954 = VECTOR('',#9955,1.);
#9955 = DIRECTION('',(0.,-1.));
#9956 = ( GEOMETRIC_REPRESENTATION_CONTEXT(2) 
PARAMETRIC_REPRESENTATION_CONTEXT() REPRESENTATION_CONTEXT('2D SPACE',''
  ) );
#9957 = PCURVE('',#2793,#9958);
#9958 = DEFINITIONAL_REPRESENTATION('',(#9959),#9963);
#9959 = LINE('',#9960,#9961);
#9960 = CARTESIAN_POINT('',(1.084423103578,0.));
#9961 = VECTOR('',#9962,1.);
#9962 = DIRECTION('',(0.,-1.));
#9963 = ( GEOMETRIC_REPRESENTATION_CONTEXT(2) 
PARAMETRIC_REPRESENTATION_CONTEXT() REPRESENTATION_CONTEXT('2D SPACE',''
  ) );
#9964 = ORIENTED_EDGE('',*,*,#6238,.T.);
#9965 = ORIENTED_EDGE('',*,*,#9917,.F.);
#9966 = ADVANCED_FACE('',(#9967),#2793,.F.);
#9967 = FACE_BOUND('',#9968,.F.);
#9968 = EDGE_LOOP('',(#9969,#9970,#9991,#9992));
#9969 = ORIENTED_EDGE('',*,*,#2778,.T.);
#9970 = ORIENTED_EDGE('',*,*,#9971,.T.);
#9971 = EDGE_CURVE('',#2753,#6193,#9972,.T.);
#9972 = SURFACE_CURVE('',#9973,(#9977,#9984),.PCURVE_S1.);
#9973 = LINE('',#9974,#9975);
#9974 = CARTESIAN_POINT('',(98.228029812169,-5.,547.3463613567));
#9975 = VECTOR('',#9976,1.);
#9976 = DIRECTION('',(0.,1.,0.));
#9977 = PCURVE('',#2793,#9978);
#9978 = DEFINITIONAL_REPRESENTATION('',(#9979),#9983);
#9979 = LINE('',#9980,#9981);
#9980 = CARTESIAN_POINT('',(0.,0.));
#9981 = VECTOR('',#9982,1.);
#9982 = DIRECTION('',(0.,-1.));
#9983 = ( GEOMETRIC_REPRESENTATION_CONTEXT(2) 
PARAMETRIC_REPRESENTATION_CONTEXT() REPRESENTATION_CONTEXT('2D SPACE',''
  ) );
#9984 = PCURVE('',#2767,#9985);
#9985 = DEFINITIONAL_REPRESENTATION('',(#9986),#9990);
#9986 = LINE('',#9987,#9988);
#9987 = CARTESIAN_POINT('',(1.08300154789,0.));
#9988 = VECTOR('',#9989,1.);
#9989 = DIRECTION('',(0.,-1.));
#9990 = ( GEOMETRIC_REPRESENTATION_CONTEXT(2) 
PARAMETRIC_REPRESENTATION_CONTEXT() REPRESENTATION_CONTEXT('2D SPACE',''
  ) );
#9991 = ORIENTED_EDGE('',*,*,#6215,.T.);
#9992 = ORIENTED_EDGE('',*,*,#9944,.F.);
#9993 = ADVANCED_FACE('',(#9994),#2767,.F.);
#9994 = FACE_BOUND('',#9995,.F.);
#9995 = EDGE_LOOP('',(#9996,#9997,#10018,#10019));
#9996 = ORIENTED_EDGE('',*,*,#2752,.T.);
#9997 = ORIENTED_EDGE('',*,*,#9998,.T.);
#9998 = EDGE_CURVE('',#2727,#6170,#9999,.T.);
#9999 = SURFACE_CURVE('',#10000,(#10004,#10011),.PCURVE_S1.);
#10000 = LINE('',#10001,#10002);
#10001 = CARTESIAN_POINT('',(99.276600610795,-5.,547.61727025836));
#10002 = VECTOR('',#10003,1.);
#10003 = DIRECTION('',(0.,1.,0.));
#10004 = PCURVE('',#2767,#10005);
#10005 = DEFINITIONAL_REPRESENTATION('',(#10006),#10010);
#10006 = LINE('',#10007,#10008);
#10007 = CARTESIAN_POINT('',(0.,0.));
#10008 = VECTOR('',#10009,1.);
#10009 = DIRECTION('',(0.,-1.));
#10010 = ( GEOMETRIC_REPRESENTATION_CONTEXT(2) 
PARAMETRIC_REPRESENTATION_CONTEXT() REPRESENTATION_CONTEXT('2D SPACE',''
  ) );
#10011 = PCURVE('',#2741,#10012);
#10012 = DEFINITIONAL_REPRESENTATION('',(#10013),#10017);
#10013 = LINE('',#10014,#10015);
#10014 = CARTESIAN_POINT('',(1.082187410797,0.));
#10015 = VECTOR('',#10016,1.);
#10016 = DIRECTION('',(0.,-1.));
#10017 = ( GEOMETRIC_REPRESENTATION_CONTEXT(2) 
PARAMETRIC_REPRESENTATION_CONTEXT() REPRESENTATION_CONTEXT('2D SPACE',''
  ) );
#10018 = ORIENTED_EDGE('',*,*,#6192,.T.);
#10019 = ORIENTED_EDGE('',*,*,#9971,.F.);
#10020 = ADVANCED_FACE('',(#10021),#2741,.F.);
#10021 = FACE_BOUND('',#10022,.F.);
#10022 = EDGE_LOOP('',(#10023,#10024,#10045,#10046));
#10023 = ORIENTED_EDGE('',*,*,#2726,.T.);
#10024 = ORIENTED_EDGE('',*,*,#10025,.T.);
#10025 = EDGE_CURVE('',#2701,#6147,#10026,.T.);
#10026 = SURFACE_CURVE('',#10027,(#10031,#10038),.PCURVE_S1.);
#10027 = LINE('',#10028,#10029);
#10028 = CARTESIAN_POINT('',(100.33001970094,-5.,547.86513678008));
#10029 = VECTOR('',#10030,1.);
#10030 = DIRECTION('',(0.,1.,0.));
#10031 = PCURVE('',#2741,#10032);
#10032 = DEFINITIONAL_REPRESENTATION('',(#10033),#10037);
#10033 = LINE('',#10034,#10035);
#10034 = CARTESIAN_POINT('',(0.,0.));
#10035 = VECTOR('',#10036,1.);
#10036 = DIRECTION('',(0.,-1.));
#10037 = ( GEOMETRIC_REPRESENTATION_CONTEXT(2) 
PARAMETRIC_REPRESENTATION_CONTEXT() REPRESENTATION_CONTEXT('2D SPACE',''
  ) );
#10038 = PCURVE('',#2715,#10039);
#10039 = DEFINITIONAL_REPRESENTATION('',(#10040),#10044);
#10040 = LINE('',#10041,#10042);
#10041 = CARTESIAN_POINT('',(1.081870255252,0.));
#10042 = VECTOR('',#10043,1.);
#10043 = DIRECTION('',(0.,-1.));
#10044 = ( GEOMETRIC_REPRESENTATION_CONTEXT(2) 
PARAMETRIC_REPRESENTATION_CONTEXT() REPRESENTATION_CONTEXT('2D SPACE',''
  ) );
#10045 = ORIENTED_EDGE('',*,*,#6169,.T.);
#10046 = ORIENTED_EDGE('',*,*,#9998,.F.);
#10047 = ADVANCED_FACE('',(#10048),#2715,.F.);
#10048 = FACE_BOUND('',#10049,.F.);
#10049 = EDGE_LOOP('',(#10050,#10051,#10072,#10073));
#10050 = ORIENTED_EDGE('',*,*,#2700,.T.);
#10051 = ORIENTED_EDGE('',*,*,#10052,.T.);
#10052 = EDGE_CURVE('',#2675,#6124,#10053,.T.);
#10053 = SURFACE_CURVE('',#10054,(#10058,#10065),.PCURVE_S1.);
#10054 = LINE('',#10055,#10056);
#10055 = CARTESIAN_POINT('',(101.3884140141,-5.,548.08929013623));
#10056 = VECTOR('',#10057,1.);
#10057 = DIRECTION('',(0.,1.,0.));
#10058 = PCURVE('',#2715,#10059);
#10059 = DEFINITIONAL_REPRESENTATION('',(#10060),#10064);
#10060 = LINE('',#10061,#10062);
#10061 = CARTESIAN_POINT('',(0.,0.));
#10062 = VECTOR('',#10063,1.);
#10063 = DIRECTION('',(0.,-1.));
#10064 = ( GEOMETRIC_REPRESENTATION_CONTEXT(2) 
PARAMETRIC_REPRESENTATION_CONTEXT() REPRESENTATION_CONTEXT('2D SPACE',''
  ) );
#10065 = PCURVE('',#2689,#10066);
#10066 = DEFINITIONAL_REPRESENTATION('',(#10067),#10071);
#10067 = LINE('',#10068,#10069);
#10068 = CARTESIAN_POINT('',(1.081939912829,0.));
#10069 = VECTOR('',#10070,1.);
#10070 = DIRECTION('',(0.,-1.));
#10071 = ( GEOMETRIC_REPRESENTATION_CONTEXT(2) 
PARAMETRIC_REPRESENTATION_CONTEXT() REPRESENTATION_CONTEXT('2D SPACE',''
  ) );
#10072 = ORIENTED_EDGE('',*,*,#6146,.T.);
#10073 = ORIENTED_EDGE('',*,*,#10025,.F.);
#10074 = ADVANCED_FACE('',(#10075),#2689,.F.);
#10075 = FACE_BOUND('',#10076,.F.);
#10076 = EDGE_LOOP('',(#10077,#10078,#10099,#10100));
#10077 = ORIENTED_EDGE('',*,*,#2674,.T.);
#10078 = ORIENTED_EDGE('',*,*,#10079,.T.);
#10079 = EDGE_CURVE('',#2649,#6101,#10080,.T.);
#10080 = SURFACE_CURVE('',#10081,(#10085,#10092),.PCURVE_S1.);
#10081 = LINE('',#10082,#10083);
#10082 = CARTESIAN_POINT('',(102.45175239789,-5.,548.28905363772));
#10083 = VECTOR('',#10084,1.);
#10084 = DIRECTION('',(0.,1.,0.));
#10085 = PCURVE('',#2689,#10086);
#10086 = DEFINITIONAL_REPRESENTATION('',(#10087),#10091);
#10087 = LINE('',#10088,#10089);
#10088 = CARTESIAN_POINT('',(0.,0.));
#10089 = VECTOR('',#10090,1.);
#10090 = DIRECTION('',(0.,-1.));
#10091 = ( GEOMETRIC_REPRESENTATION_CONTEXT(2) 
PARAMETRIC_REPRESENTATION_CONTEXT() REPRESENTATION_CONTEXT('2D SPACE',''
  ) );
#10092 = PCURVE('',#2663,#10093);
#10093 = DEFINITIONAL_REPRESENTATION('',(#10094),#10098);
#10094 = LINE('',#10095,#10096);
#10095 = CARTESIAN_POINT('',(1.082288447409,0.));
#10096 = VECTOR('',#10097,1.);
#10097 = DIRECTION('',(0.,-1.));
#10098 = ( GEOMETRIC_REPRESENTATION_CONTEXT(2) 
PARAMETRIC_REPRESENTATION_CONTEXT() REPRESENTATION_CONTEXT('2D SPACE',''
  ) );
#10099 = ORIENTED_EDGE('',*,*,#6123,.T.);
#10100 = ORIENTED_EDGE('',*,*,#10052,.F.);
#10101 = ADVANCED_FACE('',(#10102),#2663,.F.);
#10102 = FACE_BOUND('',#10103,.F.);
#10103 = EDGE_LOOP('',(#10104,#10105,#10126,#10127));
#10104 = ORIENTED_EDGE('',*,*,#2648,.T.);
#10105 = ORIENTED_EDGE('',*,*,#10106,.T.);
#10106 = EDGE_CURVE('',#2623,#6078,#10107,.T.);
#10107 = SURFACE_CURVE('',#10108,(#10112,#10119),.PCURVE_S1.);
#10108 = LINE('',#10109,#10110);
#10109 = CARTESIAN_POINT('',(103.51984599108,-5.,548.46376585705));
#10110 = VECTOR('',#10111,1.);
#10111 = DIRECTION('',(0.,1.,0.));
#10112 = PCURVE('',#2663,#10113);
#10113 = DEFINITIONAL_REPRESENTATION('',(#10114),#10118);
#10114 = LINE('',#10115,#10116);
#10115 = CARTESIAN_POINT('',(0.,0.));
#10116 = VECTOR('',#10117,1.);
#10117 = DIRECTION('',(0.,-1.));
#10118 = ( GEOMETRIC_REPRESENTATION_CONTEXT(2) 
PARAMETRIC_REPRESENTATION_CONTEXT() REPRESENTATION_CONTEXT('2D SPACE',''
  ) );
#10119 = PCURVE('',#2637,#10120);
#10120 = DEFINITIONAL_REPRESENTATION('',(#10121),#10125);
#10121 = LINE('',#10122,#10123);
#10122 = CARTESIAN_POINT('',(1.082812461387,0.));
#10123 = VECTOR('',#10124,1.);
#10124 = DIRECTION('',(0.,-1.));
#10125 = ( GEOMETRIC_REPRESENTATION_CONTEXT(2) 
PARAMETRIC_REPRESENTATION_CONTEXT() REPRESENTATION_CONTEXT('2D SPACE',''
  ) );
#10126 = ORIENTED_EDGE('',*,*,#6100,.T.);
#10127 = ORIENTED_EDGE('',*,*,#10079,.F.);
#10128 = ADVANCED_FACE('',(#10129),#2637,.F.);
#10129 = FACE_BOUND('',#10130,.F.);
#10130 = EDGE_LOOP('',(#10131,#10132,#10153,#10154));
#10131 = ORIENTED_EDGE('',*,*,#2622,.T.);
#10132 = ORIENTED_EDGE('',*,*,#10133,.T.);
#10133 = EDGE_CURVE('',#2597,#6055,#10134,.T.);
#10134 = SURFACE_CURVE('',#10135,(#10139,#10146),.PCURVE_S1.);
#10135 = LINE('',#10136,#10137);
#10136 = CARTESIAN_POINT('',(104.59235295644,-5.,548.61280154338));
#10137 = VECTOR('',#10138,1.);
#10138 = DIRECTION('',(0.,1.,0.));
#10139 = PCURVE('',#2637,#10140);
#10140 = DEFINITIONAL_REPRESENTATION('',(#10141),#10145);
#10141 = LINE('',#10142,#10143);
#10142 = CARTESIAN_POINT('',(0.,0.));
#10143 = VECTOR('',#10144,1.);
#10144 = DIRECTION('',(0.,-1.));
#10145 = ( GEOMETRIC_REPRESENTATION_CONTEXT(2) 
PARAMETRIC_REPRESENTATION_CONTEXT() REPRESENTATION_CONTEXT('2D SPACE',''
  ) );
#10146 = PCURVE('',#2611,#10147);
#10147 = DEFINITIONAL_REPRESENTATION('',(#10148),#10152);
#10148 = LINE('',#10149,#10150);
#10149 = CARTESIAN_POINT('',(1.083415706082,0.));
#10150 = VECTOR('',#10151,1.);
#10151 = DIRECTION('',(0.,-1.));
#10152 = ( GEOMETRIC_REPRESENTATION_CONTEXT(2) 
PARAMETRIC_REPRESENTATION_CONTEXT() REPRESENTATION_CONTEXT('2D SPACE',''
  ) );
#10153 = ORIENTED_EDGE('',*,*,#6077,.T.);
#10154 = ORIENTED_EDGE('',*,*,#10106,.F.);
#10155 = ADVANCED_FACE('',(#10156),#2611,.F.);
#10156 = FACE_BOUND('',#10157,.F.);
#10157 = EDGE_LOOP('',(#10158,#10159,#10180,#10181));
#10158 = ORIENTED_EDGE('',*,*,#2596,.T.);
#10159 = ORIENTED_EDGE('',*,*,#10160,.T.);
#10160 = EDGE_CURVE('',#2571,#6032,#10161,.T.);
#10161 = SURFACE_CURVE('',#10162,(#10166,#10173),.PCURVE_S1.);
#10162 = LINE('',#10163,#10164);
#10163 = CARTESIAN_POINT('',(105.66878789307,-5.,548.73559168704));
#10164 = VECTOR('',#10165,1.);
#10165 = DIRECTION('',(0.,1.,0.));
#10166 = PCURVE('',#2611,#10167);
#10167 = DEFINITIONAL_REPRESENTATION('',(#10168),#10172);
#10168 = LINE('',#10169,#10170);
#10169 = CARTESIAN_POINT('',(0.,0.));
#10170 = VECTOR('',#10171,1.);
#10171 = DIRECTION('',(0.,-1.));
#10172 = ( GEOMETRIC_REPRESENTATION_CONTEXT(2) 
PARAMETRIC_REPRESENTATION_CONTEXT() REPRESENTATION_CONTEXT('2D SPACE',''
  ) );
#10173 = PCURVE('',#2585,#10174);
#10174 = DEFINITIONAL_REPRESENTATION('',(#10175),#10179);
#10175 = LINE('',#10176,#10177);
#10176 = CARTESIAN_POINT('',(1.084011900239,0.));
#10177 = VECTOR('',#10178,1.);
#10178 = DIRECTION('',(0.,-1.));
#10179 = ( GEOMETRIC_REPRESENTATION_CONTEXT(2) 
PARAMETRIC_REPRESENTATION_CONTEXT() REPRESENTATION_CONTEXT('2D SPACE',''
  ) );
#10180 = ORIENTED_EDGE('',*,*,#6054,.T.);
#10181 = ORIENTED_EDGE('',*,*,#10133,.F.);
#10182 = ADVANCED_FACE('',(#10183),#2585,.F.);
#10183 = FACE_BOUND('',#10184,.F.);
#10184 = EDGE_LOOP('',(#10185,#10186,#10207,#10208));
#10185 = ORIENTED_EDGE('',*,*,#2570,.T.);
#10186 = ORIENTED_EDGE('',*,*,#10187,.T.);
#10187 = EDGE_CURVE('',#2545,#6009,#10188,.T.);
#10188 = SURFACE_CURVE('',#10189,(#10193,#10200),.PCURVE_S1.);
#10189 = LINE('',#10190,#10191);
#10190 = CARTESIAN_POINT('',(106.74853606735,-5.,548.83164209048));
#10191 = VECTOR('',#10192,1.);
#10192 = DIRECTION('',(0.,1.,0.));
#10193 = PCURVE('',#2585,#10194);
#10194 = DEFINITIONAL_REPRESENTATION('',(#10195),#10199);
#10195 = LINE('',#10196,#10197);
#10196 = CARTESIAN_POINT('',(0.,0.));
#10197 = VECTOR('',#10198,1.);
#10198 = DIRECTION('',(0.,-1.));
#10199 = ( GEOMETRIC_REPRESENTATION_CONTEXT(2) 
PARAMETRIC_REPRESENTATION_CONTEXT() REPRESENTATION_CONTEXT('2D SPACE',''
  ) );
#10200 = PCURVE('',#2559,#10201);
#10201 = DEFINITIONAL_REPRESENTATION('',(#10202),#10206);
#10202 = LINE('',#10203,#10204);
#10203 = CARTESIAN_POINT('',(1.08452759925,0.));
#10204 = VECTOR('',#10205,1.);
#10205 = DIRECTION('',(0.,-1.));
#10206 = ( GEOMETRIC_REPRESENTATION_CONTEXT(2) 
PARAMETRIC_REPRESENTATION_CONTEXT() REPRESENTATION_CONTEXT('2D SPACE',''
  ) );
#10207 = ORIENTED_EDGE('',*,*,#6031,.T.);
#10208 = ORIENTED_EDGE('',*,*,#10160,.F.);
#10209 = ADVANCED_FACE('',(#10210),#2559,.F.);
#10210 = FACE_BOUND('',#10211,.F.);
#10211 = EDGE_LOOP('',(#10212,#10213,#10234,#10235));
#10212 = ORIENTED_EDGE('',*,*,#2544,.T.);
#10213 = ORIENTED_EDGE('',*,*,#10214,.T.);
#10214 = EDGE_CURVE('',#2519,#5986,#10215,.T.);
#10215 = SURFACE_CURVE('',#10216,(#10220,#10227),.PCURVE_S1.);
#10216 = LINE('',#10217,#10218);
#10217 = CARTESIAN_POINT('',(107.83087235692,-5.,548.90054978102));
#10218 = VECTOR('',#10219,1.);
#10219 = DIRECTION('',(0.,1.,0.));
#10220 = PCURVE('',#2559,#10221);
#10221 = DEFINITIONAL_REPRESENTATION('',(#10222),#10226);
#10222 = LINE('',#10223,#10224);
#10223 = CARTESIAN_POINT('',(0.,0.));
#10224 = VECTOR('',#10225,1.);
#10225 = DIRECTION('',(0.,-1.));
#10226 = ( GEOMETRIC_REPRESENTATION_CONTEXT(2) 
PARAMETRIC_REPRESENTATION_CONTEXT() REPRESENTATION_CONTEXT('2D SPACE',''
  ) );
#10227 = PCURVE('',#2533,#10228);
#10228 = DEFINITIONAL_REPRESENTATION('',(#10229),#10233);
#10229 = LINE('',#10230,#10231);
#10230 = CARTESIAN_POINT('',(1.084904906631,0.));
#10231 = VECTOR('',#10232,1.);
#10232 = DIRECTION('',(0.,-1.));
#10233 = ( GEOMETRIC_REPRESENTATION_CONTEXT(2) 
PARAMETRIC_REPRESENTATION_CONTEXT() REPRESENTATION_CONTEXT('2D SPACE',''
  ) );
#10234 = ORIENTED_EDGE('',*,*,#6008,.T.);
#10235 = ORIENTED_EDGE('',*,*,#10187,.F.);
#10236 = ADVANCED_FACE('',(#10237),#2533,.F.);
#10237 = FACE_BOUND('',#10238,.F.);
#10238 = EDGE_LOOP('',(#10239,#10240,#10261,#10262));
#10239 = ORIENTED_EDGE('',*,*,#2518,.T.);
#10240 = ORIENTED_EDGE('',*,*,#10241,.T.);
#10241 = EDGE_CURVE('',#2493,#5963,#10242,.T.);
#10242 = SURFACE_CURVE('',#10243,(#10247,#10254),.PCURVE_S1.);
#10243 = LINE('',#10244,#10245);
#10244 = CARTESIAN_POINT('',(108.91498450896,-5.,548.94201661392));
#10245 = VECTOR('',#10246,1.);
#10246 = DIRECTION('',(0.,1.,0.));
#10247 = PCURVE('',#2533,#10248);
#10248 = DEFINITIONAL_REPRESENTATION('',(#10249),#10253);
#10249 = LINE('',#10250,#10251);
#10250 = CARTESIAN_POINT('',(0.,0.));
#10251 = VECTOR('',#10252,1.);
#10252 = DIRECTION('',(0.,-1.));
#10253 = ( GEOMETRIC_REPRESENTATION_CONTEXT(2) 
PARAMETRIC_REPRESENTATION_CONTEXT() REPRESENTATION_CONTEXT('2D SPACE',''
  ) );
#10254 = PCURVE('',#2507,#10255);
#10255 = DEFINITIONAL_REPRESENTATION('',(#10256),#10260);
#10256 = LINE('',#10257,#10258);
#10257 = CARTESIAN_POINT('',(1.085103792555,0.));
#10258 = VECTOR('',#10259,1.);
#10259 = DIRECTION('',(0.,-1.));
#10260 = ( GEOMETRIC_REPRESENTATION_CONTEXT(2) 
PARAMETRIC_REPRESENTATION_CONTEXT() REPRESENTATION_CONTEXT('2D SPACE',''
  ) );
#10261 = ORIENTED_EDGE('',*,*,#5985,.T.);
#10262 = ORIENTED_EDGE('',*,*,#10214,.F.);
#10263 = ADVANCED_FACE('',(#10264),#2507,.F.);
#10264 = FACE_BOUND('',#10265,.F.);
#10265 = EDGE_LOOP('',(#10266,#10267,#10288,#10289));
#10266 = ORIENTED_EDGE('',*,*,#2492,.T.);
#10267 = ORIENTED_EDGE('',*,*,#10268,.T.);
#10268 = EDGE_CURVE('',#2467,#5940,#10269,.T.);
#10269 = SURFACE_CURVE('',#10270,(#10274,#10281),.PCURVE_S1.);
#10270 = LINE('',#10271,#10272);
#10271 = CARTESIAN_POINT('',(110.,-5.,548.95585947586));
#10272 = VECTOR('',#10273,1.);
#10273 = DIRECTION('',(0.,1.,0.));
#10274 = PCURVE('',#2507,#10275);
#10275 = DEFINITIONAL_REPRESENTATION('',(#10276),#10280);
#10276 = LINE('',#10277,#10278);
#10277 = CARTESIAN_POINT('',(0.,0.));
#10278 = VECTOR('',#10279,1.);
#10279 = DIRECTION('',(0.,-1.));
#10280 = ( GEOMETRIC_REPRESENTATION_CONTEXT(2) 
PARAMETRIC_REPRESENTATION_CONTEXT() REPRESENTATION_CONTEXT('2D SPACE',''
  ) );
#10281 = PCURVE('',#2481,#10282);
#10282 = DEFINITIONAL_REPRESENTATION('',(#10283),#10287);
#10283 = LINE('',#10284,#10285);
#10284 = CARTESIAN_POINT('',(1.085103792555,0.));
#10285 = VECTOR('',#10286,1.);
#10286 = DIRECTION('',(0.,-1.));
#10287 = ( GEOMETRIC_REPRESENTATION_CONTEXT(2) 
PARAMETRIC_REPRESENTATION_CONTEXT() REPRESENTATION_CONTEXT('2D SPACE',''
  ) );
#10288 = ORIENTED_EDGE('',*,*,#5962,.T.);
#10289 = ORIENTED_EDGE('',*,*,#10241,.F.);
#10290 = ADVANCED_FACE('',(#10291),#2481,.F.);
#10291 = FACE_BOUND('',#10292,.F.);
#10292 = EDGE_LOOP('',(#10293,#10294,#10315,#10316));
#10293 = ORIENTED_EDGE('',*,*,#2466,.T.);
#10294 = ORIENTED_EDGE('',*,*,#10295,.T.);
#10295 = EDGE_CURVE('',#2441,#5917,#10296,.T.);
#10296 = SURFACE_CURVE('',#10297,(#10301,#10308),.PCURVE_S1.);
#10297 = LINE('',#10298,#10299);
#10298 = CARTESIAN_POINT('',(111.08501549103,-5.,548.94201661392));
#10299 = VECTOR('',#10300,1.);
#10300 = DIRECTION('',(0.,1.,0.));
#10301 = PCURVE('',#2481,#10302);
#10302 = DEFINITIONAL_REPRESENTATION('',(#10303),#10307);
#10303 = LINE('',#10304,#10305);
#10304 = CARTESIAN_POINT('',(0.,0.));
#10305 = VECTOR('',#10306,1.);
#10306 = DIRECTION('',(0.,-1.));
#10307 = ( GEOMETRIC_REPRESENTATION_CONTEXT(2) 
PARAMETRIC_REPRESENTATION_CONTEXT() REPRESENTATION_CONTEXT('2D SPACE',''
  ) );
#10308 = PCURVE('',#2455,#10309);
#10309 = DEFINITIONAL_REPRESENTATION('',(#10310),#10314);
#10310 = LINE('',#10311,#10312);
#10311 = CARTESIAN_POINT('',(1.084904906631,0.));
#10312 = VECTOR('',#10313,1.);
#10313 = DIRECTION('',(0.,-1.));
#10314 = ( GEOMETRIC_REPRESENTATION_CONTEXT(2) 
PARAMETRIC_REPRESENTATION_CONTEXT() REPRESENTATION_CONTEXT('2D SPACE',''
  ) );
#10315 = ORIENTED_EDGE('',*,*,#5939,.T.);
#10316 = ORIENTED_EDGE('',*,*,#10268,.F.);
#10317 = ADVANCED_FACE('',(#10318),#2455,.F.);
#10318 = FACE_BOUND('',#10319,.F.);
#10319 = EDGE_LOOP('',(#10320,#10321,#10342,#10343));
#10320 = ORIENTED_EDGE('',*,*,#2440,.T.);
#10321 = ORIENTED_EDGE('',*,*,#10322,.T.);
#10322 = EDGE_CURVE('',#2415,#5894,#10323,.T.);
#10323 = SURFACE_CURVE('',#10324,(#10328,#10335),.PCURVE_S1.);
#10324 = LINE('',#10325,#10326);
#10325 = CARTESIAN_POINT('',(112.16912764307,-5.,548.90054978102));
#10326 = VECTOR('',#10327,1.);
#10327 = DIRECTION('',(0.,1.,0.));
#10328 = PCURVE('',#2455,#10329);
#10329 = DEFINITIONAL_REPRESENTATION('',(#10330),#10334);
#10330 = LINE('',#10331,#10332);
#10331 = CARTESIAN_POINT('',(0.,0.));
#10332 = VECTOR('',#10333,1.);
#10333 = DIRECTION('',(0.,-1.));
#10334 = ( GEOMETRIC_REPRESENTATION_CONTEXT(2) 
PARAMETRIC_REPRESENTATION_CONTEXT() REPRESENTATION_CONTEXT('2D SPACE',''
  ) );
#10335 = PCURVE('',#2429,#10336);
#10336 = DEFINITIONAL_REPRESENTATION('',(#10337),#10341);
#10337 = LINE('',#10338,#10339);
#10338 = CARTESIAN_POINT('',(1.08452759925,0.));
#10339 = VECTOR('',#10340,1.);
#10340 = DIRECTION('',(0.,-1.));
#10341 = ( GEOMETRIC_REPRESENTATION_CONTEXT(2) 
PARAMETRIC_REPRESENTATION_CONTEXT() REPRESENTATION_CONTEXT('2D SPACE',''
  ) );
#10342 = ORIENTED_EDGE('',*,*,#5916,.T.);
#10343 = ORIENTED_EDGE('',*,*,#10295,.F.);
#10344 = ADVANCED_FACE('',(#10345),#2429,.F.);
#10345 = FACE_BOUND('',#10346,.F.);
#10346 = EDGE_LOOP('',(#10347,#10348,#10369,#10370));
#10347 = ORIENTED_EDGE('',*,*,#2414,.T.);
#10348 = ORIENTED_EDGE('',*,*,#10349,.T.);
#10349 = EDGE_CURVE('',#2389,#5871,#10350,.T.);
#10350 = SURFACE_CURVE('',#10351,(#10355,#10362),.PCURVE_S1.);
#10351 = LINE('',#10352,#10353);
#10352 = CARTESIAN_POINT('',(113.25146393264,-5.,548.83164209048));
#10353 = VECTOR('',#10354,1.);
#10354 = DIRECTION('',(0.,1.,0.));
#10355 = PCURVE('',#2429,#10356);
#10356 = DEFINITIONAL_REPRESENTATION('',(#10357),#10361);
#10357 = LINE('',#10358,#10359);
#10358 = CARTESIAN_POINT('',(0.,0.));
#10359 = VECTOR('',#10360,1.);
#10360 = DIRECTION('',(0.,-1.));
#10361 = ( GEOMETRIC_REPRESENTATION_CONTEXT(2) 
PARAMETRIC_REPRESENTATION_CONTEXT() REPRESENTATION_CONTEXT('2D SPACE',''
  ) );
#10362 = PCURVE('',#2403,#10363);
#10363 = DEFINITIONAL_REPRESENTATION('',(#10364),#10368);
#10364 = LINE('',#10365,#10366);
#10365 = CARTESIAN_POINT('',(1.084011900239,0.));
#10366 = VECTOR('',#10367,1.);
#10367 = DIRECTION('',(0.,-1.));
#10368 = ( GEOMETRIC_REPRESENTATION_CONTEXT(2) 
PARAMETRIC_REPRESENTATION_CONTEXT() REPRESENTATION_CONTEXT('2D SPACE',''
  ) );
#10369 = ORIENTED_EDGE('',*,*,#5893,.T.);
#10370 = ORIENTED_EDGE('',*,*,#10322,.F.);
#10371 = ADVANCED_FACE('',(#10372),#2403,.F.);
#10372 = FACE_BOUND('',#10373,.F.);
#10373 = EDGE_LOOP('',(#10374,#10375,#10396,#10397));
#10374 = ORIENTED_EDGE('',*,*,#2388,.T.);
#10375 = ORIENTED_EDGE('',*,*,#10376,.T.);
#10376 = EDGE_CURVE('',#2363,#5848,#10377,.T.);
#10377 = SURFACE_CURVE('',#10378,(#10382,#10389),.PCURVE_S1.);
#10378 = LINE('',#10379,#10380);
#10379 = CARTESIAN_POINT('',(114.33121210692,-5.,548.73559168704));
#10380 = VECTOR('',#10381,1.);
#10381 = DIRECTION('',(0.,1.,0.));
#10382 = PCURVE('',#2403,#10383);
#10383 = DEFINITIONAL_REPRESENTATION('',(#10384),#10388);
#10384 = LINE('',#10385,#10386);
#10385 = CARTESIAN_POINT('',(0.,0.));
#10386 = VECTOR('',#10387,1.);
#10387 = DIRECTION('',(0.,-1.));
#10388 = ( GEOMETRIC_REPRESENTATION_CONTEXT(2) 
PARAMETRIC_REPRESENTATION_CONTEXT() REPRESENTATION_CONTEXT('2D SPACE',''
  ) );
#10389 = PCURVE('',#2377,#10390);
#10390 = DEFINITIONAL_REPRESENTATION('',(#10391),#10395);
#10391 = LINE('',#10392,#10393);
#10392 = CARTESIAN_POINT('',(1.083415706082,0.));
#10393 = VECTOR('',#10394,1.);
#10394 = DIRECTION('',(0.,-1.));
#10395 = ( GEOMETRIC_REPRESENTATION_CONTEXT(2) 
PARAMETRIC_REPRESENTATION_CONTEXT() REPRESENTATION_CONTEXT('2D SPACE',''
  ) );
#10396 = ORIENTED_EDGE('',*,*,#5870,.T.);
#10397 = ORIENTED_EDGE('',*,*,#10349,.F.);
#10398 = ADVANCED_FACE('',(#10399),#2377,.F.);
#10399 = FACE_BOUND('',#10400,.F.);
#10400 = EDGE_LOOP('',(#10401,#10402,#10423,#10424));
#10401 = ORIENTED_EDGE('',*,*,#2362,.T.);
#10402 = ORIENTED_EDGE('',*,*,#10403,.T.);
#10403 = EDGE_CURVE('',#2337,#5825,#10404,.T.);
#10404 = SURFACE_CURVE('',#10405,(#10409,#10416),.PCURVE_S1.);
#10405 = LINE('',#10406,#10407);
#10406 = CARTESIAN_POINT('',(115.40764704355,-5.,548.61280154338));
#10407 = VECTOR('',#10408,1.);
#10408 = DIRECTION('',(0.,1.,0.));
#10409 = PCURVE('',#2377,#10410);
#10410 = DEFINITIONAL_REPRESENTATION('',(#10411),#10415);
#10411 = LINE('',#10412,#10413);
#10412 = CARTESIAN_POINT('',(0.,0.));
#10413 = VECTOR('',#10414,1.);
#10414 = DIRECTION('',(0.,-1.));
#10415 = ( GEOMETRIC_REPRESENTATION_CONTEXT(2) 
PARAMETRIC_REPRESENTATION_CONTEXT() REPRESENTATION_CONTEXT('2D SPACE',''
  ) );
#10416 = PCURVE('',#2351,#10417);
#10417 = DEFINITIONAL_REPRESENTATION('',(#10418),#10422);
#10418 = LINE('',#10419,#10420);
#10419 = CARTESIAN_POINT('',(1.082812461387,0.));
#10420 = VECTOR('',#10421,1.);
#10421 = DIRECTION('',(0.,-1.));
#10422 = ( GEOMETRIC_REPRESENTATION_CONTEXT(2) 
PARAMETRIC_REPRESENTATION_CONTEXT() REPRESENTATION_CONTEXT('2D SPACE',''
  ) );
#10423 = ORIENTED_EDGE('',*,*,#5847,.T.);
#10424 = ORIENTED_EDGE('',*,*,#10376,.F.);
#10425 = ADVANCED_FACE('',(#10426),#2351,.F.);
#10426 = FACE_BOUND('',#10427,.F.);
#10427 = EDGE_LOOP('',(#10428,#10429,#10450,#10451));
#10428 = ORIENTED_EDGE('',*,*,#2336,.T.);
#10429 = ORIENTED_EDGE('',*,*,#10430,.T.);
#10430 = EDGE_CURVE('',#2311,#5802,#10431,.T.);
#10431 = SURFACE_CURVE('',#10432,(#10436,#10443),.PCURVE_S1.);
#10432 = LINE('',#10433,#10434);
#10433 = CARTESIAN_POINT('',(116.48015400891,-5.,548.46376585705));
#10434 = VECTOR('',#10435,1.);
#10435 = DIRECTION('',(0.,1.,0.));
#10436 = PCURVE('',#2351,#10437);
#10437 = DEFINITIONAL_REPRESENTATION('',(#10438),#10442);
#10438 = LINE('',#10439,#10440);
#10439 = CARTESIAN_POINT('',(0.,0.));
#10440 = VECTOR('',#10441,1.);
#10441 = DIRECTION('',(0.,-1.));
#10442 = ( GEOMETRIC_REPRESENTATION_CONTEXT(2) 
PARAMETRIC_REPRESENTATION_CONTEXT() REPRESENTATION_CONTEXT('2D SPACE',''
  ) );
#10443 = PCURVE('',#2325,#10444);
#10444 = DEFINITIONAL_REPRESENTATION('',(#10445),#10449);
#10445 = LINE('',#10446,#10447);
#10446 = CARTESIAN_POINT('',(1.082288447409,0.));
#10447 = VECTOR('',#10448,1.);
#10448 = DIRECTION('',(0.,-1.));
#10449 = ( GEOMETRIC_REPRESENTATION_CONTEXT(2) 
PARAMETRIC_REPRESENTATION_CONTEXT() REPRESENTATION_CONTEXT('2D SPACE',''
  ) );
#10450 = ORIENTED_EDGE('',*,*,#5824,.T.);
#10451 = ORIENTED_EDGE('',*,*,#10403,.F.);
#10452 = ADVANCED_FACE('',(#10453),#2325,.F.);
#10453 = FACE_BOUND('',#10454,.F.);
#10454 = EDGE_LOOP('',(#10455,#10456,#10477,#10478));
#10455 = ORIENTED_EDGE('',*,*,#2310,.T.);
#10456 = ORIENTED_EDGE('',*,*,#10457,.T.);
#10457 = EDGE_CURVE('',#2285,#5779,#10458,.T.);
#10458 = SURFACE_CURVE('',#10459,(#10463,#10470),.PCURVE_S1.);
#10459 = LINE('',#10460,#10461);
#10460 = CARTESIAN_POINT('',(117.5482476021,-5.,548.28905363772));
#10461 = VECTOR('',#10462,1.);
#10462 = DIRECTION('',(0.,1.,0.));
#10463 = PCURVE('',#2325,#10464);
#10464 = DEFINITIONAL_REPRESENTATION('',(#10465),#10469);
#10465 = LINE('',#10466,#10467);
#10466 = CARTESIAN_POINT('',(0.,0.));
#10467 = VECTOR('',#10468,1.);
#10468 = DIRECTION('',(0.,-1.));
#10469 = ( GEOMETRIC_REPRESENTATION_CONTEXT(2) 
PARAMETRIC_REPRESENTATION_CONTEXT() REPRESENTATION_CONTEXT('2D SPACE',''
  ) );
#10470 = PCURVE('',#2299,#10471);
#10471 = DEFINITIONAL_REPRESENTATION('',(#10472),#10476);
#10472 = LINE('',#10473,#10474);
#10473 = CARTESIAN_POINT('',(1.081939912829,0.));
#10474 = VECTOR('',#10475,1.);
#10475 = DIRECTION('',(0.,-1.));
#10476 = ( GEOMETRIC_REPRESENTATION_CONTEXT(2) 
PARAMETRIC_REPRESENTATION_CONTEXT() REPRESENTATION_CONTEXT('2D SPACE',''
  ) );
#10477 = ORIENTED_EDGE('',*,*,#5801,.T.);
#10478 = ORIENTED_EDGE('',*,*,#10430,.F.);
#10479 = ADVANCED_FACE('',(#10480),#2299,.F.);
#10480 = FACE_BOUND('',#10481,.F.);
#10481 = EDGE_LOOP('',(#10482,#10483,#10504,#10505));
#10482 = ORIENTED_EDGE('',*,*,#2284,.T.);
#10483 = ORIENTED_EDGE('',*,*,#10484,.T.);
#10484 = EDGE_CURVE('',#2259,#5756,#10485,.T.);
#10485 = SURFACE_CURVE('',#10486,(#10490,#10497),.PCURVE_S1.);
#10486 = LINE('',#10487,#10488);
#10487 = CARTESIAN_POINT('',(118.61158598589,-5.,548.08929013623));
#10488 = VECTOR('',#10489,1.);
#10489 = DIRECTION('',(0.,1.,0.));
#10490 = PCURVE('',#2299,#10491);
#10491 = DEFINITIONAL_REPRESENTATION('',(#10492),#10496);
#10492 = LINE('',#10493,#10494);
#10493 = CARTESIAN_POINT('',(0.,0.));
#10494 = VECTOR('',#10495,1.);
#10495 = DIRECTION('',(0.,-1.));
#10496 = ( GEOMETRIC_REPRESENTATION_CONTEXT(2) 
PARAMETRIC_REPRESENTATION_CONTEXT() REPRESENTATION_CONTEXT('2D SPACE',''
  ) );
#10497 = PCURVE('',#2273,#10498);
#10498 = DEFINITIONAL_REPRESENTATION('',(#10499),#10503);
#10499 = LINE('',#10500,#10501);
#10500 = CARTESIAN_POINT('',(1.081870255252,0.));
#10501 = VECTOR('',#10502,1.);
#10502 = DIRECTION('',(0.,-1.));
#10503 = ( GEOMETRIC_REPRESENTATION_CONTEXT(2) 
PARAMETRIC_REPRESENTATION_CONTEXT() REPRESENTATION_CONTEXT('2D SPACE',''
  ) );
#10504 = ORIENTED_EDGE('',*,*,#5778,.T.);
#10505 = ORIENTED_EDGE('',*,*,#10457,.F.);
#10506 = ADVANCED_FACE('',(#10507),#2273,.F.);
#10507 = FACE_BOUND('',#10508,.F.);
#10508 = EDGE_LOOP('',(#10509,#10510,#10531,#10532));
#10509 = ORIENTED_EDGE('',*,*,#2258,.T.);
#10510 = ORIENTED_EDGE('',*,*,#10511,.T.);
#10511 = EDGE_CURVE('',#2233,#5733,#10512,.T.);
#10512 = SURFACE_CURVE('',#10513,(#10517,#10524),.PCURVE_S1.);
#10513 = LINE('',#10514,#10515);
#10514 = CARTESIAN_POINT('',(119.66998029905,-5.,547.86513678008));
#10515 = VECTOR('',#10516,1.);
#10516 = DIRECTION('',(0.,1.,0.));
#10517 = PCURVE('',#2273,#10518);
#10518 = DEFINITIONAL_REPRESENTATION('',(#10519),#10523);
#10519 = LINE('',#10520,#10521);
#10520 = CARTESIAN_POINT('',(0.,0.));
#10521 = VECTOR('',#10522,1.);
#10522 = DIRECTION('',(0.,-1.));
#10523 = ( GEOMETRIC_REPRESENTATION_CONTEXT(2) 
PARAMETRIC_REPRESENTATION_CONTEXT() REPRESENTATION_CONTEXT('2D SPACE',''
  ) );
#10524 = PCURVE('',#2247,#10525);
#10525 = DEFINITIONAL_REPRESENTATION('',(#10526),#10530);
#10526 = LINE('',#10527,#10528);
#10527 = CARTESIAN_POINT('',(1.082187410797,0.));
#10528 = VECTOR('',#10529,1.);
#10529 = DIRECTION('',(0.,-1.));
#10530 = ( GEOMETRIC_REPRESENTATION_CONTEXT(2) 
PARAMETRIC_REPRESENTATION_CONTEXT() REPRESENTATION_CONTEXT('2D SPACE',''
  ) );
#10531 = ORIENTED_EDGE('',*,*,#5755,.T.);
#10532 = ORIENTED_EDGE('',*,*,#10484,.F.);
#10533 = ADVANCED_FACE('',(#10534),#2247,.F.);
#10534 = FACE_BOUND('',#10535,.F.);
#10535 = EDGE_LOOP('',(#10536,#10537,#10558,#10559));
#10536 = ORIENTED_EDGE('',*,*,#2232,.T.);
#10537 = ORIENTED_EDGE('',*,*,#10538,.T.);
#10538 = EDGE_CURVE('',#2207,#5710,#10539,.T.);
#10539 = SURFACE_CURVE('',#10540,(#10544,#10551),.PCURVE_S1.);
#10540 = LINE('',#10541,#10542);
#10541 = CARTESIAN_POINT('',(120.7233993892,-5.,547.61727025836));
#10542 = VECTOR('',#10543,1.);
#10543 = DIRECTION('',(0.,1.,0.));
#10544 = PCURVE('',#2247,#10545);
#10545 = DEFINITIONAL_REPRESENTATION('',(#10546),#10550);
#10546 = LINE('',#10547,#10548);
#10547 = CARTESIAN_POINT('',(0.,0.));
#10548 = VECTOR('',#10549,1.);
#10549 = DIRECTION('',(0.,-1.));
#10550 = ( GEOMETRIC_REPRESENTATION_CONTEXT(2) 
PARAMETRIC_REPRESENTATION_CONTEXT() REPRESENTATION_CONTEXT('2D SPACE',''
  ) );
#10551 = PCURVE('',#2221,#10552);
#10552 = DEFINITIONAL_REPRESENTATION('',(#10553),#10557);
#10553 = LINE('',#10554,#10555);
#10554 = CARTESIAN_POINT('',(1.08300154789,0.));
#10555 = VECTOR('',#10556,1.);
#10556 = DIRECTION('',(0.,-1.));
#10557 = ( GEOMETRIC_REPRESENTATION_CONTEXT(2) 
PARAMETRIC_REPRESENTATION_CONTEXT() REPRESENTATION_CONTEXT('2D SPACE',''
  ) );
#10558 = ORIENTED_EDGE('',*,*,#5732,.T.);
#10559 = ORIENTED_EDGE('',*,*,#10511,.F.);
#10560 = ADVANCED_FACE('',(#10561),#2221,.F.);
#10561 = FACE_BOUND('',#10562,.F.);
#10562 = EDGE_LOOP('',(#10563,#10564,#10585,#10586));
#10563 = ORIENTED_EDGE('',*,*,#2206,.T.);
#10564 = ORIENTED_EDGE('',*,*,#10565,.T.);
#10565 = EDGE_CURVE('',#2181,#5687,#10566,.T.);
#10566 = SURFACE_CURVE('',#10567,(#10571,#10578),.PCURVE_S1.);
#10567 = LINE('',#10568,#10569);
#10568 = CARTESIAN_POINT('',(121.77197018783,-5.,547.3463613567));
#10569 = VECTOR('',#10570,1.);
#10570 = DIRECTION('',(0.,1.,0.));
#10571 = PCURVE('',#2221,#10572);
#10572 = DEFINITIONAL_REPRESENTATION('',(#10573),#10577);
#10573 = LINE('',#10574,#10575);
#10574 = CARTESIAN_POINT('',(0.,0.));
#10575 = VECTOR('',#10576,1.);
#10576 = DIRECTION('',(0.,-1.));
#10577 = ( GEOMETRIC_REPRESENTATION_CONTEXT(2) 
PARAMETRIC_REPRESENTATION_CONTEXT() REPRESENTATION_CONTEXT('2D SPACE',''
  ) );
#10578 = PCURVE('',#2195,#10579);
#10579 = DEFINITIONAL_REPRESENTATION('',(#10580),#10584);
#10580 = LINE('',#10581,#10582);
#10581 = CARTESIAN_POINT('',(1.084423103578,0.));
#10582 = VECTOR('',#10583,1.);
#10583 = DIRECTION('',(0.,-1.));
#10584 = ( GEOMETRIC_REPRESENTATION_CONTEXT(2) 
PARAMETRIC_REPRESENTATION_CONTEXT() REPRESENTATION_CONTEXT('2D SPACE',''
  ) );
#10585 = ORIENTED_EDGE('',*,*,#5709,.T.);
#10586 = ORIENTED_EDGE('',*,*,#10538,.F.);
#10587 = ADVANCED_FACE('',(#10588),#2195,.F.);
#10588 = FACE_BOUND('',#10589,.F.);
#10589 = EDGE_LOOP('',(#10590,#10591,#10612,#10613));
#10590 = ORIENTED_EDGE('',*,*,#2180,.T.);
#10591 = ORIENTED_EDGE('',*,*,#10592,.T.);
#10592 = EDGE_CURVE('',#2155,#5664,#10593,.T.);
#10593 = SURFACE_CURVE('',#10594,(#10598,#10605),.PCURVE_S1.);
#10594 = LINE('',#10595,#10596);
#10595 = CARTESIAN_POINT('',(122.81597417056,-5.,547.05305409184));
#10596 = VECTOR('',#10597,1.);
#10597 = DIRECTION('',(0.,1.,0.));
#10598 = PCURVE('',#2195,#10599);
#10599 = DEFINITIONAL_REPRESENTATION('',(#10600),#10604);
#10600 = LINE('',#10601,#10602);
#10601 = CARTESIAN_POINT('',(0.,0.));
#10602 = VECTOR('',#10603,1.);
#10603 = DIRECTION('',(0.,-1.));
#10604 = ( GEOMETRIC_REPRESENTATION_CONTEXT(2) 
PARAMETRIC_REPRESENTATION_CONTEXT() REPRESENTATION_CONTEXT('2D SPACE',''
  ) );
#10605 = PCURVE('',#2169,#10606);
#10606 = DEFINITIONAL_REPRESENTATION('',(#10607),#10611);
#10607 = LINE('',#10608,#10609);
#10608 = CARTESIAN_POINT('',(1.086561156531,0.));
#10609 = VECTOR('',#10610,1.);
#10610 = DIRECTION('',(0.,-1.));
#10611 = ( GEOMETRIC_REPRESENTATION_CONTEXT(2) 
PARAMETRIC_REPRESENTATION_CONTEXT() REPRESENTATION_CONTEXT('2D SPACE',''
  ) );
#10612 = ORIENTED_EDGE('',*,*,#5686,.T.);
#10613 = ORIENTED_EDGE('',*,*,#10565,.F.);
#10614 = ADVANCED_FACE('',(#10615),#2169,.F.);
#10615 = FACE_BOUND('',#10616,.F.);
#10616 = EDGE_LOOP('',(#10617,#10618,#10639,#10640));
#10617 = ORIENTED_EDGE('',*,*,#2154,.T.);
#10618 = ORIENTED_EDGE('',*,*,#10619,.T.);
#10619 = EDGE_CURVE('',#2129,#5641,#10620,.T.);
#10620 = SURFACE_CURVE('',#10621,(#10625,#10632),.PCURVE_S1.);
#10621 = LINE('',#10622,#10623);
#10622 = CARTESIAN_POINT('',(123.85584041756,-5.,546.7379456419));
#10623 = VECTOR('',#10624,1.);
#10624 = DIRECTION('',(0.,1.,0.));
#10625 = PCURVE('',#2169,#10626);
#10626 = DEFINITIONAL_REPRESENTATION('',(#10627),#10631);
#10627 = LINE('',#10628,#10629);
#10628 = CARTESIAN_POINT('',(0.,0.));
#10629 = VECTOR('',#10630,1.);
#10630 = DIRECTION('',(0.,-1.));
#10631 = ( GEOMETRIC_REPRESENTATION_CONTEXT(2) 
PARAMETRIC_REPRESENTATION_CONTEXT() REPRESENTATION_CONTEXT('2D SPACE',''
  ) );
#10632 = PCURVE('',#2143,#10633);
#10633 = DEFINITIONAL_REPRESENTATION('',(#10634),#10638);
#10634 = LINE('',#10635,#10636);
#10635 = CARTESIAN_POINT('',(1.089522105376,0.));
#10636 = VECTOR('',#10637,1.);
#10637 = DIRECTION('',(0.,-1.));
#10638 = ( GEOMETRIC_REPRESENTATION_CONTEXT(2) 
PARAMETRIC_REPRESENTATION_CONTEXT() REPRESENTATION_CONTEXT('2D SPACE',''
  ) );
#10639 = ORIENTED_EDGE('',*,*,#5663,.T.);
#10640 = ORIENTED_EDGE('',*,*,#10592,.F.);
#10641 = ADVANCED_FACE('',(#10642),#2143,.F.);
#10642 = FACE_BOUND('',#10643,.F.);
#10643 = EDGE_LOOP('',(#10644,#10645,#10666,#10667));
#10644 = ORIENTED_EDGE('',*,*,#2128,.T.);
#10645 = ORIENTED_EDGE('',*,*,#10646,.T.);
#10646 = EDGE_CURVE('',#2103,#5618,#10647,.T.);
#10647 = SURFACE_CURVE('',#10648,(#10652,#10659),.PCURVE_S1.);
#10648 = LINE('',#10649,#10650);
#10649 = CARTESIAN_POINT('',(124.892135826,-5.,546.40156751457));
#10650 = VECTOR('',#10651,1.);
#10651 = DIRECTION('',(0.,1.,0.));
#10652 = PCURVE('',#2143,#10653);
#10653 = DEFINITIONAL_REPRESENTATION('',(#10654),#10658);
#10654 = LINE('',#10655,#10656);
#10655 = CARTESIAN_POINT('',(0.,0.));
#10656 = VECTOR('',#10657,1.);
#10657 = DIRECTION('',(0.,-1.));
#10658 = ( GEOMETRIC_REPRESENTATION_CONTEXT(2) 
PARAMETRIC_REPRESENTATION_CONTEXT() REPRESENTATION_CONTEXT('2D SPACE',''
  ) );
#10659 = PCURVE('',#2117,#10660);
#10660 = DEFINITIONAL_REPRESENTATION('',(#10661),#10665);
#10661 = LINE('',#10662,#10663);
#10662 = CARTESIAN_POINT('',(1.093408614234,0.));
#10663 = VECTOR('',#10664,1.);
#10664 = DIRECTION('',(0.,-1.));
#10665 = ( GEOMETRIC_REPRESENTATION_CONTEXT(2) 
PARAMETRIC_REPRESENTATION_CONTEXT() REPRESENTATION_CONTEXT('2D SPACE',''
  ) );
#10666 = ORIENTED_EDGE('',*,*,#5640,.T.);
#10667 = ORIENTED_EDGE('',*,*,#10619,.F.);
#10668 = ADVANCED_FACE('',(#10669),#2117,.F.);
#10669 = FACE_BOUND('',#10670,.F.);
#10670 = EDGE_LOOP('',(#10671,#10672,#10693,#10694));
#10671 = ORIENTED_EDGE('',*,*,#2102,.T.);
#10672 = ORIENTED_EDGE('',*,*,#10673,.T.);
#10673 = EDGE_CURVE('',#2077,#5595,#10674,.T.);
#10674 = SURFACE_CURVE('',#10675,(#10679,#10686),.PCURVE_S1.);
#10675 = LINE('',#10676,#10677);
#10676 = CARTESIAN_POINT('',(125.9255530436,-5.,546.04436833756));
#10677 = VECTOR('',#10678,1.);
#10678 = DIRECTION('',(0.,1.,0.));
#10679 = PCURVE('',#2117,#10680);
#10680 = DEFINITIONAL_REPRESENTATION('',(#10681),#10685);
#10681 = LINE('',#10682,#10683);
#10682 = CARTESIAN_POINT('',(0.,0.));
#10683 = VECTOR('',#10684,1.);
#10684 = DIRECTION('',(0.,-1.));
#10685 = ( GEOMETRIC_REPRESENTATION_CONTEXT(2) 
PARAMETRIC_REPRESENTATION_CONTEXT() REPRESENTATION_CONTEXT('2D SPACE',''
  ) );
#10686 = PCURVE('',#2091,#10687);
#10687 = DEFINITIONAL_REPRESENTATION('',(#10688),#10692);
#10688 = LINE('',#10689,#10690);
#10689 = CARTESIAN_POINT('',(1.098318795284,0.));
#10690 = VECTOR('',#10691,1.);
#10691 = DIRECTION('',(0.,-1.));
#10692 = ( GEOMETRIC_REPRESENTATION_CONTEXT(2) 
PARAMETRIC_REPRESENTATION_CONTEXT() REPRESENTATION_CONTEXT('2D SPACE',''
  ) );
#10693 = ORIENTED_EDGE('',*,*,#5617,.T.);
#10694 = ORIENTED_EDGE('',*,*,#10646,.F.);
#10695 = ADVANCED_FACE('',(#10696),#2091,.F.);
#10696 = FACE_BOUND('',#10697,.F.);
#10697 = EDGE_LOOP('',(#10698,#10699,#10720,#10721));
#10698 = ORIENTED_EDGE('',*,*,#2076,.T.);
#10699 = ORIENTED_EDGE('',*,*,#10700,.T.);
#10700 = EDGE_CURVE('',#2051,#5572,#10701,.T.);
#10701 = SURFACE_CURVE('',#10702,(#10706,#10713),.PCURVE_S1.);
#10702 = LINE('',#10703,#10704);
#10703 = CARTESIAN_POINT('',(126.95689670013,-5.,545.66669859003));
#10704 = VECTOR('',#10705,1.);
#10705 = DIRECTION('',(0.,1.,0.));
#10706 = PCURVE('',#2091,#10707);
#10707 = DEFINITIONAL_REPRESENTATION('',(#10708),#10712);
#10708 = LINE('',#10709,#10710);
#10709 = CARTESIAN_POINT('',(0.,0.));
#10710 = VECTOR('',#10711,1.);
#10711 = DIRECTION('',(0.,-1.));
#10712 = ( GEOMETRIC_REPRESENTATION_CONTEXT(2) 
PARAMETRIC_REPRESENTATION_CONTEXT() REPRESENTATION_CONTEXT('2D SPACE',''
  ) );
#10713 = PCURVE('',#2065,#10714);
#10714 = DEFINITIONAL_REPRESENTATION('',(#10715),#10719);
#10715 = LINE('',#10716,#10717);
#10716 = CARTESIAN_POINT('',(1.104345614683,0.));
#10717 = VECTOR('',#10718,1.);
#10718 = DIRECTION('',(0.,-1.));
#10719 = ( GEOMETRIC_REPRESENTATION_CONTEXT(2) 
PARAMETRIC_REPRESENTATION_CONTEXT() REPRESENTATION_CONTEXT('2D SPACE',''
  ) );
#10720 = ORIENTED_EDGE('',*,*,#5594,.T.);
#10721 = ORIENTED_EDGE('',*,*,#10673,.F.);
#10722 = ADVANCED_FACE('',(#10723),#2065,.F.);
#10723 = FACE_BOUND('',#10724,.F.);
#10724 = EDGE_LOOP('',(#10725,#10726,#10747,#10748));
#10725 = ORIENTED_EDGE('',*,*,#2050,.T.);
#10726 = ORIENTED_EDGE('',*,*,#10727,.T.);
#10727 = EDGE_CURVE('',#2025,#5549,#10728,.T.);
#10728 = SURFACE_CURVE('',#10729,(#10733,#10740),.PCURVE_S1.);
#10729 = LINE('',#10730,#10731);
#10730 = CARTESIAN_POINT('',(127.98706851686,-5.,545.26879751604));
#10731 = VECTOR('',#10732,1.);
#10732 = DIRECTION('',(0.,1.,0.));
#10733 = PCURVE('',#2065,#10734);
#10734 = DEFINITIONAL_REPRESENTATION('',(#10735),#10739);
#10735 = LINE('',#10736,#10737);
#10736 = CARTESIAN_POINT('',(0.,0.));
#10737 = VECTOR('',#10738,1.);
#10738 = DIRECTION('',(0.,-1.));
#10739 = ( GEOMETRIC_REPRESENTATION_CONTEXT(2) 
PARAMETRIC_REPRESENTATION_CONTEXT() REPRESENTATION_CONTEXT('2D SPACE',''
  ) );
#10740 = PCURVE('',#2039,#10741);
#10741 = DEFINITIONAL_REPRESENTATION('',(#10742),#10746);
#10742 = LINE('',#10743,#10744);
#10743 = CARTESIAN_POINT('',(1.111576526557,0.));
#10744 = VECTOR('',#10745,1.);
#10745 = DIRECTION('',(0.,-1.));
#10746 = ( GEOMETRIC_REPRESENTATION_CONTEXT(2) 
PARAMETRIC_REPRESENTATION_CONTEXT() REPRESENTATION_CONTEXT('2D SPACE',''
  ) );
#10747 = ORIENTED_EDGE('',*,*,#5571,.T.);
#10748 = ORIENTED_EDGE('',*,*,#10700,.F.);
#10749 = ADVANCED_FACE('',(#10750),#2039,.F.);
#10750 = FACE_BOUND('',#10751,.F.);
#10751 = EDGE_LOOP('',(#10752,#10753,#10774,#10775));
#10752 = ORIENTED_EDGE('',*,*,#2024,.T.);
#10753 = ORIENTED_EDGE('',*,*,#10754,.T.);
#10754 = EDGE_CURVE('',#1999,#5526,#10755,.T.);
#10755 = SURFACE_CURVE('',#10756,(#10760,#10767),.PCURVE_S1.);
#10756 = LINE('',#10757,#10758);
#10757 = CARTESIAN_POINT('',(129.01705187272,-5.,544.8507823715));
#10758 = VECTOR('',#10759,1.);
#10759 = DIRECTION('',(0.,1.,0.));
#10760 = PCURVE('',#2039,#10761);
#10761 = DEFINITIONAL_REPRESENTATION('',(#10762),#10766);
#10762 = LINE('',#10763,#10764);
#10763 = CARTESIAN_POINT('',(0.,0.));
#10764 = VECTOR('',#10765,1.);
#10765 = DIRECTION('',(0.,-1.));
#10766 = ( GEOMETRIC_REPRESENTATION_CONTEXT(2) 
PARAMETRIC_REPRESENTATION_CONTEXT() REPRESENTATION_CONTEXT('2D SPACE',''
  ) );
#10767 = PCURVE('',#2013,#10768);
#10768 = DEFINITIONAL_REPRESENTATION('',(#10769),#10773);
#10769 = LINE('',#10770,#10771);
#10770 = CARTESIAN_POINT('',(1.120093354471,0.));
#10771 = VECTOR('',#10772,1.);
#10772 = DIRECTION('',(0.,-1.));
#10773 = ( GEOMETRIC_REPRESENTATION_CONTEXT(2) 
PARAMETRIC_REPRESENTATION_CONTEXT() REPRESENTATION_CONTEXT('2D SPACE',''
  ) );
#10774 = ORIENTED_EDGE('',*,*,#5548,.T.);
#10775 = ORIENTED_EDGE('',*,*,#10727,.F.);
#10776 = ADVANCED_FACE('',(#10777),#2013,.F.);
#10777 = FACE_BOUND('',#10778,.F.);
#10778 = EDGE_LOOP('',(#10779,#10780,#10801,#10802));
#10779 = ORIENTED_EDGE('',*,*,#1998,.T.);
#10780 = ORIENTED_EDGE('',*,*,#10781,.T.);
#10781 = EDGE_CURVE('',#1973,#5503,#10782,.T.);
#10782 = SURFACE_CURVE('',#10783,(#10787,#10794),.PCURVE_S1.);
#10783 = LINE('',#10784,#10785);
#10784 = CARTESIAN_POINT('',(130.04789639772,-5.,544.41264005673));
#10785 = VECTOR('',#10786,1.);
#10786 = DIRECTION('',(0.,1.,0.));
#10787 = PCURVE('',#2013,#10788);
#10788 = DEFINITIONAL_REPRESENTATION('',(#10789),#10793);
#10789 = LINE('',#10790,#10791);
#10790 = CARTESIAN_POINT('',(0.,0.));
#10791 = VECTOR('',#10792,1.);
#10792 = DIRECTION('',(0.,-1.));
#10793 = ( GEOMETRIC_REPRESENTATION_CONTEXT(2) 
PARAMETRIC_REPRESENTATION_CONTEXT() REPRESENTATION_CONTEXT('2D SPACE',''
  ) );
#10794 = PCURVE('',#1987,#10795);
#10795 = DEFINITIONAL_REPRESENTATION('',(#10796),#10800);
#10796 = LINE('',#10797,#10798);
#10797 = CARTESIAN_POINT('',(1.129972447398,0.));
#10798 = VECTOR('',#10799,1.);
#10799 = DIRECTION('',(0.,-1.));
#10800 = ( GEOMETRIC_REPRESENTATION_CONTEXT(2) 
PARAMETRIC_REPRESENTATION_CONTEXT() REPRESENTATION_CONTEXT('2D SPACE',''
  ) );
#10801 = ORIENTED_EDGE('',*,*,#5525,.T.);
#10802 = ORIENTED_EDGE('',*,*,#10754,.F.);
#10803 = ADVANCED_FACE('',(#10804),#1987,.F.);
#10804 = FACE_BOUND('',#10805,.F.);
#10805 = EDGE_LOOP('',(#10806,#10807,#10828,#10829));
#10806 = ORIENTED_EDGE('',*,*,#1972,.T.);
#10807 = ORIENTED_EDGE('',*,*,#10808,.T.);
#10808 = EDGE_CURVE('',#1947,#5480,#10809,.T.);
#10809 = SURFACE_CURVE('',#10810,(#10814,#10821),.PCURVE_S1.);
#10810 = LINE('',#10811,#10812);
#10811 = CARTESIAN_POINT('',(131.08070314481,-5.,543.95422108347));
#10812 = VECTOR('',#10813,1.);
#10813 = DIRECTION('',(0.,1.,0.));
#10814 = PCURVE('',#1987,#10815);
#10815 = DEFINITIONAL_REPRESENTATION('',(#10816),#10820);
#10816 = LINE('',#10817,#10818);
#10817 = CARTESIAN_POINT('',(0.,0.));
#10818 = VECTOR('',#10819,1.);
#10819 = DIRECTION('',(0.,-1.));
#10820 = ( GEOMETRIC_REPRESENTATION_CONTEXT(2) 
PARAMETRIC_REPRESENTATION_CONTEXT() REPRESENTATION_CONTEXT('2D SPACE',''
  ) );
#10821 = PCURVE('',#1961,#10822);
#10822 = DEFINITIONAL_REPRESENTATION('',(#10823),#10827);
#10823 = LINE('',#10824,#10825);
#10824 = CARTESIAN_POINT('',(1.141285136733,0.));
#10825 = VECTOR('',#10826,1.);
#10826 = DIRECTION('',(0.,-1.));
#10827 = ( GEOMETRIC_REPRESENTATION_CONTEXT(2) 
PARAMETRIC_REPRESENTATION_CONTEXT() REPRESENTATION_CONTEXT('2D SPACE',''
  ) );
#10828 = ORIENTED_EDGE('',*,*,#5502,.T.);
#10829 = ORIENTED_EDGE('',*,*,#10781,.F.);
#10830 = ADVANCED_FACE('',(#10831),#1961,.F.);
#10831 = FACE_BOUND('',#10832,.F.);
#10832 = EDGE_LOOP('',(#10833,#10834,#10855,#10856));
#10833 = ORIENTED_EDGE('',*,*,#1946,.T.);
#10834 = ORIENTED_EDGE('',*,*,#10835,.T.);
#10835 = EDGE_CURVE('',#1921,#5457,#10836,.T.);
#10836 = SURFACE_CURVE('',#10837,(#10841,#10848),.PCURVE_S1.);
#10837 = LINE('',#10838,#10839);
#10838 = CARTESIAN_POINT('',(132.11661085856,-5.,543.47523572677));
#10839 = VECTOR('',#10840,1.);
#10840 = DIRECTION('',(0.,1.,0.));
#10841 = PCURVE('',#1961,#10842);
#10842 = DEFINITIONAL_REPRESENTATION('',(#10843),#10847);
#10843 = LINE('',#10844,#10845);
#10844 = CARTESIAN_POINT('',(0.,0.));
#10845 = VECTOR('',#10846,1.);
#10846 = DIRECTION('',(0.,-1.));
#10847 = ( GEOMETRIC_REPRESENTATION_CONTEXT(2) 
PARAMETRIC_REPRESENTATION_CONTEXT() REPRESENTATION_CONTEXT('2D SPACE',''
  ) );
#10848 = PCURVE('',#1935,#10849);
#10849 = DEFINITIONAL_REPRESENTATION('',(#10850),#10854);
#10850 = LINE('',#10851,#10852);
#10851 = CARTESIAN_POINT('',(1.154098514004,0.));
#10852 = VECTOR('',#10853,1.);
#10853 = DIRECTION('',(0.,-1.));
#10854 = ( GEOMETRIC_REPRESENTATION_CONTEXT(2) 
PARAMETRIC_REPRESENTATION_CONTEXT() REPRESENTATION_CONTEXT('2D SPACE',''
  ) );
#10855 = ORIENTED_EDGE('',*,*,#5479,.T.);
#10856 = ORIENTED_EDGE('',*,*,#10808,.F.);
#10857 = ADVANCED_FACE('',(#10858),#1935,.F.);
#10858 = FACE_BOUND('',#10859,.F.);
#10859 = EDGE_LOOP('',(#10860,#10861,#10882,#10883));
#10860 = ORIENTED_EDGE('',*,*,#1920,.T.);
#10861 = ORIENTED_EDGE('',*,*,#10862,.T.);
#10862 = EDGE_CURVE('',#1895,#5434,#10863,.T.);
#10863 = SURFACE_CURVE('',#10864,(#10868,#10875),.PCURVE_S1.);
#10864 = LINE('',#10865,#10866);
#10865 = CARTESIAN_POINT('',(133.15678381409,-5.,542.97525212445));
#10866 = VECTOR('',#10867,1.);
#10867 = DIRECTION('',(0.,1.,0.));
#10868 = PCURVE('',#1935,#10869);
#10869 = DEFINITIONAL_REPRESENTATION('',(#10870),#10874);
#10870 = LINE('',#10871,#10872);
#10871 = CARTESIAN_POINT('',(0.,0.));
#10872 = VECTOR('',#10873,1.);
#10873 = DIRECTION('',(0.,-1.));
#10874 = ( GEOMETRIC_REPRESENTATION_CONTEXT(2) 
PARAMETRIC_REPRESENTATION_CONTEXT() REPRESENTATION_CONTEXT('2D SPACE',''
  ) );
#10875 = PCURVE('',#1909,#10876);
#10876 = DEFINITIONAL_REPRESENTATION('',(#10877),#10881);
#10877 = LINE('',#10878,#10879);
#10878 = CARTESIAN_POINT('',(1.168476538487,0.));
#10879 = VECTOR('',#10880,1.);
#10880 = DIRECTION('',(0.,-1.));
#10881 = ( GEOMETRIC_REPRESENTATION_CONTEXT(2) 
PARAMETRIC_REPRESENTATION_CONTEXT() REPRESENTATION_CONTEXT('2D SPACE',''
  ) );
#10882 = ORIENTED_EDGE('',*,*,#5456,.T.);
#10883 = ORIENTED_EDGE('',*,*,#10835,.F.);
#10884 = ADVANCED_FACE('',(#10885),#1909,.F.);
#10885 = FACE_BOUND('',#10886,.F.);
#10886 = EDGE_LOOP('',(#10887,#10888,#10909,#10910));
#10887 = ORIENTED_EDGE('',*,*,#1894,.T.);
#10888 = ORIENTED_EDGE('',*,*,#10889,.T.);
#10889 = EDGE_CURVE('',#1869,#5411,#10890,.T.);
#10890 = SURFACE_CURVE('',#10891,(#10895,#10902),.PCURVE_S1.);
#10891 = LINE('',#10892,#10893);
#10892 = CARTESIAN_POINT('',(134.20240164466,-5.,542.45369601682));
#10893 = VECTOR('',#10894,1.);
#10894 = DIRECTION('',(0.,1.,0.));
#10895 = PCURVE('',#1909,#10896);
#10896 = DEFINITIONAL_REPRESENTATION('',(#10897),#10901);
#10897 = LINE('',#10898,#10899);
#10898 = CARTESIAN_POINT('',(0.,0.));
#10899 = VECTOR('',#10900,1.);
#10900 = DIRECTION('',(0.,-1.));
#10901 = ( GEOMETRIC_REPRESENTATION_CONTEXT(2) 
PARAMETRIC_REPRESENTATION_CONTEXT() REPRESENTATION_CONTEXT('2D SPACE',''
  ) );
#10902 = PCURVE('',#1883,#10903);
#10903 = DEFINITIONAL_REPRESENTATION('',(#10904),#10908);
#10904 = LINE('',#10905,#10906);
#10905 = CARTESIAN_POINT('',(1.184481473955,0.));
#10906 = VECTOR('',#10907,1.);
#10907 = DIRECTION('',(0.,-1.));
#10908 = ( GEOMETRIC_REPRESENTATION_CONTEXT(2) 
PARAMETRIC_REPRESENTATION_CONTEXT() REPRESENTATION_CONTEXT('2D SPACE',''
  ) );
#10909 = ORIENTED_EDGE('',*,*,#5433,.T.);
#10910 = ORIENTED_EDGE('',*,*,#10862,.F.);
#10911 = ADVANCED_FACE('',(#10912),#1883,.F.);
#10912 = FACE_BOUND('',#10913,.F.);
#10913 = EDGE_LOOP('',(#10914,#10915,#10936,#10937));
#10914 = ORIENTED_EDGE('',*,*,#1868,.T.);
#10915 = ORIENTED_EDGE('',*,*,#10916,.T.);
#10916 = EDGE_CURVE('',#1843,#5388,#10917,.T.);
#10917 = SURFACE_CURVE('',#10918,(#10922,#10929),.PCURVE_S1.);
#10918 = LINE('',#10919,#10920);
#10919 = CARTESIAN_POINT('',(135.2546515186,-5.,541.90985176988));
#10920 = VECTOR('',#10921,1.);
#10921 = DIRECTION('',(0.,1.,0.));
#10922 = PCURVE('',#1883,#10923);
#10923 = DEFINITIONAL_REPRESENTATION('',(#10924),#10928);
#10924 = LINE('',#10925,#10926);
#10925 = CARTESIAN_POINT('',(0.,0.));
#10926 = VECTOR('',#10927,1.);
#10927 = DIRECTION('',(0.,-1.));
#10928 = ( GEOMETRIC_REPRESENTATION_CONTEXT(2) 
PARAMETRIC_REPRESENTATION_CONTEXT() REPRESENTATION_CONTEXT('2D SPACE',''
  ) );
#10929 = PCURVE('',#1857,#10930);
#10930 = DEFINITIONAL_REPRESENTATION('',(#10931),#10935);
#10931 = LINE('',#10932,#10933);
#10932 = CARTESIAN_POINT('',(1.202175647425,0.));
#10933 = VECTOR('',#10934,1.);
#10934 = DIRECTION('',(0.,-1.));
#10935 = ( GEOMETRIC_REPRESENTATION_CONTEXT(2) 
PARAMETRIC_REPRESENTATION_CONTEXT() REPRESENTATION_CONTEXT('2D SPACE',''
  ) );
#10936 = ORIENTED_EDGE('',*,*,#5410,.T.);
#10937 = ORIENTED_EDGE('',*,*,#10889,.F.);
#10938 = ADVANCED_FACE('',(#10939),#1857,.F.);
#10939 = FACE_BOUND('',#10940,.F.);
#10940 = EDGE_LOOP('',(#10941,#10942,#10963,#10964));
#10941 = ORIENTED_EDGE('',*,*,#1842,.T.);
#10942 = ORIENTED_EDGE('',*,*,#10943,.T.);
#10943 = EDGE_CURVE('',#1817,#5365,#10944,.T.);
#10944 = SURFACE_CURVE('',#10945,(#10949,#10956),.PCURVE_S1.);
#10945 = LINE('',#10946,#10947);
#10946 = CARTESIAN_POINT('',(136.31472297331,-5.,541.34286429367));
#10947 = VECTOR('',#10948,1.);
#10948 = DIRECTION('',(0.,1.,0.));
#10949 = PCURVE('',#1857,#10950);
#10950 = DEFINITIONAL_REPRESENTATION('',(#10951),#10955);
#10951 = LINE('',#10952,#10953);
#10952 = CARTESIAN_POINT('',(0.,0.));
#10953 = VECTOR('',#10954,1.);
#10954 = DIRECTION('',(0.,-1.));
#10955 = ( GEOMETRIC_REPRESENTATION_CONTEXT(2) 
PARAMETRIC_REPRESENTATION_CONTEXT() REPRESENTATION_CONTEXT('2D SPACE',''
  ) );
#10956 = PCURVE('',#1831,#10957);
#10957 = DEFINITIONAL_REPRESENTATION('',(#10958),#10962);
#10958 = LINE('',#10959,#10960);
#10959 = CARTESIAN_POINT('',(1.221623522633,0.));
#10960 = VECTOR('',#10961,1.);
#10961 = DIRECTION('',(0.,-1.));
#10962 = ( GEOMETRIC_REPRESENTATION_CONTEXT(2) 
PARAMETRIC_REPRESENTATION_CONTEXT() REPRESENTATION_CONTEXT('2D SPACE',''
  ) );
#10963 = ORIENTED_EDGE('',*,*,#5387,.T.);
#10964 = ORIENTED_EDGE('',*,*,#10916,.F.);
#10965 = ADVANCED_FACE('',(#10966),#1831,.F.);
#10966 = FACE_BOUND('',#10967,.F.);
#10967 = EDGE_LOOP('',(#10968,#10969,#10990,#10991));
#10968 = ORIENTED_EDGE('',*,*,#1816,.T.);
#10969 = ORIENTED_EDGE('',*,*,#10970,.T.);
#10970 = EDGE_CURVE('',#1791,#5342,#10971,.T.);
#10971 = SURFACE_CURVE('',#10972,(#10976,#10983),.PCURVE_S1.);
#10972 = LINE('',#10973,#10974);
#10973 = CARTESIAN_POINT('',(137.38380567231,-5.,540.75174145217));
#10974 = VECTOR('',#10975,1.);
#10975 = DIRECTION('',(0.,1.,0.));
#10976 = PCURVE('',#1831,#10977);
#10977 = DEFINITIONAL_REPRESENTATION('',(#10978),#10982);
#10978 = LINE('',#10979,#10980);
#10979 = CARTESIAN_POINT('',(0.,0.));
#10980 = VECTOR('',#10981,1.);
#10981 = DIRECTION('',(0.,-1.));
#10982 = ( GEOMETRIC_REPRESENTATION_CONTEXT(2) 
PARAMETRIC_REPRESENTATION_CONTEXT() REPRESENTATION_CONTEXT('2D SPACE',''
  ) );
#10983 = PCURVE('',#1805,#10984);
#10984 = DEFINITIONAL_REPRESENTATION('',(#10985),#10989);
#10985 = LINE('',#10986,#10987);
#10986 = CARTESIAN_POINT('',(1.242894087698,0.));
#10987 = VECTOR('',#10988,1.);
#10988 = DIRECTION('',(0.,-1.));
#10989 = ( GEOMETRIC_REPRESENTATION_CONTEXT(2) 
PARAMETRIC_REPRESENTATION_CONTEXT() REPRESENTATION_CONTEXT('2D SPACE',''
  ) );
#10990 = ORIENTED_EDGE('',*,*,#5364,.T.);
#10991 = ORIENTED_EDGE('',*,*,#10943,.F.);
#10992 = ADVANCED_FACE('',(#10993),#1805,.F.);
#10993 = FACE_BOUND('',#10994,.F.);
#10994 = EDGE_LOOP('',(#10995,#10996,#11017,#11018));
#10995 = ORIENTED_EDGE('',*,*,#1790,.T.);
#10996 = ORIENTED_EDGE('',*,*,#10997,.T.);
#10997 = EDGE_CURVE('',#1765,#5319,#10998,.T.);
#10998 = SURFACE_CURVE('',#10999,(#11003,#11010),.PCURVE_S1.);
#10999 = LINE('',#11000,#11001);
#11000 = CARTESIAN_POINT('',(138.46309032845,-5.,540.13535655274));
#11001 = VECTOR('',#11002,1.);
#11002 = DIRECTION('',(0.,1.,0.));
#11003 = PCURVE('',#1805,#11004);
#11004 = DEFINITIONAL_REPRESENTATION('',(#11005),#11009);
#11005 = LINE('',#11006,#11007);
#11006 = CARTESIAN_POINT('',(0.,0.));
#11007 = VECTOR('',#11008,1.);
#11008 = DIRECTION('',(0.,-1.));
#11009 = ( GEOMETRIC_REPRESENTATION_CONTEXT(2) 
PARAMETRIC_REPRESENTATION_CONTEXT() REPRESENTATION_CONTEXT('2D SPACE',''
  ) );
#11010 = PCURVE('',#1779,#11011);
#11011 = DEFINITIONAL_REPRESENTATION('',(#11012),#11016);
#11012 = LINE('',#11013,#11014);
#11013 = CARTESIAN_POINT('',(1.26606356953,0.));
#11014 = VECTOR('',#11015,1.);
#11015 = DIRECTION('',(0.,-1.));
#11016 = ( GEOMETRIC_REPRESENTATION_CONTEXT(2) 
PARAMETRIC_REPRESENTATION_CONTEXT() REPRESENTATION_CONTEXT('2D SPACE',''
  ) );
#11017 = ORIENTED_EDGE('',*,*,#5341,.T.);
#11018 = ORIENTED_EDGE('',*,*,#10970,.F.);
#11019 = ADVANCED_FACE('',(#11020),#1779,.F.);
#11020 = FACE_BOUND('',#11021,.F.);
#11021 = EDGE_LOOP('',(#11022,#11023,#11044,#11045));
#11022 = ORIENTED_EDGE('',*,*,#1764,.T.);
#11023 = ORIENTED_EDGE('',*,*,#11024,.T.);
#11024 = EDGE_CURVE('',#1739,#5296,#11025,.T.);
#11025 = SURFACE_CURVE('',#11026,(#11030,#11037),.PCURVE_S1.);
#11026 = LINE('',#11027,#11028);
#11027 = CARTESIAN_POINT('',(139.55377303343,-5.,539.49245049493));
#11028 = VECTOR('',#11029,1.);
#11029 = DIRECTION('',(0.,1.,0.));
#11030 = PCURVE('',#1779,#11031);
#11031 = DEFINITIONAL_REPRESENTATION('',(#11032),#11036);
#11032 = LINE('',#11033,#11034);
#11033 = CARTESIAN_POINT('',(0.,0.));
#11034 = VECTOR('',#11035,1.);
#11035 = DIRECTION('',(0.,-1.));
#11036 = ( GEOMETRIC_REPRESENTATION_CONTEXT(2) 
PARAMETRIC_REPRESENTATION_CONTEXT() REPRESENTATION_CONTEXT('2D SPACE',''
  ) );
#11037 = PCURVE('',#1753,#11038);
#11038 = DEFINITIONAL_REPRESENTATION('',(#11039),#11043);
#11039 = LINE('',#11040,#11041);
#11040 = CARTESIAN_POINT('',(1.291218505079,0.));
#11041 = VECTOR('',#11042,1.);
#11042 = DIRECTION('',(0.,-1.));
#11043 = ( GEOMETRIC_REPRESENTATION_CONTEXT(2) 
PARAMETRIC_REPRESENTATION_CONTEXT() REPRESENTATION_CONTEXT('2D SPACE',''
  ) );
#11044 = ORIENTED_EDGE('',*,*,#5318,.T.);
#11045 = ORIENTED_EDGE('',*,*,#10997,.F.);
#11046 = ADVANCED_FACE('',(#11047),#1753,.F.);
#11047 = FACE_BOUND('',#11048,.F.);
#11048 = EDGE_LOOP('',(#11049,#11050,#11071,#11072));
#11049 = ORIENTED_EDGE('',*,*,#1738,.T.);
#11050 = ORIENTED_EDGE('',*,*,#11051,.T.);
#11051 = EDGE_CURVE('',#1713,#5273,#11052,.T.);
#11052 = SURFACE_CURVE('',#11053,(#11057,#11064),.PCURVE_S1.);
#11053 = LINE('',#11054,#11055);
#11054 = CARTESIAN_POINT('',(140.65706325133,-5.,538.82163314056));
#11055 = VECTOR('',#11056,1.);
#11056 = DIRECTION('',(0.,1.,0.));
#11057 = PCURVE('',#1753,#11058);
#11058 = DEFINITIONAL_REPRESENTATION('',(#11059),#11063);
#11059 = LINE('',#11060,#11061);
#11060 = CARTESIAN_POINT('',(0.,0.));
#11061 = VECTOR('',#11062,1.);
#11062 = DIRECTION('',(0.,-1.));
#11063 = ( GEOMETRIC_REPRESENTATION_CONTEXT(2) 
PARAMETRIC_REPRESENTATION_CONTEXT() REPRESENTATION_CONTEXT('2D SPACE',''
  ) );
#11064 = PCURVE('',#1727,#11065);
#11065 = DEFINITIONAL_REPRESENTATION('',(#11066),#11070);
#11066 = LINE('',#11067,#11068);
#11067 = CARTESIAN_POINT('',(1.318459218657,0.));
#11068 = VECTOR('',#11069,1.);
#11069 = DIRECTION('',(0.,-1.));
#11070 = ( GEOMETRIC_REPRESENTATION_CONTEXT(2) 
PARAMETRIC_REPRESENTATION_CONTEXT() REPRESENTATION_CONTEXT('2D SPACE',''
  ) );
#11071 = ORIENTED_EDGE('',*,*,#5295,.T.);
#11072 = ORIENTED_EDGE('',*,*,#11024,.F.);
#11073 = ADVANCED_FACE('',(#11074),#1727,.F.);
#11074 = FACE_BOUND('',#11075,.F.);
#11075 = EDGE_LOOP('',(#11076,#11077,#11098,#11099));
#11076 = ORIENTED_EDGE('',*,*,#1712,.T.);
#11077 = ORIENTED_EDGE('',*,*,#11078,.T.);
#11078 = EDGE_CURVE('',#1687,#5250,#11079,.T.);
#11079 = SURFACE_CURVE('',#11080,(#11084,#11091),.PCURVE_S1.);
#11080 = LINE('',#11081,#11082);
#11081 = CARTESIAN_POINT('',(141.77419576639,-5.,538.12138343149));
#11082 = VECTOR('',#11083,1.);
#11083 = DIRECTION('',(0.,1.,0.));
#11084 = PCURVE('',#1727,#11085);
#11085 = DEFINITIONAL_REPRESENTATION('',(#11086),#11090);
#11086 = LINE('',#11087,#11088);
#11087 = CARTESIAN_POINT('',(0.,0.));
#11088 = VECTOR('',#11089,1.);
#11089 = DIRECTION('',(0.,-1.));
#11090 = ( GEOMETRIC_REPRESENTATION_CONTEXT(2) 
PARAMETRIC_REPRESENTATION_CONTEXT() REPRESENTATION_CONTEXT('2D SPACE',''
  ) );
#11091 = PCURVE('',#1701,#11092);
#11092 = DEFINITIONAL_REPRESENTATION('',(#11093),#11097);
#11093 = LINE('',#11094,#11095);
#11094 = CARTESIAN_POINT('',(1.347903772057,0.));
#11095 = VECTOR('',#11096,1.);
#11096 = DIRECTION('',(0.,-1.));
#11097 = ( GEOMETRIC_REPRESENTATION_CONTEXT(2) 
PARAMETRIC_REPRESENTATION_CONTEXT() REPRESENTATION_CONTEXT('2D SPACE',''
  ) );
#11098 = ORIENTED_EDGE('',*,*,#5272,.T.);
#11099 = ORIENTED_EDGE('',*,*,#11051,.F.);
#11100 = ADVANCED_FACE('',(#11101),#1701,.F.);
#11101 = FACE_BOUND('',#11102,.F.);
#11102 = EDGE_LOOP('',(#11103,#11104,#11125,#11126));
#11103 = ORIENTED_EDGE('',*,*,#1686,.T.);
#11104 = ORIENTED_EDGE('',*,*,#11105,.T.);
#11105 = EDGE_CURVE('',#1661,#5227,#11106,.T.);
#11106 = SURFACE_CURVE('',#11107,(#11111,#11118),.PCURVE_S1.);
#11107 = LINE('',#11108,#11109);
#11108 = CARTESIAN_POINT('',(142.90644691285,-5.,537.39004772192));
#11109 = VECTOR('',#11110,1.);
#11110 = DIRECTION('',(0.,1.,0.));
#11111 = PCURVE('',#1701,#11112);
#11112 = DEFINITIONAL_REPRESENTATION('',(#11113),#11117);
#11113 = LINE('',#11114,#11115);
#11114 = CARTESIAN_POINT('',(0.,0.));
#11115 = VECTOR('',#11116,1.);
#11116 = DIRECTION('',(0.,-1.));
#11117 = ( GEOMETRIC_REPRESENTATION_CONTEXT(2) 
PARAMETRIC_REPRESENTATION_CONTEXT() REPRESENTATION_CONTEXT('2D SPACE',''
  ) );
#11118 = PCURVE('',#1675,#11119);
#11119 = DEFINITIONAL_REPRESENTATION('',(#11120),#11124);
#11120 = LINE('',#11121,#11122);
#11121 = CARTESIAN_POINT('',(1.379692466046,0.));
#11122 = VECTOR('',#11123,1.);
#11123 = DIRECTION('',(0.,-1.));
#11124 = ( GEOMETRIC_REPRESENTATION_CONTEXT(2) 
PARAMETRIC_REPRESENTATION_CONTEXT() REPRESENTATION_CONTEXT('2D SPACE',''
  ) );
#11125 = ORIENTED_EDGE('',*,*,#5249,.T.);
#11126 = ORIENTED_EDGE('',*,*,#11078,.F.);
#11127 = ADVANCED_FACE('',(#11128),#1675,.F.);
#11128 = FACE_BOUND('',#11129,.F.);
#11129 = EDGE_LOOP('',(#11130,#11131,#11152,#11153));
#11130 = ORIENTED_EDGE('',*,*,#1660,.T.);
#11131 = ORIENTED_EDGE('',*,*,#11132,.T.);
#11132 = EDGE_CURVE('',#1635,#5204,#11133,.T.);
#11133 = SURFACE_CURVE('',#11134,(#11138,#11145),.PCURVE_S1.);
#11134 = LINE('',#11135,#11136);
#11135 = CARTESIAN_POINT('',(144.05515544469,-5.,536.62583570308));
#11136 = VECTOR('',#11137,1.);
#11137 = DIRECTION('',(0.,1.,0.));
#11138 = PCURVE('',#1675,#11139);
#11139 = DEFINITIONAL_REPRESENTATION('',(#11140),#11144);
#11140 = LINE('',#11141,#11142);
#11141 = CARTESIAN_POINT('',(0.,0.));
#11142 = VECTOR('',#11143,1.);
#11143 = DIRECTION('',(0.,-1.));
#11144 = ( GEOMETRIC_REPRESENTATION_CONTEXT(2) 
PARAMETRIC_REPRESENTATION_CONTEXT() REPRESENTATION_CONTEXT('2D SPACE',''
  ) );
#11145 = PCURVE('',#1649,#11146);
#11146 = DEFINITIONAL_REPRESENTATION('',(#11147),#11151);
#11147 = LINE('',#11148,#11149);
#11148 = CARTESIAN_POINT('',(1.413992974195,0.));
#11149 = VECTOR('',#11150,1.);
#11150 = DIRECTION('',(0.,-1.));
#11151 = ( GEOMETRIC_REPRESENTATION_CONTEXT(2) 
PARAMETRIC_REPRESENTATION_CONTEXT() REPRESENTATION_CONTEXT('2D SPACE',''
  ) );
#11152 = ORIENTED_EDGE('',*,*,#5226,.T.);
#11153 = ORIENTED_EDGE('',*,*,#11105,.F.);
#11154 = ADVANCED_FACE('',(#11155),#1649,.F.);
#11155 = FACE_BOUND('',#11156,.F.);
#11156 = EDGE_LOOP('',(#11157,#11158,#11179,#11180));
#11157 = ORIENTED_EDGE('',*,*,#1634,.T.);
#11158 = ORIENTED_EDGE('',*,*,#11159,.T.);
#11159 = EDGE_CURVE('',#1609,#5181,#11160,.T.);
#11160 = SURFACE_CURVE('',#11161,(#11165,#11172),.PCURVE_S1.);
#11161 = LINE('',#11162,#11163);
#11162 = CARTESIAN_POINT('',(145.2217484066,-5.,535.82681318007));
#11163 = VECTOR('',#11164,1.);
#11164 = DIRECTION('',(0.,1.,0.));
#11165 = PCURVE('',#1649,#11166);
#11166 = DEFINITIONAL_REPRESENTATION('',(#11167),#11171);
#11167 = LINE('',#11168,#11169);
#11168 = CARTESIAN_POINT('',(0.,0.));
#11169 = VECTOR('',#11170,1.);
#11170 = DIRECTION('',(0.,-1.));
#11171 = ( GEOMETRIC_REPRESENTATION_CONTEXT(2) 
PARAMETRIC_REPRESENTATION_CONTEXT() REPRESENTATION_CONTEXT('2D SPACE',''
  ) );
#11172 = PCURVE('',#1623,#11173);
#11173 = DEFINITIONAL_REPRESENTATION('',(#11174),#11178);
#11174 = LINE('',#11175,#11176);
#11175 = CARTESIAN_POINT('',(1.451006178375,0.));
#11176 = VECTOR('',#11177,1.);
#11177 = DIRECTION('',(0.,-1.));
#11178 = ( GEOMETRIC_REPRESENTATION_CONTEXT(2) 
PARAMETRIC_REPRESENTATION_CONTEXT() REPRESENTATION_CONTEXT('2D SPACE',''
  ) );
#11179 = ORIENTED_EDGE('',*,*,#5203,.T.);
#11180 = ORIENTED_EDGE('',*,*,#11132,.F.);
#11181 = ADVANCED_FACE('',(#11182),#1623,.F.);
#11182 = FACE_BOUND('',#11183,.F.);
#11183 = EDGE_LOOP('',(#11184,#11185,#11206,#11207));
#11184 = ORIENTED_EDGE('',*,*,#1608,.T.);
#11185 = ORIENTED_EDGE('',*,*,#11186,.T.);
#11186 = EDGE_CURVE('',#1583,#5158,#11187,.T.);
#11187 = SURFACE_CURVE('',#11188,(#11192,#11199),.PCURVE_S1.);
#11188 = LINE('',#11189,#11190);
#11189 = CARTESIAN_POINT('',(146.40777232381,-5.,534.99089081675));
#11190 = VECTOR('',#11191,1.);
#11191 = DIRECTION('',(0.,1.,0.));
#11192 = PCURVE('',#1623,#11193);
#11193 = DEFINITIONAL_REPRESENTATION('',(#11194),#11198);
#11194 = LINE('',#11195,#11196);
#11195 = CARTESIAN_POINT('',(0.,0.));
#11196 = VECTOR('',#11197,1.);
#11197 = DIRECTION('',(0.,-1.));
#11198 = ( GEOMETRIC_REPRESENTATION_CONTEXT(2) 
PARAMETRIC_REPRESENTATION_CONTEXT() REPRESENTATION_CONTEXT('2D SPACE',''
  ) );
#11199 = PCURVE('',#1597,#11200);
#11200 = DEFINITIONAL_REPRESENTATION('',(#11201),#11205);
#11201 = LINE('',#11202,#11203);
#11202 = CARTESIAN_POINT('',(1.490972745423,0.));
#11203 = VECTOR('',#11204,1.);
#11204 = DIRECTION('',(0.,-1.));
#11205 = ( GEOMETRIC_REPRESENTATION_CONTEXT(2) 
PARAMETRIC_REPRESENTATION_CONTEXT() REPRESENTATION_CONTEXT('2D SPACE',''
  ) );
#11206 = ORIENTED_EDGE('',*,*,#5180,.T.);
#11207 = ORIENTED_EDGE('',*,*,#11159,.F.);
#11208 = ADVANCED_FACE('',(#11209),#1597,.F.);
#11209 = FACE_BOUND('',#11210,.F.);
#11210 = EDGE_LOOP('',(#11211,#11212,#11233,#11234));
#11211 = ORIENTED_EDGE('',*,*,#1582,.T.);
#11212 = ORIENTED_EDGE('',*,*,#11213,.T.);
#11213 = EDGE_CURVE('',#1557,#5135,#11214,.T.);
#11214 = SURFACE_CURVE('',#11215,(#11219,#11226),.PCURVE_S1.);
#11215 = LINE('',#11216,#11217);
#11216 = CARTESIAN_POINT('',(147.61492991444,-5.,534.11580780413));
#11217 = VECTOR('',#11218,1.);
#11218 = DIRECTION('',(0.,1.,0.));
#11219 = PCURVE('',#1597,#11220);
#11220 = DEFINITIONAL_REPRESENTATION('',(#11221),#11225);
#11221 = LINE('',#11222,#11223);
#11222 = CARTESIAN_POINT('',(0.,0.));
#11223 = VECTOR('',#11224,1.);
#11224 = DIRECTION('',(0.,-1.));
#11225 = ( GEOMETRIC_REPRESENTATION_CONTEXT(2) 
PARAMETRIC_REPRESENTATION_CONTEXT() REPRESENTATION_CONTEXT('2D SPACE',''
  ) );
#11226 = PCURVE('',#1571,#11227);
#11227 = DEFINITIONAL_REPRESENTATION('',(#11228),#11232);
#11228 = LINE('',#11229,#11230);
#11229 = CARTESIAN_POINT('',(1.53418043244,0.));
#11230 = VECTOR('',#11231,1.);
#11231 = DIRECTION('',(0.,-1.));
#11232 = ( GEOMETRIC_REPRESENTATION_CONTEXT(2) 
PARAMETRIC_REPRESENTATION_CONTEXT() REPRESENTATION_CONTEXT('2D SPACE',''
  ) );
#11233 = ORIENTED_EDGE('',*,*,#5157,.T.);
#11234 = ORIENTED_EDGE('',*,*,#11186,.F.);
#11235 = ADVANCED_FACE('',(#11236),#1571,.F.);
#11236 = FACE_BOUND('',#11237,.F.);
#11237 = EDGE_LOOP('',(#11238,#11239,#11260,#11261));
#11238 = ORIENTED_EDGE('',*,*,#1556,.T.);
#11239 = ORIENTED_EDGE('',*,*,#11240,.T.);
#11240 = EDGE_CURVE('',#1531,#5112,#11241,.T.);
#11241 = SURFACE_CURVE('',#11242,(#11246,#11253),.PCURVE_S1.);
#11242 = LINE('',#11243,#11244);
#11243 = CARTESIAN_POINT('',(148.84512232126,-5.,533.19910924873));
#11244 = VECTOR('',#11245,1.);
#11245 = DIRECTION('',(0.,1.,0.));
#11246 = PCURVE('',#1571,#11247);
#11247 = DEFINITIONAL_REPRESENTATION('',(#11248),#11252);
#11248 = LINE('',#11249,#11250);
#11249 = CARTESIAN_POINT('',(0.,0.));
#11250 = VECTOR('',#11251,1.);
#11251 = DIRECTION('',(0.,-1.));
#11252 = ( GEOMETRIC_REPRESENTATION_CONTEXT(2) 
PARAMETRIC_REPRESENTATION_CONTEXT() REPRESENTATION_CONTEXT('2D SPACE',''
  ) );
#11253 = PCURVE('',#1545,#11254);
#11254 = DEFINITIONAL_REPRESENTATION('',(#11255),#11259);
#11255 = LINE('',#11256,#11257);
#11256 = CARTESIAN_POINT('',(1.580972031664,0.));
#11257 = VECTOR('',#11258,1.);
#11258 = DIRECTION('',(0.,-1.));
#11259 = ( GEOMETRIC_REPRESENTATION_CONTEXT(2) 
PARAMETRIC_REPRESENTATION_CONTEXT() REPRESENTATION_CONTEXT('2D SPACE',''
  ) );
#11260 = ORIENTED_EDGE('',*,*,#5134,.T.);
#11261 = ORIENTED_EDGE('',*,*,#11213,.F.);
#11262 = ADVANCED_FACE('',(#11263),#1545,.F.);
#11263 = FACE_BOUND('',#11264,.F.);
#11264 = EDGE_LOOP('',(#11265,#11266,#11287,#11288));
#11265 = ORIENTED_EDGE('',*,*,#1530,.T.);
#11266 = ORIENTED_EDGE('',*,*,#11267,.T.);
#11267 = EDGE_CURVE('',#1505,#5089,#11268,.T.);
#11268 = SURFACE_CURVE('',#11269,(#11273,#11280),.PCURVE_S1.);
#11269 = LINE('',#11270,#11271);
#11270 = CARTESIAN_POINT('',(150.10049654143,-5.,532.23811594373));
#11271 = VECTOR('',#11272,1.);
#11272 = DIRECTION('',(0.,1.,0.));
#11273 = PCURVE('',#1545,#11274);
#11274 = DEFINITIONAL_REPRESENTATION('',(#11275),#11279);
#11275 = LINE('',#11276,#11277);
#11276 = CARTESIAN_POINT('',(0.,0.));
#11277 = VECTOR('',#11278,1.);
#11278 = DIRECTION('',(0.,-1.));
#11279 = ( GEOMETRIC_REPRESENTATION_CONTEXT(2) 
PARAMETRIC_REPRESENTATION_CONTEXT() REPRESENTATION_CONTEXT('2D SPACE',''
  ) );
#11280 = PCURVE('',#1519,#11281);
#11281 = DEFINITIONAL_REPRESENTATION('',(#11282),#11286);
#11282 = LINE('',#11283,#11284);
#11283 = CARTESIAN_POINT('',(1.631753765572,0.));
#11284 = VECTOR('',#11285,1.);
#11285 = DIRECTION('',(0.,-1.));
#11286 = ( GEOMETRIC_REPRESENTATION_CONTEXT(2) 
PARAMETRIC_REPRESENTATION_CONTEXT() REPRESENTATION_CONTEXT('2D SPACE',''
  ) );
#11287 = ORIENTED_EDGE('',*,*,#5111,.T.);
#11288 = ORIENTED_EDGE('',*,*,#11240,.F.);
#11289 = ADVANCED_FACE('',(#11290),#1519,.F.);
#11290 = FACE_BOUND('',#11291,.F.);
#11291 = EDGE_LOOP('',(#11292,#11293,#11314,#11315));
#11292 = ORIENTED_EDGE('',*,*,#1504,.T.);
#11293 = ORIENTED_EDGE('',*,*,#11294,.T.);
#11294 = EDGE_CURVE('',#1479,#5066,#11295,.T.);
#11295 = SURFACE_CURVE('',#11296,(#11300,#11307),.PCURVE_S1.);
#11296 = LINE('',#11297,#11298);
#11297 = CARTESIAN_POINT('',(151.38349729683,-5.,531.2298851105));
#11298 = VECTOR('',#11299,1.);
#11299 = DIRECTION('',(0.,1.,0.));
#11300 = PCURVE('',#1519,#11301);
#11301 = DEFINITIONAL_REPRESENTATION('',(#11302),#11306);
#11302 = LINE('',#11303,#11304);
#11303 = CARTESIAN_POINT('',(0.,0.));
#11304 = VECTOR('',#11305,1.);
#11305 = DIRECTION('',(0.,-1.));
#11306 = ( GEOMETRIC_REPRESENTATION_CONTEXT(2) 
PARAMETRIC_REPRESENTATION_CONTEXT() REPRESENTATION_CONTEXT('2D SPACE',''
  ) );
#11307 = PCURVE('',#1493,#11308);
#11308 = DEFINITIONAL_REPRESENTATION('',(#11309),#11313);
#11309 = LINE('',#11310,#11311);
#11310 = CARTESIAN_POINT('',(1.68700382521,0.));
#11311 = VECTOR('',#11312,1.);
#11312 = DIRECTION('',(0.,-1.));
#11313 = ( GEOMETRIC_REPRESENTATION_CONTEXT(2) 
PARAMETRIC_REPRESENTATION_CONTEXT() REPRESENTATION_CONTEXT('2D SPACE',''
  ) );
#11314 = ORIENTED_EDGE('',*,*,#5088,.T.);
#11315 = ORIENTED_EDGE('',*,*,#11267,.F.);
#11316 = ADVANCED_FACE('',(#11317),#1493,.F.);
#11317 = FACE_BOUND('',#11318,.F.);
#11318 = EDGE_LOOP('',(#11319,#11320,#11341,#11342));
#11319 = ORIENTED_EDGE('',*,*,#1478,.T.);
#11320 = ORIENTED_EDGE('',*,*,#11321,.T.);
#11321 = EDGE_CURVE('',#1453,#5043,#11322,.T.);
#11322 = SURFACE_CURVE('',#11323,(#11327,#11334),.PCURVE_S1.);
#11323 = LINE('',#11324,#11325);
#11324 = CARTESIAN_POINT('',(152.69692204286,-5.,530.17116071633));
#11325 = VECTOR('',#11326,1.);
#11326 = DIRECTION('',(0.,1.,0.));
#11327 = PCURVE('',#1493,#11328);
#11328 = DEFINITIONAL_REPRESENTATION('',(#11329),#11333);
#11329 = LINE('',#11330,#11331);
#11330 = CARTESIAN_POINT('',(0.,0.));
#11331 = VECTOR('',#11332,1.);
#11332 = DIRECTION('',(0.,-1.));
#11333 = ( GEOMETRIC_REPRESENTATION_CONTEXT(2) 
PARAMETRIC_REPRESENTATION_CONTEXT() REPRESENTATION_CONTEXT('2D SPACE',''
  ) );
#11334 = PCURVE('',#1467,#11335);
#11335 = DEFINITIONAL_REPRESENTATION('',(#11336),#11340);
#11336 = LINE('',#11337,#11338);
#11337 = CARTESIAN_POINT('',(1.747280624192,0.));
#11338 = VECTOR('',#11339,1.);
#11339 = DIRECTION('',(0.,-1.));
#11340 = ( GEOMETRIC_REPRESENTATION_CONTEXT(2) 
PARAMETRIC_REPRESENTATION_CONTEXT() REPRESENTATION_CONTEXT('2D SPACE',''
  ) );
#11341 = ORIENTED_EDGE('',*,*,#5065,.T.);
#11342 = ORIENTED_EDGE('',*,*,#11294,.F.);
#11343 = ADVANCED_FACE('',(#11344),#1467,.F.);
#11344 = FACE_BOUND('',#11345,.F.);
#11345 = EDGE_LOOP('',(#11346,#11347,#11368,#11369));
#11346 = ORIENTED_EDGE('',*,*,#1452,.T.);
#11347 = ORIENTED_EDGE('',*,*,#11348,.T.);
#11348 = EDGE_CURVE('',#1427,#5020,#11349,.T.);
#11349 = SURFACE_CURVE('',#11350,(#11354,#11361),.PCURVE_S1.);
#11350 = LINE('',#11351,#11352);
#11351 = CARTESIAN_POINT('',(154.0439771967,-5.,529.05831212277));
#11352 = VECTOR('',#11353,1.);
#11353 = DIRECTION('',(0.,1.,0.));
#11354 = PCURVE('',#1467,#11355);
#11355 = DEFINITIONAL_REPRESENTATION('',(#11356),#11360);
#11356 = LINE('',#11357,#11358);
#11357 = CARTESIAN_POINT('',(0.,0.));
#11358 = VECTOR('',#11359,1.);
#11359 = DIRECTION('',(0.,-1.));
#11360 = ( GEOMETRIC_REPRESENTATION_CONTEXT(2) 
PARAMETRIC_REPRESENTATION_CONTEXT() REPRESENTATION_CONTEXT('2D SPACE',''
  ) );
#11361 = PCURVE('',#1441,#11362);
#11362 = DEFINITIONAL_REPRESENTATION('',(#11363),#11367);
#11363 = LINE('',#11364,#11365);
#11364 = CARTESIAN_POINT('',(1.813230241858,0.));
#11365 = VECTOR('',#11366,1.);
#11366 = DIRECTION('',(0.,-1.));
#11367 = ( GEOMETRIC_REPRESENTATION_CONTEXT(2) 
PARAMETRIC_REPRESENTATION_CONTEXT() REPRESENTATION_CONTEXT('2D SPACE',''
  ) );
#11368 = ORIENTED_EDGE('',*,*,#5042,.T.);
#11369 = ORIENTED_EDGE('',*,*,#11321,.F.);
#11370 = ADVANCED_FACE('',(#11371),#1441,.F.);
#11371 = FACE_BOUND('',#11372,.F.);
#11372 = EDGE_LOOP('',(#11373,#11374,#11395,#11396));
#11373 = ORIENTED_EDGE('',*,*,#1426,.T.);
#11374 = ORIENTED_EDGE('',*,*,#11375,.T.);
#11375 = EDGE_CURVE('',#1401,#4997,#11376,.T.);
#11376 = SURFACE_CURVE('',#11377,(#11381,#11388),.PCURVE_S1.);
#11377 = LINE('',#11378,#11379);
#11378 = CARTESIAN_POINT('',(155.42833304437,-5.,527.88726011837));
#11379 = VECTOR('',#11380,1.);
#11380 = DIRECTION('',(0.,1.,0.));
#11381 = PCURVE('',#1441,#11382);
#11382 = DEFINITIONAL_REPRESENTATION('',(#11383),#11387);
#11383 = LINE('',#11384,#11385);
#11384 = CARTESIAN_POINT('',(0.,0.));
#11385 = VECTOR('',#11386,1.);
#11386 = DIRECTION('',(0.,-1.));
#11387 = ( GEOMETRIC_REPRESENTATION_CONTEXT(2) 
PARAMETRIC_REPRESENTATION_CONTEXT() REPRESENTATION_CONTEXT('2D SPACE',''
  ) );
#11388 = PCURVE('',#1415,#11389);
#11389 = DEFINITIONAL_REPRESENTATION('',(#11390),#11394);
#11390 = LINE('',#11391,#11392);
#11391 = CARTESIAN_POINT('',(1.885592486379,0.));
#11392 = VECTOR('',#11393,1.);
#11393 = DIRECTION('',(0.,-1.));
#11394 = ( GEOMETRIC_REPRESENTATION_CONTEXT(2) 
PARAMETRIC_REPRESENTATION_CONTEXT() REPRESENTATION_CONTEXT('2D SPACE',''
  ) );
#11395 = ORIENTED_EDGE('',*,*,#5019,.T.);
#11396 = ORIENTED_EDGE('',*,*,#11348,.F.);
#11397 = ADVANCED_FACE('',(#11398),#1415,.F.);
#11398 = FACE_BOUND('',#11399,.F.);
#11399 = EDGE_LOOP('',(#11400,#11401,#11422,#11423));
#11400 = ORIENTED_EDGE('',*,*,#1400,.T.);
#11401 = ORIENTED_EDGE('',*,*,#11402,.T.);
#11402 = EDGE_CURVE('',#1375,#4974,#11403,.T.);
#11403 = SURFACE_CURVE('',#11404,(#11408,#11415),.PCURVE_S1.);
#11404 = LINE('',#11405,#11406);
#11405 = CARTESIAN_POINT('',(156.85417425795,-5.,526.65338984223));
#11406 = VECTOR('',#11407,1.);
#11407 = DIRECTION('',(0.,1.,0.));
#11408 = PCURVE('',#1415,#11409);
#11409 = DEFINITIONAL_REPRESENTATION('',(#11410),#11414);
#11410 = LINE('',#11411,#11412);
#11411 = CARTESIAN_POINT('',(0.,0.));
#11412 = VECTOR('',#11413,1.);
#11413 = DIRECTION('',(0.,-1.));
#11414 = ( GEOMETRIC_REPRESENTATION_CONTEXT(2) 
PARAMETRIC_REPRESENTATION_CONTEXT() REPRESENTATION_CONTEXT('2D SPACE',''
  ) );
#11415 = PCURVE('',#1389,#11416);
#11416 = DEFINITIONAL_REPRESENTATION('',(#11417),#11421);
#11417 = LINE('',#11418,#11419);
#11418 = CARTESIAN_POINT('',(1.965205062367,0.));
#11419 = VECTOR('',#11420,1.);
#11420 = DIRECTION('',(0.,-1.));
#11421 = ( GEOMETRIC_REPRESENTATION_CONTEXT(2) 
PARAMETRIC_REPRESENTATION_CONTEXT() REPRESENTATION_CONTEXT('2D SPACE',''
  ) );
#11422 = ORIENTED_EDGE('',*,*,#4996,.T.);
#11423 = ORIENTED_EDGE('',*,*,#11375,.F.);
#11424 = ADVANCED_FACE('',(#11425),#1389,.F.);
#11425 = FACE_BOUND('',#11426,.F.);
#11426 = EDGE_LOOP('',(#11427,#11428,#11449,#11450));
#11427 = ORIENTED_EDGE('',*,*,#1374,.T.);
#11428 = ORIENTED_EDGE('',*,*,#11429,.T.);
#11429 = EDGE_CURVE('',#1349,#4951,#11430,.T.);
#11430 = SURFACE_CURVE('',#11431,(#11435,#11442),.PCURVE_S1.);
#11431 = LINE('',#11432,#11433);
#11432 = CARTESIAN_POINT('',(158.32624264609,-5.,525.35145067399));
#11433 = VECTOR('',#11434,1.);
#11434 = DIRECTION('',(0.,1.,0.));
#11435 = PCURVE('',#1389,#11436);
#11436 = DEFINITIONAL_REPRESENTATION('',(#11437),#11441);
#11437 = LINE('',#11438,#11439);
#11438 = CARTESIAN_POINT('',(0.,0.));
#11439 = VECTOR('',#11440,1.);
#11440 = DIRECTION('',(0.,-1.));
#11441 = ( GEOMETRIC_REPRESENTATION_CONTEXT(2) 
PARAMETRIC_REPRESENTATION_CONTEXT() REPRESENTATION_CONTEXT('2D SPACE',''
  ) );
#11442 = PCURVE('',#1363,#11443);
#11443 = DEFINITIONAL_REPRESENTATION('',(#11444),#11448);
#11444 = LINE('',#11445,#11446);
#11445 = CARTESIAN_POINT('',(2.053005513772,0.));
#11446 = VECTOR('',#11447,1.);
#11447 = DIRECTION('',(0.,-1.));
#11448 = ( GEOMETRIC_REPRESENTATION_CONTEXT(2) 
PARAMETRIC_REPRESENTATION_CONTEXT() REPRESENTATION_CONTEXT('2D SPACE',''
  ) );
#11449 = ORIENTED_EDGE('',*,*,#4973,.T.);
#11450 = ORIENTED_EDGE('',*,*,#11402,.F.);
#11451 = ADVANCED_FACE('',(#11452),#1363,.F.);
#11452 = FACE_BOUND('',#11453,.F.);
#11453 = EDGE_LOOP('',(#11454,#11455,#11476,#11477));
#11454 = ORIENTED_EDGE('',*,*,#1348,.T.);
#11455 = ORIENTED_EDGE('',*,*,#11456,.T.);
#11456 = EDGE_CURVE('',#1323,#4928,#11457,.T.);
#11457 = SURFACE_CURVE('',#11458,(#11462,#11469),.PCURVE_S1.);
#11458 = LINE('',#11459,#11460);
#11459 = CARTESIAN_POINT('',(159.84986879889,-5.,523.975443775));
#11460 = VECTOR('',#11461,1.);
#11461 = DIRECTION('',(0.,1.,0.));
#11462 = PCURVE('',#1363,#11463);
#11463 = DEFINITIONAL_REPRESENTATION('',(#11464),#11468);
#11464 = LINE('',#11465,#11466);
#11465 = CARTESIAN_POINT('',(0.,0.));
#11466 = VECTOR('',#11467,1.);
#11467 = DIRECTION('',(0.,-1.));
#11468 = ( GEOMETRIC_REPRESENTATION_CONTEXT(2) 
PARAMETRIC_REPRESENTATION_CONTEXT() REPRESENTATION_CONTEXT('2D SPACE',''
  ) );
#11469 = PCURVE('',#1337,#11470);
#11470 = DEFINITIONAL_REPRESENTATION('',(#11471),#11475);
#11471 = LINE('',#11472,#11473);
#11472 = CARTESIAN_POINT('',(2.150030947761,0.));
#11473 = VECTOR('',#11474,1.);
#11474 = DIRECTION('',(0.,-1.));
#11475 = ( GEOMETRIC_REPRESENTATION_CONTEXT(2) 
PARAMETRIC_REPRESENTATION_CONTEXT() REPRESENTATION_CONTEXT('2D SPACE',''
  ) );
#11476 = ORIENTED_EDGE('',*,*,#4950,.T.);
#11477 = ORIENTED_EDGE('',*,*,#11429,.F.);
#11478 = ADVANCED_FACE('',(#11479),#1337,.F.);
#11479 = FACE_BOUND('',#11480,.F.);
#11480 = EDGE_LOOP('',(#11481,#11482,#11503,#11504));
#11481 = ORIENTED_EDGE('',*,*,#1322,.T.);
#11482 = ORIENTED_EDGE('',*,*,#11483,.T.);
#11483 = EDGE_CURVE('',#1297,#4905,#11484,.T.);
#11484 = SURFACE_CURVE('',#11485,(#11489,#11496),.PCURVE_S1.);
#11485 = LINE('',#11486,#11487);
#11486 = CARTESIAN_POINT('',(161.43098977519,-5.,522.5184984999));
#11487 = VECTOR('',#11488,1.);
#11488 = DIRECTION('',(0.,1.,0.));
#11489 = PCURVE('',#1337,#11490);
#11490 = DEFINITIONAL_REPRESENTATION('',(#11491),#11495);
#11491 = LINE('',#11492,#11493);
#11492 = CARTESIAN_POINT('',(0.,0.));
#11493 = VECTOR('',#11494,1.);
#11494 = DIRECTION('',(0.,-1.));
#11495 = ( GEOMETRIC_REPRESENTATION_CONTEXT(2) 
PARAMETRIC_REPRESENTATION_CONTEXT() REPRESENTATION_CONTEXT('2D SPACE',''
  ) );
#11496 = PCURVE('',#1311,#11497);
#11497 = DEFINITIONAL_REPRESENTATION('',(#11498),#11502);
#11498 = LINE('',#11499,#11500);
#11499 = CARTESIAN_POINT('',(2.257416007718,0.));
#11500 = VECTOR('',#11501,1.);
#11501 = DIRECTION('',(0.,-1.));
#11502 = ( GEOMETRIC_REPRESENTATION_CONTEXT(2) 
PARAMETRIC_REPRESENTATION_CONTEXT() REPRESENTATION_CONTEXT('2D SPACE',''
  ) );
#11503 = ORIENTED_EDGE('',*,*,#4927,.T.);
#11504 = ORIENTED_EDGE('',*,*,#11456,.F.);
#11505 = ADVANCED_FACE('',(#11506),#1311,.F.);
#11506 = FACE_BOUND('',#11507,.F.);
#11507 = EDGE_LOOP('',(#11508,#11509,#11530,#11531));
#11508 = ORIENTED_EDGE('',*,*,#1296,.T.);
#11509 = ORIENTED_EDGE('',*,*,#11510,.T.);
#11510 = EDGE_CURVE('',#1271,#4882,#11511,.T.);
#11511 = SURFACE_CURVE('',#11512,(#11516,#11523),.PCURVE_S1.);
#11512 = LINE('',#11513,#11514);
#11513 = CARTESIAN_POINT('',(163.07615095058,-5.,520.97273922404));
#11514 = VECTOR('',#11515,1.);
#11515 = DIRECTION('',(0.,1.,0.));
#11516 = PCURVE('',#1311,#11517);
#11517 = DEFINITIONAL_REPRESENTATION('',(#11518),#11522);
#11518 = LINE('',#11519,#11520);
#11519 = CARTESIAN_POINT('',(0.,0.));
#11520 = VECTOR('',#11521,1.);
#11521 = DIRECTION('',(0.,-1.));
#11522 = ( GEOMETRIC_REPRESENTATION_CONTEXT(2) 
PARAMETRIC_REPRESENTATION_CONTEXT() REPRESENTATION_CONTEXT('2D SPACE',''
  ) );
#11523 = PCURVE('',#1285,#11524);
#11524 = DEFINITIONAL_REPRESENTATION('',(#11525),#11529);
#11525 = LINE('',#11526,#11527);
#11526 = CARTESIAN_POINT('',(2.37639008276,0.));
#11527 = VECTOR('',#11528,1.);
#11528 = DIRECTION('',(0.,-1.));
#11529 = ( GEOMETRIC_REPRESENTATION_CONTEXT(2) 
PARAMETRIC_REPRESENTATION_CONTEXT() REPRESENTATION_CONTEXT('2D SPACE',''
  ) );
#11530 = ORIENTED_EDGE('',*,*,#4904,.T.);
#11531 = ORIENTED_EDGE('',*,*,#11483,.F.);
#11532 = ADVANCED_FACE('',(#11533),#1285,.F.);
#11533 = FACE_BOUND('',#11534,.F.);
#11534 = EDGE_LOOP('',(#11535,#11536,#11557,#11558));
#11535 = ORIENTED_EDGE('',*,*,#1270,.T.);
#11536 = ORIENTED_EDGE('',*,*,#11537,.T.);
#11537 = EDGE_CURVE('',#1245,#4859,#11538,.T.);
#11538 = SURFACE_CURVE('',#11539,(#11543,#11550),.PCURVE_S1.);
#11539 = LINE('',#11540,#11541);
#11540 = CARTESIAN_POINT('',(164.79249152985,-5.,519.3291441275));
#11541 = VECTOR('',#11542,1.);
#11542 = DIRECTION('',(0.,1.,0.));
#11543 = PCURVE('',#1285,#11544);
#11544 = DEFINITIONAL_REPRESENTATION('',(#11545),#11549);
#11545 = LINE('',#11546,#11547);
#11546 = CARTESIAN_POINT('',(0.,0.));
#11547 = VECTOR('',#11548,1.);
#11548 = DIRECTION('',(0.,-1.));
#11549 = ( GEOMETRIC_REPRESENTATION_CONTEXT(2) 
PARAMETRIC_REPRESENTATION_CONTEXT() REPRESENTATION_CONTEXT('2D SPACE',''
  ) );
#11550 = PCURVE('',#1259,#11551);
#11551 = DEFINITIONAL_REPRESENTATION('',(#11552),#11556);
#11552 = LINE('',#11553,#11554);
#11553 = CARTESIAN_POINT('',(2.508911447336,0.));
#11554 = VECTOR('',#11555,1.);
#11555 = DIRECTION('',(0.,-1.));
#11556 = ( GEOMETRIC_REPRESENTATION_CONTEXT(2) 
PARAMETRIC_REPRESENTATION_CONTEXT() REPRESENTATION_CONTEXT('2D SPACE',''
  ) );
#11557 = ORIENTED_EDGE('',*,*,#4881,.T.);
#11558 = ORIENTED_EDGE('',*,*,#11510,.F.);
#11559 = ADVANCED_FACE('',(#11560),#1259,.F.);
#11560 = FACE_BOUND('',#11561,.F.);
#11561 = EDGE_LOOP('',(#11562,#11563,#11584,#11585));
#11562 = ORIENTED_EDGE('',*,*,#1244,.T.);
#11563 = ORIENTED_EDGE('',*,*,#11564,.T.);
#11564 = EDGE_CURVE('',#1219,#4836,#11565,.T.);
#11565 = SURFACE_CURVE('',#11566,(#11570,#11577),.PCURVE_S1.);
#11566 = LINE('',#11567,#11568);
#11567 = CARTESIAN_POINT('',(166.58816794487,-5.,517.57695039873));
#11568 = VECTOR('',#11569,1.);
#11569 = DIRECTION('',(0.,1.,0.));
#11570 = PCURVE('',#1259,#11571);
#11571 = DEFINITIONAL_REPRESENTATION('',(#11572),#11576);
#11572 = LINE('',#11573,#11574);
#11573 = CARTESIAN_POINT('',(0.,0.));
#11574 = VECTOR('',#11575,1.);
#11575 = DIRECTION('',(0.,-1.));
#11576 = ( GEOMETRIC_REPRESENTATION_CONTEXT(2) 
PARAMETRIC_REPRESENTATION_CONTEXT() REPRESENTATION_CONTEXT('2D SPACE',''
  ) );
#11577 = PCURVE('',#1233,#11578);
#11578 = DEFINITIONAL_REPRESENTATION('',(#11579),#11583);
#11579 = LINE('',#11580,#11581);
#11580 = CARTESIAN_POINT('',(2.653439659263,0.));
#11581 = VECTOR('',#11582,1.);
#11582 = DIRECTION('',(0.,-1.));
#11583 = ( GEOMETRIC_REPRESENTATION_CONTEXT(2) 
PARAMETRIC_REPRESENTATION_CONTEXT() REPRESENTATION_CONTEXT('2D SPACE',''
  ) );
#11584 = ORIENTED_EDGE('',*,*,#4858,.T.);
#11585 = ORIENTED_EDGE('',*,*,#11537,.F.);
#11586 = ADVANCED_FACE('',(#11587),#1233,.F.);
#11587 = FACE_BOUND('',#11588,.F.);
#11588 = EDGE_LOOP('',(#11589,#11590,#11611,#11612));
#11589 = ORIENTED_EDGE('',*,*,#1218,.T.);
#11590 = ORIENTED_EDGE('',*,*,#11591,.T.);
#11591 = EDGE_CURVE('',#1193,#4813,#11592,.T.);
#11592 = SURFACE_CURVE('',#11593,(#11597,#11604),.PCURVE_S1.);
#11593 = LINE('',#11594,#11595);
#11594 = CARTESIAN_POINT('',(168.46779613851,-5.,515.70405427801));
#11595 = VECTOR('',#11596,1.);
#11596 = DIRECTION('',(0.,1.,0.));
#11597 = PCURVE('',#1233,#11598);
#11598 = DEFINITIONAL_REPRESENTATION('',(#11599),#11603);
#11599 = LINE('',#11600,#11601);
#11600 = CARTESIAN_POINT('',(0.,0.));
#11601 = VECTOR('',#11602,1.);
#11602 = DIRECTION('',(0.,-1.));
#11603 = ( GEOMETRIC_REPRESENTATION_CONTEXT(2) 
PARAMETRIC_REPRESENTATION_CONTEXT() REPRESENTATION_CONTEXT('2D SPACE',''
  ) );
#11604 = PCURVE('',#1207,#11605);
#11605 = DEFINITIONAL_REPRESENTATION('',(#11606),#11610);
#11606 = LINE('',#11607,#11608);
#11607 = CARTESIAN_POINT('',(2.808753354575,0.));
#11608 = VECTOR('',#11609,1.);
#11609 = DIRECTION('',(0.,-1.));
#11610 = ( GEOMETRIC_REPRESENTATION_CONTEXT(2) 
PARAMETRIC_REPRESENTATION_CONTEXT() REPRESENTATION_CONTEXT('2D SPACE',''
  ) );
#11611 = ORIENTED_EDGE('',*,*,#4835,.T.);
#11612 = ORIENTED_EDGE('',*,*,#11564,.F.);
#11613 = ADVANCED_FACE('',(#11614),#1207,.F.);
#11614 = FACE_BOUND('',#11615,.F.);
#11615 = EDGE_LOOP('',(#11616,#11617,#11638,#11639));
#11616 = ORIENTED_EDGE('',*,*,#1192,.T.);
#11617 = ORIENTED_EDGE('',*,*,#11618,.T.);
#11618 = EDGE_CURVE('',#1167,#4811,#11619,.T.);
#11619 = SURFACE_CURVE('',#11620,(#11624,#11631),.PCURVE_S1.);
#11620 = LINE('',#11621,#11622);
#11621 = CARTESIAN_POINT('',(170.43393952169,-5.,513.69821889004));
#11622 = VECTOR('',#11623,1.);
#11623 = DIRECTION('',(0.,1.,0.));
#11624 = PCURVE('',#1207,#11625);
#11625 = DEFINITIONAL_REPRESENTATION('',(#11626),#11630);
#11626 = LINE('',#11627,#11628);
#11627 = CARTESIAN_POINT('',(0.,0.));
#11628 = VECTOR('',#11629,1.);
#11629 = DIRECTION('',(0.,-1.));
#11630 = ( GEOMETRIC_REPRESENTATION_CONTEXT(2) 
PARAMETRIC_REPRESENTATION_CONTEXT() REPRESENTATION_CONTEXT('2D SPACE',''
  ) );
#11631 = PCURVE('',#1181,#11632);
#11632 = DEFINITIONAL_REPRESENTATION('',(#11633),#11637);
#11633 = LINE('',#11634,#11635);
#11634 = CARTESIAN_POINT('',(2.978153370381,0.));
#11635 = VECTOR('',#11636,1.);
#11636 = DIRECTION('',(0.,-1.));
#11637 = ( GEOMETRIC_REPRESENTATION_CONTEXT(2) 
PARAMETRIC_REPRESENTATION_CONTEXT() REPRESENTATION_CONTEXT('2D SPACE',''
  ) );
#11638 = ORIENTED_EDGE('',*,*,#4810,.T.);
#11639 = ORIENTED_EDGE('',*,*,#11591,.F.);
#11640 = ADVANCED_FACE('',(#11641),#1181,.F.);
#11641 = FACE_BOUND('',#11642,.F.);
#11642 = EDGE_LOOP('',(#11643,#11644,#11665,#11666));
#11643 = ORIENTED_EDGE('',*,*,#1166,.T.);
#11644 = ORIENTED_EDGE('',*,*,#11645,.T.);
#11645 = EDGE_CURVE('',#1141,#7318,#11646,.T.);
#11646 = SURFACE_CURVE('',#11647,(#11651,#11658),.PCURVE_S1.);
#11647 = LINE('',#11648,#11649);
#11648 = CARTESIAN_POINT('',(172.49234724433,-5.,511.54592821616));
#11649 = VECTOR('',#11650,1.);
#11650 = DIRECTION('',(0.,1.,0.));
#11651 = PCURVE('',#1181,#11652);
#11652 = DEFINITIONAL_REPRESENTATION('',(#11653),#11657);
#11653 = LINE('',#11654,#11655);
#11654 = CARTESIAN_POINT('',(0.,0.));
#11655 = VECTOR('',#11656,1.);
#11656 = DIRECTION('',(0.,-1.));
#11657 = ( GEOMETRIC_REPRESENTATION_CONTEXT(2) 
PARAMETRIC_REPRESENTATION_CONTEXT() REPRESENTATION_CONTEXT('2D SPACE',''
  ) );
#11658 = PCURVE('',#1155,#11659);
#11659 = DEFINITIONAL_REPRESENTATION('',(#11660),#11664);
#11660 = LINE('',#11661,#11662);
#11661 = CARTESIAN_POINT('',(3.163138377828,0.));
#11662 = VECTOR('',#11663,1.);
#11663 = DIRECTION('',(0.,-1.));
#11664 = ( GEOMETRIC_REPRESENTATION_CONTEXT(2) 
PARAMETRIC_REPRESENTATION_CONTEXT() REPRESENTATION_CONTEXT('2D SPACE',''
  ) );
#11665 = ORIENTED_EDGE('',*,*,#7340,.T.);
#11666 = ORIENTED_EDGE('',*,*,#11618,.F.);
#11667 = ADVANCED_FACE('',(#11668),#1155,.F.);
#11668 = FACE_BOUND('',#11669,.F.);
#11669 = EDGE_LOOP('',(#11670,#11671,#11692,#11693));
#11670 = ORIENTED_EDGE('',*,*,#1140,.T.);
#11671 = ORIENTED_EDGE('',*,*,#11672,.T.);
#11672 = EDGE_CURVE('',#1115,#7295,#11673,.T.);
#11673 = SURFACE_CURVE('',#11674,(#11678,#11685),.PCURVE_S1.);
#11674 = LINE('',#11675,#11676);
#11675 = CARTESIAN_POINT('',(174.64879740659,-5.,509.2318048195));
#11676 = VECTOR('',#11677,1.);
#11677 = DIRECTION('',(0.,1.,0.));
#11678 = PCURVE('',#1155,#11679);
#11679 = DEFINITIONAL_REPRESENTATION('',(#11680),#11684);
#11680 = LINE('',#11681,#11682);
#11681 = CARTESIAN_POINT('',(0.,0.));
#11682 = VECTOR('',#11683,1.);
#11683 = DIRECTION('',(0.,-1.));
#11684 = ( GEOMETRIC_REPRESENTATION_CONTEXT(2) 
PARAMETRIC_REPRESENTATION_CONTEXT() REPRESENTATION_CONTEXT('2D SPACE',''
  ) );
#11685 = PCURVE('',#1129,#11686);
#11686 = DEFINITIONAL_REPRESENTATION('',(#11687),#11691);
#11687 = LINE('',#11688,#11689);
#11688 = CARTESIAN_POINT('',(3.364568003296,0.));
#11689 = VECTOR('',#11690,1.);
#11690 = DIRECTION('',(0.,-1.));
#11691 = ( GEOMETRIC_REPRESENTATION_CONTEXT(2) 
PARAMETRIC_REPRESENTATION_CONTEXT() REPRESENTATION_CONTEXT('2D SPACE',''
  ) );
#11692 = ORIENTED_EDGE('',*,*,#7317,.T.);
#11693 = ORIENTED_EDGE('',*,*,#11645,.F.);
#11694 = ADVANCED_FACE('',(#11695),#1129,.F.);
#11695 = FACE_BOUND('',#11696,.F.);
#11696 = EDGE_LOOP('',(#11697,#11698,#11719,#11720));
#11697 = ORIENTED_EDGE('',*,*,#1114,.T.);
#11698 = ORIENTED_EDGE('',*,*,#11699,.T.);
#11699 = EDGE_CURVE('',#1089,#7272,#11700,.T.);
#11700 = SURFACE_CURVE('',#11701,(#11705,#11712),.PCURVE_S1.);
#11701 = LINE('',#11702,#11703);
#11702 = CARTESIAN_POINT('',(176.90846474051,-5.,506.73897081203));
#11703 = VECTOR('',#11704,1.);
#11704 = DIRECTION('',(0.,1.,0.));
#11705 = PCURVE('',#1129,#11706);
#11706 = DEFINITIONAL_REPRESENTATION('',(#11707),#11711);
#11707 = LINE('',#11708,#11709);
#11708 = CARTESIAN_POINT('',(0.,0.));
#11709 = VECTOR('',#11710,1.);
#11710 = DIRECTION('',(0.,-1.));
#11711 = ( GEOMETRIC_REPRESENTATION_CONTEXT(2) 
PARAMETRIC_REPRESENTATION_CONTEXT() REPRESENTATION_CONTEXT('2D SPACE',''
  ) );
#11712 = PCURVE('',#1103,#11713);
#11713 = DEFINITIONAL_REPRESENTATION('',(#11714),#11718);
#11714 = LINE('',#11715,#11716);
#11715 = CARTESIAN_POINT('',(3.583188582217,0.));
#11716 = VECTOR('',#11717,1.);
#11717 = DIRECTION('',(0.,-1.));
#11718 = ( GEOMETRIC_REPRESENTATION_CONTEXT(2) 
PARAMETRIC_REPRESENTATION_CONTEXT() REPRESENTATION_CONTEXT('2D SPACE',''
  ) );
#11719 = ORIENTED_EDGE('',*,*,#7294,.T.);
#11720 = ORIENTED_EDGE('',*,*,#11672,.F.);
#11721 = ADVANCED_FACE('',(#11722),#1103,.F.);
#11722 = FACE_BOUND('',#11723,.F.);
#11723 = EDGE_LOOP('',(#11724,#11725,#11746,#11747));
#11724 = ORIENTED_EDGE('',*,*,#1088,.T.);
#11725 = ORIENTED_EDGE('',*,*,#11726,.T.);
#11726 = EDGE_CURVE('',#1063,#7249,#11727,.T.);
#11727 = SURFACE_CURVE('',#11728,(#11732,#11739),.PCURVE_S1.);
#11728 = LINE('',#11729,#11730);
#11729 = CARTESIAN_POINT('',(179.27564761104,-5.,504.04904782554));
#11730 = VECTOR('',#11731,1.);
#11731 = DIRECTION('',(0.,1.,0.));
#11732 = PCURVE('',#1103,#11733);
#11733 = DEFINITIONAL_REPRESENTATION('',(#11734),#11738);
#11734 = LINE('',#11735,#11736);
#11735 = CARTESIAN_POINT('',(0.,0.));
#11736 = VECTOR('',#11737,1.);
#11737 = DIRECTION('',(0.,-1.));
#11738 = ( GEOMETRIC_REPRESENTATION_CONTEXT(2) 
PARAMETRIC_REPRESENTATION_CONTEXT() REPRESENTATION_CONTEXT('2D SPACE',''
  ) );
#11739 = PCURVE('',#1077,#11740);
#11740 = DEFINITIONAL_REPRESENTATION('',(#11741),#11745);
#11741 = LINE('',#11742,#11743);
#11742 = CARTESIAN_POINT('',(3.819583347448,0.));
#11743 = VECTOR('',#11744,1.);
#11744 = DIRECTION('',(0.,-1.));
#11745 = ( GEOMETRIC_REPRESENTATION_CONTEXT(2) 
PARAMETRIC_REPRESENTATION_CONTEXT() REPRESENTATION_CONTEXT('2D SPACE',''
  ) );
#11746 = ORIENTED_EDGE('',*,*,#7271,.T.);
#11747 = ORIENTED_EDGE('',*,*,#11699,.F.);
#11748 = ADVANCED_FACE('',(#11749),#1077,.F.);
#11749 = FACE_BOUND('',#11750,.F.);
#11750 = EDGE_LOOP('',(#11751,#11752,#11753,#11774,#11775));
#11751 = ORIENTED_EDGE('',*,*,#11726,.F.);
#11752 = ORIENTED_EDGE('',*,*,#1062,.T.);
#11753 = ORIENTED_EDGE('',*,*,#11754,.T.);
#11754 = EDGE_CURVE('',#1037,#7708,#11755,.T.);
#11755 = SURFACE_CURVE('',#11756,(#11760,#11767),.PCURVE_S1.);
#11756 = LINE('',#11757,#11758);
#11757 = CARTESIAN_POINT('',(181.75344277697,-5.,501.14220278946));
#11758 = VECTOR('',#11759,1.);
#11759 = DIRECTION('',(0.,1.,0.));
#11760 = PCURVE('',#1077,#11761);
#11761 = DEFINITIONAL_REPRESENTATION('',(#11762),#11766);
#11762 = LINE('',#11763,#11764);
#11763 = CARTESIAN_POINT('',(0.,0.));
#11764 = VECTOR('',#11765,1.);
#11765 = DIRECTION('',(0.,-1.));
#11766 = ( GEOMETRIC_REPRESENTATION_CONTEXT(2) 
PARAMETRIC_REPRESENTATION_CONTEXT() REPRESENTATION_CONTEXT('2D SPACE',''
  ) );
#11767 = PCURVE('',#1051,#11768);
#11768 = DEFINITIONAL_REPRESENTATION('',(#11769),#11773);
#11769 = LINE('',#11770,#11771);
#11770 = CARTESIAN_POINT('',(4.07410240026,0.));
#11771 = VECTOR('',#11772,1.);
#11772 = DIRECTION('',(0.,-1.));
#11773 = ( GEOMETRIC_REPRESENTATION_CONTEXT(2) 
PARAMETRIC_REPRESENTATION_CONTEXT() REPRESENTATION_CONTEXT('2D SPACE',''
  ) );
#11774 = ORIENTED_EDGE('',*,*,#7707,.F.);
#11775 = ORIENTED_EDGE('',*,*,#7248,.T.);
#11776 = ADVANCED_FACE('',(#11777),#1051,.F.);
#11777 = FACE_BOUND('',#11778,.F.);
#11778 = EDGE_LOOP('',(#11779,#11780,#11781,#11802));
#11779 = ORIENTED_EDGE('',*,*,#11754,.F.);
#11780 = ORIENTED_EDGE('',*,*,#1036,.T.);
#11781 = ORIENTED_EDGE('',*,*,#11782,.T.);
#11782 = EDGE_CURVE('',#1011,#7736,#11783,.T.);
#11783 = SURFACE_CURVE('',#11784,(#11788,#11795),.PCURVE_S1.);
#11784 = LINE('',#11785,#11786);
#11785 = CARTESIAN_POINT('',(184.34335209207,-5.,497.99725762184));
#11786 = VECTOR('',#11787,1.);
#11787 = DIRECTION('',(0.,1.,0.));
#11788 = PCURVE('',#1051,#11789);
#11789 = DEFINITIONAL_REPRESENTATION('',(#11790),#11794);
#11790 = LINE('',#11791,#11792);
#11791 = CARTESIAN_POINT('',(0.,0.));
#11792 = VECTOR('',#11793,1.);
#11793 = DIRECTION('',(0.,-1.));
#11794 = ( GEOMETRIC_REPRESENTATION_CONTEXT(2) 
PARAMETRIC_REPRESENTATION_CONTEXT() REPRESENTATION_CONTEXT('2D SPACE',''
  ) );
#11795 = PCURVE('',#1025,#11796);
#11796 = DEFINITIONAL_REPRESENTATION('',(#11797),#11801);
#11797 = LINE('',#11798,#11799);
#11798 = CARTESIAN_POINT('',(4.346765556593,0.));
#11799 = VECTOR('',#11800,1.);
#11800 = DIRECTION('',(0.,-1.));
#11801 = ( GEOMETRIC_REPRESENTATION_CONTEXT(2) 
PARAMETRIC_REPRESENTATION_CONTEXT() REPRESENTATION_CONTEXT('2D SPACE',''
  ) );
#11802 = ORIENTED_EDGE('',*,*,#7735,.F.);
#11803 = ADVANCED_FACE('',(#11804),#1025,.F.);
#11804 = FACE_BOUND('',#11805,.F.);
#11805 = EDGE_LOOP('',(#11806,#11807,#11808,#11809));
#11806 = ORIENTED_EDGE('',*,*,#11782,.F.);
#11807 = ORIENTED_EDGE('',*,*,#1010,.T.);
#11808 = ORIENTED_EDGE('',*,*,#8036,.T.);
#11809 = ORIENTED_EDGE('',*,*,#7764,.F.);
#11810 = ADVANCED_FACE('',(#11811),#978,.F.);
#11811 = FACE_BOUND('',#11812,.F.);
#11812 = EDGE_LOOP('',(#11813,#11833,#11834));
#11813 = ORIENTED_EDGE('',*,*,#11814,.F.);
#11814 = EDGE_CURVE('',#8059,#935,#11815,.T.);
#11815 = SURFACE_CURVE('',#11816,(#11819,#11826),.PCURVE_S1.);
#11816 = B_SPLINE_CURVE_WITH_KNOTS('',1,(#11817,#11818),.UNSPECIFIED.,
  .F.,.F.,(2,2),(0.,1.),.PIECEWISE_BEZIER_KNOTS.);
#11817 = CARTESIAN_POINT('',(187.89306903313,8.538864512378,
    490.55886598076));
#11818 = CARTESIAN_POINT('',(188.21546759131,8.385779029374,
    490.44942641713));
#11819 = PCURVE('',#978,#11820);
#11820 = DEFINITIONAL_REPRESENTATION('',(#11821),#11825);
#11821 = LINE('',#11822,#11823);
#11822 = CARTESIAN_POINT('',(0.,0.));
#11823 = VECTOR('',#11824,1.);
#11824 = DIRECTION('',(0.,1.));
#11825 = ( GEOMETRIC_REPRESENTATION_CONTEXT(2) 
PARAMETRIC_REPRESENTATION_CONTEXT() REPRESENTATION_CONTEXT('2D SPACE',''
  ) );
#11826 = PCURVE('',#950,#11827);
#11827 = DEFINITIONAL_REPRESENTATION('',(#11828),#11832);
#11828 = LINE('',#11829,#11830);
#11829 = CARTESIAN_POINT('',(12.0381191999,0.));
#11830 = VECTOR('',#11831,1.);
#11831 = DIRECTION('',(0.,1.));
#11832 = ( GEOMETRIC_REPRESENTATION_CONTEXT(2) 
PARAMETRIC_REPRESENTATION_CONTEXT() REPRESENTATION_CONTEXT('2D SPACE',''
  ) );
#11833 = ORIENTED_EDGE('',*,*,#8058,.F.);
#11834 = ORIENTED_EDGE('',*,*,#962,.F.);
#11835 = ADVANCED_FACE('',(#11836),#950,.F.);
#11836 = FACE_BOUND('',#11837,.F.);
#11837 = EDGE_LOOP('',(#11838,#11839,#11840));
#11838 = ORIENTED_EDGE('',*,*,#8087,.F.);
#11839 = ORIENTED_EDGE('',*,*,#11814,.T.);
#11840 = ORIENTED_EDGE('',*,*,#934,.F.);
#11841 = ADVANCED_FACE('',(#11842),#4114,.T.);
#11842 = FACE_BOUND('',#11843,.F.);
#11843 = EDGE_LOOP('',(#11844,#11845,#11846,#11869));
#11844 = ORIENTED_EDGE('',*,*,#4098,.F.);
#11845 = ORIENTED_EDGE('',*,*,#4321,.T.);
#11846 = ORIENTED_EDGE('',*,*,#11847,.T.);
#11847 = EDGE_CURVE('',#4322,#11848,#11850,.T.);
#11848 = VERTEX_POINT('',#11849);
#11849 = CARTESIAN_POINT('',(2.,113.,591.6));
#11850 = SURFACE_CURVE('',#11851,(#11855,#11862),.PCURVE_S1.);
#11851 = LINE('',#11852,#11853);
#11852 = CARTESIAN_POINT('',(2.,113.,556.6));
#11853 = VECTOR('',#11854,1.);
#11854 = DIRECTION('',(0.,0.,1.));
#11855 = PCURVE('',#4114,#11856);
#11856 = DEFINITIONAL_REPRESENTATION('',(#11857),#11861);
#11857 = LINE('',#11858,#11859);
#11858 = CARTESIAN_POINT('',(-1.570796326795,0.));
#11859 = VECTOR('',#11860,1.);
#11860 = DIRECTION('',(-0.,1.));
#11861 = ( GEOMETRIC_REPRESENTATION_CONTEXT(2) 
PARAMETRIC_REPRESENTATION_CONTEXT() REPRESENTATION_CONTEXT('2D SPACE',''
  ) );
#11862 = PCURVE('',#4560,#11863);
#11863 = DEFINITIONAL_REPRESENTATION('',(#11864),#11868);
#11864 = LINE('',#11865,#11866);
#11865 = CARTESIAN_POINT('',(0.,2.));
#11866 = VECTOR('',#11867,1.);
#11867 = DIRECTION('',(1.,0.));
#11868 = ( GEOMETRIC_REPRESENTATION_CONTEXT(2) 
PARAMETRIC_REPRESENTATION_CONTEXT() REPRESENTATION_CONTEXT('2D SPACE',''
  ) );
#11869 = ORIENTED_EDGE('',*,*,#11870,.T.);
#11870 = EDGE_CURVE('',#11848,#4099,#11871,.T.);
#11871 = SURFACE_CURVE('',#11872,(#11877,#11883),.PCURVE_S1.);
#11872 = CIRCLE('',#11873,2.);
#11873 = AXIS2_PLACEMENT_3D('',#11874,#11875,#11876);
#11874 = CARTESIAN_POINT('',(2.,111.,591.6));
#11875 = DIRECTION('',(0.,0.,1.));
#11876 = DIRECTION('',(-1.,-0.,0.));
#11877 = PCURVE('',#4114,#11878);
#11878 = DEFINITIONAL_REPRESENTATION('',(#11879),#11882);
#11879 = B_SPLINE_CURVE_WITH_KNOTS('',1,(#11880,#11881),.UNSPECIFIED.,
  .F.,.F.,(2,2),(4.712388980385,6.28318530718),
  .PIECEWISE_BEZIER_KNOTS.);
#11880 = CARTESIAN_POINT('',(-1.570796326795,35.));
#11881 = CARTESIAN_POINT('',(0.,35.));
#11882 = ( GEOMETRIC_REPRESENTATION_CONTEXT(2) 
PARAMETRIC_REPRESENTATION_CONTEXT() REPRESENTATION_CONTEXT('2D SPACE',''
  ) );
#11883 = PCURVE('',#11884,#11889);
#11884 = SPHERICAL_SURFACE('',#11885,2.);
#11885 = AXIS2_PLACEMENT_3D('',#11886,#11887,#11888);
#11886 = CARTESIAN_POINT('',(2.,111.,591.6));
#11887 = DIRECTION('',(0.,-1.,-0.));
#11888 = DIRECTION('',(-1.,-0.,0.));
#11889 = DEFINITIONAL_REPRESENTATION('',(#11890),#11893);
#11890 = B_SPLINE_CURVE_WITH_KNOTS('',1,(#11891,#11892),.UNSPECIFIED.,
  .F.,.F.,(2,2),(4.712388980385,6.28318530718),
  .PIECEWISE_BEZIER_KNOTS.);
#11891 = CARTESIAN_POINT('',(0.,-1.570796326795));
#11892 = CARTESIAN_POINT('',(0.,0.));
#11893 = ( GEOMETRIC_REPRESENTATION_CONTEXT(2) 
PARAMETRIC_REPRESENTATION_CONTEXT() REPRESENTATION_CONTEXT('2D SPACE',''
  ) );
#11894 = ADVANCED_FACE('',(#11895),#4142,.T.);
#11895 = FACE_BOUND('',#11896,.T.);
#11896 = EDGE_LOOP('',(#11897,#11919,#11947,#11969));
#11897 = ORIENTED_EDGE('',*,*,#11898,.F.);
#11898 = EDGE_CURVE('',#11899,#4127,#11901,.T.);
#11899 = VERTEX_POINT('',#11900);
#11900 = CARTESIAN_POINT('',(2.,109.,593.6));
#11901 = SURFACE_CURVE('',#11902,(#11907,#11913),.PCURVE_S1.);
#11902 = CIRCLE('',#11903,2.);
#11903 = AXIS2_PLACEMENT_3D('',#11904,#11905,#11906);
#11904 = CARTESIAN_POINT('',(2.,109.,591.6));
#11905 = DIRECTION('',(0.,-1.,0.));
#11906 = DIRECTION('',(-1.,0.,0.));
#11907 = PCURVE('',#4142,#11908);
#11908 = DEFINITIONAL_REPRESENTATION('',(#11909),#11912);
#11909 = B_SPLINE_CURVE_WITH_KNOTS('',1,(#11910,#11911),.UNSPECIFIED.,
  .F.,.F.,(2,2),(4.712388980385,6.28318530718),
  .PIECEWISE_BEZIER_KNOTS.);
#11910 = CARTESIAN_POINT('',(1.570796326795,2.));
#11911 = CARTESIAN_POINT('',(0.,2.));
#11912 = ( GEOMETRIC_REPRESENTATION_CONTEXT(2) 
PARAMETRIC_REPRESENTATION_CONTEXT() REPRESENTATION_CONTEXT('2D SPACE',''
  ) );
#11913 = PCURVE('',#8651,#11914);
#11914 = DEFINITIONAL_REPRESENTATION('',(#11915),#11918);
#11915 = B_SPLINE_CURVE_WITH_KNOTS('',1,(#11916,#11917),.UNSPECIFIED.,
  .F.,.F.,(2,2),(4.712388980385,6.28318530718),
  .PIECEWISE_BEZIER_KNOTS.);
#11916 = CARTESIAN_POINT('',(0.,-1.570796326795));
#11917 = CARTESIAN_POINT('',(0.,0.));
#11918 = ( GEOMETRIC_REPRESENTATION_CONTEXT(2) 
PARAMETRIC_REPRESENTATION_CONTEXT() REPRESENTATION_CONTEXT('2D SPACE',''
  ) );
#11919 = ORIENTED_EDGE('',*,*,#11920,.T.);
#11920 = EDGE_CURVE('',#11899,#11921,#11923,.T.);
#11921 = VERTEX_POINT('',#11922);
#11922 = CARTESIAN_POINT('',(2.,111.,593.6));
#11923 = SURFACE_CURVE('',#11924,(#11928,#11935),.PCURVE_S1.);
#11924 = LINE('',#11925,#11926);
#11925 = CARTESIAN_POINT('',(2.,107.,593.6));
#11926 = VECTOR('',#11927,1.);
#11927 = DIRECTION('',(-0.,1.,0.));
#11928 = PCURVE('',#4142,#11929);
#11929 = DEFINITIONAL_REPRESENTATION('',(#11930),#11934);
#11930 = LINE('',#11931,#11932);
#11931 = CARTESIAN_POINT('',(1.570796326795,0.));
#11932 = VECTOR('',#11933,1.);
#11933 = DIRECTION('',(0.,1.));
#11934 = ( GEOMETRIC_REPRESENTATION_CONTEXT(2) 
PARAMETRIC_REPRESENTATION_CONTEXT() REPRESENTATION_CONTEXT('2D SPACE',''
  ) );
#11935 = PCURVE('',#11936,#11941);
#11936 = PLANE('',#11937);
#11937 = AXIS2_PLACEMENT_3D('',#11938,#11939,#11940);
#11938 = CARTESIAN_POINT('',(0.,107.,593.6));
#11939 = DIRECTION('',(0.,0.,1.));
#11940 = DIRECTION('',(1.,0.,-0.));
#11941 = DEFINITIONAL_REPRESENTATION('',(#11942),#11946);
#11942 = LINE('',#11943,#11944);
#11943 = CARTESIAN_POINT('',(2.,0.));
#11944 = VECTOR('',#11945,1.);
#11945 = DIRECTION('',(0.,1.));
#11946 = ( GEOMETRIC_REPRESENTATION_CONTEXT(2) 
PARAMETRIC_REPRESENTATION_CONTEXT() REPRESENTATION_CONTEXT('2D SPACE',''
  ) );
#11947 = ORIENTED_EDGE('',*,*,#11948,.F.);
#11948 = EDGE_CURVE('',#4099,#11921,#11949,.T.);
#11949 = SURFACE_CURVE('',#11950,(#11955,#11962),.PCURVE_S1.);
#11950 = CIRCLE('',#11951,2.);
#11951 = AXIS2_PLACEMENT_3D('',#11952,#11953,#11954);
#11952 = CARTESIAN_POINT('',(2.,111.,591.6));
#11953 = DIRECTION('',(-0.,1.,0.));
#11954 = DIRECTION('',(-1.,-0.,0.));
#11955 = PCURVE('',#4142,#11956);
#11956 = DEFINITIONAL_REPRESENTATION('',(#11957),#11961);
#11957 = LINE('',#11958,#11959);
#11958 = CARTESIAN_POINT('',(0.,4.));
#11959 = VECTOR('',#11960,1.);
#11960 = DIRECTION('',(1.,0.));
#11961 = ( GEOMETRIC_REPRESENTATION_CONTEXT(2) 
PARAMETRIC_REPRESENTATION_CONTEXT() REPRESENTATION_CONTEXT('2D SPACE',''
  ) );
#11962 = PCURVE('',#11884,#11963);
#11963 = DEFINITIONAL_REPRESENTATION('',(#11964),#11968);
#11964 = LINE('',#11965,#11966);
#11965 = CARTESIAN_POINT('',(-0.,0.));
#11966 = VECTOR('',#11967,1.);
#11967 = DIRECTION('',(-1.,0.));
#11968 = ( GEOMETRIC_REPRESENTATION_CONTEXT(2) 
PARAMETRIC_REPRESENTATION_CONTEXT() REPRESENTATION_CONTEXT('2D SPACE',''
  ) );
#11969 = ORIENTED_EDGE('',*,*,#4126,.F.);
#11970 = ADVANCED_FACE('',(#11971),#4560,.T.);
#11971 = FACE_BOUND('',#11972,.T.);
#11972 = EDGE_LOOP('',(#11973,#11974,#11975,#12003,#12024,#12025));
#11973 = ORIENTED_EDGE('',*,*,#4539,.F.);
#11974 = ORIENTED_EDGE('',*,*,#11847,.T.);
#11975 = ORIENTED_EDGE('',*,*,#11976,.T.);
#11976 = EDGE_CURVE('',#11848,#11977,#11979,.T.);
#11977 = VERTEX_POINT('',#11978);
#11978 = CARTESIAN_POINT('',(218.,113.,591.6));
#11979 = SURFACE_CURVE('',#11980,(#11984,#11991),.PCURVE_S1.);
#11980 = LINE('',#11981,#11982);
#11981 = CARTESIAN_POINT('',(0.,113.,591.6));
#11982 = VECTOR('',#11983,1.);
#11983 = DIRECTION('',(1.,0.,-0.));
#11984 = PCURVE('',#4560,#11985);
#11985 = DEFINITIONAL_REPRESENTATION('',(#11986),#11990);
#11986 = LINE('',#11987,#11988);
#11987 = CARTESIAN_POINT('',(35.,0.));
#11988 = VECTOR('',#11989,1.);
#11989 = DIRECTION('',(0.,1.));
#11990 = ( GEOMETRIC_REPRESENTATION_CONTEXT(2) 
PARAMETRIC_REPRESENTATION_CONTEXT() REPRESENTATION_CONTEXT('2D SPACE',''
  ) );
#11991 = PCURVE('',#11992,#11997);
#11992 = CYLINDRICAL_SURFACE('',#11993,2.);
#11993 = AXIS2_PLACEMENT_3D('',#11994,#11995,#11996);
#11994 = CARTESIAN_POINT('',(0.,111.,591.6));
#11995 = DIRECTION('',(1.,0.,-0.));
#11996 = DIRECTION('',(0.,1.,0.));
#11997 = DEFINITIONAL_REPRESENTATION('',(#11998),#12002);
#11998 = LINE('',#11999,#12000);
#11999 = CARTESIAN_POINT('',(0.,0.));
#12000 = VECTOR('',#12001,1.);
#12001 = DIRECTION('',(0.,1.));
#12002 = ( GEOMETRIC_REPRESENTATION_CONTEXT(2) 
PARAMETRIC_REPRESENTATION_CONTEXT() REPRESENTATION_CONTEXT('2D SPACE',''
  ) );
#12003 = ORIENTED_EDGE('',*,*,#12004,.F.);
#12004 = EDGE_CURVE('',#7545,#11977,#12005,.T.);
#12005 = SURFACE_CURVE('',#12006,(#12010,#12017),.PCURVE_S1.);
#12006 = LINE('',#12007,#12008);
#12007 = CARTESIAN_POINT('',(218.,113.,556.6));
#12008 = VECTOR('',#12009,1.);
#12009 = DIRECTION('',(0.,0.,1.));
#12010 = PCURVE('',#4560,#12011);
#12011 = DEFINITIONAL_REPRESENTATION('',(#12012),#12016);
#12012 = LINE('',#12013,#12014);
#12013 = CARTESIAN_POINT('',(0.,218.));
#12014 = VECTOR('',#12015,1.);
#12015 = DIRECTION('',(1.,0.));
#12016 = ( GEOMETRIC_REPRESENTATION_CONTEXT(2) 
PARAMETRIC_REPRESENTATION_CONTEXT() REPRESENTATION_CONTEXT('2D SPACE',''
  ) );
#12017 = PCURVE('',#7594,#12018);
#12018 = DEFINITIONAL_REPRESENTATION('',(#12019),#12023);
#12019 = LINE('',#12020,#12021);
#12020 = CARTESIAN_POINT('',(1.570796326795,0.));
#12021 = VECTOR('',#12022,1.);
#12022 = DIRECTION('',(0.,1.));
#12023 = ( GEOMETRIC_REPRESENTATION_CONTEXT(2) 
PARAMETRIC_REPRESENTATION_CONTEXT() REPRESENTATION_CONTEXT('2D SPACE',''
  ) );
#12024 = ORIENTED_EDGE('',*,*,#7623,.F.);
#12025 = ORIENTED_EDGE('',*,*,#4788,.F.);
#12026 = ADVANCED_FACE('',(#12027),#4615,.F.);
#12027 = FACE_BOUND('',#12028,.F.);
#12028 = EDGE_LOOP('',(#12029));
#12029 = ORIENTED_EDGE('',*,*,#4600,.T.);
#12030 = ADVANCED_FACE('',(#12031),#7380,.F.);
#12031 = FACE_BOUND('',#12032,.F.);
#12032 = EDGE_LOOP('',(#12033,#12034,#12057,#12084));
#12033 = ORIENTED_EDGE('',*,*,#7363,.F.);
#12034 = ORIENTED_EDGE('',*,*,#12035,.F.);
#12035 = EDGE_CURVE('',#12036,#7364,#12038,.T.);
#12036 = VERTEX_POINT('',#12037);
#12037 = CARTESIAN_POINT('',(63.909547720526,117.5,510.38648357175));
#12038 = SEAM_CURVE('',#12039,(#12043,#12050),.PCURVE_S1.);
#12039 = LINE('',#12040,#12041);
#12040 = CARTESIAN_POINT('',(63.909547720526,117.5,510.38648357175));
#12041 = VECTOR('',#12042,1.);
#12042 = DIRECTION('',(0.,-1.,2.22044604925E-16));
#12043 = PCURVE('',#7380,#12044);
#12044 = DEFINITIONAL_REPRESENTATION('',(#12045),#12049);
#12045 = LINE('',#12046,#12047);
#12046 = CARTESIAN_POINT('',(6.28318530718,-0.));
#12047 = VECTOR('',#12048,1.);
#12048 = DIRECTION('',(0.,1.));
#12049 = ( GEOMETRIC_REPRESENTATION_CONTEXT(2) 
PARAMETRIC_REPRESENTATION_CONTEXT() REPRESENTATION_CONTEXT('2D SPACE',''
  ) );
#12050 = PCURVE('',#7380,#12051);
#12051 = DEFINITIONAL_REPRESENTATION('',(#12052),#12056);
#12052 = LINE('',#12053,#12054);
#12053 = CARTESIAN_POINT('',(0.,-0.));
#12054 = VECTOR('',#12055,1.);
#12055 = DIRECTION('',(0.,1.));
#12056 = ( GEOMETRIC_REPRESENTATION_CONTEXT(2) 
PARAMETRIC_REPRESENTATION_CONTEXT() REPRESENTATION_CONTEXT('2D SPACE',''
  ) );
#12057 = ORIENTED_EDGE('',*,*,#12058,.T.);
#12058 = EDGE_CURVE('',#12036,#12036,#12059,.T.);
#12059 = SURFACE_CURVE('',#12060,(#12065,#12072),.PCURVE_S1.);
#12060 = CIRCLE('',#12061,2.05);
#12061 = AXIS2_PLACEMENT_3D('',#12062,#12063,#12064);
#12062 = CARTESIAN_POINT('',(61.859547720526,117.5,510.38648357175));
#12063 = DIRECTION('',(0.,-1.,2.22044604925E-16));
#12064 = DIRECTION('',(1.,0.,0.));
#12065 = PCURVE('',#7380,#12066);
#12066 = DEFINITIONAL_REPRESENTATION('',(#12067),#12071);
#12067 = LINE('',#12068,#12069);
#12068 = CARTESIAN_POINT('',(0.,0.));
#12069 = VECTOR('',#12070,1.);
#12070 = DIRECTION('',(1.,0.));
#12071 = ( GEOMETRIC_REPRESENTATION_CONTEXT(2) 
PARAMETRIC_REPRESENTATION_CONTEXT() REPRESENTATION_CONTEXT('2D SPACE',''
  ) );
#12072 = PCURVE('',#12073,#12078);
#12073 = PLANE('',#12074);
#12074 = AXIS2_PLACEMENT_3D('',#12075,#12076,#12077);
#12075 = CARTESIAN_POINT('',(61.859547720526,117.5,510.38648357175));
#12076 = DIRECTION('',(0.,-1.,2.22044604925E-16));
#12077 = DIRECTION('',(1.,0.,0.));
#12078 = DEFINITIONAL_REPRESENTATION('',(#12079),#12083);
#12079 = CIRCLE('',#12080,2.05);
#12080 = AXIS2_PLACEMENT_2D('',#12081,#12082);
#12081 = CARTESIAN_POINT('',(0.,0.));
#12082 = DIRECTION('',(1.,0.));
#12083 = ( GEOMETRIC_REPRESENTATION_CONTEXT(2) 
PARAMETRIC_REPRESENTATION_CONTEXT() REPRESENTATION_CONTEXT('2D SPACE',''
  ) );
#12084 = ORIENTED_EDGE('',*,*,#12035,.T.);
#12085 = ADVANCED_FACE('',(#12086),#7411,.F.);
#12086 = FACE_BOUND('',#12087,.F.);
#12087 = EDGE_LOOP('',(#12088,#12089,#12112,#12139));
#12088 = ORIENTED_EDGE('',*,*,#7394,.F.);
#12089 = ORIENTED_EDGE('',*,*,#12090,.F.);
#12090 = EDGE_CURVE('',#12091,#7395,#12093,.T.);
#12091 = VERTEX_POINT('',#12092);
#12092 = CARTESIAN_POINT('',(72.693802326436,116.3,500.19324178587));
#12093 = SEAM_CURVE('',#12094,(#12098,#12105),.PCURVE_S1.);
#12094 = LINE('',#12095,#12096);
#12095 = CARTESIAN_POINT('',(72.693802326436,116.3,500.19324178587));
#12096 = VECTOR('',#12097,1.);
#12097 = DIRECTION('',(0.,-1.,2.22044604925E-16));
#12098 = PCURVE('',#7411,#12099);
#12099 = DEFINITIONAL_REPRESENTATION('',(#12100),#12104);
#12100 = LINE('',#12101,#12102);
#12101 = CARTESIAN_POINT('',(6.28318530718,-0.));
#12102 = VECTOR('',#12103,1.);
#12103 = DIRECTION('',(0.,1.));
#12104 = ( GEOMETRIC_REPRESENTATION_CONTEXT(2) 
PARAMETRIC_REPRESENTATION_CONTEXT() REPRESENTATION_CONTEXT('2D SPACE',''
  ) );
#12105 = PCURVE('',#7411,#12106);
#12106 = DEFINITIONAL_REPRESENTATION('',(#12107),#12111);
#12107 = LINE('',#12108,#12109);
#12108 = CARTESIAN_POINT('',(0.,-0.));
#12109 = VECTOR('',#12110,1.);
#12110 = DIRECTION('',(0.,1.));
#12111 = ( GEOMETRIC_REPRESENTATION_CONTEXT(2) 
PARAMETRIC_REPRESENTATION_CONTEXT() REPRESENTATION_CONTEXT('2D SPACE',''
  ) );
#12112 = ORIENTED_EDGE('',*,*,#12113,.T.);
#12113 = EDGE_CURVE('',#12091,#12091,#12114,.T.);
#12114 = SURFACE_CURVE('',#12115,(#12120,#12127),.PCURVE_S1.);
#12115 = CIRCLE('',#12116,4.1);
#12116 = AXIS2_PLACEMENT_3D('',#12117,#12118,#12119);
#12117 = CARTESIAN_POINT('',(68.593802326436,116.3,500.19324178587));
#12118 = DIRECTION('',(0.,-1.,2.22044604925E-16));
#12119 = DIRECTION('',(1.,0.,0.));
#12120 = PCURVE('',#7411,#12121);
#12121 = DEFINITIONAL_REPRESENTATION('',(#12122),#12126);
#12122 = LINE('',#12123,#12124);
#12123 = CARTESIAN_POINT('',(0.,0.));
#12124 = VECTOR('',#12125,1.);
#12125 = DIRECTION('',(1.,0.));
#12126 = ( GEOMETRIC_REPRESENTATION_CONTEXT(2) 
PARAMETRIC_REPRESENTATION_CONTEXT() REPRESENTATION_CONTEXT('2D SPACE',''
  ) );
#12127 = PCURVE('',#12128,#12133);
#12128 = PLANE('',#12129);
#12129 = AXIS2_PLACEMENT_3D('',#12130,#12131,#12132);
#12130 = CARTESIAN_POINT('',(68.593802326436,116.3,500.19324178587));
#12131 = DIRECTION('',(0.,-1.,2.22044604925E-16));
#12132 = DIRECTION('',(1.,0.,0.));
#12133 = DEFINITIONAL_REPRESENTATION('',(#12134),#12138);
#12134 = CIRCLE('',#12135,4.1);
#12135 = AXIS2_PLACEMENT_2D('',#12136,#12137);
#12136 = CARTESIAN_POINT('',(0.,0.));
#12137 = DIRECTION('',(1.,0.));
#12138 = ( GEOMETRIC_REPRESENTATION_CONTEXT(2) 
PARAMETRIC_REPRESENTATION_CONTEXT() REPRESENTATION_CONTEXT('2D SPACE',''
  ) );
#12139 = ORIENTED_EDGE('',*,*,#12090,.T.);
#12140 = ADVANCED_FACE('',(#12141),#7442,.F.);
#12141 = FACE_BOUND('',#12142,.F.);
#12142 = EDGE_LOOP('',(#12143,#12144,#12167,#12194));
#12143 = ORIENTED_EDGE('',*,*,#7425,.F.);
#12144 = ORIENTED_EDGE('',*,*,#12145,.F.);
#12145 = EDGE_CURVE('',#12146,#7426,#12148,.T.);
#12146 = VERTEX_POINT('',#12147);
#12147 = CARTESIAN_POINT('',(140.3,132.,517.));
#12148 = SEAM_CURVE('',#12149,(#12153,#12160),.PCURVE_S1.);
#12149 = LINE('',#12150,#12151);
#12150 = CARTESIAN_POINT('',(140.3,132.,517.));
#12151 = VECTOR('',#12152,1.);
#12152 = DIRECTION('',(0.,-1.,2.22044604925E-16));
#12153 = PCURVE('',#7442,#12154);
#12154 = DEFINITIONAL_REPRESENTATION('',(#12155),#12159);
#12155 = LINE('',#12156,#12157);
#12156 = CARTESIAN_POINT('',(6.28318530718,-0.));
#12157 = VECTOR('',#12158,1.);
#12158 = DIRECTION('',(0.,1.));
#12159 = ( GEOMETRIC_REPRESENTATION_CONTEXT(2) 
PARAMETRIC_REPRESENTATION_CONTEXT() REPRESENTATION_CONTEXT('2D SPACE',''
  ) );
#12160 = PCURVE('',#7442,#12161);
#12161 = DEFINITIONAL_REPRESENTATION('',(#12162),#12166);
#12162 = LINE('',#12163,#12164);
#12163 = CARTESIAN_POINT('',(0.,-0.));
#12164 = VECTOR('',#12165,1.);
#12165 = DIRECTION('',(0.,1.));
#12166 = ( GEOMETRIC_REPRESENTATION_CONTEXT(2) 
PARAMETRIC_REPRESENTATION_CONTEXT() REPRESENTATION_CONTEXT('2D SPACE',''
  ) );
#12167 = ORIENTED_EDGE('',*,*,#12168,.T.);
#12168 = EDGE_CURVE('',#12146,#12146,#12169,.T.);
#12169 = SURFACE_CURVE('',#12170,(#12175,#12182),.PCURVE_S1.);
#12170 = CIRCLE('',#12171,30.3);
#12171 = AXIS2_PLACEMENT_3D('',#12172,#12173,#12174);
#12172 = CARTESIAN_POINT('',(110.,132.,517.));
#12173 = DIRECTION('',(0.,-1.,2.22044604925E-16));
#12174 = DIRECTION('',(1.,0.,0.));
#12175 = PCURVE('',#7442,#12176);
#12176 = DEFINITIONAL_REPRESENTATION('',(#12177),#12181);
#12177 = LINE('',#12178,#12179);
#12178 = CARTESIAN_POINT('',(0.,0.));
#12179 = VECTOR('',#12180,1.);
#12180 = DIRECTION('',(1.,0.));
#12181 = ( GEOMETRIC_REPRESENTATION_CONTEXT(2) 
PARAMETRIC_REPRESENTATION_CONTEXT() REPRESENTATION_CONTEXT('2D SPACE',''
  ) );
#12182 = PCURVE('',#12183,#12188);
#12183 = PLANE('',#12184);
#12184 = AXIS2_PLACEMENT_3D('',#12185,#12186,#12187);
#12185 = CARTESIAN_POINT('',(110.,132.,517.));
#12186 = DIRECTION('',(0.,-1.,2.22044604925E-16));
#12187 = DIRECTION('',(1.,0.,0.));
#12188 = DEFINITIONAL_REPRESENTATION('',(#12189),#12193);
#12189 = CIRCLE('',#12190,30.3);
#12190 = AXIS2_PLACEMENT_2D('',#12191,#12192);
#12191 = CARTESIAN_POINT('',(0.,0.));
#12192 = DIRECTION('',(1.,0.));
#12193 = ( GEOMETRIC_REPRESENTATION_CONTEXT(2) 
PARAMETRIC_REPRESENTATION_CONTEXT() REPRESENTATION_CONTEXT('2D SPACE',''
  ) );
#12194 = ORIENTED_EDGE('',*,*,#12145,.T.);
#12195 = ADVANCED_FACE('',(#12196),#7473,.F.);
#12196 = FACE_BOUND('',#12197,.F.);
#12197 = EDGE_LOOP('',(#12198,#12199,#12222,#12249));
#12198 = ORIENTED_EDGE('',*,*,#7456,.F.);
#12199 = ORIENTED_EDGE('',*,*,#12200,.F.);
#12200 = EDGE_CURVE('',#12201,#7457,#12203,.T.);
#12201 = VERTEX_POINT('',#12202);
#12202 = CARTESIAN_POINT('',(160.19045227947,117.5,510.38648357175));
#12203 = SEAM_CURVE('',#12204,(#12208,#12215),.PCURVE_S1.);
#12204 = LINE('',#12205,#12206);
#12205 = CARTESIAN_POINT('',(160.19045227947,117.5,510.38648357175));
#12206 = VECTOR('',#12207,1.);
#12207 = DIRECTION('',(0.,-1.,2.22044604925E-16));
#12208 = PCURVE('',#7473,#12209);
#12209 = DEFINITIONAL_REPRESENTATION('',(#12210),#12214);
#12210 = LINE('',#12211,#12212);
#12211 = CARTESIAN_POINT('',(6.28318530718,-0.));
#12212 = VECTOR('',#12213,1.);
#12213 = DIRECTION('',(0.,1.));
#12214 = ( GEOMETRIC_REPRESENTATION_CONTEXT(2) 
PARAMETRIC_REPRESENTATION_CONTEXT() REPRESENTATION_CONTEXT('2D SPACE',''
  ) );
#12215 = PCURVE('',#7473,#12216);
#12216 = DEFINITIONAL_REPRESENTATION('',(#12217),#12221);
#12217 = LINE('',#12218,#12219);
#12218 = CARTESIAN_POINT('',(0.,-0.));
#12219 = VECTOR('',#12220,1.);
#12220 = DIRECTION('',(0.,1.));
#12221 = ( GEOMETRIC_REPRESENTATION_CONTEXT(2) 
PARAMETRIC_REPRESENTATION_CONTEXT() REPRESENTATION_CONTEXT('2D SPACE',''
  ) );
#12222 = ORIENTED_EDGE('',*,*,#12223,.T.);
#12223 = EDGE_CURVE('',#12201,#12201,#12224,.T.);
#12224 = SURFACE_CURVE('',#12225,(#12230,#12237),.PCURVE_S1.);
#12225 = CIRCLE('',#12226,2.05);
#12226 = AXIS2_PLACEMENT_3D('',#12227,#12228,#12229);
#12227 = CARTESIAN_POINT('',(158.14045227947,117.5,510.38648357175));
#12228 = DIRECTION('',(0.,-1.,2.22044604925E-16));
#12229 = DIRECTION('',(1.,0.,0.));
#12230 = PCURVE('',#7473,#12231);
#12231 = DEFINITIONAL_REPRESENTATION('',(#12232),#12236);
#12232 = LINE('',#12233,#12234);
#12233 = CARTESIAN_POINT('',(0.,0.));
#12234 = VECTOR('',#12235,1.);
#12235 = DIRECTION('',(1.,0.));
#12236 = ( GEOMETRIC_REPRESENTATION_CONTEXT(2) 
PARAMETRIC_REPRESENTATION_CONTEXT() REPRESENTATION_CONTEXT('2D SPACE',''
  ) );
#12237 = PCURVE('',#12238,#12243);
#12238 = PLANE('',#12239);
#12239 = AXIS2_PLACEMENT_3D('',#12240,#12241,#12242);
#12240 = CARTESIAN_POINT('',(158.14045227947,117.5,510.38648357175));
#12241 = DIRECTION('',(0.,-1.,2.22044604925E-16));
#12242 = DIRECTION('',(1.,0.,0.));
#12243 = DEFINITIONAL_REPRESENTATION('',(#12244),#12248);
#12244 = CIRCLE('',#12245,2.05);
#12245 = AXIS2_PLACEMENT_2D('',#12246,#12247);
#12246 = CARTESIAN_POINT('',(0.,0.));
#12247 = DIRECTION('',(1.,0.));
#12248 = ( GEOMETRIC_REPRESENTATION_CONTEXT(2) 
PARAMETRIC_REPRESENTATION_CONTEXT() REPRESENTATION_CONTEXT('2D SPACE',''
  ) );
#12249 = ORIENTED_EDGE('',*,*,#12200,.T.);
#12250 = ADVANCED_FACE('',(#12251),#7504,.F.);
#12251 = FACE_BOUND('',#12252,.F.);
#12252 = EDGE_LOOP('',(#12253,#12254,#12277,#12304));
#12253 = ORIENTED_EDGE('',*,*,#7487,.F.);
#12254 = ORIENTED_EDGE('',*,*,#12255,.F.);
#12255 = EDGE_CURVE('',#12256,#7488,#12258,.T.);
#12256 = VERTEX_POINT('',#12257);
#12257 = CARTESIAN_POINT('',(155.50619767356,116.3,500.19324178587));
#12258 = SEAM_CURVE('',#12259,(#12263,#12270),.PCURVE_S1.);
#12259 = LINE('',#12260,#12261);
#12260 = CARTESIAN_POINT('',(155.50619767356,116.3,500.19324178587));
#12261 = VECTOR('',#12262,1.);
#12262 = DIRECTION('',(0.,-1.,2.22044604925E-16));
#12263 = PCURVE('',#7504,#12264);
#12264 = DEFINITIONAL_REPRESENTATION('',(#12265),#12269);
#12265 = LINE('',#12266,#12267);
#12266 = CARTESIAN_POINT('',(6.28318530718,-0.));
#12267 = VECTOR('',#12268,1.);
#12268 = DIRECTION('',(0.,1.));
#12269 = ( GEOMETRIC_REPRESENTATION_CONTEXT(2) 
PARAMETRIC_REPRESENTATION_CONTEXT() REPRESENTATION_CONTEXT('2D SPACE',''
  ) );
#12270 = PCURVE('',#7504,#12271);
#12271 = DEFINITIONAL_REPRESENTATION('',(#12272),#12276);
#12272 = LINE('',#12273,#12274);
#12273 = CARTESIAN_POINT('',(0.,-0.));
#12274 = VECTOR('',#12275,1.);
#12275 = DIRECTION('',(0.,1.));
#12276 = ( GEOMETRIC_REPRESENTATION_CONTEXT(2) 
PARAMETRIC_REPRESENTATION_CONTEXT() REPRESENTATION_CONTEXT('2D SPACE',''
  ) );
#12277 = ORIENTED_EDGE('',*,*,#12278,.T.);
#12278 = EDGE_CURVE('',#12256,#12256,#12279,.T.);
#12279 = SURFACE_CURVE('',#12280,(#12285,#12292),.PCURVE_S1.);
#12280 = CIRCLE('',#12281,4.1);
#12281 = AXIS2_PLACEMENT_3D('',#12282,#12283,#12284);
#12282 = CARTESIAN_POINT('',(151.40619767356,116.3,500.19324178587));
#12283 = DIRECTION('',(0.,-1.,2.22044604925E-16));
#12284 = DIRECTION('',(1.,0.,0.));
#12285 = PCURVE('',#7504,#12286);
#12286 = DEFINITIONAL_REPRESENTATION('',(#12287),#12291);
#12287 = LINE('',#12288,#12289);
#12288 = CARTESIAN_POINT('',(0.,0.));
#12289 = VECTOR('',#12290,1.);
#12290 = DIRECTION('',(1.,0.));
#12291 = ( GEOMETRIC_REPRESENTATION_CONTEXT(2) 
PARAMETRIC_REPRESENTATION_CONTEXT() REPRESENTATION_CONTEXT('2D SPACE',''
  ) );
#12292 = PCURVE('',#12293,#12298);
#12293 = PLANE('',#12294);
#12294 = AXIS2_PLACEMENT_3D('',#12295,#12296,#12297);
#12295 = CARTESIAN_POINT('',(151.40619767356,116.3,500.19324178587));
#12296 = DIRECTION('',(0.,-1.,2.22044604925E-16));
#12297 = DIRECTION('',(1.,0.,0.));
#12298 = DEFINITIONAL_REPRESENTATION('',(#12299),#12303);
#12299 = CIRCLE('',#12300,4.1);
#12300 = AXIS2_PLACEMENT_2D('',#12301,#12302);
#12301 = CARTESIAN_POINT('',(0.,0.));
#12302 = DIRECTION('',(1.,0.));
#12303 = ( GEOMETRIC_REPRESENTATION_CONTEXT(2) 
PARAMETRIC_REPRESENTATION_CONTEXT() REPRESENTATION_CONTEXT('2D SPACE',''
  ) );
#12304 = ORIENTED_EDGE('',*,*,#12255,.T.);
#12305 = ADVANCED_FACE('',(#12306),#7594,.T.);
#12306 = FACE_BOUND('',#12307,.T.);
#12307 = EDGE_LOOP('',(#12308,#12309,#12310,#12311));
#12308 = ORIENTED_EDGE('',*,*,#7848,.F.);
#12309 = ORIENTED_EDGE('',*,*,#7544,.T.);
#12310 = ORIENTED_EDGE('',*,*,#12004,.T.);
#12311 = ORIENTED_EDGE('',*,*,#12312,.T.);
#12312 = EDGE_CURVE('',#11977,#7849,#12313,.T.);
#12313 = SURFACE_CURVE('',#12314,(#12319,#12325),.PCURVE_S1.);
#12314 = CIRCLE('',#12315,2.);
#12315 = AXIS2_PLACEMENT_3D('',#12316,#12317,#12318);
#12316 = CARTESIAN_POINT('',(218.,111.,591.6));
#12317 = DIRECTION('',(0.,0.,-1.));
#12318 = DIRECTION('',(1.,0.,0.));
#12319 = PCURVE('',#7594,#12320);
#12320 = DEFINITIONAL_REPRESENTATION('',(#12321),#12324);
#12321 = B_SPLINE_CURVE_WITH_KNOTS('',1,(#12322,#12323),.UNSPECIFIED.,
  .F.,.F.,(2,2),(4.712388980385,6.28318530718),
  .PIECEWISE_BEZIER_KNOTS.);
#12322 = CARTESIAN_POINT('',(1.570796326795,35.));
#12323 = CARTESIAN_POINT('',(0.,35.));
#12324 = ( GEOMETRIC_REPRESENTATION_CONTEXT(2) 
PARAMETRIC_REPRESENTATION_CONTEXT() REPRESENTATION_CONTEXT('2D SPACE',''
  ) );
#12325 = PCURVE('',#12326,#12331);
#12326 = SPHERICAL_SURFACE('',#12327,2.);
#12327 = AXIS2_PLACEMENT_3D('',#12328,#12329,#12330);
#12328 = CARTESIAN_POINT('',(218.,111.,591.6));
#12329 = DIRECTION('',(0.,-1.,-0.));
#12330 = DIRECTION('',(1.,0.,0.));
#12331 = DEFINITIONAL_REPRESENTATION('',(#12332),#12335);
#12332 = B_SPLINE_CURVE_WITH_KNOTS('',1,(#12333,#12334),.UNSPECIFIED.,
  .F.,.F.,(2,2),(4.712388980385,6.28318530718),
  .PIECEWISE_BEZIER_KNOTS.);
#12333 = CARTESIAN_POINT('',(0.,-1.570796326795));
#12334 = CARTESIAN_POINT('',(0.,0.));
#12335 = ( GEOMETRIC_REPRESENTATION_CONTEXT(2) 
PARAMETRIC_REPRESENTATION_CONTEXT() REPRESENTATION_CONTEXT('2D SPACE',''
  ) );
#12336 = ADVANCED_FACE('',(#12337),#7692,.F.);
#12337 = FACE_BOUND('',#12338,.F.);
#12338 = EDGE_LOOP('',(#12339));
#12339 = ORIENTED_EDGE('',*,*,#7677,.T.);
#12340 = ADVANCED_FACE('',(#12341),#7887,.T.);
#12341 = FACE_BOUND('',#12342,.F.);
#12342 = EDGE_LOOP('',(#12343,#12370,#12393,#12415));
#12343 = ORIENTED_EDGE('',*,*,#12344,.F.);
#12344 = EDGE_CURVE('',#12345,#7872,#12347,.T.);
#12345 = VERTEX_POINT('',#12346);
#12346 = CARTESIAN_POINT('',(218.,109.,593.6));
#12347 = SURFACE_CURVE('',#12348,(#12353,#12359),.PCURVE_S1.);
#12348 = CIRCLE('',#12349,2.);
#12349 = AXIS2_PLACEMENT_3D('',#12350,#12351,#12352);
#12350 = CARTESIAN_POINT('',(218.,109.,591.6));
#12351 = DIRECTION('',(-0.,1.,0.));
#12352 = DIRECTION('',(1.,0.,0.));
#12353 = PCURVE('',#7887,#12354);
#12354 = DEFINITIONAL_REPRESENTATION('',(#12355),#12358);
#12355 = B_SPLINE_CURVE_WITH_KNOTS('',1,(#12356,#12357),.UNSPECIFIED.,
  .F.,.F.,(2,2),(4.712388980385,6.28318530718),
  .PIECEWISE_BEZIER_KNOTS.);
#12356 = CARTESIAN_POINT('',(-1.570796326795,2.));
#12357 = CARTESIAN_POINT('',(0.,2.));
#12358 = ( GEOMETRIC_REPRESENTATION_CONTEXT(2) 
PARAMETRIC_REPRESENTATION_CONTEXT() REPRESENTATION_CONTEXT('2D SPACE',''
  ) );
#12359 = PCURVE('',#12360,#12365);
#12360 = SPHERICAL_SURFACE('',#12361,2.);
#12361 = AXIS2_PLACEMENT_3D('',#12362,#12363,#12364);
#12362 = CARTESIAN_POINT('',(218.,109.,591.6));
#12363 = DIRECTION('',(-0.,-0.,-1.));
#12364 = DIRECTION('',(1.,0.,0.));
#12365 = DEFINITIONAL_REPRESENTATION('',(#12366),#12369);
#12366 = B_SPLINE_CURVE_WITH_KNOTS('',1,(#12367,#12368),.UNSPECIFIED.,
  .F.,.F.,(2,2),(4.712388980385,6.28318530718),
  .PIECEWISE_BEZIER_KNOTS.);
#12367 = CARTESIAN_POINT('',(0.,-1.570796326795));
#12368 = CARTESIAN_POINT('',(0.,0.));
#12369 = ( GEOMETRIC_REPRESENTATION_CONTEXT(2) 
PARAMETRIC_REPRESENTATION_CONTEXT() REPRESENTATION_CONTEXT('2D SPACE',''
  ) );
#12370 = ORIENTED_EDGE('',*,*,#12371,.T.);
#12371 = EDGE_CURVE('',#12345,#12372,#12374,.T.);
#12372 = VERTEX_POINT('',#12373);
#12373 = CARTESIAN_POINT('',(218.,111.,593.6));
#12374 = SURFACE_CURVE('',#12375,(#12379,#12386),.PCURVE_S1.);
#12375 = LINE('',#12376,#12377);
#12376 = CARTESIAN_POINT('',(218.,107.,593.6));
#12377 = VECTOR('',#12378,1.);
#12378 = DIRECTION('',(-0.,1.,0.));
#12379 = PCURVE('',#7887,#12380);
#12380 = DEFINITIONAL_REPRESENTATION('',(#12381),#12385);
#12381 = LINE('',#12382,#12383);
#12382 = CARTESIAN_POINT('',(-1.570796326795,0.));
#12383 = VECTOR('',#12384,1.);
#12384 = DIRECTION('',(-0.,1.));
#12385 = ( GEOMETRIC_REPRESENTATION_CONTEXT(2) 
PARAMETRIC_REPRESENTATION_CONTEXT() REPRESENTATION_CONTEXT('2D SPACE',''
  ) );
#12386 = PCURVE('',#11936,#12387);
#12387 = DEFINITIONAL_REPRESENTATION('',(#12388),#12392);
#12388 = LINE('',#12389,#12390);
#12389 = CARTESIAN_POINT('',(218.,0.));
#12390 = VECTOR('',#12391,1.);
#12391 = DIRECTION('',(0.,1.));
#12392 = ( GEOMETRIC_REPRESENTATION_CONTEXT(2) 
PARAMETRIC_REPRESENTATION_CONTEXT() REPRESENTATION_CONTEXT('2D SPACE',''
  ) );
#12393 = ORIENTED_EDGE('',*,*,#12394,.F.);
#12394 = EDGE_CURVE('',#7849,#12372,#12395,.T.);
#12395 = SURFACE_CURVE('',#12396,(#12401,#12408),.PCURVE_S1.);
#12396 = CIRCLE('',#12397,2.);
#12397 = AXIS2_PLACEMENT_3D('',#12398,#12399,#12400);
#12398 = CARTESIAN_POINT('',(218.,111.,591.6));
#12399 = DIRECTION('',(0.,-1.,-0.));
#12400 = DIRECTION('',(1.,0.,0.));
#12401 = PCURVE('',#7887,#12402);
#12402 = DEFINITIONAL_REPRESENTATION('',(#12403),#12407);
#12403 = LINE('',#12404,#12405);
#12404 = CARTESIAN_POINT('',(-0.,4.));
#12405 = VECTOR('',#12406,1.);
#12406 = DIRECTION('',(-1.,0.));
#12407 = ( GEOMETRIC_REPRESENTATION_CONTEXT(2) 
PARAMETRIC_REPRESENTATION_CONTEXT() REPRESENTATION_CONTEXT('2D SPACE',''
  ) );
#12408 = PCURVE('',#12326,#12409);
#12409 = DEFINITIONAL_REPRESENTATION('',(#12410),#12414);
#12410 = LINE('',#12411,#12412);
#12411 = CARTESIAN_POINT('',(0.,0.));
#12412 = VECTOR('',#12413,1.);
#12413 = DIRECTION('',(1.,0.));
#12414 = ( GEOMETRIC_REPRESENTATION_CONTEXT(2) 
PARAMETRIC_REPRESENTATION_CONTEXT() REPRESENTATION_CONTEXT('2D SPACE',''
  ) );
#12415 = ORIENTED_EDGE('',*,*,#7871,.F.);
#12416 = ADVANCED_FACE('',(#12417),#7913,.T.);
#12417 = FACE_BOUND('',#12418,.F.);
#12418 = EDGE_LOOP('',(#12419,#12420,#12421,#12422));
#12419 = ORIENTED_EDGE('',*,*,#7899,.F.);
#12420 = ORIENTED_EDGE('',*,*,#7959,.T.);
#12421 = ORIENTED_EDGE('',*,*,#8696,.T.);
#12422 = ORIENTED_EDGE('',*,*,#12423,.F.);
#12423 = EDGE_CURVE('',#7872,#8669,#12424,.T.);
#12424 = SURFACE_CURVE('',#12425,(#12430,#12437),.PCURVE_S1.);
#12425 = CIRCLE('',#12426,2.);
#12426 = AXIS2_PLACEMENT_3D('',#12427,#12428,#12429);
#12427 = CARTESIAN_POINT('',(218.,109.,591.6));
#12428 = DIRECTION('',(0.,0.,-1.));
#12429 = DIRECTION('',(1.,0.,0.));
#12430 = PCURVE('',#7913,#12431);
#12431 = DEFINITIONAL_REPRESENTATION('',(#12432),#12436);
#12432 = LINE('',#12433,#12434);
#12433 = CARTESIAN_POINT('',(-0.,35.));
#12434 = VECTOR('',#12435,1.);
#12435 = DIRECTION('',(-1.,0.));
#12436 = ( GEOMETRIC_REPRESENTATION_CONTEXT(2) 
PARAMETRIC_REPRESENTATION_CONTEXT() REPRESENTATION_CONTEXT('2D SPACE',''
  ) );
#12437 = PCURVE('',#12360,#12438);
#12438 = DEFINITIONAL_REPRESENTATION('',(#12439),#12443);
#12439 = LINE('',#12440,#12441);
#12440 = CARTESIAN_POINT('',(0.,0.));
#12441 = VECTOR('',#12442,1.);
#12442 = DIRECTION('',(1.,0.));
#12443 = ( GEOMETRIC_REPRESENTATION_CONTEXT(2) 
PARAMETRIC_REPRESENTATION_CONTEXT() REPRESENTATION_CONTEXT('2D SPACE',''
  ) );
#12444 = ADVANCED_FACE('',(#12445),#8164,.F.);
#12445 = FACE_BOUND('',#12446,.F.);
#12446 = EDGE_LOOP('',(#12447));
#12447 = ORIENTED_EDGE('',*,*,#8149,.T.);
#12448 = ADVANCED_FACE('',(#12449,#12526),#8432,.F.);
#12449 = FACE_BOUND('',#12450,.F.);
#12450 = EDGE_LOOP('',(#12451,#12476,#12498,#12499));
#12451 = ORIENTED_EDGE('',*,*,#12452,.T.);
#12452 = EDGE_CURVE('',#12453,#12455,#12457,.T.);
#12453 = VERTEX_POINT('',#12454);
#12454 = CARTESIAN_POINT('',(123.,153.,512.));
#12455 = VERTEX_POINT('',#12456);
#12456 = CARTESIAN_POINT('',(123.,132.,512.));
#12457 = SEAM_CURVE('',#12458,(#12462,#12469),.PCURVE_S1.);
#12458 = LINE('',#12459,#12460);
#12459 = CARTESIAN_POINT('',(123.,153.,512.));
#12460 = VECTOR('',#12461,1.);
#12461 = DIRECTION('',(0.,-1.,2.22044604925E-16));
#12462 = PCURVE('',#8432,#12463);
#12463 = DEFINITIONAL_REPRESENTATION('',(#12464),#12468);
#12464 = LINE('',#12465,#12466);
#12465 = CARTESIAN_POINT('',(6.28318530718,-0.));
#12466 = VECTOR('',#12467,1.);
#12467 = DIRECTION('',(0.,1.));
#12468 = ( GEOMETRIC_REPRESENTATION_CONTEXT(2) 
PARAMETRIC_REPRESENTATION_CONTEXT() REPRESENTATION_CONTEXT('2D SPACE',''
  ) );
#12469 = PCURVE('',#8432,#12470);
#12470 = DEFINITIONAL_REPRESENTATION('',(#12471),#12475);
#12471 = LINE('',#12472,#12473);
#12472 = CARTESIAN_POINT('',(0.,-0.));
#12473 = VECTOR('',#12474,1.);
#12474 = DIRECTION('',(0.,1.));
#12475 = ( GEOMETRIC_REPRESENTATION_CONTEXT(2) 
PARAMETRIC_REPRESENTATION_CONTEXT() REPRESENTATION_CONTEXT('2D SPACE',''
  ) );
#12476 = ORIENTED_EDGE('',*,*,#12477,.F.);
#12477 = EDGE_CURVE('',#12455,#12455,#12478,.T.);
#12478 = SURFACE_CURVE('',#12479,(#12484,#12491),.PCURVE_S1.);
#12479 = CIRCLE('',#12480,13.);
#12480 = AXIS2_PLACEMENT_3D('',#12481,#12482,#12483);
#12481 = CARTESIAN_POINT('',(110.,132.,512.));
#12482 = DIRECTION('',(0.,-1.,2.22044604925E-16));
#12483 = DIRECTION('',(1.,0.,0.));
#12484 = PCURVE('',#8432,#12485);
#12485 = DEFINITIONAL_REPRESENTATION('',(#12486),#12490);
#12486 = LINE('',#12487,#12488);
#12487 = CARTESIAN_POINT('',(0.,21.));
#12488 = VECTOR('',#12489,1.);
#12489 = DIRECTION('',(1.,0.));
#12490 = ( GEOMETRIC_REPRESENTATION_CONTEXT(2) 
PARAMETRIC_REPRESENTATION_CONTEXT() REPRESENTATION_CONTEXT('2D SPACE',''
  ) );
#12491 = PCURVE('',#12183,#12492);
#12492 = DEFINITIONAL_REPRESENTATION('',(#12493),#12497);
#12493 = CIRCLE('',#12494,13.);
#12494 = AXIS2_PLACEMENT_2D('',#12495,#12496);
#12495 = CARTESIAN_POINT('',(0.,-5.));
#12496 = DIRECTION('',(1.,0.));
#12497 = ( GEOMETRIC_REPRESENTATION_CONTEXT(2) 
PARAMETRIC_REPRESENTATION_CONTEXT() REPRESENTATION_CONTEXT('2D SPACE',''
  ) );
#12498 = ORIENTED_EDGE('',*,*,#12452,.F.);
#12499 = ORIENTED_EDGE('',*,*,#12500,.T.);
#12500 = EDGE_CURVE('',#12453,#12453,#12501,.T.);
#12501 = SURFACE_CURVE('',#12502,(#12507,#12514),.PCURVE_S1.);
#12502 = CIRCLE('',#12503,13.);
#12503 = AXIS2_PLACEMENT_3D('',#12504,#12505,#12506);
#12504 = CARTESIAN_POINT('',(110.,153.,512.));
#12505 = DIRECTION('',(0.,-1.,2.22044604925E-16));
#12506 = DIRECTION('',(1.,0.,0.));
#12507 = PCURVE('',#8432,#12508);
#12508 = DEFINITIONAL_REPRESENTATION('',(#12509),#12513);
#12509 = LINE('',#12510,#12511);
#12510 = CARTESIAN_POINT('',(0.,0.));
#12511 = VECTOR('',#12512,1.);
#12512 = DIRECTION('',(1.,0.));
#12513 = ( GEOMETRIC_REPRESENTATION_CONTEXT(2) 
PARAMETRIC_REPRESENTATION_CONTEXT() REPRESENTATION_CONTEXT('2D SPACE',''
  ) );
#12514 = PCURVE('',#12515,#12520);
#12515 = PLANE('',#12516);
#12516 = AXIS2_PLACEMENT_3D('',#12517,#12518,#12519);
#12517 = CARTESIAN_POINT('',(110.,153.,512.));
#12518 = DIRECTION('',(0.,-1.,2.22044604925E-16));
#12519 = DIRECTION('',(1.,0.,0.));
#12520 = DEFINITIONAL_REPRESENTATION('',(#12521),#12525);
#12521 = CIRCLE('',#12522,13.);
#12522 = AXIS2_PLACEMENT_2D('',#12523,#12524);
#12523 = CARTESIAN_POINT('',(0.,0.));
#12524 = DIRECTION('',(1.,0.));
#12525 = ( GEOMETRIC_REPRESENTATION_CONTEXT(2) 
PARAMETRIC_REPRESENTATION_CONTEXT() REPRESENTATION_CONTEXT('2D SPACE',''
  ) );
#12526 = FACE_BOUND('',#12527,.F.);
#12527 = EDGE_LOOP('',(#12528));
#12528 = ORIENTED_EDGE('',*,*,#8204,.T.);
#12529 = ADVANCED_FACE('',(#12530),#8594,.F.);
#12530 = FACE_BOUND('',#12531,.F.);
#12531 = EDGE_LOOP('',(#12532));
#12532 = ORIENTED_EDGE('',*,*,#8579,.T.);
#12533 = ADVANCED_FACE('',(#12534),#8651,.T.);
#12534 = FACE_BOUND('',#12535,.F.);
#12535 = EDGE_LOOP('',(#12536,#12537,#12557));
#12536 = ORIENTED_EDGE('',*,*,#11898,.F.);
#12537 = ORIENTED_EDGE('',*,*,#12538,.T.);
#12538 = EDGE_CURVE('',#11899,#8614,#12539,.T.);
#12539 = SURFACE_CURVE('',#12540,(#12545,#12551),.PCURVE_S1.);
#12540 = CIRCLE('',#12541,2.);
#12541 = AXIS2_PLACEMENT_3D('',#12542,#12543,#12544);
#12542 = CARTESIAN_POINT('',(2.,109.,591.6));
#12543 = DIRECTION('',(1.,-6.123233995737E-17,0.));
#12544 = DIRECTION('',(-6.123233995737E-17,-1.,0.));
#12545 = PCURVE('',#8651,#12546);
#12546 = DEFINITIONAL_REPRESENTATION('',(#12547),#12550);
#12547 = B_SPLINE_CURVE_WITH_KNOTS('',1,(#12548,#12549),.UNSPECIFIED.,
  .F.,.F.,(2,2),(4.712388980385,6.28318530718),
  .PIECEWISE_BEZIER_KNOTS.);
#12548 = CARTESIAN_POINT('',(-1.570796326795,-1.570796326795));
#12549 = CARTESIAN_POINT('',(-1.570796326795,0.));
#12550 = ( GEOMETRIC_REPRESENTATION_CONTEXT(2) 
PARAMETRIC_REPRESENTATION_CONTEXT() REPRESENTATION_CONTEXT('2D SPACE',''
  ) );
#12551 = PCURVE('',#8684,#12552);
#12552 = DEFINITIONAL_REPRESENTATION('',(#12553),#12556);
#12553 = B_SPLINE_CURVE_WITH_KNOTS('',1,(#12554,#12555),.UNSPECIFIED.,
  .F.,.F.,(2,2),(4.712388980385,6.28318530718),
  .PIECEWISE_BEZIER_KNOTS.);
#12554 = CARTESIAN_POINT('',(-1.570796326795,2.));
#12555 = CARTESIAN_POINT('',(0.,2.));
#12556 = ( GEOMETRIC_REPRESENTATION_CONTEXT(2) 
PARAMETRIC_REPRESENTATION_CONTEXT() REPRESENTATION_CONTEXT('2D SPACE',''
  ) );
#12557 = ORIENTED_EDGE('',*,*,#8636,.F.);
#12558 = ADVANCED_FACE('',(#12559),#8684,.T.);
#12559 = FACE_BOUND('',#12560,.F.);
#12560 = EDGE_LOOP('',(#12561,#12562,#12583,#12603));
#12561 = ORIENTED_EDGE('',*,*,#12538,.F.);
#12562 = ORIENTED_EDGE('',*,*,#12563,.T.);
#12563 = EDGE_CURVE('',#11899,#12345,#12564,.T.);
#12564 = SURFACE_CURVE('',#12565,(#12569,#12576),.PCURVE_S1.);
#12565 = LINE('',#12566,#12567);
#12566 = CARTESIAN_POINT('',(0.,109.,593.6));
#12567 = VECTOR('',#12568,1.);
#12568 = DIRECTION('',(1.,0.,-0.));
#12569 = PCURVE('',#8684,#12570);
#12570 = DEFINITIONAL_REPRESENTATION('',(#12571),#12575);
#12571 = LINE('',#12572,#12573);
#12572 = CARTESIAN_POINT('',(-1.570796326795,0.));
#12573 = VECTOR('',#12574,1.);
#12574 = DIRECTION('',(-0.,1.));
#12575 = ( GEOMETRIC_REPRESENTATION_CONTEXT(2) 
PARAMETRIC_REPRESENTATION_CONTEXT() REPRESENTATION_CONTEXT('2D SPACE',''
  ) );
#12576 = PCURVE('',#11936,#12577);
#12577 = DEFINITIONAL_REPRESENTATION('',(#12578),#12582);
#12578 = LINE('',#12579,#12580);
#12579 = CARTESIAN_POINT('',(0.,2.));
#12580 = VECTOR('',#12581,1.);
#12581 = DIRECTION('',(1.,0.));
#12582 = ( GEOMETRIC_REPRESENTATION_CONTEXT(2) 
PARAMETRIC_REPRESENTATION_CONTEXT() REPRESENTATION_CONTEXT('2D SPACE',''
  ) );
#12583 = ORIENTED_EDGE('',*,*,#12584,.T.);
#12584 = EDGE_CURVE('',#12345,#8669,#12585,.T.);
#12585 = SURFACE_CURVE('',#12586,(#12591,#12597),.PCURVE_S1.);
#12586 = CIRCLE('',#12587,2.);
#12587 = AXIS2_PLACEMENT_3D('',#12588,#12589,#12590);
#12588 = CARTESIAN_POINT('',(218.,109.,591.6));
#12589 = DIRECTION('',(1.,6.123233995737E-17,0.));
#12590 = DIRECTION('',(6.123233995737E-17,-1.,0.));
#12591 = PCURVE('',#8684,#12592);
#12592 = DEFINITIONAL_REPRESENTATION('',(#12593),#12596);
#12593 = B_SPLINE_CURVE_WITH_KNOTS('',1,(#12594,#12595),.UNSPECIFIED.,
  .F.,.F.,(2,2),(4.712388980385,6.28318530718),
  .PIECEWISE_BEZIER_KNOTS.);
#12594 = CARTESIAN_POINT('',(-1.570796326795,218.));
#12595 = CARTESIAN_POINT('',(0.,218.));
#12596 = ( GEOMETRIC_REPRESENTATION_CONTEXT(2) 
PARAMETRIC_REPRESENTATION_CONTEXT() REPRESENTATION_CONTEXT('2D SPACE',''
  ) );
#12597 = PCURVE('',#12360,#12598);
#12598 = DEFINITIONAL_REPRESENTATION('',(#12599),#12602);
#12599 = B_SPLINE_CURVE_WITH_KNOTS('',1,(#12600,#12601),.UNSPECIFIED.,
  .F.,.F.,(2,2),(4.712388980385,6.28318530718),
  .PIECEWISE_BEZIER_KNOTS.);
#12600 = CARTESIAN_POINT('',(1.570796326795,-1.570796326795));
#12601 = CARTESIAN_POINT('',(1.570796326795,0.));
#12602 = ( GEOMETRIC_REPRESENTATION_CONTEXT(2) 
PARAMETRIC_REPRESENTATION_CONTEXT() REPRESENTATION_CONTEXT('2D SPACE',''
  ) );
#12603 = ORIENTED_EDGE('',*,*,#8668,.F.);
#12604 = ADVANCED_FACE('',(#12605),#11884,.T.);
#12605 = FACE_BOUND('',#12606,.F.);
#12606 = EDGE_LOOP('',(#12607,#12608,#12628));
#12607 = ORIENTED_EDGE('',*,*,#11870,.F.);
#12608 = ORIENTED_EDGE('',*,*,#12609,.T.);
#12609 = EDGE_CURVE('',#11848,#11921,#12610,.T.);
#12610 = SURFACE_CURVE('',#12611,(#12616,#12622),.PCURVE_S1.);
#12611 = CIRCLE('',#12612,2.);
#12612 = AXIS2_PLACEMENT_3D('',#12613,#12614,#12615);
#12613 = CARTESIAN_POINT('',(2.,111.,591.6));
#12614 = DIRECTION('',(1.,0.,6.123233995737E-17));
#12615 = DIRECTION('',(-6.123233995737E-17,-0.,1.));
#12616 = PCURVE('',#11884,#12617);
#12617 = DEFINITIONAL_REPRESENTATION('',(#12618),#12621);
#12618 = B_SPLINE_CURVE_WITH_KNOTS('',1,(#12619,#12620),.UNSPECIFIED.,
  .F.,.F.,(2,2),(4.712388980385,6.28318530718),
  .PIECEWISE_BEZIER_KNOTS.);
#12619 = CARTESIAN_POINT('',(-1.570796326795,-1.570796326795));
#12620 = CARTESIAN_POINT('',(-1.570796326795,0.));
#12621 = ( GEOMETRIC_REPRESENTATION_CONTEXT(2) 
PARAMETRIC_REPRESENTATION_CONTEXT() REPRESENTATION_CONTEXT('2D SPACE',''
  ) );
#12622 = PCURVE('',#11992,#12623);
#12623 = DEFINITIONAL_REPRESENTATION('',(#12624),#12627);
#12624 = B_SPLINE_CURVE_WITH_KNOTS('',1,(#12625,#12626),.UNSPECIFIED.,
  .F.,.F.,(2,2),(4.712388980385,6.28318530718),
  .PIECEWISE_BEZIER_KNOTS.);
#12625 = CARTESIAN_POINT('',(0.,2.));
#12626 = CARTESIAN_POINT('',(1.570796326795,2.));
#12627 = ( GEOMETRIC_REPRESENTATION_CONTEXT(2) 
PARAMETRIC_REPRESENTATION_CONTEXT() REPRESENTATION_CONTEXT('2D SPACE',''
  ) );
#12628 = ORIENTED_EDGE('',*,*,#11948,.F.);
#12629 = ADVANCED_FACE('',(#12630),#11936,.T.);
#12630 = FACE_BOUND('',#12631,.T.);
#12631 = EDGE_LOOP('',(#12632,#12633,#12634,#12635));
#12632 = ORIENTED_EDGE('',*,*,#11920,.F.);
#12633 = ORIENTED_EDGE('',*,*,#12563,.T.);
#12634 = ORIENTED_EDGE('',*,*,#12371,.T.);
#12635 = ORIENTED_EDGE('',*,*,#12636,.F.);
#12636 = EDGE_CURVE('',#11921,#12372,#12637,.T.);
#12637 = SURFACE_CURVE('',#12638,(#12642,#12649),.PCURVE_S1.);
#12638 = LINE('',#12639,#12640);
#12639 = CARTESIAN_POINT('',(0.,111.,593.6));
#12640 = VECTOR('',#12641,1.);
#12641 = DIRECTION('',(1.,0.,-0.));
#12642 = PCURVE('',#11936,#12643);
#12643 = DEFINITIONAL_REPRESENTATION('',(#12644),#12648);
#12644 = LINE('',#12645,#12646);
#12645 = CARTESIAN_POINT('',(0.,4.));
#12646 = VECTOR('',#12647,1.);
#12647 = DIRECTION('',(1.,0.));
#12648 = ( GEOMETRIC_REPRESENTATION_CONTEXT(2) 
PARAMETRIC_REPRESENTATION_CONTEXT() REPRESENTATION_CONTEXT('2D SPACE',''
  ) );
#12649 = PCURVE('',#11992,#12650);
#12650 = DEFINITIONAL_REPRESENTATION('',(#12651),#12655);
#12651 = LINE('',#12652,#12653);
#12652 = CARTESIAN_POINT('',(1.570796326795,0.));
#12653 = VECTOR('',#12654,1.);
#12654 = DIRECTION('',(0.,1.));
#12655 = ( GEOMETRIC_REPRESENTATION_CONTEXT(2) 
PARAMETRIC_REPRESENTATION_CONTEXT() REPRESENTATION_CONTEXT('2D SPACE',''
  ) );
#12656 = ADVANCED_FACE('',(#12657),#11992,.T.);
#12657 = FACE_BOUND('',#12658,.T.);
#12658 = EDGE_LOOP('',(#12659,#12660,#12661,#12681));
#12659 = ORIENTED_EDGE('',*,*,#12609,.T.);
#12660 = ORIENTED_EDGE('',*,*,#12636,.T.);
#12661 = ORIENTED_EDGE('',*,*,#12662,.F.);
#12662 = EDGE_CURVE('',#11977,#12372,#12663,.T.);
#12663 = SURFACE_CURVE('',#12664,(#12669,#12675),.PCURVE_S1.);
#12664 = CIRCLE('',#12665,2.);
#12665 = AXIS2_PLACEMENT_3D('',#12666,#12667,#12668);
#12666 = CARTESIAN_POINT('',(218.,111.,591.6));
#12667 = DIRECTION('',(1.,0.,-6.123233995737E-17));
#12668 = DIRECTION('',(6.123233995737E-17,0.,1.));
#12669 = PCURVE('',#11992,#12670);
#12670 = DEFINITIONAL_REPRESENTATION('',(#12671),#12674);
#12671 = B_SPLINE_CURVE_WITH_KNOTS('',1,(#12672,#12673),.UNSPECIFIED.,
  .F.,.F.,(2,2),(4.712388980385,6.28318530718),
  .PIECEWISE_BEZIER_KNOTS.);
#12672 = CARTESIAN_POINT('',(0.,218.));
#12673 = CARTESIAN_POINT('',(1.570796326795,218.));
#12674 = ( GEOMETRIC_REPRESENTATION_CONTEXT(2) 
PARAMETRIC_REPRESENTATION_CONTEXT() REPRESENTATION_CONTEXT('2D SPACE',''
  ) );
#12675 = PCURVE('',#12326,#12676);
#12676 = DEFINITIONAL_REPRESENTATION('',(#12677),#12680);
#12677 = B_SPLINE_CURVE_WITH_KNOTS('',1,(#12678,#12679),.UNSPECIFIED.,
  .F.,.F.,(2,2),(4.712388980385,6.28318530718),
  .PIECEWISE_BEZIER_KNOTS.);
#12678 = CARTESIAN_POINT('',(1.570796326795,-1.570796326795));
#12679 = CARTESIAN_POINT('',(1.570796326795,0.));
#12680 = ( GEOMETRIC_REPRESENTATION_CONTEXT(2) 
PARAMETRIC_REPRESENTATION_CONTEXT() REPRESENTATION_CONTEXT('2D SPACE',''
  ) );
#12681 = ORIENTED_EDGE('',*,*,#11976,.F.);
#12682 = ADVANCED_FACE('',(#12683),#12073,.T.);
#12683 = FACE_BOUND('',#12684,.F.);
#12684 = EDGE_LOOP('',(#12685));
#12685 = ORIENTED_EDGE('',*,*,#12058,.F.);
#12686 = ADVANCED_FACE('',(#12687),#12128,.T.);
#12687 = FACE_BOUND('',#12688,.F.);
#12688 = EDGE_LOOP('',(#12689));
#12689 = ORIENTED_EDGE('',*,*,#12113,.F.);
#12690 = ADVANCED_FACE('',(#12691,#12694),#12183,.T.);
#12691 = FACE_BOUND('',#12692,.T.);
#12692 = EDGE_LOOP('',(#12693));
#12693 = ORIENTED_EDGE('',*,*,#12168,.T.);
#12694 = FACE_BOUND('',#12695,.T.);
#12695 = EDGE_LOOP('',(#12696));
#12696 = ORIENTED_EDGE('',*,*,#12477,.F.);
#12697 = ADVANCED_FACE('',(#12698),#12238,.T.);
#12698 = FACE_BOUND('',#12699,.F.);
#12699 = EDGE_LOOP('',(#12700));
#12700 = ORIENTED_EDGE('',*,*,#12223,.F.);
#12701 = ADVANCED_FACE('',(#12702),#12293,.T.);
#12702 = FACE_BOUND('',#12703,.F.);
#12703 = EDGE_LOOP('',(#12704));
#12704 = ORIENTED_EDGE('',*,*,#12278,.F.);
#12705 = ADVANCED_FACE('',(#12706),#12326,.T.);
#12706 = FACE_BOUND('',#12707,.T.);
#12707 = EDGE_LOOP('',(#12708,#12709,#12710));
#12708 = ORIENTED_EDGE('',*,*,#12312,.F.);
#12709 = ORIENTED_EDGE('',*,*,#12662,.T.);
#12710 = ORIENTED_EDGE('',*,*,#12394,.F.);
#12711 = ADVANCED_FACE('',(#12712),#12360,.T.);
#12712 = FACE_BOUND('',#12713,.T.);
#12713 = EDGE_LOOP('',(#12714,#12715,#12716));
#12714 = ORIENTED_EDGE('',*,*,#12344,.F.);
#12715 = ORIENTED_EDGE('',*,*,#12584,.T.);
#12716 = ORIENTED_EDGE('',*,*,#12423,.F.);
#12717 = ADVANCED_FACE('',(#12718),#12515,.T.);
#12718 = FACE_BOUND('',#12719,.F.);
#12719 = EDGE_LOOP('',(#12720));
#12720 = ORIENTED_EDGE('',*,*,#12500,.F.);
#12721 = ( GEOMETRIC_REPRESENTATION_CONTEXT(3) 
GLOBAL_UNCERTAINTY_ASSIGNED_CONTEXT((#12725)) 
GLOBAL_UNIT_ASSIGNED_CONTEXT((#12722,#12723,#12724)) 
REPRESENTATION_CONTEXT('Context #1',
  '3D Context with UNIT and UNCERTAINTY') );
#12722 = ( LENGTH_UNIT() NAMED_UNIT(*) SI_UNIT(.MILLI.,.METRE.) );
#12723 = ( NAMED_UNIT(*) PLANE_ANGLE_UNIT() SI_UNIT($,.RADIAN.) );
#12724 = ( NAMED_UNIT(*) SI_UNIT($,.STERADIAN.) SOLID_ANGLE_UNIT() );
#12725 = UNCERTAINTY_MEASURE_WITH_UNIT(LENGTH_MEASURE(5.E-07),#12722,
  'distance_accuracy_value','confusion accuracy');
#12726 = PRODUCT_RELATED_PRODUCT_CATEGORY('part',$,(#7));
ENDSEC;
END-ISO-10303-21;
