ISO-10303-21;
HEADER;
FILE_DESCRIPTION(('Open CASCADE Model'),'2;1');
FILE_NAME('Open CASCADE Shape Model','2026-10-09T00:37:57',('Author'),(
    'Open CASCADE'),'Open CASCADE STEP processor 8.0','build123d',
  'Unknown');
FILE_SCHEMA(('AUTOMOTIVE_DESIGN { 1 0 10303 214 1 1 1 1 }'));
ENDSEC;
DATA;
#1 = APPLICATION_PROTOCOL_DEFINITION('international standard',
  'automotive_design',2000,#2);
#2 = APPLICATION_CONTEXT(
  'core data for automotive mechanical design processes');
#3 = SHAPE_DEFINITION_REPRESENTATION(#4,#10);
#4 = PRODUCT_DEFINITION_SHAPE('','',#5);
#5 = PRODUCT_DEFINITION('design','',#6,#9);
#6 = PRODUCT_DEFINITION_FORMATION('','',#7);
#7 = PRODUCT('FACE','FACE','',(#8));
#8 = PRODUCT_CONTEXT('',#2,'mechanical');
#9 = PRODUCT_DEFINITION_CONTEXT('part definition',#2,'design');
#10 = MANIFOLD_SURFACE_SHAPE_REPRESENTATION('',(#11,#15),#7966);
#11 = AXIS2_PLACEMENT_3D('',#12,#13,#14);
#12 = CARTESIAN_POINT('',(0.,0.,0.));
#13 = DIRECTION('',(0.,0.,1.));
#14 = DIRECTION('',(1.,0.,-0.));
#15 = SHELL_BASED_SURFACE_MODEL('',(#16));
#16 = OPEN_SHELL('',(#17));
#17 = ADVANCED_FACE('',(#18),#176,.T.);
#18 = FACE_BOUND('',#19,.T.);
#19 = EDGE_LOOP('',(#20,#7680,#7744,#7904));
#20 = ORIENTED_EDGE('',*,*,#21,.F.);
#21 = EDGE_CURVE('',#22,#24,#26,.T.);
#22 = VERTEX_POINT('',#23);
#23 = CARTESIAN_POINT('',(-228.,-80.,116.));
#24 = VERTEX_POINT('',#25);
#25 = CARTESIAN_POINT('',(228.,-80.,116.));
#26 = SURFACE_CURVE('',#27,(#175),.PCURVE_S1.);
#27 = B_SPLINE_CURVE_WITH_KNOTS('',1,(#28,#29,#30,#31,#32,#33,#34,#35,
    #36,#37,#38,#39,#40,#41,#42,#43,#44,#45,#46,#47,#48,#49,#50,#51,#52,
    #53,#54,#55,#56,#57,#58,#59,#60,#61,#62,#63,#64,#65,#66,#67,#68,#69,
    #70,#71,#72,#73,#74,#75,#76,#77,#78,#79,#80,#81,#82,#83,#84,#85,#86,
    #87,#88,#89,#90,#91,#92,#93,#94,#95,#96,#97,#98,#99,#100,#101,#102,
    #103,#104,#105,#106,#107,#108,#109,#110,#111,#112,#113,#114,#115,
    #116,#117,#118,#119,#120,#121,#122,#123,#124,#125,#126,#127,#128,
    #129,#130,#131,#132,#133,#134,#135,#136,#137,#138,#139,#140,#141,
    #142,#143,#144,#145,#146,#147,#148,#149,#150,#151,#152,#153,#154,
    #155,#156,#157,#158,#159,#160,#161,#162,#163,#164,#165,#166,#167,
    #168,#169,#170,#171,#172,#173,#174),.UNSPECIFIED.,.F.,.F.,(2,1,1,1,1
    ,1,1,1,1,1,1,1,1,1,1,1,1,1,1,1,1,1,1,1,1,1,1,1,1,1,1,1,1,1,1,1,1,1,1
    ,1,1,1,1,1,1,1,1,1,1,1,1,1,1,1,1,1,1,1,1,1,1,1,1,1,1,1,1,1,1,1,1,1,1
    ,1,1,1,1,1,1,1,1,1,1,1,1,1,1,1,1,1,1,1,1,1,1,1,1,1,1,1,1,1,1,1,1,1,1
    ,1,1,1,1,1,1,1,1,1,1,1,1,1,1,1,1,1,1,1,1,1,1,1,1,1,1,1,1,1,1,1,1,1,1
    ,1,1,1,1,1,2),(0.,4.451275539517E-03,9.160860555916E-03,
    1.471177536701E-02,2.335137236912E-02,3.444423763394E-02,
    4.562167677922E-02,5.474613296404E-02,6.132735065612E-02,
    6.658185714135E-02,7.132766139744E-02,7.585737520682E-02,
    8.030920058679E-02,8.474074655243E-02,8.916941865663E-02,
    9.359850755981E-02,9.803502065953E-02,0.102510204896,0.107133887458,
    0.112661029925,0.119969017721,0.128519576055,0.138842256369,
    0.150220755769,0.160552982953,0.167674789392,0.172273794959,
    0.178617352257,0.188317736588,0.199571866411,0.210251265044,
    0.219243304498,0.226802257443,0.232730420403,0.237478469004,
    0.241973904747,0.246415752926,0.250845590411,0.255274196032,
    0.259704228021,0.264147653591,0.268649141987,0.273425318083,
    0.279478780818,0.287160883683,0.296255888689,0.307071979594,
    0.318344248425,0.327897303232,0.333949046178,0.338590177233,
    0.346027927915,0.356454223379,0.367761968074,0.3779393644,
    0.386409615916,0.393567847855,0.399005531346,0.403614595827,
    0.40808571552,0.412521345223,0.416950365025,0.421379055034,
    0.425811046706,0.430265479435,0.434804732309,0.439853772197,
    0.446498484523,0.454502540226,0.46412933782,0.475298173778,
    0.486250211036,0.494796149442,0.5,0.505203850558,0.513749788964,
    0.524701826222,0.53587066218,0.545497459774,0.553501515477,
    0.560146227803,0.565195267691,0.569734520565,0.574188953294,
    0.578620944966,0.583049634975,0.587478654777,0.59191428448,
    0.596385404173,0.600994468654,0.606432152145,0.613590384084,
    0.6220606356,0.632238031926,0.643545776621,0.653972072085,
    0.661409822767,0.666050953822,0.672102696768,0.681655751575,
    0.692928020406,0.703744111311,0.712839116317,0.720521219182,
    0.726574681917,0.731350858013,0.735852346409,0.740295771979,
    0.744725803968,0.749154409589,0.753584247074,0.758026095253,
    0.762521530996,0.767269579597,0.773197742557,0.780756695502,
    0.789748734956,0.800428133589,0.811682263412,0.821382647743,
    0.827726205041,0.832325210608,0.839447017047,0.849779244231,
    0.861157743631,0.871480423945,0.880030982279,0.887338970075,
    0.892866112542,0.897489795104,0.90196497934,0.90640149244,
    0.910830581343,0.915259253448,0.919690799413,0.924142624793,
    0.928672338603,0.933418142859,0.938672649344,0.945253867036,
    0.954378323221,0.965555762366,0.976648627631,0.985288224633,
    0.990839139444,0.99554872446,1.),.UNSPECIFIED.);
#28 = CARTESIAN_POINT('',(-228.,-80.,116.));
#29 = CARTESIAN_POINT('',(-224.8704506783,-80.,116.));
#30 = CARTESIAN_POINT('',(-221.7261930938,-80.,116.));
#31 = CARTESIAN_POINT('',(-218.421822624,-80.,116.));
#32 = CARTESIAN_POINT('',(-215.3923891085,-80.,116.));
#33 = CARTESIAN_POINT('',(-212.3795956121,-80.,116.));
#34 = CARTESIAN_POINT('',(-209.3682578232,-80.,116.));
#35 = CARTESIAN_POINT('',(-206.3523140676,-80.,116.));
#36 = CARTESIAN_POINT('',(-203.1617779581,-80.,116.));
#37 = CARTESIAN_POINT('',(-199.9439263754,-80.,116.));
#38 = CARTESIAN_POINT('',(-196.8039238222,-80.,116.));
#39 = CARTESIAN_POINT('',(-193.6502881772,-80.,116.));
#40 = CARTESIAN_POINT('',(-190.5238544957,-80.,116.));
#41 = CARTESIAN_POINT('',(-187.3979035972,-80.,116.));
#42 = CARTESIAN_POINT('',(-184.2712661539,-80.,116.));
#43 = CARTESIAN_POINT('',(-181.1559065714,-80.,116.));
#44 = CARTESIAN_POINT('',(-178.0122542805,-80.,116.));
#45 = CARTESIAN_POINT('',(-174.9117896235,-80.,116.));
#46 = CARTESIAN_POINT('',(-171.6693361669,-80.,116.));
#47 = CARTESIAN_POINT('',(-168.5057014313,-80.,116.));
#48 = CARTESIAN_POINT('',(-165.4844573721,-80.,116.));
#49 = CARTESIAN_POINT('',(-162.3423992853,-80.,116.));
#50 = CARTESIAN_POINT('',(-159.2634964041,-80.,116.));
#51 = CARTESIAN_POINT('',(-156.1823448947,-80.,116.));
#52 = CARTESIAN_POINT('',(-153.0590219735,-80.,116.));
#53 = CARTESIAN_POINT('',(-149.9482544959,-80.,116.));
#54 = CARTESIAN_POINT('',(-146.7241779702,-80.,116.));
#55 = CARTESIAN_POINT('',(-143.4946291038,-80.,116.));
#56 = CARTESIAN_POINT('',(-140.4942901617,-80.,116.));
#57 = CARTESIAN_POINT('',(-137.4482208537,-80.,116.));
#58 = CARTESIAN_POINT('',(-134.4049803305,-80.,116.));
#59 = CARTESIAN_POINT('',(-131.260957067,-80.,116.));
#60 = CARTESIAN_POINT('',(-128.2097768072,-80.,116.));
#61 = CARTESIAN_POINT('',(-125.1317400911,-80.,116.));
#62 = CARTESIAN_POINT('',(-121.7828599083,-80.,116.));
#63 = CARTESIAN_POINT('',(-118.7216058835,-80.,116.));
#64 = CARTESIAN_POINT('',(-115.5420323229,-80.,116.));
#65 = CARTESIAN_POINT('',(-112.4528648836,-80.,116.));
#66 = CARTESIAN_POINT('',(-109.3040734641,-80.,116.));
#67 = CARTESIAN_POINT('',(-106.2006800342,-80.,116.));
#68 = CARTESIAN_POINT('',(-103.049220273,-80.,116.));
#69 = CARTESIAN_POINT('',(-99.94497584182,-80.,116.));
#70 = CARTESIAN_POINT('',(-96.65251730109,-80.,116.));
#71 = CARTESIAN_POINT('',(-93.57852523436,-80.,116.));
#72 = CARTESIAN_POINT('',(-90.50838704351,-80.,116.));
#73 = CARTESIAN_POINT('',(-87.38288840939,-80.,116.));
#74 = CARTESIAN_POINT('',(-84.31785444875,-80.,116.));
#75 = CARTESIAN_POINT('',(-81.24214244136,-80.,116.));
#76 = CARTESIAN_POINT('',(-78.12960500485,-80.,116.));
#77 = CARTESIAN_POINT('',(-74.96906529327,-80.,116.));
#78 = CARTESIAN_POINT('',(-71.73799895759,-80.,116.));
#79 = CARTESIAN_POINT('',(-68.60106908076,-80.,116.));
#80 = CARTESIAN_POINT('',(-65.56017338006,-80.,116.));
#81 = CARTESIAN_POINT('',(-62.51301691864,-80.,116.));
#82 = CARTESIAN_POINT('',(-59.44661269167,-80.,116.));
#83 = CARTESIAN_POINT('',(-56.2794693162,-80.,116.));
#84 = CARTESIAN_POINT('',(-53.30015135599,-80.,116.));
#85 = CARTESIAN_POINT('',(-50.09160903077,-80.,116.));
#86 = CARTESIAN_POINT('',(-46.82988298107,-80.,116.));
#87 = CARTESIAN_POINT('',(-43.75098561487,-80.,116.));
#88 = CARTESIAN_POINT('',(-40.59022498143,-80.,116.));
#89 = CARTESIAN_POINT('',(-37.48657799801,-80.,116.));
#90 = CARTESIAN_POINT('',(-34.35349204993,-80.,116.));
#91 = CARTESIAN_POINT('',(-31.22924211799,-80.,116.));
#92 = CARTESIAN_POINT('',(-28.10496678474,-80.,116.));
#93 = CARTESIAN_POINT('',(-24.94210454386,-80.,116.));
#94 = CARTESIAN_POINT('',(-21.65395320521,-80.,116.));
#95 = CARTESIAN_POINT('',(-18.66692496727,-80.,116.));
#96 = CARTESIAN_POINT('',(-15.52415536771,-80.,116.));
#97 = CARTESIAN_POINT('',(-12.42987744782,-80.,116.));
#98 = CARTESIAN_POINT('',(-9.377596847078,-80.,116.));
#99 = CARTESIAN_POINT('',(-6.312968134846,-80.,116.));
#100 = CARTESIAN_POINT('',(-3.20273059646,-80.,116.));
#101 = CARTESIAN_POINT('',(-2.775557561563E-17,-80.,116.));
#102 = CARTESIAN_POINT('',(3.20273059646,-80.,116.));
#103 = CARTESIAN_POINT('',(6.312968134846,-80.,116.));
#104 = CARTESIAN_POINT('',(9.377596847078,-80.,116.));
#105 = CARTESIAN_POINT('',(12.429877447828,-80.,116.));
#106 = CARTESIAN_POINT('',(15.524155367714,-80.,116.));
#107 = CARTESIAN_POINT('',(18.666924967278,-80.,116.));
#108 = CARTESIAN_POINT('',(21.653953205212,-80.,116.));
#109 = CARTESIAN_POINT('',(24.942104543865,-80.,116.));
#110 = CARTESIAN_POINT('',(28.104966784746,-80.,116.));
#111 = CARTESIAN_POINT('',(31.229242117992,-80.,116.));
#112 = CARTESIAN_POINT('',(34.353492049937,-80.,116.));
#113 = CARTESIAN_POINT('',(37.486577998015,-80.,116.));
#114 = CARTESIAN_POINT('',(40.590224981439,-80.,116.));
#115 = CARTESIAN_POINT('',(43.75098561487,-80.,116.));
#116 = CARTESIAN_POINT('',(46.82988298107,-80.,116.));
#117 = CARTESIAN_POINT('',(50.091609030777,-80.,116.));
#118 = CARTESIAN_POINT('',(53.30015135599,-80.,116.));
#119 = CARTESIAN_POINT('',(56.279469316208,-80.,116.));
#120 = CARTESIAN_POINT('',(59.446612691677,-80.,116.));
#121 = CARTESIAN_POINT('',(62.513016918644,-80.,116.));
#122 = CARTESIAN_POINT('',(65.560173380067,-80.,116.));
#123 = CARTESIAN_POINT('',(68.601069080765,-80.,116.));
#124 = CARTESIAN_POINT('',(71.73799895759,-80.,116.));
#125 = CARTESIAN_POINT('',(74.969065293279,-80.,116.));
#126 = CARTESIAN_POINT('',(78.129605004858,-80.,116.));
#127 = CARTESIAN_POINT('',(81.242142441362,-80.,116.));
#128 = CARTESIAN_POINT('',(84.317854448757,-80.,116.));
#129 = CARTESIAN_POINT('',(87.382888409396,-80.,116.));
#130 = CARTESIAN_POINT('',(90.508387043519,-80.,116.));
#131 = CARTESIAN_POINT('',(93.578525234368,-80.,116.));
#132 = CARTESIAN_POINT('',(96.652517301093,-80.,116.));
#133 = CARTESIAN_POINT('',(99.944975841828,-80.,116.));
#134 = CARTESIAN_POINT('',(103.04922027306,-80.,116.));
#135 = CARTESIAN_POINT('',(106.20068003424,-80.,116.));
#136 = CARTESIAN_POINT('',(109.30407346416,-80.,116.));
#137 = CARTESIAN_POINT('',(112.45286488364,-80.,116.));
#138 = CARTESIAN_POINT('',(115.54203232295,-80.,116.));
#139 = CARTESIAN_POINT('',(118.72160588355,-80.,116.));
#140 = CARTESIAN_POINT('',(121.78285990839,-80.,116.));
#141 = CARTESIAN_POINT('',(125.13174009112,-80.,116.));
#142 = CARTESIAN_POINT('',(128.20977680724,-80.,116.));
#143 = CARTESIAN_POINT('',(131.26095706703,-80.,116.));
#144 = CARTESIAN_POINT('',(134.40498033054,-80.,116.));
#145 = CARTESIAN_POINT('',(137.44822085371,-80.,116.));
#146 = CARTESIAN_POINT('',(140.49429016176,-80.,116.));
#147 = CARTESIAN_POINT('',(143.49462910383,-80.,116.));
#148 = CARTESIAN_POINT('',(146.72417797021,-80.,116.));
#149 = CARTESIAN_POINT('',(149.9482544959,-80.,116.));
#150 = CARTESIAN_POINT('',(153.05902197354,-80.,116.));
#151 = CARTESIAN_POINT('',(156.1823448947,-80.,116.));
#152 = CARTESIAN_POINT('',(159.26349640411,-80.,116.));
#153 = CARTESIAN_POINT('',(162.34239928534,-80.,116.));
#154 = CARTESIAN_POINT('',(165.48445737214,-80.,116.));
#155 = CARTESIAN_POINT('',(168.50570143136,-80.,116.));
#156 = CARTESIAN_POINT('',(171.66933616697,-80.,116.));
#157 = CARTESIAN_POINT('',(174.91178962355,-80.,116.));
#158 = CARTESIAN_POINT('',(178.01225428054,-80.,116.));
#159 = CARTESIAN_POINT('',(181.15590657147,-80.,116.));
#160 = CARTESIAN_POINT('',(184.27126615396,-80.,116.));
#161 = CARTESIAN_POINT('',(187.39790359724,-80.,116.));
#162 = CARTESIAN_POINT('',(190.52385449579,-80.,116.));
#163 = CARTESIAN_POINT('',(193.65028817727,-80.,116.));
#164 = CARTESIAN_POINT('',(196.80392382223,-80.,116.));
#165 = CARTESIAN_POINT('',(199.94392637543,-80.,116.));
#166 = CARTESIAN_POINT('',(203.16177795814,-80.,116.));
#167 = CARTESIAN_POINT('',(206.35231406763,-80.,116.));
#168 = CARTESIAN_POINT('',(209.36825782326,-80.,116.));
#169 = CARTESIAN_POINT('',(212.37959561216,-80.,116.));
#170 = CARTESIAN_POINT('',(215.39238910851,-80.,116.));
#171 = CARTESIAN_POINT('',(218.421822624,-80.,116.));
#172 = CARTESIAN_POINT('',(221.72619309389,-80.,116.));
#173 = CARTESIAN_POINT('',(224.87045067834,-80.,116.));
#174 = CARTESIAN_POINT('',(228.,-80.,116.));
#175 = PCURVE('',#176,#7674);
#176 = B_SPLINE_SURFACE_WITH_KNOTS('',3,1,(
    (#177,#178,#179,#180,#181,#182,#183,#184,#185,#186,#187,#188,#189
      ,#190,#191,#192,#193,#194,#195,#196,#197,#198,#199,#200,#201,#202
      ,#203,#204,#205,#206,#207,#208,#209,#210,#211,#212,#213,#214,#215
      ,#216,#217,#218,#219,#220,#221,#222,#223,#224,#225,#226,#227,#228
      ,#229,#230,#231,#232,#233,#234,#235,#236,#237,#238,#239,#240,#241
      ,#242,#243,#244,#245,#246,#247,#248,#249,#250,#251,#252,#253,#254
      ,#255,#256,#257,#258,#259,#260,#261,#262,#263,#264,#265,#266,#267
      ,#268,#269,#270,#271,#272,#273,#274,#275,#276,#277,#278,#279,#280
      ,#281,#282,#283,#284,#285,#286,#287,#288,#289,#290,#291,#292,#293
      ,#294,#295,#296,#297,#298,#299,#300,#301,#302,#303,#304,#305,#306
      ,#307,#308,#309,#310,#311,#312,#313,#314,#315,#316,#317,#318,#319
      ,#320,#321,#322,#323)
    ,(#324,#325,#326,#327,#328,#329,#330,#331,#332,#333,#334,#335,#336
      ,#337,#338,#339,#340,#341,#342,#343,#344,#345,#346,#347,#348,#349
      ,#350,#351,#352,#353,#354,#355,#356,#357,#358,#359,#360,#361,#362
      ,#363,#364,#365,#366,#367,#368,#369,#370,#371,#372,#373,#374,#375
      ,#376,#377,#378,#379,#380,#381,#382,#383,#384,#385,#386,#387,#388
      ,#389,#390,#391,#392,#393,#394,#395,#396,#397,#398,#399,#400,#401
      ,#402,#403,#404,#405,#406,#407,#408,#409,#410,#411,#412,#413,#414
      ,#415,#416,#417,#418,#419,#420,#421,#422,#423,#424,#425,#426,#427
      ,#428,#429,#430,#431,#432,#433,#434,#435,#436,#437,#438,#439,#440
      ,#441,#442,#443,#444,#445,#446,#447,#448,#449,#450,#451,#452,#453
      ,#454,#455,#456,#457,#458,#459,#460,#461,#462,#463,#464,#465,#466
      ,#467,#468,#469,#470)
    ,(#471,#472,#473,#474,#475,#476,#477,#478,#479,#480,#481,#482,#483
      ,#484,#485,#486,#487,#488,#489,#490,#491,#492,#493,#494,#495,#496
      ,#497,#498,#499,#500,#501,#502,#503,#504,#505,#506,#507,#508,#509
      ,#510,#511,#512,#513,#514,#515,#516,#517,#518,#519,#520,#521,#522
      ,#523,#524,#525,#526,#527,#528,#529,#530,#531,#532,#533,#534,#535
      ,#536,#537,#538,#539,#540,#541,#542,#543,#544,#545,#546,#547,#548
      ,#549,#550,#551,#552,#553,#554,#555,#556,#557,#558,#559,#560,#561
      ,#562,#563,#564,#565,#566,#567,#568,#569,#570,#571,#572,#573,#574
      ,#575,#576,#577,#578,#579,#580,#581,#582,#583,#584,#585,#586,#587
      ,#588,#589,#590,#591,#592,#593,#594,#595,#596,#597,#598,#599,#600
      ,#601,#602,#603,#604,#605,#606,#607,#608,#609,#610,#611,#612,#613
      ,#614,#615,#616,#617)
    ,(#618,#619,#620,#621,#622,#623,#624,#625,#626,#627,#628,#629,#630
      ,#631,#632,#633,#634,#635,#636,#637,#638,#639,#640,#641,#642,#643
      ,#644,#645,#646,#647,#648,#649,#650,#651,#652,#653,#654,#655,#656
      ,#657,#658,#659,#660,#661,#662,#663,#664,#665,#666,#667,#668,#669
      ,#670,#671,#672,#673,#674,#675,#676,#677,#678,#679,#680,#681,#682
      ,#683,#684,#685,#686,#687,#688,#689,#690,#691,#692,#693,#694,#695
      ,#696,#697,#698,#699,#700,#701,#702,#703,#704,#705,#706,#707,#708
      ,#709,#710,#711,#712,#713,#714,#715,#716,#717,#718,#719,#720,#721
      ,#722,#723,#724,#725,#726,#727,#728,#729,#730,#731,#732,#733,#734
      ,#735,#736,#737,#738,#739,#740,#741,#742,#743,#744,#745,#746,#747
      ,#748,#749,#750,#751,#752,#753,#754,#755,#756,#757,#758,#759,#760
      ,#761,#762,#763,#764)
    ,(#765,#766,#767,#768,#769,#770,#771,#772,#773,#774,#775,#776,#777
      ,#778,#779,#780,#781,#782,#783,#784,#785,#786,#787,#788,#789,#790
      ,#791,#792,#793,#794,#795,#796,#797,#798,#799,#800,#801,#802,#803
      ,#804,#805,#806,#807,#808,#809,#810,#811,#812,#813,#814,#815,#816
      ,#817,#818,#819,#820,#821,#822,#823,#824,#825,#826,#827,#828,#829
      ,#830,#831,#832,#833,#834,#835,#836,#837,#838,#839,#840,#841,#842
      ,#843,#844,#845,#846,#847,#848,#849,#850,#851,#852,#853,#854,#855
      ,#856,#857,#858,#859,#860,#861,#862,#863,#864,#865,#866,#867,#868
      ,#869,#870,#871,#872,#873,#874,#875,#876,#877,#878,#879,#880,#881
      ,#882,#883,#884,#885,#886,#887,#888,#889,#890,#891,#892,#893,#894
      ,#895,#896,#897,#898,#899,#900,#901,#902,#903,#904,#905,#906,#907
      ,#908,#909,#910,#911)
    ,(#912,#913,#914,#915,#916,#917,#918,#919,#920,#921,#922,#923,#924
      ,#925,#926,#927,#928,#929,#930,#931,#932,#933,#934,#935,#936,#937
      ,#938,#939,#940,#941,#942,#943,#944,#945,#946,#947,#948,#949,#950
      ,#951,#952,#953,#954,#955,#956,#957,#958,#959,#960,#961,#962,#963
      ,#964,#965,#966,#967,#968,#969,#970,#971,#972,#973,#974,#975,#976
      ,#977,#978,#979,#980,#981,#982,#983,#984,#985,#986,#987,#988,#989
      ,#990,#991,#992,#993,#994,#995,#996,#997,#998,#999,#1000,#1001
      ,#1002,#1003,#1004,#1005,#1006,#1007,#1008,#1009,#1010,#1011,#1012
      ,#1013,#1014,#1015,#1016,#1017,#1018,#1019,#1020,#1021,#1022,#1023
      ,#1024,#1025,#1026,#1027,#1028,#1029,#1030,#1031,#1032,#1033,#1034
      ,#1035,#1036,#1037,#1038,#1039,#1040,#1041,#1042,#1043,#1044,#1045
      ,#1046,#1047,#1048,#1049,#1050,#1051,#1052,#1053,#1054,#1055,#1056
      ,#1057,#1058)
    ,(#1059,#1060,#1061,#1062,#1063,#1064,#1065,#1066,#1067,#1068,#1069
      ,#1070,#1071,#1072,#1073,#1074,#1075,#1076,#1077,#1078,#1079,#1080
      ,#1081,#1082,#1083,#1084,#1085,#1086,#1087,#1088,#1089,#1090,#1091
      ,#1092,#1093,#1094,#1095,#1096,#1097,#1098,#1099,#1100,#1101,#1102
      ,#1103,#1104,#1105,#1106,#1107,#1108,#1109,#1110,#1111,#1112,#1113
      ,#1114,#1115,#1116,#1117,#1118,#1119,#1120,#1121,#1122,#1123,#1124
      ,#1125,#1126,#1127,#1128,#1129,#1130,#1131,#1132,#1133,#1134,#1135
      ,#1136,#1137,#1138,#1139,#1140,#1141,#1142,#1143,#1144,#1145,#1146
      ,#1147,#1148,#1149,#1150,#1151,#1152,#1153,#1154,#1155,#1156,#1157
      ,#1158,#1159,#1160,#1161,#1162,#1163,#1164,#1165,#1166,#1167,#1168
      ,#1169,#1170,#1171,#1172,#1173,#1174,#1175,#1176,#1177,#1178,#1179
      ,#1180,#1181,#1182,#1183,#1184,#1185,#1186,#1187,#1188,#1189,#1190
      ,#1191,#1192,#1193,#1194,#1195,#1196,#1197,#1198,#1199,#1200,#1201
      ,#1202,#1203,#1204,#1205)
    ,(#1206,#1207,#1208,#1209,#1210,#1211,#1212,#1213,#1214,#1215,#1216
      ,#1217,#1218,#1219,#1220,#1221,#1222,#1223,#1224,#1225,#1226,#1227
      ,#1228,#1229,#1230,#1231,#1232,#1233,#1234,#1235,#1236,#1237,#1238
      ,#1239,#1240,#1241,#1242,#1243,#1244,#1245,#1246,#1247,#1248,#1249
      ,#1250,#1251,#1252,#1253,#1254,#1255,#1256,#1257,#1258,#1259,#1260
      ,#1261,#1262,#1263,#1264,#1265,#1266,#1267,#1268,#1269,#1270,#1271
      ,#1272,#1273,#1274,#1275,#1276,#1277,#1278,#1279,#1280,#1281,#1282
      ,#1283,#1284,#1285,#1286,#1287,#1288,#1289,#1290,#1291,#1292,#1293
      ,#1294,#1295,#1296,#1297,#1298,#1299,#1300,#1301,#1302,#1303,#1304
      ,#1305,#1306,#1307,#1308,#1309,#1310,#1311,#1312,#1313,#1314,#1315
      ,#1316,#1317,#1318,#1319,#1320,#1321,#1322,#1323,#1324,#1325,#1326
      ,#1327,#1328,#1329,#1330,#1331,#1332,#1333,#1334,#1335,#1336,#1337
      ,#1338,#1339,#1340,#1341,#1342,#1343,#1344,#1345,#1346,#1347,#1348
      ,#1349,#1350,#1351,#1352)
    ,(#1353,#1354,#1355,#1356,#1357,#1358,#1359,#1360,#1361,#1362,#1363
      ,#1364,#1365,#1366,#1367,#1368,#1369,#1370,#1371,#1372,#1373,#1374
      ,#1375,#1376,#1377,#1378,#1379,#1380,#1381,#1382,#1383,#1384,#1385
      ,#1386,#1387,#1388,#1389,#1390,#1391,#1392,#1393,#1394,#1395,#1396
      ,#1397,#1398,#1399,#1400,#1401,#1402,#1403,#1404,#1405,#1406,#1407
      ,#1408,#1409,#1410,#1411,#1412,#1413,#1414,#1415,#1416,#1417,#1418
      ,#1419,#1420,#1421,#1422,#1423,#1424,#1425,#1426,#1427,#1428,#1429
      ,#1430,#1431,#1432,#1433,#1434,#1435,#1436,#1437,#1438,#1439,#1440
      ,#1441,#1442,#1443,#1444,#1445,#1446,#1447,#1448,#1449,#1450,#1451
      ,#1452,#1453,#1454,#1455,#1456,#1457,#1458,#1459,#1460,#1461,#1462
      ,#1463,#1464,#1465,#1466,#1467,#1468,#1469,#1470,#1471,#1472,#1473
      ,#1474,#1475,#1476,#1477,#1478,#1479,#1480,#1481,#1482,#1483,#1484
      ,#1485,#1486,#1487,#1488,#1489,#1490,#1491,#1492,#1493,#1494,#1495
      ,#1496,#1497,#1498,#1499)
    ,(#1500,#1501,#1502,#1503,#1504,#1505,#1506,#1507,#1508,#1509,#1510
      ,#1511,#1512,#1513,#1514,#1515,#1516,#1517,#1518,#1519,#1520,#1521
      ,#1522,#1523,#1524,#1525,#1526,#1527,#1528,#1529,#1530,#1531,#1532
      ,#1533,#1534,#1535,#1536,#1537,#1538,#1539,#1540,#1541,#1542,#1543
      ,#1544,#1545,#1546,#1547,#1548,#1549,#1550,#1551,#1552,#1553,#1554
      ,#1555,#1556,#1557,#1558,#1559,#1560,#1561,#1562,#1563,#1564,#1565
      ,#1566,#1567,#1568,#1569,#1570,#1571,#1572,#1573,#1574,#1575,#1576
      ,#1577,#1578,#1579,#1580,#1581,#1582,#1583,#1584,#1585,#1586,#1587
      ,#1588,#1589,#1590,#1591,#1592,#1593,#1594,#1595,#1596,#1597,#1598
      ,#1599,#1600,#1601,#1602,#1603,#1604,#1605,#1606,#1607,#1608,#1609
      ,#1610,#1611,#1612,#1613,#1614,#1615,#1616,#1617,#1618,#1619,#1620
      ,#1621,#1622,#1623,#1624,#1625,#1626,#1627,#1628,#1629,#1630,#1631
      ,#1632,#1633,#1634,#1635,#1636,#1637,#1638,#1639,#1640,#1641,#1642
      ,#1643,#1644,#1645,#1646)
    ,(#1647,#1648,#1649,#1650,#1651,#1652,#1653,#1654,#1655,#1656,#1657
      ,#1658,#1659,#1660,#1661,#1662,#1663,#1664,#1665,#1666,#1667,#1668
      ,#1669,#1670,#1671,#1672,#1673,#1674,#1675,#1676,#1677,#1678,#1679
      ,#1680,#1681,#1682,#1683,#1684,#1685,#1686,#1687,#1688,#1689,#1690
      ,#1691,#1692,#1693,#1694,#1695,#1696,#1697,#1698,#1699,#1700,#1701
      ,#1702,#1703,#1704,#1705,#1706,#1707,#1708,#1709,#1710,#1711,#1712
      ,#1713,#1714,#1715,#1716,#1717,#1718,#1719,#1720,#1721,#1722,#1723
      ,#1724,#1725,#1726,#1727,#1728,#1729,#1730,#1731,#1732,#1733,#1734
      ,#1735,#1736,#1737,#1738,#1739,#1740,#1741,#1742,#1743,#1744,#1745
      ,#1746,#1747,#1748,#1749,#1750,#1751,#1752,#1753,#1754,#1755,#1756
      ,#1757,#1758,#1759,#1760,#1761,#1762,#1763,#1764,#1765,#1766,#1767
      ,#1768,#1769,#1770,#1771,#1772,#1773,#1774,#1775,#1776,#1777,#1778
      ,#1779,#1780,#1781,#1782,#1783,#1784,#1785,#1786,#1787,#1788,#1789
      ,#1790,#1791,#1792,#1793)
    ,(#1794,#1795,#1796,#1797,#1798,#1799,#1800,#1801,#1802,#1803,#1804
      ,#1805,#1806,#1807,#1808,#1809,#1810,#1811,#1812,#1813,#1814,#1815
      ,#1816,#1817,#1818,#1819,#1820,#1821,#1822,#1823,#1824,#1825,#1826
      ,#1827,#1828,#1829,#1830,#1831,#1832,#1833,#1834,#1835,#1836,#1837
      ,#1838,#1839,#1840,#1841,#1842,#1843,#1844,#1845,#1846,#1847,#1848
      ,#1849,#1850,#1851,#1852,#1853,#1854,#1855,#1856,#1857,#1858,#1859
      ,#1860,#1861,#1862,#1863,#1864,#1865,#1866,#1867,#1868,#1869,#1870
      ,#1871,#1872,#1873,#1874,#1875,#1876,#1877,#1878,#1879,#1880,#1881
      ,#1882,#1883,#1884,#1885,#1886,#1887,#1888,#1889,#1890,#1891,#1892
      ,#1893,#1894,#1895,#1896,#1897,#1898,#1899,#1900,#1901,#1902,#1903
      ,#1904,#1905,#1906,#1907,#1908,#1909,#1910,#1911,#1912,#1913,#1914
      ,#1915,#1916,#1917,#1918,#1919,#1920,#1921,#1922,#1923,#1924,#1925
      ,#1926,#1927,#1928,#1929,#1930,#1931,#1932,#1933,#1934,#1935,#1936
      ,#1937,#1938,#1939,#1940)
    ,(#1941,#1942,#1943,#1944,#1945,#1946,#1947,#1948,#1949,#1950,#1951
      ,#1952,#1953,#1954,#1955,#1956,#1957,#1958,#1959,#1960,#1961,#1962
      ,#1963,#1964,#1965,#1966,#1967,#1968,#1969,#1970,#1971,#1972,#1973
      ,#1974,#1975,#1976,#1977,#1978,#1979,#1980,#1981,#1982,#1983,#1984
      ,#1985,#1986,#1987,#1988,#1989,#1990,#1991,#1992,#1993,#1994,#1995
      ,#1996,#1997,#1998,#1999,#2000,#2001,#2002,#2003,#2004,#2005,#2006
      ,#2007,#2008,#2009,#2010,#2011,#2012,#2013,#2014,#2015,#2016,#2017
      ,#2018,#2019,#2020,#2021,#2022,#2023,#2024,#2025,#2026,#2027,#2028
      ,#2029,#2030,#2031,#2032,#2033,#2034,#2035,#2036,#2037,#2038,#2039
      ,#2040,#2041,#2042,#2043,#2044,#2045,#2046,#2047,#2048,#2049,#2050
      ,#2051,#2052,#2053,#2054,#2055,#2056,#2057,#2058,#2059,#2060,#2061
      ,#2062,#2063,#2064,#2065,#2066,#2067,#2068,#2069,#2070,#2071,#2072
      ,#2073,#2074,#2075,#2076,#2077,#2078,#2079,#2080,#2081,#2082,#2083
      ,#2084,#2085,#2086,#2087)
    ,(#2088,#2089,#2090,#2091,#2092,#2093,#2094,#2095,#2096,#2097,#2098
      ,#2099,#2100,#2101,#2102,#2103,#2104,#2105,#2106,#2107,#2108,#2109
      ,#2110,#2111,#2112,#2113,#2114,#2115,#2116,#2117,#2118,#2119,#2120
      ,#2121,#2122,#2123,#2124,#2125,#2126,#2127,#2128,#2129,#2130,#2131
      ,#2132,#2133,#2134,#2135,#2136,#2137,#2138,#2139,#2140,#2141,#2142
      ,#2143,#2144,#2145,#2146,#2147,#2148,#2149,#2150,#2151,#2152,#2153
      ,#2154,#2155,#2156,#2157,#2158,#2159,#2160,#2161,#2162,#2163,#2164
      ,#2165,#2166,#2167,#2168,#2169,#2170,#2171,#2172,#2173,#2174,#2175
      ,#2176,#2177,#2178,#2179,#2180,#2181,#2182,#2183,#2184,#2185,#2186
      ,#2187,#2188,#2189,#2190,#2191,#2192,#2193,#2194,#2195,#2196,#2197
      ,#2198,#2199,#2200,#2201,#2202,#2203,#2204,#2205,#2206,#2207,#2208
      ,#2209,#2210,#2211,#2212,#2213,#2214,#2215,#2216,#2217,#2218,#2219
      ,#2220,#2221,#2222,#2223,#2224,#2225,#2226,#2227,#2228,#2229,#2230
      ,#2231,#2232,#2233,#2234)
    ,(#2235,#2236,#2237,#2238,#2239,#2240,#2241,#2242,#2243,#2244,#2245
      ,#2246,#2247,#2248,#2249,#2250,#2251,#2252,#2253,#2254,#2255,#2256
      ,#2257,#2258,#2259,#2260,#2261,#2262,#2263,#2264,#2265,#2266,#2267
      ,#2268,#2269,#2270,#2271,#2272,#2273,#2274,#2275,#2276,#2277,#2278
      ,#2279,#2280,#2281,#2282,#2283,#2284,#2285,#2286,#2287,#2288,#2289
      ,#2290,#2291,#2292,#2293,#2294,#2295,#2296,#2297,#2298,#2299,#2300
      ,#2301,#2302,#2303,#2304,#2305,#2306,#2307,#2308,#2309,#2310,#2311
      ,#2312,#2313,#2314,#2315,#2316,#2317,#2318,#2319,#2320,#2321,#2322
      ,#2323,#2324,#2325,#2326,#2327,#2328,#2329,#2330,#2331,#2332,#2333
      ,#2334,#2335,#2336,#2337,#2338,#2339,#2340,#2341,#2342,#2343,#2344
      ,#2345,#2346,#2347,#2348,#2349,#2350,#2351,#2352,#2353,#2354,#2355
      ,#2356,#2357,#2358,#2359,#2360,#2361,#2362,#2363,#2364,#2365,#2366
      ,#2367,#2368,#2369,#2370,#2371,#2372,#2373,#2374,#2375,#2376,#2377
      ,#2378,#2379,#2380,#2381)
    ,(#2382,#2383,#2384,#2385,#2386,#2387,#2388,#2389,#2390,#2391,#2392
      ,#2393,#2394,#2395,#2396,#2397,#2398,#2399,#2400,#2401,#2402,#2403
      ,#2404,#2405,#2406,#2407,#2408,#2409,#2410,#2411,#2412,#2413,#2414
      ,#2415,#2416,#2417,#2418,#2419,#2420,#2421,#2422,#2423,#2424,#2425
      ,#2426,#2427,#2428,#2429,#2430,#2431,#2432,#2433,#2434,#2435,#2436
      ,#2437,#2438,#2439,#2440,#2441,#2442,#2443,#2444,#2445,#2446,#2447
      ,#2448,#2449,#2450,#2451,#2452,#2453,#2454,#2455,#2456,#2457,#2458
      ,#2459,#2460,#2461,#2462,#2463,#2464,#2465,#2466,#2467,#2468,#2469
      ,#2470,#2471,#2472,#2473,#2474,#2475,#2476,#2477,#2478,#2479,#2480
      ,#2481,#2482,#2483,#2484,#2485,#2486,#2487,#2488,#2489,#2490,#2491
      ,#2492,#2493,#2494,#2495,#2496,#2497,#2498,#2499,#2500,#2501,#2502
      ,#2503,#2504,#2505,#2506,#2507,#2508,#2509,#2510,#2511,#2512,#2513
      ,#2514,#2515,#2516,#2517,#2518,#2519,#2520,#2521,#2522,#2523,#2524
      ,#2525,#2526,#2527,#2528)
    ,(#2529,#2530,#2531,#2532,#2533,#2534,#2535,#2536,#2537,#2538,#2539
      ,#2540,#2541,#2542,#2543,#2544,#2545,#2546,#2547,#2548,#2549,#2550
      ,#2551,#2552,#2553,#2554,#2555,#2556,#2557,#2558,#2559,#2560,#2561
      ,#2562,#2563,#2564,#2565,#2566,#2567,#2568,#2569,#2570,#2571,#2572
      ,#2573,#2574,#2575,#2576,#2577,#2578,#2579,#2580,#2581,#2582,#2583
      ,#2584,#2585,#2586,#2587,#2588,#2589,#2590,#2591,#2592,#2593,#2594
      ,#2595,#2596,#2597,#2598,#2599,#2600,#2601,#2602,#2603,#2604,#2605
      ,#2606,#2607,#2608,#2609,#2610,#2611,#2612,#2613,#2614,#2615,#2616
      ,#2617,#2618,#2619,#2620,#2621,#2622,#2623,#2624,#2625,#2626,#2627
      ,#2628,#2629,#2630,#2631,#2632,#2633,#2634,#2635,#2636,#2637,#2638
      ,#2639,#2640,#2641,#2642,#2643,#2644,#2645,#2646,#2647,#2648,#2649
      ,#2650,#2651,#2652,#2653,#2654,#2655,#2656,#2657,#2658,#2659,#2660
      ,#2661,#2662,#2663,#2664,#2665,#2666,#2667,#2668,#2669,#2670,#2671
      ,#2672,#2673,#2674,#2675)
    ,(#2676,#2677,#2678,#2679,#2680,#2681,#2682,#2683,#2684,#2685,#2686
      ,#2687,#2688,#2689,#2690,#2691,#2692,#2693,#2694,#2695,#2696,#2697
      ,#2698,#2699,#2700,#2701,#2702,#2703,#2704,#2705,#2706,#2707,#2708
      ,#2709,#2710,#2711,#2712,#2713,#2714,#2715,#2716,#2717,#2718,#2719
      ,#2720,#2721,#2722,#2723,#2724,#2725,#2726,#2727,#2728,#2729,#2730
      ,#2731,#2732,#2733,#2734,#2735,#2736,#2737,#2738,#2739,#2740,#2741
      ,#2742,#2743,#2744,#2745,#2746,#2747,#2748,#2749,#2750,#2751,#2752
      ,#2753,#2754,#2755,#2756,#2757,#2758,#2759,#2760,#2761,#2762,#2763
      ,#2764,#2765,#2766,#2767,#2768,#2769,#2770,#2771,#2772,#2773,#2774
      ,#2775,#2776,#2777,#2778,#2779,#2780,#2781,#2782,#2783,#2784,#2785
      ,#2786,#2787,#2788,#2789,#2790,#2791,#2792,#2793,#2794,#2795,#2796
      ,#2797,#2798,#2799,#2800,#2801,#2802,#2803,#2804,#2805,#2806,#2807
      ,#2808,#2809,#2810,#2811,#2812,#2813,#2814,#2815,#2816,#2817,#2818
      ,#2819,#2820,#2821,#2822)
    ,(#2823,#2824,#2825,#2826,#2827,#2828,#2829,#2830,#2831,#2832,#2833
      ,#2834,#2835,#2836,#2837,#2838,#2839,#2840,#2841,#2842,#2843,#2844
      ,#2845,#2846,#2847,#2848,#2849,#2850,#2851,#2852,#2853,#2854,#2855
      ,#2856,#2857,#2858,#2859,#2860,#2861,#2862,#2863,#2864,#2865,#2866
      ,#2867,#2868,#2869,#2870,#2871,#2872,#2873,#2874,#2875,#2876,#2877
      ,#2878,#2879,#2880,#2881,#2882,#2883,#2884,#2885,#2886,#2887,#2888
      ,#2889,#2890,#2891,#2892,#2893,#2894,#2895,#2896,#2897,#2898,#2899
      ,#2900,#2901,#2902,#2903,#2904,#2905,#2906,#2907,#2908,#2909,#2910
      ,#2911,#2912,#2913,#2914,#2915,#2916,#2917,#2918,#2919,#2920,#2921
      ,#2922,#2923,#2924,#2925,#2926,#2927,#2928,#2929,#2930,#2931,#2932
      ,#2933,#2934,#2935,#2936,#2937,#2938,#2939,#2940,#2941,#2942,#2943
      ,#2944,#2945,#2946,#2947,#2948,#2949,#2950,#2951,#2952,#2953,#2954
      ,#2955,#2956,#2957,#2958,#2959,#2960,#2961,#2962,#2963,#2964,#2965
      ,#2966,#2967,#2968,#2969)
    ,(#2970,#2971,#2972,#2973,#2974,#2975,#2976,#2977,#2978,#2979,#2980
      ,#2981,#2982,#2983,#2984,#2985,#2986,#2987,#2988,#2989,#2990,#2991
      ,#2992,#2993,#2994,#2995,#2996,#2997,#2998,#2999,#3000,#3001,#3002
      ,#3003,#3004,#3005,#3006,#3007,#3008,#3009,#3010,#3011,#3012,#3013
      ,#3014,#3015,#3016,#3017,#3018,#3019,#3020,#3021,#3022,#3023,#3024
      ,#3025,#3026,#3027,#3028,#3029,#3030,#3031,#3032,#3033,#3034,#3035
      ,#3036,#3037,#3038,#3039,#3040,#3041,#3042,#3043,#3044,#3045,#3046
      ,#3047,#3048,#3049,#3050,#3051,#3052,#3053,#3054,#3055,#3056,#3057
      ,#3058,#3059,#3060,#3061,#3062,#3063,#3064,#3065,#3066,#3067,#3068
      ,#3069,#3070,#3071,#3072,#3073,#3074,#3075,#3076,#3077,#3078,#3079
      ,#3080,#3081,#3082,#3083,#3084,#3085,#3086,#3087,#3088,#3089,#3090
      ,#3091,#3092,#3093,#3094,#3095,#3096,#3097,#3098,#3099,#3100,#3101
      ,#3102,#3103,#3104,#3105,#3106,#3107,#3108,#3109,#3110,#3111,#3112
      ,#3113,#3114,#3115,#3116)
    ,(#3117,#3118,#3119,#3120,#3121,#3122,#3123,#3124,#3125,#3126,#3127
      ,#3128,#3129,#3130,#3131,#3132,#3133,#3134,#3135,#3136,#3137,#3138
      ,#3139,#3140,#3141,#3142,#3143,#3144,#3145,#3146,#3147,#3148,#3149
      ,#3150,#3151,#3152,#3153,#3154,#3155,#3156,#3157,#3158,#3159,#3160
      ,#3161,#3162,#3163,#3164,#3165,#3166,#3167,#3168,#3169,#3170,#3171
      ,#3172,#3173,#3174,#3175,#3176,#3177,#3178,#3179,#3180,#3181,#3182
      ,#3183,#3184,#3185,#3186,#3187,#3188,#3189,#3190,#3191,#3192,#3193
      ,#3194,#3195,#3196,#3197,#3198,#3199,#3200,#3201,#3202,#3203,#3204
      ,#3205,#3206,#3207,#3208,#3209,#3210,#3211,#3212,#3213,#3214,#3215
      ,#3216,#3217,#3218,#3219,#3220,#3221,#3222,#3223,#3224,#3225,#3226
      ,#3227,#3228,#3229,#3230,#3231,#3232,#3233,#3234,#3235,#3236,#3237
      ,#3238,#3239,#3240,#3241,#3242,#3243,#3244,#3245,#3246,#3247,#3248
      ,#3249,#3250,#3251,#3252,#3253,#3254,#3255,#3256,#3257,#3258,#3259
      ,#3260,#3261,#3262,#3263)
    ,(#3264,#3265,#3266,#3267,#3268,#3269,#3270,#3271,#3272,#3273,#3274
      ,#3275,#3276,#3277,#3278,#3279,#3280,#3281,#3282,#3283,#3284,#3285
      ,#3286,#3287,#3288,#3289,#3290,#3291,#3292,#3293,#3294,#3295,#3296
      ,#3297,#3298,#3299,#3300,#3301,#3302,#3303,#3304,#3305,#3306,#3307
      ,#3308,#3309,#3310,#3311,#3312,#3313,#3314,#3315,#3316,#3317,#3318
      ,#3319,#3320,#3321,#3322,#3323,#3324,#3325,#3326,#3327,#3328,#3329
      ,#3330,#3331,#3332,#3333,#3334,#3335,#3336,#3337,#3338,#3339,#3340
      ,#3341,#3342,#3343,#3344,#3345,#3346,#3347,#3348,#3349,#3350,#3351
      ,#3352,#3353,#3354,#3355,#3356,#3357,#3358,#3359,#3360,#3361,#3362
      ,#3363,#3364,#3365,#3366,#3367,#3368,#3369,#3370,#3371,#3372,#3373
      ,#3374,#3375,#3376,#3377,#3378,#3379,#3380,#3381,#3382,#3383,#3384
      ,#3385,#3386,#3387,#3388,#3389,#3390,#3391,#3392,#3393,#3394,#3395
      ,#3396,#3397,#3398,#3399,#3400,#3401,#3402,#3403,#3404,#3405,#3406
      ,#3407,#3408,#3409,#3410)
    ,(#3411,#3412,#3413,#3414,#3415,#3416,#3417,#3418,#3419,#3420,#3421
      ,#3422,#3423,#3424,#3425,#3426,#3427,#3428,#3429,#3430,#3431,#3432
      ,#3433,#3434,#3435,#3436,#3437,#3438,#3439,#3440,#3441,#3442,#3443
      ,#3444,#3445,#3446,#3447,#3448,#3449,#3450,#3451,#3452,#3453,#3454
      ,#3455,#3456,#3457,#3458,#3459,#3460,#3461,#3462,#3463,#3464,#3465
      ,#3466,#3467,#3468,#3469,#3470,#3471,#3472,#3473,#3474,#3475,#3476
      ,#3477,#3478,#3479,#3480,#3481,#3482,#3483,#3484,#3485,#3486,#3487
      ,#3488,#3489,#3490,#3491,#3492,#3493,#3494,#3495,#3496,#3497,#3498
      ,#3499,#3500,#3501,#3502,#3503,#3504,#3505,#3506,#3507,#3508,#3509
      ,#3510,#3511,#3512,#3513,#3514,#3515,#3516,#3517,#3518,#3519,#3520
      ,#3521,#3522,#3523,#3524,#3525,#3526,#3527,#3528,#3529,#3530,#3531
      ,#3532,#3533,#3534,#3535,#3536,#3537,#3538,#3539,#3540,#3541,#3542
      ,#3543,#3544,#3545,#3546,#3547,#3548,#3549,#3550,#3551,#3552,#3553
      ,#3554,#3555,#3556,#3557)
    ,(#3558,#3559,#3560,#3561,#3562,#3563,#3564,#3565,#3566,#3567,#3568
      ,#3569,#3570,#3571,#3572,#3573,#3574,#3575,#3576,#3577,#3578,#3579
      ,#3580,#3581,#3582,#3583,#3584,#3585,#3586,#3587,#3588,#3589,#3590
      ,#3591,#3592,#3593,#3594,#3595,#3596,#3597,#3598,#3599,#3600,#3601
      ,#3602,#3603,#3604,#3605,#3606,#3607,#3608,#3609,#3610,#3611,#3612
      ,#3613,#3614,#3615,#3616,#3617,#3618,#3619,#3620,#3621,#3622,#3623
      ,#3624,#3625,#3626,#3627,#3628,#3629,#3630,#3631,#3632,#3633,#3634
      ,#3635,#3636,#3637,#3638,#3639,#3640,#3641,#3642,#3643,#3644,#3645
      ,#3646,#3647,#3648,#3649,#3650,#3651,#3652,#3653,#3654,#3655,#3656
      ,#3657,#3658,#3659,#3660,#3661,#3662,#3663,#3664,#3665,#3666,#3667
      ,#3668,#3669,#3670,#3671,#3672,#3673,#3674,#3675,#3676,#3677,#3678
      ,#3679,#3680,#3681,#3682,#3683,#3684,#3685,#3686,#3687,#3688,#3689
      ,#3690,#3691,#3692,#3693,#3694,#3695,#3696,#3697,#3698,#3699,#3700
      ,#3701,#3702,#3703,#3704)
    ,(#3705,#3706,#3707,#3708,#3709,#3710,#3711,#3712,#3713,#3714,#3715
      ,#3716,#3717,#3718,#3719,#3720,#3721,#3722,#3723,#3724,#3725,#3726
      ,#3727,#3728,#3729,#3730,#3731,#3732,#3733,#3734,#3735,#3736,#3737
      ,#3738,#3739,#3740,#3741,#3742,#3743,#3744,#3745,#3746,#3747,#3748
      ,#3749,#3750,#3751,#3752,#3753,#3754,#3755,#3756,#3757,#3758,#3759
      ,#3760,#3761,#3762,#3763,#3764,#3765,#3766,#3767,#3768,#3769,#3770
      ,#3771,#3772,#3773,#3774,#3775,#3776,#3777,#3778,#3779,#3780,#3781
      ,#3782,#3783,#3784,#3785,#3786,#3787,#3788,#3789,#3790,#3791,#3792
      ,#3793,#3794,#3795,#3796,#3797,#3798,#3799,#3800,#3801,#3802,#3803
      ,#3804,#3805,#3806,#3807,#3808,#3809,#3810,#3811,#3812,#3813,#3814
      ,#3815,#3816,#3817,#3818,#3819,#3820,#3821,#3822,#3823,#3824,#3825
      ,#3826,#3827,#3828,#3829,#3830,#3831,#3832,#3833,#3834,#3835,#3836
      ,#3837,#3838,#3839,#3840,#3841,#3842,#3843,#3844,#3845,#3846,#3847
      ,#3848,#3849,#3850,#3851)
    ,(#3852,#3853,#3854,#3855,#3856,#3857,#3858,#3859,#3860,#3861,#3862
      ,#3863,#3864,#3865,#3866,#3867,#3868,#3869,#3870,#3871,#3872,#3873
      ,#3874,#3875,#3876,#3877,#3878,#3879,#3880,#3881,#3882,#3883,#3884
      ,#3885,#3886,#3887,#3888,#3889,#3890,#3891,#3892,#3893,#3894,#3895
      ,#3896,#3897,#3898,#3899,#3900,#3901,#3902,#3903,#3904,#3905,#3906
      ,#3907,#3908,#3909,#3910,#3911,#3912,#3913,#3914,#3915,#3916,#3917
      ,#3918,#3919,#3920,#3921,#3922,#3923,#3924,#3925,#3926,#3927,#3928
      ,#3929,#3930,#3931,#3932,#3933,#3934,#3935,#3936,#3937,#3938,#3939
      ,#3940,#3941,#3942,#3943,#3944,#3945,#3946,#3947,#3948,#3949,#3950
      ,#3951,#3952,#3953,#3954,#3955,#3956,#3957,#3958,#3959,#3960,#3961
      ,#3962,#3963,#3964,#3965,#3966,#3967,#3968,#3969,#3970,#3971,#3972
      ,#3973,#3974,#3975,#3976,#3977,#3978,#3979,#3980,#3981,#3982,#3983
      ,#3984,#3985,#3986,#3987,#3988,#3989,#3990,#3991,#3992,#3993,#3994
      ,#3995,#3996,#3997,#3998)
    ,(#3999,#4000,#4001,#4002,#4003,#4004,#4005,#4006,#4007,#4008,#4009
      ,#4010,#4011,#4012,#4013,#4014,#4015,#4016,#4017,#4018,#4019,#4020
      ,#4021,#4022,#4023,#4024,#4025,#4026,#4027,#4028,#4029,#4030,#4031
      ,#4032,#4033,#4034,#4035,#4036,#4037,#4038,#4039,#4040,#4041,#4042
      ,#4043,#4044,#4045,#4046,#4047,#4048,#4049,#4050,#4051,#4052,#4053
      ,#4054,#4055,#4056,#4057,#4058,#4059,#4060,#4061,#4062,#4063,#4064
      ,#4065,#4066,#4067,#4068,#4069,#4070,#4071,#4072,#4073,#4074,#4075
      ,#4076,#4077,#4078,#4079,#4080,#4081,#4082,#4083,#4084,#4085,#4086
      ,#4087,#4088,#4089,#4090,#4091,#4092,#4093,#4094,#4095,#4096,#4097
      ,#4098,#4099,#4100,#4101,#4102,#4103,#4104,#4105,#4106,#4107,#4108
      ,#4109,#4110,#4111,#4112,#4113,#4114,#4115,#4116,#4117,#4118,#4119
      ,#4120,#4121,#4122,#4123,#4124,#4125,#4126,#4127,#4128,#4129,#4130
      ,#4131,#4132,#4133,#4134,#4135,#4136,#4137,#4138,#4139,#4140,#4141
      ,#4142,#4143,#4144,#4145)
    ,(#4146,#4147,#4148,#4149,#4150,#4151,#4152,#4153,#4154,#4155,#4156
      ,#4157,#4158,#4159,#4160,#4161,#4162,#4163,#4164,#4165,#4166,#4167
      ,#4168,#4169,#4170,#4171,#4172,#4173,#4174,#4175,#4176,#4177,#4178
      ,#4179,#4180,#4181,#4182,#4183,#4184,#4185,#4186,#4187,#4188,#4189
      ,#4190,#4191,#4192,#4193,#4194,#4195,#4196,#4197,#4198,#4199,#4200
      ,#4201,#4202,#4203,#4204,#4205,#4206,#4207,#4208,#4209,#4210,#4211
      ,#4212,#4213,#4214,#4215,#4216,#4217,#4218,#4219,#4220,#4221,#4222
      ,#4223,#4224,#4225,#4226,#4227,#4228,#4229,#4230,#4231,#4232,#4233
      ,#4234,#4235,#4236,#4237,#4238,#4239,#4240,#4241,#4242,#4243,#4244
      ,#4245,#4246,#4247,#4248,#4249,#4250,#4251,#4252,#4253,#4254,#4255
      ,#4256,#4257,#4258,#4259,#4260,#4261,#4262,#4263,#4264,#4265,#4266
      ,#4267,#4268,#4269,#4270,#4271,#4272,#4273,#4274,#4275,#4276,#4277
      ,#4278,#4279,#4280,#4281,#4282,#4283,#4284,#4285,#4286,#4287,#4288
      ,#4289,#4290,#4291,#4292)
    ,(#4293,#4294,#4295,#4296,#4297,#4298,#4299,#4300,#4301,#4302,#4303
      ,#4304,#4305,#4306,#4307,#4308,#4309,#4310,#4311,#4312,#4313,#4314
      ,#4315,#4316,#4317,#4318,#4319,#4320,#4321,#4322,#4323,#4324,#4325
      ,#4326,#4327,#4328,#4329,#4330,#4331,#4332,#4333,#4334,#4335,#4336
      ,#4337,#4338,#4339,#4340,#4341,#4342,#4343,#4344,#4345,#4346,#4347
      ,#4348,#4349,#4350,#4351,#4352,#4353,#4354,#4355,#4356,#4357,#4358
      ,#4359,#4360,#4361,#4362,#4363,#4364,#4365,#4366,#4367,#4368,#4369
      ,#4370,#4371,#4372,#4373,#4374,#4375,#4376,#4377,#4378,#4379,#4380
      ,#4381,#4382,#4383,#4384,#4385,#4386,#4387,#4388,#4389,#4390,#4391
      ,#4392,#4393,#4394,#4395,#4396,#4397,#4398,#4399,#4400,#4401,#4402
      ,#4403,#4404,#4405,#4406,#4407,#4408,#4409,#4410,#4411,#4412,#4413
      ,#4414,#4415,#4416,#4417,#4418,#4419,#4420,#4421,#4422,#4423,#4424
      ,#4425,#4426,#4427,#4428,#4429,#4430,#4431,#4432,#4433,#4434,#4435
      ,#4436,#4437,#4438,#4439)
    ,(#4440,#4441,#4442,#4443,#4444,#4445,#4446,#4447,#4448,#4449,#4450
      ,#4451,#4452,#4453,#4454,#4455,#4456,#4457,#4458,#4459,#4460,#4461
      ,#4462,#4463,#4464,#4465,#4466,#4467,#4468,#4469,#4470,#4471,#4472
      ,#4473,#4474,#4475,#4476,#4477,#4478,#4479,#4480,#4481,#4482,#4483
      ,#4484,#4485,#4486,#4487,#4488,#4489,#4490,#4491,#4492,#4493,#4494
      ,#4495,#4496,#4497,#4498,#4499,#4500,#4501,#4502,#4503,#4504,#4505
      ,#4506,#4507,#4508,#4509,#4510,#4511,#4512,#4513,#4514,#4515,#4516
      ,#4517,#4518,#4519,#4520,#4521,#4522,#4523,#4524,#4525,#4526,#4527
      ,#4528,#4529,#4530,#4531,#4532,#4533,#4534,#4535,#4536,#4537,#4538
      ,#4539,#4540,#4541,#4542,#4543,#4544,#4545,#4546,#4547,#4548,#4549
      ,#4550,#4551,#4552,#4553,#4554,#4555,#4556,#4557,#4558,#4559,#4560
      ,#4561,#4562,#4563,#4564,#4565,#4566,#4567,#4568,#4569,#4570,#4571
      ,#4572,#4573,#4574,#4575,#4576,#4577,#4578,#4579,#4580,#4581,#4582
      ,#4583,#4584,#4585,#4586)
    ,(#4587,#4588,#4589,#4590,#4591,#4592,#4593,#4594,#4595,#4596,#4597
      ,#4598,#4599,#4600,#4601,#4602,#4603,#4604,#4605,#4606,#4607,#4608
      ,#4609,#4610,#4611,#4612,#4613,#4614,#4615,#4616,#4617,#4618,#4619
      ,#4620,#4621,#4622,#4623,#4624,#4625,#4626,#4627,#4628,#4629,#4630
      ,#4631,#4632,#4633,#4634,#4635,#4636,#4637,#4638,#4639,#4640,#4641
      ,#4642,#4643,#4644,#4645,#4646,#4647,#4648,#4649,#4650,#4651,#4652
      ,#4653,#4654,#4655,#4656,#4657,#4658,#4659,#4660,#4661,#4662,#4663
      ,#4664,#4665,#4666,#4667,#4668,#4669,#4670,#4671,#4672,#4673,#4674
      ,#4675,#4676,#4677,#4678,#4679,#4680,#4681,#4682,#4683,#4684,#4685
      ,#4686,#4687,#4688,#4689,#4690,#4691,#4692,#4693,#4694,#4695,#4696
      ,#4697,#4698,#4699,#4700,#4701,#4702,#4703,#4704,#4705,#4706,#4707
      ,#4708,#4709,#4710,#4711,#4712,#4713,#4714,#4715,#4716,#4717,#4718
      ,#4719,#4720,#4721,#4722,#4723,#4724,#4725,#4726,#4727,#4728,#4729
      ,#4730,#4731,#4732,#4733)
    ,(#4734,#4735,#4736,#4737,#4738,#4739,#4740,#4741,#4742,#4743,#4744
      ,#4745,#4746,#4747,#4748,#4749,#4750,#4751,#4752,#4753,#4754,#4755
      ,#4756,#4757,#4758,#4759,#4760,#4761,#4762,#4763,#4764,#4765,#4766
      ,#4767,#4768,#4769,#4770,#4771,#4772,#4773,#4774,#4775,#4776,#4777
      ,#4778,#4779,#4780,#4781,#4782,#4783,#4784,#4785,#4786,#4787,#4788
      ,#4789,#4790,#4791,#4792,#4793,#4794,#4795,#4796,#4797,#4798,#4799
      ,#4800,#4801,#4802,#4803,#4804,#4805,#4806,#4807,#4808,#4809,#4810
      ,#4811,#4812,#4813,#4814,#4815,#4816,#4817,#4818,#4819,#4820,#4821
      ,#4822,#4823,#4824,#4825,#4826,#4827,#4828,#4829,#4830,#4831,#4832
      ,#4833,#4834,#4835,#4836,#4837,#4838,#4839,#4840,#4841,#4842,#4843
      ,#4844,#4845,#4846,#4847,#4848,#4849,#4850,#4851,#4852,#4853,#4854
      ,#4855,#4856,#4857,#4858,#4859,#4860,#4861,#4862,#4863,#4864,#4865
      ,#4866,#4867,#4868,#4869,#4870,#4871,#4872,#4873,#4874,#4875,#4876
      ,#4877,#4878,#4879,#4880)
    ,(#4881,#4882,#4883,#4884,#4885,#4886,#4887,#4888,#4889,#4890,#4891
      ,#4892,#4893,#4894,#4895,#4896,#4897,#4898,#4899,#4900,#4901,#4902
      ,#4903,#4904,#4905,#4906,#4907,#4908,#4909,#4910,#4911,#4912,#4913
      ,#4914,#4915,#4916,#4917,#4918,#4919,#4920,#4921,#4922,#4923,#4924
      ,#4925,#4926,#4927,#4928,#4929,#4930,#4931,#4932,#4933,#4934,#4935
      ,#4936,#4937,#4938,#4939,#4940,#4941,#4942,#4943,#4944,#4945,#4946
      ,#4947,#4948,#4949,#4950,#4951,#4952,#4953,#4954,#4955,#4956,#4957
      ,#4958,#4959,#4960,#4961,#4962,#4963,#4964,#4965,#4966,#4967,#4968
      ,#4969,#4970,#4971,#4972,#4973,#4974,#4975,#4976,#4977,#4978,#4979
      ,#4980,#4981,#4982,#4983,#4984,#4985,#4986,#4987,#4988,#4989,#4990
      ,#4991,#4992,#4993,#4994,#4995,#4996,#4997,#4998,#4999,#5000,#5001
      ,#5002,#5003,#5004,#5005,#5006,#5007,#5008,#5009,#5010,#5011,#5012
      ,#5013,#5014,#5015,#5016,#5017,#5018,#5019,#5020,#5021,#5022,#5023
      ,#5024,#5025,#5026,#5027)
    ,(#5028,#5029,#5030,#5031,#5032,#5033,#5034,#5035,#5036,#5037,#5038
      ,#5039,#5040,#5041,#5042,#5043,#5044,#5045,#5046,#5047,#5048,#5049
      ,#5050,#5051,#5052,#5053,#5054,#5055,#5056,#5057,#5058,#5059,#5060
      ,#5061,#5062,#5063,#5064,#5065,#5066,#5067,#5068,#5069,#5070,#5071
      ,#5072,#5073,#5074,#5075,#5076,#5077,#5078,#5079,#5080,#5081,#5082
      ,#5083,#5084,#5085,#5086,#5087,#5088,#5089,#5090,#5091,#5092,#5093
      ,#5094,#5095,#5096,#5097,#5098,#5099,#5100,#5101,#5102,#5103,#5104
      ,#5105,#5106,#5107,#5108,#5109,#5110,#5111,#5112,#5113,#5114,#5115
      ,#5116,#5117,#5118,#5119,#5120,#5121,#5122,#5123,#5124,#5125,#5126
      ,#5127,#5128,#5129,#5130,#5131,#5132,#5133,#5134,#5135,#5136,#5137
      ,#5138,#5139,#5140,#5141,#5142,#5143,#5144,#5145,#5146,#5147,#5148
      ,#5149,#5150,#5151,#5152,#5153,#5154,#5155,#5156,#5157,#5158,#5159
      ,#5160,#5161,#5162,#5163,#5164,#5165,#5166,#5167,#5168,#5169,#5170
      ,#5171,#5172,#5173,#5174)
    ,(#5175,#5176,#5177,#5178,#5179,#5180,#5181,#5182,#5183,#5184,#5185
      ,#5186,#5187,#5188,#5189,#5190,#5191,#5192,#5193,#5194,#5195,#5196
      ,#5197,#5198,#5199,#5200,#5201,#5202,#5203,#5204,#5205,#5206,#5207
      ,#5208,#5209,#5210,#5211,#5212,#5213,#5214,#5215,#5216,#5217,#5218
      ,#5219,#5220,#5221,#5222,#5223,#5224,#5225,#5226,#5227,#5228,#5229
      ,#5230,#5231,#5232,#5233,#5234,#5235,#5236,#5237,#5238,#5239,#5240
      ,#5241,#5242,#5243,#5244,#5245,#5246,#5247,#5248,#5249,#5250,#5251
      ,#5252,#5253,#5254,#5255,#5256,#5257,#5258,#5259,#5260,#5261,#5262
      ,#5263,#5264,#5265,#5266,#5267,#5268,#5269,#5270,#5271,#5272,#5273
      ,#5274,#5275,#5276,#5277,#5278,#5279,#5280,#5281,#5282,#5283,#5284
      ,#5285,#5286,#5287,#5288,#5289,#5290,#5291,#5292,#5293,#5294,#5295
      ,#5296,#5297,#5298,#5299,#5300,#5301,#5302,#5303,#5304,#5305,#5306
      ,#5307,#5308,#5309,#5310,#5311,#5312,#5313,#5314,#5315,#5316,#5317
      ,#5318,#5319,#5320,#5321)
    ,(#5322,#5323,#5324,#5325,#5326,#5327,#5328,#5329,#5330,#5331,#5332
      ,#5333,#5334,#5335,#5336,#5337,#5338,#5339,#5340,#5341,#5342,#5343
      ,#5344,#5345,#5346,#5347,#5348,#5349,#5350,#5351,#5352,#5353,#5354
      ,#5355,#5356,#5357,#5358,#5359,#5360,#5361,#5362,#5363,#5364,#5365
      ,#5366,#5367,#5368,#5369,#5370,#5371,#5372,#5373,#5374,#5375,#5376
      ,#5377,#5378,#5379,#5380,#5381,#5382,#5383,#5384,#5385,#5386,#5387
      ,#5388,#5389,#5390,#5391,#5392,#5393,#5394,#5395,#5396,#5397,#5398
      ,#5399,#5400,#5401,#5402,#5403,#5404,#5405,#5406,#5407,#5408,#5409
      ,#5410,#5411,#5412,#5413,#5414,#5415,#5416,#5417,#5418,#5419,#5420
      ,#5421,#5422,#5423,#5424,#5425,#5426,#5427,#5428,#5429,#5430,#5431
      ,#5432,#5433,#5434,#5435,#5436,#5437,#5438,#5439,#5440,#5441,#5442
      ,#5443,#5444,#5445,#5446,#5447,#5448,#5449,#5450,#5451,#5452,#5453
      ,#5454,#5455,#5456,#5457,#5458,#5459,#5460,#5461,#5462,#5463,#5464
      ,#5465,#5466,#5467,#5468)
    ,(#5469,#5470,#5471,#5472,#5473,#5474,#5475,#5476,#5477,#5478,#5479
      ,#5480,#5481,#5482,#5483,#5484,#5485,#5486,#5487,#5488,#5489,#5490
      ,#5491,#5492,#5493,#5494,#5495,#5496,#5497,#5498,#5499,#5500,#5501
      ,#5502,#5503,#5504,#5505,#5506,#5507,#5508,#5509,#5510,#5511,#5512
      ,#5513,#5514,#5515,#5516,#5517,#5518,#5519,#5520,#5521,#5522,#5523
      ,#5524,#5525,#5526,#5527,#5528,#5529,#5530,#5531,#5532,#5533,#5534
      ,#5535,#5536,#5537,#5538,#5539,#5540,#5541,#5542,#5543,#5544,#5545
      ,#5546,#5547,#5548,#5549,#5550,#5551,#5552,#5553,#5554,#5555,#5556
      ,#5557,#5558,#5559,#5560,#5561,#5562,#5563,#5564,#5565,#5566,#5567
      ,#5568,#5569,#5570,#5571,#5572,#5573,#5574,#5575,#5576,#5577,#5578
      ,#5579,#5580,#5581,#5582,#5583,#5584,#5585,#5586,#5587,#5588,#5589
      ,#5590,#5591,#5592,#5593,#5594,#5595,#5596,#5597,#5598,#5599,#5600
      ,#5601,#5602,#5603,#5604,#5605,#5606,#5607,#5608,#5609,#5610,#5611
      ,#5612,#5613,#5614,#5615)
    ,(#5616,#5617,#5618,#5619,#5620,#5621,#5622,#5623,#5624,#5625,#5626
      ,#5627,#5628,#5629,#5630,#5631,#5632,#5633,#5634,#5635,#5636,#5637
      ,#5638,#5639,#5640,#5641,#5642,#5643,#5644,#5645,#5646,#5647,#5648
      ,#5649,#5650,#5651,#5652,#5653,#5654,#5655,#5656,#5657,#5658,#5659
      ,#5660,#5661,#5662,#5663,#5664,#5665,#5666,#5667,#5668,#5669,#5670
      ,#5671,#5672,#5673,#5674,#5675,#5676,#5677,#5678,#5679,#5680,#5681
      ,#5682,#5683,#5684,#5685,#5686,#5687,#5688,#5689,#5690,#5691,#5692
      ,#5693,#5694,#5695,#5696,#5697,#5698,#5699,#5700,#5701,#5702,#5703
      ,#5704,#5705,#5706,#5707,#5708,#5709,#5710,#5711,#5712,#5713,#5714
      ,#5715,#5716,#5717,#5718,#5719,#5720,#5721,#5722,#5723,#5724,#5725
      ,#5726,#5727,#5728,#5729,#5730,#5731,#5732,#5733,#5734,#5735,#5736
      ,#5737,#5738,#5739,#5740,#5741,#5742,#5743,#5744,#5745,#5746,#5747
      ,#5748,#5749,#5750,#5751,#5752,#5753,#5754,#5755,#5756,#5757,#5758
      ,#5759,#5760,#5761,#5762)
    ,(#5763,#5764,#5765,#5766,#5767,#5768,#5769,#5770,#5771,#5772,#5773
      ,#5774,#5775,#5776,#5777,#5778,#5779,#5780,#5781,#5782,#5783,#5784
      ,#5785,#5786,#5787,#5788,#5789,#5790,#5791,#5792,#5793,#5794,#5795
      ,#5796,#5797,#5798,#5799,#5800,#5801,#5802,#5803,#5804,#5805,#5806
      ,#5807,#5808,#5809,#5810,#5811,#5812,#5813,#5814,#5815,#5816,#5817
      ,#5818,#5819,#5820,#5821,#5822,#5823,#5824,#5825,#5826,#5827,#5828
      ,#5829,#5830,#5831,#5832,#5833,#5834,#5835,#5836,#5837,#5838,#5839
      ,#5840,#5841,#5842,#5843,#5844,#5845,#5846,#5847,#5848,#5849,#5850
      ,#5851,#5852,#5853,#5854,#5855,#5856,#5857,#5858,#5859,#5860,#5861
      ,#5862,#5863,#5864,#5865,#5866,#5867,#5868,#5869,#5870,#5871,#5872
      ,#5873,#5874,#5875,#5876,#5877,#5878,#5879,#5880,#5881,#5882,#5883
      ,#5884,#5885,#5886,#5887,#5888,#5889,#5890,#5891,#5892,#5893,#5894
      ,#5895,#5896,#5897,#5898,#5899,#5900,#5901,#5902,#5903,#5904,#5905
      ,#5906,#5907,#5908,#5909)
    ,(#5910,#5911,#5912,#5913,#5914,#5915,#5916,#5917,#5918,#5919,#5920
      ,#5921,#5922,#5923,#5924,#5925,#5926,#5927,#5928,#5929,#5930,#5931
      ,#5932,#5933,#5934,#5935,#5936,#5937,#5938,#5939,#5940,#5941,#5942
      ,#5943,#5944,#5945,#5946,#5947,#5948,#5949,#5950,#5951,#5952,#5953
      ,#5954,#5955,#5956,#5957,#5958,#5959,#5960,#5961,#5962,#5963,#5964
      ,#5965,#5966,#5967,#5968,#5969,#5970,#5971,#5972,#5973,#5974,#5975
      ,#5976,#5977,#5978,#5979,#5980,#5981,#5982,#5983,#5984,#5985,#5986
      ,#5987,#5988,#5989,#5990,#5991,#5992,#5993,#5994,#5995,#5996,#5997
      ,#5998,#5999,#6000,#6001,#6002,#6003,#6004,#6005,#6006,#6007,#6008
      ,#6009,#6010,#6011,#6012,#6013,#6014,#6015,#6016,#6017,#6018,#6019
      ,#6020,#6021,#6022,#6023,#6024,#6025,#6026,#6027,#6028,#6029,#6030
      ,#6031,#6032,#6033,#6034,#6035,#6036,#6037,#6038,#6039,#6040,#6041
      ,#6042,#6043,#6044,#6045,#6046,#6047,#6048,#6049,#6050,#6051,#6052
      ,#6053,#6054,#6055,#6056)
    ,(#6057,#6058,#6059,#6060,#6061,#6062,#6063,#6064,#6065,#6066,#6067
      ,#6068,#6069,#6070,#6071,#6072,#6073,#6074,#6075,#6076,#6077,#6078
      ,#6079,#6080,#6081,#6082,#6083,#6084,#6085,#6086,#6087,#6088,#6089
      ,#6090,#6091,#6092,#6093,#6094,#6095,#6096,#6097,#6098,#6099,#6100
      ,#6101,#6102,#6103,#6104,#6105,#6106,#6107,#6108,#6109,#6110,#6111
      ,#6112,#6113,#6114,#6115,#6116,#6117,#6118,#6119,#6120,#6121,#6122
      ,#6123,#6124,#6125,#6126,#6127,#6128,#6129,#6130,#6131,#6132,#6133
      ,#6134,#6135,#6136,#6137,#6138,#6139,#6140,#6141,#6142,#6143,#6144
      ,#6145,#6146,#6147,#6148,#6149,#6150,#6151,#6152,#6153,#6154,#6155
      ,#6156,#6157,#6158,#6159,#6160,#6161,#6162,#6163,#6164,#6165,#6166
      ,#6167,#6168,#6169,#6170,#6171,#6172,#6173,#6174,#6175,#6176,#6177
      ,#6178,#6179,#6180,#6181,#6182,#6183,#6184,#6185,#6186,#6187,#6188
      ,#6189,#6190,#6191,#6192,#6193,#6194,#6195,#6196,#6197,#6198,#6199
      ,#6200,#6201,#6202,#6203)
    ,(#6204,#6205,#6206,#6207,#6208,#6209,#6210,#6211,#6212,#6213,#6214
      ,#6215,#6216,#6217,#6218,#6219,#6220,#6221,#6222,#6223,#6224,#6225
      ,#6226,#6227,#6228,#6229,#6230,#6231,#6232,#6233,#6234,#6235,#6236
      ,#6237,#6238,#6239,#6240,#6241,#6242,#6243,#6244,#6245,#6246,#6247
      ,#6248,#6249,#6250,#6251,#6252,#6253,#6254,#6255,#6256,#6257,#6258
      ,#6259,#6260,#6261,#6262,#6263,#6264,#6265,#6266,#6267,#6268,#6269
      ,#6270,#6271,#6272,#6273,#6274,#6275,#6276,#6277,#6278,#6279,#6280
      ,#6281,#6282,#6283,#6284,#6285,#6286,#6287,#6288,#6289,#6290,#6291
      ,#6292,#6293,#6294,#6295,#6296,#6297,#6298,#6299,#6300,#6301,#6302
      ,#6303,#6304,#6305,#6306,#6307,#6308,#6309,#6310,#6311,#6312,#6313
      ,#6314,#6315,#6316,#6317,#6318,#6319,#6320,#6321,#6322,#6323,#6324
      ,#6325,#6326,#6327,#6328,#6329,#6330,#6331,#6332,#6333,#6334,#6335
      ,#6336,#6337,#6338,#6339,#6340,#6341,#6342,#6343,#6344,#6345,#6346
      ,#6347,#6348,#6349,#6350)
    ,(#6351,#6352,#6353,#6354,#6355,#6356,#6357,#6358,#6359,#6360,#6361
      ,#6362,#6363,#6364,#6365,#6366,#6367,#6368,#6369,#6370,#6371,#6372
      ,#6373,#6374,#6375,#6376,#6377,#6378,#6379,#6380,#6381,#6382,#6383
      ,#6384,#6385,#6386,#6387,#6388,#6389,#6390,#6391,#6392,#6393,#6394
      ,#6395,#6396,#6397,#6398,#6399,#6400,#6401,#6402,#6403,#6404,#6405
      ,#6406,#6407,#6408,#6409,#6410,#6411,#6412,#6413,#6414,#6415,#6416
      ,#6417,#6418,#6419,#6420,#6421,#6422,#6423,#6424,#6425,#6426,#6427
      ,#6428,#6429,#6430,#6431,#6432,#6433,#6434,#6435,#6436,#6437,#6438
      ,#6439,#6440,#6441,#6442,#6443,#6444,#6445,#6446,#6447,#6448,#6449
      ,#6450,#6451,#6452,#6453,#6454,#6455,#6456,#6457,#6458,#6459,#6460
      ,#6461,#6462,#6463,#6464,#6465,#6466,#6467,#6468,#6469,#6470,#6471
      ,#6472,#6473,#6474,#6475,#6476,#6477,#6478,#6479,#6480,#6481,#6482
      ,#6483,#6484,#6485,#6486,#6487,#6488,#6489,#6490,#6491,#6492,#6493
      ,#6494,#6495,#6496,#6497)
    ,(#6498,#6499,#6500,#6501,#6502,#6503,#6504,#6505,#6506,#6507,#6508
      ,#6509,#6510,#6511,#6512,#6513,#6514,#6515,#6516,#6517,#6518,#6519
      ,#6520,#6521,#6522,#6523,#6524,#6525,#6526,#6527,#6528,#6529,#6530
      ,#6531,#6532,#6533,#6534,#6535,#6536,#6537,#6538,#6539,#6540,#6541
      ,#6542,#6543,#6544,#6545,#6546,#6547,#6548,#6549,#6550,#6551,#6552
      ,#6553,#6554,#6555,#6556,#6557,#6558,#6559,#6560,#6561,#6562,#6563
      ,#6564,#6565,#6566,#6567,#6568,#6569,#6570,#6571,#6572,#6573,#6574
      ,#6575,#6576,#6577,#6578,#6579,#6580,#6581,#6582,#6583,#6584,#6585
      ,#6586,#6587,#6588,#6589,#6590,#6591,#6592,#6593,#6594,#6595,#6596
      ,#6597,#6598,#6599,#6600,#6601,#6602,#6603,#6604,#6605,#6606,#6607
      ,#6608,#6609,#6610,#6611,#6612,#6613,#6614,#6615,#6616,#6617,#6618
      ,#6619,#6620,#6621,#6622,#6623,#6624,#6625,#6626,#6627,#6628,#6629
      ,#6630,#6631,#6632,#6633,#6634,#6635,#6636,#6637,#6638,#6639,#6640
      ,#6641,#6642,#6643,#6644)
    ,(#6645,#6646,#6647,#6648,#6649,#6650,#6651,#6652,#6653,#6654,#6655
      ,#6656,#6657,#6658,#6659,#6660,#6661,#6662,#6663,#6664,#6665,#6666
      ,#6667,#6668,#6669,#6670,#6671,#6672,#6673,#6674,#6675,#6676,#6677
      ,#6678,#6679,#6680,#6681,#6682,#6683,#6684,#6685,#6686,#6687,#6688
      ,#6689,#6690,#6691,#6692,#6693,#6694,#6695,#6696,#6697,#6698,#6699
      ,#6700,#6701,#6702,#6703,#6704,#6705,#6706,#6707,#6708,#6709,#6710
      ,#6711,#6712,#6713,#6714,#6715,#6716,#6717,#6718,#6719,#6720,#6721
      ,#6722,#6723,#6724,#6725,#6726,#6727,#6728,#6729,#6730,#6731,#6732
      ,#6733,#6734,#6735,#6736,#6737,#6738,#6739,#6740,#6741,#6742,#6743
      ,#6744,#6745,#6746,#6747,#6748,#6749,#6750,#6751,#6752,#6753,#6754
      ,#6755,#6756,#6757,#6758,#6759,#6760,#6761,#6762,#6763,#6764,#6765
      ,#6766,#6767,#6768,#6769,#6770,#6771,#6772,#6773,#6774,#6775,#6776
      ,#6777,#6778,#6779,#6780,#6781,#6782,#6783,#6784,#6785,#6786,#6787
      ,#6788,#6789,#6790,#6791)
    ,(#6792,#6793,#6794,#6795,#6796,#6797,#6798,#6799,#6800,#6801,#6802
      ,#6803,#6804,#6805,#6806,#6807,#6808,#6809,#6810,#6811,#6812,#6813
      ,#6814,#6815,#6816,#6817,#6818,#6819,#6820,#6821,#6822,#6823,#6824
      ,#6825,#6826,#6827,#6828,#6829,#6830,#6831,#6832,#6833,#6834,#6835
      ,#6836,#6837,#6838,#6839,#6840,#6841,#6842,#6843,#6844,#6845,#6846
      ,#6847,#6848,#6849,#6850,#6851,#6852,#6853,#6854,#6855,#6856,#6857
      ,#6858,#6859,#6860,#6861,#6862,#6863,#6864,#6865,#6866,#6867,#6868
      ,#6869,#6870,#6871,#6872,#6873,#6874,#6875,#6876,#6877,#6878,#6879
      ,#6880,#6881,#6882,#6883,#6884,#6885,#6886,#6887,#6888,#6889,#6890
      ,#6891,#6892,#6893,#6894,#6895,#6896,#6897,#6898,#6899,#6900,#6901
      ,#6902,#6903,#6904,#6905,#6906,#6907,#6908,#6909,#6910,#6911,#6912
      ,#6913,#6914,#6915,#6916,#6917,#6918,#6919,#6920,#6921,#6922,#6923
      ,#6924,#6925,#6926,#6927,#6928,#6929,#6930,#6931,#6932,#6933,#6934
      ,#6935,#6936,#6937,#6938)
    ,(#6939,#6940,#6941,#6942,#6943,#6944,#6945,#6946,#6947,#6948,#6949
      ,#6950,#6951,#6952,#6953,#6954,#6955,#6956,#6957,#6958,#6959,#6960
      ,#6961,#6962,#6963,#6964,#6965,#6966,#6967,#6968,#6969,#6970,#6971
      ,#6972,#6973,#6974,#6975,#6976,#6977,#6978,#6979,#6980,#6981,#6982
      ,#6983,#6984,#6985,#6986,#6987,#6988,#6989,#6990,#6991,#6992,#6993
      ,#6994,#6995,#6996,#6997,#6998,#6999,#7000,#7001,#7002,#7003,#7004
      ,#7005,#7006,#7007,#7008,#7009,#7010,#7011,#7012,#7013,#7014,#7015
      ,#7016,#7017,#7018,#7019,#7020,#7021,#7022,#7023,#7024,#7025,#7026
      ,#7027,#7028,#7029,#7030,#7031,#7032,#7033,#7034,#7035,#7036,#7037
      ,#7038,#7039,#7040,#7041,#7042,#7043,#7044,#7045,#7046,#7047,#7048
      ,#7049,#7050,#7051,#7052,#7053,#7054,#7055,#7056,#7057,#7058,#7059
      ,#7060,#7061,#7062,#7063,#7064,#7065,#7066,#7067,#7068,#7069,#7070
      ,#7071,#7072,#7073,#7074,#7075,#7076,#7077,#7078,#7079,#7080,#7081
      ,#7082,#7083,#7084,#7085)
    ,(#7086,#7087,#7088,#7089,#7090,#7091,#7092,#7093,#7094,#7095,#7096
      ,#7097,#7098,#7099,#7100,#7101,#7102,#7103,#7104,#7105,#7106,#7107
      ,#7108,#7109,#7110,#7111,#7112,#7113,#7114,#7115,#7116,#7117,#7118
      ,#7119,#7120,#7121,#7122,#7123,#7124,#7125,#7126,#7127,#7128,#7129
      ,#7130,#7131,#7132,#7133,#7134,#7135,#7136,#7137,#7138,#7139,#7140
      ,#7141,#7142,#7143,#7144,#7145,#7146,#7147,#7148,#7149,#7150,#7151
      ,#7152,#7153,#7154,#7155,#7156,#7157,#7158,#7159,#7160,#7161,#7162
      ,#7163,#7164,#7165,#7166,#7167,#7168,#7169,#7170,#7171,#7172,#7173
      ,#7174,#7175,#7176,#7177,#7178,#7179,#7180,#7181,#7182,#7183,#7184
      ,#7185,#7186,#7187,#7188,#7189,#7190,#7191,#7192,#7193,#7194,#7195
      ,#7196,#7197,#7198,#7199,#7200,#7201,#7202,#7203,#7204,#7205,#7206
      ,#7207,#7208,#7209,#7210,#7211,#7212,#7213,#7214,#7215,#7216,#7217
      ,#7218,#7219,#7220,#7221,#7222,#7223,#7224,#7225,#7226,#7227,#7228
      ,#7229,#7230,#7231,#7232)
    ,(#7233,#7234,#7235,#7236,#7237,#7238,#7239,#7240,#7241,#7242,#7243
      ,#7244,#7245,#7246,#7247,#7248,#7249,#7250,#7251,#7252,#7253,#7254
      ,#7255,#7256,#7257,#7258,#7259,#7260,#7261,#7262,#7263,#7264,#7265
      ,#7266,#7267,#7268,#7269,#7270,#7271,#7272,#7273,#7274,#7275,#7276
      ,#7277,#7278,#7279,#7280,#7281,#7282,#7283,#7284,#7285,#7286,#7287
      ,#7288,#7289,#7290,#7291,#7292,#7293,#7294,#7295,#7296,#7297,#7298
      ,#7299,#7300,#7301,#7302,#7303,#7304,#7305,#7306,#7307,#7308,#7309
      ,#7310,#7311,#7312,#7313,#7314,#7315,#7316,#7317,#7318,#7319,#7320
      ,#7321,#7322,#7323,#7324,#7325,#7326,#7327,#7328,#7329,#7330,#7331
      ,#7332,#7333,#7334,#7335,#7336,#7337,#7338,#7339,#7340,#7341,#7342
      ,#7343,#7344,#7345,#7346,#7347,#7348,#7349,#7350,#7351,#7352,#7353
      ,#7354,#7355,#7356,#7357,#7358,#7359,#7360,#7361,#7362,#7363,#7364
      ,#7365,#7366,#7367,#7368,#7369,#7370,#7371,#7372,#7373,#7374,#7375
      ,#7376,#7377,#7378,#7379)
    ,(#7380,#7381,#7382,#7383,#7384,#7385,#7386,#7387,#7388,#7389,#7390
      ,#7391,#7392,#7393,#7394,#7395,#7396,#7397,#7398,#7399,#7400,#7401
      ,#7402,#7403,#7404,#7405,#7406,#7407,#7408,#7409,#7410,#7411,#7412
      ,#7413,#7414,#7415,#7416,#7417,#7418,#7419,#7420,#7421,#7422,#7423
      ,#7424,#7425,#7426,#7427,#7428,#7429,#7430,#7431,#7432,#7433,#7434
      ,#7435,#7436,#7437,#7438,#7439,#7440,#7441,#7442,#7443,#7444,#7445
      ,#7446,#7447,#7448,#7449,#7450,#7451,#7452,#7453,#7454,#7455,#7456
      ,#7457,#7458,#7459,#7460,#7461,#7462,#7463,#7464,#7465,#7466,#7467
      ,#7468,#7469,#7470,#7471,#7472,#7473,#7474,#7475,#7476,#7477,#7478
      ,#7479,#7480,#7481,#7482,#7483,#7484,#7485,#7486,#7487,#7488,#7489
      ,#7490,#7491,#7492,#7493,#7494,#7495,#7496,#7497,#7498,#7499,#7500
      ,#7501,#7502,#7503,#7504,#7505,#7506,#7507,#7508,#7509,#7510,#7511
      ,#7512,#7513,#7514,#7515,#7516,#7517,#7518,#7519,#7520,#7521,#7522
      ,#7523,#7524,#7525,#7526)
    ,(#7527,#7528,#7529,#7530,#7531,#7532,#7533,#7534,#7535,#7536,#7537
      ,#7538,#7539,#7540,#7541,#7542,#7543,#7544,#7545,#7546,#7547,#7548
      ,#7549,#7550,#7551,#7552,#7553,#7554,#7555,#7556,#7557,#7558,#7559
      ,#7560,#7561,#7562,#7563,#7564,#7565,#7566,#7567,#7568,#7569,#7570
      ,#7571,#7572,#7573,#7574,#7575,#7576,#7577,#7578,#7579,#7580,#7581
      ,#7582,#7583,#7584,#7585,#7586,#7587,#7588,#7589,#7590,#7591,#7592
      ,#7593,#7594,#7595,#7596,#7597,#7598,#7599,#7600,#7601,#7602,#7603
      ,#7604,#7605,#7606,#7607,#7608,#7609,#7610,#7611,#7612,#7613,#7614
      ,#7615,#7616,#7617,#7618,#7619,#7620,#7621,#7622,#7623,#7624,#7625
      ,#7626,#7627,#7628,#7629,#7630,#7631,#7632,#7633,#7634,#7635,#7636
      ,#7637,#7638,#7639,#7640,#7641,#7642,#7643,#7644,#7645,#7646,#7647
      ,#7648,#7649,#7650,#7651,#7652,#7653,#7654,#7655,#7656,#7657,#7658
      ,#7659,#7660,#7661,#7662,#7663,#7664,#7665,#7666,#7667,#7668,#7669
      ,#7670,#7671,#7672,#7673
    )),.UNSPECIFIED.,.F.,.F.,.F.,(4,1,1,1,1,1,1,1,1,1,1,1,1,1,1,1,1,1,1,
    1,1,1,1,1,1,1,1,1,1,1,1,1,1,1,1,1,1,1,1,1,1,1,1,1,1,1,1,1,4),(2,1,1,
    1,1,1,1,1,1,1,1,1,1,1,1,1,1,1,1,1,1,1,1,1,1,1,1,1,1,1,1,1,1,1,1,1,1,
    1,1,1,1,1,1,1,1,1,1,1,1,1,1,1,1,1,1,1,1,1,1,1,1,1,1,1,1,1,1,1,1,1,1,
    1,1,1,1,1,1,1,1,1,1,1,1,1,1,1,1,1,1,1,1,1,1,1,1,1,1,1,1,1,1,1,1,1,1,
    1,1,1,1,1,1,1,1,1,1,1,1,1,1,1,1,1,1,1,1,1,1,1,1,1,1,1,1,1,1,1,1,1,1,
    1,1,1,1,1,1,1,2),(0.,1.357986128496E-02,2.815837929778E-02,
    4.693385984053E-02,7.595569881399E-02,0.11116279458,0.144127285811,
    0.168823622371,0.186807256888,0.201931046833,0.215901888343,
    0.229469897005,0.242944949454,0.256407205823,0.269870867825,
    0.283360851515,0.296996508924,0.311364093038,0.330830831352,
    0.357950356927,0.387331186205,0.421139700476,0.455330852406,
    0.482653294297,0.5,0.517346705703,0.544669147594,0.578860299524,
    0.612668813795,0.642049643073,0.669169168648,0.688635906962,
    0.703003491076,0.716639148485,0.730129132175,0.743592794177,
    0.757055050546,0.770530102995,0.784098111657,0.798068953167,
    0.813192743112,0.831176377629,0.855872714189,0.88883720542,
    0.924044301186,0.953066140159,0.971841620702,0.986420138715,1.),(0.,
    4.451275539517E-03,9.160860555916E-03,1.471177536701E-02,
    2.335137236912E-02,3.444423763394E-02,4.562167677922E-02,
    5.474613296404E-02,6.132735065612E-02,6.658185714135E-02,
    7.132766139744E-02,7.585737520682E-02,8.030920058679E-02,
    8.474074655243E-02,8.916941865663E-02,9.359850755981E-02,
    9.803502065953E-02,0.102510204896,0.107133887458,0.112661029925,
    0.119969017721,0.128519576055,0.138842256369,0.150220755769,
    0.160552982953,0.167674789392,0.172273794959,0.178617352257,
    0.188317736588,0.199571866411,0.210251265044,0.219243304498,
    0.226802257443,0.232730420403,0.237478469004,0.241973904747,
    0.246415752926,0.250845590411,0.255274196032,0.259704228021,
    0.264147653591,0.268649141987,0.273425318083,0.279478780818,
    0.287160883683,0.296255888689,0.307071979594,0.318344248425,
    0.327897303232,0.333949046178,0.338590177233,0.346027927915,
    0.356454223379,0.367761968074,0.3779393644,0.386409615916,
    0.393567847855,0.399005531346,0.403614595827,0.40808571552,
    0.412521345223,0.416950365025,0.421379055034,0.425811046706,
    0.430265479435,0.434804732309,0.439853772197,0.446498484523,
    0.454502540226,0.46412933782,0.475298173778,0.486250211036,
    0.494796149442,0.5,0.505203850558,0.513749788964,0.524701826222,
    0.53587066218,0.545497459774,0.553501515477,0.560146227803,
    0.565195267691,0.569734520565,0.574188953294,0.578620944966,
    0.583049634975,0.587478654777,0.59191428448,0.596385404173,
    0.600994468654,0.606432152145,0.613590384084,0.6220606356,
    0.632238031926,0.643545776621,0.653972072085,0.661409822767,
    0.666050953822,0.672102696768,0.681655751575,0.692928020406,
    0.703744111311,0.712839116317,0.720521219182,0.726574681917,
    0.731350858013,0.735852346409,0.740295771979,0.744725803968,
    0.749154409589,0.753584247074,0.758026095253,0.762521530996,
    0.767269579597,0.773197742557,0.780756695502,0.789748734956,
    0.800428133589,0.811682263412,0.821382647743,0.827726205041,
    0.832325210608,0.839447017047,0.849779244231,0.861157743631,
    0.871480423945,0.880030982279,0.887338970075,0.892866112542,
    0.897489795104,0.90196497934,0.90640149244,0.910830581343,
    0.915259253448,0.919690799413,0.924142624793,0.928672338603,
    0.933418142859,0.938672649344,0.945253867036,0.954378323221,
    0.965555762366,0.976648627631,0.985288224633,0.990839139444,
    0.99554872446,1.),.UNSPECIFIED.);
#177 = CARTESIAN_POINT('',(-228.,-80.,116.));
#178 = CARTESIAN_POINT('',(-224.8704506783,-80.,116.));
#179 = CARTESIAN_POINT('',(-221.7261930938,-80.,116.));
#180 = CARTESIAN_POINT('',(-218.421822624,-80.,116.));
#181 = CARTESIAN_POINT('',(-215.3923891085,-80.,116.));
#182 = CARTESIAN_POINT('',(-212.3795956121,-80.,116.));
#183 = CARTESIAN_POINT('',(-209.3682578232,-80.,116.));
#184 = CARTESIAN_POINT('',(-206.3523140676,-80.,116.));
#185 = CARTESIAN_POINT('',(-203.1617779581,-80.,116.));
#186 = CARTESIAN_POINT('',(-199.9439263754,-80.,116.));
#187 = CARTESIAN_POINT('',(-196.8039238222,-80.,116.));
#188 = CARTESIAN_POINT('',(-193.6502881772,-80.,116.));
#189 = CARTESIAN_POINT('',(-190.5238544957,-80.,116.));
#190 = CARTESIAN_POINT('',(-187.3979035972,-80.,116.));
#191 = CARTESIAN_POINT('',(-184.2712661539,-80.,116.));
#192 = CARTESIAN_POINT('',(-181.1559065714,-80.,116.));
#193 = CARTESIAN_POINT('',(-178.0122542805,-80.,116.));
#194 = CARTESIAN_POINT('',(-174.9117896235,-80.,116.));
#195 = CARTESIAN_POINT('',(-171.6693361669,-80.,116.));
#196 = CARTESIAN_POINT('',(-168.5057014313,-80.,116.));
#197 = CARTESIAN_POINT('',(-165.4844573721,-80.,116.));
#198 = CARTESIAN_POINT('',(-162.3423992853,-80.,116.));
#199 = CARTESIAN_POINT('',(-159.2634964041,-80.,116.));
#200 = CARTESIAN_POINT('',(-156.1823448947,-80.,116.));
#201 = CARTESIAN_POINT('',(-153.0590219735,-80.,116.));
#202 = CARTESIAN_POINT('',(-149.9482544959,-80.,116.));
#203 = CARTESIAN_POINT('',(-146.7241779702,-80.,116.));
#204 = CARTESIAN_POINT('',(-143.4946291038,-80.,116.));
#205 = CARTESIAN_POINT('',(-140.4942901617,-80.,116.));
#206 = CARTESIAN_POINT('',(-137.4482208537,-80.,116.));
#207 = CARTESIAN_POINT('',(-134.4049803305,-80.,116.));
#208 = CARTESIAN_POINT('',(-131.260957067,-80.,116.));
#209 = CARTESIAN_POINT('',(-128.2097768072,-80.,116.));
#210 = CARTESIAN_POINT('',(-125.1317400911,-80.,116.));
#211 = CARTESIAN_POINT('',(-121.7828599083,-80.,116.));
#212 = CARTESIAN_POINT('',(-118.7216058835,-80.,116.));
#213 = CARTESIAN_POINT('',(-115.5420323229,-80.,116.));
#214 = CARTESIAN_POINT('',(-112.4528648836,-80.,116.));
#215 = CARTESIAN_POINT('',(-109.3040734641,-80.,116.));
#216 = CARTESIAN_POINT('',(-106.2006800342,-80.,116.));
#217 = CARTESIAN_POINT('',(-103.049220273,-80.,116.));
#218 = CARTESIAN_POINT('',(-99.94497584182,-80.,116.));
#219 = CARTESIAN_POINT('',(-96.65251730109,-80.,116.));
#220 = CARTESIAN_POINT('',(-93.57852523436,-80.,116.));
#221 = CARTESIAN_POINT('',(-90.50838704351,-80.,116.));
#222 = CARTESIAN_POINT('',(-87.38288840939,-80.,116.));
#223 = CARTESIAN_POINT('',(-84.31785444875,-80.,116.));
#224 = CARTESIAN_POINT('',(-81.24214244136,-80.,116.));
#225 = CARTESIAN_POINT('',(-78.12960500485,-80.,116.));
#226 = CARTESIAN_POINT('',(-74.96906529327,-80.,116.));
#227 = CARTESIAN_POINT('',(-71.73799895759,-80.,116.));
#228 = CARTESIAN_POINT('',(-68.60106908076,-80.,116.));
#229 = CARTESIAN_POINT('',(-65.56017338006,-80.,116.));
#230 = CARTESIAN_POINT('',(-62.51301691864,-80.,116.));
#231 = CARTESIAN_POINT('',(-59.44661269167,-80.,116.));
#232 = CARTESIAN_POINT('',(-56.2794693162,-80.,116.));
#233 = CARTESIAN_POINT('',(-53.30015135599,-80.,116.));
#234 = CARTESIAN_POINT('',(-50.09160903077,-80.,116.));
#235 = CARTESIAN_POINT('',(-46.82988298107,-80.,116.));
#236 = CARTESIAN_POINT('',(-43.75098561487,-80.,116.));
#237 = CARTESIAN_POINT('',(-40.59022498143,-80.,116.));
#238 = CARTESIAN_POINT('',(-37.48657799801,-80.,116.));
#239 = CARTESIAN_POINT('',(-34.35349204993,-80.,116.));
#240 = CARTESIAN_POINT('',(-31.22924211799,-80.,116.));
#241 = CARTESIAN_POINT('',(-28.10496678474,-80.,116.));
#242 = CARTESIAN_POINT('',(-24.94210454386,-80.,116.));
#243 = CARTESIAN_POINT('',(-21.65395320521,-80.,116.));
#244 = CARTESIAN_POINT('',(-18.66692496727,-80.,116.));
#245 = CARTESIAN_POINT('',(-15.52415536771,-80.,116.));
#246 = CARTESIAN_POINT('',(-12.42987744782,-80.,116.));
#247 = CARTESIAN_POINT('',(-9.377596847078,-80.,116.));
#248 = CARTESIAN_POINT('',(-6.312968134846,-80.,116.));
#249 = CARTESIAN_POINT('',(-3.20273059646,-80.,116.));
#250 = CARTESIAN_POINT('',(-2.775557561563E-17,-80.,116.));
#251 = CARTESIAN_POINT('',(3.20273059646,-80.,116.));
#252 = CARTESIAN_POINT('',(6.312968134846,-80.,116.));
#253 = CARTESIAN_POINT('',(9.377596847078,-80.,116.));
#254 = CARTESIAN_POINT('',(12.429877447828,-80.,116.));
#255 = CARTESIAN_POINT('',(15.524155367714,-80.,116.));
#256 = CARTESIAN_POINT('',(18.666924967278,-80.,116.));
#257 = CARTESIAN_POINT('',(21.653953205212,-80.,116.));
#258 = CARTESIAN_POINT('',(24.942104543865,-80.,116.));
#259 = CARTESIAN_POINT('',(28.104966784746,-80.,116.));
#260 = CARTESIAN_POINT('',(31.229242117992,-80.,116.));
#261 = CARTESIAN_POINT('',(34.353492049937,-80.,116.));
#262 = CARTESIAN_POINT('',(37.486577998015,-80.,116.));
#263 = CARTESIAN_POINT('',(40.590224981439,-80.,116.));
#264 = CARTESIAN_POINT('',(43.75098561487,-80.,116.));
#265 = CARTESIAN_POINT('',(46.82988298107,-80.,116.));
#266 = CARTESIAN_POINT('',(50.091609030777,-80.,116.));
#267 = CARTESIAN_POINT('',(53.30015135599,-80.,116.));
#268 = CARTESIAN_POINT('',(56.279469316208,-80.,116.));
#269 = CARTESIAN_POINT('',(59.446612691677,-80.,116.));
#270 = CARTESIAN_POINT('',(62.513016918644,-80.,116.));
#271 = CARTESIAN_POINT('',(65.560173380067,-80.,116.));
#272 = CARTESIAN_POINT('',(68.601069080765,-80.,116.));
#273 = CARTESIAN_POINT('',(71.73799895759,-80.,116.));
#274 = CARTESIAN_POINT('',(74.969065293279,-80.,116.));
#275 = CARTESIAN_POINT('',(78.129605004858,-80.,116.));
#276 = CARTESIAN_POINT('',(81.242142441362,-80.,116.));
#277 = CARTESIAN_POINT('',(84.317854448757,-80.,116.));
#278 = CARTESIAN_POINT('',(87.382888409396,-80.,116.));
#279 = CARTESIAN_POINT('',(90.508387043519,-80.,116.));
#280 = CARTESIAN_POINT('',(93.578525234368,-80.,116.));
#281 = CARTESIAN_POINT('',(96.652517301093,-80.,116.));
#282 = CARTESIAN_POINT('',(99.944975841828,-80.,116.));
#283 = CARTESIAN_POINT('',(103.04922027306,-80.,116.));
#284 = CARTESIAN_POINT('',(106.20068003424,-80.,116.));
#285 = CARTESIAN_POINT('',(109.30407346416,-80.,116.));
#286 = CARTESIAN_POINT('',(112.45286488364,-80.,116.));
#287 = CARTESIAN_POINT('',(115.54203232295,-80.,116.));
#288 = CARTESIAN_POINT('',(118.72160588355,-80.,116.));
#289 = CARTESIAN_POINT('',(121.78285990839,-80.,116.));
#290 = CARTESIAN_POINT('',(125.13174009112,-80.,116.));
#291 = CARTESIAN_POINT('',(128.20977680724,-80.,116.));
#292 = CARTESIAN_POINT('',(131.26095706703,-80.,116.));
#293 = CARTESIAN_POINT('',(134.40498033054,-80.,116.));
#294 = CARTESIAN_POINT('',(137.44822085371,-80.,116.));
#295 = CARTESIAN_POINT('',(140.49429016176,-80.,116.));
#296 = CARTESIAN_POINT('',(143.49462910383,-80.,116.));
#297 = CARTESIAN_POINT('',(146.72417797021,-80.,116.));
#298 = CARTESIAN_POINT('',(149.9482544959,-80.,116.));
#299 = CARTESIAN_POINT('',(153.05902197354,-80.,116.));
#300 = CARTESIAN_POINT('',(156.1823448947,-80.,116.));
#301 = CARTESIAN_POINT('',(159.26349640411,-80.,116.));
#302 = CARTESIAN_POINT('',(162.34239928534,-80.,116.));
#303 = CARTESIAN_POINT('',(165.48445737214,-80.,116.));
#304 = CARTESIAN_POINT('',(168.50570143136,-80.,116.));
#305 = CARTESIAN_POINT('',(171.66933616697,-80.,116.));
#306 = CARTESIAN_POINT('',(174.91178962355,-80.,116.));
#307 = CARTESIAN_POINT('',(178.01225428054,-80.,116.));
#308 = CARTESIAN_POINT('',(181.15590657147,-80.,116.));
#309 = CARTESIAN_POINT('',(184.27126615396,-80.,116.));
#310 = CARTESIAN_POINT('',(187.39790359724,-80.,116.));
#311 = CARTESIAN_POINT('',(190.52385449579,-80.,116.));
#312 = CARTESIAN_POINT('',(193.65028817727,-80.,116.));
#313 = CARTESIAN_POINT('',(196.80392382223,-80.,116.));
#314 = CARTESIAN_POINT('',(199.94392637543,-80.,116.));
#315 = CARTESIAN_POINT('',(203.16177795814,-80.,116.));
#316 = CARTESIAN_POINT('',(206.35231406763,-80.,116.));
#317 = CARTESIAN_POINT('',(209.36825782326,-80.,116.));
#318 = CARTESIAN_POINT('',(212.37959561216,-80.,116.));
#319 = CARTESIAN_POINT('',(215.39238910851,-80.,116.));
#320 = CARTESIAN_POINT('',(218.421822624,-80.,116.));
#321 = CARTESIAN_POINT('',(221.72619309389,-80.,116.));
#322 = CARTESIAN_POINT('',(224.87045067834,-80.,116.));
#323 = CARTESIAN_POINT('',(228.,-80.,116.));
#324 = CARTESIAN_POINT('',(-227.9999999999,-78.05968375902,
    115.99999999999));
#325 = CARTESIAN_POINT('',(-224.8704506783,-78.05968375903,
    116.29799578796));
#326 = CARTESIAN_POINT('',(-221.7261930938,-78.05968375903,
    115.64436865897));
#327 = CARTESIAN_POINT('',(-218.4218226239,-78.05968375902,
    115.65863378669));
#328 = CARTESIAN_POINT('',(-215.3923891085,-78.05968375902,
    115.67936705588));
#329 = CARTESIAN_POINT('',(-212.3795956121,-78.05968375902,
    115.85103595655));
#330 = CARTESIAN_POINT('',(-209.3682578232,-78.05968375902,
    114.86439131307));
#331 = CARTESIAN_POINT('',(-206.3523140676,-78.05968375903,117.793691007
    ));
#332 = CARTESIAN_POINT('',(-203.1617779581,-78.05968375902,
    118.70792573292));
#333 = CARTESIAN_POINT('',(-199.9439263754,-78.05968375902,
    118.61279059665));
#334 = CARTESIAN_POINT('',(-196.8039238222,-78.05968375902,
    120.15439993868));
#335 = CARTESIAN_POINT('',(-193.6502881772,-78.05968375902,
    117.95338913629));
#336 = CARTESIAN_POINT('',(-190.5238544957,-78.05968375902,
    117.54541896013));
#337 = CARTESIAN_POINT('',(-187.3979035972,-78.05968375903,
    116.93741391258));
#338 = CARTESIAN_POINT('',(-184.2712661539,-78.05968375902,
    117.1490977767));
#339 = CARTESIAN_POINT('',(-181.1559065714,-78.05968375902,
    117.08594881486));
#340 = CARTESIAN_POINT('',(-178.0122542805,-78.05968375902,
    117.67948175676));
#341 = CARTESIAN_POINT('',(-174.9117896235,-78.05968375902,
    119.02081903959));
#342 = CARTESIAN_POINT('',(-171.6693361669,-78.05968375902,
    119.68651674572));
#343 = CARTESIAN_POINT('',(-168.5057014313,-78.05968375902,118.600462551
    ));
#344 = CARTESIAN_POINT('',(-165.4844573721,-78.05968375902,
    118.51024987419));
#345 = CARTESIAN_POINT('',(-162.3423992853,-78.05968375902,
    116.50957819298));
#346 = CARTESIAN_POINT('',(-159.2634964041,-78.05968375902,
    114.8502292618));
#347 = CARTESIAN_POINT('',(-156.1823448947,-78.05968375902,
    116.4855885673));
#348 = CARTESIAN_POINT('',(-153.0590219735,-78.05968375902,
    115.19893496972));
#349 = CARTESIAN_POINT('',(-149.9482544959,-78.05968375902,
    115.1639156952));
#350 = CARTESIAN_POINT('',(-146.7241779702,-78.05968375903,
    115.52864019744));
#351 = CARTESIAN_POINT('',(-143.4946291038,-78.05968375902,
    115.61527240622));
#352 = CARTESIAN_POINT('',(-140.4942901617,-78.05968375903,
    116.41142561788));
#353 = CARTESIAN_POINT('',(-137.4482208537,-78.05968375903,
    114.95632263015));
#354 = CARTESIAN_POINT('',(-134.4049803305,-78.05968375903,
    115.53373340561));
#355 = CARTESIAN_POINT('',(-131.260957067,-78.05968375902,
    118.46518711283));
#356 = CARTESIAN_POINT('',(-128.2097768072,-78.05968375902,
    118.70321286418));
#357 = CARTESIAN_POINT('',(-125.1317400911,-78.05968375902,
    119.11858982719));
#358 = CARTESIAN_POINT('',(-121.7828599083,-78.05968375903,
    119.66324702334));
#359 = CARTESIAN_POINT('',(-118.7216058835,-78.05968375902,
    117.67229695057));
#360 = CARTESIAN_POINT('',(-115.5420323229,-78.05968375903,
    117.33158400178));
#361 = CARTESIAN_POINT('',(-112.4528648836,-78.05968375902,
    117.00438820441));
#362 = CARTESIAN_POINT('',(-109.3040734641,-78.05968375903,
    117.07201631847));
#363 = CARTESIAN_POINT('',(-106.2006800342,-78.05968375902,
    117.27270545438));
#364 = CARTESIAN_POINT('',(-103.049220273,-78.05968375903,
    117.88732149171));
#365 = CARTESIAN_POINT('',(-99.94497584182,-78.05968375902,
    119.64861520019));
#366 = CARTESIAN_POINT('',(-96.65251730109,-78.05968375902,
    119.06058180963));
#367 = CARTESIAN_POINT('',(-93.57852523436,-78.05968375902,
    118.74294751581));
#368 = CARTESIAN_POINT('',(-90.50838704351,-78.05968375902,
    118.22306127542));
#369 = CARTESIAN_POINT('',(-87.38288840939,-78.05968375902,
    115.46828405172));
#370 = CARTESIAN_POINT('',(-84.31785444875,-78.05968375902,
    115.09141338786));
#371 = CARTESIAN_POINT('',(-81.24214244136,-78.05968375902,
    116.33386086157));
#372 = CARTESIAN_POINT('',(-78.12960500485,-78.05968375902,
    115.60621659548));
#373 = CARTESIAN_POINT('',(-74.96906529327,-78.05968375902,
    115.49636324199));
#374 = CARTESIAN_POINT('',(-71.73799895758,-78.05968375902,
    115.13521309393));
#375 = CARTESIAN_POINT('',(-68.60106908076,-78.05968375902,
    115.20745874816));
#376 = CARTESIAN_POINT('',(-65.56017338006,-78.05968375902,
    116.61389099705));
#377 = CARTESIAN_POINT('',(-62.51301691864,-78.05968375902,
    114.68123314625));
#378 = CARTESIAN_POINT('',(-59.44661269167,-78.05968375902,
    116.68695482354));
#379 = CARTESIAN_POINT('',(-56.2794693162,-78.05968375902,
    118.64812204917));
#380 = CARTESIAN_POINT('',(-53.30015135599,-78.05968375902,
    118.56539881675));
#381 = CARTESIAN_POINT('',(-50.09160903077,-78.05968375902,
    119.80960939975));
#382 = CARTESIAN_POINT('',(-46.82988298107,-78.05968375902,
    118.87094027006));
#383 = CARTESIAN_POINT('',(-43.75098561487,-78.05968375903,
    117.59850668703));
#384 = CARTESIAN_POINT('',(-40.59022498143,-78.05968375902,
    117.08554454285));
#385 = CARTESIAN_POINT('',(-37.48657799801,-78.05968375902,
    117.11830766696));
#386 = CARTESIAN_POINT('',(-34.35349204993,-78.05968375902,
    117.00470178142));
#387 = CARTESIAN_POINT('',(-31.22924211799,-78.05968375902,
    117.47476193942));
#388 = CARTESIAN_POINT('',(-28.10496678474,-78.05968375902,
    118.25167284925));
#389 = CARTESIAN_POINT('',(-24.94210454386,-78.05968375902,
    119.99001080242));
#390 = CARTESIAN_POINT('',(-21.65395320521,-78.05968375902,
    118.60586964425));
#391 = CARTESIAN_POINT('',(-18.66692496727,-78.05968375902,
    118.71106678552));
#392 = CARTESIAN_POINT('',(-15.52415536771,-78.05968375902,
    117.61375615833));
#393 = CARTESIAN_POINT('',(-12.42987744782,-78.05968375903,
    114.94974517868));
#394 = CARTESIAN_POINT('',(-9.377596847078,-78.05968375902,
    115.83852198672));
#395 = CARTESIAN_POINT('',(-6.312968134846,-78.05968375902,
    115.66861542148));
#396 = CARTESIAN_POINT('',(-3.20273059646,-78.05968375902,
    115.73566162898));
#397 = CARTESIAN_POINT('',(-2.775557561563E-17,-78.05968375902,
    115.38577117607));
#398 = CARTESIAN_POINT('',(3.20273059646,-78.05968375902,115.73566162898
    ));
#399 = CARTESIAN_POINT('',(6.312968134846,-78.05968375903,
    115.66861542148));
#400 = CARTESIAN_POINT('',(9.377596847078,-78.05968375902,
    115.83852198672));
#401 = CARTESIAN_POINT('',(12.429877447828,-78.05968375902,
    114.94974517868));
#402 = CARTESIAN_POINT('',(15.524155367714,-78.05968375902,
    117.61375615833));
#403 = CARTESIAN_POINT('',(18.666924967278,-78.05968375902,
    118.71106678552));
#404 = CARTESIAN_POINT('',(21.653953205213,-78.05968375902,
    118.60586964425));
#405 = CARTESIAN_POINT('',(24.942104543865,-78.05968375902,
    119.99001080241));
#406 = CARTESIAN_POINT('',(28.104966784746,-78.05968375902,
    118.25167284925));
#407 = CARTESIAN_POINT('',(31.229242117992,-78.05968375902,
    117.47476193942));
#408 = CARTESIAN_POINT('',(34.353492049936,-78.05968375902,
    117.00470178142));
#409 = CARTESIAN_POINT('',(37.486577998016,-78.05968375902,
    117.11830766696));
#410 = CARTESIAN_POINT('',(40.590224981439,-78.05968375902,
    117.08554454285));
#411 = CARTESIAN_POINT('',(43.75098561487,-78.05968375903,
    117.59850668703));
#412 = CARTESIAN_POINT('',(46.82988298107,-78.05968375902,
    118.87094027006));
#413 = CARTESIAN_POINT('',(50.091609030777,-78.05968375902,
    119.80960939975));
#414 = CARTESIAN_POINT('',(53.30015135599,-78.05968375902,
    118.56539881675));
#415 = CARTESIAN_POINT('',(56.279469316207,-78.05968375902,
    118.64812204917));
#416 = CARTESIAN_POINT('',(59.446612691677,-78.05968375902,
    116.68695482355));
#417 = CARTESIAN_POINT('',(62.513016918642,-78.05968375903,
    114.68123314625));
#418 = CARTESIAN_POINT('',(65.560173380067,-78.05968375902,
    116.61389099705));
#419 = CARTESIAN_POINT('',(68.601069080766,-78.05968375902,
    115.20745874817));
#420 = CARTESIAN_POINT('',(71.737998957589,-78.05968375902,
    115.13521309393));
#421 = CARTESIAN_POINT('',(74.969065293276,-78.05968375903,
    115.49636324199));
#422 = CARTESIAN_POINT('',(78.129605004857,-78.05968375902,
    115.60621659548));
#423 = CARTESIAN_POINT('',(81.24214244136,-78.05968375902,
    116.33386086157));
#424 = CARTESIAN_POINT('',(84.317854448754,-78.05968375902,
    115.09141338786));
#425 = CARTESIAN_POINT('',(87.382888409396,-78.05968375902,
    115.46828405171));
#426 = CARTESIAN_POINT('',(90.508387043519,-78.05968375903,
    118.22306127542));
#427 = CARTESIAN_POINT('',(93.57852523437,-78.05968375902,118.7429475158
    ));
#428 = CARTESIAN_POINT('',(96.652517301093,-78.05968375902,
    119.06058180963));
#429 = CARTESIAN_POINT('',(99.944975841827,-78.05968375902,
    119.64861520019));
#430 = CARTESIAN_POINT('',(103.04922027306,-78.05968375902,
    117.88732149171));
#431 = CARTESIAN_POINT('',(106.20068003424,-78.05968375902,
    117.27270545438));
#432 = CARTESIAN_POINT('',(109.30407346416,-78.05968375902,
    117.07201631847));
#433 = CARTESIAN_POINT('',(112.45286488364,-78.05968375903,
    117.00438820441));
#434 = CARTESIAN_POINT('',(115.54203232295,-78.05968375902,
    117.33158400178));
#435 = CARTESIAN_POINT('',(118.72160588355,-78.05968375902,
    117.67229695057));
#436 = CARTESIAN_POINT('',(121.78285990839,-78.05968375902,
    119.66324702333));
#437 = CARTESIAN_POINT('',(125.13174009112,-78.05968375902,
    119.11858982719));
#438 = CARTESIAN_POINT('',(128.20977680724,-78.05968375902,
    118.70321286418));
#439 = CARTESIAN_POINT('',(131.26095706703,-78.05968375902,
    118.46518711283));
#440 = CARTESIAN_POINT('',(134.40498033054,-78.05968375902,
    115.53373340561));
#441 = CARTESIAN_POINT('',(137.44822085371,-78.05968375902,
    114.95632263015));
#442 = CARTESIAN_POINT('',(140.49429016176,-78.05968375902,
    116.41142561788));
#443 = CARTESIAN_POINT('',(143.49462910382,-78.05968375902,
    115.61527240622));
#444 = CARTESIAN_POINT('',(146.72417797021,-78.05968375903,
    115.52864019744));
#445 = CARTESIAN_POINT('',(149.9482544959,-78.05968375902,115.1639156952
    ));
#446 = CARTESIAN_POINT('',(153.05902197354,-78.05968375902,
    115.19893496972));
#447 = CARTESIAN_POINT('',(156.1823448947,-78.05968375903,116.4855885673
    ));
#448 = CARTESIAN_POINT('',(159.26349640411,-78.05968375902,
    114.8502292618));
#449 = CARTESIAN_POINT('',(162.34239928534,-78.05968375902,
    116.50957819298));
#450 = CARTESIAN_POINT('',(165.48445737213,-78.05968375903,
    118.51024987419));
#451 = CARTESIAN_POINT('',(168.50570143136,-78.05968375902,118.600462551
    ));
#452 = CARTESIAN_POINT('',(171.66933616697,-78.05968375902,
    119.68651674572));
#453 = CARTESIAN_POINT('',(174.91178962355,-78.05968375903,
    119.02081903959));
#454 = CARTESIAN_POINT('',(178.01225428054,-78.05968375903,
    117.67948175677));
#455 = CARTESIAN_POINT('',(181.15590657147,-78.05968375903,
    117.08594881486));
#456 = CARTESIAN_POINT('',(184.27126615396,-78.05968375902,
    117.1490977767));
#457 = CARTESIAN_POINT('',(187.39790359723,-78.05968375902,
    116.93741391259));
#458 = CARTESIAN_POINT('',(190.52385449579,-78.05968375902,
    117.54541896013));
#459 = CARTESIAN_POINT('',(193.65028817727,-78.05968375903,
    117.95338913629));
#460 = CARTESIAN_POINT('',(196.80392382223,-78.05968375903,
    120.15439993868));
#461 = CARTESIAN_POINT('',(199.94392637543,-78.05968375903,
    118.61279059665));
#462 = CARTESIAN_POINT('',(203.16177795815,-78.05968375902,
    118.70792573293));
#463 = CARTESIAN_POINT('',(206.35231406763,-78.05968375903,
    117.79369100701));
#464 = CARTESIAN_POINT('',(209.36825782326,-78.05968375902,
    114.86439131306));
#465 = CARTESIAN_POINT('',(212.37959561215,-78.05968375902,
    115.85103595655));
#466 = CARTESIAN_POINT('',(215.3923891085,-78.05968375902,
    115.67936705589));
#467 = CARTESIAN_POINT('',(218.421822624,-78.05968375903,115.65863378669
    ));
#468 = CARTESIAN_POINT('',(221.72619309389,-78.05968375902,
    115.64436865897));
#469 = CARTESIAN_POINT('',(224.87045067834,-78.05968375902,
    116.29799578796));
#470 = CARTESIAN_POINT('',(227.99999999999,-78.05968375902,
    115.99999999999));
#471 = CARTESIAN_POINT('',(-228.,-77.12035138056,116.));
#472 = CARTESIAN_POINT('',(-224.8704506783,-77.12035138056,
    115.75810462294));
#473 = CARTESIAN_POINT('',(-221.7261930938,-77.12035138056,
    116.32197227761));
#474 = CARTESIAN_POINT('',(-218.421822624,-77.12035138056,
    116.72838341945));
#475 = CARTESIAN_POINT('',(-215.3923891085,-77.12035138056,
    116.62907948301));
#476 = CARTESIAN_POINT('',(-212.3795956121,-77.12035138056,
    116.35021462373));
#477 = CARTESIAN_POINT('',(-209.3682578232,-77.12035138056,
    116.95146295756));
#478 = CARTESIAN_POINT('',(-206.3523140676,-77.12035138056,
    114.77185020596));
#479 = CARTESIAN_POINT('',(-203.1617779581,-77.12035138056,
    114.03228777488));
#480 = CARTESIAN_POINT('',(-199.9439263754,-77.12035138056,
    114.02837765946));
#481 = CARTESIAN_POINT('',(-196.8039238222,-77.12035138056,
    112.87434085833));
#482 = CARTESIAN_POINT('',(-193.6502881772,-77.12035138056,
    114.42297796306));
#483 = CARTESIAN_POINT('',(-190.5238544957,-77.12035138056,
    114.70070672591));
#484 = CARTESIAN_POINT('',(-187.3979035972,-77.12035138056,
    115.12963845065));
#485 = CARTESIAN_POINT('',(-184.2712661539,-77.12035138056,
    114.9786996743));
#486 = CARTESIAN_POINT('',(-181.1559065714,-77.12035138056,
    115.02477555556));
#487 = CARTESIAN_POINT('',(-178.0122542805,-77.12035138056,
    114.61057847943));
#488 = CARTESIAN_POINT('',(-174.9117896235,-77.12035138056,
    113.66858283544));
#489 = CARTESIAN_POINT('',(-171.6693361669,-77.12035138056,
    113.23179024387));
#490 = CARTESIAN_POINT('',(-168.5057014313,-77.12035138056,
    114.07022151247));
#491 = CARTESIAN_POINT('',(-165.4844573721,-77.12035138057,
    114.20970114599));
#492 = CARTESIAN_POINT('',(-162.3423992853,-77.12035138056,
    115.72489267894));
#493 = CARTESIAN_POINT('',(-159.2634964041,-77.12035138056,
    117.00853458346));
#494 = CARTESIAN_POINT('',(-156.1823448947,-77.12035138056,
    115.96306547536));
#495 = CARTESIAN_POINT('',(-153.0590219735,-77.12035138056,
    117.03896370819));
#496 = CARTESIAN_POINT('',(-149.9482544959,-77.12035138056,
    117.24238223373));
#497 = CARTESIAN_POINT('',(-146.7241779702,-77.12035138056,
    117.04604778726));
#498 = CARTESIAN_POINT('',(-143.4946291038,-77.12035138056,
    116.76445803683));
#499 = CARTESIAN_POINT('',(-140.4942901617,-77.12035138056,
    116.04731051857));
#500 = CARTESIAN_POINT('',(-137.4482208537,-77.12035138056,
    116.95791702482));
#501 = CARTESIAN_POINT('',(-134.4049803305,-77.12035138056,
    116.4412294726));
#502 = CARTESIAN_POINT('',(-131.260957067,-77.12035138056,
    114.26302208865));
#503 = CARTESIAN_POINT('',(-128.2097768072,-77.12035138056,
    114.01190670944));
#504 = CARTESIAN_POINT('',(-125.1317400911,-77.12035138056,
    113.65201564198));
#505 = CARTESIAN_POINT('',(-121.7828599083,-77.12035138056,
    113.21376207324));
#506 = CARTESIAN_POINT('',(-118.7216058835,-77.12035138057,
    114.62014303976));
#507 = CARTESIAN_POINT('',(-115.5420323229,-77.12035138056,
    114.8504021448));
#508 = CARTESIAN_POINT('',(-112.4528648836,-77.12035138056,
    115.08244350221));
#509 = CARTESIAN_POINT('',(-109.3040734641,-77.12035138056,
    115.03272640939));
#510 = CARTESIAN_POINT('',(-106.2006800342,-77.12035138056,
    114.89452391585));
#511 = CARTESIAN_POINT('',(-103.049220273,-77.12035138056,
    114.46624608421));
#512 = CARTESIAN_POINT('',(-99.94497584182,-77.12035138056,
    113.22807650288));
#513 = CARTESIAN_POINT('',(-96.65251730109,-77.12035138056,
    113.69741312826));
#514 = CARTESIAN_POINT('',(-93.57852523436,-77.12035138057,
    113.98924188303));
#515 = CARTESIAN_POINT('',(-90.50838704352,-77.12035138056,
    114.44188167598));
#516 = CARTESIAN_POINT('',(-87.38288840939,-77.12035138056,
    116.49500277721));
#517 = CARTESIAN_POINT('',(-84.31785444875,-77.12035138056,
    116.87116900516));
#518 = CARTESIAN_POINT('',(-81.24214244136,-77.12035138056,
    116.11507998933));
#519 = CARTESIAN_POINT('',(-78.12960500485,-77.12035138056,
    116.79753804366));
#520 = CARTESIAN_POINT('',(-74.96906529328,-77.12035138056,
    117.06546626376));
#521 = CARTESIAN_POINT('',(-71.73799895759,-77.12035138056,
    117.25431172571));
#522 = CARTESIAN_POINT('',(-68.60106908076,-77.12035138057,
    117.01200859716));
#523 = CARTESIAN_POINT('',(-65.56017338006,-77.12035138056,
    115.8591313698));
#524 = CARTESIAN_POINT('',(-62.51301691864,-77.12035138056,
    117.12073871625));
#525 = CARTESIAN_POINT('',(-59.44661269167,-77.12035138056,
    115.59175179937));
#526 = CARTESIAN_POINT('',(-56.2794693162,-77.12035138056,
    114.10494790089));
#527 = CARTESIAN_POINT('',(-53.30015135599,-77.12035138056,
    114.09055618484));
#528 = CARTESIAN_POINT('',(-50.09160903077,-77.12035138056,
    113.13950589724));
#529 = CARTESIAN_POINT('',(-46.82988298107,-77.12035138057,
    113.77334664725));
#530 = CARTESIAN_POINT('',(-43.75098561487,-77.12035138056,
    114.6678852949));
#531 = CARTESIAN_POINT('',(-40.59022498144,-77.12035138057,
    115.02409445794));
#532 = CARTESIAN_POINT('',(-37.48657799801,-77.12035138056,
    115.00140178935));
#533 = CARTESIAN_POINT('',(-34.35349204993,-77.12035138057,
    115.08091078766));
#534 = CARTESIAN_POINT('',(-31.22924211799,-77.12035138056,
    114.7527397408));
#535 = CARTESIAN_POINT('',(-28.10496678474,-77.12035138056,
    114.21060345263));
#536 = CARTESIAN_POINT('',(-24.94210454386,-77.12035138056,
    112.99540356381));
#537 = CARTESIAN_POINT('',(-21.65395320521,-77.12035138056,
    114.04200984232));
#538 = CARTESIAN_POINT('',(-18.66692496727,-77.12035138056,
    114.03465706395));
#539 = CARTESIAN_POINT('',(-15.52415536771,-77.12035138056,
    114.90392913286));
#540 = CARTESIAN_POINT('',(-12.42987744782,-77.12035138056,
    116.89638193661));
#541 = CARTESIAN_POINT('',(-9.377596847078,-77.12035138056,
    116.37388623758));
#542 = CARTESIAN_POINT('',(-6.312968134846,-77.12035138056,
    116.63676291725));
#543 = CARTESIAN_POINT('',(-3.20273059646,-77.12035138057,
    116.75725218283));
#544 = CARTESIAN_POINT('',(-2.775557561563E-17,-77.12035138056,
    117.2076772884));
#545 = CARTESIAN_POINT('',(3.20273059646,-77.12035138056,116.75725218283
    ));
#546 = CARTESIAN_POINT('',(6.312968134846,-77.12035138056,
    116.63676291725));
#547 = CARTESIAN_POINT('',(9.377596847079,-77.12035138056,
    116.37388623758));
#548 = CARTESIAN_POINT('',(12.429877447828,-77.12035138056,
    116.89638193661));
#549 = CARTESIAN_POINT('',(15.524155367714,-77.12035138057,
    114.90392913286));
#550 = CARTESIAN_POINT('',(18.666924967278,-77.12035138056,
    114.03465706395));
#551 = CARTESIAN_POINT('',(21.653953205212,-77.12035138056,
    114.04200984232));
#552 = CARTESIAN_POINT('',(24.942104543866,-77.12035138056,
    112.99540356382));
#553 = CARTESIAN_POINT('',(28.104966784746,-77.12035138056,
    114.21060345263));
#554 = CARTESIAN_POINT('',(31.229242117991,-77.12035138056,
    114.7527397408));
#555 = CARTESIAN_POINT('',(34.353492049937,-77.12035138056,
    115.08091078766));
#556 = CARTESIAN_POINT('',(37.486577998014,-77.12035138056,
    115.00140178935));
#557 = CARTESIAN_POINT('',(40.59022498144,-77.12035138057,
    115.02409445794));
#558 = CARTESIAN_POINT('',(43.75098561487,-77.12035138056,114.6678852949
    ));
#559 = CARTESIAN_POINT('',(46.829882981071,-77.12035138056,
    113.77334664725));
#560 = CARTESIAN_POINT('',(50.091609030777,-77.12035138056,
    113.13950589723));
#561 = CARTESIAN_POINT('',(53.30015135599,-77.12035138056,
    114.09055618484));
#562 = CARTESIAN_POINT('',(56.279469316209,-77.12035138056,
    114.10494790089));
#563 = CARTESIAN_POINT('',(59.446612691677,-77.12035138056,
    115.59175179937));
#564 = CARTESIAN_POINT('',(62.513016918645,-77.12035138056,
    117.12073871625));
#565 = CARTESIAN_POINT('',(65.560173380066,-77.12035138056,
    115.8591313698));
#566 = CARTESIAN_POINT('',(68.601069080764,-77.12035138056,
    117.01200859716));
#567 = CARTESIAN_POINT('',(71.73799895759,-77.12035138056,
    117.25431172571));
#568 = CARTESIAN_POINT('',(74.969065293281,-77.12035138056,
    117.06546626376));
#569 = CARTESIAN_POINT('',(78.129605004858,-77.12035138056,
    116.79753804366));
#570 = CARTESIAN_POINT('',(81.242142441363,-77.12035138056,
    116.11507998932));
#571 = CARTESIAN_POINT('',(84.317854448759,-77.12035138057,
    116.87116900516));
#572 = CARTESIAN_POINT('',(87.382888409396,-77.12035138056,
    116.49500277721));
#573 = CARTESIAN_POINT('',(90.508387043519,-77.12035138056,
    114.44188167598));
#574 = CARTESIAN_POINT('',(93.578525234368,-77.12035138056,
    113.98924188303));
#575 = CARTESIAN_POINT('',(96.652517301094,-77.12035138057,
    113.69741312826));
#576 = CARTESIAN_POINT('',(99.944975841828,-77.12035138057,
    113.22807650288));
#577 = CARTESIAN_POINT('',(103.04922027307,-77.12035138056,
    114.46624608421));
#578 = CARTESIAN_POINT('',(106.20068003424,-77.12035138056,
    114.89452391585));
#579 = CARTESIAN_POINT('',(109.30407346416,-77.12035138056,
    115.03272640939));
#580 = CARTESIAN_POINT('',(112.45286488365,-77.12035138056,
    115.0824435022));
#581 = CARTESIAN_POINT('',(115.54203232296,-77.12035138056,
    114.8504021448));
#582 = CARTESIAN_POINT('',(118.72160588355,-77.12035138056,
    114.62014303976));
#583 = CARTESIAN_POINT('',(121.78285990839,-77.12035138056,
    113.21376207325));
#584 = CARTESIAN_POINT('',(125.13174009112,-77.12035138057,
    113.65201564198));
#585 = CARTESIAN_POINT('',(128.20977680725,-77.12035138056,
    114.01190670944));
#586 = CARTESIAN_POINT('',(131.26095706703,-77.12035138057,
    114.26302208866));
#587 = CARTESIAN_POINT('',(134.40498033054,-77.12035138056,
    116.4412294726));
#588 = CARTESIAN_POINT('',(137.44822085371,-77.12035138056,
    116.95791702482));
#589 = CARTESIAN_POINT('',(140.49429016176,-77.12035138056,
    116.04731051857));
#590 = CARTESIAN_POINT('',(143.49462910383,-77.12035138056,
    116.76445803683));
#591 = CARTESIAN_POINT('',(146.72417797021,-77.12035138056,
    117.04604778725));
#592 = CARTESIAN_POINT('',(149.94825449589,-77.12035138056,
    117.24238223373));
#593 = CARTESIAN_POINT('',(153.05902197354,-77.12035138056,
    117.03896370819));
#594 = CARTESIAN_POINT('',(156.1823448947,-77.12035138056,
    115.96306547536));
#595 = CARTESIAN_POINT('',(159.26349640411,-77.12035138056,
    117.00853458346));
#596 = CARTESIAN_POINT('',(162.34239928535,-77.12035138056,
    115.72489267894));
#597 = CARTESIAN_POINT('',(165.48445737214,-77.12035138056,
    114.20970114599));
#598 = CARTESIAN_POINT('',(168.50570143136,-77.12035138056,
    114.07022151247));
#599 = CARTESIAN_POINT('',(171.66933616698,-77.12035138056,
    113.23179024387));
#600 = CARTESIAN_POINT('',(174.91178962354,-77.12035138056,
    113.66858283544));
#601 = CARTESIAN_POINT('',(178.01225428055,-77.12035138056,
    114.61057847943));
#602 = CARTESIAN_POINT('',(181.15590657147,-77.12035138056,
    115.02477555556));
#603 = CARTESIAN_POINT('',(184.27126615396,-77.12035138056,
    114.9786996743));
#604 = CARTESIAN_POINT('',(187.39790359724,-77.12035138056,
    115.12963845065));
#605 = CARTESIAN_POINT('',(190.52385449579,-77.12035138056,
    114.70070672592));
#606 = CARTESIAN_POINT('',(193.65028817727,-77.12035138056,
    114.42297796306));
#607 = CARTESIAN_POINT('',(196.80392382223,-77.12035138056,
    112.87434085833));
#608 = CARTESIAN_POINT('',(199.94392637543,-77.12035138056,
    114.02837765946));
#609 = CARTESIAN_POINT('',(203.16177795814,-77.12035138056,
    114.03228777488));
#610 = CARTESIAN_POINT('',(206.35231406762,-77.12035138056,
    114.77185020596));
#611 = CARTESIAN_POINT('',(209.36825782326,-77.12035138056,
    116.95146295756));
#612 = CARTESIAN_POINT('',(212.37959561216,-77.12035138056,
    116.35021462373));
#613 = CARTESIAN_POINT('',(215.39238910851,-77.12035138056,
    116.62907948301));
#614 = CARTESIAN_POINT('',(218.421822624,-77.12035138056,116.72838341944
    ));
#615 = CARTESIAN_POINT('',(221.7261930939,-77.12035138057,
    116.32197227761));
#616 = CARTESIAN_POINT('',(224.87045067835,-77.12035138056,
    115.75810462294));
#617 = CARTESIAN_POINT('',(228.,-77.12035138056,116.));
#618 = CARTESIAN_POINT('',(-227.9999999999,-72.53319646053,
    115.99999999999));
#619 = CARTESIAN_POINT('',(-224.8704506783,-72.53319646053,
    116.28845583486));
#620 = CARTESIAN_POINT('',(-221.7261930938,-72.53319646053,
    116.53496617522));
#621 = CARTESIAN_POINT('',(-218.4218226239,-72.53319646053,
    116.07717368033));
#622 = CARTESIAN_POINT('',(-215.3923891085,-72.53319646053,
    115.38989552482));
#623 = CARTESIAN_POINT('',(-212.3795956121,-72.53319646053,
    114.97744305302));
#624 = CARTESIAN_POINT('',(-209.3682578232,-72.53319646053,
    114.08169322789));
#625 = CARTESIAN_POINT('',(-206.3523140676,-72.53319646053,
    115.01669128955));
#626 = CARTESIAN_POINT('',(-203.1617779581,-72.53319646053,
    115.22453365966));
#627 = CARTESIAN_POINT('',(-199.9439263754,-72.53319646053,
    115.10494773662));
#628 = CARTESIAN_POINT('',(-196.8039238222,-72.53319646053,
    115.78792914144));
#629 = CARTESIAN_POINT('',(-193.6502881772,-72.53319646053,
    114.77804497618));
#630 = CARTESIAN_POINT('',(-190.5238544957,-72.53319646053,
    114.60227949496));
#631 = CARTESIAN_POINT('',(-187.3979035972,-72.53319646053,
    114.34445131468));
#632 = CARTESIAN_POINT('',(-184.2712661539,-72.53319646053,
    114.43748915688));
#633 = CARTESIAN_POINT('',(-181.1559065714,-72.53319646053,
    114.40614977768));
#634 = CARTESIAN_POINT('',(-178.0122542805,-72.53319646053,
    114.65642693075));
#635 = CARTESIAN_POINT('',(-174.9117896235,-72.53319646053,
    115.26790083932));
#636 = CARTESIAN_POINT('',(-171.6693361669,-72.53319646053,
    115.57959920324));
#637 = CARTESIAN_POINT('',(-168.5057014313,-72.53319646053,
    115.13081035788));
#638 = CARTESIAN_POINT('',(-165.4844573721,-72.53319646053,
    115.20312848609));
#639 = CARTESIAN_POINT('',(-162.3423992853,-72.53319646053,
    114.59520127711));
#640 = CARTESIAN_POINT('',(-159.2634964041,-72.53319646053,
    114.27145002738));
#641 = CARTESIAN_POINT('',(-156.1823448947,-72.53319646053,
    115.50020382889));
#642 = CARTESIAN_POINT('',(-153.0590219735,-72.53319646053,
    115.49292120382));
#643 = CARTESIAN_POINT('',(-149.9482544959,-72.53319646053,
    116.13185879898));
#644 = CARTESIAN_POINT('',(-146.7241779702,-72.53319646053,
    116.53293808047));
#645 = CARTESIAN_POINT('',(-143.4946291038,-72.53319646053,
    115.77210589855));
#646 = CARTESIAN_POINT('',(-140.4942901617,-72.53319646053,
    115.58430081375));
#647 = CARTESIAN_POINT('',(-137.4482208537,-72.53319646053,
    114.42207785663));
#648 = CARTESIAN_POINT('',(-134.4049803305,-72.53319646053,
    114.26115400253));
#649 = CARTESIAN_POINT('',(-131.260957067,-72.53319646053,
    115.21945742881));
#650 = CARTESIAN_POINT('',(-128.2097768072,-72.53319646053,
    115.19718389474));
#651 = CARTESIAN_POINT('',(-125.1317400911,-72.53319646053,
    115.3251657503));
#652 = CARTESIAN_POINT('',(-121.7828599083,-72.53319646053,
    115.56318702893));
#653 = CARTESIAN_POINT('',(-118.7216058835,-72.53319646053,
    114.64880643064));
#654 = CARTESIAN_POINT('',(-115.5420323229,-72.53319646053,
    114.51141525576));
#655 = CARTESIAN_POINT('',(-112.4528648836,-72.53319646053,
    114.37251858767));
#656 = CARTESIAN_POINT('',(-109.3040734641,-72.53319646053,
    114.40761287372));
#657 = CARTESIAN_POINT('',(-106.2006800342,-72.53319646053,
    114.47837518826));
#658 = CARTESIAN_POINT('',(-103.049220273,-72.53319646053,
    114.75036312463));
#659 = CARTESIAN_POINT('',(-99.94497584182,-72.53319646053,
    115.55449984295));
#660 = CARTESIAN_POINT('',(-96.65251730109,-72.53319646053,
    115.30346019579));
#661 = CARTESIAN_POINT('',(-93.57852523436,-72.53319646053,
    115.22012665467));
#662 = CARTESIAN_POINT('',(-90.50838704351,-72.53319646053,
    115.13625167822));
#663 = CARTESIAN_POINT('',(-87.38288840939,-72.53319646053,
    114.26009403573));
#664 = CARTESIAN_POINT('',(-84.31785444875,-72.53319646053,114.521649698
    ));
#665 = CARTESIAN_POINT('',(-81.24214244136,-72.53319646053,
    115.59496221186));
#666 = CARTESIAN_POINT('',(-78.12960500485,-72.53319646053,
    115.86491838273));
#667 = CARTESIAN_POINT('',(-74.96906529327,-72.53319646053,
    116.50488964612));
#668 = CARTESIAN_POINT('',(-71.73799895758,-72.53319646053,
    116.08737497671));
#669 = CARTESIAN_POINT('',(-68.60106908076,-72.53319646053,
    115.4201977631));
#670 = CARTESIAN_POINT('',(-65.56017338006,-72.53319646053,
    115.51323388855));
#671 = CARTESIAN_POINT('',(-62.51301691864,-72.53319646053,
    114.1603233637));
#672 = CARTESIAN_POINT('',(-59.44661269167,-72.53319646053,
    114.64700381628));
#673 = CARTESIAN_POINT('',(-56.2794693162,-72.53319646053,
    115.24565911415));
#674 = CARTESIAN_POINT('',(-53.30015135599,-72.53319646053,
    115.11111255796));
#675 = CARTESIAN_POINT('',(-50.09160903077,-72.53319646053,
    115.63240044278));
#676 = CARTESIAN_POINT('',(-46.82988298107,-72.53319646053,
    115.20073229498));
#677 = CARTESIAN_POINT('',(-43.75098561487,-72.53319646053,
    114.61838852481));
#678 = CARTESIAN_POINT('',(-40.59022498143,-72.53319646053,
    114.40991838981));
#679 = CARTESIAN_POINT('',(-37.48657799801,-72.53319646053,
    114.42045452049));
#680 = CARTESIAN_POINT('',(-34.35349204993,-72.53319646053,
    114.37788775115));
#681 = CARTESIAN_POINT('',(-31.22924211799,-72.53319646053,
    114.56494168097));
#682 = CARTESIAN_POINT('',(-28.10496678474,-72.53319646053,
    114.91729728364));
#683 = CARTESIAN_POINT('',(-24.94210454386,-72.53319646053,
    115.71108822344));
#684 = CARTESIAN_POINT('',(-21.65395320521,-72.53319646053,
    115.1105364337));
#685 = CARTESIAN_POINT('',(-18.66692496727,-72.53319646053,
    115.23482253037));
#686 = CARTESIAN_POINT('',(-15.52415536771,-72.53319646053,
    114.9505109865));
#687 = CARTESIAN_POINT('',(-12.42987744782,-72.53319646053,
    114.15054890582));
#688 = CARTESIAN_POINT('',(-9.377596847078,-72.53319646053,
    115.00722710593));
#689 = CARTESIAN_POINT('',(-6.312968134846,-72.53319646053,
    115.46189752599));
#690 = CARTESIAN_POINT('',(-3.20273059646,-72.53319646053,
    116.11693328358));
#691 = CARTESIAN_POINT('',(-2.775557561563E-17,-72.53319646053,
    116.68095093649));
#692 = CARTESIAN_POINT('',(3.20273059646,-72.53319646053,116.11693328358
    ));
#693 = CARTESIAN_POINT('',(6.312968134846,-72.53319646053,
    115.46189752599));
#694 = CARTESIAN_POINT('',(9.377596847078,-72.53319646053,
    115.00722710593));
#695 = CARTESIAN_POINT('',(12.429877447828,-72.53319646053,
    114.15054890582));
#696 = CARTESIAN_POINT('',(15.524155367714,-72.53319646053,
    114.9505109865));
#697 = CARTESIAN_POINT('',(18.666924967278,-72.53319646053,
    115.23482253037));
#698 = CARTESIAN_POINT('',(21.653953205213,-72.53319646053,
    115.1105364337));
#699 = CARTESIAN_POINT('',(24.942104543865,-72.53319646053,
    115.71108822344));
#700 = CARTESIAN_POINT('',(28.104966784746,-72.53319646053,
    114.91729728364));
#701 = CARTESIAN_POINT('',(31.229242117992,-72.53319646053,
    114.56494168097));
#702 = CARTESIAN_POINT('',(34.353492049937,-72.53319646053,
    114.37788775115));
#703 = CARTESIAN_POINT('',(37.486577998015,-72.53319646053,
    114.42045452049));
#704 = CARTESIAN_POINT('',(40.590224981439,-72.53319646053,
    114.40991838981));
#705 = CARTESIAN_POINT('',(43.75098561487,-72.53319646053,
    114.61838852481));
#706 = CARTESIAN_POINT('',(46.82988298107,-72.53319646053,
    115.20073229498));
#707 = CARTESIAN_POINT('',(50.091609030777,-72.53319646053,
    115.63240044278));
#708 = CARTESIAN_POINT('',(53.30015135599,-72.53319646053,
    115.11111255796));
#709 = CARTESIAN_POINT('',(56.279469316208,-72.53319646053,
    115.24565911415));
#710 = CARTESIAN_POINT('',(59.446612691677,-72.53319646053,
    114.64700381629));
#711 = CARTESIAN_POINT('',(62.513016918643,-72.53319646053,
    114.1603233637));
#712 = CARTESIAN_POINT('',(65.560173380067,-72.53319646053,
    115.51323388855));
#713 = CARTESIAN_POINT('',(68.601069080766,-72.53319646053,
    115.4201977631));
#714 = CARTESIAN_POINT('',(71.737998957589,-72.53319646053,
    116.08737497671));
#715 = CARTESIAN_POINT('',(74.969065293278,-72.53319646053,
    116.50488964612));
#716 = CARTESIAN_POINT('',(78.129605004858,-72.53319646053,
    115.86491838273));
#717 = CARTESIAN_POINT('',(81.242142441361,-72.53319646053,
    115.59496221186));
#718 = CARTESIAN_POINT('',(84.317854448756,-72.53319646053,
    114.52164969801));
#719 = CARTESIAN_POINT('',(87.382888409396,-72.53319646053,
    114.26009403572));
#720 = CARTESIAN_POINT('',(90.508387043519,-72.53319646053,
    115.13625167822));
#721 = CARTESIAN_POINT('',(93.578525234369,-72.53319646053,
    115.22012665467));
#722 = CARTESIAN_POINT('',(96.652517301093,-72.53319646053,
    115.30346019579));
#723 = CARTESIAN_POINT('',(99.944975841827,-72.53319646053,
    115.55449984295));
#724 = CARTESIAN_POINT('',(103.04922027306,-72.53319646053,
    114.75036312463));
#725 = CARTESIAN_POINT('',(106.20068003424,-72.53319646053,
    114.47837518826));
#726 = CARTESIAN_POINT('',(109.30407346416,-72.53319646053,
    114.40761287372));
#727 = CARTESIAN_POINT('',(112.45286488364,-72.53319646053,
    114.37251858767));
#728 = CARTESIAN_POINT('',(115.54203232295,-72.53319646053,
    114.51141525576));
#729 = CARTESIAN_POINT('',(118.72160588355,-72.53319646053,
    114.64880643064));
#730 = CARTESIAN_POINT('',(121.78285990839,-72.53319646053,
    115.56318702893));
#731 = CARTESIAN_POINT('',(125.13174009112,-72.53319646053,
    115.32516575029));
#732 = CARTESIAN_POINT('',(128.20977680724,-72.53319646053,
    115.19718389474));
#733 = CARTESIAN_POINT('',(131.26095706703,-72.53319646053,
    115.21945742881));
#734 = CARTESIAN_POINT('',(134.40498033054,-72.53319646053,
    114.26115400253));
#735 = CARTESIAN_POINT('',(137.44822085371,-72.53319646053,
    114.42207785663));
#736 = CARTESIAN_POINT('',(140.49429016176,-72.53319646053,
    115.58430081375));
#737 = CARTESIAN_POINT('',(143.49462910383,-72.53319646053,
    115.77210589855));
#738 = CARTESIAN_POINT('',(146.72417797021,-72.53319646053,
    116.53293808047));
#739 = CARTESIAN_POINT('',(149.9482544959,-72.53319646053,
    116.13185879898));
#740 = CARTESIAN_POINT('',(153.05902197354,-72.53319646053,
    115.49292120382));
#741 = CARTESIAN_POINT('',(156.1823448947,-72.53319646053,
    115.50020382889));
#742 = CARTESIAN_POINT('',(159.26349640411,-72.53319646053,
    114.27145002738));
#743 = CARTESIAN_POINT('',(162.34239928534,-72.53319646053,
    114.59520127711));
#744 = CARTESIAN_POINT('',(165.48445737214,-72.53319646053,
    115.20312848609));
#745 = CARTESIAN_POINT('',(168.50570143136,-72.53319646053,
    115.13081035788));
#746 = CARTESIAN_POINT('',(171.66933616697,-72.53319646053,
    115.57959920324));
#747 = CARTESIAN_POINT('',(174.91178962355,-72.53319646053,
    115.26790083932));
#748 = CARTESIAN_POINT('',(178.01225428054,-72.53319646053,
    114.65642693075));
#749 = CARTESIAN_POINT('',(181.15590657147,-72.53319646053,
    114.40614977768));
#750 = CARTESIAN_POINT('',(184.27126615396,-72.53319646053,
    114.43748915688));
#751 = CARTESIAN_POINT('',(187.39790359723,-72.53319646053,
    114.34445131468));
#752 = CARTESIAN_POINT('',(190.52385449579,-72.53319646053,
    114.60227949495));
#753 = CARTESIAN_POINT('',(193.65028817727,-72.53319646053,
    114.77804497617));
#754 = CARTESIAN_POINT('',(196.80392382223,-72.53319646053,
    115.78792914144));
#755 = CARTESIAN_POINT('',(199.94392637543,-72.53319646053,
    115.10494773662));
#756 = CARTESIAN_POINT('',(203.16177795815,-72.53319646053,
    115.22453365966));
#757 = CARTESIAN_POINT('',(206.35231406763,-72.53319646053,
    115.01669128956));
#758 = CARTESIAN_POINT('',(209.36825782326,-72.53319646053,
    114.08169322789));
#759 = CARTESIAN_POINT('',(212.37959561216,-72.53319646053,
    114.97744305302));
#760 = CARTESIAN_POINT('',(215.39238910851,-72.53319646053,
    115.38989552482));
#761 = CARTESIAN_POINT('',(218.421822624,-72.53319646053,116.07717368033
    ));
#762 = CARTESIAN_POINT('',(221.72619309389,-72.53319646053,
    116.53496617522));
#763 = CARTESIAN_POINT('',(224.87045067834,-72.53319646053,
    116.28845583487));
#764 = CARTESIAN_POINT('',(227.99999999999,-72.53319646053,
    115.99999999999));
#765 = CARTESIAN_POINT('',(-228.,-69.12571387686,116.));
#766 = CARTESIAN_POINT('',(-224.8704506783,-69.12571387686,
    116.26523069907));
#767 = CARTESIAN_POINT('',(-221.7261930938,-69.12571387686,
    116.01768179801));
#768 = CARTESIAN_POINT('',(-218.421822624,-69.12571387686,
    115.07573909997));
#769 = CARTESIAN_POINT('',(-215.3923891085,-69.12571387686,
    114.58790676187));
#770 = CARTESIAN_POINT('',(-212.3795956121,-69.12571387686,
    113.94472849527));
#771 = CARTESIAN_POINT('',(-209.3682578232,-69.12571387686,
    114.11122575527));
#772 = CARTESIAN_POINT('',(-206.3523140676,-69.12571387686,
    112.69112599387));
#773 = CARTESIAN_POINT('',(-203.1617779581,-69.12571387686,
    111.09830471487));
#774 = CARTESIAN_POINT('',(-199.9439263754,-69.12571387686,
    109.62391553699));
#775 = CARTESIAN_POINT('',(-196.8039238222,-69.12571387686,
    107.57803204669));
#776 = CARTESIAN_POINT('',(-193.6502881772,-69.12571387686,
    107.98635823385));
#777 = CARTESIAN_POINT('',(-190.5238544957,-69.12571387686,
    107.84148523931));
#778 = CARTESIAN_POINT('',(-187.3979035972,-69.12571387686,
    108.05616344947));
#779 = CARTESIAN_POINT('',(-184.2712661539,-69.12571387686,
    107.94938746184));
#780 = CARTESIAN_POINT('',(-181.1559065714,-69.12571387686,
    107.99662194676));
#781 = CARTESIAN_POINT('',(-178.0122542805,-69.12571387686,
    107.90747483863));
#782 = CARTESIAN_POINT('',(-174.9117896235,-69.12571387686,
    107.70797486998));
#783 = CARTESIAN_POINT('',(-171.6693361669,-69.12571387686,
    108.39033393067));
#784 = CARTESIAN_POINT('',(-168.5057014313,-69.12571387686,
    110.35365976823));
#785 = CARTESIAN_POINT('',(-165.4844573721,-69.12571387686,
    111.78006386012));
#786 = CARTESIAN_POINT('',(-162.3423992853,-69.12571387686,
    113.32972015251));
#787 = CARTESIAN_POINT('',(-159.2634964041,-69.12571387686,
    114.26072586832));
#788 = CARTESIAN_POINT('',(-156.1823448947,-69.12571387686,
    113.86388655358));
#789 = CARTESIAN_POINT('',(-153.0590219735,-69.12571387686,
    115.11514663743));
#790 = CARTESIAN_POINT('',(-149.9482544959,-69.12571387686,
    115.7499069627));
#791 = CARTESIAN_POINT('',(-146.7241779702,-69.12571387686,
    115.77127967226));
#792 = CARTESIAN_POINT('',(-143.4946291038,-69.12571387686,
    114.9788883062));
#793 = CARTESIAN_POINT('',(-140.4942901617,-69.12571387686,
    114.02162868009));
#794 = CARTESIAN_POINT('',(-137.4482208537,-69.12571387686,
    114.28318536371));
#795 = CARTESIAN_POINT('',(-134.4049803305,-69.12571387686,
    113.68782913097));
#796 = CARTESIAN_POINT('',(-131.260957067,-69.12571387686,
    112.15990148695));
#797 = CARTESIAN_POINT('',(-128.2097768072,-69.12571387686,
    110.60520249798));
#798 = CARTESIAN_POINT('',(-125.1317400911,-69.12571387686,
    109.02615267511));
#799 = CARTESIAN_POINT('',(-121.7828599083,-69.12571387686,
    107.51569364769));
#800 = CARTESIAN_POINT('',(-118.7216058835,-69.12571387686,
    108.01624250267));
#801 = CARTESIAN_POINT('',(-115.5420323229,-69.12571387686,
    107.88396939772));
#802 = CARTESIAN_POINT('',(-112.4528648836,-69.12571387686,
    108.03290078812));
#803 = CARTESIAN_POINT('',(-109.3040734641,-69.12571387686,
    107.97721464307));
#804 = CARTESIAN_POINT('',(-106.2006800342,-69.12571387686,
    107.94641416646));
#805 = CARTESIAN_POINT('',(-103.049220273,-69.12571387686,
    107.91744768012));
#806 = CARTESIAN_POINT('',(-99.94497584182,-69.12571387686,
    107.62133228048));
#807 = CARTESIAN_POINT('',(-96.65251730109,-69.12571387686,
    109.14268508213));
#808 = CARTESIAN_POINT('',(-93.57852523436,-69.12571387686,
    110.70994059873));
#809 = CARTESIAN_POINT('',(-90.50838704351,-69.12571387686,
    112.28251304104));
#810 = CARTESIAN_POINT('',(-87.38288840939,-69.12571387686,
    113.7403023551));
#811 = CARTESIAN_POINT('',(-84.31785444875,-69.12571387686,
    114.25061214319));
#812 = CARTESIAN_POINT('',(-81.24214244136,-69.12571387686,
    114.10779190903));
#813 = CARTESIAN_POINT('',(-78.12960500485,-69.12571387686,
    115.07408973538));
#814 = CARTESIAN_POINT('',(-74.96906529328,-69.12571387686,
    115.77632418638));
#815 = CARTESIAN_POINT('',(-71.73799895759,-69.12571387686,
    115.73608533574));
#816 = CARTESIAN_POINT('',(-68.60106908076,-69.12571387686,
    115.03847291547));
#817 = CARTESIAN_POINT('',(-65.56017338006,-69.12571387686,
    113.7506751742));
#818 = CARTESIAN_POINT('',(-62.51301691864,-69.12571387686,
    114.3173416866));
#819 = CARTESIAN_POINT('',(-59.44661269167,-69.12571387686,
    113.23860889061));
#820 = CARTESIAN_POINT('',(-56.2794693162,-69.12571387686,
    111.65971458361));
#821 = CARTESIAN_POINT('',(-53.30015135599,-69.12571387686,
    110.26497917223));
#822 = CARTESIAN_POINT('',(-50.09160903077,-69.12571387686,
    108.22921375817));
#823 = CARTESIAN_POINT('',(-46.82988298107,-69.12571387686,
    107.71564304841));
#824 = CARTESIAN_POINT('',(-43.75098561487,-69.12571387686,
    107.93092970576));
#825 = CARTESIAN_POINT('',(-40.59022498144,-69.12571387686,
    107.98189661982));
#826 = CARTESIAN_POINT('',(-37.48657799801,-69.12571387686,
    107.97505396808));
#827 = CARTESIAN_POINT('',(-34.35349204993,-69.12571387686,
    108.01330166721));
#828 = CARTESIAN_POINT('',(-31.22924211799,-69.12571387686,
    107.90263914114));
#829 = CARTESIAN_POINT('',(-28.10496678474,-69.12571387686,
    107.86991020126));
#830 = CARTESIAN_POINT('',(-24.94210454386,-69.12571387686,
    107.75266992521));
#831 = CARTESIAN_POINT('',(-21.65395320521,-69.12571387686,
    109.81908953872));
#832 = CARTESIAN_POINT('',(-18.66692496727,-69.12571387686,
    111.17120293779));
#833 = CARTESIAN_POINT('',(-15.52415536771,-69.12571387686,
    112.77485081723));
#834 = CARTESIAN_POINT('',(-12.42987744782,-69.12571387686,
    114.08689887002));
#835 = CARTESIAN_POINT('',(-9.377596847078,-69.12571387686,
    113.99836890221));
#836 = CARTESIAN_POINT('',(-6.312968134846,-69.12571387686,
    114.62960074213));
#837 = CARTESIAN_POINT('',(-3.20273059646,-69.12571387686,
    115.18681884495));
#838 = CARTESIAN_POINT('',(-2.775557561563E-17,-69.12571387686,
    116.04308694129));
#839 = CARTESIAN_POINT('',(3.20273059646,-69.12571387686,115.18681884495
    ));
#840 = CARTESIAN_POINT('',(6.312968134846,-69.12571387686,
    114.62960074213));
#841 = CARTESIAN_POINT('',(9.377596847079,-69.12571387686,
    113.99836890221));
#842 = CARTESIAN_POINT('',(12.429877447828,-69.12571387686,
    114.08689887002));
#843 = CARTESIAN_POINT('',(15.524155367714,-69.12571387686,
    112.77485081723));
#844 = CARTESIAN_POINT('',(18.666924967278,-69.12571387686,
    111.17120293779));
#845 = CARTESIAN_POINT('',(21.653953205212,-69.12571387686,
    109.81908953872));
#846 = CARTESIAN_POINT('',(24.942104543866,-69.12571387686,
    107.75266992521));
#847 = CARTESIAN_POINT('',(28.104966784746,-69.12571387686,
    107.86991020126));
#848 = CARTESIAN_POINT('',(31.229242117991,-69.12571387686,
    107.90263914114));
#849 = CARTESIAN_POINT('',(34.353492049937,-69.12571387686,
    108.01330166721));
#850 = CARTESIAN_POINT('',(37.486577998015,-69.12571387686,
    107.97505396808));
#851 = CARTESIAN_POINT('',(40.59022498144,-69.12571387686,
    107.98189661982));
#852 = CARTESIAN_POINT('',(43.75098561487,-69.12571387686,
    107.93092970576));
#853 = CARTESIAN_POINT('',(46.829882981071,-69.12571387686,
    107.71564304841));
#854 = CARTESIAN_POINT('',(50.091609030777,-69.12571387686,
    108.22921375817));
#855 = CARTESIAN_POINT('',(53.30015135599,-69.12571387686,
    110.26497917223));
#856 = CARTESIAN_POINT('',(56.279469316209,-69.12571387686,
    111.65971458362));
#857 = CARTESIAN_POINT('',(59.446612691677,-69.12571387686,
    113.23860889061));
#858 = CARTESIAN_POINT('',(62.513016918644,-69.12571387686,
    114.3173416866));
#859 = CARTESIAN_POINT('',(65.560173380066,-69.12571387686,
    113.75067517419));
#860 = CARTESIAN_POINT('',(68.601069080765,-69.12571387686,
    115.03847291547));
#861 = CARTESIAN_POINT('',(71.73799895759,-69.12571387686,
    115.73608533574));
#862 = CARTESIAN_POINT('',(74.96906529328,-69.12571387686,
    115.77632418638));
#863 = CARTESIAN_POINT('',(78.129605004858,-69.12571387686,
    115.07408973538));
#864 = CARTESIAN_POINT('',(81.242142441362,-69.12571387686,
    114.10779190903));
#865 = CARTESIAN_POINT('',(84.317854448758,-69.12571387686,
    114.25061214319));
#866 = CARTESIAN_POINT('',(87.382888409396,-69.12571387686,
    113.7403023551));
#867 = CARTESIAN_POINT('',(90.508387043519,-69.12571387686,
    112.28251304104));
#868 = CARTESIAN_POINT('',(93.578525234368,-69.12571387686,
    110.70994059873));
#869 = CARTESIAN_POINT('',(96.652517301093,-69.12571387686,
    109.14268508213));
#870 = CARTESIAN_POINT('',(99.944975841828,-69.12571387686,
    107.62133228048));
#871 = CARTESIAN_POINT('',(103.04922027307,-69.12571387686,
    107.91744768012));
#872 = CARTESIAN_POINT('',(106.20068003424,-69.12571387686,
    107.94641416646));
#873 = CARTESIAN_POINT('',(109.30407346416,-69.12571387686,
    107.97721464307));
#874 = CARTESIAN_POINT('',(112.45286488365,-69.12571387686,
    108.03290078812));
#875 = CARTESIAN_POINT('',(115.54203232296,-69.12571387686,
    107.88396939771));
#876 = CARTESIAN_POINT('',(118.72160588355,-69.12571387686,
    108.01624250267));
#877 = CARTESIAN_POINT('',(121.78285990839,-69.12571387686,
    107.5156936477));
#878 = CARTESIAN_POINT('',(125.13174009112,-69.12571387686,
    109.02615267511));
#879 = CARTESIAN_POINT('',(128.20977680725,-69.12571387686,
    110.60520249798));
#880 = CARTESIAN_POINT('',(131.26095706703,-69.12571387686,
    112.15990148695));
#881 = CARTESIAN_POINT('',(134.40498033054,-69.12571387686,
    113.68782913097));
#882 = CARTESIAN_POINT('',(137.44822085371,-69.12571387686,
    114.28318536371));
#883 = CARTESIAN_POINT('',(140.49429016176,-69.12571387686,
    114.02162868009));
#884 = CARTESIAN_POINT('',(143.49462910383,-69.12571387686,
    114.9788883062));
#885 = CARTESIAN_POINT('',(146.72417797021,-69.12571387686,
    115.77127967226));
#886 = CARTESIAN_POINT('',(149.94825449589,-69.12571387686,
    115.7499069627));
#887 = CARTESIAN_POINT('',(153.05902197354,-69.12571387686,
    115.11514663743));
#888 = CARTESIAN_POINT('',(156.1823448947,-69.12571387686,
    113.86388655358));
#889 = CARTESIAN_POINT('',(159.26349640411,-69.12571387686,
    114.26072586832));
#890 = CARTESIAN_POINT('',(162.34239928535,-69.12571387686,
    113.32972015251));
#891 = CARTESIAN_POINT('',(165.48445737214,-69.12571387686,
    111.78006386012));
#892 = CARTESIAN_POINT('',(168.50570143136,-69.12571387686,
    110.35365976824));
#893 = CARTESIAN_POINT('',(171.66933616698,-69.12571387686,
    108.39033393067));
#894 = CARTESIAN_POINT('',(174.91178962354,-69.12571387686,
    107.70797486998));
#895 = CARTESIAN_POINT('',(178.01225428055,-69.12571387686,
    107.90747483863));
#896 = CARTESIAN_POINT('',(181.15590657147,-69.12571387686,
    107.99662194676));
#897 = CARTESIAN_POINT('',(184.27126615396,-69.12571387686,
    107.94938746184));
#898 = CARTESIAN_POINT('',(187.39790359724,-69.12571387686,
    108.05616344947));
#899 = CARTESIAN_POINT('',(190.52385449579,-69.12571387686,
    107.84148523931));
#900 = CARTESIAN_POINT('',(193.65028817727,-69.12571387686,
    107.98635823386));
#901 = CARTESIAN_POINT('',(196.80392382223,-69.12571387686,
    107.57803204669));
#902 = CARTESIAN_POINT('',(199.94392637543,-69.12571387686,
    109.62391553699));
#903 = CARTESIAN_POINT('',(203.16177795814,-69.12571387686,
    111.09830471487));
#904 = CARTESIAN_POINT('',(206.35231406763,-69.12571387686,
    112.69112599386));
#905 = CARTESIAN_POINT('',(209.36825782326,-69.12571387686,
    114.11122575527));
#906 = CARTESIAN_POINT('',(212.37959561216,-69.12571387686,
    113.94472849527));
#907 = CARTESIAN_POINT('',(215.39238910851,-69.12571387686,
    114.58790676186));
#908 = CARTESIAN_POINT('',(218.421822624,-69.12571387686,115.07573909997
    ));
#909 = CARTESIAN_POINT('',(221.7261930939,-69.12571387686,
    116.01768179801));
#910 = CARTESIAN_POINT('',(224.87045067835,-69.12571387686,
    116.26523069907));
#911 = CARTESIAN_POINT('',(228.,-69.12571387686,116.));
#912 = CARTESIAN_POINT('',(-227.9999999999,-66.40839695253,
    115.99999999999));
#913 = CARTESIAN_POINT('',(-224.8704506783,-66.40839695253,
    116.12465281756));
#914 = CARTESIAN_POINT('',(-221.7261930938,-66.40839695253,
    115.61279102006));
#915 = CARTESIAN_POINT('',(-218.4218226239,-66.40839695253,
    114.86875061394));
#916 = CARTESIAN_POINT('',(-215.3923891085,-66.40839695253,
    114.04381242608));
#917 = CARTESIAN_POINT('',(-212.3795956121,-66.40839695253,
    113.89772993679));
#918 = CARTESIAN_POINT('',(-209.3682578232,-66.40839695253,
    111.30176435632));
#919 = CARTESIAN_POINT('',(-206.3523140676,-66.40839695253,
    108.30897915604));
#920 = CARTESIAN_POINT('',(-203.1617779581,-66.40839695253,
    105.13589081863));
#921 = CARTESIAN_POINT('',(-199.9439263754,-66.40839695253,
    102.51644669071));
#922 = CARTESIAN_POINT('',(-196.8039238222,-66.40839695253,
    102.05208321264));
#923 = CARTESIAN_POINT('',(-193.6502881772,-66.40839695253,
    99.728617527614));
#924 = CARTESIAN_POINT('',(-190.5238544957,-66.40839695253,
    99.120202188789));
#925 = CARTESIAN_POINT('',(-187.3979035972,-66.40839695253,
    98.651269839628));
#926 = CARTESIAN_POINT('',(-184.2712661539,-66.40839695253,
    98.792451344741));
#927 = CARTESIAN_POINT('',(-181.1559065714,-66.40839695253,
    98.755309564326));
#928 = CARTESIAN_POINT('',(-178.0122542805,-66.40839695253,
    99.326987748796));
#929 = CARTESIAN_POINT('',(-174.9117896235,-66.40839695253,
    100.76292522343));
#930 = CARTESIAN_POINT('',(-171.6693361669,-66.40839695253,
    102.38331194572));
#931 = CARTESIAN_POINT('',(-168.5057014313,-66.40839695253,
    103.65853926723));
#932 = CARTESIAN_POINT('',(-165.4844573721,-66.40839695253,
    106.44856487725));
#933 = CARTESIAN_POINT('',(-162.3423992853,-66.40839695253,
    109.63595130373));
#934 = CARTESIAN_POINT('',(-159.2634964041,-66.40839695253,
    112.52400664417));
#935 = CARTESIAN_POINT('',(-156.1823448947,-66.40839695253,
    114.29043875576));
#936 = CARTESIAN_POINT('',(-153.0590219735,-66.40839695253,
    114.12864093562));
#937 = CARTESIAN_POINT('',(-149.9482544959,-66.40839695253,
    114.90698351665));
#938 = CARTESIAN_POINT('',(-146.7241779702,-66.40839695253,
    115.43569168758));
#939 = CARTESIAN_POINT('',(-143.4946291038,-66.40839695253,
    114.52309882814));
#940 = CARTESIAN_POINT('',(-140.4942901617,-66.40839695253,
    114.35296314105));
#941 = CARTESIAN_POINT('',(-137.4482208537,-66.40839695253,
    113.16402978422));
#942 = CARTESIAN_POINT('',(-134.4049803305,-66.40839695253,
    110.38982283578));
#943 = CARTESIAN_POINT('',(-131.260957067,-66.40839695253,
    107.18476000194));
#944 = CARTESIAN_POINT('',(-128.2097768072,-66.40839695253,
    104.32372019931));
#945 = CARTESIAN_POINT('',(-125.1317400911,-66.40839695253,
    102.38669102315));
#946 = CARTESIAN_POINT('',(-121.7828599083,-66.40839695253,
    101.37326065942));
#947 = CARTESIAN_POINT('',(-118.7216058835,-66.40839695253,
    99.410405027821));
#948 = CARTESIAN_POINT('',(-115.5420323229,-66.40839695253,
    98.924801896281));
#949 = CARTESIAN_POINT('',(-112.4528648836,-66.40839695253,98.7006390286
    ));
#950 = CARTESIAN_POINT('',(-109.3040734641,-66.40839695253,
    98.742945069465));
#951 = CARTESIAN_POINT('',(-106.2006800342,-66.40839695253,
    98.893578799608));
#952 = CARTESIAN_POINT('',(-103.049220273,-66.40839695253,99.58878441251
    ));
#953 = CARTESIAN_POINT('',(-99.94497584182,-66.40839695253,
    101.44911365682));
#954 = CARTESIAN_POINT('',(-96.65251730109,-66.40839695253,
    102.49875391618));
#955 = CARTESIAN_POINT('',(-93.57852523436,-66.40839695253,
    104.52047252803));
#956 = CARTESIAN_POINT('',(-90.50838704351,-66.40839695253,
    107.42026990526));
#957 = CARTESIAN_POINT('',(-87.38288840939,-66.40839695253,
    110.59931117675));
#958 = CARTESIAN_POINT('',(-84.31785444875,-66.40839695253,
    113.26628494674));
#959 = CARTESIAN_POINT('',(-81.24214244136,-66.40839695253,
    114.36031255214));
#960 = CARTESIAN_POINT('',(-78.12960500485,-66.40839695253,
    114.63460000567));
#961 = CARTESIAN_POINT('',(-74.96906529327,-66.40839695253,
    115.3979320503));
#962 = CARTESIAN_POINT('',(-71.73799895758,-66.40839695253,
    114.8495706519));
#963 = CARTESIAN_POINT('',(-68.60106908076,-66.40839695253,
    114.04052021907));
#964 = CARTESIAN_POINT('',(-65.56017338006,-66.40839695253,
    114.32165333382));
#965 = CARTESIAN_POINT('',(-62.51301691864,-66.40839695253,
    112.36187824653));
#966 = CARTESIAN_POINT('',(-59.44661269167,-66.40839695253,
    109.4275174094));
#967 = CARTESIAN_POINT('',(-56.2794693162,-66.40839695253,
    106.20765079141));
#968 = CARTESIAN_POINT('',(-53.30015135599,-66.40839695253,
    103.48575238574));
#969 = CARTESIAN_POINT('',(-50.09160903077,-66.40839695253,
    102.32485739624));
#970 = CARTESIAN_POINT('',(-46.82988298107,-66.40839695253,
    100.59976513471));
#971 = CARTESIAN_POINT('',(-43.75098561487,-66.40839695253,
    99.24291741852));
#972 = CARTESIAN_POINT('',(-40.59022498143,-66.40839695253,
    98.756178091999));
#973 = CARTESIAN_POINT('',(-37.48657799801,-66.40839695253,
    98.76799159299));
#974 = CARTESIAN_POINT('',(-34.35349204993,-66.40839695253,
    98.702284942418));
#975 = CARTESIAN_POINT('',(-31.22924211799,-66.40839695253,
    99.07550441748));
#976 = CARTESIAN_POINT('',(-28.10496678474,-66.40839695253,
    99.991622202928));
#977 = CARTESIAN_POINT('',(-24.94210454386,-66.40839695253,
    102.01590820545));
#978 = CARTESIAN_POINT('',(-21.65395320521,-66.40839695253,
    102.81986505799));
#979 = CARTESIAN_POINT('',(-18.66692496727,-66.40839695253,
    105.31594806331));
#980 = CARTESIAN_POINT('',(-15.52415536771,-66.40839695253,
    108.42789604621));
#981 = CARTESIAN_POINT('',(-12.42987744782,-66.40839695253,
    111.51223361145));
#982 = CARTESIAN_POINT('',(-9.377596847078,-66.40839695253,
    113.90148826197));
#983 = CARTESIAN_POINT('',(-6.312968134846,-66.40839695253,
    114.12556785152));
#984 = CARTESIAN_POINT('',(-3.20273059646,-66.40839695253,
    114.95839938927));
#985 = CARTESIAN_POINT('',(-2.775557561563E-17,-66.40839695253,
    115.59381796297));
#986 = CARTESIAN_POINT('',(3.20273059646,-66.40839695253,114.95839938927
    ));
#987 = CARTESIAN_POINT('',(6.312968134846,-66.40839695253,
    114.12556785152));
#988 = CARTESIAN_POINT('',(9.377596847078,-66.40839695253,
    113.90148826197));
#989 = CARTESIAN_POINT('',(12.429877447828,-66.40839695253,
    111.51223361145));
#990 = CARTESIAN_POINT('',(15.524155367714,-66.40839695253,
    108.42789604621));
#991 = CARTESIAN_POINT('',(18.666924967278,-66.40839695253,
    105.31594806331));
#992 = CARTESIAN_POINT('',(21.653953205213,-66.40839695253,
    102.81986505799));
#993 = CARTESIAN_POINT('',(24.942104543865,-66.40839695253,
    102.01590820545));
#994 = CARTESIAN_POINT('',(28.104966784746,-66.40839695253,
    99.991622202928));
#995 = CARTESIAN_POINT('',(31.229242117992,-66.40839695253,
    99.075504417479));
#996 = CARTESIAN_POINT('',(34.353492049937,-66.40839695253,
    98.702284942418));
#997 = CARTESIAN_POINT('',(37.486577998015,-66.40839695253,
    98.76799159299));
#998 = CARTESIAN_POINT('',(40.590224981439,-66.40839695253,
    98.756178091999));
#999 = CARTESIAN_POINT('',(43.75098561487,-66.40839695253,
    99.242917418522));
#1000 = CARTESIAN_POINT('',(46.82988298107,-66.40839695253,
    100.59976513471));
#1001 = CARTESIAN_POINT('',(50.091609030777,-66.40839695253,
    102.32485739624));
#1002 = CARTESIAN_POINT('',(53.30015135599,-66.40839695253,
    103.48575238574));
#1003 = CARTESIAN_POINT('',(56.279469316208,-66.40839695253,
    106.20765079141));
#1004 = CARTESIAN_POINT('',(59.446612691677,-66.40839695253,
    109.4275174094));
#1005 = CARTESIAN_POINT('',(62.513016918643,-66.40839695253,
    112.36187824653));
#1006 = CARTESIAN_POINT('',(65.560173380067,-66.40839695253,
    114.32165333382));
#1007 = CARTESIAN_POINT('',(68.601069080766,-66.40839695253,
    114.04052021907));
#1008 = CARTESIAN_POINT('',(71.737998957589,-66.40839695253,
    114.8495706519));
#1009 = CARTESIAN_POINT('',(74.969065293278,-66.40839695253,
    115.3979320503));
#1010 = CARTESIAN_POINT('',(78.129605004858,-66.40839695253,
    114.63460000567));
#1011 = CARTESIAN_POINT('',(81.242142441361,-66.40839695253,
    114.36031255214));
#1012 = CARTESIAN_POINT('',(84.317854448755,-66.40839695253,
    113.26628494674));
#1013 = CARTESIAN_POINT('',(87.382888409396,-66.40839695253,
    110.59931117675));
#1014 = CARTESIAN_POINT('',(90.508387043519,-66.40839695253,
    107.42026990526));
#1015 = CARTESIAN_POINT('',(93.578525234369,-66.40839695253,
    104.52047252803));
#1016 = CARTESIAN_POINT('',(96.652517301093,-66.40839695253,
    102.49875391618));
#1017 = CARTESIAN_POINT('',(99.944975841828,-66.40839695253,
    101.44911365682));
#1018 = CARTESIAN_POINT('',(103.04922027306,-66.40839695253,
    99.58878441251));
#1019 = CARTESIAN_POINT('',(106.20068003424,-66.40839695253,
    98.893578799608));
#1020 = CARTESIAN_POINT('',(109.30407346416,-66.40839695253,
    98.742945069465));
#1021 = CARTESIAN_POINT('',(112.45286488364,-66.40839695253,
    98.700639028602));
#1022 = CARTESIAN_POINT('',(115.54203232295,-66.40839695253,
    98.924801896281));
#1023 = CARTESIAN_POINT('',(118.72160588355,-66.40839695253,
    99.410405027823));
#1024 = CARTESIAN_POINT('',(121.78285990839,-66.40839695253,
    101.37326065942));
#1025 = CARTESIAN_POINT('',(125.13174009112,-66.40839695253,
    102.38669102314));
#1026 = CARTESIAN_POINT('',(128.20977680724,-66.40839695253,
    104.32372019931));
#1027 = CARTESIAN_POINT('',(131.26095706703,-66.40839695253,
    107.18476000194));
#1028 = CARTESIAN_POINT('',(134.40498033054,-66.40839695253,
    110.38982283578));
#1029 = CARTESIAN_POINT('',(137.44822085371,-66.40839695253,
    113.16402978422));
#1030 = CARTESIAN_POINT('',(140.49429016176,-66.40839695253,
    114.35296314105));
#1031 = CARTESIAN_POINT('',(143.49462910383,-66.40839695253,
    114.52309882814));
#1032 = CARTESIAN_POINT('',(146.72417797021,-66.40839695253,
    115.43569168758));
#1033 = CARTESIAN_POINT('',(149.9482544959,-66.40839695253,
    114.90698351665));
#1034 = CARTESIAN_POINT('',(153.05902197354,-66.40839695253,
    114.12864093562));
#1035 = CARTESIAN_POINT('',(156.1823448947,-66.40839695253,
    114.29043875576));
#1036 = CARTESIAN_POINT('',(159.26349640411,-66.40839695253,
    112.52400664417));
#1037 = CARTESIAN_POINT('',(162.34239928534,-66.40839695253,
    109.63595130373));
#1038 = CARTESIAN_POINT('',(165.48445737214,-66.40839695253,
    106.44856487725));
#1039 = CARTESIAN_POINT('',(168.50570143136,-66.40839695253,
    103.65853926723));
#1040 = CARTESIAN_POINT('',(171.66933616697,-66.40839695253,
    102.38331194572));
#1041 = CARTESIAN_POINT('',(174.91178962355,-66.40839695253,
    100.76292522343));
#1042 = CARTESIAN_POINT('',(178.01225428054,-66.40839695253,
    99.326987748797));
#1043 = CARTESIAN_POINT('',(181.15590657147,-66.40839695253,
    98.755309564327));
#1044 = CARTESIAN_POINT('',(184.27126615396,-66.40839695253,
    98.79245134474));
#1045 = CARTESIAN_POINT('',(187.39790359723,-66.40839695253,
    98.65126983963));
#1046 = CARTESIAN_POINT('',(190.52385449579,-66.40839695253,
    99.120202188788));
#1047 = CARTESIAN_POINT('',(193.65028817727,-66.40839695253,
    99.728617527613));
#1048 = CARTESIAN_POINT('',(196.80392382223,-66.40839695253,
    102.05208321264));
#1049 = CARTESIAN_POINT('',(199.94392637543,-66.40839695253,
    102.51644669071));
#1050 = CARTESIAN_POINT('',(203.16177795815,-66.40839695253,
    105.13589081863));
#1051 = CARTESIAN_POINT('',(206.35231406763,-66.40839695253,
    108.30897915604));
#1052 = CARTESIAN_POINT('',(209.36825782326,-66.40839695253,
    111.30176435632));
#1053 = CARTESIAN_POINT('',(212.37959561216,-66.40839695253,
    113.89772993679));
#1054 = CARTESIAN_POINT('',(215.39238910851,-66.40839695253,
    114.04381242608));
#1055 = CARTESIAN_POINT('',(218.421822624,-66.40839695253,
    114.86875061395));
#1056 = CARTESIAN_POINT('',(221.72619309389,-66.40839695253,
    115.61279102006));
#1057 = CARTESIAN_POINT('',(224.87045067834,-66.40839695253,
    116.12465281756));
#1058 = CARTESIAN_POINT('',(227.99999999999,-66.40839695253,
    115.99999999999));
#1059 = CARTESIAN_POINT('',(-228.,-63.37479062957,116.));
#1060 = CARTESIAN_POINT('',(-224.8704506783,-63.37479062957,
    115.99997660332));
#1061 = CARTESIAN_POINT('',(-221.7261930938,-63.37479062957,
    115.22664388042));
#1062 = CARTESIAN_POINT('',(-218.421822624,-63.37479062957,
    113.99988035498));
#1063 = CARTESIAN_POINT('',(-215.3923891085,-63.37479062957,
    113.72184691898));
#1064 = CARTESIAN_POINT('',(-212.3795956121,-63.37479062957,
    110.38135499427));
#1065 = CARTESIAN_POINT('',(-209.3682578232,-63.37479062957,
    105.74050379491));
#1066 = CARTESIAN_POINT('',(-206.3523140676,-63.37479062957,
    100.73358993628));
#1067 = CARTESIAN_POINT('',(-203.1617779581,-63.37479062957,
    96.006780703328));
#1068 = CARTESIAN_POINT('',(-199.9439263754,-63.37479062957,
    92.398178753951));
#1069 = CARTESIAN_POINT('',(-196.8039238222,-63.37479062957,
    88.754484844524));
#1070 = CARTESIAN_POINT('',(-193.6502881772,-63.37479062957,
    88.765353692281));
#1071 = CARTESIAN_POINT('',(-190.5238544957,-63.37479062957,
    88.358521677012));
#1072 = CARTESIAN_POINT('',(-187.3979035972,-63.37479062957,
    88.585084755062));
#1073 = CARTESIAN_POINT('',(-184.2712661539,-63.37479062957,
    88.447638244221));
#1074 = CARTESIAN_POINT('',(-181.1559065714,-63.37479062957,
    88.51505870598));
#1075 = CARTESIAN_POINT('',(-178.0122542805,-63.37479062957,
    88.523742526085));
#1076 = CARTESIAN_POINT('',(-174.9117896235,-63.37479062957,
    88.594709157346));
#1077 = CARTESIAN_POINT('',(-171.6693361669,-63.37479062957,
    90.231342837593));
#1078 = CARTESIAN_POINT('',(-168.5057014313,-63.37479062957,
    94.102198804051));
#1079 = CARTESIAN_POINT('',(-165.4844573721,-63.37479062957,
    97.922017016389));
#1080 = CARTESIAN_POINT('',(-162.3423992853,-63.37479062957,
    102.88378004191));
#1081 = CARTESIAN_POINT('',(-159.2634964041,-63.37479062957,
    107.9192831634));
#1082 = CARTESIAN_POINT('',(-156.1823448947,-63.37479062957,
    112.09275266386));
#1083 = CARTESIAN_POINT('',(-153.0590219735,-63.37479062957,
    114.09032478626));
#1084 = CARTESIAN_POINT('',(-149.9482544959,-63.37479062957,
    114.8457056763));
#1085 = CARTESIAN_POINT('',(-146.7241779702,-63.37479062957,
    114.84173406518));
#1086 = CARTESIAN_POINT('',(-143.4946291038,-63.37479062957,
    113.90103256172));
#1087 = CARTESIAN_POINT('',(-140.4942901617,-63.37479062957,
    112.9689386643));
#1088 = CARTESIAN_POINT('',(-137.4482208537,-63.37479062957,
    109.02849272468));
#1089 = CARTESIAN_POINT('',(-134.4049803305,-63.37479062957,
    104.13125171193));
#1090 = CARTESIAN_POINT('',(-131.260957067,-63.37479062957,
    99.012613892126));
#1091 = CARTESIAN_POINT('',(-128.2097768072,-63.37479062957,
    94.800600014371));
#1092 = CARTESIAN_POINT('',(-125.1317400911,-63.37479062957,
    91.319598516614));
#1093 = CARTESIAN_POINT('',(-121.7828599083,-63.37479062957,
    88.448213370324));
#1094 = CARTESIAN_POINT('',(-118.7216058835,-63.37479062957,
    88.728053531698));
#1095 = CARTESIAN_POINT('',(-115.5420323229,-63.37479062957,
    88.374399266454));
#1096 = CARTESIAN_POINT('',(-112.4528648836,-63.37479062957,
    88.560766432475));
#1097 = CARTESIAN_POINT('',(-109.3040734641,-63.37479062957,
    88.479910907821));
#1098 = CARTESIAN_POINT('',(-106.2006800342,-63.37479062957,
    88.469465862869));
#1099 = CARTESIAN_POINT('',(-103.049220273,-63.37479062957,
    88.613100201659));
#1100 = CARTESIAN_POINT('',(-99.94497584182,-63.37479062957,
    88.64722310116));
#1101 = CARTESIAN_POINT('',(-96.65251730109,-63.37479062957,
    91.559684246847));
#1102 = CARTESIAN_POINT('',(-93.57852523436,-63.37479062957,
    95.077085510347));
#1103 = CARTESIAN_POINT('',(-90.50838704351,-63.37479062957,
    99.388555578377));
#1104 = CARTESIAN_POINT('',(-87.38288840939,-63.37479062957,
    104.47864888299));
#1105 = CARTESIAN_POINT('',(-84.31785444875,-63.37479062957,
    109.36098629436));
#1106 = CARTESIAN_POINT('',(-81.24214244136,-63.37479062957,
    113.05112720259));
#1107 = CARTESIAN_POINT('',(-78.12960500485,-63.37479062957,
    114.01394456173));
#1108 = CARTESIAN_POINT('',(-74.96906529328,-63.37479062957,
    114.85025902037));
#1109 = CARTESIAN_POINT('',(-71.73799895759,-63.37479062957,
    114.8316299287));
#1110 = CARTESIAN_POINT('',(-68.60106908076,-63.37479062957,
    113.99873540176));
#1111 = CARTESIAN_POINT('',(-65.56017338006,-63.37479062957,
    111.90680522044));
#1112 = CARTESIAN_POINT('',(-62.51301691864,-63.37479062957,
    107.58558919924));
#1113 = CARTESIAN_POINT('',(-59.44661269167,-63.37479062957,
    102.53173272385));
#1114 = CARTESIAN_POINT('',(-56.2794693162,-63.37479062957,
    97.55469937799));
#1115 = CARTESIAN_POINT('',(-53.30015135599,-63.37479062957,
    93.878089546599));
#1116 = CARTESIAN_POINT('',(-50.09160903077,-63.37479062957,
    89.933414858368));
#1117 = CARTESIAN_POINT('',(-46.82988298107,-63.37479062957,
    88.56355691909));
#1118 = CARTESIAN_POINT('',(-43.75098561487,-63.37479062957,
    88.537898218274));
#1119 = CARTESIAN_POINT('',(-40.59022498144,-63.37479062957,
    88.49234704439));
#1120 = CARTESIAN_POINT('',(-37.48657799801,-63.37479062957,
    88.482069714993));
#1121 = CARTESIAN_POINT('',(-34.35349204993,-63.37479062957,
    88.529652358799));
#1122 = CARTESIAN_POINT('',(-31.22924211799,-63.37479062957,
    88.445372228217));
#1123 = CARTESIAN_POINT('',(-28.10496678474,-63.37479062957,
    88.648212336561));
#1124 = CARTESIAN_POINT('',(-24.94210454386,-63.37479062957,
    89.033242811008));
#1125 = CARTESIAN_POINT('',(-21.65395320521,-63.37479062957,
    92.848366805357));
#1126 = CARTESIAN_POINT('',(-18.66692496727,-63.37479062957,
    96.244589356386));
#1127 = CARTESIAN_POINT('',(-15.52415536771,-63.37479062957,
    100.94364847517));
#1128 = CARTESIAN_POINT('',(-12.42987744782,-63.37479062957,
    106.05902594806));
#1129 = CARTESIAN_POINT('',(-9.377596847078,-63.37479062957,
    110.69300558986));
#1130 = CARTESIAN_POINT('',(-6.312968134846,-63.37479062957,
    113.73575071038));
#1131 = CARTESIAN_POINT('',(-3.20273059646,-63.37479062957,
    114.15073531595));
#1132 = CARTESIAN_POINT('',(-2.775557561563E-17,-63.37479062957,
    115.1635502835));
#1133 = CARTESIAN_POINT('',(3.20273059646,-63.37479062957,
    114.15073531595));
#1134 = CARTESIAN_POINT('',(6.312968134846,-63.37479062957,
    113.73575071038));
#1135 = CARTESIAN_POINT('',(9.377596847079,-63.37479062957,
    110.69300558986));
#1136 = CARTESIAN_POINT('',(12.429877447828,-63.37479062957,
    106.05902594806));
#1137 = CARTESIAN_POINT('',(15.524155367714,-63.37479062957,
    100.94364847517));
#1138 = CARTESIAN_POINT('',(18.666924967278,-63.37479062957,
    96.244589356386));
#1139 = CARTESIAN_POINT('',(21.653953205212,-63.37479062957,
    92.848366805358));
#1140 = CARTESIAN_POINT('',(24.942104543866,-63.37479062957,
    89.033242811009));
#1141 = CARTESIAN_POINT('',(28.104966784746,-63.37479062957,
    88.648212336561));
#1142 = CARTESIAN_POINT('',(31.229242117991,-63.37479062957,
    88.445372228217));
#1143 = CARTESIAN_POINT('',(34.353492049937,-63.37479062957,
    88.529652358798));
#1144 = CARTESIAN_POINT('',(37.486577998015,-63.37479062957,
    88.482069714993));
#1145 = CARTESIAN_POINT('',(40.59022498144,-63.37479062957,
    88.49234704439));
#1146 = CARTESIAN_POINT('',(43.75098561487,-63.37479062957,
    88.537898218273));
#1147 = CARTESIAN_POINT('',(46.829882981071,-63.37479062957,
    88.563556919088));
#1148 = CARTESIAN_POINT('',(50.091609030777,-63.37479062957,
    89.933414858367));
#1149 = CARTESIAN_POINT('',(53.30015135599,-63.37479062957,
    93.878089546599));
#1150 = CARTESIAN_POINT('',(56.279469316209,-63.37479062957,
    97.554699377991));
#1151 = CARTESIAN_POINT('',(59.446612691677,-63.37479062957,
    102.53173272384));
#1152 = CARTESIAN_POINT('',(62.513016918644,-63.37479062957,
    107.58558919924));
#1153 = CARTESIAN_POINT('',(65.560173380066,-63.37479062957,
    111.90680522044));
#1154 = CARTESIAN_POINT('',(68.601069080764,-63.37479062957,
    113.99873540176));
#1155 = CARTESIAN_POINT('',(71.73799895759,-63.37479062957,
    114.8316299287));
#1156 = CARTESIAN_POINT('',(74.969065293281,-63.37479062957,
    114.85025902037));
#1157 = CARTESIAN_POINT('',(78.129605004858,-63.37479062957,
    114.01394456173));
#1158 = CARTESIAN_POINT('',(81.242142441362,-63.37479062957,
    113.05112720259));
#1159 = CARTESIAN_POINT('',(84.317854448758,-63.37479062957,
    109.36098629435));
#1160 = CARTESIAN_POINT('',(87.382888409396,-63.37479062957,
    104.47864888299));
#1161 = CARTESIAN_POINT('',(90.508387043519,-63.37479062957,
    99.388555578377));
#1162 = CARTESIAN_POINT('',(93.578525234368,-63.37479062957,
    95.077085510348));
#1163 = CARTESIAN_POINT('',(96.652517301093,-63.37479062957,
    91.559684246845));
#1164 = CARTESIAN_POINT('',(99.944975841828,-63.37479062957,
    88.647223101161));
#1165 = CARTESIAN_POINT('',(103.04922027307,-63.37479062957,
    88.613100201659));
#1166 = CARTESIAN_POINT('',(106.20068003424,-63.37479062957,
    88.469465862869));
#1167 = CARTESIAN_POINT('',(109.30407346416,-63.37479062957,
    88.479910907821));
#1168 = CARTESIAN_POINT('',(112.45286488365,-63.37479062957,
    88.560766432473));
#1169 = CARTESIAN_POINT('',(115.54203232296,-63.37479062957,
    88.374399266454));
#1170 = CARTESIAN_POINT('',(118.72160588355,-63.37479062957,
    88.728053531697));
#1171 = CARTESIAN_POINT('',(121.78285990839,-63.37479062957,
    88.448213370325));
#1172 = CARTESIAN_POINT('',(125.13174009112,-63.37479062957,
    91.319598516614));
#1173 = CARTESIAN_POINT('',(128.20977680725,-63.37479062957,
    94.800600014371));
#1174 = CARTESIAN_POINT('',(131.26095706703,-63.37479062957,
    99.012613892126));
#1175 = CARTESIAN_POINT('',(134.40498033054,-63.37479062957,
    104.13125171193));
#1176 = CARTESIAN_POINT('',(137.44822085371,-63.37479062957,
    109.02849272468));
#1177 = CARTESIAN_POINT('',(140.49429016176,-63.37479062957,
    112.9689386643));
#1178 = CARTESIAN_POINT('',(143.49462910383,-63.37479062957,
    113.90103256172));
#1179 = CARTESIAN_POINT('',(146.72417797021,-63.37479062957,
    114.84173406518));
#1180 = CARTESIAN_POINT('',(149.94825449589,-63.37479062957,
    114.8457056763));
#1181 = CARTESIAN_POINT('',(153.05902197354,-63.37479062957,
    114.09032478626));
#1182 = CARTESIAN_POINT('',(156.1823448947,-63.37479062957,
    112.09275266386));
#1183 = CARTESIAN_POINT('',(159.26349640411,-63.37479062957,
    107.9192831634));
#1184 = CARTESIAN_POINT('',(162.34239928535,-63.37479062957,
    102.88378004191));
#1185 = CARTESIAN_POINT('',(165.48445737214,-63.37479062957,
    97.922017016389));
#1186 = CARTESIAN_POINT('',(168.50570143136,-63.37479062957,
    94.102198804051));
#1187 = CARTESIAN_POINT('',(171.66933616698,-63.37479062957,
    90.231342837593));
#1188 = CARTESIAN_POINT('',(174.91178962354,-63.37479062957,
    88.594709157346));
#1189 = CARTESIAN_POINT('',(178.01225428055,-63.37479062957,
    88.523742526084));
#1190 = CARTESIAN_POINT('',(181.15590657147,-63.37479062957,
    88.515058705979));
#1191 = CARTESIAN_POINT('',(184.27126615396,-63.37479062957,
    88.447638244222));
#1192 = CARTESIAN_POINT('',(187.39790359724,-63.37479062957,
    88.585084755061));
#1193 = CARTESIAN_POINT('',(190.52385449579,-63.37479062957,
    88.358521677014));
#1194 = CARTESIAN_POINT('',(193.65028817727,-63.37479062957,
    88.765353692282));
#1195 = CARTESIAN_POINT('',(196.80392382223,-63.37479062957,
    88.754484844524));
#1196 = CARTESIAN_POINT('',(199.94392637543,-63.37479062957,
    92.398178753952));
#1197 = CARTESIAN_POINT('',(203.16177795814,-63.37479062957,
    96.006780703328));
#1198 = CARTESIAN_POINT('',(206.35231406763,-63.37479062957,
    100.73358993628));
#1199 = CARTESIAN_POINT('',(209.36825782326,-63.37479062957,
    105.74050379491));
#1200 = CARTESIAN_POINT('',(212.37959561216,-63.37479062957,
    110.38135499427));
#1201 = CARTESIAN_POINT('',(215.39238910851,-63.37479062957,
    113.72184691898));
#1202 = CARTESIAN_POINT('',(218.421822624,-63.37479062957,
    113.99988035498));
#1203 = CARTESIAN_POINT('',(221.7261930939,-63.37479062957,
    115.22664388042));
#1204 = CARTESIAN_POINT('',(224.87045067835,-63.37479062957,
    115.99997660331));
#1205 = CARTESIAN_POINT('',(228.,-63.37479062957,116.));
#1206 = CARTESIAN_POINT('',(-227.9999999999,-60.61152279823,116.));
#1207 = CARTESIAN_POINT('',(-224.8704506783,-60.61152279823,
    115.90689463753));
#1208 = CARTESIAN_POINT('',(-221.7261930938,-60.61152279823,
    114.93662111358));
#1209 = CARTESIAN_POINT('',(-218.4218226239,-60.61152279823,
    113.93497115045));
#1210 = CARTESIAN_POINT('',(-215.3923891085,-60.61152279823,
    111.96382367165));
#1211 = CARTESIAN_POINT('',(-212.3795956121,-60.61152279823,
    106.62961558257));
#1212 = CARTESIAN_POINT('',(-209.3682578232,-60.61152279823,
    100.22352800019));
#1213 = CARTESIAN_POINT('',(-206.3523140676,-60.61152279823,
    93.863951932441));
#1214 = CARTESIAN_POINT('',(-203.1617779581,-60.61152279823,
    88.23254833269));
#1215 = CARTESIAN_POINT('',(-199.9439263754,-60.61152279823,
    84.152144393959));
#1216 = CARTESIAN_POINT('',(-196.8039238222,-60.61152279823,
    82.851172243942));
#1217 = CARTESIAN_POINT('',(-193.6502881772,-60.61152279823,
    80.336174395354));
#1218 = CARTESIAN_POINT('',(-190.5238544957,-60.61152279823,
    79.629819301846));
#1219 = CARTESIAN_POINT('',(-187.3979035972,-60.61152279823,
    79.167289453243));
#1220 = CARTESIAN_POINT('',(-184.2712661539,-60.61152279823,
    79.297056626367));
#1221 = CARTESIAN_POINT('',(-181.1559065714,-60.61152279823,
    79.266612946395));
#1222 = CARTESIAN_POINT('',(-178.0122542805,-60.61152279823,
    79.873233112512));
#1223 = CARTESIAN_POINT('',(-174.9117896235,-60.61152279823,
    81.416493451957));
#1224 = CARTESIAN_POINT('',(-171.6693361669,-60.61152279823,
    83.515979031548));
#1225 = CARTESIAN_POINT('',(-168.5057014313,-60.61152279823,
    85.935279837029));
#1226 = CARTESIAN_POINT('',(-165.4844573721,-60.61152279823,
    90.48619271443));
#1227 = CARTESIAN_POINT('',(-162.3423992853,-60.61152279823,
    96.552258159472));
#1228 = CARTESIAN_POINT('',(-159.2634964041,-60.61152279823,
    103.18470516235));
#1229 = CARTESIAN_POINT('',(-156.1823448947,-60.61152279823,
    109.27721560003));
#1230 = CARTESIAN_POINT('',(-153.0590219735,-60.61152279823,
    113.31029808181));
#1231 = CARTESIAN_POINT('',(-149.9482544959,-60.61152279823,
    114.10389470238));
#1232 = CARTESIAN_POINT('',(-146.7241779702,-60.61152279823,
    114.643017416));
#1233 = CARTESIAN_POINT('',(-143.4946291038,-60.61152279823,
    113.79961993207));
#1234 = CARTESIAN_POINT('',(-140.4942901617,-60.61152279823,
    110.52033029363));
#1235 = CARTESIAN_POINT('',(-137.4482208537,-60.61152279823,
    104.72672996538));
#1236 = CARTESIAN_POINT('',(-134.4049803305,-60.61152279823,
    98.125366214083));
#1237 = CARTESIAN_POINT('',(-131.260957067,-60.61152279823,
    91.77132256117));
#1238 = CARTESIAN_POINT('',(-128.2097768072,-60.61152279823,
    86.909399492262));
#1239 = CARTESIAN_POINT('',(-125.1317400911,-60.61152279823,
    83.758675335328));
#1240 = CARTESIAN_POINT('',(-121.7828599083,-60.61152279823,
    82.045997503442));
#1241 = CARTESIAN_POINT('',(-118.7216058835,-60.61152279823,
    79.997854971059));
#1242 = CARTESIAN_POINT('',(-115.5420323229,-60.61152279823,
    79.421737448136));
#1243 = CARTESIAN_POINT('',(-112.4528648836,-60.61152279823,
    79.218075842955));
#1244 = CARTESIAN_POINT('',(-109.3040734641,-60.61152279823,
    79.248869534425));
#1245 = CARTESIAN_POINT('',(-106.2006800342,-60.61152279823,
    79.405019694651));
#1246 = CARTESIAN_POINT('',(-103.049220273,-60.61152279823,
    80.166904054371));
#1247 = CARTESIAN_POINT('',(-99.94497584182,-60.61152279823,
    82.165165763408));
#1248 = CARTESIAN_POINT('',(-96.65251730109,-60.61152279823,
    83.945924933882));
#1249 = CARTESIAN_POINT('',(-93.57852523436,-60.61152279823,
    87.228316180895));
#1250 = CARTESIAN_POINT('',(-90.50838704351,-60.61152279823,
    92.229257271074));
#1251 = CARTESIAN_POINT('',(-87.38288840939,-60.61152279823,
    98.591637094544));
#1252 = CARTESIAN_POINT('',(-84.31785444875,-60.61152279823,
    105.193176653));
#1253 = CARTESIAN_POINT('',(-81.24214244136,-60.61152279823,
    110.83435178876));
#1254 = CARTESIAN_POINT('',(-78.12960500485,-60.61152279823,
    113.90285364583));
#1255 = CARTESIAN_POINT('',(-74.96906529327,-60.61152279823,
    114.60375568954));
#1256 = CARTESIAN_POINT('',(-71.73799895758,-60.61152279823,
    114.04541925291));
#1257 = CARTESIAN_POINT('',(-68.60106908076,-60.61152279823,
    113.22044117986));
#1258 = CARTESIAN_POINT('',(-65.56017338006,-60.61152279823,
    108.88570769939));
#1259 = CARTESIAN_POINT('',(-62.51301691864,-60.61152279823,
    102.72043758671));
#1260 = CARTESIAN_POINT('',(-59.44661269167,-60.61152279823,
    96.093898999124));
#1261 = CARTESIAN_POINT('',(-56.2794693162,-60.61152279823,
    90.04570802573));
#1262 = CARTESIAN_POINT('',(-53.30015135599,-60.61152279823,
    85.668313899098));
#1263 = CARTESIAN_POINT('',(-50.09160903077,-60.61152279823,
    83.380584213586));
#1264 = CARTESIAN_POINT('',(-46.82988298107,-60.61152279823,
    81.238574921387));
#1265 = CARTESIAN_POINT('',(-43.75098561487,-60.61152279823,
    79.784774408247));
#1266 = CARTESIAN_POINT('',(-40.59022498143,-60.61152279823,
    79.265801060403));
#1267 = CARTESIAN_POINT('',(-37.48657799801,-60.61152279823,
    79.274407445217));
#1268 = CARTESIAN_POINT('',(-34.35349204993,-60.61152279823,
    79.215529097012));
#1269 = CARTESIAN_POINT('',(-31.22924211799,-60.61152279823,
    79.59167722384));
#1270 = CARTESIAN_POINT('',(-28.10496678474,-60.61152279823,
    80.603679299033));
#1271 = CARTESIAN_POINT('',(-24.94210454386,-60.61152279823,
    82.854786917159));
#1272 = CARTESIAN_POINT('',(-21.65395320521,-60.61152279823,
    84.62745583547));
#1273 = CARTESIAN_POINT('',(-18.66692496727,-60.61152279823,
    88.532323648293));
#1274 = CARTESIAN_POINT('',(-15.52415536771,-60.61152279823,
    94.120380442118));
#1275 = CARTESIAN_POINT('',(-12.42987744782,-60.61152279823,
    100.66211522308));
#1276 = CARTESIAN_POINT('',(-9.377596847078,-60.61152279823,
    107.1053175593));
#1277 = CARTESIAN_POINT('',(-6.312968134846,-60.61152279823,
    112.16890954431));
#1278 = CARTESIAN_POINT('',(-3.20273059646,-60.61152279823,
    114.06065628993));
#1279 = CARTESIAN_POINT('',(-2.775557561563E-17,-60.61152279823,
    114.8395629538));
#1280 = CARTESIAN_POINT('',(3.20273059646,-60.61152279823,
    114.06065628994));
#1281 = CARTESIAN_POINT('',(6.312968134846,-60.61152279823,
    112.16890954431));
#1282 = CARTESIAN_POINT('',(9.377596847078,-60.61152279823,
    107.1053175593));
#1283 = CARTESIAN_POINT('',(12.429877447828,-60.61152279823,
    100.66211522308));
#1284 = CARTESIAN_POINT('',(15.524155367714,-60.61152279823,
    94.120380442118));
#1285 = CARTESIAN_POINT('',(18.666924967278,-60.61152279823,
    88.532323648293));
#1286 = CARTESIAN_POINT('',(21.653953205213,-60.61152279823,
    84.62745583547));
#1287 = CARTESIAN_POINT('',(24.942104543865,-60.61152279823,
    82.854786917158));
#1288 = CARTESIAN_POINT('',(28.104966784746,-60.61152279823,
    80.603679299033));
#1289 = CARTESIAN_POINT('',(31.229242117992,-60.61152279823,
    79.59167722384));
#1290 = CARTESIAN_POINT('',(34.353492049937,-60.61152279823,
    79.215529097012));
#1291 = CARTESIAN_POINT('',(37.486577998015,-60.61152279823,
    79.274407445217));
#1292 = CARTESIAN_POINT('',(40.590224981439,-60.61152279823,
    79.265801060403));
#1293 = CARTESIAN_POINT('',(43.75098561487,-60.61152279823,
    79.784774408248));
#1294 = CARTESIAN_POINT('',(46.82988298107,-60.61152279823,
    81.238574921388));
#1295 = CARTESIAN_POINT('',(50.091609030777,-60.61152279823,
    83.380584213586));
#1296 = CARTESIAN_POINT('',(53.30015135599,-60.61152279823,
    85.668313899098));
#1297 = CARTESIAN_POINT('',(56.279469316208,-60.61152279823,
    90.045708025729));
#1298 = CARTESIAN_POINT('',(59.446612691677,-60.61152279823,
    96.093898999125));
#1299 = CARTESIAN_POINT('',(62.513016918643,-60.61152279823,
    102.72043758671));
#1300 = CARTESIAN_POINT('',(65.560173380067,-60.61152279823,
    108.88570769939));
#1301 = CARTESIAN_POINT('',(68.601069080766,-60.61152279823,
    113.22044117986));
#1302 = CARTESIAN_POINT('',(71.737998957589,-60.61152279823,
    114.04541925291));
#1303 = CARTESIAN_POINT('',(74.969065293278,-60.61152279823,
    114.60375568953));
#1304 = CARTESIAN_POINT('',(78.129605004858,-60.61152279823,
    113.90285364583));
#1305 = CARTESIAN_POINT('',(81.242142441361,-60.61152279823,
    110.83435178877));
#1306 = CARTESIAN_POINT('',(84.317854448756,-60.61152279823,
    105.193176653));
#1307 = CARTESIAN_POINT('',(87.382888409396,-60.61152279823,
    98.591637094543));
#1308 = CARTESIAN_POINT('',(90.508387043519,-60.61152279823,
    92.229257271074));
#1309 = CARTESIAN_POINT('',(93.578525234369,-60.61152279823,
    87.228316180895));
#1310 = CARTESIAN_POINT('',(96.652517301093,-60.61152279823,
    83.945924933883));
#1311 = CARTESIAN_POINT('',(99.944975841827,-60.61152279823,
    82.165165763407));
#1312 = CARTESIAN_POINT('',(103.04922027306,-60.61152279823,
    80.166904054371));
#1313 = CARTESIAN_POINT('',(106.20068003424,-60.61152279823,
    79.405019694651));
#1314 = CARTESIAN_POINT('',(109.30407346416,-60.61152279823,
    79.248869534425));
#1315 = CARTESIAN_POINT('',(112.45286488364,-60.61152279823,
    79.218075842957));
#1316 = CARTESIAN_POINT('',(115.54203232295,-60.61152279823,
    79.421737448136));
#1317 = CARTESIAN_POINT('',(118.72160588355,-60.61152279823,
    79.99785497106));
#1318 = CARTESIAN_POINT('',(121.78285990839,-60.61152279823,
    82.045997503441));
#1319 = CARTESIAN_POINT('',(125.13174009112,-60.61152279823,
    83.758675335328));
#1320 = CARTESIAN_POINT('',(128.20977680724,-60.61152279823,
    86.909399492262));
#1321 = CARTESIAN_POINT('',(131.26095706703,-60.61152279823,
    91.77132256117));
#1322 = CARTESIAN_POINT('',(134.40498033054,-60.61152279823,
    98.125366214084));
#1323 = CARTESIAN_POINT('',(137.44822085371,-60.61152279823,
    104.72672996538));
#1324 = CARTESIAN_POINT('',(140.49429016176,-60.61152279823,
    110.52033029363));
#1325 = CARTESIAN_POINT('',(143.49462910383,-60.61152279823,
    113.79961993207));
#1326 = CARTESIAN_POINT('',(146.72417797021,-60.61152279823,
    114.643017416));
#1327 = CARTESIAN_POINT('',(149.9482544959,-60.61152279823,
    114.10389470238));
#1328 = CARTESIAN_POINT('',(153.05902197354,-60.61152279823,
    113.31029808181));
#1329 = CARTESIAN_POINT('',(156.1823448947,-60.61152279823,
    109.27721560003));
#1330 = CARTESIAN_POINT('',(159.26349640411,-60.61152279823,
    103.18470516235));
#1331 = CARTESIAN_POINT('',(162.34239928534,-60.61152279823,
    96.552258159472));
#1332 = CARTESIAN_POINT('',(165.48445737214,-60.61152279823,
    90.48619271443));
#1333 = CARTESIAN_POINT('',(168.50570143136,-60.61152279823,
    85.935279837028));
#1334 = CARTESIAN_POINT('',(171.66933616697,-60.61152279823,
    83.515979031548));
#1335 = CARTESIAN_POINT('',(174.91178962355,-60.61152279823,
    81.416493451957));
#1336 = CARTESIAN_POINT('',(178.01225428054,-60.61152279823,
    79.873233112512));
#1337 = CARTESIAN_POINT('',(181.15590657147,-60.61152279823,
    79.266612946396));
#1338 = CARTESIAN_POINT('',(184.27126615396,-60.61152279823,
    79.297056626366));
#1339 = CARTESIAN_POINT('',(187.39790359723,-60.61152279823,
    79.167289453244));
#1340 = CARTESIAN_POINT('',(190.52385449579,-60.61152279823,
    79.629819301845));
#1341 = CARTESIAN_POINT('',(193.65028817727,-60.61152279823,
    80.336174395354));
#1342 = CARTESIAN_POINT('',(196.80392382223,-60.61152279823,
    82.851172243943));
#1343 = CARTESIAN_POINT('',(199.94392637543,-60.61152279823,
    84.152144393958));
#1344 = CARTESIAN_POINT('',(203.16177795815,-60.61152279823,
    88.23254833269));
#1345 = CARTESIAN_POINT('',(206.35231406763,-60.61152279823,
    93.863951932443));
#1346 = CARTESIAN_POINT('',(209.36825782326,-60.61152279823,
    100.22352800019));
#1347 = CARTESIAN_POINT('',(212.37959561216,-60.61152279823,
    106.62961558257));
#1348 = CARTESIAN_POINT('',(215.39238910851,-60.61152279823,
    111.96382367165));
#1349 = CARTESIAN_POINT('',(218.421822624,-60.61152279823,
    113.93497115045));
#1350 = CARTESIAN_POINT('',(221.72619309389,-60.61152279823,
    114.93662111358));
#1351 = CARTESIAN_POINT('',(224.87045067834,-60.61152279823,
    115.90689463753));
#1352 = CARTESIAN_POINT('',(227.99999999999,-60.61152279823,116.));
#1353 = CARTESIAN_POINT('',(-228.,-57.36061744673,116.));
#1354 = CARTESIAN_POINT('',(-224.8704506783,-57.36061744673,
    115.81748280303));
#1355 = CARTESIAN_POINT('',(-221.7261930938,-57.36061744673,
    114.65504039405));
#1356 = CARTESIAN_POINT('',(-218.421822624,-57.36061744673,
    113.52534180701));
#1357 = CARTESIAN_POINT('',(-215.3923891085,-57.36061744673,
    109.12261265994));
#1358 = CARTESIAN_POINT('',(-212.3795956121,-57.36061744673,
    101.85363958087));
#1359 = CARTESIAN_POINT('',(-209.3682578232,-57.36061744673,
    93.733073812479));
#1360 = CARTESIAN_POINT('',(-206.3523140676,-57.36061744673,
    86.299731587045));
#1361 = CARTESIAN_POINT('',(-203.1617779581,-57.36061744673,
    80.276911650136));
#1362 = CARTESIAN_POINT('',(-199.9439263754,-57.36061744673,
    76.507853589133));
#1363 = CARTESIAN_POINT('',(-196.8039238222,-57.36061744673,
    73.61640849966));
#1364 = CARTESIAN_POINT('',(-193.6502881772,-57.36061744673,
    73.699360337915));
#1365 = CARTESIAN_POINT('',(-190.5238544957,-57.36061744673,
    73.492859613661));
#1366 = CARTESIAN_POINT('',(-187.3979035972,-57.36061744673,
    73.680559402598));
#1367 = CARTESIAN_POINT('',(-184.2712661539,-57.36061744673,
    73.582656156309));
#1368 = CARTESIAN_POINT('',(-181.1559065714,-57.36061744673,
    73.625272728807));
#1369 = CARTESIAN_POINT('',(-178.0122542805,-57.36061744673,
    73.578328751979));
#1370 = CARTESIAN_POINT('',(-174.9117896235,-57.36061744673,
    73.522813151269));
#1371 = CARTESIAN_POINT('',(-171.6693361669,-57.36061744673,
    74.745911609693));
#1372 = CARTESIAN_POINT('',(-168.5057014313,-57.36061744673,
    78.207383386337));
#1373 = CARTESIAN_POINT('',(-165.4844573721,-57.36061744673,
    82.617903038664));
#1374 = CARTESIAN_POINT('',(-162.3423992853,-57.36061744673,
    89.392105681394));
#1375 = CARTESIAN_POINT('',(-159.2634964041,-57.36061744673,
    97.419113072944));
#1376 = CARTESIAN_POINT('',(-156.1823448947,-57.36061744673,
    105.43587631288));
#1377 = CARTESIAN_POINT('',(-153.0590219735,-57.36061744673,
    111.5966846419));
#1378 = CARTESIAN_POINT('',(-149.9482544959,-57.36061744673,
    114.10871820504));
#1379 = CARTESIAN_POINT('',(-146.7241779702,-57.36061744673,
    114.19381924942));
#1380 = CARTESIAN_POINT('',(-143.4946291038,-57.36061744673,
    112.65745845565));
#1381 = CARTESIAN_POINT('',(-140.4942901617,-57.36061744673,
    107.09889002752));
#1382 = CARTESIAN_POINT('',(-137.4482208537,-57.36061744673,
    99.362264744944));
#1383 = CARTESIAN_POINT('',(-134.4049803305,-57.36061744673,
    91.219432948251));
#1384 = CARTESIAN_POINT('',(-131.260957067,-57.36061744673,
    83.979328185618));
#1385 = CARTESIAN_POINT('',(-128.2097768072,-57.36061744673,
    78.95922664217));
#1386 = CARTESIAN_POINT('',(-125.1317400911,-57.36061744673,
    75.614271555689));
#1387 = CARTESIAN_POINT('',(-121.7828599083,-57.36061744673,
    73.387834590447));
#1388 = CARTESIAN_POINT('',(-118.7216058835,-57.36061744673,
    73.713603783477));
#1389 = CARTESIAN_POINT('',(-115.5420323229,-57.36061744673,
    73.512830131495));
#1390 = CARTESIAN_POINT('',(-112.4528648836,-57.36061744673,
    73.66579934498));
#1391 = CARTESIAN_POINT('',(-109.3040734641,-57.36061744673,
    73.606007585122));
#1392 = CARTESIAN_POINT('',(-106.2006800342,-57.36061744673,
    73.581091564347));
#1393 = CARTESIAN_POINT('',(-103.049220273,-57.36061744673,
    73.617890073859));
#1394 = CARTESIAN_POINT('',(-99.94497584182,-57.36061744673,
    73.530000205485));
#1395 = CARTESIAN_POINT('',(-96.65251730109,-57.36061744673,
    75.830372960935));
#1396 = CARTESIAN_POINT('',(-93.57852523436,-57.36061744673,
    79.27420923867));
#1397 = CARTESIAN_POINT('',(-90.50838704351,-57.36061744673,
    84.49522239853));
#1398 = CARTESIAN_POINT('',(-87.38288840939,-57.36061744673,
    91.789153108604));
#1399 = CARTESIAN_POINT('',(-84.31785444875,-57.36061744673,
    99.972344251717));
#1400 = CARTESIAN_POINT('',(-81.24214244136,-57.36061744673,
    107.63032073168));
#1401 = CARTESIAN_POINT('',(-78.12960500485,-57.36061744673,
    112.84220315927));
#1402 = CARTESIAN_POINT('',(-74.96906529328,-57.36061744673,
    114.19982654488));
#1403 = CARTESIAN_POINT('',(-71.73799895759,-57.36061744673,
    114.05520524421));
#1404 = CARTESIAN_POINT('',(-68.60106908076,-57.36061744673,
    111.29308029139));
#1405 = CARTESIAN_POINT('',(-65.56017338006,-57.36061744673,
    104.86595352824));
#1406 = CARTESIAN_POINT('',(-62.51301691864,-57.36061744673,
    96.818606091575));
#1407 = CARTESIAN_POINT('',(-59.44661269167,-57.36061744673,
    88.845965072856));
#1408 = CARTESIAN_POINT('',(-56.2794693162,-57.36061744673,
    82.135812863756));
#1409 = CARTESIAN_POINT('',(-53.30015135599,-57.36061744673,
    77.966239722968));
#1410 = CARTESIAN_POINT('',(-50.09160903077,-57.36061744673,
    74.495614859893));
#1411 = CARTESIAN_POINT('',(-46.82988298107,-57.36061744673,
    73.515262444304));
#1412 = CARTESIAN_POINT('',(-43.75098561487,-57.36061744673,
    73.592093101917));
#1413 = CARTESIAN_POINT('',(-40.59022498144,-57.36061744673,
    73.614115357809));
#1414 = CARTESIAN_POINT('',(-37.48657799801,-57.36061744673,
    73.602960351653));
#1415 = CARTESIAN_POINT('',(-34.35349204993,-57.36061744673,
    73.645766186479));
#1416 = CARTESIAN_POINT('',(-31.22924211799,-57.36061744673,
    73.544192612692));
#1417 = CARTESIAN_POINT('',(-28.10496678474,-57.36061744673,
    73.614764864242));
#1418 = CARTESIAN_POINT('',(-24.94210454386,-57.36061744673,
    73.801075469066));
#1419 = CARTESIAN_POINT('',(-21.65395320521,-57.36061744673,
    76.959810901922));
#1420 = CARTESIAN_POINT('',(-18.66692496727,-57.36061744673,
    80.577084528845));
#1421 = CARTESIAN_POINT('',(-15.52415536771,-57.36061744673,
    86.595064267218));
#1422 = CARTESIAN_POINT('',(-12.42987744782,-57.36061744673,
    94.281350036013));
#1423 = CARTESIAN_POINT('',(-9.377596847078,-57.36061744673,
    102.47176733764));
#1424 = CARTESIAN_POINT('',(-6.312968134846,-57.36061744673,
    109.59571469976));
#1425 = CARTESIAN_POINT('',(-3.20273059646,-57.36061744673,
    113.66897860064));
#1426 = CARTESIAN_POINT('',(-2.775557561563E-17,-57.36061744673,
    114.52618030682));
#1427 = CARTESIAN_POINT('',(3.20273059646,-57.36061744673,
    113.66897860064));
#1428 = CARTESIAN_POINT('',(6.312968134846,-57.36061744673,
    109.59571469976));
#1429 = CARTESIAN_POINT('',(9.377596847078,-57.36061744673,
    102.47176733764));
#1430 = CARTESIAN_POINT('',(12.429877447828,-57.36061744673,
    94.281350036013));
#1431 = CARTESIAN_POINT('',(15.524155367714,-57.36061744673,
    86.595064267218));
#1432 = CARTESIAN_POINT('',(18.666924967278,-57.36061744673,
    80.577084528846));
#1433 = CARTESIAN_POINT('',(21.653953205212,-57.36061744673,
    76.959810901923));
#1434 = CARTESIAN_POINT('',(24.942104543866,-57.36061744673,
    73.801075469067));
#1435 = CARTESIAN_POINT('',(28.104966784746,-57.36061744673,
    73.614764864242));
#1436 = CARTESIAN_POINT('',(31.229242117991,-57.36061744673,
    73.544192612692));
#1437 = CARTESIAN_POINT('',(34.353492049937,-57.36061744673,
    73.645766186479));
#1438 = CARTESIAN_POINT('',(37.486577998015,-57.36061744673,
    73.602960351654));
#1439 = CARTESIAN_POINT('',(40.590224981439,-57.36061744673,
    73.614115357808));
#1440 = CARTESIAN_POINT('',(43.75098561487,-57.36061744673,
    73.592093101917));
#1441 = CARTESIAN_POINT('',(46.829882981071,-57.36061744673,
    73.515262444303));
#1442 = CARTESIAN_POINT('',(50.091609030777,-57.36061744673,
    74.495614859893));
#1443 = CARTESIAN_POINT('',(53.30015135599,-57.36061744673,
    77.966239722968));
#1444 = CARTESIAN_POINT('',(56.279469316209,-57.36061744673,
    82.135812863756));
#1445 = CARTESIAN_POINT('',(59.446612691677,-57.36061744673,
    88.845965072855));
#1446 = CARTESIAN_POINT('',(62.513016918644,-57.36061744673,
    96.818606091575));
#1447 = CARTESIAN_POINT('',(65.560173380067,-57.36061744673,
    104.86595352824));
#1448 = CARTESIAN_POINT('',(68.601069080765,-57.36061744673,
    111.29308029139));
#1449 = CARTESIAN_POINT('',(71.73799895759,-57.36061744673,
    114.05520524421));
#1450 = CARTESIAN_POINT('',(74.96906529328,-57.36061744673,
    114.19982654488));
#1451 = CARTESIAN_POINT('',(78.129605004858,-57.36061744673,
    112.84220315927));
#1452 = CARTESIAN_POINT('',(81.242142441362,-57.36061744673,
    107.63032073168));
#1453 = CARTESIAN_POINT('',(84.317854448757,-57.36061744673,
    99.972344251717));
#1454 = CARTESIAN_POINT('',(87.382888409396,-57.36061744673,
    91.789153108604));
#1455 = CARTESIAN_POINT('',(90.508387043519,-57.36061744673,
    84.49522239853));
#1456 = CARTESIAN_POINT('',(93.578525234368,-57.36061744673,
    79.27420923867));
#1457 = CARTESIAN_POINT('',(96.652517301093,-57.36061744673,
    75.830372960935));
#1458 = CARTESIAN_POINT('',(99.944975841828,-57.36061744673,
    73.530000205485));
#1459 = CARTESIAN_POINT('',(103.04922027307,-57.36061744673,
    73.617890073858));
#1460 = CARTESIAN_POINT('',(106.20068003424,-57.36061744673,
    73.581091564347));
#1461 = CARTESIAN_POINT('',(109.30407346416,-57.36061744673,
    73.606007585122));
#1462 = CARTESIAN_POINT('',(112.45286488365,-57.36061744673,
    73.66579934498));
#1463 = CARTESIAN_POINT('',(115.54203232295,-57.36061744673,
    73.512830131495));
#1464 = CARTESIAN_POINT('',(118.72160588355,-57.36061744673,
    73.713603783477));
#1465 = CARTESIAN_POINT('',(121.78285990839,-57.36061744673,
    73.387834590448));
#1466 = CARTESIAN_POINT('',(125.13174009112,-57.36061744673,
    75.614271555689));
#1467 = CARTESIAN_POINT('',(128.20977680725,-57.36061744673,
    78.95922664217));
#1468 = CARTESIAN_POINT('',(131.26095706703,-57.36061744673,
    83.979328185618));
#1469 = CARTESIAN_POINT('',(134.40498033054,-57.36061744673,
    91.219432948251));
#1470 = CARTESIAN_POINT('',(137.44822085371,-57.36061744673,
    99.362264744944));
#1471 = CARTESIAN_POINT('',(140.49429016176,-57.36061744673,
    107.09889002752));
#1472 = CARTESIAN_POINT('',(143.49462910383,-57.36061744673,
    112.65745845565));
#1473 = CARTESIAN_POINT('',(146.72417797021,-57.36061744673,
    114.19381924942));
#1474 = CARTESIAN_POINT('',(149.9482544959,-57.36061744673,
    114.10871820504));
#1475 = CARTESIAN_POINT('',(153.05902197354,-57.36061744673,
    111.5966846419));
#1476 = CARTESIAN_POINT('',(156.1823448947,-57.36061744673,
    105.43587631288));
#1477 = CARTESIAN_POINT('',(159.26349640411,-57.36061744673,
    97.419113072945));
#1478 = CARTESIAN_POINT('',(162.34239928534,-57.36061744673,
    89.392105681393));
#1479 = CARTESIAN_POINT('',(165.48445737214,-57.36061744673,
    82.617903038664));
#1480 = CARTESIAN_POINT('',(168.50570143136,-57.36061744673,
    78.207383386337));
#1481 = CARTESIAN_POINT('',(171.66933616697,-57.36061744673,
    74.745911609693));
#1482 = CARTESIAN_POINT('',(174.91178962354,-57.36061744673,
    73.522813151269));
#1483 = CARTESIAN_POINT('',(178.01225428055,-57.36061744673,
    73.578328751979));
#1484 = CARTESIAN_POINT('',(181.15590657147,-57.36061744673,
    73.625272728807));
#1485 = CARTESIAN_POINT('',(184.27126615396,-57.36061744673,
    73.582656156309));
#1486 = CARTESIAN_POINT('',(187.39790359724,-57.36061744673,
    73.680559402597));
#1487 = CARTESIAN_POINT('',(190.52385449579,-57.36061744673,
    73.492859613661));
#1488 = CARTESIAN_POINT('',(193.65028817727,-57.36061744673,
    73.699360337916));
#1489 = CARTESIAN_POINT('',(196.80392382223,-57.36061744673,
    73.61640849966));
#1490 = CARTESIAN_POINT('',(199.94392637543,-57.36061744673,
    76.507853589134));
#1491 = CARTESIAN_POINT('',(203.16177795814,-57.36061744673,
    80.276911650135));
#1492 = CARTESIAN_POINT('',(206.35231406763,-57.36061744673,
    86.299731587044));
#1493 = CARTESIAN_POINT('',(209.36825782326,-57.36061744673,
    93.733073812479));
#1494 = CARTESIAN_POINT('',(212.37959561216,-57.36061744673,
    101.85363958087));
#1495 = CARTESIAN_POINT('',(215.39238910851,-57.36061744673,
    109.12261265994));
#1496 = CARTESIAN_POINT('',(218.421822624,-57.36061744673,
    113.52534180701));
#1497 = CARTESIAN_POINT('',(221.72619309389,-57.36061744673,
    114.65504039405));
#1498 = CARTESIAN_POINT('',(224.87045067835,-57.36061744673,
    115.81748280303));
#1499 = CARTESIAN_POINT('',(228.,-57.36061744673,116.));
#1500 = CARTESIAN_POINT('',(-227.9999999999,-53.6547541598,116.));
#1501 = CARTESIAN_POINT('',(-224.8704506783,-53.6547541598,
    115.74758013477));
#1502 = CARTESIAN_POINT('',(-221.7261930938,-53.6547541598,
    114.43254061138));
#1503 = CARTESIAN_POINT('',(-218.421822624,-53.6547541598,
    112.49394469831));
#1504 = CARTESIAN_POINT('',(-215.3923891085,-53.6547541598,
    106.19203198061));
#1505 = CARTESIAN_POINT('',(-212.3795956121,-53.6547541598,
    97.367975419507));
#1506 = CARTESIAN_POINT('',(-209.3682578232,-53.6547541598,
    88.150129676797));
#1507 = CARTESIAN_POINT('',(-206.3523140676,-53.6547541598,
    80.49476866134));
#1508 = CARTESIAN_POINT('',(-203.1617779581,-53.6547541598,
    75.273618870106));
#1509 = CARTESIAN_POINT('',(-199.9439263754,-53.6547541598,
    73.178802984778));
#1510 = CARTESIAN_POINT('',(-196.8039238222,-53.6547541598,
    74.340131872639));
#1511 = CARTESIAN_POINT('',(-193.6502881772,-53.6547541598,
    73.852929421689));
#1512 = CARTESIAN_POINT('',(-190.5238544957,-53.6547541598,
    74.178976306244));
#1513 = CARTESIAN_POINT('',(-187.3979035972,-53.6547541598,
    73.968675144092));
#1514 = CARTESIAN_POINT('',(-184.2712661539,-53.6547541598,
    74.087433021989));
#1515 = CARTESIAN_POINT('',(-181.1559065714,-53.6547541598,
    74.034963473411));
#1516 = CARTESIAN_POINT('',(-178.0122542805,-53.6547541598,
    74.040244464665));
#1517 = CARTESIAN_POINT('',(-174.9117896235,-53.6547541598,
    74.099995155715));
#1518 = CARTESIAN_POINT('',(-171.6693361669,-53.6547541598,
    73.792159075559));
#1519 = CARTESIAN_POINT('',(-168.5057014313,-53.6547541598,
    73.925109843261));
#1520 = CARTESIAN_POINT('',(-165.4844573721,-53.6547541598,
    77.177938332205));
#1521 = CARTESIAN_POINT('',(-162.3423992853,-53.6547541598,
    83.593186511637));
#1522 = CARTESIAN_POINT('',(-159.2634964041,-53.6547541598,
    92.27659996442));
#1523 = CARTESIAN_POINT('',(-156.1823448947,-53.6547541598,
    101.68033481279));
#1524 = CARTESIAN_POINT('',(-153.0590219735,-53.6547541598,
    109.58181933588));
#1525 = CARTESIAN_POINT('',(-149.9482544959,-53.6547541598,
    113.76767347395));
#1526 = CARTESIAN_POINT('',(-146.7241779702,-53.6547541598,
    114.02395324486));
#1527 = CARTESIAN_POINT('',(-143.4946291038,-53.6547541598,
    110.99953893225));
#1528 = CARTESIAN_POINT('',(-140.4942901617,-53.6547541598,
    103.69317710164));
#1529 = CARTESIAN_POINT('',(-137.4482208537,-53.6547541598,
    94.468693954097));
#1530 = CARTESIAN_POINT('',(-134.4049803305,-53.6547541598,
    85.464136253795));
#1531 = CARTESIAN_POINT('',(-131.260957067,-53.6547541598,
    78.320910773445));
#1532 = CARTESIAN_POINT('',(-128.2097768072,-53.6547541598,
    74.447563665875));
#1533 = CARTESIAN_POINT('',(-125.1317400911,-53.6547541598,
    73.414658140371));
#1534 = CARTESIAN_POINT('',(-121.7828599083,-53.6547541598,
    74.282710827442));
#1535 = CARTESIAN_POINT('',(-118.7216058835,-53.6547541598,
    73.909299039447));
#1536 = CARTESIAN_POINT('',(-115.5420323229,-53.6547541598,
    74.134867577695));
#1537 = CARTESIAN_POINT('',(-112.4528648836,-53.6547541598,
    74.002510141538));
#1538 = CARTESIAN_POINT('',(-109.3040734641,-53.6547541598,
    74.056054317392));
#1539 = CARTESIAN_POINT('',(-106.2006800342,-53.6547541598,
    74.072725628223));
#1540 = CARTESIAN_POINT('',(-103.049220273,-53.6547541598,
    73.987429809469));
#1541 = CARTESIAN_POINT('',(-99.94497584182,-53.6547541598,
    74.188914104388));
#1542 = CARTESIAN_POINT('',(-96.65251730109,-53.6547541598,
    73.440189317673));
#1543 = CARTESIAN_POINT('',(-93.57852523436,-53.6547541598,
    74.671812818389));
#1544 = CARTESIAN_POINT('',(-90.50838704351,-53.6547541598,
    78.81640221688));
#1545 = CARTESIAN_POINT('',(-87.38288840939,-53.6547541598,
    86.087995173601));
#1546 = CARTESIAN_POINT('',(-84.31785444875,-53.6547541598,
    95.189679771188));
#1547 = CARTESIAN_POINT('',(-81.24214244136,-53.6547541598,
    104.38151162068));
#1548 = CARTESIAN_POINT('',(-78.12960500485,-53.6547541598,
    111.3635408222));
#1549 = CARTESIAN_POINT('',(-74.96906529327,-53.6547541598,
    114.02810891156));
#1550 = CARTESIAN_POINT('',(-71.73799895758,-53.6547541598,
    113.66891849608));
#1551 = CARTESIAN_POINT('',(-68.60106908076,-53.6547541598,
    109.07731454531));
#1552 = CARTESIAN_POINT('',(-65.56017338006,-53.6547541598,
    100.96884745614));
#1553 = CARTESIAN_POINT('',(-62.51301691864,-53.6547541598,
    91.580394786514));
#1554 = CARTESIAN_POINT('',(-59.44661269167,-53.6547541598,
    83.012551111265));
#1555 = CARTESIAN_POINT('',(-56.2794693162,-53.6547541598,76.74036330433
    ));
#1556 = CARTESIAN_POINT('',(-53.30015135599,-53.6547541598,
    73.771802129048));
#1557 = CARTESIAN_POINT('',(-50.09160903077,-53.6547541598,
    73.839930134951));
#1558 = CARTESIAN_POINT('',(-46.82988298107,-53.6547541598,
    74.110835505347));
#1559 = CARTESIAN_POINT('',(-43.75098561487,-53.6547541598,
    74.021417583401));
#1560 = CARTESIAN_POINT('',(-40.59022498143,-53.6547541598,
    74.060522029246));
#1561 = CARTESIAN_POINT('',(-37.48657799801,-53.6547541598,
    74.047779564477));
#1562 = CARTESIAN_POINT('',(-34.35349204993,-53.6547541598,
    74.03172284774));
#1563 = CARTESIAN_POINT('',(-31.22924211799,-53.6547541598,
    74.08231659466));
#1564 = CARTESIAN_POINT('',(-28.10496678474,-53.6547541598,
    73.996958537743));
#1565 = CARTESIAN_POINT('',(-24.94210454386,-53.6547541598,
    74.123405016147));
#1566 = CARTESIAN_POINT('',(-21.65395320521,-53.6547541598,
    73.387203938162));
#1567 = CARTESIAN_POINT('',(-18.66692496727,-53.6547541598,
    75.537544393742));
#1568 = CARTESIAN_POINT('',(-15.52415536771,-53.6547541598,
    80.784903656956));
#1569 = CARTESIAN_POINT('',(-12.42987744782,-53.6547541598,
    88.771085976014));
#1570 = CARTESIAN_POINT('',(-9.377596847078,-53.6547541598,
    98.107049459069));
#1571 = CARTESIAN_POINT('',(-6.312968134846,-53.6547541598,
    106.86543755861));
#1572 = CARTESIAN_POINT('',(-3.20273059646,-53.6547541598,
    112.73524589787));
#1573 = CARTESIAN_POINT('',(-2.775557561563E-17,-53.6547541598,
    114.27772469707));
#1574 = CARTESIAN_POINT('',(3.20273059646,-53.6547541598,112.73524589787
    ));
#1575 = CARTESIAN_POINT('',(6.312968134846,-53.6547541598,
    106.86543755861));
#1576 = CARTESIAN_POINT('',(9.377596847078,-53.6547541598,
    98.107049459069));
#1577 = CARTESIAN_POINT('',(12.429877447828,-53.6547541598,
    88.771085976014));
#1578 = CARTESIAN_POINT('',(15.524155367714,-53.6547541598,
    80.784903656956));
#1579 = CARTESIAN_POINT('',(18.666924967278,-53.6547541598,
    75.537544393742));
#1580 = CARTESIAN_POINT('',(21.653953205213,-53.6547541598,
    73.387203938162));
#1581 = CARTESIAN_POINT('',(24.942104543865,-53.6547541598,
    74.123405016147));
#1582 = CARTESIAN_POINT('',(28.104966784746,-53.6547541598,
    73.996958537743));
#1583 = CARTESIAN_POINT('',(31.229242117992,-53.6547541598,
    74.08231659466));
#1584 = CARTESIAN_POINT('',(34.353492049937,-53.6547541598,
    74.03172284774));
#1585 = CARTESIAN_POINT('',(37.486577998015,-53.6547541598,
    74.047779564477));
#1586 = CARTESIAN_POINT('',(40.590224981439,-53.6547541598,
    74.060522029246));
#1587 = CARTESIAN_POINT('',(43.75098561487,-53.6547541598,
    74.021417583402));
#1588 = CARTESIAN_POINT('',(46.82988298107,-53.6547541598,
    74.110835505348));
#1589 = CARTESIAN_POINT('',(50.091609030777,-53.6547541598,
    73.839930134951));
#1590 = CARTESIAN_POINT('',(53.30015135599,-53.6547541598,
    73.771802129048));
#1591 = CARTESIAN_POINT('',(56.279469316208,-53.6547541598,
    76.74036330433));
#1592 = CARTESIAN_POINT('',(59.446612691677,-53.6547541598,
    83.012551111265));
#1593 = CARTESIAN_POINT('',(62.513016918643,-53.6547541598,
    91.580394786514));
#1594 = CARTESIAN_POINT('',(65.560173380067,-53.6547541598,
    100.96884745614));
#1595 = CARTESIAN_POINT('',(68.601069080765,-53.6547541598,
    109.07731454531));
#1596 = CARTESIAN_POINT('',(71.737998957589,-53.6547541598,
    113.66891849608));
#1597 = CARTESIAN_POINT('',(74.969065293279,-53.6547541598,
    114.02810891156));
#1598 = CARTESIAN_POINT('',(78.129605004858,-53.6547541598,
    111.3635408222));
#1599 = CARTESIAN_POINT('',(81.242142441362,-53.6547541598,
    104.38151162068));
#1600 = CARTESIAN_POINT('',(84.317854448756,-53.6547541598,
    95.189679771188));
#1601 = CARTESIAN_POINT('',(87.382888409396,-53.6547541598,
    86.087995173601));
#1602 = CARTESIAN_POINT('',(90.508387043519,-53.6547541598,
    78.81640221688));
#1603 = CARTESIAN_POINT('',(93.578525234368,-53.6547541598,
    74.671812818389));
#1604 = CARTESIAN_POINT('',(96.652517301093,-53.6547541598,
    73.440189317673));
#1605 = CARTESIAN_POINT('',(99.944975841827,-53.6547541598,
    74.188914104388));
#1606 = CARTESIAN_POINT('',(103.04922027306,-53.6547541598,
    73.987429809469));
#1607 = CARTESIAN_POINT('',(106.20068003424,-53.6547541598,
    74.072725628224));
#1608 = CARTESIAN_POINT('',(109.30407346416,-53.6547541598,
    74.056054317392));
#1609 = CARTESIAN_POINT('',(112.45286488364,-53.6547541598,
    74.002510141538));
#1610 = CARTESIAN_POINT('',(115.54203232295,-53.6547541598,
    74.134867577695));
#1611 = CARTESIAN_POINT('',(118.72160588355,-53.6547541598,
    73.909299039448));
#1612 = CARTESIAN_POINT('',(121.78285990839,-53.6547541598,
    74.282710827441));
#1613 = CARTESIAN_POINT('',(125.13174009112,-53.6547541598,
    73.414658140371));
#1614 = CARTESIAN_POINT('',(128.20977680724,-53.6547541598,
    74.447563665876));
#1615 = CARTESIAN_POINT('',(131.26095706703,-53.6547541598,
    78.320910773445));
#1616 = CARTESIAN_POINT('',(134.40498033054,-53.6547541598,
    85.464136253795));
#1617 = CARTESIAN_POINT('',(137.44822085371,-53.6547541598,
    94.468693954097));
#1618 = CARTESIAN_POINT('',(140.49429016176,-53.6547541598,
    103.69317710164));
#1619 = CARTESIAN_POINT('',(143.49462910383,-53.6547541598,
    110.99953893225));
#1620 = CARTESIAN_POINT('',(146.72417797021,-53.6547541598,
    114.02395324486));
#1621 = CARTESIAN_POINT('',(149.9482544959,-53.6547541598,
    113.76767347395));
#1622 = CARTESIAN_POINT('',(153.05902197354,-53.6547541598,
    109.58181933589));
#1623 = CARTESIAN_POINT('',(156.1823448947,-53.6547541598,
    101.68033481279));
#1624 = CARTESIAN_POINT('',(159.26349640411,-53.6547541598,
    92.27659996442));
#1625 = CARTESIAN_POINT('',(162.34239928534,-53.6547541598,
    83.593186511637));
#1626 = CARTESIAN_POINT('',(165.48445737214,-53.6547541598,
    77.177938332205));
#1627 = CARTESIAN_POINT('',(168.50570143136,-53.6547541598,
    73.925109843261));
#1628 = CARTESIAN_POINT('',(171.66933616697,-53.6547541598,
    73.792159075559));
#1629 = CARTESIAN_POINT('',(174.91178962355,-53.6547541598,
    74.099995155715));
#1630 = CARTESIAN_POINT('',(178.01225428054,-53.6547541598,
    74.040244464665));
#1631 = CARTESIAN_POINT('',(181.15590657147,-53.6547541598,
    74.034963473411));
#1632 = CARTESIAN_POINT('',(184.27126615396,-53.6547541598,
    74.087433021989));
#1633 = CARTESIAN_POINT('',(187.39790359723,-53.6547541598,
    73.968675144093));
#1634 = CARTESIAN_POINT('',(190.52385449579,-53.6547541598,
    74.178976306244));
#1635 = CARTESIAN_POINT('',(193.65028817727,-53.6547541598,
    73.852929421688));
#1636 = CARTESIAN_POINT('',(196.80392382223,-53.6547541598,
    74.340131872639));
#1637 = CARTESIAN_POINT('',(199.94392637543,-53.6547541598,
    73.178802984778));
#1638 = CARTESIAN_POINT('',(203.16177795814,-53.6547541598,
    75.273618870106));
#1639 = CARTESIAN_POINT('',(206.35231406763,-53.6547541598,
    80.49476866134));
#1640 = CARTESIAN_POINT('',(209.36825782326,-53.6547541598,
    88.150129676797));
#1641 = CARTESIAN_POINT('',(212.37959561216,-53.6547541598,
    97.367975419507));
#1642 = CARTESIAN_POINT('',(215.39238910851,-53.6547541598,
    106.19203198061));
#1643 = CARTESIAN_POINT('',(218.421822624,-53.6547541598,112.49394469831
    ));
#1644 = CARTESIAN_POINT('',(221.72619309389,-53.6547541598,
    114.43254061138));
#1645 = CARTESIAN_POINT('',(224.87045067834,-53.6547541598,
    115.74758013477));
#1646 = CARTESIAN_POINT('',(227.99999999999,-53.6547541598,116.));
#1647 = CARTESIAN_POINT('',(-228.,-50.13556412035,116.));
#1648 = CARTESIAN_POINT('',(-224.8704506783,-50.13556412035,
    115.70560206548));
#1649 = CARTESIAN_POINT('',(-221.7261930938,-50.13556412035,
    114.29796182586));
#1650 = CARTESIAN_POINT('',(-218.421822624,-50.13556412035,111.612669889
    ));
#1651 = CARTESIAN_POINT('',(-215.3923891085,-50.13556412035,
    104.17205438358));
#1652 = CARTESIAN_POINT('',(-212.3795956121,-50.13556412035,
    94.438212915702));
#1653 = CARTESIAN_POINT('',(-209.3682578232,-50.13556412035,
    84.749355652795));
#1654 = CARTESIAN_POINT('',(-206.3523140676,-50.13556412035,
    77.403143043709));
#1655 = CARTESIAN_POINT('',(-203.1617779581,-50.13556412035,
    73.590212697219));
#1656 = CARTESIAN_POINT('',(-199.9439263754,-50.13556412035,
    74.236098610278));
#1657 = CARTESIAN_POINT('',(-196.8039238222,-50.13556412035,
    73.891593572124));
#1658 = CARTESIAN_POINT('',(-193.6502881772,-50.13556412035,
    74.054385556031));
#1659 = CARTESIAN_POINT('',(-190.5238544957,-50.13556412035,
    73.949354117441));
#1660 = CARTESIAN_POINT('',(-187.3979035972,-50.13556412035,
    74.013648977656));
#1661 = CARTESIAN_POINT('',(-184.2712661539,-50.13556412035,
    73.981193655644));
#1662 = CARTESIAN_POINT('',(-181.1559065714,-50.13556412035,
    73.988311839267));
#1663 = CARTESIAN_POINT('',(-178.0122542805,-50.13556412035,
    74.004679623679));
#1664 = CARTESIAN_POINT('',(-174.9117896235,-50.13556412035,
    73.951162465107));
#1665 = CARTESIAN_POINT('',(-171.6693361669,-50.13556412035,
    74.117573368937));
#1666 = CARTESIAN_POINT('',(-168.5057014313,-50.13556412035,
    73.730368767144));
#1667 = CARTESIAN_POINT('',(-165.4844573721,-50.13556412035,
    74.775531058377));
#1668 = CARTESIAN_POINT('',(-162.3423992853,-50.13556412035,
    80.283997574844));
#1669 = CARTESIAN_POINT('',(-159.2634964041,-50.13556412035,
    89.029228432131));
#1670 = CARTESIAN_POINT('',(-156.1823448947,-50.13556412035,
    99.163714676758));
#1671 = CARTESIAN_POINT('',(-153.0590219735,-50.13556412035,
    108.1207490758));
#1672 = CARTESIAN_POINT('',(-149.9482544959,-50.13556412035,
    113.35712538351));
#1673 = CARTESIAN_POINT('',(-146.7241779702,-50.13556412035,
    113.96303960215));
#1674 = CARTESIAN_POINT('',(-143.4946291038,-50.13556412035,
    109.71735562076));
#1675 = CARTESIAN_POINT('',(-140.4942901617,-50.13556412035,
    101.38735713142));
#1676 = CARTESIAN_POINT('',(-137.4482208537,-50.13556412035,
    91.322632186589));
#1677 = CARTESIAN_POINT('',(-134.4049803305,-50.13556412035,
    82.065474962394));
#1678 = CARTESIAN_POINT('',(-131.260957067,-50.13556412035,
    75.566017957197));
#1679 = CARTESIAN_POINT('',(-128.2097768072,-50.13556412035,
    73.408842954671));
#1680 = CARTESIAN_POINT('',(-125.1317400911,-50.13556412035,
    74.310069188136));
#1681 = CARTESIAN_POINT('',(-121.7828599083,-50.13556412035,
    73.839839150065));
#1682 = CARTESIAN_POINT('',(-118.7216058835,-50.13556412035,
    74.081788834527));
#1683 = CARTESIAN_POINT('',(-115.5420323229,-50.13556412035,
    73.93360113691));
#1684 = CARTESIAN_POINT('',(-112.4528648836,-50.13556412035,
    74.021745483329));
#1685 = CARTESIAN_POINT('',(-109.3040734641,-50.13556412035,
    73.979866251946));
#1686 = CARTESIAN_POINT('',(-106.2006800342,-50.13556412035,
    73.98268304791));
#1687 = CARTESIAN_POINT('',(-103.049220273,-50.13556412035,
    74.01833912552));
#1688 = CARTESIAN_POINT('',(-99.94497584182,-50.13556412035,
    73.92440744436));
#1689 = CARTESIAN_POINT('',(-96.65251730109,-50.13556412035,
    74.210820145839));
#1690 = CARTESIAN_POINT('',(-93.57852523436,-50.13556412035,
    73.493511681322));
#1691 = CARTESIAN_POINT('',(-90.50838704351,-50.13556412035,
    76.004865538716));
#1692 = CARTESIAN_POINT('',(-87.38288840939,-50.13556412035,
    82.700415308524));
#1693 = CARTESIAN_POINT('',(-84.31785444875,-50.13556412035,
    92.106431587578));
#1694 = CARTESIAN_POINT('',(-81.24214244136,-50.13556412035,
    102.16393554384));
#1695 = CARTESIAN_POINT('',(-78.12960500485,-50.13556412035,
    110.22925678268));
#1696 = CARTESIAN_POINT('',(-74.96906529327,-50.13556412035,
    113.94759733715));
#1697 = CARTESIAN_POINT('',(-71.73799895759,-50.13556412035,
    113.21023016652));
#1698 = CARTESIAN_POINT('',(-68.60106908076,-50.13556412035,
    107.49303121155));
#1699 = CARTESIAN_POINT('',(-65.56017338006,-50.13556412035,
    98.366622699848));
#1700 = CARTESIAN_POINT('',(-62.51301691864,-50.13556412035,
    88.284669608862));
#1701 = CARTESIAN_POINT('',(-59.44661269167,-50.13556412035,
    79.708865824075));
#1702 = CARTESIAN_POINT('',(-56.2794693162,-50.13556412035,
    74.422102519793));
#1703 = CARTESIAN_POINT('',(-53.30015135599,-50.13556412035,
    73.746976277178));
#1704 = CARTESIAN_POINT('',(-50.09160903077,-50.13556412035,
    74.148610210946));
#1705 = CARTESIAN_POINT('',(-46.82988298107,-50.13556412035,
    73.915243412167));
#1706 = CARTESIAN_POINT('',(-43.75098561487,-50.13556412035,
    74.034436941269));
#1707 = CARTESIAN_POINT('',(-40.59022498144,-50.13556412035,
    73.96244724924));
#1708 = CARTESIAN_POINT('',(-37.48657799801,-50.13556412035,
    74.007379566786));
#1709 = CARTESIAN_POINT('',(-34.35349204993,-50.13556412035,
    73.982304770683));
#1710 = CARTESIAN_POINT('',(-31.22924211799,-50.13556412035,
    73.991411035414));
#1711 = CARTESIAN_POINT('',(-28.10496678474,-50.13556412035,
    73.994023923744));
#1712 = CARTESIAN_POINT('',(-24.94210454386,-50.13556412035,
    73.984415160059));
#1713 = CARTESIAN_POINT('',(-21.65395320521,-50.13556412035,
    74.102581970283));
#1714 = CARTESIAN_POINT('',(-18.66692496727,-50.13556412035,
    73.75568533947));
#1715 = CARTESIAN_POINT('',(-15.52415536771,-50.13556412035,
    77.673692507742));
#1716 = CARTESIAN_POINT('',(-12.42987744782,-50.13556412035,
    85.391439552725));
#1717 = CARTESIAN_POINT('',(-9.377596847078,-50.13556412035,
    95.243220299671));
#1718 = CARTESIAN_POINT('',(-6.312968134846,-50.13556412035,
    104.96161751815));
#1719 = CARTESIAN_POINT('',(-3.20273059646,-50.13556412035,
    111.94473046889));
#1720 = CARTESIAN_POINT('',(-2.775557561563E-17,-50.13556412035,
    114.12850202149));
#1721 = CARTESIAN_POINT('',(3.20273059646,-50.13556412035,
    111.94473046889));
#1722 = CARTESIAN_POINT('',(6.312968134846,-50.13556412035,
    104.96161751815));
#1723 = CARTESIAN_POINT('',(9.377596847078,-50.13556412035,
    95.243220299671));
#1724 = CARTESIAN_POINT('',(12.429877447828,-50.13556412035,
    85.391439552725));
#1725 = CARTESIAN_POINT('',(15.524155367714,-50.13556412035,
    77.673692507742));
#1726 = CARTESIAN_POINT('',(18.666924967278,-50.13556412035,
    73.75568533947));
#1727 = CARTESIAN_POINT('',(21.653953205212,-50.13556412035,
    74.102581970283));
#1728 = CARTESIAN_POINT('',(24.942104543866,-50.13556412035,
    73.984415160059));
#1729 = CARTESIAN_POINT('',(28.104966784746,-50.13556412035,
    73.994023923744));
#1730 = CARTESIAN_POINT('',(31.229242117992,-50.13556412035,
    73.991411035414));
#1731 = CARTESIAN_POINT('',(34.353492049937,-50.13556412035,
    73.982304770683));
#1732 = CARTESIAN_POINT('',(37.486577998015,-50.13556412035,
    74.007379566786));
#1733 = CARTESIAN_POINT('',(40.590224981439,-50.13556412035,
    73.96244724924));
#1734 = CARTESIAN_POINT('',(43.75098561487,-50.13556412035,
    74.034436941269));
#1735 = CARTESIAN_POINT('',(46.82988298107,-50.13556412035,
    73.915243412167));
#1736 = CARTESIAN_POINT('',(50.091609030777,-50.13556412035,
    74.148610210946));
#1737 = CARTESIAN_POINT('',(53.30015135599,-50.13556412035,
    73.746976277178));
#1738 = CARTESIAN_POINT('',(56.279469316208,-50.13556412035,
    74.422102519793));
#1739 = CARTESIAN_POINT('',(59.446612691677,-50.13556412035,
    79.708865824075));
#1740 = CARTESIAN_POINT('',(62.513016918644,-50.13556412035,
    88.284669608862));
#1741 = CARTESIAN_POINT('',(65.560173380067,-50.13556412035,
    98.366622699848));
#1742 = CARTESIAN_POINT('',(68.601069080765,-50.13556412035,
    107.49303121155));
#1743 = CARTESIAN_POINT('',(71.73799895759,-50.13556412035,
    113.21023016652));
#1744 = CARTESIAN_POINT('',(74.969065293279,-50.13556412035,
    113.94759733715));
#1745 = CARTESIAN_POINT('',(78.129605004858,-50.13556412035,
    110.22925678268));
#1746 = CARTESIAN_POINT('',(81.242142441362,-50.13556412035,
    102.16393554384));
#1747 = CARTESIAN_POINT('',(84.317854448757,-50.13556412035,
    92.106431587578));
#1748 = CARTESIAN_POINT('',(87.382888409396,-50.13556412035,
    82.700415308524));
#1749 = CARTESIAN_POINT('',(90.508387043519,-50.13556412035,
    76.004865538715));
#1750 = CARTESIAN_POINT('',(93.578525234368,-50.13556412035,
    73.493511681322));
#1751 = CARTESIAN_POINT('',(96.652517301093,-50.13556412035,
    74.210820145839));
#1752 = CARTESIAN_POINT('',(99.944975841828,-50.13556412035,
    73.92440744436));
#1753 = CARTESIAN_POINT('',(103.04922027306,-50.13556412035,
    74.01833912552));
#1754 = CARTESIAN_POINT('',(106.20068003424,-50.13556412035,
    73.98268304791));
#1755 = CARTESIAN_POINT('',(109.30407346416,-50.13556412035,
    73.979866251946));
#1756 = CARTESIAN_POINT('',(112.45286488365,-50.13556412035,
    74.021745483328));
#1757 = CARTESIAN_POINT('',(115.54203232295,-50.13556412035,
    73.93360113691));
#1758 = CARTESIAN_POINT('',(118.72160588355,-50.13556412035,
    74.081788834527));
#1759 = CARTESIAN_POINT('',(121.78285990839,-50.13556412035,
    73.839839150065));
#1760 = CARTESIAN_POINT('',(125.13174009112,-50.13556412035,
    74.310069188136));
#1761 = CARTESIAN_POINT('',(128.20977680724,-50.13556412035,
    73.408842954671));
#1762 = CARTESIAN_POINT('',(131.26095706703,-50.13556412035,
    75.566017957197));
#1763 = CARTESIAN_POINT('',(134.40498033054,-50.13556412035,
    82.065474962393));
#1764 = CARTESIAN_POINT('',(137.44822085371,-50.13556412035,
    91.322632186589));
#1765 = CARTESIAN_POINT('',(140.49429016176,-50.13556412035,
    101.38735713142));
#1766 = CARTESIAN_POINT('',(143.49462910383,-50.13556412035,
    109.71735562076));
#1767 = CARTESIAN_POINT('',(146.72417797021,-50.13556412035,
    113.96303960215));
#1768 = CARTESIAN_POINT('',(149.9482544959,-50.13556412035,
    113.35712538351));
#1769 = CARTESIAN_POINT('',(153.05902197354,-50.13556412035,
    108.1207490758));
#1770 = CARTESIAN_POINT('',(156.1823448947,-50.13556412035,
    99.163714676758));
#1771 = CARTESIAN_POINT('',(159.26349640411,-50.13556412035,
    89.029228432132));
#1772 = CARTESIAN_POINT('',(162.34239928534,-50.13556412035,
    80.283997574844));
#1773 = CARTESIAN_POINT('',(165.48445737214,-50.13556412035,
    74.775531058377));
#1774 = CARTESIAN_POINT('',(168.50570143136,-50.13556412035,
    73.730368767144));
#1775 = CARTESIAN_POINT('',(171.66933616697,-50.13556412035,
    74.117573368938));
#1776 = CARTESIAN_POINT('',(174.91178962355,-50.13556412035,
    73.951162465107));
#1777 = CARTESIAN_POINT('',(178.01225428054,-50.13556412035,
    74.004679623679));
#1778 = CARTESIAN_POINT('',(181.15590657147,-50.13556412035,
    73.988311839267));
#1779 = CARTESIAN_POINT('',(184.27126615396,-50.13556412035,
    73.981193655645));
#1780 = CARTESIAN_POINT('',(187.39790359724,-50.13556412035,
    74.013648977656));
#1781 = CARTESIAN_POINT('',(190.52385449579,-50.13556412035,
    73.949354117441));
#1782 = CARTESIAN_POINT('',(193.65028817727,-50.13556412035,
    74.054385556031));
#1783 = CARTESIAN_POINT('',(196.80392382223,-50.13556412035,
    73.891593572124));
#1784 = CARTESIAN_POINT('',(199.94392637543,-50.13556412035,
    74.236098610278));
#1785 = CARTESIAN_POINT('',(203.16177795814,-50.13556412035,
    73.590212697219));
#1786 = CARTESIAN_POINT('',(206.35231406763,-50.13556412035,
    77.403143043709));
#1787 = CARTESIAN_POINT('',(209.36825782326,-50.13556412035,
    84.749355652795));
#1788 = CARTESIAN_POINT('',(212.37959561216,-50.13556412035,
    94.438212915702));
#1789 = CARTESIAN_POINT('',(215.39238910851,-50.13556412035,
    104.17205438358));
#1790 = CARTESIAN_POINT('',(218.421822624,-50.13556412035,111.612669889)
  );
#1791 = CARTESIAN_POINT('',(221.72619309389,-50.13556412035,
    114.29796182586));
#1792 = CARTESIAN_POINT('',(224.87045067835,-50.13556412035,
    115.70560206548));
#1793 = CARTESIAN_POINT('',(228.,-50.13556412035,116.));
#1794 = CARTESIAN_POINT('',(-228.,-46.71564272454,116.));
#1795 = CARTESIAN_POINT('',(-224.8704506783,-46.71564272454,
    115.68263729208));
#1796 = CARTESIAN_POINT('',(-221.7261930938,-46.71564272454,
    114.22402364088));
#1797 = CARTESIAN_POINT('',(-218.421822624,-46.71564272454,
    111.04885868806));
#1798 = CARTESIAN_POINT('',(-215.3923891085,-46.71564272454,
    102.99077721317));
#1799 = CARTESIAN_POINT('',(-212.3795956121,-46.71564272454,
    92.776980523904));
#1800 = CARTESIAN_POINT('',(-209.3682578232,-46.71564272454,
    82.916075845507));
#1801 = CARTESIAN_POINT('',(-206.3523140676,-46.71564272454,
    75.952989995872));
#1802 = CARTESIAN_POINT('',(-203.1617779581,-46.71564272454,
    73.384482977404));
#1803 = CARTESIAN_POINT('',(-199.9439263754,-46.71564272454,
    74.285028882669));
#1804 = CARTESIAN_POINT('',(-196.8039238222,-46.71564272454,
    73.828114794155));
#1805 = CARTESIAN_POINT('',(-193.6502881772,-46.71564272454,
    74.112198424705));
#1806 = CARTESIAN_POINT('',(-190.5238544957,-46.71564272454,
    73.932477637746));
#1807 = CARTESIAN_POINT('',(-187.3979035972,-46.71564272454,
    74.048004198347));
#1808 = CARTESIAN_POINT('',(-184.2712661539,-46.71564272454,
    73.976052278074));
#1809 = CARTESIAN_POINT('',(-181.1559065714,-46.71564272454,
    74.018914910114));
#1810 = CARTESIAN_POINT('',(-178.0122542805,-46.71564272454,
    73.99300006957));
#1811 = CARTESIAN_POINT('',(-174.9117896235,-46.71564272454,
    74.013937414458));
#1812 = CARTESIAN_POINT('',(-171.6693361669,-46.71564272454,
    73.971839086649));
#1813 = CARTESIAN_POINT('',(-168.5057014313,-46.71564272454,
    74.048433264287));
#1814 = CARTESIAN_POINT('',(-165.4844573721,-46.71564272454,
    73.952765262823));
#1815 = CARTESIAN_POINT('',(-162.3423992853,-46.71564272454,
    78.60653692855));
#1816 = CARTESIAN_POINT('',(-159.2634964041,-46.71564272454,
    87.248725508455));
#1817 = CARTESIAN_POINT('',(-156.1823448947,-46.71564272454,
    97.720895069733));
#1818 = CARTESIAN_POINT('',(-153.0590219735,-46.71564272454,
    107.2446534472));
#1819 = CARTESIAN_POINT('',(-149.9482544959,-46.71564272454,
    113.0709891654));
#1820 = CARTESIAN_POINT('',(-146.7241779702,-46.71564272454,
    113.84442678796));
#1821 = CARTESIAN_POINT('',(-143.4946291038,-46.71564272454,
    108.94450989574));
#1822 = CARTESIAN_POINT('',(-140.4942901617,-46.71564272454,
    100.05151261268));
#1823 = CARTESIAN_POINT('',(-137.4482208537,-46.71564272454,
    89.577348665823));
#1824 = CARTESIAN_POINT('',(-134.4049803305,-46.71564272454,
    80.288074601746));
#1825 = CARTESIAN_POINT('',(-131.260957067,-46.71564272454,
    74.427325146665));
#1826 = CARTESIAN_POINT('',(-128.2097768072,-46.71564272454,
    73.869520732825));
#1827 = CARTESIAN_POINT('',(-125.1317400911,-46.71564272454,
    74.02588294109));
#1828 = CARTESIAN_POINT('',(-121.7828599083,-46.71564272454,
    73.983318673185));
#1829 = CARTESIAN_POINT('',(-118.7216058835,-46.71564272454,
    74.014713731917));
#1830 = CARTESIAN_POINT('',(-115.5420323229,-46.71564272454,
    73.996445765917));
#1831 = CARTESIAN_POINT('',(-112.4528648836,-46.71564272454,
    74.006393567394));
#1832 = CARTESIAN_POINT('',(-109.3040734641,-46.71564272454,
    74.002735253506));
#1833 = CARTESIAN_POINT('',(-106.2006800342,-46.71564272454,
    74.000682668275));
#1834 = CARTESIAN_POINT('',(-103.049220273,-46.71564272454,
    74.009695237335));
#1835 = CARTESIAN_POINT('',(-99.94497584182,-46.71564272454,
    73.988070171758));
#1836 = CARTESIAN_POINT('',(-96.65251730109,-46.71564272454,
    74.02345817516));
#1837 = CARTESIAN_POINT('',(-93.57852523436,-46.71564272454,
    73.828862173169));
#1838 = CARTESIAN_POINT('',(-90.50838704351,-46.71564272454,
    74.810898090016));
#1839 = CARTESIAN_POINT('',(-87.38288840939,-46.71564272454,
    80.921449185986));
#1840 = CARTESIAN_POINT('',(-84.31785444875,-46.71564272454,
    90.391030582209));
#1841 = CARTESIAN_POINT('',(-81.24214244136,-46.71564272454,
    100.87682493637));
#1842 = CARTESIAN_POINT('',(-78.12960500485,-46.71564272454,
    109.53556455682));
#1843 = CARTESIAN_POINT('',(-74.96906529327,-46.71564272454,
    113.82019569129));
#1844 = CARTESIAN_POINT('',(-71.73799895758,-46.71564272454,
    112.89940702354));
#1845 = CARTESIAN_POINT('',(-68.60106908076,-46.71564272454,
    106.54739924688));
#1846 = CARTESIAN_POINT('',(-65.56017338006,-46.71564272454,
    96.878410516902));
#1847 = CARTESIAN_POINT('',(-62.51301691864,-46.71564272454,
    86.4829499939));
#1848 = CARTESIAN_POINT('',(-59.44661269167,-46.71564272454,
    78.044739923148));
#1849 = CARTESIAN_POINT('',(-56.2794693162,-46.71564272454,
    73.676687668925));
#1850 = CARTESIAN_POINT('',(-53.30015135599,-46.71564272454,
    74.141441819884));
#1851 = CARTESIAN_POINT('',(-50.09160903077,-46.71564272454,
    73.928434352271));
#1852 = CARTESIAN_POINT('',(-46.82988298107,-46.71564272454,
    74.040618899809));
#1853 = CARTESIAN_POINT('',(-43.75098561487,-46.71564272454,
    73.978343420112));
#1854 = CARTESIAN_POINT('',(-40.59022498143,-46.71564272454,
    74.022398303355));
#1855 = CARTESIAN_POINT('',(-37.48657799801,-46.71564272454,
    73.985900888231));
#1856 = CARTESIAN_POINT('',(-34.35349204993,-46.71564272454,
    74.021135449408));
#1857 = CARTESIAN_POINT('',(-31.22924211799,-46.71564272454,
    73.98072277025));
#1858 = CARTESIAN_POINT('',(-28.10496678474,-46.71564272454,
    74.037355701748));
#1859 = CARTESIAN_POINT('',(-24.94210454386,-46.71564272454,
    73.937012016809));
#1860 = CARTESIAN_POINT('',(-21.65395320521,-46.71564272454,
    74.136028277784));
#1861 = CARTESIAN_POINT('',(-18.66692496727,-46.71564272454,
    73.488792661299));
#1862 = CARTESIAN_POINT('',(-15.52415536771,-46.71564272454,
    76.200407607582));
#1863 = CARTESIAN_POINT('',(-12.42987744782,-46.71564272454,
    83.574873552377));
#1864 = CARTESIAN_POINT('',(-9.377596847078,-46.71564272454,
    93.625583017835));
#1865 = CARTESIAN_POINT('',(-6.312968134846,-46.71564272454,
    103.8428650964));
#1866 = CARTESIAN_POINT('',(-3.20273059646,-46.71564272454,
    111.43857560939));
#1867 = CARTESIAN_POINT('',(-2.775557561563E-17,-46.71564272454,
    114.04475316151));
#1868 = CARTESIAN_POINT('',(3.20273059646,-46.71564272454,
    111.43857560939));
#1869 = CARTESIAN_POINT('',(6.312968134846,-46.71564272454,
    103.8428650964));
#1870 = CARTESIAN_POINT('',(9.377596847078,-46.71564272454,
    93.625583017835));
#1871 = CARTESIAN_POINT('',(12.429877447828,-46.71564272454,
    83.574873552377));
#1872 = CARTESIAN_POINT('',(15.524155367714,-46.71564272454,
    76.200407607582));
#1873 = CARTESIAN_POINT('',(18.666924967278,-46.71564272454,
    73.488792661299));
#1874 = CARTESIAN_POINT('',(21.653953205213,-46.71564272454,
    74.136028277784));
#1875 = CARTESIAN_POINT('',(24.942104543865,-46.71564272454,
    73.937012016809));
#1876 = CARTESIAN_POINT('',(28.104966784746,-46.71564272454,
    74.037355701748));
#1877 = CARTESIAN_POINT('',(31.229242117992,-46.71564272454,
    73.98072277025));
#1878 = CARTESIAN_POINT('',(34.353492049936,-46.71564272454,
    74.021135449408));
#1879 = CARTESIAN_POINT('',(37.486577998015,-46.71564272454,
    73.985900888231));
#1880 = CARTESIAN_POINT('',(40.590224981439,-46.71564272454,
    74.022398303355));
#1881 = CARTESIAN_POINT('',(43.75098561487,-46.71564272454,
    73.978343420112));
#1882 = CARTESIAN_POINT('',(46.82988298107,-46.71564272454,
    74.040618899809));
#1883 = CARTESIAN_POINT('',(50.091609030777,-46.71564272454,
    73.928434352271));
#1884 = CARTESIAN_POINT('',(53.30015135599,-46.71564272454,
    74.141441819884));
#1885 = CARTESIAN_POINT('',(56.279469316208,-46.71564272454,
    73.676687668925));
#1886 = CARTESIAN_POINT('',(59.446612691677,-46.71564272454,
    78.044739923149));
#1887 = CARTESIAN_POINT('',(62.513016918644,-46.71564272454,
    86.4829499939));
#1888 = CARTESIAN_POINT('',(65.560173380067,-46.71564272454,
    96.878410516902));
#1889 = CARTESIAN_POINT('',(68.601069080765,-46.71564272454,
    106.54739924688));
#1890 = CARTESIAN_POINT('',(71.737998957589,-46.71564272454,
    112.89940702354));
#1891 = CARTESIAN_POINT('',(74.969065293279,-46.71564272454,
    113.82019569129));
#1892 = CARTESIAN_POINT('',(78.129605004858,-46.71564272454,
    109.53556455682));
#1893 = CARTESIAN_POINT('',(81.242142441362,-46.71564272454,
    100.87682493637));
#1894 = CARTESIAN_POINT('',(84.317854448756,-46.71564272454,
    90.391030582209));
#1895 = CARTESIAN_POINT('',(87.382888409396,-46.71564272454,
    80.921449185986));
#1896 = CARTESIAN_POINT('',(90.508387043519,-46.71564272454,
    74.810898090016));
#1897 = CARTESIAN_POINT('',(93.578525234368,-46.71564272454,
    73.828862173169));
#1898 = CARTESIAN_POINT('',(96.652517301093,-46.71564272454,
    74.02345817516));
#1899 = CARTESIAN_POINT('',(99.944975841827,-46.71564272454,
    73.988070171758));
#1900 = CARTESIAN_POINT('',(103.04922027306,-46.71564272454,
    74.009695237335));
#1901 = CARTESIAN_POINT('',(106.20068003424,-46.71564272454,
    74.000682668275));
#1902 = CARTESIAN_POINT('',(109.30407346416,-46.71564272454,
    74.002735253506));
#1903 = CARTESIAN_POINT('',(112.45286488364,-46.71564272454,
    74.006393567394));
#1904 = CARTESIAN_POINT('',(115.54203232295,-46.71564272454,
    73.996445765917));
#1905 = CARTESIAN_POINT('',(118.72160588355,-46.71564272454,
    74.014713731917));
#1906 = CARTESIAN_POINT('',(121.78285990839,-46.71564272454,
    73.983318673185));
#1907 = CARTESIAN_POINT('',(125.13174009112,-46.71564272454,
    74.02588294109));
#1908 = CARTESIAN_POINT('',(128.20977680724,-46.71564272454,
    73.869520732825));
#1909 = CARTESIAN_POINT('',(131.26095706703,-46.71564272454,
    74.427325146665));
#1910 = CARTESIAN_POINT('',(134.40498033054,-46.71564272454,
    80.288074601746));
#1911 = CARTESIAN_POINT('',(137.44822085371,-46.71564272454,
    89.577348665823));
#1912 = CARTESIAN_POINT('',(140.49429016176,-46.71564272454,
    100.05151261268));
#1913 = CARTESIAN_POINT('',(143.49462910383,-46.71564272454,
    108.94450989574));
#1914 = CARTESIAN_POINT('',(146.72417797021,-46.71564272454,
    113.84442678796));
#1915 = CARTESIAN_POINT('',(149.9482544959,-46.71564272454,
    113.0709891654));
#1916 = CARTESIAN_POINT('',(153.05902197354,-46.71564272454,
    107.2446534472));
#1917 = CARTESIAN_POINT('',(156.1823448947,-46.71564272454,
    97.720895069733));
#1918 = CARTESIAN_POINT('',(159.26349640411,-46.71564272454,
    87.248725508455));
#1919 = CARTESIAN_POINT('',(162.34239928534,-46.71564272454,
    78.60653692855));
#1920 = CARTESIAN_POINT('',(165.48445737214,-46.71564272454,
    73.952765262823));
#1921 = CARTESIAN_POINT('',(168.50570143136,-46.71564272454,
    74.048433264287));
#1922 = CARTESIAN_POINT('',(171.66933616697,-46.71564272454,
    73.971839086649));
#1923 = CARTESIAN_POINT('',(174.91178962354,-46.71564272454,
    74.013937414458));
#1924 = CARTESIAN_POINT('',(178.01225428054,-46.71564272454,
    73.99300006957));
#1925 = CARTESIAN_POINT('',(181.15590657147,-46.71564272454,
    74.018914910115));
#1926 = CARTESIAN_POINT('',(184.27126615396,-46.71564272454,
    73.976052278073));
#1927 = CARTESIAN_POINT('',(187.39790359723,-46.71564272454,
    74.048004198347));
#1928 = CARTESIAN_POINT('',(190.52385449579,-46.71564272454,
    73.932477637745));
#1929 = CARTESIAN_POINT('',(193.65028817727,-46.71564272454,
    74.112198424705));
#1930 = CARTESIAN_POINT('',(196.80392382223,-46.71564272454,
    73.828114794155));
#1931 = CARTESIAN_POINT('',(199.94392637543,-46.71564272454,
    74.285028882669));
#1932 = CARTESIAN_POINT('',(203.16177795814,-46.71564272454,
    73.384482977404));
#1933 = CARTESIAN_POINT('',(206.35231406763,-46.71564272454,
    75.952989995872));
#1934 = CARTESIAN_POINT('',(209.36825782326,-46.71564272454,
    82.916075845507));
#1935 = CARTESIAN_POINT('',(212.37959561216,-46.71564272454,
    92.776980523904));
#1936 = CARTESIAN_POINT('',(215.39238910851,-46.71564272454,
    102.99077721317));
#1937 = CARTESIAN_POINT('',(218.421822624,-46.71564272454,
    111.04885868806));
#1938 = CARTESIAN_POINT('',(221.72619309389,-46.71564272454,
    114.22402364088));
#1939 = CARTESIAN_POINT('',(224.87045067834,-46.71564272454,
    115.68263729208));
#1940 = CARTESIAN_POINT('',(228.,-46.71564272454,116.));
#1941 = CARTESIAN_POINT('',(-228.,-43.33989683513,116.));
#1942 = CARTESIAN_POINT('',(-224.8704506783,-43.33989683513,
    115.67253429245));
#1943 = CARTESIAN_POINT('',(-221.7261930938,-43.33989683513,
    114.19142406769));
#1944 = CARTESIAN_POINT('',(-218.421822624,-43.33989683513,
    110.78306063621));
#1945 = CARTESIAN_POINT('',(-215.3923891085,-43.33989683513,
    102.45473726222));
#1946 = CARTESIAN_POINT('',(-212.3795956121,-43.33989683513,
    92.03528565387));
#1947 = CARTESIAN_POINT('',(-209.3682578232,-43.33989683513,
    82.121899094736));
#1948 = CARTESIAN_POINT('',(-206.3523140676,-43.33989683513,
    75.387704415117));
#1949 = CARTESIAN_POINT('',(-203.1617779581,-43.33989683513,
    73.51199346187));
#1950 = CARTESIAN_POINT('',(-199.9439263754,-43.33989683513,
    74.232047012203));
#1951 = CARTESIAN_POINT('',(-196.8039238222,-43.33989683513,
    73.873609657382));
#1952 = CARTESIAN_POINT('',(-193.6502881772,-43.33989683513,
    74.078518840953));
#1953 = CARTESIAN_POINT('',(-190.5238544957,-43.33989683513,
    73.9460599946));
#1954 = CARTESIAN_POINT('',(-187.3979035972,-43.33989683513,
    74.030606618308));
#1955 = CARTESIAN_POINT('',(-184.2712661539,-43.33989683513,
    73.978721976477));
#1956 = CARTESIAN_POINT('',(-181.1559065714,-43.33989683513,
    74.008345665792));
#1957 = CARTESIAN_POINT('',(-178.0122542805,-43.33989683513,
    73.992745827914));
#1958 = CARTESIAN_POINT('',(-174.9117896235,-43.33989683513,
    74.002192742784));
#1959 = CARTESIAN_POINT('',(-171.6693361669,-43.33989683513,
    73.999922541384));
#1960 = CARTESIAN_POINT('',(-168.5057014313,-43.33989683513,
    74.029668433514));
#1961 = CARTESIAN_POINT('',(-165.4844573721,-43.33989683513,
    73.716660229693));
#1962 = CARTESIAN_POINT('',(-162.3423992853,-43.33989683513,
    77.908106870295));
#1963 = CARTESIAN_POINT('',(-159.2634964041,-43.33989683513,
    86.4355580117));
#1964 = CARTESIAN_POINT('',(-156.1823448947,-43.33989683513,
    97.061378652064));
#1965 = CARTESIAN_POINT('',(-153.0590219735,-43.33989683513,
    106.84426526712));
#1966 = CARTESIAN_POINT('',(-149.9482544959,-43.33989683513,
    112.93481610861));
#1967 = CARTESIAN_POINT('',(-146.7241779702,-43.33989683513,
    113.79002435354));
#1968 = CARTESIAN_POINT('',(-143.4946291038,-43.33989683513,
    108.58960369166));
#1969 = CARTESIAN_POINT('',(-140.4942901617,-43.33989683513,
    99.441981131526));
#1970 = CARTESIAN_POINT('',(-137.4482208537,-43.33989683513,
    88.772805258997));
#1971 = CARTESIAN_POINT('',(-134.4049803305,-43.33989683513,
    79.523380098157));
#1972 = CARTESIAN_POINT('',(-131.260957067,-43.33989683513,
    74.029729246147));
#1973 = CARTESIAN_POINT('',(-128.2097768072,-43.33989683513,
    73.970804433541));
#1974 = CARTESIAN_POINT('',(-125.1317400911,-43.33989683513,
    74.02308283186));
#1975 = CARTESIAN_POINT('',(-121.7828599083,-43.33989683513,
    73.990713895668));
#1976 = CARTESIAN_POINT('',(-118.7216058835,-43.33989683513,
    74.003256175355));
#1977 = CARTESIAN_POINT('',(-115.5420323229,-43.33989683513,
    73.995242972615));
#1978 = CARTESIAN_POINT('',(-112.4528648836,-43.33989683513,
    73.998773425636));
#1979 = CARTESIAN_POINT('',(-109.3040734641,-43.33989683513,
    73.99886913647));
#1980 = CARTESIAN_POINT('',(-106.2006800342,-43.33989683513,
    73.99503850817));
#1981 = CARTESIAN_POINT('',(-103.049220273,-43.33989683513,
    74.00419898597));
#1982 = CARTESIAN_POINT('',(-99.94497584182,-43.33989683513,
    73.987183838151));
#1983 = CARTESIAN_POINT('',(-96.65251730109,-43.33989683513,
    74.039421607793));
#1984 = CARTESIAN_POINT('',(-93.57852523436,-43.33989683513,
    73.893923660091));
#1985 = CARTESIAN_POINT('',(-90.50838704351,-43.33989683513,
    74.382569371812));
#1986 = CARTESIAN_POINT('',(-87.38288840939,-43.33989683513,
    80.151493430464));
#1987 = CARTESIAN_POINT('',(-84.31785444875,-43.33989683513,
    89.600871301156));
#1988 = CARTESIAN_POINT('',(-81.24214244136,-43.33989683513,
    100.28928335179));
#1989 = CARTESIAN_POINT('',(-78.12960500485,-43.33989683513,
    109.21703357488));
#1990 = CARTESIAN_POINT('',(-74.96906529327,-43.33989683513,
    113.76133937494));
#1991 = CARTESIAN_POINT('',(-71.73799895759,-43.33989683513,
    112.75162838576));
#1992 = CARTESIAN_POINT('',(-68.60106908076,-43.33989683513,
    106.11594892426));
#1993 = CARTESIAN_POINT('',(-65.56017338006,-43.33989683513,
    96.198015869043));
#1994 = CARTESIAN_POINT('',(-62.51301691864,-43.33989683513,
    85.660166170345));
#1995 = CARTESIAN_POINT('',(-59.44661269167,-43.33989683513,
    77.358128683804));
#1996 = CARTESIAN_POINT('',(-56.2794693162,-43.33989683513,
    73.480951265192));
#1997 = CARTESIAN_POINT('',(-53.30015135599,-43.33989683513,
    74.129553421913));
#1998 = CARTESIAN_POINT('',(-50.09160903077,-43.33989683513,
    73.958191533374));
#1999 = CARTESIAN_POINT('',(-46.82988298107,-43.33989683513,
    74.023894302045));
#2000 = CARTESIAN_POINT('',(-43.75098561487,-43.33989683513,
    73.981237879628));
#2001 = CARTESIAN_POINT('',(-40.59022498143,-43.33989683513,
    74.0111185897));
#2002 = CARTESIAN_POINT('',(-37.48657799801,-43.33989683513,
    73.985960677005));
#2003 = CARTESIAN_POINT('',(-34.35349204993,-43.33989683513,
    74.010716143948));
#2004 = CARTESIAN_POINT('',(-31.22924211799,-43.33989683513,
    73.981832987517));
#2005 = CARTESIAN_POINT('',(-28.10496678474,-43.33989683513,
    74.022960768825));
#2006 = CARTESIAN_POINT('',(-24.94210454386,-43.33989683513,
    73.955723657437));
#2007 = CARTESIAN_POINT('',(-21.65395320521,-43.33989683513,
    74.124621835455));
#2008 = CARTESIAN_POINT('',(-18.66692496727,-43.33989683513,
    73.547820874796));
#2009 = CARTESIAN_POINT('',(-15.52415536771,-43.33989683513,
    75.62398316914));
#2010 = CARTESIAN_POINT('',(-12.42987744782,-43.33989683513,
    82.763681889939));
#2011 = CARTESIAN_POINT('',(-9.377596847078,-43.33989683513,
    92.884871200855));
#2012 = CARTESIAN_POINT('',(-6.312968134846,-43.33989683513,
    103.33265497146));
#2013 = CARTESIAN_POINT('',(-3.20273059646,-43.33989683513,
    111.20357729194));
#2014 = CARTESIAN_POINT('',(-2.775557561563E-17,-43.33989683513,
    114.0113141134));
#2015 = CARTESIAN_POINT('',(3.20273059646,-43.33989683513,
    111.20357729194));
#2016 = CARTESIAN_POINT('',(6.312968134846,-43.33989683513,
    103.33265497146));
#2017 = CARTESIAN_POINT('',(9.377596847078,-43.33989683513,
    92.884871200855));
#2018 = CARTESIAN_POINT('',(12.429877447828,-43.33989683513,
    82.763681889939));
#2019 = CARTESIAN_POINT('',(15.524155367714,-43.33989683513,
    75.62398316914));
#2020 = CARTESIAN_POINT('',(18.666924967278,-43.33989683513,
    73.547820874796));
#2021 = CARTESIAN_POINT('',(21.653953205212,-43.33989683513,
    74.124621835455));
#2022 = CARTESIAN_POINT('',(24.942104543866,-43.33989683513,
    73.955723657438));
#2023 = CARTESIAN_POINT('',(28.104966784746,-43.33989683513,
    74.022960768825));
#2024 = CARTESIAN_POINT('',(31.229242117992,-43.33989683513,
    73.981832987517));
#2025 = CARTESIAN_POINT('',(34.353492049937,-43.33989683513,
    74.010716143948));
#2026 = CARTESIAN_POINT('',(37.486577998015,-43.33989683513,
    73.985960677005));
#2027 = CARTESIAN_POINT('',(40.590224981439,-43.33989683513,
    74.0111185897));
#2028 = CARTESIAN_POINT('',(43.75098561487,-43.33989683513,
    73.981237879628));
#2029 = CARTESIAN_POINT('',(46.82988298107,-43.33989683513,
    74.023894302045));
#2030 = CARTESIAN_POINT('',(50.091609030777,-43.33989683513,
    73.958191533374));
#2031 = CARTESIAN_POINT('',(53.30015135599,-43.33989683513,
    74.129553421913));
#2032 = CARTESIAN_POINT('',(56.279469316208,-43.33989683513,
    73.480951265192));
#2033 = CARTESIAN_POINT('',(59.446612691677,-43.33989683513,
    77.358128683804));
#2034 = CARTESIAN_POINT('',(62.513016918644,-43.33989683513,
    85.660166170345));
#2035 = CARTESIAN_POINT('',(65.560173380067,-43.33989683513,
    96.198015869043));
#2036 = CARTESIAN_POINT('',(68.601069080765,-43.33989683513,
    106.11594892426));
#2037 = CARTESIAN_POINT('',(71.73799895759,-43.33989683513,
    112.75162838576));
#2038 = CARTESIAN_POINT('',(74.969065293279,-43.33989683513,
    113.76133937494));
#2039 = CARTESIAN_POINT('',(78.129605004858,-43.33989683513,
    109.21703357488));
#2040 = CARTESIAN_POINT('',(81.242142441362,-43.33989683513,
    100.28928335179));
#2041 = CARTESIAN_POINT('',(84.317854448757,-43.33989683513,
    89.600871301156));
#2042 = CARTESIAN_POINT('',(87.382888409396,-43.33989683513,
    80.151493430464));
#2043 = CARTESIAN_POINT('',(90.508387043519,-43.33989683513,
    74.382569371812));
#2044 = CARTESIAN_POINT('',(93.578525234368,-43.33989683513,
    73.893923660091));
#2045 = CARTESIAN_POINT('',(96.652517301093,-43.33989683513,
    74.039421607793));
#2046 = CARTESIAN_POINT('',(99.944975841828,-43.33989683513,
    73.987183838151));
#2047 = CARTESIAN_POINT('',(103.04922027306,-43.33989683513,
    74.00419898597));
#2048 = CARTESIAN_POINT('',(106.20068003424,-43.33989683513,
    73.99503850817));
#2049 = CARTESIAN_POINT('',(109.30407346416,-43.33989683513,
    73.99886913647));
#2050 = CARTESIAN_POINT('',(112.45286488364,-43.33989683513,
    73.998773425636));
#2051 = CARTESIAN_POINT('',(115.54203232295,-43.33989683513,
    73.995242972615));
#2052 = CARTESIAN_POINT('',(118.72160588355,-43.33989683513,
    74.003256175354));
#2053 = CARTESIAN_POINT('',(121.78285990839,-43.33989683513,
    73.990713895669));
#2054 = CARTESIAN_POINT('',(125.13174009112,-43.33989683513,
    74.02308283186));
#2055 = CARTESIAN_POINT('',(128.20977680724,-43.33989683513,
    73.970804433541));
#2056 = CARTESIAN_POINT('',(131.26095706703,-43.33989683513,
    74.029729246147));
#2057 = CARTESIAN_POINT('',(134.40498033054,-43.33989683513,
    79.523380098158));
#2058 = CARTESIAN_POINT('',(137.44822085371,-43.33989683513,
    88.772805258998));
#2059 = CARTESIAN_POINT('',(140.49429016176,-43.33989683513,
    99.441981131526));
#2060 = CARTESIAN_POINT('',(143.49462910383,-43.33989683513,
    108.58960369166));
#2061 = CARTESIAN_POINT('',(146.72417797021,-43.33989683513,
    113.79002435354));
#2062 = CARTESIAN_POINT('',(149.9482544959,-43.33989683513,
    112.93481610861));
#2063 = CARTESIAN_POINT('',(153.05902197354,-43.33989683513,
    106.84426526712));
#2064 = CARTESIAN_POINT('',(156.1823448947,-43.33989683513,
    97.061378652064));
#2065 = CARTESIAN_POINT('',(159.26349640411,-43.33989683513,
    86.4355580117));
#2066 = CARTESIAN_POINT('',(162.34239928534,-43.33989683513,
    77.908106870295));
#2067 = CARTESIAN_POINT('',(165.48445737214,-43.33989683513,
    73.716660229693));
#2068 = CARTESIAN_POINT('',(168.50570143136,-43.33989683513,
    74.029668433514));
#2069 = CARTESIAN_POINT('',(171.66933616697,-43.33989683513,
    73.999922541384));
#2070 = CARTESIAN_POINT('',(174.91178962355,-43.33989683513,
    74.002192742784));
#2071 = CARTESIAN_POINT('',(178.01225428054,-43.33989683513,
    73.992745827914));
#2072 = CARTESIAN_POINT('',(181.15590657147,-43.33989683513,
    74.008345665791));
#2073 = CARTESIAN_POINT('',(184.27126615396,-43.33989683513,
    73.978721976477));
#2074 = CARTESIAN_POINT('',(187.39790359724,-43.33989683513,
    74.030606618308));
#2075 = CARTESIAN_POINT('',(190.52385449579,-43.33989683513,
    73.9460599946));
#2076 = CARTESIAN_POINT('',(193.65028817727,-43.33989683513,
    74.078518840953));
#2077 = CARTESIAN_POINT('',(196.80392382223,-43.33989683513,
    73.873609657382));
#2078 = CARTESIAN_POINT('',(199.94392637543,-43.33989683513,
    74.232047012203));
#2079 = CARTESIAN_POINT('',(203.16177795814,-43.33989683513,
    73.51199346187));
#2080 = CARTESIAN_POINT('',(206.35231406763,-43.33989683513,
    75.387704415117));
#2081 = CARTESIAN_POINT('',(209.36825782326,-43.33989683513,
    82.121899094736));
#2082 = CARTESIAN_POINT('',(212.37959561216,-43.33989683513,
    92.03528565387));
#2083 = CARTESIAN_POINT('',(215.39238910851,-43.33989683513,
    102.45473726222));
#2084 = CARTESIAN_POINT('',(218.421822624,-43.33989683513,
    110.78306063621));
#2085 = CARTESIAN_POINT('',(221.72619309389,-43.33989683513,
    114.19142406769));
#2086 = CARTESIAN_POINT('',(224.87045067834,-43.33989683513,
    115.67253429245));
#2087 = CARTESIAN_POINT('',(228.,-43.33989683513,116.));
#2088 = CARTESIAN_POINT('',(-228.,-40.00952403794,116.));
#2089 = CARTESIAN_POINT('',(-224.8704506783,-40.00952403794,
    115.66970237037));
#2090 = CARTESIAN_POINT('',(-221.7261930938,-40.00952403794,
    114.1822836149));
#2091 = CARTESIAN_POINT('',(-218.421822624,-40.00952403794,
    110.70755816957));
#2092 = CARTESIAN_POINT('',(-215.3923891085,-40.00952403794,
    102.3038882817));
#2093 = CARTESIAN_POINT('',(-212.3795956121,-40.00952403794,
    91.826830008394));
#2094 = CARTESIAN_POINT('',(-209.3682578232,-40.00952403794,
    81.899539534501));
#2095 = CARTESIAN_POINT('',(-206.3523140676,-40.00952403794,
    75.231404447618));
#2096 = CARTESIAN_POINT('',(-203.1617779581,-40.00952403794,
    73.555730597079));
#2097 = CARTESIAN_POINT('',(-199.9439263754,-40.00952403794,
    74.221860874349));
#2098 = CARTESIAN_POINT('',(-196.8039238222,-40.00952403794,
    73.864712505579));
#2099 = CARTESIAN_POINT('',(-193.6502881772,-40.00952403794,
    74.085843724582));
#2100 = CARTESIAN_POINT('',(-190.5238544957,-40.00952403794,
    73.947350142209));
#2101 = CARTESIAN_POINT('',(-187.3979035972,-40.00952403794,
    74.037817495413));
#2102 = CARTESIAN_POINT('',(-184.2712661539,-40.00952403794,
    73.980808002161));
#2103 = CARTESIAN_POINT('',(-181.1559065714,-40.00952403794,
    74.016085493027));
#2104 = CARTESIAN_POINT('',(-178.0122542805,-40.00952403794,
    73.991734151947));
#2105 = CARTESIAN_POINT('',(-174.9117896235,-40.00952403794,
    74.013888047837));
#2106 = CARTESIAN_POINT('',(-171.6693361669,-40.00952403794,
    73.963833279563));
#2107 = CARTESIAN_POINT('',(-168.5057014313,-40.00952403794,
    74.098374573601));
#2108 = CARTESIAN_POINT('',(-165.4844573721,-40.00952403794,
    73.691501292067));
#2109 = CARTESIAN_POINT('',(-162.3423992853,-40.00952403794,
    77.717280098706));
#2110 = CARTESIAN_POINT('',(-159.2634964041,-40.00952403794,
    86.264036600659));
#2111 = CARTESIAN_POINT('',(-156.1823448947,-40.00952403794,
    96.895386009981));
#2112 = CARTESIAN_POINT('',(-153.0590219735,-40.00952403794,
    106.72838820916));
#2113 = CARTESIAN_POINT('',(-149.9482544959,-40.00952403794,
    112.88942131991));
#2114 = CARTESIAN_POINT('',(-146.7241779702,-40.00952403794,
    113.76516593225));
#2115 = CARTESIAN_POINT('',(-143.4946291038,-40.00952403794,
    108.48457819012));
#2116 = CARTESIAN_POINT('',(-140.4942901617,-40.00952403794,
    99.281936359046));
#2117 = CARTESIAN_POINT('',(-137.4482208537,-40.00952403794,
    88.605619180109));
#2118 = CARTESIAN_POINT('',(-134.4049803305,-40.00952403794,
    79.327085778864));
#2119 = CARTESIAN_POINT('',(-131.260957067,-40.00952403794,
    73.93191372843));
#2120 = CARTESIAN_POINT('',(-128.2097768072,-40.00952403794,
    74.054464219263));
#2121 = CARTESIAN_POINT('',(-125.1317400911,-40.00952403794,
    73.968765423131));
#2122 = CARTESIAN_POINT('',(-121.7828599083,-40.00952403794,
    74.012028179439));
#2123 = CARTESIAN_POINT('',(-118.7216058835,-40.00952403794,
    73.99402532158));
#2124 = CARTESIAN_POINT('',(-115.5420323229,-40.00952403794,
    74.007788147476));
#2125 = CARTESIAN_POINT('',(-112.4528648836,-40.00952403794,
    73.998905485702));
#2126 = CARTESIAN_POINT('',(-109.3040734641,-40.00952403794,
    74.005221921015));
#2127 = CARTESIAN_POINT('',(-106.2006800342,-40.00952403794,
    74.000256598059));
#2128 = CARTESIAN_POINT('',(-103.049220273,-40.00952403794,
    74.004338798686));
#2129 = CARTESIAN_POINT('',(-99.94497584182,-40.00952403794,
    73.994978443496));
#2130 = CARTESIAN_POINT('',(-96.65251730109,-40.00952403794,
    74.000502453034));
#2131 = CARTESIAN_POINT('',(-93.57852523436,-40.00952403794,
    73.964051390552));
#2132 = CARTESIAN_POINT('',(-90.50838704351,-40.00952403794,
    74.275725684309));
#2133 = CARTESIAN_POINT('',(-87.38288840939,-40.00952403794,
    79.957552807641));
#2134 = CARTESIAN_POINT('',(-84.31785444875,-40.00952403794,
    89.433770882048));
#2135 = CARTESIAN_POINT('',(-81.24214244136,-40.00952403794,
    100.13383579192));
#2136 = CARTESIAN_POINT('',(-78.12960500485,-40.00952403794,
    109.12170721906));
#2137 = CARTESIAN_POINT('',(-74.96906529327,-40.00952403794,
    113.73540325879));
#2138 = CARTESIAN_POINT('',(-71.73799895758,-40.00952403794,
    112.70324059949));
#2139 = CARTESIAN_POINT('',(-68.60106908076,-40.00952403794,
    105.99177076774));
#2140 = CARTESIAN_POINT('',(-65.56017338006,-40.00952403794,
    96.028372827924));
#2141 = CARTESIAN_POINT('',(-62.51301691864,-40.00952403794,
    85.488852191184));
#2142 = CARTESIAN_POINT('',(-59.44661269167,-40.00952403794,
    77.165615097675));
#2143 = CARTESIAN_POINT('',(-56.2794693162,-40.00952403794,
    73.472044556912));
#2144 = CARTESIAN_POINT('',(-53.30015135599,-40.00952403794,
    74.201437386424));
#2145 = CARTESIAN_POINT('',(-50.09160903077,-40.00952403794,
    73.910774751167));
#2146 = CARTESIAN_POINT('',(-46.82988298107,-40.00952403794,
    74.046919519577));
#2147 = CARTESIAN_POINT('',(-43.75098561487,-40.00952403794,
    73.972262955763));
#2148 = CARTESIAN_POINT('',(-40.59022498143,-40.00952403794,
    74.02441379801));
#2149 = CARTESIAN_POINT('',(-37.48657799801,-40.00952403794,
    73.984623906609));
#2150 = CARTESIAN_POINT('',(-34.35349204993,-40.00952403794,
    74.019551722569));
#2151 = CARTESIAN_POINT('',(-31.22924211799,-40.00952403794,
    73.98289759298));
#2152 = CARTESIAN_POINT('',(-28.10496678474,-40.00952403794,
    74.029283208445));
#2153 = CARTESIAN_POINT('',(-24.94210454386,-40.00952403794,
    73.946988508252));
#2154 = CARTESIAN_POINT('',(-21.65395320521,-40.00952403794,
    74.112263905713));
#2155 = CARTESIAN_POINT('',(-18.66692496727,-40.00952403794,
    73.637070666361));
#2156 = CARTESIAN_POINT('',(-15.52415536771,-40.00952403794,
    75.460116814426));
#2157 = CARTESIAN_POINT('',(-12.42987744782,-40.00952403794,
    82.579754573809));
#2158 = CARTESIAN_POINT('',(-9.377596847078,-40.00952403794,
    92.710513642734));
#2159 = CARTESIAN_POINT('',(-6.312968134846,-40.00952403794,
    103.19145134757));
#2160 = CARTESIAN_POINT('',(-3.20273059646,-40.00952403794,
    111.13047484836));
#2161 = CARTESIAN_POINT('',(-2.775557561563E-17,-40.00952403794,
    113.99528959418));
#2162 = CARTESIAN_POINT('',(3.20273059646,-40.00952403794,
    111.13047484836));
#2163 = CARTESIAN_POINT('',(6.312968134846,-40.00952403794,
    103.19145134757));
#2164 = CARTESIAN_POINT('',(9.377596847078,-40.00952403794,
    92.710513642734));
#2165 = CARTESIAN_POINT('',(12.429877447828,-40.00952403794,
    82.579754573809));
#2166 = CARTESIAN_POINT('',(15.524155367714,-40.00952403794,
    75.460116814426));
#2167 = CARTESIAN_POINT('',(18.666924967278,-40.00952403794,
    73.637070666361));
#2168 = CARTESIAN_POINT('',(21.653953205212,-40.00952403794,
    74.112263905713));
#2169 = CARTESIAN_POINT('',(24.942104543865,-40.00952403794,
    73.946988508252));
#2170 = CARTESIAN_POINT('',(28.104966784746,-40.00952403794,
    74.029283208445));
#2171 = CARTESIAN_POINT('',(31.229242117992,-40.00952403794,
    73.98289759298));
#2172 = CARTESIAN_POINT('',(34.353492049936,-40.00952403794,
    74.019551722569));
#2173 = CARTESIAN_POINT('',(37.486577998015,-40.00952403794,
    73.984623906609));
#2174 = CARTESIAN_POINT('',(40.590224981439,-40.00952403794,
    74.02441379801));
#2175 = CARTESIAN_POINT('',(43.75098561487,-40.00952403794,
    73.972262955763));
#2176 = CARTESIAN_POINT('',(46.82988298107,-40.00952403794,
    74.046919519577));
#2177 = CARTESIAN_POINT('',(50.091609030777,-40.00952403794,
    73.910774751167));
#2178 = CARTESIAN_POINT('',(53.30015135599,-40.00952403794,
    74.201437386424));
#2179 = CARTESIAN_POINT('',(56.279469316208,-40.00952403794,
    73.472044556912));
#2180 = CARTESIAN_POINT('',(59.446612691677,-40.00952403794,
    77.165615097675));
#2181 = CARTESIAN_POINT('',(62.513016918644,-40.00952403794,
    85.488852191184));
#2182 = CARTESIAN_POINT('',(65.560173380067,-40.00952403794,
    96.028372827924));
#2183 = CARTESIAN_POINT('',(68.601069080765,-40.00952403794,
    105.99177076774));
#2184 = CARTESIAN_POINT('',(71.737998957589,-40.00952403794,
    112.70324059949));
#2185 = CARTESIAN_POINT('',(74.969065293279,-40.00952403794,
    113.73540325879));
#2186 = CARTESIAN_POINT('',(78.129605004858,-40.00952403794,
    109.12170721906));
#2187 = CARTESIAN_POINT('',(81.242142441362,-40.00952403794,
    100.13383579192));
#2188 = CARTESIAN_POINT('',(84.317854448757,-40.00952403794,
    89.433770882048));
#2189 = CARTESIAN_POINT('',(87.382888409396,-40.00952403794,
    79.957552807641));
#2190 = CARTESIAN_POINT('',(90.508387043519,-40.00952403794,
    74.275725684309));
#2191 = CARTESIAN_POINT('',(93.578525234368,-40.00952403794,
    73.964051390552));
#2192 = CARTESIAN_POINT('',(96.652517301093,-40.00952403794,
    74.000502453034));
#2193 = CARTESIAN_POINT('',(99.944975841827,-40.00952403794,
    73.994978443496));
#2194 = CARTESIAN_POINT('',(103.04922027306,-40.00952403794,
    74.004338798686));
#2195 = CARTESIAN_POINT('',(106.20068003424,-40.00952403794,
    74.000256598059));
#2196 = CARTESIAN_POINT('',(109.30407346416,-40.00952403794,
    74.005221921015));
#2197 = CARTESIAN_POINT('',(112.45286488364,-40.00952403794,
    73.998905485702));
#2198 = CARTESIAN_POINT('',(115.54203232295,-40.00952403794,
    74.007788147476));
#2199 = CARTESIAN_POINT('',(118.72160588355,-40.00952403794,
    73.99402532158));
#2200 = CARTESIAN_POINT('',(121.78285990839,-40.00952403794,
    74.012028179439));
#2201 = CARTESIAN_POINT('',(125.13174009112,-40.00952403794,
    73.968765423131));
#2202 = CARTESIAN_POINT('',(128.20977680724,-40.00952403794,
    74.054464219263));
#2203 = CARTESIAN_POINT('',(131.26095706703,-40.00952403794,
    73.93191372843));
#2204 = CARTESIAN_POINT('',(134.40498033054,-40.00952403794,
    79.327085778864));
#2205 = CARTESIAN_POINT('',(137.44822085371,-40.00952403794,
    88.605619180109));
#2206 = CARTESIAN_POINT('',(140.49429016176,-40.00952403794,
    99.281936359046));
#2207 = CARTESIAN_POINT('',(143.49462910383,-40.00952403794,
    108.48457819012));
#2208 = CARTESIAN_POINT('',(146.72417797021,-40.00952403794,
    113.76516593225));
#2209 = CARTESIAN_POINT('',(149.9482544959,-40.00952403794,
    112.88942131991));
#2210 = CARTESIAN_POINT('',(153.05902197354,-40.00952403794,
    106.72838820916));
#2211 = CARTESIAN_POINT('',(156.1823448947,-40.00952403794,
    96.89538600998));
#2212 = CARTESIAN_POINT('',(159.26349640411,-40.00952403794,
    86.264036600659));
#2213 = CARTESIAN_POINT('',(162.34239928534,-40.00952403794,
    77.717280098706));
#2214 = CARTESIAN_POINT('',(165.48445737214,-40.00952403794,
    73.691501292067));
#2215 = CARTESIAN_POINT('',(168.50570143136,-40.00952403794,
    74.098374573601));
#2216 = CARTESIAN_POINT('',(171.66933616697,-40.00952403794,
    73.963833279563));
#2217 = CARTESIAN_POINT('',(174.91178962354,-40.00952403794,
    74.013888047837));
#2218 = CARTESIAN_POINT('',(178.01225428054,-40.00952403794,
    73.991734151947));
#2219 = CARTESIAN_POINT('',(181.15590657147,-40.00952403794,
    74.016085493027));
#2220 = CARTESIAN_POINT('',(184.27126615396,-40.00952403794,
    73.980808002161));
#2221 = CARTESIAN_POINT('',(187.39790359723,-40.00952403794,
    74.037817495413));
#2222 = CARTESIAN_POINT('',(190.52385449579,-40.00952403794,
    73.947350142209));
#2223 = CARTESIAN_POINT('',(193.65028817727,-40.00952403794,
    74.085843724582));
#2224 = CARTESIAN_POINT('',(196.80392382223,-40.00952403794,
    73.864712505579));
#2225 = CARTESIAN_POINT('',(199.94392637543,-40.00952403794,
    74.221860874349));
#2226 = CARTESIAN_POINT('',(203.16177795814,-40.00952403794,
    73.555730597079));
#2227 = CARTESIAN_POINT('',(206.35231406763,-40.00952403794,
    75.231404447619));
#2228 = CARTESIAN_POINT('',(209.36825782326,-40.00952403794,
    81.8995395345));
#2229 = CARTESIAN_POINT('',(212.37959561216,-40.00952403794,
    91.826830008394));
#2230 = CARTESIAN_POINT('',(215.39238910851,-40.00952403794,
    102.3038882817));
#2231 = CARTESIAN_POINT('',(218.421822624,-40.00952403794,
    110.70755816957));
#2232 = CARTESIAN_POINT('',(221.72619309389,-40.00952403794,
    114.1822836149));
#2233 = CARTESIAN_POINT('',(224.87045067834,-40.00952403794,
    115.66970237037));
#2234 = CARTESIAN_POINT('',(228.,-40.00952403794,116.));
#2235 = CARTESIAN_POINT('',(-228.,-36.65116991321,116.));
#2236 = CARTESIAN_POINT('',(-224.8704506783,-36.65116991321,
    115.67017222198));
#2237 = CARTESIAN_POINT('',(-221.7261930938,-36.65116991321,
    114.1837953944));
#2238 = CARTESIAN_POINT('',(-218.421822624,-36.65116991321,
    110.71941691617));
#2239 = CARTESIAN_POINT('',(-215.3923891085,-36.65116991321,
    102.3278815656));
#2240 = CARTESIAN_POINT('',(-212.3795956121,-36.65116991321,
    91.861039276425));
#2241 = CARTESIAN_POINT('',(-209.3682578232,-36.65116991321,
    81.93783787033));
#2242 = CARTESIAN_POINT('',(-206.3523140676,-36.65116991321,
    75.26376526073));
#2243 = CARTESIAN_POINT('',(-203.1617779581,-36.65116991321,
    73.565859150148));
#2244 = CARTESIAN_POINT('',(-199.9439263754,-36.65116991321,
    74.187283313569));
#2245 = CARTESIAN_POINT('',(-196.8039238222,-36.65116991321,
    73.906474398293));
#2246 = CARTESIAN_POINT('',(-193.6502881772,-36.65116991321,
    74.059406532417));
#2247 = CARTESIAN_POINT('',(-190.5238544957,-36.65116991321,
    73.956593452486));
#2248 = CARTESIAN_POINT('',(-187.3979035972,-36.65116991321,
    74.02076906567));
#2249 = CARTESIAN_POINT('',(-184.2712661539,-36.65116991321,
    73.981445479037));
#2250 = CARTESIAN_POINT('',(-181.1559065714,-36.65116991321,
    74.003512608383));
#2251 = CARTESIAN_POINT('',(-178.0122542805,-36.65116991321,
    73.993505477616));
#2252 = CARTESIAN_POINT('',(-174.9117896235,-36.65116991321,
    74.000891831207));
#2253 = CARTESIAN_POINT('',(-171.6693361669,-36.65116991321,
    74.01056438083));
#2254 = CARTESIAN_POINT('',(-168.5057014313,-36.65116991321,
    74.010898229767));
#2255 = CARTESIAN_POINT('',(-165.4844573721,-36.65116991321,
    73.652921370906));
#2256 = CARTESIAN_POINT('',(-162.3423992853,-36.65116991321,
    77.747036485427));
#2257 = CARTESIAN_POINT('',(-159.2634964041,-36.65116991321,
    86.207182850519));
#2258 = CARTESIAN_POINT('',(-156.1823448947,-36.65116991321,
    96.892633753093));
#2259 = CARTESIAN_POINT('',(-153.0590219735,-36.65116991321,
    106.75115650073));
#2260 = CARTESIAN_POINT('',(-149.9482544959,-36.65116991321,
    112.90637440298));
#2261 = CARTESIAN_POINT('',(-146.7241779702,-36.65116991321,
    113.78012784795));
#2262 = CARTESIAN_POINT('',(-143.4946291038,-36.65116991321,
    108.50884213525));
#2263 = CARTESIAN_POINT('',(-140.4942901617,-36.65116991321,
    99.290133570333));
#2264 = CARTESIAN_POINT('',(-137.4482208537,-36.65116991321,
    88.544423638351));
#2265 = CARTESIAN_POINT('',(-134.4049803305,-36.65116991321,
    79.335882574139));
#2266 = CARTESIAN_POINT('',(-131.260957067,-36.65116991321,
    73.942045215691));
#2267 = CARTESIAN_POINT('',(-128.2097768072,-36.65116991321,
    73.966726008171));
#2268 = CARTESIAN_POINT('',(-125.1317400911,-36.65116991321,
    74.025819119543));
#2269 = CARTESIAN_POINT('',(-121.7828599083,-36.65116991321,
    73.994897704832));
#2270 = CARTESIAN_POINT('',(-118.7216058835,-36.65116991321,
    74.000925826154));
#2271 = CARTESIAN_POINT('',(-115.5420323229,-36.65116991321,
    73.994188244363));
#2272 = CARTESIAN_POINT('',(-112.4528648836,-36.65116991321,
    73.99632634757));
#2273 = CARTESIAN_POINT('',(-109.3040734641,-36.65116991321,
    73.996890538441));
#2274 = CARTESIAN_POINT('',(-106.2006800342,-36.65116991321,
    73.993464640954));
#2275 = CARTESIAN_POINT('',(-103.049220273,-36.65116991321,
    74.00269151575));
#2276 = CARTESIAN_POINT('',(-99.94497584182,-36.65116991321,
    73.990988792897));
#2277 = CARTESIAN_POINT('',(-96.65251730109,-36.65116991321,
    74.042969550475));
#2278 = CARTESIAN_POINT('',(-93.57852523436,-36.65116991321,
    73.88440557677));
#2279 = CARTESIAN_POINT('',(-90.50838704351,-36.65116991321,
    74.287055488401));
#2280 = CARTESIAN_POINT('',(-87.38288840939,-36.65116991321,
    79.959854424472));
#2281 = CARTESIAN_POINT('',(-84.31785444875,-36.65116991321,
    89.3784067863));
#2282 = CARTESIAN_POINT('',(-81.24214244136,-36.65116991321,
    100.14370818437));
#2283 = CARTESIAN_POINT('',(-78.12960500485,-36.65116991321,
    109.14484732263));
#2284 = CARTESIAN_POINT('',(-74.96906529327,-36.65116991321,
    113.75045634075));
#2285 = CARTESIAN_POINT('',(-71.73799895759,-36.65116991321,
    112.72046662345));
#2286 = CARTESIAN_POINT('',(-68.60106908076,-36.65116991321,
    106.01522010804));
#2287 = CARTESIAN_POINT('',(-65.56017338006,-36.65116991321,
    96.022932253251));
#2288 = CARTESIAN_POINT('',(-62.51301691864,-36.65116991321,
    85.42772367309));
#2289 = CARTESIAN_POINT('',(-59.44661269167,-36.65116991321,
    77.203643312102));
#2290 = CARTESIAN_POINT('',(-56.2794693162,-36.65116991321,
    73.424502901998));
#2291 = CARTESIAN_POINT('',(-53.30015135599,-36.65116991321,
    74.112545820803));
#2292 = CARTESIAN_POINT('',(-50.09160903077,-36.65116991321,
    73.970940706257));
#2293 = CARTESIAN_POINT('',(-46.82988298107,-36.65116991321,
    74.020361255432));
#2294 = CARTESIAN_POINT('',(-43.75098561487,-36.65116991321,
    73.982834491034));
#2295 = CARTESIAN_POINT('',(-40.59022498143,-36.65116991321,
    74.006706876969));
#2296 = CARTESIAN_POINT('',(-37.48657799801,-36.65116991321,
    73.986265244008));
#2297 = CARTESIAN_POINT('',(-34.35349204993,-36.65116991321,
    74.006051679208));
#2298 = CARTESIAN_POINT('',(-31.22924211799,-36.65116991321,
    73.983638653399));
#2299 = CARTESIAN_POINT('',(-28.10496678474,-36.65116991321,
    74.017487096333));
#2300 = CARTESIAN_POINT('',(-24.94210454386,-36.65116991321,
    73.969232622504));
#2301 = CARTESIAN_POINT('',(-21.65395320521,-36.65116991321,
    74.107300501862));
#2302 = CARTESIAN_POINT('',(-18.66692496727,-36.65116991321,
    73.540554634753));
#2303 = CARTESIAN_POINT('',(-15.52415536771,-36.65116991321,
    75.500045434732));
#2304 = CARTESIAN_POINT('',(-12.42987744782,-36.65116991321,
    82.546000053402));
#2305 = CARTESIAN_POINT('',(-9.377596847078,-36.65116991321,
    92.687758652895));
#2306 = CARTESIAN_POINT('',(-6.312968134846,-36.65116991321,
    103.21014479322));
#2307 = CARTESIAN_POINT('',(-3.20273059646,-36.65116991321,
    111.15163822624));
#2308 = CARTESIAN_POINT('',(-2.775557561563E-17,-36.65116991321,
    114.00801637601));
#2309 = CARTESIAN_POINT('',(3.20273059646,-36.65116991321,
    111.15163822624));
#2310 = CARTESIAN_POINT('',(6.312968134846,-36.65116991321,
    103.21014479322));
#2311 = CARTESIAN_POINT('',(9.377596847078,-36.65116991321,
    92.687758652895));
#2312 = CARTESIAN_POINT('',(12.429877447828,-36.65116991321,
    82.546000053402));
#2313 = CARTESIAN_POINT('',(15.524155367714,-36.65116991321,
    75.500045434732));
#2314 = CARTESIAN_POINT('',(18.666924967278,-36.65116991321,
    73.540554634753));
#2315 = CARTESIAN_POINT('',(21.653953205213,-36.65116991321,
    74.107300501862));
#2316 = CARTESIAN_POINT('',(24.942104543866,-36.65116991321,
    73.969232622504));
#2317 = CARTESIAN_POINT('',(28.104966784746,-36.65116991321,
    74.017487096333));
#2318 = CARTESIAN_POINT('',(31.229242117992,-36.65116991321,
    73.983638653399));
#2319 = CARTESIAN_POINT('',(34.353492049937,-36.65116991321,
    74.006051679208));
#2320 = CARTESIAN_POINT('',(37.486577998015,-36.65116991321,
    73.986265244008));
#2321 = CARTESIAN_POINT('',(40.590224981439,-36.65116991321,
    74.006706876969));
#2322 = CARTESIAN_POINT('',(43.75098561487,-36.65116991321,
    73.982834491034));
#2323 = CARTESIAN_POINT('',(46.82988298107,-36.65116991321,
    74.020361255432));
#2324 = CARTESIAN_POINT('',(50.091609030777,-36.65116991321,
    73.970940706257));
#2325 = CARTESIAN_POINT('',(53.30015135599,-36.65116991321,
    74.112545820803));
#2326 = CARTESIAN_POINT('',(56.279469316208,-36.65116991321,
    73.424502901998));
#2327 = CARTESIAN_POINT('',(59.446612691677,-36.65116991321,
    77.203643312102));
#2328 = CARTESIAN_POINT('',(62.513016918644,-36.65116991321,
    85.42772367309));
#2329 = CARTESIAN_POINT('',(65.560173380067,-36.65116991321,
    96.022932253251));
#2330 = CARTESIAN_POINT('',(68.601069080765,-36.65116991321,
    106.01522010804));
#2331 = CARTESIAN_POINT('',(71.73799895759,-36.65116991321,
    112.72046662345));
#2332 = CARTESIAN_POINT('',(74.969065293279,-36.65116991321,
    113.75045634075));
#2333 = CARTESIAN_POINT('',(78.129605004858,-36.65116991321,
    109.14484732263));
#2334 = CARTESIAN_POINT('',(81.242142441362,-36.65116991321,
    100.14370818437));
#2335 = CARTESIAN_POINT('',(84.317854448757,-36.65116991321,
    89.3784067863));
#2336 = CARTESIAN_POINT('',(87.382888409396,-36.65116991321,
    79.959854424472));
#2337 = CARTESIAN_POINT('',(90.508387043519,-36.65116991321,
    74.287055488401));
#2338 = CARTESIAN_POINT('',(93.578525234368,-36.65116991321,
    73.88440557677));
#2339 = CARTESIAN_POINT('',(96.652517301093,-36.65116991321,
    74.042969550474));
#2340 = CARTESIAN_POINT('',(99.944975841828,-36.65116991321,
    73.990988792897));
#2341 = CARTESIAN_POINT('',(103.04922027306,-36.65116991321,
    74.00269151575));
#2342 = CARTESIAN_POINT('',(106.20068003424,-36.65116991321,
    73.993464640954));
#2343 = CARTESIAN_POINT('',(109.30407346416,-36.65116991321,
    73.996890538442));
#2344 = CARTESIAN_POINT('',(112.45286488364,-36.65116991321,
    73.99632634757));
#2345 = CARTESIAN_POINT('',(115.54203232295,-36.65116991321,
    73.994188244363));
#2346 = CARTESIAN_POINT('',(118.72160588355,-36.65116991321,
    74.000925826154));
#2347 = CARTESIAN_POINT('',(121.78285990839,-36.65116991321,
    73.994897704832));
#2348 = CARTESIAN_POINT('',(125.13174009112,-36.65116991321,
    74.025819119543));
#2349 = CARTESIAN_POINT('',(128.20977680724,-36.65116991321,
    73.966726008171));
#2350 = CARTESIAN_POINT('',(131.26095706703,-36.65116991321,
    73.942045215691));
#2351 = CARTESIAN_POINT('',(134.40498033054,-36.65116991321,
    79.335882574139));
#2352 = CARTESIAN_POINT('',(137.44822085371,-36.65116991321,
    88.544423638351));
#2353 = CARTESIAN_POINT('',(140.49429016176,-36.65116991321,
    99.290133570333));
#2354 = CARTESIAN_POINT('',(143.49462910383,-36.65116991321,
    108.50884213525));
#2355 = CARTESIAN_POINT('',(146.72417797021,-36.65116991321,
    113.78012784795));
#2356 = CARTESIAN_POINT('',(149.9482544959,-36.65116991321,
    112.90637440298));
#2357 = CARTESIAN_POINT('',(153.05902197354,-36.65116991321,
    106.75115650073));
#2358 = CARTESIAN_POINT('',(156.1823448947,-36.65116991321,
    96.892633753093));
#2359 = CARTESIAN_POINT('',(159.26349640411,-36.65116991321,
    86.207182850519));
#2360 = CARTESIAN_POINT('',(162.34239928534,-36.65116991321,
    77.747036485427));
#2361 = CARTESIAN_POINT('',(165.48445737214,-36.65116991321,
    73.652921370906));
#2362 = CARTESIAN_POINT('',(168.50570143136,-36.65116991321,
    74.010898229767));
#2363 = CARTESIAN_POINT('',(171.66933616697,-36.65116991321,
    74.01056438083));
#2364 = CARTESIAN_POINT('',(174.91178962355,-36.65116991321,
    74.000891831207));
#2365 = CARTESIAN_POINT('',(178.01225428054,-36.65116991321,
    73.993505477616));
#2366 = CARTESIAN_POINT('',(181.15590657147,-36.65116991321,
    74.003512608383));
#2367 = CARTESIAN_POINT('',(184.27126615396,-36.65116991321,
    73.981445479038));
#2368 = CARTESIAN_POINT('',(187.39790359724,-36.65116991321,
    74.02076906567));
#2369 = CARTESIAN_POINT('',(190.52385449579,-36.65116991321,
    73.956593452486));
#2370 = CARTESIAN_POINT('',(193.65028817727,-36.65116991321,
    74.059406532417));
#2371 = CARTESIAN_POINT('',(196.80392382223,-36.65116991321,
    73.906474398292));
#2372 = CARTESIAN_POINT('',(199.94392637543,-36.65116991321,
    74.18728331357));
#2373 = CARTESIAN_POINT('',(203.16177795814,-36.65116991321,
    73.565859150148));
#2374 = CARTESIAN_POINT('',(206.35231406763,-36.65116991321,
    75.263765260731));
#2375 = CARTESIAN_POINT('',(209.36825782326,-36.65116991321,
    81.93783787033));
#2376 = CARTESIAN_POINT('',(212.37959561216,-36.65116991321,
    91.861039276426));
#2377 = CARTESIAN_POINT('',(215.39238910851,-36.65116991321,
    102.3278815656));
#2378 = CARTESIAN_POINT('',(218.421822624,-36.65116991321,
    110.71941691617));
#2379 = CARTESIAN_POINT('',(221.72619309389,-36.65116991321,
    114.1837953944));
#2380 = CARTESIAN_POINT('',(224.87045067834,-36.65116991321,
    115.67017222198));
#2381 = CARTESIAN_POINT('',(228.,-36.65116991321,116.));
#2382 = CARTESIAN_POINT('',(-228.,-33.35645153699,116.));
#2383 = CARTESIAN_POINT('',(-224.8704506783,-33.35645153699,
    115.66960656064));
#2384 = CARTESIAN_POINT('',(-221.7261930938,-33.35645153699,
    114.1819783631));
#2385 = CARTESIAN_POINT('',(-218.421822624,-33.35645153699,
    110.70558864846));
#2386 = CARTESIAN_POINT('',(-215.3923891085,-33.35645153699,
    102.29965311383));
#2387 = CARTESIAN_POINT('',(-212.3795956121,-33.35645153699,
    91.820100059068));
#2388 = CARTESIAN_POINT('',(-209.3682578232,-33.35645153699,
    81.890837005798));
#2389 = CARTESIAN_POINT('',(-206.3523140676,-33.35645153699,
    75.220714484532));
#2390 = CARTESIAN_POINT('',(-203.1617779581,-33.35645153699,
    73.542508272461));
#2391 = CARTESIAN_POINT('',(-199.9439263754,-33.35645153699,
    74.254664752554));
#2392 = CARTESIAN_POINT('',(-196.8039238222,-33.35645153699,
    73.831960341292));
#2393 = CARTESIAN_POINT('',(-193.6502881772,-33.35645153699,
    74.105225297962));
#2394 = CARTESIAN_POINT('',(-190.5238544957,-33.35645153699,
    73.93914608441));
#2395 = CARTESIAN_POINT('',(-187.3979035972,-33.35645153699,
    74.049758900713));
#2396 = CARTESIAN_POINT('',(-184.2712661539,-33.35645153699,
    73.979636978372));
#2397 = CARTESIAN_POINT('',(-181.1559065714,-33.35645153699,
    74.024075999572));
#2398 = CARTESIAN_POINT('',(-178.0122542805,-33.35645153699,
    73.990473336614));
#2399 = CARTESIAN_POINT('',(-174.9117896235,-33.35645153699,
    74.020251078251));
#2400 = CARTESIAN_POINT('',(-171.6693361669,-33.35645153699,
    73.936320356344));
#2401 = CARTESIAN_POINT('',(-168.5057014313,-33.35645153699,
    74.152348074435));
#2402 = CARTESIAN_POINT('',(-165.4844573721,-33.35645153699,
    73.724562709023));
#2403 = CARTESIAN_POINT('',(-162.3423992853,-33.35645153699,
    77.712221309109));
#2404 = CARTESIAN_POINT('',(-159.2634964041,-33.35645153699,
    86.326821766869));
#2405 = CARTESIAN_POINT('',(-156.1823448947,-33.35645153699,
    96.914159765142));
#2406 = CARTESIAN_POINT('',(-153.0590219735,-33.35645153699,
    106.72165855398));
#2407 = CARTESIAN_POINT('',(-149.9482544958,-33.35645153699,
    112.88031602477));
#2408 = CARTESIAN_POINT('',(-146.7241779702,-33.35645153699,
    113.7561842424));
#2409 = CARTESIAN_POINT('',(-143.4946291038,-33.35645153699,
    108.4754633862));
#2410 = CARTESIAN_POINT('',(-140.4942901617,-33.35645153699,
    99.291338803161));
#2411 = CARTESIAN_POINT('',(-137.4482208537,-33.35645153699,
    88.671474918815));
#2412 = CARTESIAN_POINT('',(-134.4049803305,-33.35645153699,
    79.33947541791));
#2413 = CARTESIAN_POINT('',(-131.260957067,-33.35645153699,
    73.93314974695));
#2414 = CARTESIAN_POINT('',(-128.2097768072,-33.35645153699,
    74.113200908477));
#2415 = CARTESIAN_POINT('',(-125.1317400911,-33.35645153699,
    73.93669518966));
#2416 = CARTESIAN_POINT('',(-121.7828599083,-33.35645153699,
    74.01969958521));
#2417 = CARTESIAN_POINT('',(-118.7216058835,-33.35645153699,
    73.990441073395));
#2418 = CARTESIAN_POINT('',(-115.5420323229,-33.35645153699,
    74.015457939559));
#2419 = CARTESIAN_POINT('',(-112.4528648836,-33.35645153699,
    74.000805078397));
#2420 = CARTESIAN_POINT('',(-109.3040734641,-33.35645153699,
    74.010304616265));
#2421 = CARTESIAN_POINT('',(-106.2006800342,-33.35645153699,
    74.004141010133));
#2422 = CARTESIAN_POINT('',(-103.049220273,-33.35645153699,
    74.005455174543));
#2423 = CARTESIAN_POINT('',(-99.94497584182,-33.35645153699,
    73.995051782899));
#2424 = CARTESIAN_POINT('',(-96.65251730109,-33.35645153699,
    73.977583806296));
#2425 = CARTESIAN_POINT('',(-93.57852523436,-33.35645153699,
    74.017865675139));
#2426 = CARTESIAN_POINT('',(-90.50838704351,-33.35645153699,
    74.276929734102));
#2427 = CARTESIAN_POINT('',(-87.38288840939,-33.35645153699,
    79.974933759743));
#2428 = CARTESIAN_POINT('',(-84.31785444875,-33.35645153699,
    89.49493672007));
#2429 = CARTESIAN_POINT('',(-81.24214244136,-33.35645153699,
    100.14141493951));
#2430 = CARTESIAN_POINT('',(-78.12960500485,-33.35645153699,
    109.11260877399));
#2431 = CARTESIAN_POINT('',(-74.96906529327,-33.35645153699,
    113.72641205704));
#2432 = CARTESIAN_POINT('',(-71.73799895759,-33.35645153699,
    112.69416823559));
#2433 = CARTESIAN_POINT('',(-68.60106908076,-33.35645153699,
    105.98533083709));
#2434 = CARTESIAN_POINT('',(-65.56017338006,-33.35645153699,
    96.049669196266));
#2435 = CARTESIAN_POINT('',(-62.51301691864,-33.35645153699,
    85.555050427807));
#2436 = CARTESIAN_POINT('',(-59.44661269167,-33.35645153699,
    77.154065079061));
#2437 = CARTESIAN_POINT('',(-56.2794693162,-33.35645153699,
    73.510657710633));
#2438 = CARTESIAN_POINT('',(-53.30015135599,-33.35645153699,
    74.255465769178));
#2439 = CARTESIAN_POINT('',(-50.09160903077,-33.35645153699,
    73.875417073752));
#2440 = CARTESIAN_POINT('',(-46.82988298107,-33.35645153699,
    74.061036950778));
#2441 = CARTESIAN_POINT('',(-43.75098561487,-33.35645153699,
    73.966249225211));
#2442 = CARTESIAN_POINT('',(-40.59022498144,-33.35645153699,
    74.034884234055));
#2443 = CARTESIAN_POINT('',(-37.48657799801,-33.35645153699,
    73.983752057006));
#2444 = CARTESIAN_POINT('',(-34.35349204993,-33.35645153699,
    74.027951622132));
#2445 = CARTESIAN_POINT('',(-31.22924211799,-33.35645153699,
    73.981939345247));
#2446 = CARTESIAN_POINT('',(-28.10496678474,-33.35645153699,
    74.036574234542));
#2447 = CARTESIAN_POINT('',(-24.94210454386,-33.35645153699,
    73.930758455905));
#2448 = CARTESIAN_POINT('',(-21.65395320521,-33.35645153699,
    74.120794227956));
#2449 = CARTESIAN_POINT('',(-18.66692496727,-33.35645153699,
    73.705099838003));
#2450 = CARTESIAN_POINT('',(-15.52415536771,-33.35645153699,
    75.444106897956));
#2451 = CARTESIAN_POINT('',(-12.42987744782,-33.35645153699,
    82.625169813412));
#2452 = CARTESIAN_POINT('',(-9.377596847078,-33.35645153699,
    92.746194775783));
#2453 = CARTESIAN_POINT('',(-6.312968134846,-33.35645153699,
    103.19051917704));
#2454 = CARTESIAN_POINT('',(-3.20273059646,-33.35645153699,
    111.12077877678));
#2455 = CARTESIAN_POINT('',(-2.775557561563E-17,-33.35645153699,
    113.98665182927));
#2456 = CARTESIAN_POINT('',(3.20273059646,-33.35645153699,
    111.12077877678));
#2457 = CARTESIAN_POINT('',(6.312968134846,-33.35645153699,
    103.19051917704));
#2458 = CARTESIAN_POINT('',(9.377596847078,-33.35645153699,
    92.746194775783));
#2459 = CARTESIAN_POINT('',(12.429877447828,-33.35645153699,
    82.625169813413));
#2460 = CARTESIAN_POINT('',(15.524155367714,-33.35645153699,
    75.444106897956));
#2461 = CARTESIAN_POINT('',(18.666924967278,-33.35645153699,
    73.705099838003));
#2462 = CARTESIAN_POINT('',(21.653953205212,-33.35645153699,
    74.120794227956));
#2463 = CARTESIAN_POINT('',(24.942104543865,-33.35645153699,
    73.930758455905));
#2464 = CARTESIAN_POINT('',(28.104966784746,-33.35645153699,
    74.036574234541));
#2465 = CARTESIAN_POINT('',(31.229242117992,-33.35645153699,
    73.981939345247));
#2466 = CARTESIAN_POINT('',(34.353492049936,-33.35645153699,
    74.027951622132));
#2467 = CARTESIAN_POINT('',(37.486577998015,-33.35645153699,
    73.983752057007));
#2468 = CARTESIAN_POINT('',(40.590224981439,-33.35645153699,
    74.034884234055));
#2469 = CARTESIAN_POINT('',(43.75098561487,-33.35645153699,
    73.966249225211));
#2470 = CARTESIAN_POINT('',(46.82988298107,-33.35645153699,
    74.061036950778));
#2471 = CARTESIAN_POINT('',(50.091609030777,-33.35645153699,
    73.875417073752));
#2472 = CARTESIAN_POINT('',(53.30015135599,-33.35645153699,
    74.255465769178));
#2473 = CARTESIAN_POINT('',(56.279469316208,-33.35645153699,
    73.510657710633));
#2474 = CARTESIAN_POINT('',(59.446612691677,-33.35645153699,
    77.154065079061));
#2475 = CARTESIAN_POINT('',(62.513016918644,-33.35645153699,
    85.555050427807));
#2476 = CARTESIAN_POINT('',(65.560173380067,-33.35645153699,
    96.049669196266));
#2477 = CARTESIAN_POINT('',(68.601069080765,-33.35645153699,
    105.98533083709));
#2478 = CARTESIAN_POINT('',(71.73799895759,-33.35645153699,
    112.69416823559));
#2479 = CARTESIAN_POINT('',(74.969065293279,-33.35645153699,
    113.72641205704));
#2480 = CARTESIAN_POINT('',(78.129605004858,-33.35645153699,
    109.11260877399));
#2481 = CARTESIAN_POINT('',(81.242142441362,-33.35645153699,
    100.14141493951));
#2482 = CARTESIAN_POINT('',(84.317854448757,-33.35645153699,
    89.49493672007));
#2483 = CARTESIAN_POINT('',(87.382888409396,-33.35645153699,
    79.974933759744));
#2484 = CARTESIAN_POINT('',(90.508387043519,-33.35645153699,
    74.276929734102));
#2485 = CARTESIAN_POINT('',(93.578525234368,-33.35645153699,
    74.017865675139));
#2486 = CARTESIAN_POINT('',(96.652517301093,-33.35645153699,
    73.977583806296));
#2487 = CARTESIAN_POINT('',(99.944975841827,-33.35645153699,
    73.995051782899));
#2488 = CARTESIAN_POINT('',(103.04922027306,-33.35645153699,
    74.005455174543));
#2489 = CARTESIAN_POINT('',(106.20068003424,-33.35645153699,
    74.004141010133));
#2490 = CARTESIAN_POINT('',(109.30407346416,-33.35645153699,
    74.010304616265));
#2491 = CARTESIAN_POINT('',(112.45286488364,-33.35645153699,
    74.000805078397));
#2492 = CARTESIAN_POINT('',(115.54203232295,-33.35645153699,
    74.015457939559));
#2493 = CARTESIAN_POINT('',(118.72160588355,-33.35645153699,
    73.990441073395));
#2494 = CARTESIAN_POINT('',(121.78285990839,-33.35645153699,
    74.01969958521));
#2495 = CARTESIAN_POINT('',(125.13174009112,-33.35645153699,
    73.936695189659));
#2496 = CARTESIAN_POINT('',(128.20977680724,-33.35645153699,
    74.113200908477));
#2497 = CARTESIAN_POINT('',(131.26095706703,-33.35645153699,
    73.93314974695));
#2498 = CARTESIAN_POINT('',(134.40498033054,-33.35645153699,
    79.33947541791));
#2499 = CARTESIAN_POINT('',(137.44822085371,-33.35645153699,
    88.671474918815));
#2500 = CARTESIAN_POINT('',(140.49429016176,-33.35645153699,
    99.291338803161));
#2501 = CARTESIAN_POINT('',(143.49462910383,-33.35645153699,
    108.4754633862));
#2502 = CARTESIAN_POINT('',(146.72417797021,-33.35645153699,
    113.7561842424));
#2503 = CARTESIAN_POINT('',(149.9482544959,-33.35645153699,
    112.88031602477));
#2504 = CARTESIAN_POINT('',(153.05902197354,-33.35645153699,
    106.72165855398));
#2505 = CARTESIAN_POINT('',(156.1823448947,-33.35645153699,
    96.914159765142));
#2506 = CARTESIAN_POINT('',(159.26349640411,-33.35645153699,
    86.326821766869));
#2507 = CARTESIAN_POINT('',(162.34239928534,-33.35645153699,
    77.712221309109));
#2508 = CARTESIAN_POINT('',(165.48445737214,-33.35645153699,
    73.724562709023));
#2509 = CARTESIAN_POINT('',(168.50570143136,-33.35645153699,
    74.152348074435));
#2510 = CARTESIAN_POINT('',(171.66933616697,-33.35645153699,
    73.936320356344));
#2511 = CARTESIAN_POINT('',(174.91178962354,-33.35645153699,
    74.020251078251));
#2512 = CARTESIAN_POINT('',(178.01225428054,-33.35645153699,
    73.990473336614));
#2513 = CARTESIAN_POINT('',(181.15590657147,-33.35645153699,
    74.024075999572));
#2514 = CARTESIAN_POINT('',(184.27126615396,-33.35645153699,
    73.979636978372));
#2515 = CARTESIAN_POINT('',(187.39790359723,-33.35645153699,
    74.049758900713));
#2516 = CARTESIAN_POINT('',(190.52385449579,-33.35645153699,
    73.93914608441));
#2517 = CARTESIAN_POINT('',(193.65028817727,-33.35645153699,
    74.105225297962));
#2518 = CARTESIAN_POINT('',(196.80392382223,-33.35645153699,
    73.831960341292));
#2519 = CARTESIAN_POINT('',(199.94392637543,-33.35645153699,
    74.254664752554));
#2520 = CARTESIAN_POINT('',(203.16177795814,-33.35645153699,
    73.542508272461));
#2521 = CARTESIAN_POINT('',(206.35231406763,-33.35645153699,
    75.220714484532));
#2522 = CARTESIAN_POINT('',(209.36825782326,-33.35645153699,
    81.890837005798));
#2523 = CARTESIAN_POINT('',(212.37959561216,-33.35645153699,
    91.820100059068));
#2524 = CARTESIAN_POINT('',(215.39238910851,-33.35645153699,
    102.29965311383));
#2525 = CARTESIAN_POINT('',(218.421822624,-33.35645153699,
    110.70558864846));
#2526 = CARTESIAN_POINT('',(221.72619309389,-33.35645153699,
    114.1819783631));
#2527 = CARTESIAN_POINT('',(224.87045067834,-33.35645153699,
    115.66960656064));
#2528 = CARTESIAN_POINT('',(228.,-33.35645153699,116.));
#2529 = CARTESIAN_POINT('',(-228.,-29.93879638824,116.));
#2530 = CARTESIAN_POINT('',(-224.8704506783,-29.93879638824,
    115.67435087941));
#2531 = CARTESIAN_POINT('',(-221.7261930938,-29.93879638824,
    114.19727978723));
#2532 = CARTESIAN_POINT('',(-218.421822624,-29.93879638824,
    110.83032895874));
#2533 = CARTESIAN_POINT('',(-215.3923891085,-29.93879638824,
    102.54985383933));
#2534 = CARTESIAN_POINT('',(-212.3795956121,-29.93879638824,
    92.168371772675));
#2535 = CARTESIAN_POINT('',(-209.3682578232,-29.93879638824,
    82.266760832392));
#2536 = CARTESIAN_POINT('',(-206.3523140676,-29.93879638824,
    75.498194681328));
#2537 = CARTESIAN_POINT('',(-203.1617779581,-29.93879638824,
    73.511992754406));
#2538 = CARTESIAN_POINT('',(-199.9439263754,-29.93879638824,
    74.173004042464));
#2539 = CARTESIAN_POINT('',(-196.8039238222,-29.93879638824,
    73.937548702893));
#2540 = CARTESIAN_POINT('',(-193.6502881772,-29.93879638824,
    74.041268128887));
#2541 = CARTESIAN_POINT('',(-190.5238544957,-29.93879638824,
    73.961015433201));
#2542 = CARTESIAN_POINT('',(-187.3979035972,-29.93879638824,
    74.006631895239));
#2543 = CARTESIAN_POINT('',(-184.2712661539,-29.93879638824,
    73.980314796176));
#2544 = CARTESIAN_POINT('',(-181.1559065714,-29.93879638824,
    73.991605694115));
#2545 = CARTESIAN_POINT('',(-178.0122542805,-29.93879638824,
    73.995501814003));
#2546 = CARTESIAN_POINT('',(-174.9117896235,-29.93879638824,
    73.988452379035));
#2547 = CARTESIAN_POINT('',(-171.6693361669,-29.93879638824,
    74.060242606711));
#2548 = CARTESIAN_POINT('',(-168.5057014313,-29.93879638824,
    73.907705376086));
#2549 = CARTESIAN_POINT('',(-165.4844573721,-29.93879638824,
    73.673386488872));
#2550 = CARTESIAN_POINT('',(-162.3423992853,-29.93879638824,
    78.028320196492));
#2551 = CARTESIAN_POINT('',(-159.2634964041,-29.93879638824,
    86.423111570109));
#2552 = CARTESIAN_POINT('',(-156.1823448947,-29.93879638824,
    97.124218137602));
#2553 = CARTESIAN_POINT('',(-153.0590219735,-29.93879638824,
    106.92351065249));
#2554 = CARTESIAN_POINT('',(-149.9482544959,-29.93879638824,
    112.97740785878));
#2555 = CARTESIAN_POINT('',(-146.7241779702,-29.93879638824,
    113.81960606025));
#2556 = CARTESIAN_POINT('',(-143.4946291038,-29.93879638824,
    108.66695763141));
#2557 = CARTESIAN_POINT('',(-140.4942901617,-29.93879638824,
    99.518057082201));
#2558 = CARTESIAN_POINT('',(-137.4482208537,-29.93879638824,
    88.752329395303));
#2559 = CARTESIAN_POINT('',(-134.4049803305,-29.93879638824,
    79.615491062716));
#2560 = CARTESIAN_POINT('',(-131.260957067,-29.93879638824,
    74.085213887766));
#2561 = CARTESIAN_POINT('',(-128.2097768072,-29.93879638824,
    73.822484179657));
#2562 = CARTESIAN_POINT('',(-125.1317400911,-29.93879638824,
    74.099221184579));
#2563 = CARTESIAN_POINT('',(-121.7828599083,-29.93879638824,
    73.970644599605));
#2564 = CARTESIAN_POINT('',(-118.7216058835,-29.93879638824,
    74.013448274207));
#2565 = CARTESIAN_POINT('',(-115.5420323229,-29.93879638824,
    73.977306412235));
#2566 = CARTESIAN_POINT('',(-112.4528648836,-29.93879638824,
    73.99555316578));
#2567 = CARTESIAN_POINT('',(-109.3040734641,-29.93879638824,
    73.987590819657));
#2568 = CARTESIAN_POINT('',(-106.2006800342,-29.93879638824,
    73.986672722769));
#2569 = CARTESIAN_POINT('',(-103.049220273,-29.93879638824,
    74.002420871168));
#2570 = CARTESIAN_POINT('',(-99.94497584182,-29.93879638824,
    73.986093974675));
#2571 = CARTESIAN_POINT('',(-96.65251730109,-29.93879638824,
    74.091830347411));
#2572 = CARTESIAN_POINT('',(-93.57852523436,-29.93879638824,
    73.761937765604));
#2573 = CARTESIAN_POINT('',(-90.50838704351,-29.93879638824,
    74.443285979513));
#2574 = CARTESIAN_POINT('',(-87.38288840939,-29.93879638824,
    80.233313807983));
#2575 = CARTESIAN_POINT('',(-84.31785444875,-29.93879638824,
    89.588706893496));
#2576 = CARTESIAN_POINT('',(-81.24214244136,-29.93879638824,
    100.365971874));
#2577 = CARTESIAN_POINT('',(-78.12960500485,-29.93879638824,
    109.28860495198));
#2578 = CARTESIAN_POINT('',(-74.96906529327,-29.93879638824,
    113.79163002012));
#2579 = CARTESIAN_POINT('',(-71.73799895759,-29.93879638824,
    112.79596915317));
#2580 = CARTESIAN_POINT('',(-68.60106908076,-29.93879638824,
    106.19948312478));
#2581 = CARTESIAN_POINT('',(-65.56017338006,-29.93879638824,
    96.258476189876));
#2582 = CARTESIAN_POINT('',(-62.51301691864,-29.93879638824,
    85.641512414616));
#2583 = CARTESIAN_POINT('',(-59.44661269167,-29.93879638824,
    77.490933868786));
#2584 = CARTESIAN_POINT('',(-56.2794693162,-29.93879638824,
    73.418404955805));
#2585 = CARTESIAN_POINT('',(-53.30015135599,-29.93879638824,
    74.006751521092));
#2586 = CARTESIAN_POINT('',(-50.09160903077,-29.93879638824,
    74.036361524762));
#2587 = CARTESIAN_POINT('',(-46.82988298107,-29.93879638824,
    73.992768329526));
#2588 = CARTESIAN_POINT('',(-43.75098561487,-29.93879638824,
    73.994799780369));
#2589 = CARTESIAN_POINT('',(-40.59022498143,-29.93879638824,
    73.988381414549));
#2590 = CARTESIAN_POINT('',(-37.48657799801,-29.93879638824,
    73.987834948647));
#2591 = CARTESIAN_POINT('',(-34.35349204993,-29.93879638824,
    73.992950230038));
#2592 = CARTESIAN_POINT('',(-31.22924211799,-29.93879638824,
    73.983340735729));
#2593 = CARTESIAN_POINT('',(-28.10496678474,-29.93879638824,
    74.008597844078));
#2594 = CARTESIAN_POINT('',(-24.94210454386,-29.93879638824,
    73.988667009859));
#2595 = CARTESIAN_POINT('',(-21.65395320521,-29.93879638824,
    74.111362231958));
#2596 = CARTESIAN_POINT('',(-18.66692496727,-29.93879638824,
    73.376201500107));
#2597 = CARTESIAN_POINT('',(-15.52415536771,-29.93879638824,
    75.748304926198));
#2598 = CARTESIAN_POINT('',(-12.42987744782,-29.93879638824,
    82.789531683773));
#2599 = CARTESIAN_POINT('',(-9.377596847078,-29.93879638824,
    92.922402009212));
#2600 = CARTESIAN_POINT('',(-6.312968134846,-29.93879638824,
    103.41626458671));
#2601 = CARTESIAN_POINT('',(-3.20273059646,-29.93879638824,
    111.26326368653));
#2602 = CARTESIAN_POINT('',(-2.775557561563E-17,-29.93879638824,
    114.03605033437));
#2603 = CARTESIAN_POINT('',(3.20273059646,-29.93879638824,
    111.26326368653));
#2604 = CARTESIAN_POINT('',(6.312968134846,-29.93879638824,
    103.41626458671));
#2605 = CARTESIAN_POINT('',(9.377596847078,-29.93879638824,
    92.922402009212));
#2606 = CARTESIAN_POINT('',(12.429877447828,-29.93879638824,
    82.789531683773));
#2607 = CARTESIAN_POINT('',(15.524155367714,-29.93879638824,
    75.748304926198));
#2608 = CARTESIAN_POINT('',(18.666924967278,-29.93879638824,
    73.376201500107));
#2609 = CARTESIAN_POINT('',(21.653953205213,-29.93879638824,
    74.111362231958));
#2610 = CARTESIAN_POINT('',(24.942104543866,-29.93879638824,
    73.988667009859));
#2611 = CARTESIAN_POINT('',(28.104966784746,-29.93879638824,
    74.008597844078));
#2612 = CARTESIAN_POINT('',(31.229242117992,-29.93879638824,
    73.983340735729));
#2613 = CARTESIAN_POINT('',(34.353492049937,-29.93879638824,
    73.992950230038));
#2614 = CARTESIAN_POINT('',(37.486577998015,-29.93879638824,
    73.987834948648));
#2615 = CARTESIAN_POINT('',(40.590224981439,-29.93879638824,
    73.988381414549));
#2616 = CARTESIAN_POINT('',(43.75098561487,-29.93879638824,
    73.994799780369));
#2617 = CARTESIAN_POINT('',(46.82988298107,-29.93879638824,
    73.992768329526));
#2618 = CARTESIAN_POINT('',(50.091609030777,-29.93879638824,
    74.036361524762));
#2619 = CARTESIAN_POINT('',(53.30015135599,-29.93879638824,
    74.006751521092));
#2620 = CARTESIAN_POINT('',(56.279469316208,-29.93879638824,
    73.418404955805));
#2621 = CARTESIAN_POINT('',(59.446612691677,-29.93879638824,
    77.490933868786));
#2622 = CARTESIAN_POINT('',(62.513016918644,-29.93879638824,
    85.641512414616));
#2623 = CARTESIAN_POINT('',(65.560173380067,-29.93879638824,
    96.258476189876));
#2624 = CARTESIAN_POINT('',(68.601069080765,-29.93879638824,
    106.19948312478));
#2625 = CARTESIAN_POINT('',(71.73799895759,-29.93879638824,
    112.79596915317));
#2626 = CARTESIAN_POINT('',(74.969065293279,-29.93879638824,
    113.79163002012));
#2627 = CARTESIAN_POINT('',(78.129605004858,-29.93879638824,
    109.28860495198));
#2628 = CARTESIAN_POINT('',(81.242142441362,-29.93879638824,
    100.365971874));
#2629 = CARTESIAN_POINT('',(84.317854448757,-29.93879638824,
    89.588706893496));
#2630 = CARTESIAN_POINT('',(87.382888409396,-29.93879638824,
    80.233313807983));
#2631 = CARTESIAN_POINT('',(90.508387043519,-29.93879638824,
    74.443285979513));
#2632 = CARTESIAN_POINT('',(93.578525234368,-29.93879638824,
    73.761937765604));
#2633 = CARTESIAN_POINT('',(96.652517301093,-29.93879638824,
    74.09183034741));
#2634 = CARTESIAN_POINT('',(99.944975841828,-29.93879638824,
    73.986093974675));
#2635 = CARTESIAN_POINT('',(103.04922027306,-29.93879638824,
    74.002420871168));
#2636 = CARTESIAN_POINT('',(106.20068003424,-29.93879638824,
    73.986672722769));
#2637 = CARTESIAN_POINT('',(109.30407346416,-29.93879638824,
    73.987590819657));
#2638 = CARTESIAN_POINT('',(112.45286488364,-29.93879638824,
    73.99555316578));
#2639 = CARTESIAN_POINT('',(115.54203232295,-29.93879638824,
    73.977306412235));
#2640 = CARTESIAN_POINT('',(118.72160588355,-29.93879638824,
    74.013448274207));
#2641 = CARTESIAN_POINT('',(121.78285990839,-29.93879638824,
    73.970644599605));
#2642 = CARTESIAN_POINT('',(125.13174009112,-29.93879638824,
    74.099221184579));
#2643 = CARTESIAN_POINT('',(128.20977680724,-29.93879638824,
    73.822484179657));
#2644 = CARTESIAN_POINT('',(131.26095706703,-29.93879638824,
    74.085213887766));
#2645 = CARTESIAN_POINT('',(134.40498033054,-29.93879638824,
    79.615491062716));
#2646 = CARTESIAN_POINT('',(137.44822085371,-29.93879638824,
    88.752329395303));
#2647 = CARTESIAN_POINT('',(140.49429016176,-29.93879638824,
    99.518057082201));
#2648 = CARTESIAN_POINT('',(143.49462910383,-29.93879638824,
    108.66695763141));
#2649 = CARTESIAN_POINT('',(146.72417797021,-29.93879638824,
    113.81960606025));
#2650 = CARTESIAN_POINT('',(149.9482544959,-29.93879638824,
    112.97740785878));
#2651 = CARTESIAN_POINT('',(153.05902197354,-29.93879638824,
    106.92351065249));
#2652 = CARTESIAN_POINT('',(156.1823448947,-29.93879638824,
    97.124218137601));
#2653 = CARTESIAN_POINT('',(159.26349640411,-29.93879638824,
    86.423111570109));
#2654 = CARTESIAN_POINT('',(162.34239928534,-29.93879638824,
    78.028320196492));
#2655 = CARTESIAN_POINT('',(165.48445737214,-29.93879638824,
    73.673386488872));
#2656 = CARTESIAN_POINT('',(168.50570143136,-29.93879638824,
    73.907705376086));
#2657 = CARTESIAN_POINT('',(171.66933616697,-29.93879638824,
    74.060242606711));
#2658 = CARTESIAN_POINT('',(174.91178962355,-29.93879638824,
    73.988452379035));
#2659 = CARTESIAN_POINT('',(178.01225428054,-29.93879638824,
    73.995501814003));
#2660 = CARTESIAN_POINT('',(181.15590657147,-29.93879638824,
    73.991605694115));
#2661 = CARTESIAN_POINT('',(184.27126615396,-29.93879638824,
    73.980314796176));
#2662 = CARTESIAN_POINT('',(187.39790359724,-29.93879638824,
    74.006631895239));
#2663 = CARTESIAN_POINT('',(190.52385449579,-29.93879638824,
    73.961015433201));
#2664 = CARTESIAN_POINT('',(193.65028817727,-29.93879638824,
    74.041268128887));
#2665 = CARTESIAN_POINT('',(196.80392382223,-29.93879638824,
    73.937548702893));
#2666 = CARTESIAN_POINT('',(199.94392637543,-29.93879638824,
    74.173004042464));
#2667 = CARTESIAN_POINT('',(203.16177795814,-29.93879638824,
    73.511992754406));
#2668 = CARTESIAN_POINT('',(206.35231406763,-29.93879638824,
    75.498194681328));
#2669 = CARTESIAN_POINT('',(209.36825782326,-29.93879638824,
    82.266760832392));
#2670 = CARTESIAN_POINT('',(212.37959561216,-29.93879638824,
    92.168371772675));
#2671 = CARTESIAN_POINT('',(215.39238910851,-29.93879638824,
    102.54985383933));
#2672 = CARTESIAN_POINT('',(218.421822624,-29.93879638824,
    110.83032895874));
#2673 = CARTESIAN_POINT('',(221.72619309389,-29.93879638824,
    114.19727978723));
#2674 = CARTESIAN_POINT('',(224.87045067834,-29.93879638824,
    115.67435087941));
#2675 = CARTESIAN_POINT('',(228.,-29.93879638824,116.));
#2676 = CARTESIAN_POINT('',(-228.,-26.65250435949,116.));
#2677 = CARTESIAN_POINT('',(-224.8704506783,-26.65250435949,
    115.68513206222));
#2678 = CARTESIAN_POINT('',(-221.7261930938,-26.65250435949,
    114.23207696824));
#2679 = CARTESIAN_POINT('',(-218.421822624,-26.65250435949,
    111.11368779495));
#2680 = CARTESIAN_POINT('',(-215.3923891085,-26.65250435949,
    103.1237892933));
#2681 = CARTESIAN_POINT('',(-212.3795956121,-26.65250435949,
    92.959584987995));
#2682 = CARTESIAN_POINT('',(-209.3682578232,-26.65250435949,
    83.109848173738));
#2683 = CARTESIAN_POINT('',(-206.3523140676,-26.65250435949,
    76.084376435779));
#2684 = CARTESIAN_POINT('',(-203.1617779581,-26.65250435949,
    73.334871863064));
#2685 = CARTESIAN_POINT('',(-199.9439263754,-26.65250435949,
    74.421662261781));
#2686 = CARTESIAN_POINT('',(-196.8039238222,-26.65250435949,
    73.696752796837));
#2687 = CARTESIAN_POINT('',(-193.6502881772,-26.65250435949,
    74.187999918866));
#2688 = CARTESIAN_POINT('',(-190.5238544957,-26.65250435949,
    73.8989354388));
#2689 = CARTESIAN_POINT('',(-187.3979035972,-26.65250435949,
    74.094207360264));
#2690 = CARTESIAN_POINT('',(-184.2712661539,-26.65250435949,
    73.971129161836));
#2691 = CARTESIAN_POINT('',(-181.1559065714,-26.65250435949,
    74.048587387877));
#2692 = CARTESIAN_POINT('',(-178.0122542805,-26.65250435949,
    73.988946699531));
#2693 = CARTESIAN_POINT('',(-174.9117896235,-26.65250435949,
    74.033278810607));
#2694 = CARTESIAN_POINT('',(-171.6693361669,-26.65250435949,
    73.875243666065));
#2695 = CARTESIAN_POINT('',(-168.5057014313,-26.65250435949,
    74.234260441203));
#2696 = CARTESIAN_POINT('',(-165.4844573721,-26.65250435949,
    74.176825222349));
#2697 = CARTESIAN_POINT('',(-162.3423992853,-26.65250435949,
    78.793646140618));
#2698 = CARTESIAN_POINT('',(-159.2634964041,-26.65250435949,
    87.728548471088));
#2699 = CARTESIAN_POINT('',(-156.1823448947,-26.65250435949,
    97.980296260125));
#2700 = CARTESIAN_POINT('',(-153.0590219735,-26.65250435949,
    107.32917749598));
#2701 = CARTESIAN_POINT('',(-149.9482544959,-26.65250435949,
    113.0713843715));
#2702 = CARTESIAN_POINT('',(-146.7241779702,-26.65250435949,
    113.82393771517));
#2703 = CARTESIAN_POINT('',(-143.4946291038,-26.65250435949,
    109.00637480086));
#2704 = CARTESIAN_POINT('',(-140.4942901617,-26.65250435949,
    100.25945416698));
#2705 = CARTESIAN_POINT('',(-137.4482208537,-26.65250435949,
    90.065644939348));
#2706 = CARTESIAN_POINT('',(-134.4049803305,-26.65250435949,
    80.560251201387));
#2707 = CARTESIAN_POINT('',(-131.260957067,-26.65250435949,
    74.565367897618));
#2708 = CARTESIAN_POINT('',(-128.2097768072,-26.65250435949,
    74.055115687414));
#2709 = CARTESIAN_POINT('',(-125.1317400911,-26.65250435949,
    73.927115326866));
#2710 = CARTESIAN_POINT('',(-121.7828599083,-26.65250435949,
    73.998446357474));
#2711 = CARTESIAN_POINT('',(-118.7216058835,-26.65250435949,
    74.007808604444));
#2712 = CARTESIAN_POINT('',(-115.5420323229,-26.65250435949,
    74.020673602451));
#2713 = CARTESIAN_POINT('',(-112.4528648836,-26.65250435949,
    74.015961047915));
#2714 = CARTESIAN_POINT('',(-109.3040734641,-26.65250435949,
    74.020936696255));
#2715 = CARTESIAN_POINT('',(-106.2006800342,-26.65250435949,
    74.014574912451));
#2716 = CARTESIAN_POINT('',(-103.049220273,-26.65250435949,
    74.015314811353));
#2717 = CARTESIAN_POINT('',(-99.94497584182,-26.65250435949,
    73.981300433963));
#2718 = CARTESIAN_POINT('',(-96.65251730109,-26.65250435949,
    73.950854768122));
#2719 = CARTESIAN_POINT('',(-93.57852523436,-26.65250435949,
    74.008762919828));
#2720 = CARTESIAN_POINT('',(-90.50838704351,-26.65250435949,
    74.956446322697));
#2721 = CARTESIAN_POINT('',(-87.38288840939,-26.65250435949,
    81.214333788343));
#2722 = CARTESIAN_POINT('',(-84.31785444875,-26.65250435949,
    90.856557014311));
#2723 = CARTESIAN_POINT('',(-81.24214244136,-26.65250435949,
    101.07123232652));
#2724 = CARTESIAN_POINT('',(-78.12960500485,-26.65250435949,
    109.58746614629));
#2725 = CARTESIAN_POINT('',(-74.96906529327,-26.65250435949,
    113.80079542807));
#2726 = CARTESIAN_POINT('',(-71.73799895759,-26.65250435949,
    112.90307195552));
#2727 = CARTESIAN_POINT('',(-68.60106908076,-26.65250435949,
    106.64187590131));
#2728 = CARTESIAN_POINT('',(-65.56017338006,-26.65250435949,
    97.153763006965));
#2729 = CARTESIAN_POINT('',(-62.51301691864,-26.65250435949,
    86.979233517496));
#2730 = CARTESIAN_POINT('',(-59.44661269167,-26.65250435949,
    78.203467031723));
#2731 = CARTESIAN_POINT('',(-56.2794693162,-26.65250435949,
    73.91268672009));
#2732 = CARTESIAN_POINT('',(-53.30015135599,-26.65250435949,
    74.319933922761));
#2733 = CARTESIAN_POINT('',(-50.09160903077,-26.65250435949,
    73.80760490351));
#2734 = CARTESIAN_POINT('',(-46.82988298107,-26.65250435949,
    74.084973367302));
#2735 = CARTESIAN_POINT('',(-43.75098561487,-26.65250435949,
    73.959675503476));
#2736 = CARTESIAN_POINT('',(-40.59022498143,-26.65250435949,
    74.058862323861));
#2737 = CARTESIAN_POINT('',(-37.48657799801,-26.65250435949,
    73.984389011294));
#2738 = CARTESIAN_POINT('',(-34.35349204993,-26.65250435949,
    74.051587645703));
#2739 = CARTESIAN_POINT('',(-31.22924211799,-26.65250435949,
    73.977421888455));
#2740 = CARTESIAN_POINT('',(-28.10496678474,-26.65250435949,
    74.063367786504));
#2741 = CARTESIAN_POINT('',(-24.94210454386,-26.65250435949,
    73.874254834572));
#2742 = CARTESIAN_POINT('',(-21.65395320521,-26.65250435949,
    74.17142936358));
#2743 = CARTESIAN_POINT('',(-18.66692496727,-26.65250435949,
    73.778530519514));
#2744 = CARTESIAN_POINT('',(-15.52415536771,-26.65250435949,
    76.314461441243));
#2745 = CARTESIAN_POINT('',(-12.42987744782,-26.65250435949,
    83.987705446537));
#2746 = CARTESIAN_POINT('',(-9.377596847078,-26.65250435949,
    93.975472435563));
#2747 = CARTESIAN_POINT('',(-6.312968134846,-26.65250435949,
    103.98151570496));
#2748 = CARTESIAN_POINT('',(-3.20273059646,-26.65250435949,
    111.46445397343));
#2749 = CARTESIAN_POINT('',(-2.775557561563E-17,-26.65250435949,
    114.02010425488));
#2750 = CARTESIAN_POINT('',(3.20273059646,-26.65250435949,
    111.46445397343));
#2751 = CARTESIAN_POINT('',(6.312968134846,-26.65250435949,
    103.98151570496));
#2752 = CARTESIAN_POINT('',(9.377596847078,-26.65250435949,
    93.975472435563));
#2753 = CARTESIAN_POINT('',(12.429877447828,-26.65250435949,
    83.987705446537));
#2754 = CARTESIAN_POINT('',(15.524155367714,-26.65250435949,
    76.314461441243));
#2755 = CARTESIAN_POINT('',(18.666924967278,-26.65250435949,
    73.778530519514));
#2756 = CARTESIAN_POINT('',(21.653953205212,-26.65250435949,
    74.17142936358));
#2757 = CARTESIAN_POINT('',(24.942104543865,-26.65250435949,
    73.874254834572));
#2758 = CARTESIAN_POINT('',(28.104966784746,-26.65250435949,
    74.063367786504));
#2759 = CARTESIAN_POINT('',(31.229242117992,-26.65250435949,
    73.977421888455));
#2760 = CARTESIAN_POINT('',(34.353492049937,-26.65250435949,
    74.051587645703));
#2761 = CARTESIAN_POINT('',(37.486577998015,-26.65250435949,
    73.984389011295));
#2762 = CARTESIAN_POINT('',(40.590224981439,-26.65250435949,
    74.058862323861));
#2763 = CARTESIAN_POINT('',(43.75098561487,-26.65250435949,
    73.959675503476));
#2764 = CARTESIAN_POINT('',(46.82988298107,-26.65250435949,
    74.084973367302));
#2765 = CARTESIAN_POINT('',(50.091609030777,-26.65250435949,
    73.80760490351));
#2766 = CARTESIAN_POINT('',(53.30015135599,-26.65250435949,
    74.319933922761));
#2767 = CARTESIAN_POINT('',(56.279469316208,-26.65250435949,
    73.91268672009));
#2768 = CARTESIAN_POINT('',(59.446612691677,-26.65250435949,
    78.203467031723));
#2769 = CARTESIAN_POINT('',(62.513016918644,-26.65250435949,
    86.979233517496));
#2770 = CARTESIAN_POINT('',(65.560173380067,-26.65250435949,
    97.153763006966));
#2771 = CARTESIAN_POINT('',(68.601069080765,-26.65250435949,
    106.64187590131));
#2772 = CARTESIAN_POINT('',(71.73799895759,-26.65250435949,
    112.90307195552));
#2773 = CARTESIAN_POINT('',(74.969065293279,-26.65250435949,
    113.80079542807));
#2774 = CARTESIAN_POINT('',(78.129605004858,-26.65250435949,
    109.58746614629));
#2775 = CARTESIAN_POINT('',(81.242142441362,-26.65250435949,
    101.07123232652));
#2776 = CARTESIAN_POINT('',(84.317854448757,-26.65250435949,
    90.856557014311));
#2777 = CARTESIAN_POINT('',(87.382888409396,-26.65250435949,
    81.214333788343));
#2778 = CARTESIAN_POINT('',(90.508387043519,-26.65250435949,
    74.956446322697));
#2779 = CARTESIAN_POINT('',(93.578525234368,-26.65250435949,
    74.008762919828));
#2780 = CARTESIAN_POINT('',(96.652517301093,-26.65250435949,
    73.950854768122));
#2781 = CARTESIAN_POINT('',(99.944975841828,-26.65250435949,
    73.981300433963));
#2782 = CARTESIAN_POINT('',(103.04922027306,-26.65250435949,
    74.015314811354));
#2783 = CARTESIAN_POINT('',(106.20068003424,-26.65250435949,
    74.014574912451));
#2784 = CARTESIAN_POINT('',(109.30407346416,-26.65250435949,
    74.020936696255));
#2785 = CARTESIAN_POINT('',(112.45286488364,-26.65250435949,
    74.015961047914));
#2786 = CARTESIAN_POINT('',(115.54203232295,-26.65250435949,
    74.020673602451));
#2787 = CARTESIAN_POINT('',(118.72160588355,-26.65250435949,
    74.007808604444));
#2788 = CARTESIAN_POINT('',(121.78285990839,-26.65250435949,
    73.998446357474));
#2789 = CARTESIAN_POINT('',(125.13174009112,-26.65250435949,
    73.927115326866));
#2790 = CARTESIAN_POINT('',(128.20977680724,-26.65250435949,
    74.055115687414));
#2791 = CARTESIAN_POINT('',(131.26095706703,-26.65250435949,
    74.565367897618));
#2792 = CARTESIAN_POINT('',(134.40498033054,-26.65250435949,
    80.560251201387));
#2793 = CARTESIAN_POINT('',(137.44822085371,-26.65250435949,
    90.065644939348));
#2794 = CARTESIAN_POINT('',(140.49429016176,-26.65250435949,
    100.25945416698));
#2795 = CARTESIAN_POINT('',(143.49462910383,-26.65250435949,
    109.00637480086));
#2796 = CARTESIAN_POINT('',(146.72417797021,-26.65250435949,
    113.82393771517));
#2797 = CARTESIAN_POINT('',(149.9482544959,-26.65250435949,
    113.0713843715));
#2798 = CARTESIAN_POINT('',(153.05902197354,-26.65250435949,
    107.32917749598));
#2799 = CARTESIAN_POINT('',(156.1823448947,-26.65250435949,
    97.980296260125));
#2800 = CARTESIAN_POINT('',(159.26349640411,-26.65250435949,
    87.728548471088));
#2801 = CARTESIAN_POINT('',(162.34239928534,-26.65250435949,
    78.793646140618));
#2802 = CARTESIAN_POINT('',(165.48445737214,-26.65250435949,
    74.176825222349));
#2803 = CARTESIAN_POINT('',(168.50570143136,-26.65250435949,
    74.234260441203));
#2804 = CARTESIAN_POINT('',(171.66933616697,-26.65250435949,
    73.875243666065));
#2805 = CARTESIAN_POINT('',(174.91178962355,-26.65250435949,
    74.033278810607));
#2806 = CARTESIAN_POINT('',(178.01225428054,-26.65250435949,
    73.988946699531));
#2807 = CARTESIAN_POINT('',(181.15590657147,-26.65250435949,
    74.048587387877));
#2808 = CARTESIAN_POINT('',(184.27126615396,-26.65250435949,
    73.971129161835));
#2809 = CARTESIAN_POINT('',(187.39790359724,-26.65250435949,
    74.094207360264));
#2810 = CARTESIAN_POINT('',(190.52385449579,-26.65250435949,
    73.8989354388));
#2811 = CARTESIAN_POINT('',(193.65028817727,-26.65250435949,
    74.187999918866));
#2812 = CARTESIAN_POINT('',(196.80392382223,-26.65250435949,
    73.696752796836));
#2813 = CARTESIAN_POINT('',(199.94392637543,-26.65250435949,
    74.42166226178));
#2814 = CARTESIAN_POINT('',(203.16177795814,-26.65250435949,
    73.334871863064));
#2815 = CARTESIAN_POINT('',(206.35231406763,-26.65250435949,
    76.084376435779));
#2816 = CARTESIAN_POINT('',(209.36825782326,-26.65250435949,
    83.109848173738));
#2817 = CARTESIAN_POINT('',(212.37959561216,-26.65250435949,
    92.959584987995));
#2818 = CARTESIAN_POINT('',(215.39238910851,-26.65250435949,
    103.1237892933));
#2819 = CARTESIAN_POINT('',(218.421822624,-26.65250435949,
    111.11368779495));
#2820 = CARTESIAN_POINT('',(221.72619309389,-26.65250435949,
    114.23207696824));
#2821 = CARTESIAN_POINT('',(224.87045067834,-26.65250435949,
    115.68513206222));
#2822 = CARTESIAN_POINT('',(228.,-26.65250435949,116.));
#2823 = CARTESIAN_POINT('',(-228.,-22.64702264437,116.));
#2824 = CARTESIAN_POINT('',(-224.8704506783,-22.64702264437,
    115.71737807252));
#2825 = CARTESIAN_POINT('',(-221.7261930938,-22.64702264437,
    114.3358098369));
#2826 = CARTESIAN_POINT('',(-218.421822624,-22.64702264437,
    111.88872952909));
#2827 = CARTESIAN_POINT('',(-215.3923891085,-22.64702264437,
    104.76254536412));
#2828 = CARTESIAN_POINT('',(-212.3795956121,-22.64702264437,
    95.281463450466));
#2829 = CARTESIAN_POINT('',(-209.3682578232,-22.64702264437,
    85.702439156915));
#2830 = CARTESIAN_POINT('',(-206.3523140676,-22.64702264437,
    78.217809870351));
#2831 = CARTESIAN_POINT('',(-203.1617779581,-22.64702264437,
    73.89258856257));
#2832 = CARTESIAN_POINT('',(-199.9439263754,-22.64702264437,
    73.816325475394));
#2833 = CARTESIAN_POINT('',(-196.8039238222,-22.64702264437,
    74.245877501187));
#2834 = CARTESIAN_POINT('',(-193.6502881772,-22.64702264437,
    73.851585824401));
#2835 = CARTESIAN_POINT('',(-190.5238544957,-22.64702264437,
    74.050876879091));
#2836 = CARTESIAN_POINT('',(-187.3979035972,-22.64702264437,
    73.896778184078));
#2837 = CARTESIAN_POINT('',(-184.2712661539,-22.64702264437,
    74.004186224847));
#2838 = CARTESIAN_POINT('',(-181.1559065714,-22.64702264437,
    73.917489987924));
#2839 = CARTESIAN_POINT('',(-178.0122542805,-22.64702264437,
    74.022307528492));
#2840 = CARTESIAN_POINT('',(-174.9117896235,-22.64702264437,
    73.903493657845));
#2841 = CARTESIAN_POINT('',(-171.6693361669,-22.64702264437,
    74.350787574835));
#2842 = CARTESIAN_POINT('',(-168.5057014313,-22.64702264437,
    73.205927845561));
#2843 = CARTESIAN_POINT('',(-165.4844573721,-22.64702264437,
    74.892154811613));
#2844 = CARTESIAN_POINT('',(-162.3423992853,-22.64702264437,
    81.093672018055));
#2845 = CARTESIAN_POINT('',(-159.2634964041,-22.64702264437,
    89.278052912432));
#2846 = CARTESIAN_POINT('',(-156.1823448947,-22.64702264437,
    99.665555524412));
#2847 = CARTESIAN_POINT('',(-153.0590219735,-22.64702264437,
    108.58978031233));
#2848 = CARTESIAN_POINT('',(-149.9482544959,-22.64702264437,
    113.57057063953));
#2849 = CARTESIAN_POINT('',(-146.7241779702,-22.64702264437,
    114.08836466253));
#2850 = CARTESIAN_POINT('',(-143.4946291038,-22.64702264437,
    110.16109839075));
#2851 = CARTESIAN_POINT('',(-140.4942901617,-22.64702264437,
    101.92446425585));
#2852 = CARTESIAN_POINT('',(-137.4482208537,-22.64702264437,
    91.533007479045));
#2853 = CARTESIAN_POINT('',(-134.4049803305,-22.64702264437,
    82.758942088715));
#2854 = CARTESIAN_POINT('',(-131.260957067,-22.64702264437,
    76.098941734777));
#2855 = CARTESIAN_POINT('',(-128.2097768072,-22.64702264437,
    72.713963522146));
#2856 = CARTESIAN_POINT('',(-125.1317400911,-22.64702264437,
    74.613036112632));
#2857 = CARTESIAN_POINT('',(-121.7828599083,-22.64702264437,
    73.762362906873));
#2858 = CARTESIAN_POINT('',(-118.7216058835,-22.64702264437,
    74.129385422669));
#2859 = CARTESIAN_POINT('',(-115.5420323229,-22.64702264437,
    73.863430203862));
#2860 = CARTESIAN_POINT('',(-112.4528648836,-22.64702264437,
    74.013022728819));
#2861 = CARTESIAN_POINT('',(-109.3040734641,-22.64702264437,
    73.936468232754));
#2862 = CARTESIAN_POINT('',(-106.2006800342,-22.64702264437,
    73.953758185564));
#2863 = CARTESIAN_POINT('',(-103.049220273,-22.64702264437,
    74.01416612447));
#2864 = CARTESIAN_POINT('',(-99.94497584182,-22.64702264437,
    73.929700208601));
#2865 = CARTESIAN_POINT('',(-96.65251730109,-22.64702264437,
    74.400496878553));
#2866 = CARTESIAN_POINT('',(-93.57852523436,-22.64702264437,
    72.89950065108));
#2867 = CARTESIAN_POINT('',(-90.50838704351,-22.64702264437,
    76.560332422717));
#2868 = CARTESIAN_POINT('',(-87.38288840939,-22.64702264437,
    83.35067516561));
#2869 = CARTESIAN_POINT('',(-84.31785444875,-22.64702264437,
    92.345859653309));
#2870 = CARTESIAN_POINT('',(-81.24214244136,-22.64702264437,
    102.69510232968));
#2871 = CARTESIAN_POINT('',(-78.12960500485,-22.64702264437,
    110.63445116281));
#2872 = CARTESIAN_POINT('',(-74.96906529327,-22.64702264437,
    114.07776914667));
#2873 = CARTESIAN_POINT('',(-71.73799895759,-22.64702264437,
    113.43565048297));
#2874 = CARTESIAN_POINT('',(-68.60106908076,-22.64702264437,
    107.99200079702));
#2875 = CARTESIAN_POINT('',(-65.56017338006,-22.64702264437,
    98.86671125844));
#2876 = CARTESIAN_POINT('',(-62.51301691864,-22.64702264437,
    88.511444572814));
#2877 = CARTESIAN_POINT('',(-59.44661269167,-22.64702264437,
    80.570846325299));
#2878 = CARTESIAN_POINT('',(-56.2794693162,-22.64702264437,
    74.457357525824));
#2879 = CARTESIAN_POINT('',(-53.30015135599,-22.64702264437,
    73.191694302323));
#2880 = CARTESIAN_POINT('',(-50.09160903077,-22.64702264437,
    74.466698972359));
#2881 = CARTESIAN_POINT('',(-46.82988298107,-22.64702264437,
    73.793201837249));
#2882 = CARTESIAN_POINT('',(-43.75098561487,-22.64702264437,
    74.096142294921));
#2883 = CARTESIAN_POINT('',(-40.59022498143,-22.64702264437,
    73.870508677315));
#2884 = CARTESIAN_POINT('',(-37.48657799801,-22.64702264437,
    74.02295896985));
#2885 = CARTESIAN_POINT('',(-34.35349204993,-22.64702264437,
    73.906888965967));
#2886 = CARTESIAN_POINT('',(-31.22924211799,-22.64702264437,
    74.011780676037));
#2887 = CARTESIAN_POINT('',(-28.10496678474,-22.64702264437,
    73.924580200374));
#2888 = CARTESIAN_POINT('',(-24.94210454386,-22.64702264437,
    74.153581844927));
#2889 = CARTESIAN_POINT('',(-21.65395320521,-22.64702264437,
    73.940375423853));
#2890 = CARTESIAN_POINT('',(-18.66692496727,-22.64702264437,
    73.329510868449));
#2891 = CARTESIAN_POINT('',(-15.52415536771,-22.64702264437,
    78.498040975914));
#2892 = CARTESIAN_POINT('',(-12.42987744782,-22.64702264437,
    85.807656271488));
#2893 = CARTESIAN_POINT('',(-9.377596847078,-22.64702264437,
    95.672507050005));
#2894 = CARTESIAN_POINT('',(-6.312968134846,-22.64702264437,
    105.4917386216));
#2895 = CARTESIAN_POINT('',(-3.20273059646,-22.64702264437,
    112.26629972307));
#2896 = CARTESIAN_POINT('',(-2.775557561563E-17,-22.64702264437,
    114.24832600899));
#2897 = CARTESIAN_POINT('',(3.20273059646,-22.64702264437,
    112.26629972307));
#2898 = CARTESIAN_POINT('',(6.312968134846,-22.64702264437,
    105.4917386216));
#2899 = CARTESIAN_POINT('',(9.377596847078,-22.64702264437,
    95.672507050005));
#2900 = CARTESIAN_POINT('',(12.429877447828,-22.64702264437,
    85.807656271488));
#2901 = CARTESIAN_POINT('',(15.524155367714,-22.64702264437,
    78.498040975914));
#2902 = CARTESIAN_POINT('',(18.666924967278,-22.64702264437,
    73.329510868449));
#2903 = CARTESIAN_POINT('',(21.653953205212,-22.64702264437,
    73.940375423853));
#2904 = CARTESIAN_POINT('',(24.942104543866,-22.64702264437,
    74.153581844927));
#2905 = CARTESIAN_POINT('',(28.104966784746,-22.64702264437,
    73.924580200374));
#2906 = CARTESIAN_POINT('',(31.229242117992,-22.64702264437,
    74.011780676037));
#2907 = CARTESIAN_POINT('',(34.353492049937,-22.64702264437,
    73.906888965966));
#2908 = CARTESIAN_POINT('',(37.486577998015,-22.64702264437,
    74.02295896985));
#2909 = CARTESIAN_POINT('',(40.590224981439,-22.64702264437,
    73.870508677315));
#2910 = CARTESIAN_POINT('',(43.75098561487,-22.64702264437,
    74.096142294921));
#2911 = CARTESIAN_POINT('',(46.82988298107,-22.64702264437,
    73.793201837249));
#2912 = CARTESIAN_POINT('',(50.091609030777,-22.64702264437,
    74.466698972359));
#2913 = CARTESIAN_POINT('',(53.30015135599,-22.64702264437,
    73.191694302323));
#2914 = CARTESIAN_POINT('',(56.279469316208,-22.64702264437,
    74.457357525824));
#2915 = CARTESIAN_POINT('',(59.446612691677,-22.64702264437,
    80.570846325299));
#2916 = CARTESIAN_POINT('',(62.513016918644,-22.64702264437,
    88.511444572815));
#2917 = CARTESIAN_POINT('',(65.560173380067,-22.64702264437,
    98.86671125844));
#2918 = CARTESIAN_POINT('',(68.601069080765,-22.64702264437,
    107.99200079702));
#2919 = CARTESIAN_POINT('',(71.73799895759,-22.64702264437,
    113.43565048297));
#2920 = CARTESIAN_POINT('',(74.969065293279,-22.64702264437,
    114.07776914667));
#2921 = CARTESIAN_POINT('',(78.129605004858,-22.64702264437,
    110.63445116281));
#2922 = CARTESIAN_POINT('',(81.242142441362,-22.64702264437,
    102.69510232968));
#2923 = CARTESIAN_POINT('',(84.317854448757,-22.64702264437,
    92.345859653309));
#2924 = CARTESIAN_POINT('',(87.382888409396,-22.64702264437,
    83.35067516561));
#2925 = CARTESIAN_POINT('',(90.508387043519,-22.64702264437,
    76.560332422717));
#2926 = CARTESIAN_POINT('',(93.578525234368,-22.64702264437,
    72.89950065108));
#2927 = CARTESIAN_POINT('',(96.652517301093,-22.64702264437,
    74.400496878553));
#2928 = CARTESIAN_POINT('',(99.944975841828,-22.64702264437,
    73.929700208601));
#2929 = CARTESIAN_POINT('',(103.04922027306,-22.64702264437,
    74.01416612447));
#2930 = CARTESIAN_POINT('',(106.20068003424,-22.64702264437,
    73.953758185564));
#2931 = CARTESIAN_POINT('',(109.30407346416,-22.64702264437,
    73.936468232754));
#2932 = CARTESIAN_POINT('',(112.45286488364,-22.64702264437,
    74.013022728819));
#2933 = CARTESIAN_POINT('',(115.54203232295,-22.64702264437,
    73.863430203862));
#2934 = CARTESIAN_POINT('',(118.72160588355,-22.64702264437,
    74.129385422669));
#2935 = CARTESIAN_POINT('',(121.78285990839,-22.64702264437,
    73.762362906873));
#2936 = CARTESIAN_POINT('',(125.13174009112,-22.64702264437,
    74.613036112632));
#2937 = CARTESIAN_POINT('',(128.20977680724,-22.64702264437,
    72.713963522146));
#2938 = CARTESIAN_POINT('',(131.26095706703,-22.64702264437,
    76.098941734777));
#2939 = CARTESIAN_POINT('',(134.40498033054,-22.64702264437,
    82.758942088715));
#2940 = CARTESIAN_POINT('',(137.44822085371,-22.64702264437,
    91.533007479045));
#2941 = CARTESIAN_POINT('',(140.49429016176,-22.64702264437,
    101.92446425585));
#2942 = CARTESIAN_POINT('',(143.49462910383,-22.64702264437,
    110.16109839075));
#2943 = CARTESIAN_POINT('',(146.72417797021,-22.64702264437,
    114.08836466253));
#2944 = CARTESIAN_POINT('',(149.9482544959,-22.64702264437,
    113.57057063953));
#2945 = CARTESIAN_POINT('',(153.05902197354,-22.64702264437,
    108.58978031233));
#2946 = CARTESIAN_POINT('',(156.1823448947,-22.64702264437,
    99.665555524411));
#2947 = CARTESIAN_POINT('',(159.26349640411,-22.64702264437,
    89.278052912432));
#2948 = CARTESIAN_POINT('',(162.34239928534,-22.64702264437,
    81.093672018055));
#2949 = CARTESIAN_POINT('',(165.48445737214,-22.64702264437,
    74.892154811613));
#2950 = CARTESIAN_POINT('',(168.50570143136,-22.64702264437,
    73.205927845562));
#2951 = CARTESIAN_POINT('',(171.66933616697,-22.64702264437,
    74.350787574835));
#2952 = CARTESIAN_POINT('',(174.91178962355,-22.64702264437,
    73.903493657845));
#2953 = CARTESIAN_POINT('',(178.01225428054,-22.64702264437,
    74.022307528492));
#2954 = CARTESIAN_POINT('',(181.15590657147,-22.64702264437,
    73.917489987924));
#2955 = CARTESIAN_POINT('',(184.27126615396,-22.64702264437,
    74.004186224847));
#2956 = CARTESIAN_POINT('',(187.39790359724,-22.64702264437,
    73.896778184078));
#2957 = CARTESIAN_POINT('',(190.52385449579,-22.64702264437,
    74.050876879091));
#2958 = CARTESIAN_POINT('',(193.65028817727,-22.64702264437,
    73.851585824401));
#2959 = CARTESIAN_POINT('',(196.80392382223,-22.64702264437,
    74.245877501187));
#2960 = CARTESIAN_POINT('',(199.94392637543,-22.64702264437,
    73.816325475394));
#2961 = CARTESIAN_POINT('',(203.16177795814,-22.64702264437,
    73.89258856257));
#2962 = CARTESIAN_POINT('',(206.35231406763,-22.64702264437,
    78.217809870351));
#2963 = CARTESIAN_POINT('',(209.36825782326,-22.64702264437,
    85.702439156915));
#2964 = CARTESIAN_POINT('',(212.37959561216,-22.64702264437,
    95.281463450466));
#2965 = CARTESIAN_POINT('',(215.39238910851,-22.64702264437,
    104.76254536412));
#2966 = CARTESIAN_POINT('',(218.421822624,-22.64702264437,
    111.88872952909));
#2967 = CARTESIAN_POINT('',(221.72619309389,-22.64702264437,
    114.3358098369));
#2968 = CARTESIAN_POINT('',(224.87045067834,-22.64702264437,
    115.71737807252));
#2969 = CARTESIAN_POINT('',(228.,-22.64702264437,116.));
#2970 = CARTESIAN_POINT('',(-228.,-19.3959055229,116.));
#2971 = CARTESIAN_POINT('',(-224.8704506783,-19.3959055229,
    115.76426684256));
#2972 = CARTESIAN_POINT('',(-221.7261930938,-19.3959055229,
    114.48573928674));
#2973 = CARTESIAN_POINT('',(-218.421822624,-19.3959055229,112.7510360327
    ));
#2974 = CARTESIAN_POINT('',(-215.3923891085,-19.3959055229,
    106.91744115009));
#2975 = CARTESIAN_POINT('',(-212.3795956121,-19.3959055229,
    98.458654780969));
#2976 = CARTESIAN_POINT('',(-209.3682578232,-19.3959055229,
    89.489237354978));
#2977 = CARTESIAN_POINT('',(-206.3523140676,-19.3959055229,
    81.848807359439));
#2978 = CARTESIAN_POINT('',(-203.1617779581,-19.3959055229,
    76.376683439387));
#2979 = CARTESIAN_POINT('',(-199.9439263754,-19.3959055229,
    73.692722399688));
#2980 = CARTESIAN_POINT('',(-196.8039238222,-19.3959055229,
    73.667671280961));
#2981 = CARTESIAN_POINT('',(-193.6502881772,-19.3959055229,
    74.181033285007));
#2982 = CARTESIAN_POINT('',(-190.5238544957,-19.3959055229,
    74.053140268988));
#2983 = CARTESIAN_POINT('',(-187.3979035972,-19.3959055229,
    74.214118530907));
#2984 = CARTESIAN_POINT('',(-184.2712661539,-19.3959055229,
    74.095253167418));
#2985 = CARTESIAN_POINT('',(-181.1559065714,-19.3959055229,
    74.210215418448));
#2986 = CARTESIAN_POINT('',(-178.0122542805,-19.3959055229,74.0198876506
    ));
#2987 = CARTESIAN_POINT('',(-174.9117896235,-19.3959055229,
    74.173149291286));
#2988 = CARTESIAN_POINT('',(-171.6693361669,-19.3959055229,
    73.163571417041));
#2989 = CARTESIAN_POINT('',(-168.5057014313,-19.3959055229,
    75.25582532401));
#2990 = CARTESIAN_POINT('',(-165.4844573721,-19.3959055229,
    82.60291486122));
#2991 = CARTESIAN_POINT('',(-162.3423992853,-19.3959055229,
    90.819010905991));
#2992 = CARTESIAN_POINT('',(-159.2634964041,-19.3959055229,
    97.187317066988));
#2993 = CARTESIAN_POINT('',(-156.1823448947,-19.3959055229,
    103.39924729589));
#2994 = CARTESIAN_POINT('',(-153.0590219735,-19.3959055229,
    109.94976490955));
#2995 = CARTESIAN_POINT('',(-149.9482544959,-19.3959055229,
    113.57701850469));
#2996 = CARTESIAN_POINT('',(-146.7241779702,-19.3959055229,
    113.72291455556));
#2997 = CARTESIAN_POINT('',(-143.4946291038,-19.3959055229,
    111.19709078273));
#2998 = CARTESIAN_POINT('',(-140.4942901617,-19.3959055229,
    104.99675975231));
#2999 = CARTESIAN_POINT('',(-137.4482208537,-19.3959055229,
    98.32902360947));
#3000 = CARTESIAN_POINT('',(-134.4049803305,-19.3959055229,
    92.71597315906));
#3001 = CARTESIAN_POINT('',(-131.260957067,-19.3959055229,
    84.549520814437));
#3002 = CARTESIAN_POINT('',(-128.2097768072,-19.3959055229,
    76.768280929134));
#3003 = CARTESIAN_POINT('',(-125.1317400911,-19.3959055229,
    72.500801374381));
#3004 = CARTESIAN_POINT('',(-121.7828599083,-19.3959055229,
    74.470961970025));
#3005 = CARTESIAN_POINT('',(-118.7216058835,-19.3959055229,
    73.772157642967));
#3006 = CARTESIAN_POINT('',(-115.5420323229,-19.3959055229,
    74.341538945139));
#3007 = CARTESIAN_POINT('',(-112.4528648836,-19.3959055229,
    74.045295520137));
#3008 = CARTESIAN_POINT('',(-109.3040734641,-19.3959055229,
    74.182435171644));
#3009 = CARTESIAN_POINT('',(-106.2006800342,-19.3959055229,
    74.179968208675));
#3010 = CARTESIAN_POINT('',(-103.049220273,-19.3959055229,
    73.967919120973));
#3011 = CARTESIAN_POINT('',(-99.94497584182,-19.3959055229,
    74.191064890474));
#3012 = CARTESIAN_POINT('',(-96.65251730109,-19.3959055229,
    72.722027757342));
#3013 = CARTESIAN_POINT('',(-93.57852523436,-19.3959055229,
    77.303791771936));
#3014 = CARTESIAN_POINT('',(-90.50838704351,-19.3959055229,
    85.179925232238));
#3015 = CARTESIAN_POINT('',(-87.38288840939,-19.3959055229,
    93.096379737475));
#3016 = CARTESIAN_POINT('',(-84.31785444875,-19.3959055229,
    98.84007219881));
#3017 = CARTESIAN_POINT('',(-81.24214244136,-19.3959055229,
    105.5813439398));
#3018 = CARTESIAN_POINT('',(-78.12960500485,-19.3959055229,
    111.50083048879));
#3019 = CARTESIAN_POINT('',(-74.96906529327,-19.3959055229,
    113.73227470091));
#3020 = CARTESIAN_POINT('',(-71.73799895759,-19.3959055229,
    113.49765670896));
#3021 = CARTESIAN_POINT('',(-68.60106908076,-19.3959055229,
    109.5116812342));
#3022 = CARTESIAN_POINT('',(-65.56017338006,-19.3959055229,
    102.8127579685));
#3023 = CARTESIAN_POINT('',(-62.51301691864,-19.3959055229,
    96.749599360002));
#3024 = CARTESIAN_POINT('',(-59.44661269167,-19.3959055229,
    90.377018129767));
#3025 = CARTESIAN_POINT('',(-56.2794693162,-19.3959055229,81.95407635747
    ));
#3026 = CARTESIAN_POINT('',(-53.30015135599,-19.3959055229,
    74.804098966234));
#3027 = CARTESIAN_POINT('',(-50.09160903077,-19.3959055229,
    73.139345377084));
#3028 = CARTESIAN_POINT('',(-46.82988298107,-19.3959055229,
    74.295759538856));
#3029 = CARTESIAN_POINT('',(-43.75098561487,-19.3959055229,
    73.940539638981));
#3030 = CARTESIAN_POINT('',(-40.59022498143,-19.3959055229,
    74.263984477433));
#3031 = CARTESIAN_POINT('',(-37.48657799801,-19.3959055229,
    74.07649698582));
#3032 = CARTESIAN_POINT('',(-34.35349204993,-19.3959055229,
    74.196295261372));
#3033 = CARTESIAN_POINT('',(-31.22924211799,-19.3959055229,
    74.10758689633));
#3034 = CARTESIAN_POINT('',(-28.10496678474,-19.3959055229,
    74.067242184369));
#3035 = CARTESIAN_POINT('',(-24.94210454386,-19.3959055229,
    73.808688626368));
#3036 = CARTESIAN_POINT('',(-21.65395320521,-19.3959055229,
    73.316558221447));
#3037 = CARTESIAN_POINT('',(-18.66692496727,-19.3959055229,
    79.528467558909));
#3038 = CARTESIAN_POINT('',(-15.52415536771,-19.3959055229,
    87.824555903116));
#3039 = CARTESIAN_POINT('',(-12.42987744782,-19.3959055229,
    95.039166570443));
#3040 = CARTESIAN_POINT('',(-9.377596847078,-19.3959055229,
    100.56493268078));
#3041 = CARTESIAN_POINT('',(-6.312968134846,-19.3959055229,
    107.63241601306));
#3042 = CARTESIAN_POINT('',(-3.20273059646,-19.3959055229,
    112.69409350877));
#3043 = CARTESIAN_POINT('',(-2.775557561563E-17,-19.3959055229,
    114.05194062176));
#3044 = CARTESIAN_POINT('',(3.20273059646,-19.3959055229,112.69409350877
    ));
#3045 = CARTESIAN_POINT('',(6.312968134846,-19.3959055229,
    107.63241601306));
#3046 = CARTESIAN_POINT('',(9.377596847078,-19.3959055229,
    100.56493268078));
#3047 = CARTESIAN_POINT('',(12.429877447828,-19.3959055229,
    95.039166570443));
#3048 = CARTESIAN_POINT('',(15.524155367714,-19.3959055229,
    87.824555903116));
#3049 = CARTESIAN_POINT('',(18.666924967278,-19.3959055229,
    79.528467558909));
#3050 = CARTESIAN_POINT('',(21.653953205213,-19.3959055229,
    73.316558221447));
#3051 = CARTESIAN_POINT('',(24.942104543865,-19.3959055229,
    73.808688626368));
#3052 = CARTESIAN_POINT('',(28.104966784746,-19.3959055229,
    74.067242184369));
#3053 = CARTESIAN_POINT('',(31.229242117992,-19.3959055229,
    74.10758689633));
#3054 = CARTESIAN_POINT('',(34.353492049937,-19.3959055229,
    74.196295261371));
#3055 = CARTESIAN_POINT('',(37.486577998015,-19.3959055229,
    74.07649698582));
#3056 = CARTESIAN_POINT('',(40.590224981439,-19.3959055229,
    74.263984477433));
#3057 = CARTESIAN_POINT('',(43.75098561487,-19.3959055229,
    73.940539638981));
#3058 = CARTESIAN_POINT('',(46.82988298107,-19.3959055229,
    74.295759538856));
#3059 = CARTESIAN_POINT('',(50.091609030777,-19.3959055229,
    73.139345377084));
#3060 = CARTESIAN_POINT('',(53.30015135599,-19.3959055229,
    74.804098966234));
#3061 = CARTESIAN_POINT('',(56.279469316208,-19.3959055229,
    81.95407635747));
#3062 = CARTESIAN_POINT('',(59.446612691677,-19.3959055229,
    90.377018129766));
#3063 = CARTESIAN_POINT('',(62.513016918644,-19.3959055229,
    96.749599360002));
#3064 = CARTESIAN_POINT('',(65.560173380067,-19.3959055229,
    102.8127579685));
#3065 = CARTESIAN_POINT('',(68.601069080765,-19.3959055229,
    109.5116812342));
#3066 = CARTESIAN_POINT('',(71.73799895759,-19.3959055229,
    113.49765670896));
#3067 = CARTESIAN_POINT('',(74.969065293279,-19.3959055229,
    113.73227470092));
#3068 = CARTESIAN_POINT('',(78.129605004858,-19.3959055229,
    111.50083048879));
#3069 = CARTESIAN_POINT('',(81.242142441362,-19.3959055229,
    105.5813439398));
#3070 = CARTESIAN_POINT('',(84.317854448757,-19.3959055229,
    98.84007219881));
#3071 = CARTESIAN_POINT('',(87.382888409396,-19.3959055229,
    93.096379737475));
#3072 = CARTESIAN_POINT('',(90.508387043519,-19.3959055229,
    85.179925232237));
#3073 = CARTESIAN_POINT('',(93.578525234368,-19.3959055229,
    77.303791771936));
#3074 = CARTESIAN_POINT('',(96.652517301093,-19.3959055229,
    72.722027757342));
#3075 = CARTESIAN_POINT('',(99.944975841828,-19.3959055229,
    74.191064890474));
#3076 = CARTESIAN_POINT('',(103.04922027306,-19.3959055229,
    73.967919120973));
#3077 = CARTESIAN_POINT('',(106.20068003424,-19.3959055229,
    74.179968208675));
#3078 = CARTESIAN_POINT('',(109.30407346416,-19.3959055229,
    74.182435171644));
#3079 = CARTESIAN_POINT('',(112.45286488364,-19.3959055229,
    74.045295520137));
#3080 = CARTESIAN_POINT('',(115.54203232295,-19.3959055229,
    74.341538945139));
#3081 = CARTESIAN_POINT('',(118.72160588355,-19.3959055229,
    73.772157642967));
#3082 = CARTESIAN_POINT('',(121.78285990839,-19.3959055229,
    74.470961970025));
#3083 = CARTESIAN_POINT('',(125.13174009112,-19.3959055229,
    72.500801374381));
#3084 = CARTESIAN_POINT('',(128.20977680724,-19.3959055229,
    76.768280929134));
#3085 = CARTESIAN_POINT('',(131.26095706703,-19.3959055229,
    84.549520814437));
#3086 = CARTESIAN_POINT('',(134.40498033054,-19.3959055229,
    92.71597315906));
#3087 = CARTESIAN_POINT('',(137.44822085371,-19.3959055229,
    98.32902360947));
#3088 = CARTESIAN_POINT('',(140.49429016176,-19.3959055229,
    104.99675975231));
#3089 = CARTESIAN_POINT('',(143.49462910383,-19.3959055229,
    111.19709078273));
#3090 = CARTESIAN_POINT('',(146.72417797021,-19.3959055229,
    113.72291455556));
#3091 = CARTESIAN_POINT('',(149.9482544959,-19.3959055229,
    113.57701850469));
#3092 = CARTESIAN_POINT('',(153.05902197354,-19.3959055229,
    109.94976490955));
#3093 = CARTESIAN_POINT('',(156.1823448947,-19.3959055229,
    103.39924729589));
#3094 = CARTESIAN_POINT('',(159.26349640411,-19.3959055229,
    97.187317066988));
#3095 = CARTESIAN_POINT('',(162.34239928534,-19.3959055229,
    90.819010905991));
#3096 = CARTESIAN_POINT('',(165.48445737214,-19.3959055229,
    82.60291486122));
#3097 = CARTESIAN_POINT('',(168.50570143136,-19.3959055229,
    75.25582532401));
#3098 = CARTESIAN_POINT('',(171.66933616697,-19.3959055229,
    73.163571417041));
#3099 = CARTESIAN_POINT('',(174.91178962355,-19.3959055229,
    74.173149291286));
#3100 = CARTESIAN_POINT('',(178.01225428054,-19.3959055229,74.0198876506
    ));
#3101 = CARTESIAN_POINT('',(181.15590657147,-19.3959055229,
    74.210215418448));
#3102 = CARTESIAN_POINT('',(184.27126615396,-19.3959055229,
    74.095253167418));
#3103 = CARTESIAN_POINT('',(187.39790359723,-19.3959055229,
    74.214118530907));
#3104 = CARTESIAN_POINT('',(190.52385449579,-19.3959055229,
    74.053140268988));
#3105 = CARTESIAN_POINT('',(193.65028817727,-19.3959055229,
    74.181033285007));
#3106 = CARTESIAN_POINT('',(196.80392382223,-19.3959055229,
    73.66767128096));
#3107 = CARTESIAN_POINT('',(199.94392637543,-19.3959055229,
    73.692722399688));
#3108 = CARTESIAN_POINT('',(203.16177795814,-19.3959055229,
    76.376683439387));
#3109 = CARTESIAN_POINT('',(206.35231406763,-19.3959055229,
    81.848807359439));
#3110 = CARTESIAN_POINT('',(209.36825782326,-19.3959055229,
    89.489237354978));
#3111 = CARTESIAN_POINT('',(212.37959561216,-19.3959055229,
    98.458654780969));
#3112 = CARTESIAN_POINT('',(215.39238910851,-19.3959055229,
    106.91744115009));
#3113 = CARTESIAN_POINT('',(218.421822624,-19.3959055229,112.7510360327)
  );
#3114 = CARTESIAN_POINT('',(221.72619309389,-19.3959055229,
    114.48573928674));
#3115 = CARTESIAN_POINT('',(224.87045067834,-19.3959055229,
    115.76426684256));
#3116 = CARTESIAN_POINT('',(228.,-19.3959055229,116.));
#3117 = CARTESIAN_POINT('',(-228.,-16.63376380294,116.));
#3118 = CARTESIAN_POINT('',(-224.8704506783,-16.63376380294,
    115.81866442446));
#3119 = CARTESIAN_POINT('',(-221.7261930938,-16.63376380294,
    114.65871807407));
#3120 = CARTESIAN_POINT('',(-218.421822624,-16.63376380294,
    113.5649024309));
#3121 = CARTESIAN_POINT('',(-215.3923891085,-16.63376380294,
    109.13804911853));
#3122 = CARTESIAN_POINT('',(-212.3795956121,-16.63376380294,
    101.91259438798));
#3123 = CARTESIAN_POINT('',(-209.3682578232,-16.63376380294,
    93.821444150306));
#3124 = CARTESIAN_POINT('',(-206.3523140676,-16.63376380294,
    86.431420567449));
#3125 = CARTESIAN_POINT('',(-203.1617779581,-16.63376380294,
    80.450671266334));
#3126 = CARTESIAN_POINT('',(-199.9439263754,-16.63376380294,
    76.74269272738));
#3127 = CARTESIAN_POINT('',(-196.8039238222,-16.63376380294,
    74.679571860704));
#3128 = CARTESIAN_POINT('',(-193.6502881772,-16.63376380294,
    73.69958995521));
#3129 = CARTESIAN_POINT('',(-190.5238544957,-16.63376380294,
    73.474325815238));
#3130 = CARTESIAN_POINT('',(-187.3979035972,-16.63376380294,
    73.389465573254));
#3131 = CARTESIAN_POINT('',(-184.2712661539,-16.63376380294,
    73.38661760797));
#3132 = CARTESIAN_POINT('',(-181.1559065714,-16.63376380294,
    73.428449834549));
#3133 = CARTESIAN_POINT('',(-178.0122542805,-16.63376380294,
    73.496331922409));
#3134 = CARTESIAN_POINT('',(-174.9117896235,-16.63376380294,
    74.144471591384));
#3135 = CARTESIAN_POINT('',(-171.6693361669,-16.63376380294,
    75.198348010531));
#3136 = CARTESIAN_POINT('',(-168.5057014313,-16.63376380294,
    81.999667520606));
#3137 = CARTESIAN_POINT('',(-165.4844573721,-16.63376380294,
    91.106231599156));
#3138 = CARTESIAN_POINT('',(-162.3423992853,-16.63376380294,
    99.564878784342));
#3139 = CARTESIAN_POINT('',(-159.2634964041,-16.63376380294,
    109.13350263881));
#3140 = CARTESIAN_POINT('',(-156.1823448947,-16.63376380294,
    114.45986215725));
#3141 = CARTESIAN_POINT('',(-153.0590219735,-16.63376380294,
    115.52595955646));
#3142 = CARTESIAN_POINT('',(-149.9482544959,-16.63376380294,
    116.42149875555));
#3143 = CARTESIAN_POINT('',(-146.7241779702,-16.63376380294,
    116.60204120395));
#3144 = CARTESIAN_POINT('',(-143.4946291038,-16.63376380294,
    115.86185905553));
#3145 = CARTESIAN_POINT('',(-140.4942901617,-16.63376380294,
    114.47532757894));
#3146 = CARTESIAN_POINT('',(-137.4482208537,-16.63376380294,
    111.97022370472));
#3147 = CARTESIAN_POINT('',(-134.4049803305,-16.63376380294,
    101.2419322166));
#3148 = CARTESIAN_POINT('',(-131.260957067,-16.63376380294,
    93.568793837534));
#3149 = CARTESIAN_POINT('',(-128.2097768072,-16.63376380294,
    83.827068169104));
#3150 = CARTESIAN_POINT('',(-125.1317400911,-16.63376380294,
    76.50515535134));
#3151 = CARTESIAN_POINT('',(-121.7828599083,-16.63376380294,
    73.982442678989));
#3152 = CARTESIAN_POINT('',(-118.7216058835,-16.63376380294,
    73.766793213944));
#3153 = CARTESIAN_POINT('',(-115.5420323229,-16.63376380294,
    73.332387467876));
#3154 = CARTESIAN_POINT('',(-112.4528648836,-16.63376380294,
    73.431380874697));
#3155 = CARTESIAN_POINT('',(-109.3040734641,-16.63376380294,
    73.402576195894));
#3156 = CARTESIAN_POINT('',(-106.2006800342,-16.63376380294,
    73.368979677584));
#3157 = CARTESIAN_POINT('',(-103.049220273,-16.63376380294,
    73.769578975887));
#3158 = CARTESIAN_POINT('',(-99.94497584182,-16.63376380294,
    74.059512522579));
#3159 = CARTESIAN_POINT('',(-96.65251730109,-16.63376380294,
    76.960970292876));
#3160 = CARTESIAN_POINT('',(-93.57852523436,-16.63376380294,
    84.556315631314));
#3161 = CARTESIAN_POINT('',(-90.50838704351,-16.63376380294,
    94.070336450863));
#3162 = CARTESIAN_POINT('',(-87.38288840939,-16.63376380294,
    102.07843373778));
#3163 = CARTESIAN_POINT('',(-84.31785444875,-16.63376380294,
    112.17278446168));
#3164 = CARTESIAN_POINT('',(-81.24214244136,-16.63376380294,
    114.60421374401));
#3165 = CARTESIAN_POINT('',(-78.12960500485,-16.63376380294,
    115.95138174456));
#3166 = CARTESIAN_POINT('',(-74.96906529327,-16.63376380294,
    116.59287405685));
#3167 = CARTESIAN_POINT('',(-71.73799895759,-16.63376380294,
    116.39016481023));
#3168 = CARTESIAN_POINT('',(-68.60106908076,-16.63376380294,
    115.41951050726));
#3169 = CARTESIAN_POINT('',(-65.56017338006,-16.63376380294,
    114.3703564455));
#3170 = CARTESIAN_POINT('',(-62.51301691864,-16.63376380294,
    108.67952632787));
#3171 = CARTESIAN_POINT('',(-59.44661269167,-16.63376380294,
    98.856149808823));
#3172 = CARTESIAN_POINT('',(-56.2794693162,-16.63376380294,
    90.512260958908));
#3173 = CARTESIAN_POINT('',(-53.30015135599,-16.63376380294,
    81.37794491122));
#3174 = CARTESIAN_POINT('',(-50.09160903077,-16.63376380294,
    74.765439755445));
#3175 = CARTESIAN_POINT('',(-46.82988298107,-16.63376380294,
    74.261903527808));
#3176 = CARTESIAN_POINT('',(-43.75098561487,-16.63376380294,
    73.324784587192));
#3177 = CARTESIAN_POINT('',(-40.59022498143,-16.63376380294,
    73.567361886138));
#3178 = CARTESIAN_POINT('',(-37.48657799801,-16.63376380294,
    73.233250910357));
#3179 = CARTESIAN_POINT('',(-34.35349204993,-16.63376380294,
    73.580386353798));
#3180 = CARTESIAN_POINT('',(-31.22924211799,-16.63376380294,
    73.217435566651));
#3181 = CARTESIAN_POINT('',(-28.10496678474,-16.63376380294,
    74.165299416197));
#3182 = CARTESIAN_POINT('',(-24.94210454386,-16.63376380294,
    74.012541822903));
#3183 = CARTESIAN_POINT('',(-21.65395320521,-16.63376380294,
    79.100304694939));
#3184 = CARTESIAN_POINT('',(-18.66692496727,-16.63376380294,
    87.391768912024));
#3185 = CARTESIAN_POINT('',(-15.52415536771,-16.63376380294,
    96.60309762949));
#3186 = CARTESIAN_POINT('',(-12.42987744782,-16.63376380294,
    105.26748065451));
#3187 = CARTESIAN_POINT('',(-9.377596847078,-16.63376380294,
    114.39331763111));
#3188 = CARTESIAN_POINT('',(-6.312968134846,-16.63376380294,
    114.95236967135));
#3189 = CARTESIAN_POINT('',(-3.20273059646,-16.63376380294,
    116.26776786969));
#3190 = CARTESIAN_POINT('',(-2.775557561563E-17,-16.63376380294,
    116.70502883127));
#3191 = CARTESIAN_POINT('',(3.20273059646,-16.63376380294,
    116.26776786969));
#3192 = CARTESIAN_POINT('',(6.312968134846,-16.63376380294,
    114.95236967135));
#3193 = CARTESIAN_POINT('',(9.377596847078,-16.63376380294,
    114.39331763111));
#3194 = CARTESIAN_POINT('',(12.429877447828,-16.63376380294,
    105.26748065451));
#3195 = CARTESIAN_POINT('',(15.524155367714,-16.63376380294,
    96.60309762949));
#3196 = CARTESIAN_POINT('',(18.666924967278,-16.63376380294,
    87.391768912024));
#3197 = CARTESIAN_POINT('',(21.653953205212,-16.63376380294,
    79.100304694939));
#3198 = CARTESIAN_POINT('',(24.942104543866,-16.63376380294,
    74.012541822903));
#3199 = CARTESIAN_POINT('',(28.104966784746,-16.63376380294,
    74.165299416197));
#3200 = CARTESIAN_POINT('',(31.229242117992,-16.63376380294,
    73.217435566651));
#3201 = CARTESIAN_POINT('',(34.353492049937,-16.63376380294,
    73.580386353798));
#3202 = CARTESIAN_POINT('',(37.486577998015,-16.63376380294,
    73.233250910357));
#3203 = CARTESIAN_POINT('',(40.590224981439,-16.63376380294,
    73.567361886137));
#3204 = CARTESIAN_POINT('',(43.75098561487,-16.63376380294,
    73.324784587193));
#3205 = CARTESIAN_POINT('',(46.82988298107,-16.63376380294,
    74.261903527808));
#3206 = CARTESIAN_POINT('',(50.091609030777,-16.63376380294,
    74.765439755445));
#3207 = CARTESIAN_POINT('',(53.30015135599,-16.63376380294,
    81.37794491122));
#3208 = CARTESIAN_POINT('',(56.279469316208,-16.63376380294,
    90.512260958908));
#3209 = CARTESIAN_POINT('',(59.446612691677,-16.63376380294,
    98.856149808823));
#3210 = CARTESIAN_POINT('',(62.513016918644,-16.63376380294,
    108.67952632787));
#3211 = CARTESIAN_POINT('',(65.560173380067,-16.63376380294,
    114.3703564455));
#3212 = CARTESIAN_POINT('',(68.601069080765,-16.63376380294,
    115.41951050726));
#3213 = CARTESIAN_POINT('',(71.73799895759,-16.63376380294,
    116.39016481023));
#3214 = CARTESIAN_POINT('',(74.969065293279,-16.63376380294,
    116.59287405685));
#3215 = CARTESIAN_POINT('',(78.129605004858,-16.63376380294,
    115.95138174456));
#3216 = CARTESIAN_POINT('',(81.242142441362,-16.63376380294,
    114.60421374401));
#3217 = CARTESIAN_POINT('',(84.317854448757,-16.63376380294,
    112.17278446168));
#3218 = CARTESIAN_POINT('',(87.382888409396,-16.63376380294,
    102.07843373778));
#3219 = CARTESIAN_POINT('',(90.508387043519,-16.63376380294,
    94.070336450863));
#3220 = CARTESIAN_POINT('',(93.578525234368,-16.63376380294,
    84.556315631314));
#3221 = CARTESIAN_POINT('',(96.652517301093,-16.63376380294,
    76.960970292876));
#3222 = CARTESIAN_POINT('',(99.944975841828,-16.63376380294,
    74.059512522579));
#3223 = CARTESIAN_POINT('',(103.04922027306,-16.63376380294,
    73.769578975886));
#3224 = CARTESIAN_POINT('',(106.20068003424,-16.63376380294,
    73.368979677584));
#3225 = CARTESIAN_POINT('',(109.30407346416,-16.63376380294,
    73.402576195894));
#3226 = CARTESIAN_POINT('',(112.45286488364,-16.63376380294,
    73.431380874697));
#3227 = CARTESIAN_POINT('',(115.54203232295,-16.63376380294,
    73.332387467876));
#3228 = CARTESIAN_POINT('',(118.72160588355,-16.63376380294,
    73.766793213944));
#3229 = CARTESIAN_POINT('',(121.78285990839,-16.63376380294,
    73.982442678989));
#3230 = CARTESIAN_POINT('',(125.13174009112,-16.63376380294,
    76.50515535134));
#3231 = CARTESIAN_POINT('',(128.20977680724,-16.63376380294,
    83.827068169103));
#3232 = CARTESIAN_POINT('',(131.26095706703,-16.63376380294,
    93.568793837534));
#3233 = CARTESIAN_POINT('',(134.40498033054,-16.63376380294,
    101.2419322166));
#3234 = CARTESIAN_POINT('',(137.44822085371,-16.63376380294,
    111.97022370472));
#3235 = CARTESIAN_POINT('',(140.49429016176,-16.63376380294,
    114.47532757894));
#3236 = CARTESIAN_POINT('',(143.49462910383,-16.63376380294,
    115.86185905553));
#3237 = CARTESIAN_POINT('',(146.72417797021,-16.63376380294,
    116.60204120395));
#3238 = CARTESIAN_POINT('',(149.9482544959,-16.63376380294,
    116.42149875555));
#3239 = CARTESIAN_POINT('',(153.05902197354,-16.63376380294,
    115.52595955646));
#3240 = CARTESIAN_POINT('',(156.1823448947,-16.63376380294,
    114.45986215725));
#3241 = CARTESIAN_POINT('',(159.26349640411,-16.63376380294,
    109.13350263881));
#3242 = CARTESIAN_POINT('',(162.34239928534,-16.63376380294,
    99.564878784342));
#3243 = CARTESIAN_POINT('',(165.48445737214,-16.63376380294,
    91.106231599156));
#3244 = CARTESIAN_POINT('',(168.50570143136,-16.63376380294,
    81.999667520606));
#3245 = CARTESIAN_POINT('',(171.66933616697,-16.63376380294,
    75.198348010531));
#3246 = CARTESIAN_POINT('',(174.91178962354,-16.63376380294,
    74.144471591384));
#3247 = CARTESIAN_POINT('',(178.01225428054,-16.63376380294,
    73.496331922409));
#3248 = CARTESIAN_POINT('',(181.15590657147,-16.63376380294,
    73.428449834548));
#3249 = CARTESIAN_POINT('',(184.27126615396,-16.63376380294,
    73.38661760797));
#3250 = CARTESIAN_POINT('',(187.39790359724,-16.63376380294,
    73.389465573253));
#3251 = CARTESIAN_POINT('',(190.52385449579,-16.63376380294,
    73.474325815238));
#3252 = CARTESIAN_POINT('',(193.65028817727,-16.63376380294,
    73.69958995521));
#3253 = CARTESIAN_POINT('',(196.80392382223,-16.63376380294,
    74.679571860704));
#3254 = CARTESIAN_POINT('',(199.94392637543,-16.63376380294,
    76.74269272738));
#3255 = CARTESIAN_POINT('',(203.16177795814,-16.63376380294,
    80.450671266334));
#3256 = CARTESIAN_POINT('',(206.35231406763,-16.63376380294,
    86.43142056745));
#3257 = CARTESIAN_POINT('',(209.36825782326,-16.63376380294,
    93.821444150306));
#3258 = CARTESIAN_POINT('',(212.37959561216,-16.63376380294,
    101.91259438798));
#3259 = CARTESIAN_POINT('',(215.39238910851,-16.63376380294,
    109.13804911853));
#3260 = CARTESIAN_POINT('',(218.421822624,-16.63376380294,113.5649024309
    ));
#3261 = CARTESIAN_POINT('',(221.72619309389,-16.63376380294,
    114.65871807407));
#3262 = CARTESIAN_POINT('',(224.87045067834,-16.63376380294,
    115.81866442446));
#3263 = CARTESIAN_POINT('',(228.,-16.63376380294,116.));
#3264 = CARTESIAN_POINT('',(-228.,-12.99831014382,116.));
#3265 = CARTESIAN_POINT('',(-224.8704506783,-12.99831014382,
    115.91685263173));
#3266 = CARTESIAN_POINT('',(-221.7261930938,-12.99831014382,
    114.96794084768));
#3267 = CARTESIAN_POINT('',(-218.421822624,-12.99831014382,
    113.81278738506));
#3268 = CARTESIAN_POINT('',(-215.3923891085,-12.99831014382,
    112.30513495615));
#3269 = CARTESIAN_POINT('',(-212.3795956121,-12.99831014382,
    107.12544370102));
#3270 = CARTESIAN_POINT('',(-209.3682578232,-12.99831014382,
    100.9124411094));
#3271 = CARTESIAN_POINT('',(-206.3523140676,-12.99831014382,
    94.640375832745));
#3272 = CARTESIAN_POINT('',(-203.1617779581,-12.99831014382,
    89.022317682442));
#3273 = CARTESIAN_POINT('',(-199.9439263754,-12.99831014382,
    84.889460018777));
#3274 = CARTESIAN_POINT('',(-196.8039238222,-12.99831014382,
    82.428472696082));
#3275 = CARTESIAN_POINT('',(-193.6502881772,-12.99831014382,
    81.06405732191));
#3276 = CARTESIAN_POINT('',(-190.5238544957,-12.99831014382,
    80.415071305248));
#3277 = CARTESIAN_POINT('',(-187.3979035972,-12.99831014382,
    80.289386068563));
#3278 = CARTESIAN_POINT('',(-184.2712661539,-12.99831014382,
    80.263910182635));
#3279 = CARTESIAN_POINT('',(-181.1559065714,-12.99831014382,
    80.320505806447));
#3280 = CARTESIAN_POINT('',(-178.0122542805,-12.99831014382,
    80.617523992065));
#3281 = CARTESIAN_POINT('',(-174.9117896235,-12.99831014382,
    81.656880039035));
#3282 = CARTESIAN_POINT('',(-171.6693361669,-12.99831014382,
    83.307155330837));
#3283 = CARTESIAN_POINT('',(-168.5057014313,-12.99831014382,
    90.695501805032));
#3284 = CARTESIAN_POINT('',(-165.4844573721,-12.99831014382,
    100.4030491804));
#3285 = CARTESIAN_POINT('',(-162.3423992853,-12.99831014382,
    112.45934969217));
#3286 = CARTESIAN_POINT('',(-159.2634964041,-12.99831014382,
    115.20979696284));
#3287 = CARTESIAN_POINT('',(-156.1823448947,-12.99831014382,
    116.51377236974));
#3288 = CARTESIAN_POINT('',(-153.0590219735,-12.99831014382,
    118.94633981824));
#3289 = CARTESIAN_POINT('',(-149.9482544959,-12.99831014382,
    120.13157885377));
#3290 = CARTESIAN_POINT('',(-146.7241779702,-12.99831014382,
    120.2938153218));
#3291 = CARTESIAN_POINT('',(-143.4946291038,-12.99831014382,
    119.29984845786));
#3292 = CARTESIAN_POINT('',(-140.4942901617,-12.99831014382,
    117.20397616802));
#3293 = CARTESIAN_POINT('',(-137.4482208537,-12.99831014382,
    114.92809814342));
#3294 = CARTESIAN_POINT('',(-134.4049803305,-12.99831014382,
    115.44929390486));
#3295 = CARTESIAN_POINT('',(-131.260957067,-12.99831014382,
    102.27986876948));
#3296 = CARTESIAN_POINT('',(-128.2097768072,-12.99831014382,
    93.26420230015));
#3297 = CARTESIAN_POINT('',(-125.1317400911,-12.99831014382,
    84.340192233103));
#3298 = CARTESIAN_POINT('',(-121.7828599083,-12.99831014382,
    81.758712819818));
#3299 = CARTESIAN_POINT('',(-118.7216058835,-12.99831014382,
    80.885793774332));
#3300 = CARTESIAN_POINT('',(-115.5420323229,-12.99831014382,
    80.293694926846));
#3301 = CARTESIAN_POINT('',(-112.4528648836,-12.99831014382,
    80.288448662115));
#3302 = CARTESIAN_POINT('',(-109.3040734641,-12.99831014382,
    80.299754616779));
#3303 = CARTESIAN_POINT('',(-106.2006800342,-12.99831014382,
    80.28959198565));
#3304 = CARTESIAN_POINT('',(-103.049220273,-12.99831014382,
    80.996556659856));
#3305 = CARTESIAN_POINT('',(-99.94497584182,-12.99831014382,
    81.766763380172));
#3306 = CARTESIAN_POINT('',(-96.65251730109,-12.99831014382,
    84.992971310288));
#3307 = CARTESIAN_POINT('',(-93.57852523436,-12.99831014382,
    93.78004201702));
#3308 = CARTESIAN_POINT('',(-90.50838704351,-12.99831014382,
    103.43174028167));
#3309 = CARTESIAN_POINT('',(-87.38288840939,-12.99831014382,
    115.38210680292));
#3310 = CARTESIAN_POINT('',(-84.31785444875,-12.99831014382,
    115.10300044009));
#3311 = CARTESIAN_POINT('',(-81.24214244136,-12.99831014382,
    117.40010956452));
#3312 = CARTESIAN_POINT('',(-78.12960500485,-12.99831014382,
    119.41976751815));
#3313 = CARTESIAN_POINT('',(-74.96906529327,-12.99831014382,
    120.28843796764));
#3314 = CARTESIAN_POINT('',(-71.73799895759,-12.99831014382,
    120.09628166056));
#3315 = CARTESIAN_POINT('',(-68.60106908076,-12.99831014382,
    118.80455592078));
#3316 = CARTESIAN_POINT('',(-65.56017338006,-12.99831014382,
    116.29244547299));
#3317 = CARTESIAN_POINT('',(-62.51301691864,-12.99831014382,
    115.13658341395));
#3318 = CARTESIAN_POINT('',(-59.44661269167,-12.99831014382,
    112.24303546391));
#3319 = CARTESIAN_POINT('',(-56.2794693162,-12.99831014382,
    99.322713821772));
#3320 = CARTESIAN_POINT('',(-53.30015135599,-12.99831014382,
    90.170067882795));
#3321 = CARTESIAN_POINT('',(-50.09160903077,-12.99831014382,
    82.777925445887));
#3322 = CARTESIAN_POINT('',(-46.82988298107,-12.99831014382,
    81.75524966002));
#3323 = CARTESIAN_POINT('',(-43.75098561487,-12.99831014382,
    80.40899700639));
#3324 = CARTESIAN_POINT('',(-40.59022498143,-12.99831014382,
    80.452531407784));
#3325 = CARTESIAN_POINT('',(-37.48657799801,-12.99831014382,
    80.122219963067));
#3326 = CARTESIAN_POINT('',(-34.35349204993,-12.99831014382,
    80.459823262211));
#3327 = CARTESIAN_POINT('',(-31.22924211799,-12.99831014382,
    80.206889931518));
#3328 = CARTESIAN_POINT('',(-28.10496678474,-12.99831014382,
    81.523492296207));
#3329 = CARTESIAN_POINT('',(-24.94210454386,-12.99831014382,
    81.874764164385));
#3330 = CARTESIAN_POINT('',(-21.65395320521,-12.99831014382,
    87.316557045368));
#3331 = CARTESIAN_POINT('',(-18.66692496727,-12.99831014382,
    96.664397538561));
#3332 = CARTESIAN_POINT('',(-15.52415536771,-12.99831014382,
    107.7585142407));
#3333 = CARTESIAN_POINT('',(-12.42987744782,-12.99831014382,
    115.33423804588));
#3334 = CARTESIAN_POINT('',(-9.377596847078,-12.99831014382,
    115.26483313739));
#3335 = CARTESIAN_POINT('',(-6.312968134846,-12.99831014382,
    118.17249628964));
#3336 = CARTESIAN_POINT('',(-3.20273059646,-12.99831014382,
    119.75957508456));
#3337 = CARTESIAN_POINT('',(-2.775557561563E-17,-12.99831014382,
    120.35477437037));
#3338 = CARTESIAN_POINT('',(3.20273059646,-12.99831014382,
    119.75957508456));
#3339 = CARTESIAN_POINT('',(6.312968134846,-12.99831014382,
    118.17249628964));
#3340 = CARTESIAN_POINT('',(9.377596847078,-12.99831014382,
    115.26483313739));
#3341 = CARTESIAN_POINT('',(12.429877447828,-12.99831014382,
    115.33423804588));
#3342 = CARTESIAN_POINT('',(15.524155367714,-12.99831014382,
    107.7585142407));
#3343 = CARTESIAN_POINT('',(18.666924967278,-12.99831014382,
    96.664397538561));
#3344 = CARTESIAN_POINT('',(21.653953205213,-12.99831014382,
    87.316557045368));
#3345 = CARTESIAN_POINT('',(24.942104543865,-12.99831014382,
    81.874764164385));
#3346 = CARTESIAN_POINT('',(28.104966784746,-12.99831014382,
    81.523492296207));
#3347 = CARTESIAN_POINT('',(31.229242117992,-12.99831014382,
    80.206889931518));
#3348 = CARTESIAN_POINT('',(34.353492049937,-12.99831014382,
    80.459823262211));
#3349 = CARTESIAN_POINT('',(37.486577998015,-12.99831014382,
    80.122219963067));
#3350 = CARTESIAN_POINT('',(40.590224981439,-12.99831014382,
    80.452531407784));
#3351 = CARTESIAN_POINT('',(43.75098561487,-12.99831014382,
    80.40899700639));
#3352 = CARTESIAN_POINT('',(46.82988298107,-12.99831014382,
    81.75524966002));
#3353 = CARTESIAN_POINT('',(50.091609030777,-12.99831014382,
    82.777925445887));
#3354 = CARTESIAN_POINT('',(53.30015135599,-12.99831014382,
    90.170067882795));
#3355 = CARTESIAN_POINT('',(56.279469316208,-12.99831014382,
    99.322713821772));
#3356 = CARTESIAN_POINT('',(59.446612691677,-12.99831014382,
    112.24303546391));
#3357 = CARTESIAN_POINT('',(62.513016918644,-12.99831014382,
    115.13658341395));
#3358 = CARTESIAN_POINT('',(65.560173380067,-12.99831014382,
    116.29244547299));
#3359 = CARTESIAN_POINT('',(68.601069080765,-12.99831014382,
    118.80455592078));
#3360 = CARTESIAN_POINT('',(71.73799895759,-12.99831014382,
    120.09628166056));
#3361 = CARTESIAN_POINT('',(74.969065293279,-12.99831014382,
    120.28843796764));
#3362 = CARTESIAN_POINT('',(78.129605004858,-12.99831014382,
    119.41976751815));
#3363 = CARTESIAN_POINT('',(81.242142441362,-12.99831014382,
    117.40010956452));
#3364 = CARTESIAN_POINT('',(84.317854448757,-12.99831014382,
    115.10300044009));
#3365 = CARTESIAN_POINT('',(87.382888409396,-12.99831014382,
    115.38210680292));
#3366 = CARTESIAN_POINT('',(90.508387043519,-12.99831014382,
    103.43174028167));
#3367 = CARTESIAN_POINT('',(93.578525234368,-12.99831014382,
    93.78004201702));
#3368 = CARTESIAN_POINT('',(96.652517301093,-12.99831014382,
    84.992971310288));
#3369 = CARTESIAN_POINT('',(99.944975841828,-12.99831014382,
    81.766763380172));
#3370 = CARTESIAN_POINT('',(103.04922027306,-12.99831014382,
    80.996556659856));
#3371 = CARTESIAN_POINT('',(106.20068003424,-12.99831014382,
    80.28959198565));
#3372 = CARTESIAN_POINT('',(109.30407346416,-12.99831014382,
    80.299754616779));
#3373 = CARTESIAN_POINT('',(112.45286488364,-12.99831014382,
    80.288448662115));
#3374 = CARTESIAN_POINT('',(115.54203232295,-12.99831014382,
    80.293694926846));
#3375 = CARTESIAN_POINT('',(118.72160588355,-12.99831014382,
    80.885793774331));
#3376 = CARTESIAN_POINT('',(121.78285990839,-12.99831014382,
    81.758712819818));
#3377 = CARTESIAN_POINT('',(125.13174009112,-12.99831014382,
    84.340192233103));
#3378 = CARTESIAN_POINT('',(128.20977680724,-12.99831014382,
    93.26420230015));
#3379 = CARTESIAN_POINT('',(131.26095706703,-12.99831014382,
    102.27986876948));
#3380 = CARTESIAN_POINT('',(134.40498033054,-12.99831014382,
    115.44929390486));
#3381 = CARTESIAN_POINT('',(137.44822085371,-12.99831014382,
    114.92809814342));
#3382 = CARTESIAN_POINT('',(140.49429016176,-12.99831014382,
    117.20397616802));
#3383 = CARTESIAN_POINT('',(143.49462910383,-12.99831014382,
    119.29984845786));
#3384 = CARTESIAN_POINT('',(146.72417797021,-12.99831014382,
    120.2938153218));
#3385 = CARTESIAN_POINT('',(149.9482544959,-12.99831014382,
    120.13157885377));
#3386 = CARTESIAN_POINT('',(153.05902197354,-12.99831014382,
    118.94633981824));
#3387 = CARTESIAN_POINT('',(156.1823448947,-12.99831014382,
    116.51377236974));
#3388 = CARTESIAN_POINT('',(159.26349640411,-12.99831014382,
    115.20979696284));
#3389 = CARTESIAN_POINT('',(162.34239928534,-12.99831014382,
    112.45934969217));
#3390 = CARTESIAN_POINT('',(165.48445737214,-12.99831014382,
    100.4030491804));
#3391 = CARTESIAN_POINT('',(168.50570143136,-12.99831014382,
    90.695501805032));
#3392 = CARTESIAN_POINT('',(171.66933616697,-12.99831014382,
    83.307155330837));
#3393 = CARTESIAN_POINT('',(174.91178962355,-12.99831014382,
    81.656880039035));
#3394 = CARTESIAN_POINT('',(178.01225428054,-12.99831014382,
    80.617523992065));
#3395 = CARTESIAN_POINT('',(181.15590657147,-12.99831014382,
    80.320505806447));
#3396 = CARTESIAN_POINT('',(184.27126615396,-12.99831014382,
    80.263910182634));
#3397 = CARTESIAN_POINT('',(187.39790359724,-12.99831014382,
    80.289386068563));
#3398 = CARTESIAN_POINT('',(190.52385449579,-12.99831014382,
    80.415071305248));
#3399 = CARTESIAN_POINT('',(193.65028817727,-12.99831014382,
    81.06405732191));
#3400 = CARTESIAN_POINT('',(196.80392382223,-12.99831014382,
    82.428472696082));
#3401 = CARTESIAN_POINT('',(199.94392637543,-12.99831014382,
    84.889460018777));
#3402 = CARTESIAN_POINT('',(203.16177795814,-12.99831014382,
    89.022317682442));
#3403 = CARTESIAN_POINT('',(206.35231406763,-12.99831014382,
    94.640375832745));
#3404 = CARTESIAN_POINT('',(209.36825782326,-12.99831014382,
    100.9124411094));
#3405 = CARTESIAN_POINT('',(212.37959561216,-12.99831014382,
    107.12544370102));
#3406 = CARTESIAN_POINT('',(215.39238910851,-12.99831014382,
    112.30513495615));
#3407 = CARTESIAN_POINT('',(218.421822624,-12.99831014382,
    113.81278738506));
#3408 = CARTESIAN_POINT('',(221.72619309389,-12.99831014382,
    114.96794084769));
#3409 = CARTESIAN_POINT('',(224.87045067834,-12.99831014382,
    115.91685263173));
#3410 = CARTESIAN_POINT('',(228.,-12.99831014382,116.));
#3411 = CARTESIAN_POINT('',(-228.,-10.01950156374,116.));
#3412 = CARTESIAN_POINT('',(-224.8704506783,-10.01950156374,
    116.02355266083));
#3413 = CARTESIAN_POINT('',(-221.7261930938,-10.01950156374,
    115.29995590927));
#3414 = CARTESIAN_POINT('',(-218.421822624,-10.01950156374,
    114.28878265377));
#3415 = CARTESIAN_POINT('',(-215.3923891085,-10.01950156374,
    113.96842455501));
#3416 = CARTESIAN_POINT('',(-212.3795956121,-10.01950156374,
    111.26430792305));
#3417 = CARTESIAN_POINT('',(-209.3682578232,-10.01950156374,
    107.04868621312));
#3418 = CARTESIAN_POINT('',(-206.3523140676,-10.01950156374,
    102.46579817251));
#3419 = CARTESIAN_POINT('',(-203.1617779581,-10.01950156374,
    98.050138541206));
#3420 = CARTESIAN_POINT('',(-199.9439263754,-10.01950156374,
    94.629820627309));
#3421 = CARTESIAN_POINT('',(-196.8039238222,-10.01950156374,
    92.376289787651));
#3422 = CARTESIAN_POINT('',(-193.6502881772,-10.01950156374,
    91.097940144566));
#3423 = CARTESIAN_POINT('',(-190.5238544957,-10.01950156374,
    90.543396650512));
#3424 = CARTESIAN_POINT('',(-187.3979035972,-10.01950156374,
    90.446693267212));
#3425 = CARTESIAN_POINT('',(-184.2712661539,-10.01950156374,
    90.385618394264));
#3426 = CARTESIAN_POINT('',(-181.1559065714,-10.01950156374,
    90.510312390273));
#3427 = CARTESIAN_POINT('',(-178.0122542805,-10.01950156374,
    90.627755953581));
#3428 = CARTESIAN_POINT('',(-174.9117896235,-10.01950156374,
    91.830414275923));
#3429 = CARTESIAN_POINT('',(-171.6693361669,-10.01950156374,
    92.694930982657));
#3430 = CARTESIAN_POINT('',(-168.5057014313,-10.01950156374,
    97.276269813203));
#3431 = CARTESIAN_POINT('',(-165.4844573721,-10.01950156374,
    108.61739828329));
#3432 = CARTESIAN_POINT('',(-162.3423992853,-10.01950156374,
    113.80918405543));
#3433 = CARTESIAN_POINT('',(-159.2634964041,-10.01950156374,
    117.44845240948));
#3434 = CARTESIAN_POINT('',(-156.1823448947,-10.01950156374,
    121.29458321615));
#3435 = CARTESIAN_POINT('',(-153.0590219735,-10.01950156374,
    123.70494503456));
#3436 = CARTESIAN_POINT('',(-149.9482544959,-10.01950156374,
    125.30957379565));
#3437 = CARTESIAN_POINT('',(-146.7241779702,-10.01950156374,
    125.54942757162));
#3438 = CARTESIAN_POINT('',(-143.4946291038,-10.01950156374,
    124.14429464323));
#3439 = CARTESIAN_POINT('',(-140.4942901617,-10.01950156374,
    121.87645504322));
#3440 = CARTESIAN_POINT('',(-137.4482208537,-10.01950156374,
    118.70121540596));
#3441 = CARTESIAN_POINT('',(-134.4049803305,-10.01950156374,
    113.59143955958));
#3442 = CARTESIAN_POINT('',(-131.260957067,-10.01950156374,
    113.65216556164));
#3443 = CARTESIAN_POINT('',(-128.2097768072,-10.01950156374,
    98.107386428034));
#3444 = CARTESIAN_POINT('',(-125.1317400911,-10.01950156374,
    93.483960287947));
#3445 = CARTESIAN_POINT('',(-121.7828599083,-10.01950156374,
    92.08530931644));
#3446 = CARTESIAN_POINT('',(-118.7216058835,-10.01950156374,
    90.751422224414));
#3447 = CARTESIAN_POINT('',(-115.5420323229,-10.01950156374,
    90.546022481915));
#3448 = CARTESIAN_POINT('',(-112.4528648836,-10.01950156374,
    90.399528903672));
#3449 = CARTESIAN_POINT('',(-109.3040734641,-10.01950156374,
    90.409509951106));
#3450 = CARTESIAN_POINT('',(-106.2006800342,-10.01950156374,
    90.545854910241));
#3451 = CARTESIAN_POINT('',(-103.049220273,-10.01950156374,
    90.819096772584));
#3452 = CARTESIAN_POINT('',(-99.94497584182,-10.01950156374,
    92.23393535037));
#3453 = CARTESIAN_POINT('',(-96.65251730109,-10.01950156374,
    93.516312282073));
#3454 = CARTESIAN_POINT('',(-93.57852523436,-10.01950156374,
    99.481261170853));
#3455 = CARTESIAN_POINT('',(-90.50838704351,-10.01950156374,
    113.57299982383));
#3456 = CARTESIAN_POINT('',(-87.38288840939,-10.01950156374,
    113.9680785582));
#3457 = CARTESIAN_POINT('',(-84.31785444875,-10.01950156374,
    118.952589929));
#3458 = CARTESIAN_POINT('',(-81.24214244136,-10.01950156374,
    122.0853441352));
#3459 = CARTESIAN_POINT('',(-78.12960500485,-10.01950156374,
    124.31385392009));
#3460 = CARTESIAN_POINT('',(-74.96906529327,-10.01950156374,
    125.54091853072));
#3461 = CARTESIAN_POINT('',(-71.73799895759,-10.01950156374,
    125.26011164223));
#3462 = CARTESIAN_POINT('',(-68.60106908076,-10.01950156374,
    123.51323701363));
#3463 = CARTESIAN_POINT('',(-65.56017338006,-10.01950156374,
    121.08393063905));
#3464 = CARTESIAN_POINT('',(-62.51301691864,-10.01950156374,
    117.14844886113));
#3465 = CARTESIAN_POINT('',(-59.44661269167,-10.01950156374,
    113.56751507657));
#3466 = CARTESIAN_POINT('',(-56.2794693162,-10.01950156374,
    108.1965188101));
#3467 = CARTESIAN_POINT('',(-53.30015135599,-10.01950156374,
    96.401789197806));
#3468 = CARTESIAN_POINT('',(-50.09160903077,-10.01950156374,
    92.589110240515));
#3469 = CARTESIAN_POINT('',(-46.82988298107,-10.01950156374,
    91.773388764864));
#3470 = CARTESIAN_POINT('',(-43.75098561487,-10.01950156374,
    90.525991521251));
#3471 = CARTESIAN_POINT('',(-40.59022498143,-10.01950156374,
    90.550706485401));
#3472 = CARTESIAN_POINT('',(-37.48657799801,-10.01950156374,
    90.356359078981));
#3473 = CARTESIAN_POINT('',(-34.35349204993,-10.01950156374,
    90.462990172334));
#3474 = CARTESIAN_POINT('',(-31.22924211799,-10.01950156374,
    90.559596661802));
#3475 = CARTESIAN_POINT('',(-28.10496678474,-10.01950156374,
    91.173104844111));
#3476 = CARTESIAN_POINT('',(-24.94210454386,-10.01950156374,
    92.527087912948));
#3477 = CARTESIAN_POINT('',(-21.65395320521,-10.01950156374,
    94.884432650614));
#3478 = CARTESIAN_POINT('',(-18.66692496727,-10.01950156374,
    103.20518078464));
#3479 = CARTESIAN_POINT('',(-15.52415536771,-10.01950156374,
    114.12656181886));
#3480 = CARTESIAN_POINT('',(-12.42987744782,-10.01950156374,
    115.54692083414));
#3481 = CARTESIAN_POINT('',(-9.377596847078,-10.01950156374,
    120.26347374275));
#3482 = CARTESIAN_POINT('',(-6.312968134846,-10.01950156374,
    122.82465352647));
#3483 = CARTESIAN_POINT('',(-3.20273059646,-10.01950156374,124.861899736
    ));
#3484 = CARTESIAN_POINT('',(-2.775557561563E-17,-10.01950156374,
    125.60594583233));
#3485 = CARTESIAN_POINT('',(3.20273059646,-10.01950156374,124.861899736)
  );
#3486 = CARTESIAN_POINT('',(6.312968134846,-10.01950156374,
    122.82465352647));
#3487 = CARTESIAN_POINT('',(9.377596847078,-10.01950156374,
    120.26347374275));
#3488 = CARTESIAN_POINT('',(12.429877447828,-10.01950156374,
    115.54692083414));
#3489 = CARTESIAN_POINT('',(15.524155367714,-10.01950156374,
    114.12656181886));
#3490 = CARTESIAN_POINT('',(18.666924967278,-10.01950156374,
    103.20518078464));
#3491 = CARTESIAN_POINT('',(21.653953205212,-10.01950156374,
    94.884432650613));
#3492 = CARTESIAN_POINT('',(24.942104543865,-10.01950156374,
    92.527087912948));
#3493 = CARTESIAN_POINT('',(28.104966784746,-10.01950156374,
    91.173104844112));
#3494 = CARTESIAN_POINT('',(31.229242117992,-10.01950156374,
    90.559596661802));
#3495 = CARTESIAN_POINT('',(34.353492049937,-10.01950156374,
    90.462990172334));
#3496 = CARTESIAN_POINT('',(37.486577998015,-10.01950156374,
    90.356359078981));
#3497 = CARTESIAN_POINT('',(40.590224981439,-10.01950156374,
    90.550706485401));
#3498 = CARTESIAN_POINT('',(43.75098561487,-10.01950156374,
    90.525991521251));
#3499 = CARTESIAN_POINT('',(46.82988298107,-10.01950156374,
    91.773388764864));
#3500 = CARTESIAN_POINT('',(50.091609030777,-10.01950156374,
    92.589110240515));
#3501 = CARTESIAN_POINT('',(53.30015135599,-10.01950156374,
    96.401789197806));
#3502 = CARTESIAN_POINT('',(56.279469316208,-10.01950156374,
    108.1965188101));
#3503 = CARTESIAN_POINT('',(59.446612691677,-10.01950156374,
    113.56751507657));
#3504 = CARTESIAN_POINT('',(62.513016918644,-10.01950156374,
    117.14844886113));
#3505 = CARTESIAN_POINT('',(65.560173380067,-10.01950156374,
    121.08393063905));
#3506 = CARTESIAN_POINT('',(68.601069080765,-10.01950156374,
    123.51323701363));
#3507 = CARTESIAN_POINT('',(71.73799895759,-10.01950156374,
    125.26011164223));
#3508 = CARTESIAN_POINT('',(74.969065293279,-10.01950156374,
    125.54091853072));
#3509 = CARTESIAN_POINT('',(78.129605004858,-10.01950156374,
    124.31385392009));
#3510 = CARTESIAN_POINT('',(81.242142441362,-10.01950156374,
    122.0853441352));
#3511 = CARTESIAN_POINT('',(84.317854448757,-10.01950156374,
    118.952589929));
#3512 = CARTESIAN_POINT('',(87.382888409396,-10.01950156374,
    113.9680785582));
#3513 = CARTESIAN_POINT('',(90.508387043519,-10.01950156374,
    113.57299982383));
#3514 = CARTESIAN_POINT('',(93.578525234368,-10.01950156374,
    99.481261170853));
#3515 = CARTESIAN_POINT('',(96.652517301093,-10.01950156374,
    93.516312282073));
#3516 = CARTESIAN_POINT('',(99.944975841827,-10.01950156374,
    92.23393535037));
#3517 = CARTESIAN_POINT('',(103.04922027306,-10.01950156374,
    90.819096772584));
#3518 = CARTESIAN_POINT('',(106.20068003424,-10.01950156374,
    90.545854910242));
#3519 = CARTESIAN_POINT('',(109.30407346416,-10.01950156374,
    90.409509951106));
#3520 = CARTESIAN_POINT('',(112.45286488364,-10.01950156374,
    90.399528903672));
#3521 = CARTESIAN_POINT('',(115.54203232295,-10.01950156374,
    90.546022481915));
#3522 = CARTESIAN_POINT('',(118.72160588355,-10.01950156374,
    90.751422224414));
#3523 = CARTESIAN_POINT('',(121.78285990839,-10.01950156374,
    92.08530931644));
#3524 = CARTESIAN_POINT('',(125.13174009112,-10.01950156374,
    93.483960287947));
#3525 = CARTESIAN_POINT('',(128.20977680724,-10.01950156374,
    98.107386428034));
#3526 = CARTESIAN_POINT('',(131.26095706703,-10.01950156374,
    113.65216556164));
#3527 = CARTESIAN_POINT('',(134.40498033054,-10.01950156374,
    113.59143955958));
#3528 = CARTESIAN_POINT('',(137.44822085371,-10.01950156374,
    118.70121540596));
#3529 = CARTESIAN_POINT('',(140.49429016176,-10.01950156374,
    121.87645504322));
#3530 = CARTESIAN_POINT('',(143.49462910383,-10.01950156374,
    124.14429464323));
#3531 = CARTESIAN_POINT('',(146.72417797021,-10.01950156374,
    125.54942757162));
#3532 = CARTESIAN_POINT('',(149.9482544959,-10.01950156374,
    125.30957379565));
#3533 = CARTESIAN_POINT('',(153.05902197354,-10.01950156374,
    123.70494503456));
#3534 = CARTESIAN_POINT('',(156.1823448947,-10.01950156374,
    121.29458321615));
#3535 = CARTESIAN_POINT('',(159.26349640411,-10.01950156374,
    117.44845240948));
#3536 = CARTESIAN_POINT('',(162.34239928534,-10.01950156374,
    113.80918405543));
#3537 = CARTESIAN_POINT('',(165.48445737214,-10.01950156374,
    108.61739828329));
#3538 = CARTESIAN_POINT('',(168.50570143136,-10.01950156374,
    97.276269813203));
#3539 = CARTESIAN_POINT('',(171.66933616697,-10.01950156374,
    92.694930982657));
#3540 = CARTESIAN_POINT('',(174.91178962354,-10.01950156374,
    91.830414275923));
#3541 = CARTESIAN_POINT('',(178.01225428054,-10.01950156374,
    90.627755953581));
#3542 = CARTESIAN_POINT('',(181.15590657147,-10.01950156374,
    90.510312390273));
#3543 = CARTESIAN_POINT('',(184.27126615396,-10.01950156374,
    90.385618394264));
#3544 = CARTESIAN_POINT('',(187.39790359723,-10.01950156374,
    90.446693267212));
#3545 = CARTESIAN_POINT('',(190.52385449579,-10.01950156374,
    90.543396650512));
#3546 = CARTESIAN_POINT('',(193.65028817727,-10.01950156374,
    91.097940144566));
#3547 = CARTESIAN_POINT('',(196.80392382223,-10.01950156374,
    92.376289787651));
#3548 = CARTESIAN_POINT('',(199.94392637543,-10.01950156374,
    94.629820627309));
#3549 = CARTESIAN_POINT('',(203.16177795814,-10.01950156374,
    98.050138541206));
#3550 = CARTESIAN_POINT('',(206.35231406763,-10.01950156374,
    102.46579817251));
#3551 = CARTESIAN_POINT('',(209.36825782326,-10.01950156374,
    107.04868621312));
#3552 = CARTESIAN_POINT('',(212.37959561216,-10.01950156374,
    111.26430792305));
#3553 = CARTESIAN_POINT('',(215.39238910851,-10.01950156374,
    113.96842455501));
#3554 = CARTESIAN_POINT('',(218.421822624,-10.01950156374,
    114.28878265377));
#3555 = CARTESIAN_POINT('',(221.72619309389,-10.01950156374,
    115.29995590927));
#3556 = CARTESIAN_POINT('',(224.87045067834,-10.01950156374,
    116.02355266083));
#3557 = CARTESIAN_POINT('',(228.,-10.01950156374,116.));
#3558 = CARTESIAN_POINT('',(-228.,-6.97382840008,116.));
#3559 = CARTESIAN_POINT('',(-224.8704506783,-6.97382840008,
    116.1545098436));
#3560 = CARTESIAN_POINT('',(-221.7261930938,-6.97382840008,
    115.70253888135));
#3561 = CARTESIAN_POINT('',(-218.421822624,-6.97382840008,
    114.80512994905));
#3562 = CARTESIAN_POINT('',(-215.3923891085,-6.97382840008,
    113.98552671896));
#3563 = CARTESIAN_POINT('',(-212.3795956121,-6.97382840008,
    114.16972433671));
#3564 = CARTESIAN_POINT('',(-209.3682578232,-6.97382840008,
    112.07133611787));
#3565 = CARTESIAN_POINT('',(-206.3523140676,-6.97382840008,109.369051333
    ));
#3566 = CARTESIAN_POINT('',(-203.1617779581,-6.97382840008,
    106.52238982984));
#3567 = CARTESIAN_POINT('',(-199.9439263754,-6.97382840008,
    104.16172305692));
#3568 = CARTESIAN_POINT('',(-196.8039238222,-6.97382840008,
    102.58275204985));
#3569 = CARTESIAN_POINT('',(-193.6502881772,-6.97382840008,
    101.64486877047));
#3570 = CARTESIAN_POINT('',(-190.5238544957,-6.97382840008,
    101.23243770715));
#3571 = CARTESIAN_POINT('',(-187.3979035972,-6.97382840008,
    101.11368693151));
#3572 = CARTESIAN_POINT('',(-184.2712661539,-6.97382840008,
    101.14364365261));
#3573 = CARTESIAN_POINT('',(-181.1559065714,-6.97382840008,
    101.11020250837));
#3574 = CARTESIAN_POINT('',(-178.0122542805,-6.97382840008,
    101.43291643774));
#3575 = CARTESIAN_POINT('',(-174.9117896235,-6.97382840008,
    101.89381287336));
#3576 = CARTESIAN_POINT('',(-171.6693361669,-6.97382840008,
    103.56482273564));
#3577 = CARTESIAN_POINT('',(-168.5057014313,-6.97382840008,
    104.84639088389));
#3578 = CARTESIAN_POINT('',(-165.4844573721,-6.97382840008,
    113.06463197202));
#3579 = CARTESIAN_POINT('',(-162.3423992853,-6.97382840008,
    116.60734751376));
#3580 = CARTESIAN_POINT('',(-159.2634964041,-6.97382840008,
    120.61676653789));
#3581 = CARTESIAN_POINT('',(-156.1823448947,-6.97382840008,
    124.19278095775));
#3582 = CARTESIAN_POINT('',(-153.0590219735,-6.97382840008,
    127.72172501922));
#3583 = CARTESIAN_POINT('',(-149.9482544959,-6.97382840008,
    129.79769390804));
#3584 = CARTESIAN_POINT('',(-146.7241779702,-6.97382840008,
    130.03440461785));
#3585 = CARTESIAN_POINT('',(-143.4946291038,-6.97382840008,
    128.39775088685));
#3586 = CARTESIAN_POINT('',(-140.4942901617,-6.97382840008,
    125.03866638642));
#3587 = CARTESIAN_POINT('',(-137.4482208537,-6.97382840008,
    121.33214478381));
#3588 = CARTESIAN_POINT('',(-134.4049803305,-6.97382840008,
    118.11825004001));
#3589 = CARTESIAN_POINT('',(-131.260957067,-6.97382840008,
    112.14693511686));
#3590 = CARTESIAN_POINT('',(-128.2097768072,-6.97382840008,
    107.11743493919));
#3591 = CARTESIAN_POINT('',(-125.1317400911,-6.97382840008,
    103.18270480886));
#3592 = CARTESIAN_POINT('',(-121.7828599083,-6.97382840008,
    102.47163250404));
#3593 = CARTESIAN_POINT('',(-118.7216058835,-6.97382840008,
    101.32881974846));
#3594 = CARTESIAN_POINT('',(-115.5420323229,-6.97382840008,
    101.25511264942));
#3595 = CARTESIAN_POINT('',(-112.4528648836,-6.97382840008,
    101.0802775817));
#3596 = CARTESIAN_POINT('',(-109.3040734641,-6.97382840008,
    101.13352170591));
#3597 = CARTESIAN_POINT('',(-106.2006800342,-6.97382840008,
    101.20081115544));
#3598 = CARTESIAN_POINT('',(-103.049220273,-6.97382840008,
    101.45719541051));
#3599 = CARTESIAN_POINT('',(-99.94497584182,-6.97382840008,
    102.45725110429));
#3600 = CARTESIAN_POINT('',(-96.65251730109,-6.97382840008,
    103.43560213246));
#3601 = CARTESIAN_POINT('',(-93.57852523436,-6.97382840008,
    107.44767764362));
#3602 = CARTESIAN_POINT('',(-90.50838704351,-6.97382840008,
    112.61979216498));
#3603 = CARTESIAN_POINT('',(-87.38288840939,-6.97382840008,118.337057871
    ));
#3604 = CARTESIAN_POINT('',(-84.31785444875,-6.97382840008,
    121.6175094766));
#3605 = CARTESIAN_POINT('',(-81.24214244136,-6.97382840008,
    125.35260299844));
#3606 = CARTESIAN_POINT('',(-78.12960500485,-6.97382840008,
    128.59509078351));
#3607 = CARTESIAN_POINT('',(-74.96906529327,-6.97382840008,
    130.02818099117));
#3608 = CARTESIAN_POINT('',(-71.73799895759,-6.97382840008,
    129.73977529687));
#3609 = CARTESIAN_POINT('',(-68.60106908076,-6.97382840008,
    127.47281892702));
#3610 = CARTESIAN_POINT('',(-65.56017338006,-6.97382840008,
    123.8790081552));
#3611 = CARTESIAN_POINT('',(-62.51301691864,-6.97382840008,
    120.36022585813));
#3612 = CARTESIAN_POINT('',(-59.44661269167,-6.97382840008,
    116.32500126498));
#3613 = CARTESIAN_POINT('',(-56.2794693162,-6.97382840008,
    112.81152420501));
#3614 = CARTESIAN_POINT('',(-53.30015135599,-6.97382840008,
    104.19846633623));
#3615 = CARTESIAN_POINT('',(-50.09160903077,-6.97382840008,
    103.69190440336));
#3616 = CARTESIAN_POINT('',(-46.82988298107,-6.97382840008,
    101.6218530564));
#3617 = CARTESIAN_POINT('',(-43.75098561487,-6.97382840008,
    101.5535859565));
#3618 = CARTESIAN_POINT('',(-40.59022498143,-6.97382840008,
    100.97155271236));
#3619 = CARTESIAN_POINT('',(-37.48657799801,-6.97382840008,
    101.2748441131));
#3620 = CARTESIAN_POINT('',(-34.35349204993,-6.97382840008,
    100.96804347097));
#3621 = CARTESIAN_POINT('',(-31.22924211799,-6.97382840008,
    101.44014959943));
#3622 = CARTESIAN_POINT('',(-28.10496678474,-6.97382840008,
    101.40903120306));
#3623 = CARTESIAN_POINT('',(-24.94210454386,-6.97382840008,
    103.23151389669));
#3624 = CARTESIAN_POINT('',(-21.65395320521,-6.97382840008,
    103.1169534108));
#3625 = CARTESIAN_POINT('',(-18.66692496727,-6.97382840008,
    110.70331518106));
#3626 = CARTESIAN_POINT('',(-15.52415536771,-6.97382840008,
    114.22936701228));
#3627 = CARTESIAN_POINT('',(-12.42987744782,-6.97382840008,
    119.37672747413));
#3628 = CARTESIAN_POINT('',(-9.377596847078,-6.97382840008,
    122.66240906399));
#3629 = CARTESIAN_POINT('',(-6.312968134846,-6.97382840008,
    126.45195299734));
#3630 = CARTESIAN_POINT('',(-3.20273059646,-6.97382840008,
    129.24241306875));
#3631 = CARTESIAN_POINT('',(-2.775557561563E-17,-6.97382840008,
    130.0830489939));
#3632 = CARTESIAN_POINT('',(3.20273059646,-6.97382840008,129.24241306875
    ));
#3633 = CARTESIAN_POINT('',(6.312968134846,-6.97382840008,
    126.45195299734));
#3634 = CARTESIAN_POINT('',(9.377596847078,-6.97382840008,
    122.66240906399));
#3635 = CARTESIAN_POINT('',(12.429877447828,-6.97382840008,
    119.37672747413));
#3636 = CARTESIAN_POINT('',(15.524155367714,-6.97382840008,
    114.22936701228));
#3637 = CARTESIAN_POINT('',(18.666924967278,-6.97382840008,
    110.70331518106));
#3638 = CARTESIAN_POINT('',(21.653953205213,-6.97382840008,
    103.1169534108));
#3639 = CARTESIAN_POINT('',(24.942104543866,-6.97382840008,
    103.23151389669));
#3640 = CARTESIAN_POINT('',(28.104966784746,-6.97382840008,
    101.40903120306));
#3641 = CARTESIAN_POINT('',(31.229242117992,-6.97382840008,
    101.44014959943));
#3642 = CARTESIAN_POINT('',(34.353492049937,-6.97382840008,
    100.96804347097));
#3643 = CARTESIAN_POINT('',(37.486577998015,-6.97382840008,
    101.2748441131));
#3644 = CARTESIAN_POINT('',(40.590224981439,-6.97382840008,
    100.97155271236));
#3645 = CARTESIAN_POINT('',(43.75098561487,-6.97382840008,101.5535859565
    ));
#3646 = CARTESIAN_POINT('',(46.82988298107,-6.97382840008,101.6218530564
    ));
#3647 = CARTESIAN_POINT('',(50.091609030777,-6.97382840008,
    103.69190440336));
#3648 = CARTESIAN_POINT('',(53.30015135599,-6.97382840008,
    104.19846633623));
#3649 = CARTESIAN_POINT('',(56.279469316208,-6.97382840008,
    112.81152420501));
#3650 = CARTESIAN_POINT('',(59.446612691677,-6.97382840008,
    116.32500126498));
#3651 = CARTESIAN_POINT('',(62.513016918644,-6.97382840008,
    120.36022585813));
#3652 = CARTESIAN_POINT('',(65.560173380067,-6.97382840008,
    123.8790081552));
#3653 = CARTESIAN_POINT('',(68.601069080765,-6.97382840008,
    127.47281892702));
#3654 = CARTESIAN_POINT('',(71.73799895759,-6.97382840008,
    129.73977529687));
#3655 = CARTESIAN_POINT('',(74.969065293279,-6.97382840008,
    130.02818099117));
#3656 = CARTESIAN_POINT('',(78.129605004858,-6.97382840008,
    128.59509078351));
#3657 = CARTESIAN_POINT('',(81.242142441362,-6.97382840008,
    125.35260299844));
#3658 = CARTESIAN_POINT('',(84.317854448757,-6.97382840008,
    121.6175094766));
#3659 = CARTESIAN_POINT('',(87.382888409396,-6.97382840008,118.337057871
    ));
#3660 = CARTESIAN_POINT('',(90.508387043519,-6.97382840008,
    112.61979216498));
#3661 = CARTESIAN_POINT('',(93.578525234368,-6.97382840008,
    107.44767764362));
#3662 = CARTESIAN_POINT('',(96.652517301093,-6.97382840008,
    103.43560213246));
#3663 = CARTESIAN_POINT('',(99.944975841828,-6.97382840008,
    102.45725110429));
#3664 = CARTESIAN_POINT('',(103.04922027306,-6.97382840008,
    101.45719541051));
#3665 = CARTESIAN_POINT('',(106.20068003424,-6.97382840008,
    101.20081115544));
#3666 = CARTESIAN_POINT('',(109.30407346416,-6.97382840008,
    101.13352170591));
#3667 = CARTESIAN_POINT('',(112.45286488364,-6.97382840008,
    101.0802775817));
#3668 = CARTESIAN_POINT('',(115.54203232295,-6.97382840008,
    101.25511264942));
#3669 = CARTESIAN_POINT('',(118.72160588355,-6.97382840008,
    101.32881974846));
#3670 = CARTESIAN_POINT('',(121.78285990839,-6.97382840008,
    102.47163250404));
#3671 = CARTESIAN_POINT('',(125.13174009112,-6.97382840008,
    103.18270480886));
#3672 = CARTESIAN_POINT('',(128.20977680724,-6.97382840008,
    107.11743493919));
#3673 = CARTESIAN_POINT('',(131.26095706703,-6.97382840008,
    112.14693511686));
#3674 = CARTESIAN_POINT('',(134.40498033054,-6.97382840008,
    118.11825004001));
#3675 = CARTESIAN_POINT('',(137.44822085371,-6.97382840008,
    121.33214478381));
#3676 = CARTESIAN_POINT('',(140.49429016176,-6.97382840008,
    125.03866638642));
#3677 = CARTESIAN_POINT('',(143.49462910383,-6.97382840008,
    128.39775088685));
#3678 = CARTESIAN_POINT('',(146.72417797021,-6.97382840008,
    130.03440461785));
#3679 = CARTESIAN_POINT('',(149.9482544959,-6.97382840008,
    129.79769390804));
#3680 = CARTESIAN_POINT('',(153.05902197354,-6.97382840008,
    127.72172501922));
#3681 = CARTESIAN_POINT('',(156.1823448947,-6.97382840008,
    124.19278095775));
#3682 = CARTESIAN_POINT('',(159.26349640411,-6.97382840008,
    120.61676653789));
#3683 = CARTESIAN_POINT('',(162.34239928534,-6.97382840008,
    116.60734751376));
#3684 = CARTESIAN_POINT('',(165.48445737214,-6.97382840008,
    113.06463197202));
#3685 = CARTESIAN_POINT('',(168.50570143136,-6.97382840008,
    104.84639088389));
#3686 = CARTESIAN_POINT('',(171.66933616697,-6.97382840008,
    103.56482273564));
#3687 = CARTESIAN_POINT('',(174.91178962355,-6.97382840008,
    101.89381287336));
#3688 = CARTESIAN_POINT('',(178.01225428054,-6.97382840008,
    101.43291643774));
#3689 = CARTESIAN_POINT('',(181.15590657147,-6.97382840008,
    101.11020250837));
#3690 = CARTESIAN_POINT('',(184.27126615396,-6.97382840008,
    101.14364365261));
#3691 = CARTESIAN_POINT('',(187.39790359724,-6.97382840008,
    101.11368693151));
#3692 = CARTESIAN_POINT('',(190.52385449579,-6.97382840008,
    101.23243770715));
#3693 = CARTESIAN_POINT('',(193.65028817727,-6.97382840008,
    101.64486877047));
#3694 = CARTESIAN_POINT('',(196.80392382223,-6.97382840008,
    102.58275204985));
#3695 = CARTESIAN_POINT('',(199.94392637543,-6.97382840008,
    104.16172305692));
#3696 = CARTESIAN_POINT('',(203.16177795814,-6.97382840008,
    106.52238982984));
#3697 = CARTESIAN_POINT('',(206.35231406763,-6.97382840008,109.369051333
    ));
#3698 = CARTESIAN_POINT('',(209.36825782326,-6.97382840008,
    112.07133611787));
#3699 = CARTESIAN_POINT('',(212.37959561216,-6.97382840008,
    114.16972433671));
#3700 = CARTESIAN_POINT('',(215.39238910851,-6.97382840008,
    113.98552671896));
#3701 = CARTESIAN_POINT('',(218.421822624,-6.97382840008,114.80512994905
    ));
#3702 = CARTESIAN_POINT('',(221.72619309389,-6.97382840008,
    115.70253888135));
#3703 = CARTESIAN_POINT('',(224.87045067834,-6.97382840008,
    116.1545098436));
#3704 = CARTESIAN_POINT('',(228.,-6.97382840008,116.));
#3705 = CARTESIAN_POINT('',(-228.,-4.432630330378,116.));
#3706 = CARTESIAN_POINT('',(-224.8704506783,-4.432630330378,
    116.27405420057));
#3707 = CARTESIAN_POINT('',(-221.7261930938,-4.432630330378,
    116.06681121754));
#3708 = CARTESIAN_POINT('',(-218.421822624,-4.432630330378,
    115.28614539336));
#3709 = CARTESIAN_POINT('',(-215.3923891085,-4.432630330378,
    114.74537923358));
#3710 = CARTESIAN_POINT('',(-212.3795956121,-4.432630330378,
    113.9149519985));
#3711 = CARTESIAN_POINT('',(-209.3682578232,-4.432630330378,
    114.24640956711));
#3712 = CARTESIAN_POINT('',(-206.3523140676,-4.432630330378,
    113.58842831411));
#3713 = CARTESIAN_POINT('',(-203.1617779581,-4.432630330378,
    112.28387810226));
#3714 = CARTESIAN_POINT('',(-199.9439263754,-4.432630330378,
    110.94851145187));
#3715 = CARTESIAN_POINT('',(-196.8039238222,-4.432630330378,
    110.03067323386));
#3716 = CARTESIAN_POINT('',(-193.6502881772,-4.432630330378,
    109.45334548007));
#3717 = CARTESIAN_POINT('',(-190.5238544957,-4.432630330378,
    109.21396622251));
#3718 = CARTESIAN_POINT('',(-187.3979035972,-4.432630330378,
    109.14542004066));
#3719 = CARTESIAN_POINT('',(-184.2712661539,-4.432630330378,
    109.15271097238));
#3720 = CARTESIAN_POINT('',(-181.1559065714,-4.432630330378,
    109.15450094708));
#3721 = CARTESIAN_POINT('',(-178.0122542805,-4.432630330378,
    109.30553623076));
#3722 = CARTESIAN_POINT('',(-174.9117896235,-4.432630330378,
    109.66384248586));
#3723 = CARTESIAN_POINT('',(-171.6693361669,-4.432630330378,
    110.46473612942));
#3724 = CARTESIAN_POINT('',(-168.5057014313,-4.432630330378,
    111.25030773202));
#3725 = CARTESIAN_POINT('',(-165.4844573721,-4.432630330378,
    114.50906315571));
#3726 = CARTESIAN_POINT('',(-162.3423992853,-4.432630330378,
    118.09069352133));
#3727 = CARTESIAN_POINT('',(-159.2634964041,-4.432630330378,
    122.27584604813));
#3728 = CARTESIAN_POINT('',(-156.1823448947,-4.432630330378,
    126.92025697577));
#3729 = CARTESIAN_POINT('',(-153.0590219735,-4.432630330378,
    131.34289470934));
#3730 = CARTESIAN_POINT('',(-149.9482544959,-4.432630330378,
    135.95454375205));
#3731 = CARTESIAN_POINT('',(-146.7241779702,-4.432630330378,
    137.12440687866));
#3732 = CARTESIAN_POINT('',(-143.4946291038,-4.432630330378,
    131.92464646571));
#3733 = CARTESIAN_POINT('',(-140.4942901617,-4.432630330378,
    127.96228527151));
#3734 = CARTESIAN_POINT('',(-137.4482208537,-4.432630330378,
    123.37771204886));
#3735 = CARTESIAN_POINT('',(-134.4049803305,-4.432630330378,
    118.78123743964));
#3736 = CARTESIAN_POINT('',(-131.260957067,-4.432630330378,
    115.93220882154));
#3737 = CARTESIAN_POINT('',(-128.2097768072,-4.432630330378,
    112.07066031152));
#3738 = CARTESIAN_POINT('',(-125.1317400911,-4.432630330378,
    110.60422178995));
#3739 = CARTESIAN_POINT('',(-121.7828599083,-4.432630330378,
    109.83408678834));
#3740 = CARTESIAN_POINT('',(-118.7216058835,-4.432630330378,
    109.34248237668));
#3741 = CARTESIAN_POINT('',(-115.5420323229,-4.432630330378,
    109.18185503788));
#3742 = CARTESIAN_POINT('',(-112.4528648836,-4.432630330378,
    109.14768340878));
#3743 = CARTESIAN_POINT('',(-109.3040734641,-4.432630330378,
    109.14446203569));
#3744 = CARTESIAN_POINT('',(-106.2006800342,-4.432630330378,
    109.19055627646));
#3745 = CARTESIAN_POINT('',(-103.049220273,-4.432630330378,
    109.36543581935));
#3746 = CARTESIAN_POINT('',(-99.94497584182,-4.432630330378,
    109.89898379012));
#3747 = CARTESIAN_POINT('',(-96.65251730109,-4.432630330378,
    110.65363817399));
#3748 = CARTESIAN_POINT('',(-93.57852523436,-4.432630330378,
    112.36445347661));
#3749 = CARTESIAN_POINT('',(-90.50838704351,-4.432630330378,
    116.11623847785));
#3750 = CARTESIAN_POINT('',(-87.38288840939,-4.432630330378,
    119.10091791269));
#3751 = CARTESIAN_POINT('',(-84.31785444875,-4.432630330378,
    123.73665609257));
#3752 = CARTESIAN_POINT('',(-81.24214244136,-4.432630330378,
    128.29920866836));
#3753 = CARTESIAN_POINT('',(-78.12960500485,-4.432630330378,
    132.5531596034));
#3754 = CARTESIAN_POINT('',(-74.96906529327,-4.432630330378,
    137.06851970319));
#3755 = CARTESIAN_POINT('',(-71.73799895759,-4.432630330378,
    135.7727615278));
#3756 = CARTESIAN_POINT('',(-68.60106908076,-4.432630330378,
    130.7977036486));
#3757 = CARTESIAN_POINT('',(-65.56017338006,-4.432630330378,
    126.56646244026));
#3758 = CARTESIAN_POINT('',(-62.51301691864,-4.432630330378,
    121.93244730492));
#3759 = CARTESIAN_POINT('',(-59.44661269167,-4.432630330378,
    117.81259867446));
#3760 = CARTESIAN_POINT('',(-56.2794693162,-4.432630330378,
    114.25109858465));
#3761 = CARTESIAN_POINT('',(-53.30015135599,-4.432630330378,
    111.04172708727));
#3762 = CARTESIAN_POINT('',(-50.09160903077,-4.432630330378,
    110.46859835919));
#3763 = CARTESIAN_POINT('',(-46.82988298107,-4.432630330378,
    109.56499497121));
#3764 = CARTESIAN_POINT('',(-43.75098561487,-4.432630330378,
    109.32432533864));
#3765 = CARTESIAN_POINT('',(-40.59022498143,-4.432630330378,
    109.11964346842));
#3766 = CARTESIAN_POINT('',(-37.48657799801,-4.432630330378,
    109.18281132601));
#3767 = CARTESIAN_POINT('',(-34.35349204993,-4.432630330378,
    109.11418239487));
#3768 = CARTESIAN_POINT('',(-31.22924211799,-4.432630330378,
    109.2633436733));
#3769 = CARTESIAN_POINT('',(-28.10496678474,-4.432630330378,
    109.42892931078));
#3770 = CARTESIAN_POINT('',(-24.94210454386,-4.432630330378,
    110.20254591068));
#3771 = CARTESIAN_POINT('',(-21.65395320521,-4.432630330378,
    110.80623662089));
#3772 = CARTESIAN_POINT('',(-18.66692496727,-4.432630330378,
    113.71171853392));
#3773 = CARTESIAN_POINT('',(-15.52415536771,-4.432630330378,
    117.03166528303));
#3774 = CARTESIAN_POINT('',(-12.42987744782,-4.432630330378,
    120.48040163225));
#3775 = CARTESIAN_POINT('',(-9.377596847078,-4.432630330378,
    125.18063683442));
#3776 = CARTESIAN_POINT('',(-6.312968134846,-4.432630330378,
    129.59879571467));
#3777 = CARTESIAN_POINT('',(-3.20273059646,-4.432630330378,
    134.18971783345));
#3778 = CARTESIAN_POINT('',(-2.775557561563E-17,-4.432630330378,
    137.53236734283));
#3779 = CARTESIAN_POINT('',(3.20273059646,-4.432630330378,
    134.18971783345));
#3780 = CARTESIAN_POINT('',(6.312968134846,-4.432630330378,
    129.59879571467));
#3781 = CARTESIAN_POINT('',(9.377596847078,-4.432630330378,
    125.18063683442));
#3782 = CARTESIAN_POINT('',(12.429877447828,-4.432630330378,
    120.48040163225));
#3783 = CARTESIAN_POINT('',(15.524155367714,-4.432630330378,
    117.03166528303));
#3784 = CARTESIAN_POINT('',(18.666924967278,-4.432630330378,
    113.71171853392));
#3785 = CARTESIAN_POINT('',(21.653953205212,-4.432630330378,
    110.80623662089));
#3786 = CARTESIAN_POINT('',(24.942104543865,-4.432630330378,
    110.20254591068));
#3787 = CARTESIAN_POINT('',(28.104966784746,-4.432630330378,
    109.42892931078));
#3788 = CARTESIAN_POINT('',(31.229242117992,-4.432630330378,
    109.2633436733));
#3789 = CARTESIAN_POINT('',(34.353492049937,-4.432630330378,
    109.11418239487));
#3790 = CARTESIAN_POINT('',(37.486577998015,-4.432630330378,
    109.18281132601));
#3791 = CARTESIAN_POINT('',(40.590224981439,-4.432630330378,
    109.11964346842));
#3792 = CARTESIAN_POINT('',(43.75098561487,-4.432630330378,
    109.32432533864));
#3793 = CARTESIAN_POINT('',(46.82988298107,-4.432630330378,
    109.56499497121));
#3794 = CARTESIAN_POINT('',(50.091609030777,-4.432630330378,
    110.46859835919));
#3795 = CARTESIAN_POINT('',(53.30015135599,-4.432630330378,
    111.04172708727));
#3796 = CARTESIAN_POINT('',(56.279469316208,-4.432630330378,
    114.25109858465));
#3797 = CARTESIAN_POINT('',(59.446612691677,-4.432630330378,
    117.81259867446));
#3798 = CARTESIAN_POINT('',(62.513016918644,-4.432630330378,
    121.93244730492));
#3799 = CARTESIAN_POINT('',(65.560173380067,-4.432630330378,
    126.56646244026));
#3800 = CARTESIAN_POINT('',(68.601069080765,-4.432630330378,
    130.7977036486));
#3801 = CARTESIAN_POINT('',(71.73799895759,-4.432630330378,
    135.7727615278));
#3802 = CARTESIAN_POINT('',(74.969065293279,-4.432630330378,
    137.06851970319));
#3803 = CARTESIAN_POINT('',(78.129605004858,-4.432630330378,
    132.5531596034));
#3804 = CARTESIAN_POINT('',(81.242142441362,-4.432630330378,
    128.29920866836));
#3805 = CARTESIAN_POINT('',(84.317854448757,-4.432630330378,
    123.73665609257));
#3806 = CARTESIAN_POINT('',(87.382888409396,-4.432630330378,
    119.10091791269));
#3807 = CARTESIAN_POINT('',(90.508387043519,-4.432630330378,
    116.11623847785));
#3808 = CARTESIAN_POINT('',(93.578525234368,-4.432630330378,
    112.36445347661));
#3809 = CARTESIAN_POINT('',(96.652517301093,-4.432630330378,
    110.65363817399));
#3810 = CARTESIAN_POINT('',(99.944975841828,-4.432630330378,
    109.89898379012));
#3811 = CARTESIAN_POINT('',(103.04922027306,-4.432630330378,
    109.36543581935));
#3812 = CARTESIAN_POINT('',(106.20068003424,-4.432630330378,
    109.19055627646));
#3813 = CARTESIAN_POINT('',(109.30407346416,-4.432630330378,
    109.14446203569));
#3814 = CARTESIAN_POINT('',(112.45286488364,-4.432630330378,
    109.14768340878));
#3815 = CARTESIAN_POINT('',(115.54203232295,-4.432630330378,
    109.18185503788));
#3816 = CARTESIAN_POINT('',(118.72160588355,-4.432630330378,
    109.34248237668));
#3817 = CARTESIAN_POINT('',(121.78285990839,-4.432630330378,
    109.83408678834));
#3818 = CARTESIAN_POINT('',(125.13174009112,-4.432630330378,
    110.60422178995));
#3819 = CARTESIAN_POINT('',(128.20977680724,-4.432630330378,
    112.07066031152));
#3820 = CARTESIAN_POINT('',(131.26095706703,-4.432630330378,
    115.93220882154));
#3821 = CARTESIAN_POINT('',(134.40498033054,-4.432630330378,
    118.78123743964));
#3822 = CARTESIAN_POINT('',(137.44822085371,-4.432630330378,
    123.37771204886));
#3823 = CARTESIAN_POINT('',(140.49429016176,-4.432630330378,
    127.96228527151));
#3824 = CARTESIAN_POINT('',(143.49462910383,-4.432630330378,
    131.92464646571));
#3825 = CARTESIAN_POINT('',(146.72417797021,-4.432630330378,
    137.12440687866));
#3826 = CARTESIAN_POINT('',(149.9482544959,-4.432630330378,
    135.95454375205));
#3827 = CARTESIAN_POINT('',(153.05902197354,-4.432630330378,
    131.34289470934));
#3828 = CARTESIAN_POINT('',(156.1823448947,-4.432630330378,
    126.92025697577));
#3829 = CARTESIAN_POINT('',(159.26349640411,-4.432630330378,
    122.27584604813));
#3830 = CARTESIAN_POINT('',(162.34239928534,-4.432630330378,
    118.09069352133));
#3831 = CARTESIAN_POINT('',(165.48445737214,-4.432630330378,
    114.50906315571));
#3832 = CARTESIAN_POINT('',(168.50570143136,-4.432630330378,
    111.25030773202));
#3833 = CARTESIAN_POINT('',(171.66933616697,-4.432630330378,
    110.46473612942));
#3834 = CARTESIAN_POINT('',(174.91178962354,-4.432630330378,
    109.66384248586));
#3835 = CARTESIAN_POINT('',(178.01225428054,-4.432630330378,
    109.30553623076));
#3836 = CARTESIAN_POINT('',(181.15590657147,-4.432630330378,
    109.15450094708));
#3837 = CARTESIAN_POINT('',(184.27126615396,-4.432630330378,
    109.15271097238));
#3838 = CARTESIAN_POINT('',(187.39790359723,-4.432630330378,
    109.14542004066));
#3839 = CARTESIAN_POINT('',(190.52385449579,-4.432630330378,
    109.21396622251));
#3840 = CARTESIAN_POINT('',(193.65028817727,-4.432630330378,
    109.45334548007));
#3841 = CARTESIAN_POINT('',(196.80392382223,-4.432630330378,
    110.03067323386));
#3842 = CARTESIAN_POINT('',(199.94392637543,-4.432630330378,
    110.94851145187));
#3843 = CARTESIAN_POINT('',(203.16177795814,-4.432630330378,
    112.28387810226));
#3844 = CARTESIAN_POINT('',(206.35231406763,-4.432630330378,
    113.58842831411));
#3845 = CARTESIAN_POINT('',(209.36825782326,-4.432630330378,
    114.24640956711));
#3846 = CARTESIAN_POINT('',(212.37959561216,-4.432630330378,
    113.9149519985));
#3847 = CARTESIAN_POINT('',(215.39238910851,-4.432630330378,
    114.74537923358));
#3848 = CARTESIAN_POINT('',(218.421822624,-4.432630330378,
    115.28614539336));
#3849 = CARTESIAN_POINT('',(221.72619309389,-4.432630330378,
    116.06681121754));
#3850 = CARTESIAN_POINT('',(224.87045067834,-4.432630330378,
    116.27405420057));
#3851 = CARTESIAN_POINT('',(228.,-4.432630330378,116.));
#3852 = CARTESIAN_POINT('',(-228.,1.7763568394E-15,116.));
#3853 = CARTESIAN_POINT('',(-224.8704506783,3.552713678801E-15,
    116.55982419268));
#3854 = CARTESIAN_POINT('',(-221.7261930938,1.7763568394E-15,
    116.92388078437));
#3855 = CARTESIAN_POINT('',(-218.421822624,4.440892098501E-15,
    116.3788938916));
#3856 = CARTESIAN_POINT('',(-215.3923891085,3.10862446895E-15,
    115.80888542665));
#3857 = CARTESIAN_POINT('',(-212.3795956121,8.881784197001E-16,
    115.55099170345));
#3858 = CARTESIAN_POINT('',(-209.3682578232,1.7763568394E-15,
    114.68967535843));
#3859 = CARTESIAN_POINT('',(-206.3523140676,1.33226762955E-15,
    114.59522191554));
#3860 = CARTESIAN_POINT('',(-203.1617779581,5.773159728051E-15,
    115.06897004331));
#3861 = CARTESIAN_POINT('',(-199.9439263754,-3.10862446895E-15,
    115.77202876651));
#3862 = CARTESIAN_POINT('',(-196.8039238222,5.773159728051E-15,
    115.90709137225));
#3863 = CARTESIAN_POINT('',(-193.6502881772,-1.7763568394E-15,
    116.07277551015));
#3864 = CARTESIAN_POINT('',(-190.5238544957,2.6645352591E-15,
    116.07601231497));
#3865 = CARTESIAN_POINT('',(-187.3979035972,1.33226762955E-15,
    116.10278492372));
#3866 = CARTESIAN_POINT('',(-184.2712661539,1.7763568394E-15,
    116.09946728125));
#3867 = CARTESIAN_POINT('',(-181.1559065714,1.7763568394E-15,
    116.08698209944));
#3868 = CARTESIAN_POINT('',(-178.0122542805,-4.440892098501E-16,
    116.09632421232));
#3869 = CARTESIAN_POINT('',(-174.9117896235,4.440892098501E-16,
    115.96668009809));
#3870 = CARTESIAN_POINT('',(-171.6693361669,8.881784197001E-16,
    115.97032117498));
#3871 = CARTESIAN_POINT('',(-168.5057014313,1.7763568394E-15,
    115.18205770733));
#3872 = CARTESIAN_POINT('',(-165.4844573721,2.22044604925E-15,
    116.47240576524));
#3873 = CARTESIAN_POINT('',(-162.3423992853,2.22044604925E-15,
    119.28304587246));
#3874 = CARTESIAN_POINT('',(-159.2634964041,2.6645352591E-15,
    123.94537692469));
#3875 = CARTESIAN_POINT('',(-156.1823448947,1.7763568394E-15,
    129.1352896873));
#3876 = CARTESIAN_POINT('',(-153.0590219735,3.10862446895E-15,
    135.86763475109));
#3877 = CARTESIAN_POINT('',(-149.9482544959,8.881784197001E-16,
    138.29742384255));
#3878 = CARTESIAN_POINT('',(-146.7241779702,3.552713678801E-15,
    138.04427296609));
#3879 = CARTESIAN_POINT('',(-143.4946291038,2.22044604925E-15,
    138.49273828168));
#3880 = CARTESIAN_POINT('',(-140.4942901617,1.7763568394E-15,
    130.02292295503));
#3881 = CARTESIAN_POINT('',(-137.4482208537,3.996802888651E-15,
    125.12501475341));
#3882 = CARTESIAN_POINT('',(-134.4049803305,0.,120.35814057646));
#3883 = CARTESIAN_POINT('',(-131.260957067,1.33226762955E-15,
    116.48994191825));
#3884 = CARTESIAN_POINT('',(-128.2097768072,3.996802888651E-15,
    115.76498610499));
#3885 = CARTESIAN_POINT('',(-125.1317400911,8.881784197001E-16,
    115.63689189446));
#3886 = CARTESIAN_POINT('',(-121.7828599083,3.10862446895E-15,
    116.07261798478));
#3887 = CARTESIAN_POINT('',(-118.7216058835,-1.7763568394E-15,
    116.01509156047));
#3888 = CARTESIAN_POINT('',(-115.5420323229,0.,116.1250849004));
#3889 = CARTESIAN_POINT('',(-112.4528648836,-4.440892098501E-16,
    116.08127753213));
#3890 = CARTESIAN_POINT('',(-109.3040734641,-4.440892098501E-16,
    116.10219353541));
#3891 = CARTESIAN_POINT('',(-106.2006800342,2.22044604925E-15,
    116.09998885974));
#3892 = CARTESIAN_POINT('',(-103.049220273,4.440892098501E-16,
    116.04123683554));
#3893 = CARTESIAN_POINT('',(-99.94497584182,8.881784197001E-16,
    116.02537943351));
#3894 = CARTESIAN_POINT('',(-96.65251730109,4.440892098501E-16,
    115.64602341233));
#3895 = CARTESIAN_POINT('',(-93.57852523436,1.33226762955E-15,
    115.76647935858));
#3896 = CARTESIAN_POINT('',(-90.50838704351,8.881784197001E-16,
    116.75840396674));
#3897 = CARTESIAN_POINT('',(-87.38288840939,0.,120.69597506248));
#3898 = CARTESIAN_POINT('',(-84.31785444875,2.22044604925E-15,
    125.45336786817));
#3899 = CARTESIAN_POINT('',(-81.24214244136,2.6645352591E-15,
    130.86107474511));
#3900 = CARTESIAN_POINT('',(-78.12960500485,8.881784197001E-16,
    138.43796725329));
#3901 = CARTESIAN_POINT('',(-74.96906529327,2.22044604925E-15,
    138.06225290811));
#3902 = CARTESIAN_POINT('',(-71.73799895759,1.33226762955E-15,
    138.27419168513));
#3903 = CARTESIAN_POINT('',(-68.60106908076,2.6645352591E-15,
    135.56981389859));
#3904 = CARTESIAN_POINT('',(-65.56017338006,5.329070518201E-15,
    128.506753787));
#3905 = CARTESIAN_POINT('',(-62.51301691864,2.6645352591E-15,
    123.60599416467));
#3906 = CARTESIAN_POINT('',(-59.44661269167,1.7763568394E-15,
    118.96376415799));
#3907 = CARTESIAN_POINT('',(-56.2794693162,8.881784197001E-16,
    116.29962153604));
#3908 = CARTESIAN_POINT('',(-53.30015135599,3.10862446895E-15,
    115.12152122387));
#3909 = CARTESIAN_POINT('',(-50.09160903077,-1.7763568394E-15,
    116.07163932438));
#3910 = CARTESIAN_POINT('',(-46.82988298107,5.329070518201E-15,
    115.91161352884));
#3911 = CARTESIAN_POINT('',(-43.75098561487,-1.7763568394E-15,
    116.14779863273));
#3912 = CARTESIAN_POINT('',(-40.59022498143,-8.881784197001E-16,
    116.04774480671));
#3913 = CARTESIAN_POINT('',(-37.48657799801,3.996802888651E-15,
    116.1355759077));
#3914 = CARTESIAN_POINT('',(-34.35349204993,-3.552713678801E-15,
    116.06435689141));
#3915 = CARTESIAN_POINT('',(-31.22924211799,3.552713678801E-15,
    116.12277593485));
#3916 = CARTESIAN_POINT('',(-28.10496678474,-1.33226762955E-15,
    115.99596624005));
#3917 = CARTESIAN_POINT('',(-24.94210454386,2.22044604925E-15,
    116.01795644044));
#3918 = CARTESIAN_POINT('',(-21.65395320521,1.7763568394E-15,
    115.45748092025));
#3919 = CARTESIAN_POINT('',(-18.66692496727,-8.881784197001E-16,
    115.68768310977));
#3920 = CARTESIAN_POINT('',(-15.52415536771,1.7763568394E-15,
    117.70341818784));
#3921 = CARTESIAN_POINT('',(-12.42987744782,1.7763568394E-15,
    122.13694483228));
#3922 = CARTESIAN_POINT('',(-9.377596847078,2.22044604925E-15,
    126.96924894805));
#3923 = CARTESIAN_POINT('',(-6.312968134846,2.6645352591E-15,
    132.98911600527));
#3924 = CARTESIAN_POINT('',(-3.20273059646,8.881784197001E-16,
    138.40234265526));
#3925 = CARTESIAN_POINT('',(-2.775557561563E-17,2.6645352591E-15,
    137.92942977922));
#3926 = CARTESIAN_POINT('',(3.20273059646,3.10862446895E-15,
    138.40234265526));
#3927 = CARTESIAN_POINT('',(6.312968134846,1.7763568394E-15,
    132.98911600527));
#3928 = CARTESIAN_POINT('',(9.377596847078,1.33226762955E-15,
    126.96924894805));
#3929 = CARTESIAN_POINT('',(12.429877447828,8.881784197001E-16,
    122.13694483228));
#3930 = CARTESIAN_POINT('',(15.524155367714,3.996802888651E-15,
    117.70341818784));
#3931 = CARTESIAN_POINT('',(18.666924967278,4.440892098501E-16,
    115.68768310977));
#3932 = CARTESIAN_POINT('',(21.653953205212,8.881784197001E-16,
    115.45748092025));
#3933 = CARTESIAN_POINT('',(24.942104543866,3.10862446895E-15,
    116.01795644044));
#3934 = CARTESIAN_POINT('',(28.104966784746,1.7763568394E-15,
    115.99596624005));
#3935 = CARTESIAN_POINT('',(31.229242117992,0.,116.12277593485));
#3936 = CARTESIAN_POINT('',(34.353492049937,3.552713678801E-15,
    116.06435689141));
#3937 = CARTESIAN_POINT('',(37.486577998015,-8.881784197001E-16,
    116.1355759077));
#3938 = CARTESIAN_POINT('',(40.590224981439,3.552713678801E-15,
    116.04774480671));
#3939 = CARTESIAN_POINT('',(43.75098561487,3.10862446895E-15,
    116.14779863273));
#3940 = CARTESIAN_POINT('',(46.82988298107,0.,115.91161352884));
#3941 = CARTESIAN_POINT('',(50.091609030777,4.440892098501E-16,
    116.07163932438));
#3942 = CARTESIAN_POINT('',(53.30015135599,1.7763568394E-15,
    115.12152122387));
#3943 = CARTESIAN_POINT('',(56.279469316208,8.881784197001E-16,
    116.29962153604));
#3944 = CARTESIAN_POINT('',(59.446612691677,1.7763568394E-15,
    118.96376415799));
#3945 = CARTESIAN_POINT('',(62.513016918644,2.6645352591E-15,
    123.60599416467));
#3946 = CARTESIAN_POINT('',(65.560173380067,1.7763568394E-15,
    128.506753787));
#3947 = CARTESIAN_POINT('',(68.601069080765,1.7763568394E-15,
    135.56981389859));
#3948 = CARTESIAN_POINT('',(71.73799895759,0.,138.27419168513));
#3949 = CARTESIAN_POINT('',(74.969065293279,8.881784197001E-16,
    138.06225290811));
#3950 = CARTESIAN_POINT('',(78.129605004858,4.440892098501E-16,
    138.43796725329));
#3951 = CARTESIAN_POINT('',(81.242142441362,-2.22044604925E-15,
    130.86107474511));
#3952 = CARTESIAN_POINT('',(84.317854448757,1.33226762955E-15,
    125.45336786817));
#3953 = CARTESIAN_POINT('',(87.382888409396,8.881784197001E-16,
    120.69597506248));
#3954 = CARTESIAN_POINT('',(90.508387043519,1.7763568394E-15,
    116.75840396674));
#3955 = CARTESIAN_POINT('',(93.578525234368,0.,115.76647935858));
#3956 = CARTESIAN_POINT('',(96.652517301093,2.6645352591E-15,
    115.64602341233));
#3957 = CARTESIAN_POINT('',(99.944975841828,2.6645352591E-15,
    116.02537943351));
#3958 = CARTESIAN_POINT('',(103.04922027306,8.881784197001E-16,
    116.04123683554));
#3959 = CARTESIAN_POINT('',(106.20068003424,1.33226762955E-15,
    116.09998885975));
#3960 = CARTESIAN_POINT('',(109.30407346416,1.7763568394E-15,
    116.10219353541));
#3961 = CARTESIAN_POINT('',(112.45286488364,3.10862446895E-15,
    116.08127753213));
#3962 = CARTESIAN_POINT('',(115.54203232295,4.440892098501E-15,
    116.1250849004));
#3963 = CARTESIAN_POINT('',(118.72160588355,0.,116.01509156047));
#3964 = CARTESIAN_POINT('',(121.78285990839,4.440892098501E-16,
    116.07261798478));
#3965 = CARTESIAN_POINT('',(125.13174009112,1.33226762955E-15,
    115.63689189446));
#3966 = CARTESIAN_POINT('',(128.20977680724,1.7763568394E-15,
    115.76498610499));
#3967 = CARTESIAN_POINT('',(131.26095706703,1.33226762955E-15,
    116.48994191825));
#3968 = CARTESIAN_POINT('',(134.40498033054,1.33226762955E-15,
    120.35814057646));
#3969 = CARTESIAN_POINT('',(137.44822085371,1.33226762955E-15,
    125.12501475341));
#3970 = CARTESIAN_POINT('',(140.49429016176,3.552713678801E-15,
    130.02292295503));
#3971 = CARTESIAN_POINT('',(143.49462910383,1.7763568394E-15,
    138.49273828168));
#3972 = CARTESIAN_POINT('',(146.72417797021,8.881784197001E-16,
    138.04427296609));
#3973 = CARTESIAN_POINT('',(149.9482544959,3.996802888651E-15,
    138.29742384255));
#3974 = CARTESIAN_POINT('',(153.05902197354,4.440892098501E-16,
    135.86763475109));
#3975 = CARTESIAN_POINT('',(156.1823448947,3.552713678801E-15,
    129.1352896873));
#3976 = CARTESIAN_POINT('',(159.26349640411,1.7763568394E-15,
    123.94537692469));
#3977 = CARTESIAN_POINT('',(162.34239928534,1.33226762955E-15,
    119.28304587246));
#3978 = CARTESIAN_POINT('',(165.48445737214,8.881784197001E-16,
    116.47240576524));
#3979 = CARTESIAN_POINT('',(168.50570143136,2.6645352591E-15,
    115.18205770733));
#3980 = CARTESIAN_POINT('',(171.66933616697,8.881784197001E-16,
    115.97032117498));
#3981 = CARTESIAN_POINT('',(174.91178962355,1.33226762955E-15,
    115.96668009809));
#3982 = CARTESIAN_POINT('',(178.01225428054,4.440892098501E-16,
    116.09632421232));
#3983 = CARTESIAN_POINT('',(181.15590657147,1.33226762955E-15,
    116.08698209944));
#3984 = CARTESIAN_POINT('',(184.27126615396,8.881784197001E-16,
    116.09946728125));
#3985 = CARTESIAN_POINT('',(187.39790359724,-2.6645352591E-15,
    116.10278492373));
#3986 = CARTESIAN_POINT('',(190.52385449579,3.552713678801E-15,
    116.07601231497));
#3987 = CARTESIAN_POINT('',(193.65028817727,-4.440892098501E-16,
    116.07277551015));
#3988 = CARTESIAN_POINT('',(196.80392382223,1.33226762955E-15,
    115.90709137225));
#3989 = CARTESIAN_POINT('',(199.94392637543,3.10862446895E-15,
    115.77202876651));
#3990 = CARTESIAN_POINT('',(203.16177795814,4.440892098501E-16,
    115.06897004331));
#3991 = CARTESIAN_POINT('',(206.35231406763,3.552713678801E-15,
    114.59522191554));
#3992 = CARTESIAN_POINT('',(209.36825782326,-4.440892098501E-16,
    114.68967535843));
#3993 = CARTESIAN_POINT('',(212.37959561216,3.552713678801E-15,
    115.55099170345));
#3994 = CARTESIAN_POINT('',(215.39238910851,1.7763568394E-15,
    115.80888542665));
#3995 = CARTESIAN_POINT('',(218.421822624,-8.881784197001E-16,
    116.3788938916));
#3996 = CARTESIAN_POINT('',(221.72619309389,4.440892098501E-16,
    116.92388078437));
#3997 = CARTESIAN_POINT('',(224.87045067834,1.33226762955E-15,
    116.55982419268));
#3998 = CARTESIAN_POINT('',(228.,1.7763568394E-15,116.));
#3999 = CARTESIAN_POINT('',(-228.,4.432630330378,116.));
#4000 = CARTESIAN_POINT('',(-224.8704506783,4.432630330378,
    116.27405420057));
#4001 = CARTESIAN_POINT('',(-221.7261930938,4.432630330378,
    116.06681121754));
#4002 = CARTESIAN_POINT('',(-218.421822624,4.432630330378,
    115.28614539336));
#4003 = CARTESIAN_POINT('',(-215.3923891085,4.432630330378,
    114.74537923358));
#4004 = CARTESIAN_POINT('',(-212.3795956121,4.432630330378,
    113.9149519985));
#4005 = CARTESIAN_POINT('',(-209.3682578232,4.432630330378,
    114.24640956711));
#4006 = CARTESIAN_POINT('',(-206.3523140676,4.432630330378,
    113.58842831411));
#4007 = CARTESIAN_POINT('',(-203.1617779581,4.432630330378,
    112.28387810226));
#4008 = CARTESIAN_POINT('',(-199.9439263754,4.432630330378,
    110.94851145187));
#4009 = CARTESIAN_POINT('',(-196.8039238222,4.432630330378,
    110.03067323386));
#4010 = CARTESIAN_POINT('',(-193.6502881772,4.432630330378,
    109.45334548007));
#4011 = CARTESIAN_POINT('',(-190.5238544957,4.432630330378,
    109.21396622251));
#4012 = CARTESIAN_POINT('',(-187.3979035972,4.432630330378,
    109.14542004066));
#4013 = CARTESIAN_POINT('',(-184.2712661539,4.432630330378,
    109.15271097238));
#4014 = CARTESIAN_POINT('',(-181.1559065714,4.432630330378,
    109.15450094708));
#4015 = CARTESIAN_POINT('',(-178.0122542805,4.432630330378,
    109.30553623076));
#4016 = CARTESIAN_POINT('',(-174.9117896235,4.432630330378,
    109.66384248586));
#4017 = CARTESIAN_POINT('',(-171.6693361669,4.432630330378,
    110.46473612942));
#4018 = CARTESIAN_POINT('',(-168.5057014313,4.432630330378,
    111.25030773202));
#4019 = CARTESIAN_POINT('',(-165.4844573721,4.432630330378,
    114.50906315571));
#4020 = CARTESIAN_POINT('',(-162.3423992853,4.432630330378,
    118.09069352133));
#4021 = CARTESIAN_POINT('',(-159.2634964041,4.432630330378,
    122.27584604813));
#4022 = CARTESIAN_POINT('',(-156.1823448947,4.432630330378,
    126.92025697577));
#4023 = CARTESIAN_POINT('',(-153.0590219735,4.432630330378,
    131.34289470934));
#4024 = CARTESIAN_POINT('',(-149.9482544959,4.432630330378,
    135.95454375205));
#4025 = CARTESIAN_POINT('',(-146.7241779702,4.432630330378,
    137.12440687866));
#4026 = CARTESIAN_POINT('',(-143.4946291038,4.432630330378,
    131.92464646571));
#4027 = CARTESIAN_POINT('',(-140.4942901617,4.432630330378,
    127.96228527151));
#4028 = CARTESIAN_POINT('',(-137.4482208537,4.432630330378,
    123.37771204886));
#4029 = CARTESIAN_POINT('',(-134.4049803305,4.432630330378,
    118.78123743964));
#4030 = CARTESIAN_POINT('',(-131.260957067,4.432630330378,
    115.93220882154));
#4031 = CARTESIAN_POINT('',(-128.2097768072,4.432630330378,
    112.07066031152));
#4032 = CARTESIAN_POINT('',(-125.1317400911,4.432630330378,
    110.60422178995));
#4033 = CARTESIAN_POINT('',(-121.7828599083,4.432630330378,
    109.83408678834));
#4034 = CARTESIAN_POINT('',(-118.7216058835,4.432630330378,
    109.34248237668));
#4035 = CARTESIAN_POINT('',(-115.5420323229,4.432630330378,
    109.18185503788));
#4036 = CARTESIAN_POINT('',(-112.4528648836,4.432630330378,
    109.14768340878));
#4037 = CARTESIAN_POINT('',(-109.3040734641,4.432630330378,
    109.14446203569));
#4038 = CARTESIAN_POINT('',(-106.2006800342,4.432630330378,
    109.19055627646));
#4039 = CARTESIAN_POINT('',(-103.049220273,4.432630330378,
    109.36543581935));
#4040 = CARTESIAN_POINT('',(-99.94497584182,4.432630330378,
    109.89898379013));
#4041 = CARTESIAN_POINT('',(-96.65251730109,4.432630330378,
    110.65363817399));
#4042 = CARTESIAN_POINT('',(-93.57852523436,4.432630330378,
    112.36445347661));
#4043 = CARTESIAN_POINT('',(-90.50838704351,4.432630330378,
    116.11623847785));
#4044 = CARTESIAN_POINT('',(-87.38288840939,4.432630330378,
    119.10091791269));
#4045 = CARTESIAN_POINT('',(-84.31785444875,4.432630330378,
    123.73665609257));
#4046 = CARTESIAN_POINT('',(-81.24214244136,4.432630330378,
    128.29920866836));
#4047 = CARTESIAN_POINT('',(-78.12960500485,4.432630330378,
    132.5531596034));
#4048 = CARTESIAN_POINT('',(-74.96906529327,4.432630330378,
    137.06851970319));
#4049 = CARTESIAN_POINT('',(-71.73799895759,4.432630330378,
    135.7727615278));
#4050 = CARTESIAN_POINT('',(-68.60106908076,4.432630330378,
    130.7977036486));
#4051 = CARTESIAN_POINT('',(-65.56017338006,4.432630330378,
    126.56646244026));
#4052 = CARTESIAN_POINT('',(-62.51301691864,4.432630330378,
    121.93244730492));
#4053 = CARTESIAN_POINT('',(-59.44661269167,4.432630330378,
    117.81259867446));
#4054 = CARTESIAN_POINT('',(-56.2794693162,4.432630330378,
    114.25109858465));
#4055 = CARTESIAN_POINT('',(-53.30015135599,4.432630330378,
    111.04172708727));
#4056 = CARTESIAN_POINT('',(-50.09160903077,4.432630330378,
    110.46859835919));
#4057 = CARTESIAN_POINT('',(-46.82988298107,4.432630330378,
    109.56499497121));
#4058 = CARTESIAN_POINT('',(-43.75098561487,4.432630330378,
    109.32432533864));
#4059 = CARTESIAN_POINT('',(-40.59022498143,4.432630330378,
    109.11964346842));
#4060 = CARTESIAN_POINT('',(-37.48657799801,4.432630330378,
    109.18281132601));
#4061 = CARTESIAN_POINT('',(-34.35349204993,4.432630330378,
    109.11418239487));
#4062 = CARTESIAN_POINT('',(-31.22924211799,4.432630330378,
    109.2633436733));
#4063 = CARTESIAN_POINT('',(-28.10496678474,4.432630330378,
    109.42892931078));
#4064 = CARTESIAN_POINT('',(-24.94210454386,4.432630330378,
    110.20254591068));
#4065 = CARTESIAN_POINT('',(-21.65395320521,4.432630330378,
    110.80623662089));
#4066 = CARTESIAN_POINT('',(-18.66692496727,4.432630330378,
    113.71171853392));
#4067 = CARTESIAN_POINT('',(-15.52415536771,4.432630330378,
    117.03166528303));
#4068 = CARTESIAN_POINT('',(-12.42987744782,4.432630330378,
    120.48040163225));
#4069 = CARTESIAN_POINT('',(-9.377596847078,4.432630330378,
    125.18063683442));
#4070 = CARTESIAN_POINT('',(-6.312968134846,4.432630330378,
    129.59879571467));
#4071 = CARTESIAN_POINT('',(-3.20273059646,4.432630330378,
    134.18971783345));
#4072 = CARTESIAN_POINT('',(-2.775557561563E-17,4.432630330378,
    137.53236734283));
#4073 = CARTESIAN_POINT('',(3.20273059646,4.432630330378,134.18971783345
    ));
#4074 = CARTESIAN_POINT('',(6.312968134846,4.432630330378,
    129.59879571467));
#4075 = CARTESIAN_POINT('',(9.377596847078,4.432630330378,
    125.18063683442));
#4076 = CARTESIAN_POINT('',(12.429877447828,4.432630330378,
    120.48040163225));
#4077 = CARTESIAN_POINT('',(15.524155367714,4.432630330378,
    117.03166528303));
#4078 = CARTESIAN_POINT('',(18.666924967278,4.432630330378,
    113.71171853392));
#4079 = CARTESIAN_POINT('',(21.653953205212,4.432630330378,
    110.80623662089));
#4080 = CARTESIAN_POINT('',(24.942104543865,4.432630330378,
    110.20254591068));
#4081 = CARTESIAN_POINT('',(28.104966784746,4.432630330378,
    109.42892931078));
#4082 = CARTESIAN_POINT('',(31.229242117992,4.432630330378,
    109.2633436733));
#4083 = CARTESIAN_POINT('',(34.353492049937,4.432630330378,
    109.11418239487));
#4084 = CARTESIAN_POINT('',(37.486577998015,4.432630330378,
    109.18281132601));
#4085 = CARTESIAN_POINT('',(40.590224981439,4.432630330378,
    109.11964346842));
#4086 = CARTESIAN_POINT('',(43.75098561487,4.432630330378,
    109.32432533864));
#4087 = CARTESIAN_POINT('',(46.82988298107,4.432630330378,
    109.56499497121));
#4088 = CARTESIAN_POINT('',(50.091609030777,4.432630330378,
    110.46859835919));
#4089 = CARTESIAN_POINT('',(53.30015135599,4.432630330378,
    111.04172708727));
#4090 = CARTESIAN_POINT('',(56.279469316208,4.432630330378,
    114.25109858465));
#4091 = CARTESIAN_POINT('',(59.446612691677,4.432630330378,
    117.81259867446));
#4092 = CARTESIAN_POINT('',(62.513016918644,4.432630330378,
    121.93244730492));
#4093 = CARTESIAN_POINT('',(65.560173380067,4.432630330378,
    126.56646244026));
#4094 = CARTESIAN_POINT('',(68.601069080765,4.432630330378,
    130.7977036486));
#4095 = CARTESIAN_POINT('',(71.73799895759,4.432630330378,135.7727615278
    ));
#4096 = CARTESIAN_POINT('',(74.969065293279,4.432630330378,
    137.06851970319));
#4097 = CARTESIAN_POINT('',(78.129605004858,4.432630330378,
    132.5531596034));
#4098 = CARTESIAN_POINT('',(81.242142441362,4.432630330378,
    128.29920866836));
#4099 = CARTESIAN_POINT('',(84.317854448757,4.432630330378,
    123.73665609257));
#4100 = CARTESIAN_POINT('',(87.382888409396,4.432630330378,
    119.10091791269));
#4101 = CARTESIAN_POINT('',(90.508387043519,4.432630330378,
    116.11623847785));
#4102 = CARTESIAN_POINT('',(93.578525234368,4.432630330378,
    112.36445347661));
#4103 = CARTESIAN_POINT('',(96.652517301093,4.432630330378,
    110.65363817399));
#4104 = CARTESIAN_POINT('',(99.944975841828,4.432630330378,
    109.89898379013));
#4105 = CARTESIAN_POINT('',(103.04922027306,4.432630330378,
    109.36543581935));
#4106 = CARTESIAN_POINT('',(106.20068003424,4.432630330378,
    109.19055627646));
#4107 = CARTESIAN_POINT('',(109.30407346416,4.432630330378,
    109.14446203569));
#4108 = CARTESIAN_POINT('',(112.45286488364,4.432630330378,
    109.14768340878));
#4109 = CARTESIAN_POINT('',(115.54203232295,4.432630330378,
    109.18185503788));
#4110 = CARTESIAN_POINT('',(118.72160588355,4.432630330378,
    109.34248237668));
#4111 = CARTESIAN_POINT('',(121.78285990839,4.432630330378,
    109.83408678834));
#4112 = CARTESIAN_POINT('',(125.13174009112,4.432630330378,
    110.60422178995));
#4113 = CARTESIAN_POINT('',(128.20977680724,4.432630330378,
    112.07066031152));
#4114 = CARTESIAN_POINT('',(131.26095706703,4.432630330378,
    115.93220882154));
#4115 = CARTESIAN_POINT('',(134.40498033054,4.432630330378,
    118.78123743964));
#4116 = CARTESIAN_POINT('',(137.44822085371,4.432630330378,
    123.37771204886));
#4117 = CARTESIAN_POINT('',(140.49429016176,4.432630330378,
    127.96228527151));
#4118 = CARTESIAN_POINT('',(143.49462910383,4.432630330378,
    131.92464646571));
#4119 = CARTESIAN_POINT('',(146.72417797021,4.432630330378,
    137.12440687866));
#4120 = CARTESIAN_POINT('',(149.9482544959,4.432630330378,
    135.95454375205));
#4121 = CARTESIAN_POINT('',(153.05902197354,4.432630330378,
    131.34289470934));
#4122 = CARTESIAN_POINT('',(156.1823448947,4.432630330378,
    126.92025697577));
#4123 = CARTESIAN_POINT('',(159.26349640411,4.432630330378,
    122.27584604813));
#4124 = CARTESIAN_POINT('',(162.34239928534,4.432630330378,
    118.09069352133));
#4125 = CARTESIAN_POINT('',(165.48445737214,4.432630330378,
    114.50906315571));
#4126 = CARTESIAN_POINT('',(168.50570143136,4.432630330378,
    111.25030773202));
#4127 = CARTESIAN_POINT('',(171.66933616697,4.432630330378,
    110.46473612942));
#4128 = CARTESIAN_POINT('',(174.91178962354,4.432630330378,
    109.66384248586));
#4129 = CARTESIAN_POINT('',(178.01225428054,4.432630330378,
    109.30553623076));
#4130 = CARTESIAN_POINT('',(181.15590657147,4.432630330378,
    109.15450094708));
#4131 = CARTESIAN_POINT('',(184.27126615396,4.432630330378,
    109.15271097238));
#4132 = CARTESIAN_POINT('',(187.39790359723,4.432630330378,
    109.14542004066));
#4133 = CARTESIAN_POINT('',(190.52385449579,4.432630330378,
    109.21396622251));
#4134 = CARTESIAN_POINT('',(193.65028817727,4.432630330378,
    109.45334548007));
#4135 = CARTESIAN_POINT('',(196.80392382223,4.432630330378,
    110.03067323386));
#4136 = CARTESIAN_POINT('',(199.94392637543,4.432630330378,
    110.94851145187));
#4137 = CARTESIAN_POINT('',(203.16177795814,4.432630330378,
    112.28387810226));
#4138 = CARTESIAN_POINT('',(206.35231406763,4.432630330378,
    113.58842831411));
#4139 = CARTESIAN_POINT('',(209.36825782326,4.432630330378,
    114.24640956711));
#4140 = CARTESIAN_POINT('',(212.37959561216,4.432630330378,
    113.9149519985));
#4141 = CARTESIAN_POINT('',(215.39238910851,4.432630330378,
    114.74537923358));
#4142 = CARTESIAN_POINT('',(218.421822624,4.432630330378,115.28614539336
    ));
#4143 = CARTESIAN_POINT('',(221.72619309389,4.432630330378,
    116.06681121754));
#4144 = CARTESIAN_POINT('',(224.87045067834,4.432630330378,
    116.27405420057));
#4145 = CARTESIAN_POINT('',(228.,4.432630330378,116.));
#4146 = CARTESIAN_POINT('',(-228.,6.97382840008,116.));
#4147 = CARTESIAN_POINT('',(-224.8704506783,6.97382840008,116.1545098436
    ));
#4148 = CARTESIAN_POINT('',(-221.7261930938,6.97382840008,
    115.70253888135));
#4149 = CARTESIAN_POINT('',(-218.421822624,6.97382840008,114.80512994905
    ));
#4150 = CARTESIAN_POINT('',(-215.3923891085,6.97382840008,
    113.98552671896));
#4151 = CARTESIAN_POINT('',(-212.3795956121,6.97382840008,
    114.16972433671));
#4152 = CARTESIAN_POINT('',(-209.3682578232,6.97382840008,
    112.07133611787));
#4153 = CARTESIAN_POINT('',(-206.3523140676,6.97382840008,109.369051333)
  );
#4154 = CARTESIAN_POINT('',(-203.1617779581,6.97382840008,
    106.52238982984));
#4155 = CARTESIAN_POINT('',(-199.9439263754,6.97382840008,
    104.16172305692));
#4156 = CARTESIAN_POINT('',(-196.8039238222,6.97382840008,
    102.58275204985));
#4157 = CARTESIAN_POINT('',(-193.6502881772,6.97382840008,
    101.64486877047));
#4158 = CARTESIAN_POINT('',(-190.5238544957,6.97382840008,
    101.23243770715));
#4159 = CARTESIAN_POINT('',(-187.3979035972,6.97382840008,
    101.11368693151));
#4160 = CARTESIAN_POINT('',(-184.2712661539,6.97382840008,
    101.14364365261));
#4161 = CARTESIAN_POINT('',(-181.1559065714,6.97382840008,
    101.11020250837));
#4162 = CARTESIAN_POINT('',(-178.0122542805,6.97382840008,
    101.43291643773));
#4163 = CARTESIAN_POINT('',(-174.9117896235,6.97382840008,
    101.89381287336));
#4164 = CARTESIAN_POINT('',(-171.6693361669,6.97382840008,
    103.56482273564));
#4165 = CARTESIAN_POINT('',(-168.5057014313,6.97382840008,
    104.84639088389));
#4166 = CARTESIAN_POINT('',(-165.4844573721,6.97382840008,
    113.06463197202));
#4167 = CARTESIAN_POINT('',(-162.3423992853,6.97382840008,
    116.60734751376));
#4168 = CARTESIAN_POINT('',(-159.2634964041,6.97382840008,
    120.61676653789));
#4169 = CARTESIAN_POINT('',(-156.1823448947,6.97382840008,
    124.19278095775));
#4170 = CARTESIAN_POINT('',(-153.0590219735,6.97382840008,
    127.72172501922));
#4171 = CARTESIAN_POINT('',(-149.9482544959,6.97382840008,
    129.79769390804));
#4172 = CARTESIAN_POINT('',(-146.7241779702,6.97382840008,
    130.03440461785));
#4173 = CARTESIAN_POINT('',(-143.4946291038,6.97382840008,
    128.39775088685));
#4174 = CARTESIAN_POINT('',(-140.4942901617,6.97382840008,
    125.03866638642));
#4175 = CARTESIAN_POINT('',(-137.4482208537,6.97382840008,
    121.33214478381));
#4176 = CARTESIAN_POINT('',(-134.4049803305,6.97382840008,
    118.11825004001));
#4177 = CARTESIAN_POINT('',(-131.260957067,6.97382840008,112.14693511686
    ));
#4178 = CARTESIAN_POINT('',(-128.2097768072,6.97382840008,
    107.11743493919));
#4179 = CARTESIAN_POINT('',(-125.1317400911,6.97382840008,
    103.18270480886));
#4180 = CARTESIAN_POINT('',(-121.7828599083,6.97382840008,
    102.47163250404));
#4181 = CARTESIAN_POINT('',(-118.7216058835,6.97382840008,
    101.32881974846));
#4182 = CARTESIAN_POINT('',(-115.5420323229,6.97382840008,
    101.25511264942));
#4183 = CARTESIAN_POINT('',(-112.4528648836,6.97382840008,101.0802775817
    ));
#4184 = CARTESIAN_POINT('',(-109.3040734641,6.97382840008,
    101.13352170591));
#4185 = CARTESIAN_POINT('',(-106.2006800342,6.97382840008,
    101.20081115544));
#4186 = CARTESIAN_POINT('',(-103.049220273,6.97382840008,101.45719541051
    ));
#4187 = CARTESIAN_POINT('',(-99.94497584182,6.97382840008,
    102.45725110429));
#4188 = CARTESIAN_POINT('',(-96.65251730109,6.97382840008,
    103.43560213245));
#4189 = CARTESIAN_POINT('',(-93.57852523436,6.97382840008,
    107.44767764362));
#4190 = CARTESIAN_POINT('',(-90.50838704351,6.97382840008,
    112.61979216498));
#4191 = CARTESIAN_POINT('',(-87.38288840939,6.97382840008,118.337057871)
  );
#4192 = CARTESIAN_POINT('',(-84.31785444875,6.97382840008,121.6175094766
    ));
#4193 = CARTESIAN_POINT('',(-81.24214244136,6.97382840008,
    125.35260299844));
#4194 = CARTESIAN_POINT('',(-78.12960500485,6.97382840008,
    128.59509078351));
#4195 = CARTESIAN_POINT('',(-74.96906529327,6.97382840008,
    130.02818099117));
#4196 = CARTESIAN_POINT('',(-71.73799895759,6.97382840008,
    129.73977529687));
#4197 = CARTESIAN_POINT('',(-68.60106908076,6.97382840008,
    127.47281892702));
#4198 = CARTESIAN_POINT('',(-65.56017338006,6.97382840008,123.8790081552
    ));
#4199 = CARTESIAN_POINT('',(-62.51301691864,6.97382840008,
    120.36022585813));
#4200 = CARTESIAN_POINT('',(-59.44661269167,6.97382840008,
    116.32500126498));
#4201 = CARTESIAN_POINT('',(-56.2794693162,6.97382840008,112.81152420501
    ));
#4202 = CARTESIAN_POINT('',(-53.30015135599,6.97382840008,
    104.19846633623));
#4203 = CARTESIAN_POINT('',(-50.09160903077,6.97382840008,
    103.69190440336));
#4204 = CARTESIAN_POINT('',(-46.82988298107,6.97382840008,101.6218530564
    ));
#4205 = CARTESIAN_POINT('',(-43.75098561487,6.97382840008,101.5535859565
    ));
#4206 = CARTESIAN_POINT('',(-40.59022498143,6.97382840008,
    100.97155271236));
#4207 = CARTESIAN_POINT('',(-37.48657799801,6.97382840008,101.2748441131
    ));
#4208 = CARTESIAN_POINT('',(-34.35349204993,6.97382840008,
    100.96804347097));
#4209 = CARTESIAN_POINT('',(-31.22924211799,6.97382840008,
    101.44014959943));
#4210 = CARTESIAN_POINT('',(-28.10496678474,6.97382840008,
    101.40903120306));
#4211 = CARTESIAN_POINT('',(-24.94210454386,6.97382840008,
    103.23151389669));
#4212 = CARTESIAN_POINT('',(-21.65395320521,6.97382840008,103.1169534108
    ));
#4213 = CARTESIAN_POINT('',(-18.66692496727,6.97382840008,
    110.70331518106));
#4214 = CARTESIAN_POINT('',(-15.52415536771,6.97382840008,
    114.22936701228));
#4215 = CARTESIAN_POINT('',(-12.42987744782,6.97382840008,
    119.37672747413));
#4216 = CARTESIAN_POINT('',(-9.377596847078,6.97382840008,
    122.66240906399));
#4217 = CARTESIAN_POINT('',(-6.312968134846,6.97382840008,
    126.45195299734));
#4218 = CARTESIAN_POINT('',(-3.20273059646,6.97382840008,129.24241306875
    ));
#4219 = CARTESIAN_POINT('',(-2.775557561563E-17,6.97382840008,
    130.0830489939));
#4220 = CARTESIAN_POINT('',(3.20273059646,6.97382840008,129.24241306875)
  );
#4221 = CARTESIAN_POINT('',(6.312968134846,6.97382840008,126.45195299734
    ));
#4222 = CARTESIAN_POINT('',(9.377596847078,6.97382840008,122.66240906399
    ));
#4223 = CARTESIAN_POINT('',(12.429877447828,6.97382840008,
    119.37672747413));
#4224 = CARTESIAN_POINT('',(15.524155367714,6.97382840008,
    114.22936701228));
#4225 = CARTESIAN_POINT('',(18.666924967278,6.97382840008,
    110.70331518106));
#4226 = CARTESIAN_POINT('',(21.653953205212,6.97382840008,103.1169534108
    ));
#4227 = CARTESIAN_POINT('',(24.942104543865,6.97382840008,
    103.23151389669));
#4228 = CARTESIAN_POINT('',(28.104966784746,6.97382840008,
    101.40903120306));
#4229 = CARTESIAN_POINT('',(31.229242117992,6.97382840008,
    101.44014959943));
#4230 = CARTESIAN_POINT('',(34.353492049937,6.97382840008,
    100.96804347097));
#4231 = CARTESIAN_POINT('',(37.486577998015,6.97382840008,101.2748441131
    ));
#4232 = CARTESIAN_POINT('',(40.590224981439,6.97382840008,
    100.97155271236));
#4233 = CARTESIAN_POINT('',(43.75098561487,6.97382840008,101.5535859565)
  );
#4234 = CARTESIAN_POINT('',(46.82988298107,6.97382840008,101.6218530564)
  );
#4235 = CARTESIAN_POINT('',(50.091609030777,6.97382840008,
    103.69190440336));
#4236 = CARTESIAN_POINT('',(53.30015135599,6.97382840008,104.19846633623
    ));
#4237 = CARTESIAN_POINT('',(56.279469316208,6.97382840008,
    112.81152420501));
#4238 = CARTESIAN_POINT('',(59.446612691677,6.97382840008,
    116.32500126498));
#4239 = CARTESIAN_POINT('',(62.513016918644,6.97382840008,
    120.36022585813));
#4240 = CARTESIAN_POINT('',(65.560173380067,6.97382840008,123.8790081552
    ));
#4241 = CARTESIAN_POINT('',(68.601069080765,6.97382840008,
    127.47281892702));
#4242 = CARTESIAN_POINT('',(71.73799895759,6.97382840008,129.73977529687
    ));
#4243 = CARTESIAN_POINT('',(74.969065293279,6.97382840008,
    130.02818099117));
#4244 = CARTESIAN_POINT('',(78.129605004858,6.97382840008,
    128.59509078351));
#4245 = CARTESIAN_POINT('',(81.242142441362,6.97382840008,
    125.35260299844));
#4246 = CARTESIAN_POINT('',(84.317854448757,6.97382840008,121.6175094766
    ));
#4247 = CARTESIAN_POINT('',(87.382888409396,6.97382840008,118.337057871)
  );
#4248 = CARTESIAN_POINT('',(90.508387043519,6.97382840008,
    112.61979216498));
#4249 = CARTESIAN_POINT('',(93.578525234368,6.97382840008,
    107.44767764362));
#4250 = CARTESIAN_POINT('',(96.652517301093,6.97382840008,
    103.43560213246));
#4251 = CARTESIAN_POINT('',(99.944975841828,6.97382840008,
    102.45725110429));
#4252 = CARTESIAN_POINT('',(103.04922027306,6.97382840008,
    101.45719541051));
#4253 = CARTESIAN_POINT('',(106.20068003424,6.97382840008,
    101.20081115544));
#4254 = CARTESIAN_POINT('',(109.30407346416,6.97382840008,
    101.13352170591));
#4255 = CARTESIAN_POINT('',(112.45286488364,6.97382840008,101.0802775817
    ));
#4256 = CARTESIAN_POINT('',(115.54203232295,6.97382840008,
    101.25511264942));
#4257 = CARTESIAN_POINT('',(118.72160588355,6.97382840008,
    101.32881974846));
#4258 = CARTESIAN_POINT('',(121.78285990839,6.97382840008,
    102.47163250404));
#4259 = CARTESIAN_POINT('',(125.13174009112,6.97382840008,
    103.18270480886));
#4260 = CARTESIAN_POINT('',(128.20977680724,6.97382840008,
    107.11743493919));
#4261 = CARTESIAN_POINT('',(131.26095706703,6.97382840008,
    112.14693511686));
#4262 = CARTESIAN_POINT('',(134.40498033054,6.97382840008,
    118.11825004001));
#4263 = CARTESIAN_POINT('',(137.44822085371,6.97382840008,
    121.33214478381));
#4264 = CARTESIAN_POINT('',(140.49429016176,6.97382840008,
    125.03866638642));
#4265 = CARTESIAN_POINT('',(143.49462910383,6.97382840008,
    128.39775088685));
#4266 = CARTESIAN_POINT('',(146.72417797021,6.97382840008,
    130.03440461785));
#4267 = CARTESIAN_POINT('',(149.9482544959,6.97382840008,129.79769390804
    ));
#4268 = CARTESIAN_POINT('',(153.05902197354,6.97382840008,
    127.72172501922));
#4269 = CARTESIAN_POINT('',(156.1823448947,6.97382840008,124.19278095775
    ));
#4270 = CARTESIAN_POINT('',(159.26349640411,6.97382840008,
    120.61676653789));
#4271 = CARTESIAN_POINT('',(162.34239928534,6.97382840008,
    116.60734751376));
#4272 = CARTESIAN_POINT('',(165.48445737214,6.97382840008,
    113.06463197202));
#4273 = CARTESIAN_POINT('',(168.50570143136,6.97382840008,
    104.84639088389));
#4274 = CARTESIAN_POINT('',(171.66933616697,6.97382840008,
    103.56482273564));
#4275 = CARTESIAN_POINT('',(174.91178962355,6.97382840008,
    101.89381287336));
#4276 = CARTESIAN_POINT('',(178.01225428054,6.97382840008,
    101.43291643773));
#4277 = CARTESIAN_POINT('',(181.15590657147,6.97382840008,
    101.11020250837));
#4278 = CARTESIAN_POINT('',(184.27126615396,6.97382840008,
    101.14364365261));
#4279 = CARTESIAN_POINT('',(187.39790359724,6.97382840008,
    101.11368693151));
#4280 = CARTESIAN_POINT('',(190.52385449579,6.97382840008,
    101.23243770715));
#4281 = CARTESIAN_POINT('',(193.65028817727,6.97382840008,
    101.64486877047));
#4282 = CARTESIAN_POINT('',(196.80392382223,6.97382840008,
    102.58275204985));
#4283 = CARTESIAN_POINT('',(199.94392637543,6.97382840008,
    104.16172305692));
#4284 = CARTESIAN_POINT('',(203.16177795814,6.97382840008,
    106.52238982984));
#4285 = CARTESIAN_POINT('',(206.35231406763,6.97382840008,109.369051333)
  );
#4286 = CARTESIAN_POINT('',(209.36825782326,6.97382840008,
    112.07133611787));
#4287 = CARTESIAN_POINT('',(212.37959561216,6.97382840008,
    114.16972433671));
#4288 = CARTESIAN_POINT('',(215.39238910851,6.97382840008,
    113.98552671896));
#4289 = CARTESIAN_POINT('',(218.421822624,6.97382840008,114.80512994905)
  );
#4290 = CARTESIAN_POINT('',(221.72619309389,6.97382840008,
    115.70253888135));
#4291 = CARTESIAN_POINT('',(224.87045067834,6.97382840008,116.1545098436
    ));
#4292 = CARTESIAN_POINT('',(228.,6.97382840008,116.));
#4293 = CARTESIAN_POINT('',(-228.,10.019501563748,116.));
#4294 = CARTESIAN_POINT('',(-224.8704506783,10.019501563748,
    116.02355266083));
#4295 = CARTESIAN_POINT('',(-221.7261930938,10.019501563748,
    115.29995590927));
#4296 = CARTESIAN_POINT('',(-218.421822624,10.019501563748,
    114.28878265377));
#4297 = CARTESIAN_POINT('',(-215.3923891085,10.019501563748,
    113.96842455501));
#4298 = CARTESIAN_POINT('',(-212.3795956121,10.019501563748,
    111.26430792305));
#4299 = CARTESIAN_POINT('',(-209.3682578232,10.019501563748,
    107.04868621312));
#4300 = CARTESIAN_POINT('',(-206.3523140676,10.019501563748,
    102.46579817251));
#4301 = CARTESIAN_POINT('',(-203.1617779581,10.019501563748,
    98.050138541206));
#4302 = CARTESIAN_POINT('',(-199.9439263754,10.019501563748,
    94.629820627309));
#4303 = CARTESIAN_POINT('',(-196.8039238222,10.019501563748,
    92.376289787651));
#4304 = CARTESIAN_POINT('',(-193.6502881772,10.019501563748,
    91.097940144566));
#4305 = CARTESIAN_POINT('',(-190.5238544957,10.019501563748,
    90.543396650512));
#4306 = CARTESIAN_POINT('',(-187.3979035972,10.019501563748,
    90.446693267212));
#4307 = CARTESIAN_POINT('',(-184.2712661539,10.019501563748,
    90.385618394264));
#4308 = CARTESIAN_POINT('',(-181.1559065714,10.019501563748,
    90.510312390273));
#4309 = CARTESIAN_POINT('',(-178.0122542805,10.019501563748,
    90.627755953581));
#4310 = CARTESIAN_POINT('',(-174.9117896235,10.019501563748,
    91.830414275923));
#4311 = CARTESIAN_POINT('',(-171.6693361669,10.019501563748,
    92.694930982657));
#4312 = CARTESIAN_POINT('',(-168.5057014313,10.019501563748,
    97.276269813203));
#4313 = CARTESIAN_POINT('',(-165.4844573721,10.019501563748,
    108.61739828329));
#4314 = CARTESIAN_POINT('',(-162.3423992853,10.019501563748,
    113.80918405543));
#4315 = CARTESIAN_POINT('',(-159.2634964041,10.019501563748,
    117.44845240948));
#4316 = CARTESIAN_POINT('',(-156.1823448947,10.019501563748,
    121.29458321615));
#4317 = CARTESIAN_POINT('',(-153.0590219735,10.019501563748,
    123.70494503456));
#4318 = CARTESIAN_POINT('',(-149.9482544959,10.019501563748,
    125.30957379565));
#4319 = CARTESIAN_POINT('',(-146.7241779702,10.019501563748,
    125.54942757162));
#4320 = CARTESIAN_POINT('',(-143.4946291038,10.019501563748,
    124.14429464323));
#4321 = CARTESIAN_POINT('',(-140.4942901617,10.019501563748,
    121.87645504322));
#4322 = CARTESIAN_POINT('',(-137.4482208537,10.019501563748,
    118.70121540596));
#4323 = CARTESIAN_POINT('',(-134.4049803305,10.019501563748,
    113.59143955958));
#4324 = CARTESIAN_POINT('',(-131.260957067,10.019501563748,
    113.65216556164));
#4325 = CARTESIAN_POINT('',(-128.2097768072,10.019501563748,
    98.107386428034));
#4326 = CARTESIAN_POINT('',(-125.1317400911,10.019501563748,
    93.483960287947));
#4327 = CARTESIAN_POINT('',(-121.7828599083,10.019501563748,
    92.08530931644));
#4328 = CARTESIAN_POINT('',(-118.7216058835,10.019501563748,
    90.751422224414));
#4329 = CARTESIAN_POINT('',(-115.5420323229,10.019501563748,
    90.546022481915));
#4330 = CARTESIAN_POINT('',(-112.4528648836,10.019501563748,
    90.399528903672));
#4331 = CARTESIAN_POINT('',(-109.3040734641,10.019501563748,
    90.409509951106));
#4332 = CARTESIAN_POINT('',(-106.2006800342,10.019501563748,
    90.545854910242));
#4333 = CARTESIAN_POINT('',(-103.049220273,10.019501563748,
    90.819096772584));
#4334 = CARTESIAN_POINT('',(-99.94497584182,10.019501563748,
    92.23393535037));
#4335 = CARTESIAN_POINT('',(-96.65251730109,10.019501563748,
    93.516312282074));
#4336 = CARTESIAN_POINT('',(-93.57852523436,10.019501563748,
    99.481261170853));
#4337 = CARTESIAN_POINT('',(-90.50838704351,10.019501563748,
    113.57299982383));
#4338 = CARTESIAN_POINT('',(-87.38288840939,10.019501563748,
    113.9680785582));
#4339 = CARTESIAN_POINT('',(-84.31785444875,10.019501563748,
    118.952589929));
#4340 = CARTESIAN_POINT('',(-81.24214244136,10.019501563748,
    122.0853441352));
#4341 = CARTESIAN_POINT('',(-78.12960500485,10.019501563748,
    124.31385392009));
#4342 = CARTESIAN_POINT('',(-74.96906529327,10.019501563748,
    125.54091853072));
#4343 = CARTESIAN_POINT('',(-71.73799895759,10.019501563748,
    125.26011164223));
#4344 = CARTESIAN_POINT('',(-68.60106908076,10.019501563748,
    123.51323701363));
#4345 = CARTESIAN_POINT('',(-65.56017338006,10.019501563748,
    121.08393063905));
#4346 = CARTESIAN_POINT('',(-62.51301691864,10.019501563748,
    117.14844886113));
#4347 = CARTESIAN_POINT('',(-59.44661269167,10.019501563748,
    113.56751507657));
#4348 = CARTESIAN_POINT('',(-56.2794693162,10.019501563748,
    108.1965188101));
#4349 = CARTESIAN_POINT('',(-53.30015135599,10.019501563748,
    96.401789197807));
#4350 = CARTESIAN_POINT('',(-50.09160903077,10.019501563748,
    92.589110240515));
#4351 = CARTESIAN_POINT('',(-46.82988298107,10.019501563748,
    91.773388764864));
#4352 = CARTESIAN_POINT('',(-43.75098561487,10.019501563748,
    90.525991521251));
#4353 = CARTESIAN_POINT('',(-40.59022498143,10.019501563748,
    90.550706485401));
#4354 = CARTESIAN_POINT('',(-37.48657799801,10.019501563748,
    90.356359078981));
#4355 = CARTESIAN_POINT('',(-34.35349204993,10.019501563748,
    90.462990172334));
#4356 = CARTESIAN_POINT('',(-31.22924211799,10.019501563748,
    90.559596661803));
#4357 = CARTESIAN_POINT('',(-28.10496678474,10.019501563748,
    91.173104844111));
#4358 = CARTESIAN_POINT('',(-24.94210454386,10.019501563748,
    92.527087912948));
#4359 = CARTESIAN_POINT('',(-21.65395320521,10.019501563748,
    94.884432650614));
#4360 = CARTESIAN_POINT('',(-18.66692496727,10.019501563748,
    103.20518078464));
#4361 = CARTESIAN_POINT('',(-15.52415536771,10.019501563748,
    114.12656181886));
#4362 = CARTESIAN_POINT('',(-12.42987744782,10.019501563748,
    115.54692083414));
#4363 = CARTESIAN_POINT('',(-9.377596847078,10.019501563748,
    120.26347374275));
#4364 = CARTESIAN_POINT('',(-6.312968134846,10.019501563748,
    122.82465352647));
#4365 = CARTESIAN_POINT('',(-3.20273059646,10.019501563748,124.861899736
    ));
#4366 = CARTESIAN_POINT('',(-2.775557561563E-17,10.019501563748,
    125.60594583233));
#4367 = CARTESIAN_POINT('',(3.20273059646,10.019501563748,124.861899736)
  );
#4368 = CARTESIAN_POINT('',(6.312968134846,10.019501563748,
    122.82465352647));
#4369 = CARTESIAN_POINT('',(9.377596847078,10.019501563748,
    120.26347374275));
#4370 = CARTESIAN_POINT('',(12.429877447828,10.019501563748,
    115.54692083414));
#4371 = CARTESIAN_POINT('',(15.524155367714,10.019501563748,
    114.12656181886));
#4372 = CARTESIAN_POINT('',(18.666924967278,10.019501563748,
    103.20518078464));
#4373 = CARTESIAN_POINT('',(21.653953205212,10.019501563748,
    94.884432650614));
#4374 = CARTESIAN_POINT('',(24.942104543865,10.019501563748,
    92.527087912948));
#4375 = CARTESIAN_POINT('',(28.104966784746,10.019501563748,
    91.173104844112));
#4376 = CARTESIAN_POINT('',(31.229242117992,10.019501563748,
    90.559596661802));
#4377 = CARTESIAN_POINT('',(34.353492049937,10.019501563748,
    90.462990172334));
#4378 = CARTESIAN_POINT('',(37.486577998015,10.019501563748,
    90.356359078981));
#4379 = CARTESIAN_POINT('',(40.590224981439,10.019501563748,
    90.550706485401));
#4380 = CARTESIAN_POINT('',(43.75098561487,10.019501563748,
    90.525991521251));
#4381 = CARTESIAN_POINT('',(46.82988298107,10.019501563748,
    91.773388764864));
#4382 = CARTESIAN_POINT('',(50.091609030777,10.019501563748,
    92.589110240515));
#4383 = CARTESIAN_POINT('',(53.30015135599,10.019501563748,
    96.401789197807));
#4384 = CARTESIAN_POINT('',(56.279469316208,10.019501563748,
    108.1965188101));
#4385 = CARTESIAN_POINT('',(59.446612691677,10.019501563748,
    113.56751507657));
#4386 = CARTESIAN_POINT('',(62.513016918644,10.019501563748,
    117.14844886113));
#4387 = CARTESIAN_POINT('',(65.560173380067,10.019501563748,
    121.08393063905));
#4388 = CARTESIAN_POINT('',(68.601069080765,10.019501563748,
    123.51323701363));
#4389 = CARTESIAN_POINT('',(71.73799895759,10.019501563748,
    125.26011164223));
#4390 = CARTESIAN_POINT('',(74.969065293279,10.019501563748,
    125.54091853072));
#4391 = CARTESIAN_POINT('',(78.129605004858,10.019501563748,
    124.31385392009));
#4392 = CARTESIAN_POINT('',(81.242142441362,10.019501563748,
    122.0853441352));
#4393 = CARTESIAN_POINT('',(84.317854448757,10.019501563748,
    118.952589929));
#4394 = CARTESIAN_POINT('',(87.382888409396,10.019501563748,
    113.9680785582));
#4395 = CARTESIAN_POINT('',(90.508387043519,10.019501563748,
    113.57299982383));
#4396 = CARTESIAN_POINT('',(93.578525234368,10.019501563748,
    99.481261170853));
#4397 = CARTESIAN_POINT('',(96.652517301093,10.019501563748,
    93.516312282073));
#4398 = CARTESIAN_POINT('',(99.944975841827,10.019501563748,
    92.23393535037));
#4399 = CARTESIAN_POINT('',(103.04922027306,10.019501563748,
    90.819096772584));
#4400 = CARTESIAN_POINT('',(106.20068003424,10.019501563748,
    90.545854910242));
#4401 = CARTESIAN_POINT('',(109.30407346416,10.019501563748,
    90.409509951106));
#4402 = CARTESIAN_POINT('',(112.45286488364,10.019501563748,
    90.399528903672));
#4403 = CARTESIAN_POINT('',(115.54203232295,10.019501563748,
    90.546022481915));
#4404 = CARTESIAN_POINT('',(118.72160588355,10.019501563748,
    90.751422224414));
#4405 = CARTESIAN_POINT('',(121.78285990839,10.019501563748,
    92.08530931644));
#4406 = CARTESIAN_POINT('',(125.13174009112,10.019501563748,
    93.483960287947));
#4407 = CARTESIAN_POINT('',(128.20977680724,10.019501563748,
    98.107386428034));
#4408 = CARTESIAN_POINT('',(131.26095706703,10.019501563748,
    113.65216556164));
#4409 = CARTESIAN_POINT('',(134.40498033054,10.019501563748,
    113.59143955958));
#4410 = CARTESIAN_POINT('',(137.44822085371,10.019501563748,
    118.70121540596));
#4411 = CARTESIAN_POINT('',(140.49429016176,10.019501563748,
    121.87645504322));
#4412 = CARTESIAN_POINT('',(143.49462910383,10.019501563748,
    124.14429464323));
#4413 = CARTESIAN_POINT('',(146.72417797021,10.019501563748,
    125.54942757162));
#4414 = CARTESIAN_POINT('',(149.9482544959,10.019501563748,
    125.30957379565));
#4415 = CARTESIAN_POINT('',(153.05902197354,10.019501563748,
    123.70494503456));
#4416 = CARTESIAN_POINT('',(156.1823448947,10.019501563748,
    121.29458321615));
#4417 = CARTESIAN_POINT('',(159.26349640411,10.019501563748,
    117.44845240948));
#4418 = CARTESIAN_POINT('',(162.34239928534,10.019501563748,
    113.80918405543));
#4419 = CARTESIAN_POINT('',(165.48445737214,10.019501563748,
    108.61739828329));
#4420 = CARTESIAN_POINT('',(168.50570143136,10.019501563748,
    97.276269813203));
#4421 = CARTESIAN_POINT('',(171.66933616697,10.019501563748,
    92.694930982657));
#4422 = CARTESIAN_POINT('',(174.91178962354,10.019501563748,
    91.830414275923));
#4423 = CARTESIAN_POINT('',(178.01225428054,10.019501563748,
    90.627755953581));
#4424 = CARTESIAN_POINT('',(181.15590657147,10.019501563748,
    90.510312390273));
#4425 = CARTESIAN_POINT('',(184.27126615396,10.019501563748,
    90.385618394264));
#4426 = CARTESIAN_POINT('',(187.39790359723,10.019501563748,
    90.446693267212));
#4427 = CARTESIAN_POINT('',(190.52385449579,10.019501563748,
    90.543396650512));
#4428 = CARTESIAN_POINT('',(193.65028817727,10.019501563748,
    91.097940144566));
#4429 = CARTESIAN_POINT('',(196.80392382223,10.019501563748,
    92.376289787651));
#4430 = CARTESIAN_POINT('',(199.94392637543,10.019501563748,
    94.629820627309));
#4431 = CARTESIAN_POINT('',(203.16177795814,10.019501563748,
    98.050138541206));
#4432 = CARTESIAN_POINT('',(206.35231406763,10.019501563748,
    102.46579817251));
#4433 = CARTESIAN_POINT('',(209.36825782326,10.019501563748,
    107.04868621312));
#4434 = CARTESIAN_POINT('',(212.37959561216,10.019501563748,
    111.26430792305));
#4435 = CARTESIAN_POINT('',(215.39238910851,10.019501563748,
    113.96842455501));
#4436 = CARTESIAN_POINT('',(218.421822624,10.019501563748,
    114.28878265377));
#4437 = CARTESIAN_POINT('',(221.72619309389,10.019501563748,
    115.29995590927));
#4438 = CARTESIAN_POINT('',(224.87045067834,10.019501563748,
    116.02355266083));
#4439 = CARTESIAN_POINT('',(228.,10.019501563748,116.));
#4440 = CARTESIAN_POINT('',(-228.,12.99831014382,116.));
#4441 = CARTESIAN_POINT('',(-224.8704506783,12.99831014382,
    115.91685263173));
#4442 = CARTESIAN_POINT('',(-221.7261930938,12.99831014382,
    114.96794084769));
#4443 = CARTESIAN_POINT('',(-218.421822624,12.99831014382,
    113.81278738506));
#4444 = CARTESIAN_POINT('',(-215.3923891085,12.99831014382,
    112.30513495615));
#4445 = CARTESIAN_POINT('',(-212.3795956121,12.99831014382,
    107.12544370102));
#4446 = CARTESIAN_POINT('',(-209.3682578232,12.99831014382,
    100.9124411094));
#4447 = CARTESIAN_POINT('',(-206.3523140676,12.99831014382,
    94.640375832745));
#4448 = CARTESIAN_POINT('',(-203.1617779581,12.99831014382,
    89.022317682442));
#4449 = CARTESIAN_POINT('',(-199.9439263754,12.99831014382,
    84.889460018777));
#4450 = CARTESIAN_POINT('',(-196.8039238222,12.99831014382,
    82.428472696082));
#4451 = CARTESIAN_POINT('',(-193.6502881772,12.99831014382,
    81.06405732191));
#4452 = CARTESIAN_POINT('',(-190.5238544957,12.99831014382,
    80.415071305248));
#4453 = CARTESIAN_POINT('',(-187.3979035972,12.99831014382,
    80.289386068562));
#4454 = CARTESIAN_POINT('',(-184.2712661539,12.99831014382,
    80.263910182635));
#4455 = CARTESIAN_POINT('',(-181.1559065714,12.99831014382,
    80.320505806447));
#4456 = CARTESIAN_POINT('',(-178.0122542805,12.99831014382,
    80.617523992065));
#4457 = CARTESIAN_POINT('',(-174.9117896235,12.99831014382,
    81.656880039035));
#4458 = CARTESIAN_POINT('',(-171.6693361669,12.99831014382,
    83.307155330837));
#4459 = CARTESIAN_POINT('',(-168.5057014313,12.99831014382,
    90.695501805032));
#4460 = CARTESIAN_POINT('',(-165.4844573721,12.99831014382,
    100.4030491804));
#4461 = CARTESIAN_POINT('',(-162.3423992853,12.99831014382,
    112.45934969217));
#4462 = CARTESIAN_POINT('',(-159.2634964041,12.99831014382,
    115.20979696284));
#4463 = CARTESIAN_POINT('',(-156.1823448947,12.99831014382,
    116.51377236974));
#4464 = CARTESIAN_POINT('',(-153.0590219735,12.99831014382,
    118.94633981824));
#4465 = CARTESIAN_POINT('',(-149.9482544959,12.99831014382,
    120.13157885377));
#4466 = CARTESIAN_POINT('',(-146.7241779702,12.99831014382,
    120.2938153218));
#4467 = CARTESIAN_POINT('',(-143.4946291038,12.99831014382,
    119.29984845786));
#4468 = CARTESIAN_POINT('',(-140.4942901617,12.99831014382,
    117.20397616802));
#4469 = CARTESIAN_POINT('',(-137.4482208537,12.99831014382,
    114.92809814342));
#4470 = CARTESIAN_POINT('',(-134.4049803305,12.99831014382,
    115.44929390486));
#4471 = CARTESIAN_POINT('',(-131.260957067,12.99831014382,
    102.27986876948));
#4472 = CARTESIAN_POINT('',(-128.2097768072,12.99831014382,
    93.26420230015));
#4473 = CARTESIAN_POINT('',(-125.1317400911,12.99831014382,
    84.340192233103));
#4474 = CARTESIAN_POINT('',(-121.7828599083,12.99831014382,
    81.758712819818));
#4475 = CARTESIAN_POINT('',(-118.7216058835,12.99831014382,
    80.885793774331));
#4476 = CARTESIAN_POINT('',(-115.5420323229,12.99831014382,
    80.293694926846));
#4477 = CARTESIAN_POINT('',(-112.4528648836,12.99831014382,
    80.288448662115));
#4478 = CARTESIAN_POINT('',(-109.3040734641,12.99831014382,
    80.299754616779));
#4479 = CARTESIAN_POINT('',(-106.2006800342,12.99831014382,
    80.289591985649));
#4480 = CARTESIAN_POINT('',(-103.049220273,12.99831014382,
    80.996556659855));
#4481 = CARTESIAN_POINT('',(-99.94497584182,12.99831014382,
    81.766763380172));
#4482 = CARTESIAN_POINT('',(-96.65251730109,12.99831014382,
    84.992971310288));
#4483 = CARTESIAN_POINT('',(-93.57852523436,12.99831014382,
    93.78004201702));
#4484 = CARTESIAN_POINT('',(-90.50838704351,12.99831014382,
    103.43174028167));
#4485 = CARTESIAN_POINT('',(-87.38288840939,12.99831014382,
    115.38210680292));
#4486 = CARTESIAN_POINT('',(-84.31785444875,12.99831014382,
    115.10300044009));
#4487 = CARTESIAN_POINT('',(-81.24214244136,12.99831014382,
    117.40010956452));
#4488 = CARTESIAN_POINT('',(-78.12960500485,12.99831014382,
    119.41976751815));
#4489 = CARTESIAN_POINT('',(-74.96906529327,12.99831014382,
    120.28843796764));
#4490 = CARTESIAN_POINT('',(-71.73799895759,12.99831014382,
    120.09628166056));
#4491 = CARTESIAN_POINT('',(-68.60106908076,12.99831014382,
    118.80455592078));
#4492 = CARTESIAN_POINT('',(-65.56017338006,12.99831014382,
    116.29244547299));
#4493 = CARTESIAN_POINT('',(-62.51301691864,12.99831014382,
    115.13658341395));
#4494 = CARTESIAN_POINT('',(-59.44661269167,12.99831014382,
    112.24303546391));
#4495 = CARTESIAN_POINT('',(-56.2794693162,12.99831014382,
    99.322713821772));
#4496 = CARTESIAN_POINT('',(-53.30015135599,12.99831014382,
    90.170067882795));
#4497 = CARTESIAN_POINT('',(-50.09160903077,12.99831014382,
    82.777925445887));
#4498 = CARTESIAN_POINT('',(-46.82988298107,12.99831014382,
    81.75524966002));
#4499 = CARTESIAN_POINT('',(-43.75098561487,12.99831014382,
    80.40899700639));
#4500 = CARTESIAN_POINT('',(-40.59022498144,12.99831014382,
    80.452531407784));
#4501 = CARTESIAN_POINT('',(-37.48657799801,12.99831014382,
    80.122219963067));
#4502 = CARTESIAN_POINT('',(-34.35349204993,12.99831014382,
    80.459823262211));
#4503 = CARTESIAN_POINT('',(-31.22924211799,12.99831014382,
    80.206889931518));
#4504 = CARTESIAN_POINT('',(-28.10496678474,12.99831014382,
    81.523492296207));
#4505 = CARTESIAN_POINT('',(-24.94210454386,12.99831014382,
    81.874764164385));
#4506 = CARTESIAN_POINT('',(-21.65395320521,12.99831014382,
    87.316557045368));
#4507 = CARTESIAN_POINT('',(-18.66692496727,12.99831014382,
    96.664397538561));
#4508 = CARTESIAN_POINT('',(-15.52415536771,12.99831014382,
    107.7585142407));
#4509 = CARTESIAN_POINT('',(-12.42987744782,12.99831014382,
    115.33423804588));
#4510 = CARTESIAN_POINT('',(-9.377596847078,12.99831014382,
    115.26483313739));
#4511 = CARTESIAN_POINT('',(-6.312968134846,12.99831014382,
    118.17249628964));
#4512 = CARTESIAN_POINT('',(-3.20273059646,12.99831014382,
    119.75957508456));
#4513 = CARTESIAN_POINT('',(-2.775557561563E-17,12.99831014382,
    120.35477437037));
#4514 = CARTESIAN_POINT('',(3.20273059646,12.99831014382,119.75957508456
    ));
#4515 = CARTESIAN_POINT('',(6.312968134846,12.99831014382,
    118.17249628964));
#4516 = CARTESIAN_POINT('',(9.377596847078,12.99831014382,
    115.26483313739));
#4517 = CARTESIAN_POINT('',(12.429877447828,12.99831014382,
    115.33423804588));
#4518 = CARTESIAN_POINT('',(15.524155367714,12.99831014382,
    107.7585142407));
#4519 = CARTESIAN_POINT('',(18.666924967278,12.99831014382,
    96.664397538561));
#4520 = CARTESIAN_POINT('',(21.653953205212,12.99831014382,
    87.316557045367));
#4521 = CARTESIAN_POINT('',(24.942104543866,12.99831014382,
    81.874764164385));
#4522 = CARTESIAN_POINT('',(28.104966784746,12.99831014382,
    81.523492296207));
#4523 = CARTESIAN_POINT('',(31.229242117992,12.99831014382,
    80.206889931518));
#4524 = CARTESIAN_POINT('',(34.353492049937,12.99831014382,
    80.459823262211));
#4525 = CARTESIAN_POINT('',(37.486577998015,12.99831014382,
    80.122219963067));
#4526 = CARTESIAN_POINT('',(40.590224981439,12.99831014382,
    80.452531407784));
#4527 = CARTESIAN_POINT('',(43.75098561487,12.99831014382,80.40899700639
    ));
#4528 = CARTESIAN_POINT('',(46.82988298107,12.99831014382,81.75524966002
    ));
#4529 = CARTESIAN_POINT('',(50.091609030777,12.99831014382,
    82.777925445887));
#4530 = CARTESIAN_POINT('',(53.30015135599,12.99831014382,
    90.170067882795));
#4531 = CARTESIAN_POINT('',(56.279469316208,12.99831014382,
    99.322713821772));
#4532 = CARTESIAN_POINT('',(59.446612691677,12.99831014382,
    112.24303546391));
#4533 = CARTESIAN_POINT('',(62.513016918644,12.99831014382,
    115.13658341395));
#4534 = CARTESIAN_POINT('',(65.560173380067,12.99831014382,
    116.29244547299));
#4535 = CARTESIAN_POINT('',(68.601069080765,12.99831014382,
    118.80455592078));
#4536 = CARTESIAN_POINT('',(71.73799895759,12.99831014382,
    120.09628166056));
#4537 = CARTESIAN_POINT('',(74.969065293279,12.99831014382,
    120.28843796764));
#4538 = CARTESIAN_POINT('',(78.129605004858,12.99831014382,
    119.41976751815));
#4539 = CARTESIAN_POINT('',(81.242142441362,12.99831014382,
    117.40010956452));
#4540 = CARTESIAN_POINT('',(84.317854448757,12.99831014382,
    115.10300044009));
#4541 = CARTESIAN_POINT('',(87.382888409396,12.99831014382,
    115.38210680292));
#4542 = CARTESIAN_POINT('',(90.508387043519,12.99831014382,
    103.43174028167));
#4543 = CARTESIAN_POINT('',(93.578525234368,12.99831014382,
    93.78004201702));
#4544 = CARTESIAN_POINT('',(96.652517301093,12.99831014382,
    84.992971310288));
#4545 = CARTESIAN_POINT('',(99.944975841828,12.99831014382,
    81.766763380172));
#4546 = CARTESIAN_POINT('',(103.04922027306,12.99831014382,
    80.996556659855));
#4547 = CARTESIAN_POINT('',(106.20068003424,12.99831014382,
    80.289591985649));
#4548 = CARTESIAN_POINT('',(109.30407346416,12.99831014382,
    80.299754616779));
#4549 = CARTESIAN_POINT('',(112.45286488364,12.99831014382,
    80.288448662115));
#4550 = CARTESIAN_POINT('',(115.54203232295,12.99831014382,
    80.293694926846));
#4551 = CARTESIAN_POINT('',(118.72160588355,12.99831014382,
    80.885793774331));
#4552 = CARTESIAN_POINT('',(121.78285990839,12.99831014382,
    81.758712819818));
#4553 = CARTESIAN_POINT('',(125.13174009112,12.99831014382,
    84.340192233103));
#4554 = CARTESIAN_POINT('',(128.20977680724,12.99831014382,
    93.26420230015));
#4555 = CARTESIAN_POINT('',(131.26095706703,12.99831014382,
    102.27986876948));
#4556 = CARTESIAN_POINT('',(134.40498033054,12.99831014382,
    115.44929390486));
#4557 = CARTESIAN_POINT('',(137.44822085371,12.99831014382,
    114.92809814342));
#4558 = CARTESIAN_POINT('',(140.49429016176,12.99831014382,
    117.20397616802));
#4559 = CARTESIAN_POINT('',(143.49462910383,12.99831014382,
    119.29984845786));
#4560 = CARTESIAN_POINT('',(146.72417797021,12.99831014382,
    120.2938153218));
#4561 = CARTESIAN_POINT('',(149.9482544959,12.99831014382,
    120.13157885377));
#4562 = CARTESIAN_POINT('',(153.05902197354,12.99831014382,
    118.94633981824));
#4563 = CARTESIAN_POINT('',(156.1823448947,12.99831014382,
    116.51377236974));
#4564 = CARTESIAN_POINT('',(159.26349640411,12.99831014382,
    115.20979696284));
#4565 = CARTESIAN_POINT('',(162.34239928534,12.99831014382,
    112.45934969217));
#4566 = CARTESIAN_POINT('',(165.48445737214,12.99831014382,
    100.4030491804));
#4567 = CARTESIAN_POINT('',(168.50570143136,12.99831014382,
    90.695501805032));
#4568 = CARTESIAN_POINT('',(171.66933616697,12.99831014382,
    83.307155330837));
#4569 = CARTESIAN_POINT('',(174.91178962355,12.99831014382,
    81.656880039035));
#4570 = CARTESIAN_POINT('',(178.01225428054,12.99831014382,
    80.617523992065));
#4571 = CARTESIAN_POINT('',(181.15590657147,12.99831014382,
    80.320505806447));
#4572 = CARTESIAN_POINT('',(184.27126615396,12.99831014382,
    80.263910182634));
#4573 = CARTESIAN_POINT('',(187.39790359724,12.99831014382,
    80.289386068562));
#4574 = CARTESIAN_POINT('',(190.52385449579,12.99831014382,
    80.415071305248));
#4575 = CARTESIAN_POINT('',(193.65028817727,12.99831014382,
    81.06405732191));
#4576 = CARTESIAN_POINT('',(196.80392382223,12.99831014382,
    82.428472696082));
#4577 = CARTESIAN_POINT('',(199.94392637543,12.99831014382,
    84.889460018777));
#4578 = CARTESIAN_POINT('',(203.16177795814,12.99831014382,
    89.022317682442));
#4579 = CARTESIAN_POINT('',(206.35231406763,12.99831014382,
    94.640375832745));
#4580 = CARTESIAN_POINT('',(209.36825782326,12.99831014382,
    100.9124411094));
#4581 = CARTESIAN_POINT('',(212.37959561216,12.99831014382,
    107.12544370102));
#4582 = CARTESIAN_POINT('',(215.39238910851,12.99831014382,
    112.30513495615));
#4583 = CARTESIAN_POINT('',(218.421822624,12.99831014382,113.81278738506
    ));
#4584 = CARTESIAN_POINT('',(221.72619309389,12.99831014382,
    114.96794084769));
#4585 = CARTESIAN_POINT('',(224.87045067834,12.99831014382,
    115.91685263173));
#4586 = CARTESIAN_POINT('',(228.,12.99831014382,116.));
#4587 = CARTESIAN_POINT('',(-228.,16.633763802948,116.));
#4588 = CARTESIAN_POINT('',(-224.8704506783,16.633763802948,
    115.81866442446));
#4589 = CARTESIAN_POINT('',(-221.7261930938,16.633763802948,
    114.65871807407));
#4590 = CARTESIAN_POINT('',(-218.421822624,16.633763802948,
    113.5649024309));
#4591 = CARTESIAN_POINT('',(-215.3923891085,16.633763802948,
    109.13804911853));
#4592 = CARTESIAN_POINT('',(-212.3795956121,16.633763802948,
    101.91259438798));
#4593 = CARTESIAN_POINT('',(-209.3682578232,16.633763802948,
    93.821444150306));
#4594 = CARTESIAN_POINT('',(-206.3523140676,16.633763802948,
    86.43142056745));
#4595 = CARTESIAN_POINT('',(-203.1617779581,16.633763802948,
    80.450671266334));
#4596 = CARTESIAN_POINT('',(-199.9439263754,16.633763802948,
    76.74269272738));
#4597 = CARTESIAN_POINT('',(-196.8039238222,16.633763802948,
    74.679571860705));
#4598 = CARTESIAN_POINT('',(-193.6502881772,16.633763802948,
    73.69958995521));
#4599 = CARTESIAN_POINT('',(-190.5238544957,16.633763802948,
    73.474325815238));
#4600 = CARTESIAN_POINT('',(-187.3979035972,16.633763802948,
    73.389465573254));
#4601 = CARTESIAN_POINT('',(-184.2712661539,16.633763802948,
    73.38661760797));
#4602 = CARTESIAN_POINT('',(-181.1559065714,16.633763802948,
    73.428449834549));
#4603 = CARTESIAN_POINT('',(-178.0122542805,16.633763802948,
    73.496331922409));
#4604 = CARTESIAN_POINT('',(-174.9117896235,16.633763802948,
    74.144471591384));
#4605 = CARTESIAN_POINT('',(-171.6693361669,16.633763802948,
    75.198348010531));
#4606 = CARTESIAN_POINT('',(-168.5057014313,16.633763802948,
    81.999667520606));
#4607 = CARTESIAN_POINT('',(-165.4844573721,16.633763802948,
    91.106231599155));
#4608 = CARTESIAN_POINT('',(-162.3423992853,16.633763802948,
    99.564878784342));
#4609 = CARTESIAN_POINT('',(-159.2634964041,16.633763802948,
    109.13350263881));
#4610 = CARTESIAN_POINT('',(-156.1823448947,16.633763802948,
    114.45986215725));
#4611 = CARTESIAN_POINT('',(-153.0590219735,16.633763802948,
    115.52595955646));
#4612 = CARTESIAN_POINT('',(-149.9482544959,16.633763802948,
    116.42149875555));
#4613 = CARTESIAN_POINT('',(-146.7241779702,16.633763802948,
    116.60204120395));
#4614 = CARTESIAN_POINT('',(-143.4946291038,16.633763802948,
    115.86185905553));
#4615 = CARTESIAN_POINT('',(-140.4942901617,16.633763802948,
    114.47532757894));
#4616 = CARTESIAN_POINT('',(-137.4482208537,16.633763802948,
    111.97022370472));
#4617 = CARTESIAN_POINT('',(-134.4049803305,16.633763802948,
    101.2419322166));
#4618 = CARTESIAN_POINT('',(-131.260957067,16.633763802948,
    93.568793837534));
#4619 = CARTESIAN_POINT('',(-128.2097768072,16.633763802948,
    83.827068169103));
#4620 = CARTESIAN_POINT('',(-125.1317400911,16.633763802948,
    76.50515535134));
#4621 = CARTESIAN_POINT('',(-121.7828599083,16.633763802948,
    73.982442678989));
#4622 = CARTESIAN_POINT('',(-118.7216058835,16.633763802948,
    73.766793213944));
#4623 = CARTESIAN_POINT('',(-115.5420323229,16.633763802948,
    73.332387467876));
#4624 = CARTESIAN_POINT('',(-112.4528648836,16.633763802948,
    73.431380874697));
#4625 = CARTESIAN_POINT('',(-109.3040734641,16.633763802948,
    73.402576195894));
#4626 = CARTESIAN_POINT('',(-106.2006800342,16.633763802948,
    73.368979677584));
#4627 = CARTESIAN_POINT('',(-103.049220273,16.633763802948,
    73.769578975887));
#4628 = CARTESIAN_POINT('',(-99.94497584182,16.633763802948,
    74.059512522579));
#4629 = CARTESIAN_POINT('',(-96.65251730109,16.633763802948,
    76.960970292876));
#4630 = CARTESIAN_POINT('',(-93.57852523436,16.633763802948,
    84.556315631314));
#4631 = CARTESIAN_POINT('',(-90.50838704351,16.633763802948,
    94.070336450863));
#4632 = CARTESIAN_POINT('',(-87.38288840939,16.633763802948,
    102.07843373778));
#4633 = CARTESIAN_POINT('',(-84.31785444875,16.633763802948,
    112.17278446168));
#4634 = CARTESIAN_POINT('',(-81.24214244136,16.633763802948,
    114.60421374401));
#4635 = CARTESIAN_POINT('',(-78.12960500485,16.633763802948,
    115.95138174456));
#4636 = CARTESIAN_POINT('',(-74.96906529327,16.633763802948,
    116.59287405685));
#4637 = CARTESIAN_POINT('',(-71.73799895759,16.633763802948,
    116.39016481023));
#4638 = CARTESIAN_POINT('',(-68.60106908076,16.633763802948,
    115.41951050726));
#4639 = CARTESIAN_POINT('',(-65.56017338006,16.633763802948,
    114.3703564455));
#4640 = CARTESIAN_POINT('',(-62.51301691864,16.633763802948,
    108.67952632787));
#4641 = CARTESIAN_POINT('',(-59.44661269167,16.633763802948,
    98.856149808823));
#4642 = CARTESIAN_POINT('',(-56.2794693162,16.633763802948,
    90.512260958908));
#4643 = CARTESIAN_POINT('',(-53.30015135599,16.633763802948,
    81.37794491122));
#4644 = CARTESIAN_POINT('',(-50.09160903077,16.633763802948,
    74.765439755445));
#4645 = CARTESIAN_POINT('',(-46.82988298107,16.633763802948,
    74.261903527808));
#4646 = CARTESIAN_POINT('',(-43.75098561487,16.633763802948,
    73.324784587193));
#4647 = CARTESIAN_POINT('',(-40.59022498143,16.633763802948,
    73.567361886138));
#4648 = CARTESIAN_POINT('',(-37.48657799801,16.633763802948,
    73.233250910357));
#4649 = CARTESIAN_POINT('',(-34.35349204993,16.633763802948,
    73.580386353798));
#4650 = CARTESIAN_POINT('',(-31.22924211799,16.633763802948,
    73.217435566651));
#4651 = CARTESIAN_POINT('',(-28.10496678474,16.633763802948,
    74.165299416197));
#4652 = CARTESIAN_POINT('',(-24.94210454386,16.633763802948,
    74.012541822903));
#4653 = CARTESIAN_POINT('',(-21.65395320521,16.633763802948,
    79.100304694939));
#4654 = CARTESIAN_POINT('',(-18.66692496727,16.633763802948,
    87.391768912024));
#4655 = CARTESIAN_POINT('',(-15.52415536771,16.633763802948,
    96.60309762949));
#4656 = CARTESIAN_POINT('',(-12.42987744782,16.633763802948,
    105.26748065451));
#4657 = CARTESIAN_POINT('',(-9.377596847078,16.633763802948,
    114.39331763111));
#4658 = CARTESIAN_POINT('',(-6.312968134846,16.633763802948,
    114.95236967135));
#4659 = CARTESIAN_POINT('',(-3.20273059646,16.633763802948,
    116.26776786969));
#4660 = CARTESIAN_POINT('',(-2.775557561563E-17,16.633763802948,
    116.70502883127));
#4661 = CARTESIAN_POINT('',(3.20273059646,16.633763802948,
    116.26776786969));
#4662 = CARTESIAN_POINT('',(6.312968134846,16.633763802948,
    114.95236967135));
#4663 = CARTESIAN_POINT('',(9.377596847078,16.633763802948,
    114.39331763111));
#4664 = CARTESIAN_POINT('',(12.429877447828,16.633763802948,
    105.26748065451));
#4665 = CARTESIAN_POINT('',(15.524155367714,16.633763802948,
    96.60309762949));
#4666 = CARTESIAN_POINT('',(18.666924967278,16.633763802948,
    87.391768912024));
#4667 = CARTESIAN_POINT('',(21.653953205213,16.633763802948,
    79.100304694939));
#4668 = CARTESIAN_POINT('',(24.942104543865,16.633763802948,
    74.012541822903));
#4669 = CARTESIAN_POINT('',(28.104966784746,16.633763802948,
    74.165299416197));
#4670 = CARTESIAN_POINT('',(31.229242117992,16.633763802948,
    73.217435566651));
#4671 = CARTESIAN_POINT('',(34.353492049937,16.633763802948,
    73.580386353798));
#4672 = CARTESIAN_POINT('',(37.486577998015,16.633763802948,
    73.233250910357));
#4673 = CARTESIAN_POINT('',(40.590224981439,16.633763802948,
    73.567361886138));
#4674 = CARTESIAN_POINT('',(43.75098561487,16.633763802948,
    73.324784587193));
#4675 = CARTESIAN_POINT('',(46.82988298107,16.633763802948,
    74.261903527808));
#4676 = CARTESIAN_POINT('',(50.091609030777,16.633763802948,
    74.765439755445));
#4677 = CARTESIAN_POINT('',(53.30015135599,16.633763802948,
    81.37794491122));
#4678 = CARTESIAN_POINT('',(56.279469316208,16.633763802948,
    90.512260958908));
#4679 = CARTESIAN_POINT('',(59.446612691677,16.633763802948,
    98.856149808823));
#4680 = CARTESIAN_POINT('',(62.513016918644,16.633763802948,
    108.67952632787));
#4681 = CARTESIAN_POINT('',(65.560173380067,16.633763802948,
    114.3703564455));
#4682 = CARTESIAN_POINT('',(68.601069080765,16.633763802948,
    115.41951050726));
#4683 = CARTESIAN_POINT('',(71.73799895759,16.633763802948,
    116.39016481023));
#4684 = CARTESIAN_POINT('',(74.969065293279,16.633763802948,
    116.59287405685));
#4685 = CARTESIAN_POINT('',(78.129605004858,16.633763802948,
    115.95138174456));
#4686 = CARTESIAN_POINT('',(81.242142441362,16.633763802948,
    114.60421374401));
#4687 = CARTESIAN_POINT('',(84.317854448757,16.633763802948,
    112.17278446168));
#4688 = CARTESIAN_POINT('',(87.382888409396,16.633763802948,
    102.07843373778));
#4689 = CARTESIAN_POINT('',(90.508387043519,16.633763802948,
    94.070336450863));
#4690 = CARTESIAN_POINT('',(93.578525234368,16.633763802948,
    84.556315631314));
#4691 = CARTESIAN_POINT('',(96.652517301093,16.633763802948,
    76.960970292876));
#4692 = CARTESIAN_POINT('',(99.944975841828,16.633763802948,
    74.059512522579));
#4693 = CARTESIAN_POINT('',(103.04922027306,16.633763802948,
    73.769578975887));
#4694 = CARTESIAN_POINT('',(106.20068003424,16.633763802948,
    73.368979677584));
#4695 = CARTESIAN_POINT('',(109.30407346416,16.633763802948,
    73.402576195894));
#4696 = CARTESIAN_POINT('',(112.45286488364,16.633763802948,
    73.431380874697));
#4697 = CARTESIAN_POINT('',(115.54203232295,16.633763802948,
    73.332387467876));
#4698 = CARTESIAN_POINT('',(118.72160588355,16.633763802948,
    73.766793213944));
#4699 = CARTESIAN_POINT('',(121.78285990839,16.633763802948,
    73.982442678989));
#4700 = CARTESIAN_POINT('',(125.13174009112,16.633763802948,
    76.50515535134));
#4701 = CARTESIAN_POINT('',(128.20977680724,16.633763802948,
    83.827068169103));
#4702 = CARTESIAN_POINT('',(131.26095706703,16.633763802948,
    93.568793837534));
#4703 = CARTESIAN_POINT('',(134.40498033054,16.633763802948,
    101.2419322166));
#4704 = CARTESIAN_POINT('',(137.44822085371,16.633763802948,
    111.97022370472));
#4705 = CARTESIAN_POINT('',(140.49429016176,16.633763802948,
    114.47532757894));
#4706 = CARTESIAN_POINT('',(143.49462910383,16.633763802948,
    115.86185905553));
#4707 = CARTESIAN_POINT('',(146.72417797021,16.633763802948,
    116.60204120395));
#4708 = CARTESIAN_POINT('',(149.9482544959,16.633763802948,
    116.42149875555));
#4709 = CARTESIAN_POINT('',(153.05902197354,16.633763802948,
    115.52595955646));
#4710 = CARTESIAN_POINT('',(156.1823448947,16.633763802948,
    114.45986215725));
#4711 = CARTESIAN_POINT('',(159.26349640411,16.633763802948,
    109.13350263881));
#4712 = CARTESIAN_POINT('',(162.34239928534,16.633763802948,
    99.564878784342));
#4713 = CARTESIAN_POINT('',(165.48445737214,16.633763802948,
    91.106231599155));
#4714 = CARTESIAN_POINT('',(168.50570143136,16.633763802948,
    81.999667520606));
#4715 = CARTESIAN_POINT('',(171.66933616697,16.633763802948,
    75.198348010531));
#4716 = CARTESIAN_POINT('',(174.91178962355,16.633763802948,
    74.144471591384));
#4717 = CARTESIAN_POINT('',(178.01225428054,16.633763802948,
    73.496331922409));
#4718 = CARTESIAN_POINT('',(181.15590657147,16.633763802948,
    73.428449834549));
#4719 = CARTESIAN_POINT('',(184.27126615396,16.633763802948,
    73.38661760797));
#4720 = CARTESIAN_POINT('',(187.39790359724,16.633763802948,
    73.389465573254));
#4721 = CARTESIAN_POINT('',(190.52385449579,16.633763802948,
    73.474325815238));
#4722 = CARTESIAN_POINT('',(193.65028817727,16.633763802948,
    73.69958995521));
#4723 = CARTESIAN_POINT('',(196.80392382223,16.633763802948,
    74.679571860704));
#4724 = CARTESIAN_POINT('',(199.94392637543,16.633763802948,
    76.74269272738));
#4725 = CARTESIAN_POINT('',(203.16177795814,16.633763802948,
    80.450671266334));
#4726 = CARTESIAN_POINT('',(206.35231406763,16.633763802948,
    86.43142056745));
#4727 = CARTESIAN_POINT('',(209.36825782326,16.633763802948,
    93.821444150306));
#4728 = CARTESIAN_POINT('',(212.37959561216,16.633763802948,
    101.91259438798));
#4729 = CARTESIAN_POINT('',(215.39238910851,16.633763802948,
    109.13804911853));
#4730 = CARTESIAN_POINT('',(218.421822624,16.633763802948,
    113.56490243089));
#4731 = CARTESIAN_POINT('',(221.72619309389,16.633763802948,
    114.65871807407));
#4732 = CARTESIAN_POINT('',(224.87045067834,16.633763802948,
    115.81866442446));
#4733 = CARTESIAN_POINT('',(228.,16.633763802948,116.));
#4734 = CARTESIAN_POINT('',(-228.,19.3959055229,116.));
#4735 = CARTESIAN_POINT('',(-224.8704506783,19.3959055229,
    115.76426684256));
#4736 = CARTESIAN_POINT('',(-221.7261930938,19.3959055229,
    114.48573928674));
#4737 = CARTESIAN_POINT('',(-218.421822624,19.3959055229,112.7510360327)
  );
#4738 = CARTESIAN_POINT('',(-215.3923891085,19.3959055229,
    106.91744115009));
#4739 = CARTESIAN_POINT('',(-212.3795956121,19.3959055229,
    98.458654780969));
#4740 = CARTESIAN_POINT('',(-209.3682578232,19.3959055229,
    89.489237354978));
#4741 = CARTESIAN_POINT('',(-206.3523140676,19.3959055229,
    81.848807359439));
#4742 = CARTESIAN_POINT('',(-203.1617779581,19.3959055229,
    76.376683439387));
#4743 = CARTESIAN_POINT('',(-199.9439263754,19.3959055229,
    73.692722399688));
#4744 = CARTESIAN_POINT('',(-196.8039238222,19.3959055229,73.66767128096
    ));
#4745 = CARTESIAN_POINT('',(-193.6502881772,19.3959055229,
    74.181033285007));
#4746 = CARTESIAN_POINT('',(-190.5238544957,19.3959055229,
    74.053140268988));
#4747 = CARTESIAN_POINT('',(-187.3979035972,19.3959055229,
    74.214118530907));
#4748 = CARTESIAN_POINT('',(-184.2712661539,19.3959055229,
    74.095253167418));
#4749 = CARTESIAN_POINT('',(-181.1559065714,19.3959055229,
    74.210215418448));
#4750 = CARTESIAN_POINT('',(-178.0122542805,19.3959055229,74.0198876506)
  );
#4751 = CARTESIAN_POINT('',(-174.9117896235,19.3959055229,
    74.173149291286));
#4752 = CARTESIAN_POINT('',(-171.6693361669,19.3959055229,
    73.163571417041));
#4753 = CARTESIAN_POINT('',(-168.5057014313,19.3959055229,75.25582532401
    ));
#4754 = CARTESIAN_POINT('',(-165.4844573721,19.3959055229,82.60291486122
    ));
#4755 = CARTESIAN_POINT('',(-162.3423992853,19.3959055229,
    90.819010905991));
#4756 = CARTESIAN_POINT('',(-159.2634964041,19.3959055229,
    97.187317066988));
#4757 = CARTESIAN_POINT('',(-156.1823448947,19.3959055229,
    103.39924729589));
#4758 = CARTESIAN_POINT('',(-153.0590219735,19.3959055229,
    109.94976490955));
#4759 = CARTESIAN_POINT('',(-149.9482544959,19.3959055229,
    113.57701850469));
#4760 = CARTESIAN_POINT('',(-146.7241779702,19.3959055229,
    113.72291455556));
#4761 = CARTESIAN_POINT('',(-143.4946291038,19.3959055229,
    111.19709078273));
#4762 = CARTESIAN_POINT('',(-140.4942901617,19.3959055229,
    104.99675975231));
#4763 = CARTESIAN_POINT('',(-137.4482208537,19.3959055229,98.32902360947
    ));
#4764 = CARTESIAN_POINT('',(-134.4049803305,19.3959055229,92.71597315906
    ));
#4765 = CARTESIAN_POINT('',(-131.260957067,19.3959055229,84.549520814437
    ));
#4766 = CARTESIAN_POINT('',(-128.2097768072,19.3959055229,
    76.768280929134));
#4767 = CARTESIAN_POINT('',(-125.1317400911,19.3959055229,
    72.500801374381));
#4768 = CARTESIAN_POINT('',(-121.7828599083,19.3959055229,
    74.470961970025));
#4769 = CARTESIAN_POINT('',(-118.7216058835,19.3959055229,
    73.772157642967));
#4770 = CARTESIAN_POINT('',(-115.5420323229,19.3959055229,
    74.341538945139));
#4771 = CARTESIAN_POINT('',(-112.4528648836,19.3959055229,
    74.045295520137));
#4772 = CARTESIAN_POINT('',(-109.3040734641,19.3959055229,
    74.182435171644));
#4773 = CARTESIAN_POINT('',(-106.2006800342,19.3959055229,
    74.179968208675));
#4774 = CARTESIAN_POINT('',(-103.049220273,19.3959055229,73.967919120973
    ));
#4775 = CARTESIAN_POINT('',(-99.94497584182,19.3959055229,
    74.191064890474));
#4776 = CARTESIAN_POINT('',(-96.65251730109,19.3959055229,
    72.722027757342));
#4777 = CARTESIAN_POINT('',(-93.57852523436,19.3959055229,
    77.303791771936));
#4778 = CARTESIAN_POINT('',(-90.50838704351,19.3959055229,
    85.179925232237));
#4779 = CARTESIAN_POINT('',(-87.38288840939,19.3959055229,
    93.096379737475));
#4780 = CARTESIAN_POINT('',(-84.31785444875,19.3959055229,98.84007219881
    ));
#4781 = CARTESIAN_POINT('',(-81.24214244136,19.3959055229,105.5813439398
    ));
#4782 = CARTESIAN_POINT('',(-78.12960500485,19.3959055229,
    111.50083048879));
#4783 = CARTESIAN_POINT('',(-74.96906529327,19.3959055229,
    113.73227470091));
#4784 = CARTESIAN_POINT('',(-71.73799895759,19.3959055229,
    113.49765670896));
#4785 = CARTESIAN_POINT('',(-68.60106908076,19.3959055229,109.5116812342
    ));
#4786 = CARTESIAN_POINT('',(-65.56017338006,19.3959055229,102.8127579685
    ));
#4787 = CARTESIAN_POINT('',(-62.51301691864,19.3959055229,
    96.749599360002));
#4788 = CARTESIAN_POINT('',(-59.44661269167,19.3959055229,
    90.377018129766));
#4789 = CARTESIAN_POINT('',(-56.2794693162,19.3959055229,81.95407635747)
  );
#4790 = CARTESIAN_POINT('',(-53.30015135599,19.3959055229,
    74.804098966234));
#4791 = CARTESIAN_POINT('',(-50.09160903077,19.3959055229,
    73.139345377084));
#4792 = CARTESIAN_POINT('',(-46.82988298107,19.3959055229,
    74.295759538856));
#4793 = CARTESIAN_POINT('',(-43.75098561487,19.3959055229,
    73.940539638981));
#4794 = CARTESIAN_POINT('',(-40.59022498144,19.3959055229,
    74.263984477433));
#4795 = CARTESIAN_POINT('',(-37.48657799801,19.3959055229,74.07649698582
    ));
#4796 = CARTESIAN_POINT('',(-34.35349204993,19.3959055229,
    74.196295261372));
#4797 = CARTESIAN_POINT('',(-31.22924211799,19.3959055229,74.10758689633
    ));
#4798 = CARTESIAN_POINT('',(-28.10496678474,19.3959055229,
    74.067242184369));
#4799 = CARTESIAN_POINT('',(-24.94210454386,19.3959055229,
    73.808688626368));
#4800 = CARTESIAN_POINT('',(-21.65395320521,19.3959055229,
    73.316558221447));
#4801 = CARTESIAN_POINT('',(-18.66692496727,19.3959055229,
    79.528467558909));
#4802 = CARTESIAN_POINT('',(-15.52415536771,19.3959055229,
    87.824555903116));
#4803 = CARTESIAN_POINT('',(-12.42987744782,19.3959055229,
    95.039166570443));
#4804 = CARTESIAN_POINT('',(-9.377596847078,19.3959055229,
    100.56493268078));
#4805 = CARTESIAN_POINT('',(-6.312968134846,19.3959055229,
    107.63241601306));
#4806 = CARTESIAN_POINT('',(-3.20273059646,19.3959055229,112.69409350877
    ));
#4807 = CARTESIAN_POINT('',(-2.775557561563E-17,19.3959055229,
    114.05194062176));
#4808 = CARTESIAN_POINT('',(3.20273059646,19.3959055229,112.69409350877)
  );
#4809 = CARTESIAN_POINT('',(6.312968134846,19.3959055229,107.63241601306
    ));
#4810 = CARTESIAN_POINT('',(9.377596847078,19.3959055229,100.56493268078
    ));
#4811 = CARTESIAN_POINT('',(12.429877447828,19.3959055229,
    95.039166570443));
#4812 = CARTESIAN_POINT('',(15.524155367714,19.3959055229,
    87.824555903116));
#4813 = CARTESIAN_POINT('',(18.666924967278,19.3959055229,
    79.528467558909));
#4814 = CARTESIAN_POINT('',(21.653953205212,19.3959055229,
    73.316558221447));
#4815 = CARTESIAN_POINT('',(24.942104543866,19.3959055229,
    73.808688626368));
#4816 = CARTESIAN_POINT('',(28.104966784746,19.3959055229,
    74.067242184369));
#4817 = CARTESIAN_POINT('',(31.229242117992,19.3959055229,74.10758689633
    ));
#4818 = CARTESIAN_POINT('',(34.353492049937,19.3959055229,
    74.196295261371));
#4819 = CARTESIAN_POINT('',(37.486577998015,19.3959055229,74.07649698582
    ));
#4820 = CARTESIAN_POINT('',(40.590224981439,19.3959055229,
    74.263984477433));
#4821 = CARTESIAN_POINT('',(43.75098561487,19.3959055229,73.940539638981
    ));
#4822 = CARTESIAN_POINT('',(46.82988298107,19.3959055229,74.295759538856
    ));
#4823 = CARTESIAN_POINT('',(50.091609030777,19.3959055229,
    73.139345377084));
#4824 = CARTESIAN_POINT('',(53.30015135599,19.3959055229,74.804098966234
    ));
#4825 = CARTESIAN_POINT('',(56.279469316208,19.3959055229,81.95407635747
    ));
#4826 = CARTESIAN_POINT('',(59.446612691677,19.3959055229,
    90.377018129766));
#4827 = CARTESIAN_POINT('',(62.513016918644,19.3959055229,
    96.749599360002));
#4828 = CARTESIAN_POINT('',(65.560173380067,19.3959055229,102.8127579685
    ));
#4829 = CARTESIAN_POINT('',(68.601069080765,19.3959055229,109.5116812342
    ));
#4830 = CARTESIAN_POINT('',(71.73799895759,19.3959055229,113.49765670896
    ));
#4831 = CARTESIAN_POINT('',(74.969065293279,19.3959055229,
    113.73227470091));
#4832 = CARTESIAN_POINT('',(78.129605004858,19.3959055229,
    111.50083048879));
#4833 = CARTESIAN_POINT('',(81.242142441362,19.3959055229,105.5813439398
    ));
#4834 = CARTESIAN_POINT('',(84.317854448757,19.3959055229,98.84007219881
    ));
#4835 = CARTESIAN_POINT('',(87.382888409396,19.3959055229,
    93.096379737475));
#4836 = CARTESIAN_POINT('',(90.508387043519,19.3959055229,
    85.179925232237));
#4837 = CARTESIAN_POINT('',(93.578525234368,19.3959055229,
    77.303791771936));
#4838 = CARTESIAN_POINT('',(96.652517301093,19.3959055229,
    72.722027757342));
#4839 = CARTESIAN_POINT('',(99.944975841828,19.3959055229,
    74.191064890474));
#4840 = CARTESIAN_POINT('',(103.04922027306,19.3959055229,
    73.967919120973));
#4841 = CARTESIAN_POINT('',(106.20068003424,19.3959055229,
    74.179968208675));
#4842 = CARTESIAN_POINT('',(109.30407346416,19.3959055229,
    74.182435171644));
#4843 = CARTESIAN_POINT('',(112.45286488364,19.3959055229,
    74.045295520137));
#4844 = CARTESIAN_POINT('',(115.54203232295,19.3959055229,
    74.341538945139));
#4845 = CARTESIAN_POINT('',(118.72160588355,19.3959055229,
    73.772157642967));
#4846 = CARTESIAN_POINT('',(121.78285990839,19.3959055229,
    74.470961970025));
#4847 = CARTESIAN_POINT('',(125.13174009112,19.3959055229,
    72.500801374381));
#4848 = CARTESIAN_POINT('',(128.20977680724,19.3959055229,
    76.768280929134));
#4849 = CARTESIAN_POINT('',(131.26095706703,19.3959055229,
    84.549520814437));
#4850 = CARTESIAN_POINT('',(134.40498033054,19.3959055229,92.71597315906
    ));
#4851 = CARTESIAN_POINT('',(137.44822085371,19.3959055229,98.32902360947
    ));
#4852 = CARTESIAN_POINT('',(140.49429016176,19.3959055229,
    104.99675975231));
#4853 = CARTESIAN_POINT('',(143.49462910383,19.3959055229,
    111.19709078273));
#4854 = CARTESIAN_POINT('',(146.72417797021,19.3959055229,
    113.72291455556));
#4855 = CARTESIAN_POINT('',(149.9482544959,19.3959055229,113.57701850469
    ));
#4856 = CARTESIAN_POINT('',(153.05902197354,19.3959055229,
    109.94976490955));
#4857 = CARTESIAN_POINT('',(156.1823448947,19.3959055229,103.39924729589
    ));
#4858 = CARTESIAN_POINT('',(159.26349640411,19.3959055229,
    97.187317066988));
#4859 = CARTESIAN_POINT('',(162.34239928534,19.3959055229,
    90.819010905991));
#4860 = CARTESIAN_POINT('',(165.48445737214,19.3959055229,82.60291486122
    ));
#4861 = CARTESIAN_POINT('',(168.50570143136,19.3959055229,75.25582532401
    ));
#4862 = CARTESIAN_POINT('',(171.66933616697,19.3959055229,
    73.163571417041));
#4863 = CARTESIAN_POINT('',(174.91178962355,19.3959055229,
    74.173149291286));
#4864 = CARTESIAN_POINT('',(178.01225428054,19.3959055229,74.0198876506)
  );
#4865 = CARTESIAN_POINT('',(181.15590657147,19.3959055229,
    74.210215418448));
#4866 = CARTESIAN_POINT('',(184.27126615396,19.3959055229,
    74.095253167418));
#4867 = CARTESIAN_POINT('',(187.39790359723,19.3959055229,
    74.214118530907));
#4868 = CARTESIAN_POINT('',(190.52385449579,19.3959055229,
    74.053140268988));
#4869 = CARTESIAN_POINT('',(193.65028817727,19.3959055229,
    74.181033285007));
#4870 = CARTESIAN_POINT('',(196.80392382223,19.3959055229,73.66767128096
    ));
#4871 = CARTESIAN_POINT('',(199.94392637543,19.3959055229,
    73.692722399688));
#4872 = CARTESIAN_POINT('',(203.16177795814,19.3959055229,
    76.376683439387));
#4873 = CARTESIAN_POINT('',(206.35231406763,19.3959055229,
    81.848807359439));
#4874 = CARTESIAN_POINT('',(209.36825782326,19.3959055229,
    89.489237354978));
#4875 = CARTESIAN_POINT('',(212.37959561216,19.3959055229,
    98.458654780969));
#4876 = CARTESIAN_POINT('',(215.39238910851,19.3959055229,
    106.91744115009));
#4877 = CARTESIAN_POINT('',(218.421822624,19.3959055229,112.7510360327)
  );
#4878 = CARTESIAN_POINT('',(221.72619309389,19.3959055229,
    114.48573928674));
#4879 = CARTESIAN_POINT('',(224.87045067834,19.3959055229,
    115.76426684256));
#4880 = CARTESIAN_POINT('',(228.,19.3959055229,116.));
#4881 = CARTESIAN_POINT('',(-228.,22.647022644373,116.));
#4882 = CARTESIAN_POINT('',(-224.8704506783,22.647022644373,
    115.71737807252));
#4883 = CARTESIAN_POINT('',(-221.7261930938,22.647022644373,
    114.33580983689));
#4884 = CARTESIAN_POINT('',(-218.421822624,22.647022644373,
    111.88872952909));
#4885 = CARTESIAN_POINT('',(-215.3923891085,22.647022644373,
    104.76254536412));
#4886 = CARTESIAN_POINT('',(-212.3795956121,22.647022644373,
    95.281463450466));
#4887 = CARTESIAN_POINT('',(-209.3682578232,22.647022644373,
    85.702439156915));
#4888 = CARTESIAN_POINT('',(-206.3523140676,22.647022644373,
    78.217809870351));
#4889 = CARTESIAN_POINT('',(-203.1617779581,22.647022644373,
    73.89258856257));
#4890 = CARTESIAN_POINT('',(-199.9439263754,22.647022644373,
    73.816325475394));
#4891 = CARTESIAN_POINT('',(-196.8039238222,22.647022644373,
    74.245877501187));
#4892 = CARTESIAN_POINT('',(-193.6502881772,22.647022644373,
    73.851585824401));
#4893 = CARTESIAN_POINT('',(-190.5238544957,22.647022644373,
    74.050876879091));
#4894 = CARTESIAN_POINT('',(-187.3979035972,22.647022644373,
    73.896778184078));
#4895 = CARTESIAN_POINT('',(-184.2712661539,22.647022644373,
    74.004186224847));
#4896 = CARTESIAN_POINT('',(-181.1559065714,22.647022644373,
    73.917489987924));
#4897 = CARTESIAN_POINT('',(-178.0122542805,22.647022644373,
    74.022307528492));
#4898 = CARTESIAN_POINT('',(-174.9117896235,22.647022644373,
    73.903493657845));
#4899 = CARTESIAN_POINT('',(-171.6693361669,22.647022644373,
    74.350787574835));
#4900 = CARTESIAN_POINT('',(-168.5057014313,22.647022644373,
    73.205927845561));
#4901 = CARTESIAN_POINT('',(-165.4844573721,22.647022644373,
    74.892154811613));
#4902 = CARTESIAN_POINT('',(-162.3423992853,22.647022644373,
    81.093672018055));
#4903 = CARTESIAN_POINT('',(-159.2634964041,22.647022644373,
    89.278052912432));
#4904 = CARTESIAN_POINT('',(-156.1823448947,22.647022644373,
    99.665555524411));
#4905 = CARTESIAN_POINT('',(-153.0590219735,22.647022644373,
    108.58978031233));
#4906 = CARTESIAN_POINT('',(-149.9482544959,22.647022644373,
    113.57057063953));
#4907 = CARTESIAN_POINT('',(-146.7241779702,22.647022644373,
    114.08836466253));
#4908 = CARTESIAN_POINT('',(-143.4946291038,22.647022644373,
    110.16109839075));
#4909 = CARTESIAN_POINT('',(-140.4942901617,22.647022644373,
    101.92446425585));
#4910 = CARTESIAN_POINT('',(-137.4482208537,22.647022644373,
    91.533007479044));
#4911 = CARTESIAN_POINT('',(-134.4049803305,22.647022644373,
    82.758942088715));
#4912 = CARTESIAN_POINT('',(-131.260957067,22.647022644373,
    76.098941734777));
#4913 = CARTESIAN_POINT('',(-128.2097768072,22.647022644373,
    72.713963522146));
#4914 = CARTESIAN_POINT('',(-125.1317400911,22.647022644373,
    74.613036112632));
#4915 = CARTESIAN_POINT('',(-121.7828599083,22.647022644373,
    73.762362906873));
#4916 = CARTESIAN_POINT('',(-118.7216058835,22.647022644373,
    74.129385422669));
#4917 = CARTESIAN_POINT('',(-115.5420323229,22.647022644373,
    73.863430203862));
#4918 = CARTESIAN_POINT('',(-112.4528648836,22.647022644373,
    74.013022728819));
#4919 = CARTESIAN_POINT('',(-109.3040734641,22.647022644373,
    73.936468232754));
#4920 = CARTESIAN_POINT('',(-106.2006800342,22.647022644373,
    73.953758185564));
#4921 = CARTESIAN_POINT('',(-103.049220273,22.647022644373,
    74.01416612447));
#4922 = CARTESIAN_POINT('',(-99.94497584182,22.647022644373,
    73.929700208601));
#4923 = CARTESIAN_POINT('',(-96.65251730109,22.647022644373,
    74.400496878553));
#4924 = CARTESIAN_POINT('',(-93.57852523436,22.647022644373,
    72.89950065108));
#4925 = CARTESIAN_POINT('',(-90.50838704351,22.647022644373,
    76.560332422717));
#4926 = CARTESIAN_POINT('',(-87.38288840939,22.647022644373,
    83.35067516561));
#4927 = CARTESIAN_POINT('',(-84.31785444875,22.647022644373,
    92.345859653309));
#4928 = CARTESIAN_POINT('',(-81.24214244136,22.647022644373,
    102.69510232968));
#4929 = CARTESIAN_POINT('',(-78.12960500485,22.647022644373,
    110.63445116281));
#4930 = CARTESIAN_POINT('',(-74.96906529327,22.647022644373,
    114.07776914667));
#4931 = CARTESIAN_POINT('',(-71.73799895759,22.647022644373,
    113.43565048297));
#4932 = CARTESIAN_POINT('',(-68.60106908076,22.647022644373,
    107.99200079702));
#4933 = CARTESIAN_POINT('',(-65.56017338006,22.647022644373,
    98.86671125844));
#4934 = CARTESIAN_POINT('',(-62.51301691864,22.647022644373,
    88.511444572814));
#4935 = CARTESIAN_POINT('',(-59.44661269167,22.647022644373,
    80.570846325299));
#4936 = CARTESIAN_POINT('',(-56.2794693162,22.647022644373,
    74.457357525824));
#4937 = CARTESIAN_POINT('',(-53.30015135599,22.647022644373,
    73.191694302323));
#4938 = CARTESIAN_POINT('',(-50.09160903077,22.647022644373,
    74.466698972358));
#4939 = CARTESIAN_POINT('',(-46.82988298107,22.647022644373,
    73.793201837249));
#4940 = CARTESIAN_POINT('',(-43.75098561487,22.647022644373,
    74.096142294921));
#4941 = CARTESIAN_POINT('',(-40.59022498143,22.647022644373,
    73.870508677315));
#4942 = CARTESIAN_POINT('',(-37.48657799801,22.647022644373,
    74.02295896985));
#4943 = CARTESIAN_POINT('',(-34.35349204993,22.647022644373,
    73.906888965967));
#4944 = CARTESIAN_POINT('',(-31.22924211799,22.647022644373,
    74.011780676037));
#4945 = CARTESIAN_POINT('',(-28.10496678474,22.647022644373,
    73.924580200374));
#4946 = CARTESIAN_POINT('',(-24.94210454386,22.647022644373,
    74.153581844927));
#4947 = CARTESIAN_POINT('',(-21.65395320521,22.647022644373,
    73.940375423853));
#4948 = CARTESIAN_POINT('',(-18.66692496727,22.647022644373,
    73.329510868449));
#4949 = CARTESIAN_POINT('',(-15.52415536771,22.647022644373,
    78.498040975914));
#4950 = CARTESIAN_POINT('',(-12.42987744782,22.647022644373,
    85.807656271488));
#4951 = CARTESIAN_POINT('',(-9.377596847078,22.647022644373,
    95.672507050005));
#4952 = CARTESIAN_POINT('',(-6.312968134846,22.647022644373,
    105.4917386216));
#4953 = CARTESIAN_POINT('',(-3.20273059646,22.647022644373,
    112.26629972307));
#4954 = CARTESIAN_POINT('',(-2.775557561563E-17,22.647022644373,
    114.24832600899));
#4955 = CARTESIAN_POINT('',(3.20273059646,22.647022644373,
    112.26629972307));
#4956 = CARTESIAN_POINT('',(6.312968134846,22.647022644373,
    105.4917386216));
#4957 = CARTESIAN_POINT('',(9.377596847078,22.647022644373,
    95.672507050005));
#4958 = CARTESIAN_POINT('',(12.429877447828,22.647022644373,
    85.807656271488));
#4959 = CARTESIAN_POINT('',(15.524155367714,22.647022644373,
    78.498040975914));
#4960 = CARTESIAN_POINT('',(18.666924967278,22.647022644373,
    73.329510868449));
#4961 = CARTESIAN_POINT('',(21.653953205212,22.647022644373,
    73.940375423853));
#4962 = CARTESIAN_POINT('',(24.942104543865,22.647022644373,
    74.153581844927));
#4963 = CARTESIAN_POINT('',(28.104966784746,22.647022644373,
    73.924580200374));
#4964 = CARTESIAN_POINT('',(31.229242117992,22.647022644373,
    74.011780676037));
#4965 = CARTESIAN_POINT('',(34.353492049937,22.647022644373,
    73.906888965966));
#4966 = CARTESIAN_POINT('',(37.486577998015,22.647022644373,
    74.02295896985));
#4967 = CARTESIAN_POINT('',(40.590224981439,22.647022644373,
    73.870508677315));
#4968 = CARTESIAN_POINT('',(43.75098561487,22.647022644373,
    74.096142294921));
#4969 = CARTESIAN_POINT('',(46.82988298107,22.647022644373,
    73.793201837249));
#4970 = CARTESIAN_POINT('',(50.091609030777,22.647022644373,
    74.466698972359));
#4971 = CARTESIAN_POINT('',(53.30015135599,22.647022644373,
    73.191694302323));
#4972 = CARTESIAN_POINT('',(56.279469316208,22.647022644373,
    74.457357525824));
#4973 = CARTESIAN_POINT('',(59.446612691677,22.647022644373,
    80.570846325299));
#4974 = CARTESIAN_POINT('',(62.513016918644,22.647022644373,
    88.511444572815));
#4975 = CARTESIAN_POINT('',(65.560173380067,22.647022644373,
    98.86671125844));
#4976 = CARTESIAN_POINT('',(68.601069080765,22.647022644373,
    107.99200079702));
#4977 = CARTESIAN_POINT('',(71.73799895759,22.647022644373,
    113.43565048297));
#4978 = CARTESIAN_POINT('',(74.969065293279,22.647022644373,
    114.07776914667));
#4979 = CARTESIAN_POINT('',(78.129605004858,22.647022644373,
    110.63445116281));
#4980 = CARTESIAN_POINT('',(81.242142441362,22.647022644373,
    102.69510232968));
#4981 = CARTESIAN_POINT('',(84.317854448757,22.647022644373,
    92.345859653309));
#4982 = CARTESIAN_POINT('',(87.382888409396,22.647022644373,
    83.35067516561));
#4983 = CARTESIAN_POINT('',(90.508387043519,22.647022644373,
    76.560332422717));
#4984 = CARTESIAN_POINT('',(93.578525234368,22.647022644373,
    72.89950065108));
#4985 = CARTESIAN_POINT('',(96.652517301093,22.647022644373,
    74.400496878553));
#4986 = CARTESIAN_POINT('',(99.944975841828,22.647022644373,
    73.929700208601));
#4987 = CARTESIAN_POINT('',(103.04922027306,22.647022644373,
    74.01416612447));
#4988 = CARTESIAN_POINT('',(106.20068003424,22.647022644373,
    73.953758185564));
#4989 = CARTESIAN_POINT('',(109.30407346416,22.647022644373,
    73.936468232754));
#4990 = CARTESIAN_POINT('',(112.45286488364,22.647022644373,
    74.013022728819));
#4991 = CARTESIAN_POINT('',(115.54203232295,22.647022644373,
    73.863430203862));
#4992 = CARTESIAN_POINT('',(118.72160588355,22.647022644373,
    74.129385422669));
#4993 = CARTESIAN_POINT('',(121.78285990839,22.647022644373,
    73.762362906873));
#4994 = CARTESIAN_POINT('',(125.13174009112,22.647022644373,
    74.613036112632));
#4995 = CARTESIAN_POINT('',(128.20977680724,22.647022644373,
    72.713963522146));
#4996 = CARTESIAN_POINT('',(131.26095706703,22.647022644373,
    76.098941734777));
#4997 = CARTESIAN_POINT('',(134.40498033054,22.647022644373,
    82.758942088715));
#4998 = CARTESIAN_POINT('',(137.44822085371,22.647022644373,
    91.533007479045));
#4999 = CARTESIAN_POINT('',(140.49429016176,22.647022644373,
    101.92446425585));
#5000 = CARTESIAN_POINT('',(143.49462910383,22.647022644373,
    110.16109839075));
#5001 = CARTESIAN_POINT('',(146.72417797021,22.647022644373,
    114.08836466253));
#5002 = CARTESIAN_POINT('',(149.9482544959,22.647022644373,
    113.57057063953));
#5003 = CARTESIAN_POINT('',(153.05902197354,22.647022644373,
    108.58978031233));
#5004 = CARTESIAN_POINT('',(156.1823448947,22.647022644373,
    99.665555524411));
#5005 = CARTESIAN_POINT('',(159.26349640411,22.647022644373,
    89.278052912432));
#5006 = CARTESIAN_POINT('',(162.34239928534,22.647022644373,
    81.093672018055));
#5007 = CARTESIAN_POINT('',(165.48445737214,22.647022644373,
    74.892154811613));
#5008 = CARTESIAN_POINT('',(168.50570143136,22.647022644373,
    73.205927845561));
#5009 = CARTESIAN_POINT('',(171.66933616697,22.647022644373,
    74.350787574835));
#5010 = CARTESIAN_POINT('',(174.91178962355,22.647022644373,
    73.903493657845));
#5011 = CARTESIAN_POINT('',(178.01225428054,22.647022644373,
    74.022307528492));
#5012 = CARTESIAN_POINT('',(181.15590657147,22.647022644373,
    73.917489987924));
#5013 = CARTESIAN_POINT('',(184.27126615396,22.647022644373,
    74.004186224847));
#5014 = CARTESIAN_POINT('',(187.39790359724,22.647022644373,
    73.896778184078));
#5015 = CARTESIAN_POINT('',(190.52385449579,22.647022644373,
    74.050876879091));
#5016 = CARTESIAN_POINT('',(193.65028817727,22.647022644373,
    73.851585824401));
#5017 = CARTESIAN_POINT('',(196.80392382223,22.647022644373,
    74.245877501187));
#5018 = CARTESIAN_POINT('',(199.94392637543,22.647022644373,
    73.816325475394));
#5019 = CARTESIAN_POINT('',(203.16177795814,22.647022644373,
    73.89258856257));
#5020 = CARTESIAN_POINT('',(206.35231406763,22.647022644373,
    78.217809870351));
#5021 = CARTESIAN_POINT('',(209.36825782326,22.647022644373,
    85.702439156915));
#5022 = CARTESIAN_POINT('',(212.37959561216,22.647022644373,
    95.281463450466));
#5023 = CARTESIAN_POINT('',(215.39238910851,22.647022644373,
    104.76254536412));
#5024 = CARTESIAN_POINT('',(218.421822624,22.647022644373,
    111.88872952909));
#5025 = CARTESIAN_POINT('',(221.72619309389,22.647022644373,
    114.3358098369));
#5026 = CARTESIAN_POINT('',(224.87045067834,22.647022644373,
    115.71737807252));
#5027 = CARTESIAN_POINT('',(228.,22.647022644373,116.));
#5028 = CARTESIAN_POINT('',(-228.,26.65250435949,116.));
#5029 = CARTESIAN_POINT('',(-224.8704506783,26.65250435949,
    115.68513206222));
#5030 = CARTESIAN_POINT('',(-221.7261930938,26.65250435949,
    114.23207696824));
#5031 = CARTESIAN_POINT('',(-218.421822624,26.65250435949,
    111.11368779495));
#5032 = CARTESIAN_POINT('',(-215.3923891085,26.65250435949,
    103.12378929329));
#5033 = CARTESIAN_POINT('',(-212.3795956121,26.65250435949,
    92.959584987995));
#5034 = CARTESIAN_POINT('',(-209.3682578232,26.65250435949,
    83.109848173738));
#5035 = CARTESIAN_POINT('',(-206.3523140676,26.65250435949,
    76.084376435779));
#5036 = CARTESIAN_POINT('',(-203.1617779581,26.65250435949,
    73.334871863064));
#5037 = CARTESIAN_POINT('',(-199.9439263754,26.65250435949,
    74.42166226178));
#5038 = CARTESIAN_POINT('',(-196.8039238222,26.65250435949,
    73.696752796836));
#5039 = CARTESIAN_POINT('',(-193.6502881772,26.65250435949,
    74.187999918866));
#5040 = CARTESIAN_POINT('',(-190.5238544957,26.65250435949,73.8989354388
    ));
#5041 = CARTESIAN_POINT('',(-187.3979035972,26.65250435949,
    74.094207360264));
#5042 = CARTESIAN_POINT('',(-184.2712661539,26.65250435949,
    73.971129161836));
#5043 = CARTESIAN_POINT('',(-181.1559065714,26.65250435949,
    74.048587387877));
#5044 = CARTESIAN_POINT('',(-178.0122542805,26.65250435949,
    73.988946699531));
#5045 = CARTESIAN_POINT('',(-174.9117896235,26.65250435949,
    74.033278810607));
#5046 = CARTESIAN_POINT('',(-171.6693361669,26.65250435949,
    73.875243666065));
#5047 = CARTESIAN_POINT('',(-168.5057014313,26.65250435949,
    74.234260441204));
#5048 = CARTESIAN_POINT('',(-165.4844573721,26.65250435949,
    74.176825222349));
#5049 = CARTESIAN_POINT('',(-162.3423992853,26.65250435949,
    78.793646140618));
#5050 = CARTESIAN_POINT('',(-159.2634964041,26.65250435949,
    87.728548471088));
#5051 = CARTESIAN_POINT('',(-156.1823448947,26.65250435949,
    97.980296260125));
#5052 = CARTESIAN_POINT('',(-153.0590219735,26.65250435949,
    107.32917749598));
#5053 = CARTESIAN_POINT('',(-149.9482544959,26.65250435949,
    113.0713843715));
#5054 = CARTESIAN_POINT('',(-146.7241779702,26.65250435949,
    113.82393771517));
#5055 = CARTESIAN_POINT('',(-143.4946291038,26.65250435949,
    109.00637480086));
#5056 = CARTESIAN_POINT('',(-140.4942901617,26.65250435949,
    100.25945416698));
#5057 = CARTESIAN_POINT('',(-137.4482208537,26.65250435949,
    90.065644939348));
#5058 = CARTESIAN_POINT('',(-134.4049803305,26.65250435949,
    80.560251201387));
#5059 = CARTESIAN_POINT('',(-131.260957067,26.65250435949,
    74.565367897618));
#5060 = CARTESIAN_POINT('',(-128.2097768072,26.65250435949,
    74.055115687414));
#5061 = CARTESIAN_POINT('',(-125.1317400911,26.65250435949,
    73.927115326866));
#5062 = CARTESIAN_POINT('',(-121.7828599083,26.65250435949,
    73.998446357474));
#5063 = CARTESIAN_POINT('',(-118.7216058835,26.65250435949,
    74.007808604444));
#5064 = CARTESIAN_POINT('',(-115.5420323229,26.65250435949,
    74.020673602451));
#5065 = CARTESIAN_POINT('',(-112.4528648836,26.65250435949,
    74.015961047915));
#5066 = CARTESIAN_POINT('',(-109.3040734641,26.65250435949,
    74.020936696255));
#5067 = CARTESIAN_POINT('',(-106.2006800342,26.65250435949,
    74.014574912451));
#5068 = CARTESIAN_POINT('',(-103.049220273,26.65250435949,
    74.015314811354));
#5069 = CARTESIAN_POINT('',(-99.94497584182,26.65250435949,
    73.981300433963));
#5070 = CARTESIAN_POINT('',(-96.65251730109,26.65250435949,
    73.950854768122));
#5071 = CARTESIAN_POINT('',(-93.57852523436,26.65250435949,
    74.008762919828));
#5072 = CARTESIAN_POINT('',(-90.50838704351,26.65250435949,
    74.956446322697));
#5073 = CARTESIAN_POINT('',(-87.38288840939,26.65250435949,
    81.214333788343));
#5074 = CARTESIAN_POINT('',(-84.31785444875,26.65250435949,
    90.856557014312));
#5075 = CARTESIAN_POINT('',(-81.24214244136,26.65250435949,
    101.07123232652));
#5076 = CARTESIAN_POINT('',(-78.12960500485,26.65250435949,
    109.58746614629));
#5077 = CARTESIAN_POINT('',(-74.96906529327,26.65250435949,
    113.80079542807));
#5078 = CARTESIAN_POINT('',(-71.73799895759,26.65250435949,
    112.90307195552));
#5079 = CARTESIAN_POINT('',(-68.60106908076,26.65250435949,
    106.64187590131));
#5080 = CARTESIAN_POINT('',(-65.56017338006,26.65250435949,
    97.153763006965));
#5081 = CARTESIAN_POINT('',(-62.51301691864,26.65250435949,
    86.979233517496));
#5082 = CARTESIAN_POINT('',(-59.44661269167,26.65250435949,
    78.203467031723));
#5083 = CARTESIAN_POINT('',(-56.2794693162,26.65250435949,73.91268672009
    ));
#5084 = CARTESIAN_POINT('',(-53.30015135599,26.65250435949,
    74.319933922761));
#5085 = CARTESIAN_POINT('',(-50.09160903077,26.65250435949,
    73.80760490351));
#5086 = CARTESIAN_POINT('',(-46.82988298107,26.65250435949,
    74.084973367302));
#5087 = CARTESIAN_POINT('',(-43.75098561487,26.65250435949,
    73.959675503476));
#5088 = CARTESIAN_POINT('',(-40.59022498144,26.65250435949,
    74.058862323861));
#5089 = CARTESIAN_POINT('',(-37.48657799801,26.65250435949,
    73.984389011295));
#5090 = CARTESIAN_POINT('',(-34.35349204993,26.65250435949,
    74.051587645703));
#5091 = CARTESIAN_POINT('',(-31.22924211799,26.65250435949,
    73.977421888455));
#5092 = CARTESIAN_POINT('',(-28.10496678474,26.65250435949,
    74.063367786504));
#5093 = CARTESIAN_POINT('',(-24.94210454386,26.65250435949,
    73.874254834572));
#5094 = CARTESIAN_POINT('',(-21.65395320521,26.65250435949,
    74.171429363581));
#5095 = CARTESIAN_POINT('',(-18.66692496727,26.65250435949,
    73.778530519514));
#5096 = CARTESIAN_POINT('',(-15.52415536771,26.65250435949,
    76.314461441242));
#5097 = CARTESIAN_POINT('',(-12.42987744782,26.65250435949,
    83.987705446537));
#5098 = CARTESIAN_POINT('',(-9.377596847078,26.65250435949,
    93.975472435563));
#5099 = CARTESIAN_POINT('',(-6.312968134846,26.65250435949,
    103.98151570496));
#5100 = CARTESIAN_POINT('',(-3.20273059646,26.65250435949,
    111.46445397343));
#5101 = CARTESIAN_POINT('',(-2.775557561563E-17,26.65250435949,
    114.02010425488));
#5102 = CARTESIAN_POINT('',(3.20273059646,26.65250435949,111.46445397343
    ));
#5103 = CARTESIAN_POINT('',(6.312968134846,26.65250435949,
    103.98151570496));
#5104 = CARTESIAN_POINT('',(9.377596847078,26.65250435949,
    93.975472435563));
#5105 = CARTESIAN_POINT('',(12.429877447828,26.65250435949,
    83.987705446537));
#5106 = CARTESIAN_POINT('',(15.524155367714,26.65250435949,
    76.314461441243));
#5107 = CARTESIAN_POINT('',(18.666924967278,26.65250435949,
    73.778530519514));
#5108 = CARTESIAN_POINT('',(21.653953205213,26.65250435949,
    74.17142936358));
#5109 = CARTESIAN_POINT('',(24.942104543865,26.65250435949,
    73.874254834572));
#5110 = CARTESIAN_POINT('',(28.104966784746,26.65250435949,
    74.063367786504));
#5111 = CARTESIAN_POINT('',(31.229242117992,26.65250435949,
    73.977421888455));
#5112 = CARTESIAN_POINT('',(34.353492049937,26.65250435949,
    74.051587645703));
#5113 = CARTESIAN_POINT('',(37.486577998015,26.65250435949,
    73.984389011295));
#5114 = CARTESIAN_POINT('',(40.590224981439,26.65250435949,
    74.058862323861));
#5115 = CARTESIAN_POINT('',(43.75098561487,26.65250435949,
    73.959675503476));
#5116 = CARTESIAN_POINT('',(46.82988298107,26.65250435949,
    74.084973367302));
#5117 = CARTESIAN_POINT('',(50.091609030777,26.65250435949,
    73.80760490351));
#5118 = CARTESIAN_POINT('',(53.30015135599,26.65250435949,
    74.319933922761));
#5119 = CARTESIAN_POINT('',(56.279469316208,26.65250435949,
    73.91268672009));
#5120 = CARTESIAN_POINT('',(59.446612691677,26.65250435949,
    78.203467031723));
#5121 = CARTESIAN_POINT('',(62.513016918644,26.65250435949,
    86.979233517496));
#5122 = CARTESIAN_POINT('',(65.560173380067,26.65250435949,
    97.153763006965));
#5123 = CARTESIAN_POINT('',(68.601069080765,26.65250435949,
    106.64187590131));
#5124 = CARTESIAN_POINT('',(71.73799895759,26.65250435949,
    112.90307195552));
#5125 = CARTESIAN_POINT('',(74.969065293279,26.65250435949,
    113.80079542807));
#5126 = CARTESIAN_POINT('',(78.129605004858,26.65250435949,
    109.58746614629));
#5127 = CARTESIAN_POINT('',(81.242142441362,26.65250435949,
    101.07123232652));
#5128 = CARTESIAN_POINT('',(84.317854448757,26.65250435949,
    90.856557014311));
#5129 = CARTESIAN_POINT('',(87.382888409396,26.65250435949,
    81.214333788343));
#5130 = CARTESIAN_POINT('',(90.508387043519,26.65250435949,
    74.956446322697));
#5131 = CARTESIAN_POINT('',(93.578525234368,26.65250435949,
    74.008762919828));
#5132 = CARTESIAN_POINT('',(96.652517301093,26.65250435949,
    73.950854768122));
#5133 = CARTESIAN_POINT('',(99.944975841828,26.65250435949,
    73.981300433963));
#5134 = CARTESIAN_POINT('',(103.04922027306,26.65250435949,
    74.015314811354));
#5135 = CARTESIAN_POINT('',(106.20068003424,26.65250435949,
    74.014574912451));
#5136 = CARTESIAN_POINT('',(109.30407346416,26.65250435949,
    74.020936696255));
#5137 = CARTESIAN_POINT('',(112.45286488364,26.65250435949,
    74.015961047915));
#5138 = CARTESIAN_POINT('',(115.54203232295,26.65250435949,
    74.020673602452));
#5139 = CARTESIAN_POINT('',(118.72160588355,26.65250435949,
    74.007808604444));
#5140 = CARTESIAN_POINT('',(121.78285990839,26.65250435949,
    73.998446357474));
#5141 = CARTESIAN_POINT('',(125.13174009112,26.65250435949,
    73.927115326866));
#5142 = CARTESIAN_POINT('',(128.20977680724,26.65250435949,
    74.055115687414));
#5143 = CARTESIAN_POINT('',(131.26095706703,26.65250435949,
    74.565367897618));
#5144 = CARTESIAN_POINT('',(134.40498033054,26.65250435949,
    80.560251201387));
#5145 = CARTESIAN_POINT('',(137.44822085371,26.65250435949,
    90.065644939348));
#5146 = CARTESIAN_POINT('',(140.49429016176,26.65250435949,
    100.25945416698));
#5147 = CARTESIAN_POINT('',(143.49462910383,26.65250435949,
    109.00637480086));
#5148 = CARTESIAN_POINT('',(146.72417797021,26.65250435949,
    113.82393771517));
#5149 = CARTESIAN_POINT('',(149.9482544959,26.65250435949,113.0713843715
    ));
#5150 = CARTESIAN_POINT('',(153.05902197354,26.65250435949,
    107.32917749598));
#5151 = CARTESIAN_POINT('',(156.1823448947,26.65250435949,
    97.980296260125));
#5152 = CARTESIAN_POINT('',(159.26349640411,26.65250435949,
    87.728548471088));
#5153 = CARTESIAN_POINT('',(162.34239928534,26.65250435949,
    78.793646140618));
#5154 = CARTESIAN_POINT('',(165.48445737214,26.65250435949,
    74.176825222349));
#5155 = CARTESIAN_POINT('',(168.50570143136,26.65250435949,
    74.234260441203));
#5156 = CARTESIAN_POINT('',(171.66933616697,26.65250435949,
    73.875243666065));
#5157 = CARTESIAN_POINT('',(174.91178962355,26.65250435949,
    74.033278810607));
#5158 = CARTESIAN_POINT('',(178.01225428054,26.65250435949,
    73.988946699531));
#5159 = CARTESIAN_POINT('',(181.15590657147,26.65250435949,
    74.048587387877));
#5160 = CARTESIAN_POINT('',(184.27126615396,26.65250435949,
    73.971129161836));
#5161 = CARTESIAN_POINT('',(187.39790359724,26.65250435949,
    74.094207360264));
#5162 = CARTESIAN_POINT('',(190.52385449579,26.65250435949,73.8989354388
    ));
#5163 = CARTESIAN_POINT('',(193.65028817727,26.65250435949,
    74.187999918866));
#5164 = CARTESIAN_POINT('',(196.80392382223,26.65250435949,
    73.696752796836));
#5165 = CARTESIAN_POINT('',(199.94392637543,26.65250435949,
    74.421662261781));
#5166 = CARTESIAN_POINT('',(203.16177795814,26.65250435949,
    73.334871863064));
#5167 = CARTESIAN_POINT('',(206.35231406763,26.65250435949,
    76.084376435779));
#5168 = CARTESIAN_POINT('',(209.36825782326,26.65250435949,
    83.109848173738));
#5169 = CARTESIAN_POINT('',(212.37959561216,26.65250435949,
    92.959584987995));
#5170 = CARTESIAN_POINT('',(215.39238910851,26.65250435949,
    103.1237892933));
#5171 = CARTESIAN_POINT('',(218.421822624,26.65250435949,111.11368779495
    ));
#5172 = CARTESIAN_POINT('',(221.72619309389,26.65250435949,
    114.23207696824));
#5173 = CARTESIAN_POINT('',(224.87045067834,26.65250435949,
    115.68513206222));
#5174 = CARTESIAN_POINT('',(228.,26.65250435949,116.));
#5175 = CARTESIAN_POINT('',(-228.,29.938796388243,116.));
#5176 = CARTESIAN_POINT('',(-224.8704506783,29.938796388243,
    115.67435087941));
#5177 = CARTESIAN_POINT('',(-221.7261930938,29.938796388243,
    114.19727978723));
#5178 = CARTESIAN_POINT('',(-218.421822624,29.938796388243,
    110.83032895874));
#5179 = CARTESIAN_POINT('',(-215.3923891085,29.938796388243,
    102.54985383933));
#5180 = CARTESIAN_POINT('',(-212.3795956121,29.938796388243,
    92.168371772675));
#5181 = CARTESIAN_POINT('',(-209.3682578232,29.938796388243,
    82.266760832392));
#5182 = CARTESIAN_POINT('',(-206.3523140676,29.938796388243,
    75.498194681328));
#5183 = CARTESIAN_POINT('',(-203.1617779581,29.938796388243,
    73.511992754406));
#5184 = CARTESIAN_POINT('',(-199.9439263754,29.938796388243,
    74.173004042464));
#5185 = CARTESIAN_POINT('',(-196.8039238222,29.938796388243,
    73.937548702893));
#5186 = CARTESIAN_POINT('',(-193.6502881772,29.938796388243,
    74.041268128887));
#5187 = CARTESIAN_POINT('',(-190.5238544957,29.938796388243,
    73.961015433201));
#5188 = CARTESIAN_POINT('',(-187.3979035972,29.938796388243,
    74.006631895238));
#5189 = CARTESIAN_POINT('',(-184.2712661539,29.938796388243,
    73.980314796176));
#5190 = CARTESIAN_POINT('',(-181.1559065714,29.938796388243,
    73.991605694115));
#5191 = CARTESIAN_POINT('',(-178.0122542805,29.938796388243,
    73.995501814003));
#5192 = CARTESIAN_POINT('',(-174.9117896235,29.938796388243,
    73.988452379035));
#5193 = CARTESIAN_POINT('',(-171.6693361669,29.938796388243,
    74.060242606711));
#5194 = CARTESIAN_POINT('',(-168.5057014313,29.938796388243,
    73.907705376086));
#5195 = CARTESIAN_POINT('',(-165.4844573721,29.938796388243,
    73.673386488871));
#5196 = CARTESIAN_POINT('',(-162.3423992853,29.938796388243,
    78.028320196492));
#5197 = CARTESIAN_POINT('',(-159.2634964041,29.938796388243,
    86.423111570109));
#5198 = CARTESIAN_POINT('',(-156.1823448947,29.938796388243,
    97.124218137601));
#5199 = CARTESIAN_POINT('',(-153.0590219735,29.938796388243,
    106.92351065249));
#5200 = CARTESIAN_POINT('',(-149.9482544959,29.938796388243,
    112.97740785878));
#5201 = CARTESIAN_POINT('',(-146.7241779702,29.938796388243,
    113.81960606025));
#5202 = CARTESIAN_POINT('',(-143.4946291038,29.938796388243,
    108.66695763141));
#5203 = CARTESIAN_POINT('',(-140.4942901617,29.938796388243,
    99.518057082201));
#5204 = CARTESIAN_POINT('',(-137.4482208537,29.938796388243,
    88.752329395303));
#5205 = CARTESIAN_POINT('',(-134.4049803305,29.938796388243,
    79.615491062716));
#5206 = CARTESIAN_POINT('',(-131.260957067,29.938796388243,
    74.085213887766));
#5207 = CARTESIAN_POINT('',(-128.2097768072,29.938796388243,
    73.822484179657));
#5208 = CARTESIAN_POINT('',(-125.1317400911,29.938796388243,
    74.099221184579));
#5209 = CARTESIAN_POINT('',(-121.7828599083,29.938796388243,
    73.970644599605));
#5210 = CARTESIAN_POINT('',(-118.7216058835,29.938796388243,
    74.013448274207));
#5211 = CARTESIAN_POINT('',(-115.5420323229,29.938796388243,
    73.977306412234));
#5212 = CARTESIAN_POINT('',(-112.4528648836,29.938796388243,
    73.99555316578));
#5213 = CARTESIAN_POINT('',(-109.3040734641,29.938796388243,
    73.987590819657));
#5214 = CARTESIAN_POINT('',(-106.2006800342,29.938796388243,
    73.986672722769));
#5215 = CARTESIAN_POINT('',(-103.049220273,29.938796388243,
    74.002420871168));
#5216 = CARTESIAN_POINT('',(-99.94497584182,29.938796388243,
    73.986093974675));
#5217 = CARTESIAN_POINT('',(-96.65251730109,29.938796388243,
    74.091830347411));
#5218 = CARTESIAN_POINT('',(-93.57852523436,29.938796388243,
    73.761937765604));
#5219 = CARTESIAN_POINT('',(-90.50838704351,29.938796388243,
    74.443285979513));
#5220 = CARTESIAN_POINT('',(-87.38288840939,29.938796388243,
    80.233313807983));
#5221 = CARTESIAN_POINT('',(-84.31785444875,29.938796388243,
    89.588706893496));
#5222 = CARTESIAN_POINT('',(-81.24214244136,29.938796388243,
    100.365971874));
#5223 = CARTESIAN_POINT('',(-78.12960500485,29.938796388243,
    109.28860495198));
#5224 = CARTESIAN_POINT('',(-74.96906529327,29.938796388243,
    113.79163002012));
#5225 = CARTESIAN_POINT('',(-71.73799895759,29.938796388243,
    112.79596915317));
#5226 = CARTESIAN_POINT('',(-68.60106908076,29.938796388243,
    106.19948312478));
#5227 = CARTESIAN_POINT('',(-65.56017338006,29.938796388243,
    96.258476189876));
#5228 = CARTESIAN_POINT('',(-62.51301691864,29.938796388243,
    85.641512414616));
#5229 = CARTESIAN_POINT('',(-59.44661269167,29.938796388243,
    77.490933868786));
#5230 = CARTESIAN_POINT('',(-56.2794693162,29.938796388243,
    73.418404955805));
#5231 = CARTESIAN_POINT('',(-53.30015135599,29.938796388243,
    74.006751521092));
#5232 = CARTESIAN_POINT('',(-50.09160903077,29.938796388243,
    74.036361524761));
#5233 = CARTESIAN_POINT('',(-46.82988298107,29.938796388243,
    73.992768329526));
#5234 = CARTESIAN_POINT('',(-43.75098561487,29.938796388243,
    73.994799780369));
#5235 = CARTESIAN_POINT('',(-40.59022498143,29.938796388243,
    73.988381414549));
#5236 = CARTESIAN_POINT('',(-37.48657799801,29.938796388243,
    73.987834948647));
#5237 = CARTESIAN_POINT('',(-34.35349204993,29.938796388243,
    73.992950230038));
#5238 = CARTESIAN_POINT('',(-31.22924211799,29.938796388243,
    73.983340735729));
#5239 = CARTESIAN_POINT('',(-28.10496678474,29.938796388243,
    74.008597844078));
#5240 = CARTESIAN_POINT('',(-24.94210454386,29.938796388243,
    73.988667009859));
#5241 = CARTESIAN_POINT('',(-21.65395320521,29.938796388243,
    74.111362231958));
#5242 = CARTESIAN_POINT('',(-18.66692496727,29.938796388243,
    73.376201500107));
#5243 = CARTESIAN_POINT('',(-15.52415536771,29.938796388243,
    75.748304926198));
#5244 = CARTESIAN_POINT('',(-12.42987744782,29.938796388243,
    82.789531683772));
#5245 = CARTESIAN_POINT('',(-9.377596847078,29.938796388243,
    92.922402009212));
#5246 = CARTESIAN_POINT('',(-6.312968134846,29.938796388243,
    103.41626458671));
#5247 = CARTESIAN_POINT('',(-3.20273059646,29.938796388243,
    111.26326368653));
#5248 = CARTESIAN_POINT('',(-2.775557561563E-17,29.938796388243,
    114.03605033437));
#5249 = CARTESIAN_POINT('',(3.20273059646,29.938796388243,
    111.26326368653));
#5250 = CARTESIAN_POINT('',(6.312968134846,29.938796388243,
    103.41626458671));
#5251 = CARTESIAN_POINT('',(9.377596847078,29.938796388243,
    92.922402009212));
#5252 = CARTESIAN_POINT('',(12.429877447828,29.938796388243,
    82.789531683773));
#5253 = CARTESIAN_POINT('',(15.524155367714,29.938796388243,
    75.748304926198));
#5254 = CARTESIAN_POINT('',(18.666924967278,29.938796388243,
    73.376201500107));
#5255 = CARTESIAN_POINT('',(21.653953205212,29.938796388243,
    74.111362231958));
#5256 = CARTESIAN_POINT('',(24.942104543865,29.938796388243,
    73.988667009859));
#5257 = CARTESIAN_POINT('',(28.104966784746,29.938796388243,
    74.008597844078));
#5258 = CARTESIAN_POINT('',(31.229242117992,29.938796388243,
    73.983340735729));
#5259 = CARTESIAN_POINT('',(34.353492049937,29.938796388243,
    73.992950230038));
#5260 = CARTESIAN_POINT('',(37.486577998015,29.938796388243,
    73.987834948647));
#5261 = CARTESIAN_POINT('',(40.590224981439,29.938796388243,
    73.988381414549));
#5262 = CARTESIAN_POINT('',(43.75098561487,29.938796388243,
    73.994799780369));
#5263 = CARTESIAN_POINT('',(46.82988298107,29.938796388243,
    73.992768329526));
#5264 = CARTESIAN_POINT('',(50.091609030777,29.938796388243,
    74.036361524761));
#5265 = CARTESIAN_POINT('',(53.30015135599,29.938796388243,
    74.006751521092));
#5266 = CARTESIAN_POINT('',(56.279469316208,29.938796388243,
    73.418404955805));
#5267 = CARTESIAN_POINT('',(59.446612691677,29.938796388243,
    77.490933868786));
#5268 = CARTESIAN_POINT('',(62.513016918644,29.938796388243,
    85.641512414616));
#5269 = CARTESIAN_POINT('',(65.560173380067,29.938796388243,
    96.258476189876));
#5270 = CARTESIAN_POINT('',(68.601069080765,29.938796388243,
    106.19948312478));
#5271 = CARTESIAN_POINT('',(71.73799895759,29.938796388243,
    112.79596915317));
#5272 = CARTESIAN_POINT('',(74.969065293279,29.938796388243,
    113.79163002012));
#5273 = CARTESIAN_POINT('',(78.129605004858,29.938796388243,
    109.28860495198));
#5274 = CARTESIAN_POINT('',(81.242142441362,29.938796388243,
    100.365971874));
#5275 = CARTESIAN_POINT('',(84.317854448757,29.938796388243,
    89.588706893496));
#5276 = CARTESIAN_POINT('',(87.382888409396,29.938796388243,
    80.233313807983));
#5277 = CARTESIAN_POINT('',(90.508387043519,29.938796388243,
    74.443285979513));
#5278 = CARTESIAN_POINT('',(93.578525234368,29.938796388243,
    73.761937765604));
#5279 = CARTESIAN_POINT('',(96.652517301093,29.938796388243,
    74.091830347411));
#5280 = CARTESIAN_POINT('',(99.944975841828,29.938796388243,
    73.986093974675));
#5281 = CARTESIAN_POINT('',(103.04922027306,29.938796388243,
    74.002420871168));
#5282 = CARTESIAN_POINT('',(106.20068003424,29.938796388243,
    73.986672722769));
#5283 = CARTESIAN_POINT('',(109.30407346416,29.938796388243,
    73.987590819657));
#5284 = CARTESIAN_POINT('',(112.45286488364,29.938796388243,
    73.99555316578));
#5285 = CARTESIAN_POINT('',(115.54203232295,29.938796388243,
    73.977306412234));
#5286 = CARTESIAN_POINT('',(118.72160588355,29.938796388243,
    74.013448274207));
#5287 = CARTESIAN_POINT('',(121.78285990839,29.938796388243,
    73.970644599605));
#5288 = CARTESIAN_POINT('',(125.13174009112,29.938796388243,
    74.099221184579));
#5289 = CARTESIAN_POINT('',(128.20977680724,29.938796388243,
    73.822484179657));
#5290 = CARTESIAN_POINT('',(131.26095706703,29.938796388243,
    74.085213887766));
#5291 = CARTESIAN_POINT('',(134.40498033054,29.938796388243,
    79.615491062716));
#5292 = CARTESIAN_POINT('',(137.44822085371,29.938796388243,
    88.752329395303));
#5293 = CARTESIAN_POINT('',(140.49429016176,29.938796388243,
    99.5180570822));
#5294 = CARTESIAN_POINT('',(143.49462910383,29.938796388243,
    108.66695763141));
#5295 = CARTESIAN_POINT('',(146.72417797021,29.938796388243,
    113.81960606025));
#5296 = CARTESIAN_POINT('',(149.9482544959,29.938796388243,
    112.97740785878));
#5297 = CARTESIAN_POINT('',(153.05902197354,29.938796388243,
    106.92351065249));
#5298 = CARTESIAN_POINT('',(156.1823448947,29.938796388243,
    97.124218137601));
#5299 = CARTESIAN_POINT('',(159.26349640411,29.938796388243,
    86.423111570109));
#5300 = CARTESIAN_POINT('',(162.34239928534,29.938796388243,
    78.028320196492));
#5301 = CARTESIAN_POINT('',(165.48445737214,29.938796388243,
    73.673386488872));
#5302 = CARTESIAN_POINT('',(168.50570143136,29.938796388243,
    73.907705376086));
#5303 = CARTESIAN_POINT('',(171.66933616697,29.938796388243,
    74.060242606711));
#5304 = CARTESIAN_POINT('',(174.91178962355,29.938796388243,
    73.988452379035));
#5305 = CARTESIAN_POINT('',(178.01225428054,29.938796388243,
    73.995501814003));
#5306 = CARTESIAN_POINT('',(181.15590657147,29.938796388243,
    73.991605694115));
#5307 = CARTESIAN_POINT('',(184.27126615396,29.938796388243,
    73.980314796176));
#5308 = CARTESIAN_POINT('',(187.39790359723,29.938796388243,
    74.006631895238));
#5309 = CARTESIAN_POINT('',(190.52385449579,29.938796388243,
    73.961015433201));
#5310 = CARTESIAN_POINT('',(193.65028817727,29.938796388243,
    74.041268128887));
#5311 = CARTESIAN_POINT('',(196.80392382223,29.938796388243,
    73.937548702893));
#5312 = CARTESIAN_POINT('',(199.94392637543,29.938796388243,
    74.173004042464));
#5313 = CARTESIAN_POINT('',(203.16177795814,29.938796388243,
    73.511992754406));
#5314 = CARTESIAN_POINT('',(206.35231406763,29.938796388243,
    75.498194681328));
#5315 = CARTESIAN_POINT('',(209.36825782326,29.938796388243,
    82.266760832392));
#5316 = CARTESIAN_POINT('',(212.37959561216,29.938796388243,
    92.168371772675));
#5317 = CARTESIAN_POINT('',(215.39238910851,29.938796388243,
    102.54985383933));
#5318 = CARTESIAN_POINT('',(218.421822624,29.938796388243,
    110.83032895874));
#5319 = CARTESIAN_POINT('',(221.72619309389,29.938796388243,
    114.19727978723));
#5320 = CARTESIAN_POINT('',(224.87045067834,29.938796388243,
    115.67435087941));
#5321 = CARTESIAN_POINT('',(228.,29.938796388243,116.));
#5322 = CARTESIAN_POINT('',(-228.,33.35645153699,116.));
#5323 = CARTESIAN_POINT('',(-224.8704506783,33.35645153699,
    115.66960656064));
#5324 = CARTESIAN_POINT('',(-221.7261930938,33.35645153699,
    114.1819783631));
#5325 = CARTESIAN_POINT('',(-218.421822624,33.35645153699,
    110.70558864846));
#5326 = CARTESIAN_POINT('',(-215.3923891085,33.35645153699,
    102.29965311383));
#5327 = CARTESIAN_POINT('',(-212.3795956121,33.35645153699,
    91.820100059068));
#5328 = CARTESIAN_POINT('',(-209.3682578232,33.35645153699,
    81.890837005798));
#5329 = CARTESIAN_POINT('',(-206.3523140676,33.35645153699,
    75.220714484532));
#5330 = CARTESIAN_POINT('',(-203.1617779581,33.35645153699,
    73.542508272461));
#5331 = CARTESIAN_POINT('',(-199.9439263754,33.35645153699,
    74.254664752554));
#5332 = CARTESIAN_POINT('',(-196.8039238222,33.35645153699,
    73.831960341292));
#5333 = CARTESIAN_POINT('',(-193.6502881772,33.35645153699,
    74.105225297963));
#5334 = CARTESIAN_POINT('',(-190.5238544957,33.35645153699,
    73.93914608441));
#5335 = CARTESIAN_POINT('',(-187.3979035972,33.35645153699,
    74.049758900713));
#5336 = CARTESIAN_POINT('',(-184.2712661539,33.35645153699,
    73.979636978372));
#5337 = CARTESIAN_POINT('',(-181.1559065714,33.35645153699,
    74.024075999572));
#5338 = CARTESIAN_POINT('',(-178.0122542805,33.35645153699,
    73.990473336614));
#5339 = CARTESIAN_POINT('',(-174.9117896235,33.35645153699,
    74.020251078251));
#5340 = CARTESIAN_POINT('',(-171.6693361669,33.35645153699,
    73.936320356344));
#5341 = CARTESIAN_POINT('',(-168.5057014313,33.35645153699,
    74.152348074435));
#5342 = CARTESIAN_POINT('',(-165.4844573721,33.35645153699,
    73.724562709023));
#5343 = CARTESIAN_POINT('',(-162.3423992853,33.35645153699,
    77.712221309109));
#5344 = CARTESIAN_POINT('',(-159.2634964041,33.35645153699,
    86.326821766869));
#5345 = CARTESIAN_POINT('',(-156.1823448947,33.35645153699,
    96.914159765143));
#5346 = CARTESIAN_POINT('',(-153.0590219735,33.35645153699,
    106.72165855398));
#5347 = CARTESIAN_POINT('',(-149.9482544958,33.35645153699,
    112.88031602477));
#5348 = CARTESIAN_POINT('',(-146.7241779702,33.35645153699,
    113.7561842424));
#5349 = CARTESIAN_POINT('',(-143.4946291038,33.35645153699,
    108.4754633862));
#5350 = CARTESIAN_POINT('',(-140.4942901617,33.35645153699,
    99.291338803161));
#5351 = CARTESIAN_POINT('',(-137.4482208537,33.35645153699,
    88.671474918815));
#5352 = CARTESIAN_POINT('',(-134.4049803305,33.35645153699,
    79.33947541791));
#5353 = CARTESIAN_POINT('',(-131.260957067,33.35645153699,73.93314974695
    ));
#5354 = CARTESIAN_POINT('',(-128.2097768072,33.35645153699,
    74.113200908477));
#5355 = CARTESIAN_POINT('',(-125.1317400911,33.35645153699,
    73.936695189659));
#5356 = CARTESIAN_POINT('',(-121.7828599083,33.35645153699,
    74.01969958521));
#5357 = CARTESIAN_POINT('',(-118.7216058835,33.35645153699,
    73.990441073395));
#5358 = CARTESIAN_POINT('',(-115.5420323229,33.35645153699,
    74.015457939559));
#5359 = CARTESIAN_POINT('',(-112.4528648836,33.35645153699,
    74.000805078397));
#5360 = CARTESIAN_POINT('',(-109.3040734641,33.35645153699,
    74.010304616265));
#5361 = CARTESIAN_POINT('',(-106.2006800342,33.35645153699,
    74.004141010133));
#5362 = CARTESIAN_POINT('',(-103.049220273,33.35645153699,
    74.005455174544));
#5363 = CARTESIAN_POINT('',(-99.94497584182,33.35645153699,
    73.995051782899));
#5364 = CARTESIAN_POINT('',(-96.65251730109,33.35645153699,
    73.977583806296));
#5365 = CARTESIAN_POINT('',(-93.57852523436,33.35645153699,
    74.017865675139));
#5366 = CARTESIAN_POINT('',(-90.50838704351,33.35645153699,
    74.276929734102));
#5367 = CARTESIAN_POINT('',(-87.38288840939,33.35645153699,
    79.974933759744));
#5368 = CARTESIAN_POINT('',(-84.31785444875,33.35645153699,
    89.49493672007));
#5369 = CARTESIAN_POINT('',(-81.24214244136,33.35645153699,
    100.14141493951));
#5370 = CARTESIAN_POINT('',(-78.12960500485,33.35645153699,
    109.11260877399));
#5371 = CARTESIAN_POINT('',(-74.96906529327,33.35645153699,
    113.72641205704));
#5372 = CARTESIAN_POINT('',(-71.73799895759,33.35645153699,
    112.69416823559));
#5373 = CARTESIAN_POINT('',(-68.60106908076,33.35645153699,
    105.98533083709));
#5374 = CARTESIAN_POINT('',(-65.56017338006,33.35645153699,
    96.049669196266));
#5375 = CARTESIAN_POINT('',(-62.51301691864,33.35645153699,
    85.555050427807));
#5376 = CARTESIAN_POINT('',(-59.44661269167,33.35645153699,
    77.154065079061));
#5377 = CARTESIAN_POINT('',(-56.2794693162,33.35645153699,
    73.510657710633));
#5378 = CARTESIAN_POINT('',(-53.30015135599,33.35645153699,
    74.255465769178));
#5379 = CARTESIAN_POINT('',(-50.09160903077,33.35645153699,
    73.875417073752));
#5380 = CARTESIAN_POINT('',(-46.82988298107,33.35645153699,
    74.061036950778));
#5381 = CARTESIAN_POINT('',(-43.75098561487,33.35645153699,
    73.966249225211));
#5382 = CARTESIAN_POINT('',(-40.59022498144,33.35645153699,
    74.034884234055));
#5383 = CARTESIAN_POINT('',(-37.48657799801,33.35645153699,
    73.983752057007));
#5384 = CARTESIAN_POINT('',(-34.35349204993,33.35645153699,
    74.027951622132));
#5385 = CARTESIAN_POINT('',(-31.22924211799,33.35645153699,
    73.981939345247));
#5386 = CARTESIAN_POINT('',(-28.10496678474,33.35645153699,
    74.036574234541));
#5387 = CARTESIAN_POINT('',(-24.94210454386,33.35645153699,
    73.930758455905));
#5388 = CARTESIAN_POINT('',(-21.65395320521,33.35645153699,
    74.120794227956));
#5389 = CARTESIAN_POINT('',(-18.66692496727,33.35645153699,
    73.705099838004));
#5390 = CARTESIAN_POINT('',(-15.52415536771,33.35645153699,
    75.444106897956));
#5391 = CARTESIAN_POINT('',(-12.42987744782,33.35645153699,
    82.625169813412));
#5392 = CARTESIAN_POINT('',(-9.377596847078,33.35645153699,
    92.746194775783));
#5393 = CARTESIAN_POINT('',(-6.312968134846,33.35645153699,
    103.19051917704));
#5394 = CARTESIAN_POINT('',(-3.20273059646,33.35645153699,
    111.12077877678));
#5395 = CARTESIAN_POINT('',(-2.775557561563E-17,33.35645153699,
    113.98665182927));
#5396 = CARTESIAN_POINT('',(3.20273059646,33.35645153699,111.12077877678
    ));
#5397 = CARTESIAN_POINT('',(6.312968134846,33.35645153699,
    103.19051917704));
#5398 = CARTESIAN_POINT('',(9.377596847078,33.35645153699,
    92.746194775784));
#5399 = CARTESIAN_POINT('',(12.429877447828,33.35645153699,
    82.625169813412));
#5400 = CARTESIAN_POINT('',(15.524155367714,33.35645153699,
    75.444106897956));
#5401 = CARTESIAN_POINT('',(18.666924967278,33.35645153699,
    73.705099838003));
#5402 = CARTESIAN_POINT('',(21.653953205213,33.35645153699,
    74.120794227956));
#5403 = CARTESIAN_POINT('',(24.942104543866,33.35645153699,
    73.930758455905));
#5404 = CARTESIAN_POINT('',(28.104966784746,33.35645153699,
    74.036574234542));
#5405 = CARTESIAN_POINT('',(31.229242117992,33.35645153699,
    73.981939345247));
#5406 = CARTESIAN_POINT('',(34.353492049937,33.35645153699,
    74.027951622132));
#5407 = CARTESIAN_POINT('',(37.486577998015,33.35645153699,
    73.983752057007));
#5408 = CARTESIAN_POINT('',(40.590224981439,33.35645153699,
    74.034884234055));
#5409 = CARTESIAN_POINT('',(43.75098561487,33.35645153699,
    73.966249225211));
#5410 = CARTESIAN_POINT('',(46.82988298107,33.35645153699,
    74.061036950778));
#5411 = CARTESIAN_POINT('',(50.091609030777,33.35645153699,
    73.875417073752));
#5412 = CARTESIAN_POINT('',(53.30015135599,33.35645153699,
    74.255465769178));
#5413 = CARTESIAN_POINT('',(56.279469316208,33.35645153699,
    73.510657710633));
#5414 = CARTESIAN_POINT('',(59.446612691677,33.35645153699,
    77.154065079061));
#5415 = CARTESIAN_POINT('',(62.513016918644,33.35645153699,
    85.555050427807));
#5416 = CARTESIAN_POINT('',(65.560173380067,33.35645153699,
    96.049669196266));
#5417 = CARTESIAN_POINT('',(68.601069080765,33.35645153699,
    105.98533083709));
#5418 = CARTESIAN_POINT('',(71.73799895759,33.35645153699,
    112.69416823559));
#5419 = CARTESIAN_POINT('',(74.969065293279,33.35645153699,
    113.72641205704));
#5420 = CARTESIAN_POINT('',(78.129605004858,33.35645153699,
    109.11260877399));
#5421 = CARTESIAN_POINT('',(81.242142441362,33.35645153699,
    100.14141493951));
#5422 = CARTESIAN_POINT('',(84.317854448757,33.35645153699,
    89.49493672007));
#5423 = CARTESIAN_POINT('',(87.382888409396,33.35645153699,
    79.974933759744));
#5424 = CARTESIAN_POINT('',(90.508387043519,33.35645153699,
    74.276929734102));
#5425 = CARTESIAN_POINT('',(93.578525234368,33.35645153699,
    74.017865675139));
#5426 = CARTESIAN_POINT('',(96.652517301093,33.35645153699,
    73.977583806296));
#5427 = CARTESIAN_POINT('',(99.944975841828,33.35645153699,
    73.995051782899));
#5428 = CARTESIAN_POINT('',(103.04922027306,33.35645153699,
    74.005455174543));
#5429 = CARTESIAN_POINT('',(106.20068003424,33.35645153699,
    74.004141010134));
#5430 = CARTESIAN_POINT('',(109.30407346416,33.35645153699,
    74.010304616265));
#5431 = CARTESIAN_POINT('',(112.45286488364,33.35645153699,
    74.000805078397));
#5432 = CARTESIAN_POINT('',(115.54203232295,33.35645153699,
    74.015457939559));
#5433 = CARTESIAN_POINT('',(118.72160588355,33.35645153699,
    73.990441073395));
#5434 = CARTESIAN_POINT('',(121.78285990839,33.35645153699,
    74.01969958521));
#5435 = CARTESIAN_POINT('',(125.13174009112,33.35645153699,
    73.936695189659));
#5436 = CARTESIAN_POINT('',(128.20977680724,33.35645153699,
    74.113200908477));
#5437 = CARTESIAN_POINT('',(131.26095706703,33.35645153699,
    73.93314974695));
#5438 = CARTESIAN_POINT('',(134.40498033054,33.35645153699,
    79.33947541791));
#5439 = CARTESIAN_POINT('',(137.44822085371,33.35645153699,
    88.671474918815));
#5440 = CARTESIAN_POINT('',(140.49429016176,33.35645153699,
    99.291338803161));
#5441 = CARTESIAN_POINT('',(143.49462910383,33.35645153699,
    108.4754633862));
#5442 = CARTESIAN_POINT('',(146.72417797021,33.35645153699,
    113.7561842424));
#5443 = CARTESIAN_POINT('',(149.94825449589,33.35645153699,
    112.88031602477));
#5444 = CARTESIAN_POINT('',(153.05902197354,33.35645153699,
    106.72165855398));
#5445 = CARTESIAN_POINT('',(156.1823448947,33.35645153699,
    96.914159765142));
#5446 = CARTESIAN_POINT('',(159.26349640411,33.35645153699,
    86.326821766869));
#5447 = CARTESIAN_POINT('',(162.34239928534,33.35645153699,
    77.712221309109));
#5448 = CARTESIAN_POINT('',(165.48445737214,33.35645153699,
    73.724562709023));
#5449 = CARTESIAN_POINT('',(168.50570143136,33.35645153699,
    74.152348074435));
#5450 = CARTESIAN_POINT('',(171.66933616697,33.35645153699,
    73.936320356344));
#5451 = CARTESIAN_POINT('',(174.91178962354,33.35645153699,
    74.020251078251));
#5452 = CARTESIAN_POINT('',(178.01225428054,33.35645153699,
    73.990473336614));
#5453 = CARTESIAN_POINT('',(181.15590657147,33.35645153699,
    74.024075999573));
#5454 = CARTESIAN_POINT('',(184.27126615396,33.35645153699,
    73.979636978372));
#5455 = CARTESIAN_POINT('',(187.39790359724,33.35645153699,
    74.049758900713));
#5456 = CARTESIAN_POINT('',(190.52385449579,33.35645153699,
    73.939146084409));
#5457 = CARTESIAN_POINT('',(193.65028817727,33.35645153699,
    74.105225297962));
#5458 = CARTESIAN_POINT('',(196.80392382223,33.35645153699,
    73.831960341292));
#5459 = CARTESIAN_POINT('',(199.94392637543,33.35645153699,
    74.254664752554));
#5460 = CARTESIAN_POINT('',(203.16177795814,33.35645153699,
    73.542508272461));
#5461 = CARTESIAN_POINT('',(206.35231406763,33.35645153699,
    75.220714484532));
#5462 = CARTESIAN_POINT('',(209.36825782326,33.35645153699,
    81.890837005798));
#5463 = CARTESIAN_POINT('',(212.37959561216,33.35645153699,
    91.820100059068));
#5464 = CARTESIAN_POINT('',(215.39238910851,33.35645153699,
    102.29965311383));
#5465 = CARTESIAN_POINT('',(218.421822624,33.35645153699,110.70558864846
    ));
#5466 = CARTESIAN_POINT('',(221.72619309389,33.35645153699,
    114.1819783631));
#5467 = CARTESIAN_POINT('',(224.87045067834,33.35645153699,
    115.66960656064));
#5468 = CARTESIAN_POINT('',(228.,33.35645153699,116.));
#5469 = CARTESIAN_POINT('',(-228.,36.651169913216,116.));
#5470 = CARTESIAN_POINT('',(-224.8704506783,36.651169913216,
    115.67017222198));
#5471 = CARTESIAN_POINT('',(-221.7261930938,36.651169913216,
    114.1837953944));
#5472 = CARTESIAN_POINT('',(-218.421822624,36.651169913216,
    110.71941691617));
#5473 = CARTESIAN_POINT('',(-215.3923891085,36.651169913216,
    102.3278815656));
#5474 = CARTESIAN_POINT('',(-212.3795956121,36.651169913216,
    91.861039276425));
#5475 = CARTESIAN_POINT('',(-209.3682578232,36.651169913216,
    81.93783787033));
#5476 = CARTESIAN_POINT('',(-206.3523140676,36.651169913216,
    75.26376526073));
#5477 = CARTESIAN_POINT('',(-203.1617779581,36.651169913216,
    73.565859150148));
#5478 = CARTESIAN_POINT('',(-199.9439263754,36.651169913216,
    74.187283313569));
#5479 = CARTESIAN_POINT('',(-196.8039238222,36.651169913216,
    73.906474398292));
#5480 = CARTESIAN_POINT('',(-193.6502881772,36.651169913216,
    74.059406532417));
#5481 = CARTESIAN_POINT('',(-190.5238544957,36.651169913216,
    73.956593452486));
#5482 = CARTESIAN_POINT('',(-187.3979035972,36.651169913216,
    74.02076906567));
#5483 = CARTESIAN_POINT('',(-184.2712661539,36.651169913216,
    73.981445479037));
#5484 = CARTESIAN_POINT('',(-181.1559065714,36.651169913216,
    74.003512608382));
#5485 = CARTESIAN_POINT('',(-178.0122542805,36.651169913216,
    73.993505477615));
#5486 = CARTESIAN_POINT('',(-174.9117896235,36.651169913216,
    74.000891831207));
#5487 = CARTESIAN_POINT('',(-171.6693361669,36.651169913216,
    74.01056438083));
#5488 = CARTESIAN_POINT('',(-168.5057014313,36.651169913216,
    74.010898229766));
#5489 = CARTESIAN_POINT('',(-165.4844573721,36.651169913216,
    73.652921370906));
#5490 = CARTESIAN_POINT('',(-162.3423992853,36.651169913216,
    77.747036485427));
#5491 = CARTESIAN_POINT('',(-159.2634964041,36.651169913216,
    86.207182850519));
#5492 = CARTESIAN_POINT('',(-156.1823448947,36.651169913216,
    96.892633753093));
#5493 = CARTESIAN_POINT('',(-153.0590219735,36.651169913216,
    106.75115650073));
#5494 = CARTESIAN_POINT('',(-149.9482544959,36.651169913216,
    112.90637440298));
#5495 = CARTESIAN_POINT('',(-146.7241779702,36.651169913216,
    113.78012784795));
#5496 = CARTESIAN_POINT('',(-143.4946291038,36.651169913216,
    108.50884213525));
#5497 = CARTESIAN_POINT('',(-140.4942901617,36.651169913216,
    99.290133570333));
#5498 = CARTESIAN_POINT('',(-137.4482208537,36.651169913216,
    88.544423638351));
#5499 = CARTESIAN_POINT('',(-134.4049803305,36.651169913216,
    79.335882574139));
#5500 = CARTESIAN_POINT('',(-131.260957067,36.651169913216,
    73.942045215691));
#5501 = CARTESIAN_POINT('',(-128.2097768072,36.651169913216,
    73.966726008171));
#5502 = CARTESIAN_POINT('',(-125.1317400911,36.651169913216,
    74.025819119543));
#5503 = CARTESIAN_POINT('',(-121.7828599083,36.651169913216,
    73.994897704832));
#5504 = CARTESIAN_POINT('',(-118.7216058835,36.651169913216,
    74.000925826154));
#5505 = CARTESIAN_POINT('',(-115.5420323229,36.651169913216,
    73.994188244363));
#5506 = CARTESIAN_POINT('',(-112.4528648836,36.651169913216,
    73.99632634757));
#5507 = CARTESIAN_POINT('',(-109.3040734641,36.651169913216,
    73.996890538441));
#5508 = CARTESIAN_POINT('',(-106.2006800342,36.651169913216,
    73.993464640954));
#5509 = CARTESIAN_POINT('',(-103.049220273,36.651169913216,
    74.00269151575));
#5510 = CARTESIAN_POINT('',(-99.94497584182,36.651169913216,
    73.990988792897));
#5511 = CARTESIAN_POINT('',(-96.65251730109,36.651169913216,
    74.042969550474));
#5512 = CARTESIAN_POINT('',(-93.57852523436,36.651169913216,
    73.88440557677));
#5513 = CARTESIAN_POINT('',(-90.50838704351,36.651169913216,
    74.287055488401));
#5514 = CARTESIAN_POINT('',(-87.38288840939,36.651169913216,
    79.959854424471));
#5515 = CARTESIAN_POINT('',(-84.31785444875,36.651169913216,
    89.3784067863));
#5516 = CARTESIAN_POINT('',(-81.24214244136,36.651169913216,
    100.14370818437));
#5517 = CARTESIAN_POINT('',(-78.12960500485,36.651169913216,
    109.14484732263));
#5518 = CARTESIAN_POINT('',(-74.96906529327,36.651169913216,
    113.75045634075));
#5519 = CARTESIAN_POINT('',(-71.73799895759,36.651169913216,
    112.72046662345));
#5520 = CARTESIAN_POINT('',(-68.60106908076,36.651169913216,
    106.01522010804));
#5521 = CARTESIAN_POINT('',(-65.56017338006,36.651169913216,
    96.022932253251));
#5522 = CARTESIAN_POINT('',(-62.51301691864,36.651169913216,
    85.42772367309));
#5523 = CARTESIAN_POINT('',(-59.44661269167,36.651169913216,
    77.203643312102));
#5524 = CARTESIAN_POINT('',(-56.2794693162,36.651169913216,
    73.424502901997));
#5525 = CARTESIAN_POINT('',(-53.30015135599,36.651169913216,
    74.112545820803));
#5526 = CARTESIAN_POINT('',(-50.09160903077,36.651169913216,
    73.970940706257));
#5527 = CARTESIAN_POINT('',(-46.82988298107,36.651169913216,
    74.020361255432));
#5528 = CARTESIAN_POINT('',(-43.75098561487,36.651169913216,
    73.982834491034));
#5529 = CARTESIAN_POINT('',(-40.59022498143,36.651169913216,
    74.006706876969));
#5530 = CARTESIAN_POINT('',(-37.48657799801,36.651169913216,
    73.986265244007));
#5531 = CARTESIAN_POINT('',(-34.35349204993,36.651169913216,
    74.006051679208));
#5532 = CARTESIAN_POINT('',(-31.22924211799,36.651169913216,
    73.983638653399));
#5533 = CARTESIAN_POINT('',(-28.10496678474,36.651169913216,
    74.017487096333));
#5534 = CARTESIAN_POINT('',(-24.94210454386,36.651169913216,
    73.969232622504));
#5535 = CARTESIAN_POINT('',(-21.65395320521,36.651169913216,
    74.107300501862));
#5536 = CARTESIAN_POINT('',(-18.66692496727,36.651169913216,
    73.540554634753));
#5537 = CARTESIAN_POINT('',(-15.52415536771,36.651169913216,
    75.500045434732));
#5538 = CARTESIAN_POINT('',(-12.42987744782,36.651169913216,
    82.546000053402));
#5539 = CARTESIAN_POINT('',(-9.377596847078,36.651169913216,
    92.687758652895));
#5540 = CARTESIAN_POINT('',(-6.312968134846,36.651169913216,
    103.21014479322));
#5541 = CARTESIAN_POINT('',(-3.20273059646,36.651169913216,
    111.15163822624));
#5542 = CARTESIAN_POINT('',(-2.775557561563E-17,36.651169913216,
    114.00801637601));
#5543 = CARTESIAN_POINT('',(3.20273059646,36.651169913216,
    111.15163822624));
#5544 = CARTESIAN_POINT('',(6.312968134846,36.651169913216,
    103.21014479322));
#5545 = CARTESIAN_POINT('',(9.377596847078,36.651169913216,
    92.687758652894));
#5546 = CARTESIAN_POINT('',(12.429877447828,36.651169913216,
    82.546000053402));
#5547 = CARTESIAN_POINT('',(15.524155367714,36.651169913216,
    75.500045434732));
#5548 = CARTESIAN_POINT('',(18.666924967278,36.651169913216,
    73.540554634753));
#5549 = CARTESIAN_POINT('',(21.653953205212,36.651169913216,
    74.107300501862));
#5550 = CARTESIAN_POINT('',(24.942104543865,36.651169913216,
    73.969232622504));
#5551 = CARTESIAN_POINT('',(28.104966784746,36.651169913216,
    74.017487096333));
#5552 = CARTESIAN_POINT('',(31.229242117992,36.651169913216,
    73.983638653399));
#5553 = CARTESIAN_POINT('',(34.353492049937,36.651169913216,
    74.006051679208));
#5554 = CARTESIAN_POINT('',(37.486577998015,36.651169913216,
    73.986265244008));
#5555 = CARTESIAN_POINT('',(40.590224981439,36.651169913216,
    74.006706876969));
#5556 = CARTESIAN_POINT('',(43.75098561487,36.651169913216,
    73.982834491034));
#5557 = CARTESIAN_POINT('',(46.82988298107,36.651169913216,
    74.020361255432));
#5558 = CARTESIAN_POINT('',(50.091609030777,36.651169913216,
    73.970940706257));
#5559 = CARTESIAN_POINT('',(53.30015135599,36.651169913216,
    74.112545820803));
#5560 = CARTESIAN_POINT('',(56.279469316208,36.651169913216,
    73.424502901997));
#5561 = CARTESIAN_POINT('',(59.446612691677,36.651169913216,
    77.203643312102));
#5562 = CARTESIAN_POINT('',(62.513016918643,36.651169913216,
    85.42772367309));
#5563 = CARTESIAN_POINT('',(65.560173380067,36.651169913216,
    96.022932253251));
#5564 = CARTESIAN_POINT('',(68.601069080765,36.651169913216,
    106.01522010804));
#5565 = CARTESIAN_POINT('',(71.73799895759,36.651169913216,
    112.72046662345));
#5566 = CARTESIAN_POINT('',(74.969065293279,36.651169913216,
    113.75045634075));
#5567 = CARTESIAN_POINT('',(78.129605004858,36.651169913216,
    109.14484732263));
#5568 = CARTESIAN_POINT('',(81.242142441362,36.651169913216,
    100.14370818437));
#5569 = CARTESIAN_POINT('',(84.317854448757,36.651169913216,
    89.3784067863));
#5570 = CARTESIAN_POINT('',(87.382888409396,36.651169913216,
    79.959854424472));
#5571 = CARTESIAN_POINT('',(90.508387043519,36.651169913216,
    74.287055488401));
#5572 = CARTESIAN_POINT('',(93.578525234368,36.651169913216,
    73.88440557677));
#5573 = CARTESIAN_POINT('',(96.652517301093,36.651169913216,
    74.042969550475));
#5574 = CARTESIAN_POINT('',(99.944975841828,36.651169913216,
    73.990988792897));
#5575 = CARTESIAN_POINT('',(103.04922027306,36.651169913216,
    74.00269151575));
#5576 = CARTESIAN_POINT('',(106.20068003424,36.651169913216,
    73.993464640954));
#5577 = CARTESIAN_POINT('',(109.30407346416,36.651169913216,
    73.996890538442));
#5578 = CARTESIAN_POINT('',(112.45286488364,36.651169913216,
    73.99632634757));
#5579 = CARTESIAN_POINT('',(115.54203232295,36.651169913216,
    73.994188244363));
#5580 = CARTESIAN_POINT('',(118.72160588355,36.651169913216,
    74.000925826154));
#5581 = CARTESIAN_POINT('',(121.78285990839,36.651169913216,
    73.994897704832));
#5582 = CARTESIAN_POINT('',(125.13174009112,36.651169913216,
    74.025819119543));
#5583 = CARTESIAN_POINT('',(128.20977680724,36.651169913216,
    73.966726008171));
#5584 = CARTESIAN_POINT('',(131.26095706703,36.651169913216,
    73.942045215691));
#5585 = CARTESIAN_POINT('',(134.40498033054,36.651169913216,
    79.335882574139));
#5586 = CARTESIAN_POINT('',(137.44822085371,36.651169913216,
    88.544423638351));
#5587 = CARTESIAN_POINT('',(140.49429016176,36.651169913216,
    99.290133570333));
#5588 = CARTESIAN_POINT('',(143.49462910383,36.651169913216,
    108.50884213525));
#5589 = CARTESIAN_POINT('',(146.72417797021,36.651169913216,
    113.78012784795));
#5590 = CARTESIAN_POINT('',(149.9482544959,36.651169913216,
    112.90637440298));
#5591 = CARTESIAN_POINT('',(153.05902197354,36.651169913216,
    106.75115650073));
#5592 = CARTESIAN_POINT('',(156.1823448947,36.651169913216,
    96.892633753093));
#5593 = CARTESIAN_POINT('',(159.26349640411,36.651169913216,
    86.207182850519));
#5594 = CARTESIAN_POINT('',(162.34239928534,36.651169913216,
    77.747036485427));
#5595 = CARTESIAN_POINT('',(165.48445737214,36.651169913216,
    73.652921370906));
#5596 = CARTESIAN_POINT('',(168.50570143136,36.651169913216,
    74.010898229766));
#5597 = CARTESIAN_POINT('',(171.66933616697,36.651169913216,
    74.01056438083));
#5598 = CARTESIAN_POINT('',(174.91178962354,36.651169913216,
    74.000891831207));
#5599 = CARTESIAN_POINT('',(178.01225428054,36.651169913216,
    73.993505477615));
#5600 = CARTESIAN_POINT('',(181.15590657147,36.651169913216,
    74.003512608382));
#5601 = CARTESIAN_POINT('',(184.27126615396,36.651169913216,
    73.981445479037));
#5602 = CARTESIAN_POINT('',(187.39790359723,36.651169913216,
    74.02076906567));
#5603 = CARTESIAN_POINT('',(190.52385449579,36.651169913216,
    73.956593452486));
#5604 = CARTESIAN_POINT('',(193.65028817727,36.651169913216,
    74.059406532417));
#5605 = CARTESIAN_POINT('',(196.80392382223,36.651169913216,
    73.906474398292));
#5606 = CARTESIAN_POINT('',(199.94392637543,36.651169913216,
    74.187283313569));
#5607 = CARTESIAN_POINT('',(203.16177795814,36.651169913216,
    73.565859150148));
#5608 = CARTESIAN_POINT('',(206.35231406763,36.651169913216,
    75.26376526073));
#5609 = CARTESIAN_POINT('',(209.36825782326,36.651169913216,
    81.93783787033));
#5610 = CARTESIAN_POINT('',(212.37959561216,36.651169913216,
    91.861039276425));
#5611 = CARTESIAN_POINT('',(215.39238910851,36.651169913216,
    102.3278815656));
#5612 = CARTESIAN_POINT('',(218.421822624,36.651169913216,
    110.71941691617));
#5613 = CARTESIAN_POINT('',(221.72619309389,36.651169913216,
    114.1837953944));
#5614 = CARTESIAN_POINT('',(224.87045067834,36.651169913216,
    115.67017222198));
#5615 = CARTESIAN_POINT('',(228.,36.651169913216,116.));
#5616 = CARTESIAN_POINT('',(-228.,40.009524037948,116.));
#5617 = CARTESIAN_POINT('',(-224.8704506783,40.009524037948,
    115.66970237037));
#5618 = CARTESIAN_POINT('',(-221.7261930938,40.009524037948,
    114.1822836149));
#5619 = CARTESIAN_POINT('',(-218.421822624,40.009524037948,
    110.70755816957));
#5620 = CARTESIAN_POINT('',(-215.3923891085,40.009524037948,
    102.3038882817));
#5621 = CARTESIAN_POINT('',(-212.3795956121,40.009524037948,
    91.826830008394));
#5622 = CARTESIAN_POINT('',(-209.3682578232,40.009524037948,
    81.899539534501));
#5623 = CARTESIAN_POINT('',(-206.3523140676,40.009524037948,
    75.231404447618));
#5624 = CARTESIAN_POINT('',(-203.1617779581,40.009524037948,
    73.555730597079));
#5625 = CARTESIAN_POINT('',(-199.9439263754,40.009524037948,
    74.221860874349));
#5626 = CARTESIAN_POINT('',(-196.8039238222,40.009524037948,
    73.864712505579));
#5627 = CARTESIAN_POINT('',(-193.6502881772,40.009524037948,
    74.085843724582));
#5628 = CARTESIAN_POINT('',(-190.5238544957,40.009524037948,
    73.947350142209));
#5629 = CARTESIAN_POINT('',(-187.3979035972,40.009524037948,
    74.037817495413));
#5630 = CARTESIAN_POINT('',(-184.2712661539,40.009524037948,
    73.980808002161));
#5631 = CARTESIAN_POINT('',(-181.1559065714,40.009524037948,
    74.016085493027));
#5632 = CARTESIAN_POINT('',(-178.0122542805,40.009524037948,
    73.991734151947));
#5633 = CARTESIAN_POINT('',(-174.9117896235,40.009524037948,
    74.013888047837));
#5634 = CARTESIAN_POINT('',(-171.6693361669,40.009524037948,
    73.963833279563));
#5635 = CARTESIAN_POINT('',(-168.5057014313,40.009524037948,
    74.098374573602));
#5636 = CARTESIAN_POINT('',(-165.4844573721,40.009524037948,
    73.691501292067));
#5637 = CARTESIAN_POINT('',(-162.3423992853,40.009524037948,
    77.717280098706));
#5638 = CARTESIAN_POINT('',(-159.2634964041,40.009524037948,
    86.264036600659));
#5639 = CARTESIAN_POINT('',(-156.1823448947,40.009524037948,
    96.895386009981));
#5640 = CARTESIAN_POINT('',(-153.0590219735,40.009524037948,
    106.72838820916));
#5641 = CARTESIAN_POINT('',(-149.9482544959,40.009524037948,
    112.88942131991));
#5642 = CARTESIAN_POINT('',(-146.7241779702,40.009524037948,
    113.76516593225));
#5643 = CARTESIAN_POINT('',(-143.4946291038,40.009524037948,
    108.48457819012));
#5644 = CARTESIAN_POINT('',(-140.4942901617,40.009524037948,
    99.281936359046));
#5645 = CARTESIAN_POINT('',(-137.4482208537,40.009524037948,
    88.605619180109));
#5646 = CARTESIAN_POINT('',(-134.4049803305,40.009524037948,
    79.327085778864));
#5647 = CARTESIAN_POINT('',(-131.260957067,40.009524037948,
    73.93191372843));
#5648 = CARTESIAN_POINT('',(-128.2097768072,40.009524037948,
    74.054464219263));
#5649 = CARTESIAN_POINT('',(-125.1317400911,40.009524037948,
    73.968765423131));
#5650 = CARTESIAN_POINT('',(-121.7828599083,40.009524037948,
    74.012028179439));
#5651 = CARTESIAN_POINT('',(-118.7216058835,40.009524037948,
    73.99402532158));
#5652 = CARTESIAN_POINT('',(-115.5420323229,40.009524037948,
    74.007788147476));
#5653 = CARTESIAN_POINT('',(-112.4528648836,40.009524037948,
    73.998905485702));
#5654 = CARTESIAN_POINT('',(-109.3040734641,40.009524037948,
    74.005221921015));
#5655 = CARTESIAN_POINT('',(-106.2006800342,40.009524037948,
    74.000256598059));
#5656 = CARTESIAN_POINT('',(-103.049220273,40.009524037948,
    74.004338798686));
#5657 = CARTESIAN_POINT('',(-99.94497584182,40.009524037948,
    73.994978443496));
#5658 = CARTESIAN_POINT('',(-96.65251730109,40.009524037948,
    74.000502453034));
#5659 = CARTESIAN_POINT('',(-93.57852523436,40.009524037948,
    73.964051390552));
#5660 = CARTESIAN_POINT('',(-90.50838704351,40.009524037948,
    74.275725684309));
#5661 = CARTESIAN_POINT('',(-87.38288840939,40.009524037948,
    79.957552807641));
#5662 = CARTESIAN_POINT('',(-84.31785444875,40.009524037948,
    89.433770882049));
#5663 = CARTESIAN_POINT('',(-81.24214244136,40.009524037948,
    100.13383579192));
#5664 = CARTESIAN_POINT('',(-78.12960500485,40.009524037948,
    109.12170721906));
#5665 = CARTESIAN_POINT('',(-74.96906529327,40.009524037948,
    113.73540325879));
#5666 = CARTESIAN_POINT('',(-71.73799895759,40.009524037948,
    112.70324059949));
#5667 = CARTESIAN_POINT('',(-68.60106908076,40.009524037948,
    105.99177076774));
#5668 = CARTESIAN_POINT('',(-65.56017338006,40.009524037948,
    96.028372827924));
#5669 = CARTESIAN_POINT('',(-62.51301691864,40.009524037948,
    85.488852191184));
#5670 = CARTESIAN_POINT('',(-59.44661269167,40.009524037948,
    77.165615097675));
#5671 = CARTESIAN_POINT('',(-56.2794693162,40.009524037948,
    73.472044556912));
#5672 = CARTESIAN_POINT('',(-53.30015135599,40.009524037948,
    74.201437386424));
#5673 = CARTESIAN_POINT('',(-50.09160903077,40.009524037948,
    73.910774751167));
#5674 = CARTESIAN_POINT('',(-46.82988298107,40.009524037948,
    74.046919519577));
#5675 = CARTESIAN_POINT('',(-43.75098561487,40.009524037948,
    73.972262955763));
#5676 = CARTESIAN_POINT('',(-40.59022498143,40.009524037948,
    74.02441379801));
#5677 = CARTESIAN_POINT('',(-37.48657799801,40.009524037948,
    73.984623906609));
#5678 = CARTESIAN_POINT('',(-34.35349204993,40.009524037948,
    74.019551722569));
#5679 = CARTESIAN_POINT('',(-31.22924211799,40.009524037948,
    73.98289759298));
#5680 = CARTESIAN_POINT('',(-28.10496678474,40.009524037948,
    74.029283208445));
#5681 = CARTESIAN_POINT('',(-24.94210454386,40.009524037948,
    73.946988508252));
#5682 = CARTESIAN_POINT('',(-21.65395320521,40.009524037948,
    74.112263905713));
#5683 = CARTESIAN_POINT('',(-18.66692496727,40.009524037948,
    73.637070666361));
#5684 = CARTESIAN_POINT('',(-15.52415536771,40.009524037948,
    75.460116814426));
#5685 = CARTESIAN_POINT('',(-12.42987744782,40.009524037948,
    82.579754573809));
#5686 = CARTESIAN_POINT('',(-9.377596847078,40.009524037948,
    92.710513642734));
#5687 = CARTESIAN_POINT('',(-6.312968134846,40.009524037948,
    103.19145134757));
#5688 = CARTESIAN_POINT('',(-3.20273059646,40.009524037948,
    111.13047484836));
#5689 = CARTESIAN_POINT('',(-2.775557561563E-17,40.009524037948,
    113.99528959418));
#5690 = CARTESIAN_POINT('',(3.20273059646,40.009524037948,
    111.13047484836));
#5691 = CARTESIAN_POINT('',(6.312968134846,40.009524037948,
    103.19145134757));
#5692 = CARTESIAN_POINT('',(9.377596847078,40.009524037948,
    92.710513642735));
#5693 = CARTESIAN_POINT('',(12.429877447828,40.009524037948,
    82.579754573809));
#5694 = CARTESIAN_POINT('',(15.524155367714,40.009524037948,
    75.460116814426));
#5695 = CARTESIAN_POINT('',(18.666924967278,40.009524037948,
    73.637070666361));
#5696 = CARTESIAN_POINT('',(21.653953205213,40.009524037948,
    74.112263905713));
#5697 = CARTESIAN_POINT('',(24.942104543865,40.009524037948,
    73.946988508252));
#5698 = CARTESIAN_POINT('',(28.104966784746,40.009524037948,
    74.029283208445));
#5699 = CARTESIAN_POINT('',(31.229242117992,40.009524037948,
    73.98289759298));
#5700 = CARTESIAN_POINT('',(34.353492049937,40.009524037948,
    74.019551722569));
#5701 = CARTESIAN_POINT('',(37.486577998015,40.009524037948,
    73.984623906609));
#5702 = CARTESIAN_POINT('',(40.590224981439,40.009524037948,
    74.02441379801));
#5703 = CARTESIAN_POINT('',(43.75098561487,40.009524037948,
    73.972262955763));
#5704 = CARTESIAN_POINT('',(46.82988298107,40.009524037948,
    74.046919519577));
#5705 = CARTESIAN_POINT('',(50.091609030777,40.009524037948,
    73.910774751167));
#5706 = CARTESIAN_POINT('',(53.30015135599,40.009524037948,
    74.201437386424));
#5707 = CARTESIAN_POINT('',(56.279469316208,40.009524037948,
    73.472044556912));
#5708 = CARTESIAN_POINT('',(59.446612691677,40.009524037948,
    77.165615097675));
#5709 = CARTESIAN_POINT('',(62.513016918644,40.009524037948,
    85.488852191184));
#5710 = CARTESIAN_POINT('',(65.560173380067,40.009524037948,
    96.028372827924));
#5711 = CARTESIAN_POINT('',(68.601069080765,40.009524037948,
    105.99177076774));
#5712 = CARTESIAN_POINT('',(71.73799895759,40.009524037948,
    112.70324059949));
#5713 = CARTESIAN_POINT('',(74.969065293279,40.009524037948,
    113.73540325879));
#5714 = CARTESIAN_POINT('',(78.129605004858,40.009524037948,
    109.12170721906));
#5715 = CARTESIAN_POINT('',(81.242142441362,40.009524037948,
    100.13383579192));
#5716 = CARTESIAN_POINT('',(84.317854448757,40.009524037948,
    89.433770882048));
#5717 = CARTESIAN_POINT('',(87.382888409396,40.009524037948,
    79.957552807641));
#5718 = CARTESIAN_POINT('',(90.508387043519,40.009524037948,
    74.275725684309));
#5719 = CARTESIAN_POINT('',(93.578525234368,40.009524037948,
    73.964051390552));
#5720 = CARTESIAN_POINT('',(96.652517301093,40.009524037948,
    74.000502453034));
#5721 = CARTESIAN_POINT('',(99.944975841828,40.009524037948,
    73.994978443496));
#5722 = CARTESIAN_POINT('',(103.04922027306,40.009524037948,
    74.004338798686));
#5723 = CARTESIAN_POINT('',(106.20068003424,40.009524037948,
    74.00025659806));
#5724 = CARTESIAN_POINT('',(109.30407346416,40.009524037948,
    74.005221921015));
#5725 = CARTESIAN_POINT('',(112.45286488364,40.009524037948,
    73.998905485702));
#5726 = CARTESIAN_POINT('',(115.54203232295,40.009524037948,
    74.007788147476));
#5727 = CARTESIAN_POINT('',(118.72160588355,40.009524037948,
    73.99402532158));
#5728 = CARTESIAN_POINT('',(121.78285990839,40.009524037948,
    74.012028179439));
#5729 = CARTESIAN_POINT('',(125.13174009112,40.009524037948,
    73.968765423131));
#5730 = CARTESIAN_POINT('',(128.20977680724,40.009524037948,
    74.054464219263));
#5731 = CARTESIAN_POINT('',(131.26095706703,40.009524037948,
    73.93191372843));
#5732 = CARTESIAN_POINT('',(134.40498033054,40.009524037948,
    79.327085778864));
#5733 = CARTESIAN_POINT('',(137.44822085371,40.009524037948,
    88.605619180109));
#5734 = CARTESIAN_POINT('',(140.49429016176,40.009524037948,
    99.281936359046));
#5735 = CARTESIAN_POINT('',(143.49462910383,40.009524037948,
    108.48457819012));
#5736 = CARTESIAN_POINT('',(146.72417797021,40.009524037948,
    113.76516593225));
#5737 = CARTESIAN_POINT('',(149.9482544959,40.009524037948,
    112.88942131991));
#5738 = CARTESIAN_POINT('',(153.05902197354,40.009524037948,
    106.72838820916));
#5739 = CARTESIAN_POINT('',(156.1823448947,40.009524037948,
    96.89538600998));
#5740 = CARTESIAN_POINT('',(159.26349640411,40.009524037948,
    86.264036600659));
#5741 = CARTESIAN_POINT('',(162.34239928534,40.009524037948,
    77.717280098706));
#5742 = CARTESIAN_POINT('',(165.48445737214,40.009524037948,
    73.691501292067));
#5743 = CARTESIAN_POINT('',(168.50570143136,40.009524037948,
    74.098374573601));
#5744 = CARTESIAN_POINT('',(171.66933616697,40.009524037948,
    73.963833279563));
#5745 = CARTESIAN_POINT('',(174.91178962355,40.009524037948,
    74.013888047837));
#5746 = CARTESIAN_POINT('',(178.01225428054,40.009524037948,
    73.991734151947));
#5747 = CARTESIAN_POINT('',(181.15590657147,40.009524037948,
    74.016085493027));
#5748 = CARTESIAN_POINT('',(184.27126615396,40.009524037948,
    73.980808002161));
#5749 = CARTESIAN_POINT('',(187.39790359724,40.009524037948,
    74.037817495413));
#5750 = CARTESIAN_POINT('',(190.52385449579,40.009524037948,
    73.947350142209));
#5751 = CARTESIAN_POINT('',(193.65028817727,40.009524037948,
    74.085843724582));
#5752 = CARTESIAN_POINT('',(196.80392382223,40.009524037948,
    73.864712505579));
#5753 = CARTESIAN_POINT('',(199.94392637543,40.009524037948,
    74.221860874349));
#5754 = CARTESIAN_POINT('',(203.16177795814,40.009524037948,
    73.555730597079));
#5755 = CARTESIAN_POINT('',(206.35231406763,40.009524037948,
    75.231404447619));
#5756 = CARTESIAN_POINT('',(209.36825782326,40.009524037948,
    81.899539534501));
#5757 = CARTESIAN_POINT('',(212.37959561216,40.009524037948,
    91.826830008394));
#5758 = CARTESIAN_POINT('',(215.39238910851,40.009524037948,
    102.3038882817));
#5759 = CARTESIAN_POINT('',(218.421822624,40.009524037948,
    110.70755816957));
#5760 = CARTESIAN_POINT('',(221.72619309389,40.009524037948,
    114.1822836149));
#5761 = CARTESIAN_POINT('',(224.87045067834,40.009524037948,
    115.66970237037));
#5762 = CARTESIAN_POINT('',(228.,40.009524037948,116.));
#5763 = CARTESIAN_POINT('',(-228.,43.339896835134,116.));
#5764 = CARTESIAN_POINT('',(-224.8704506783,43.339896835134,
    115.67253429245));
#5765 = CARTESIAN_POINT('',(-221.7261930938,43.339896835134,
    114.19142406769));
#5766 = CARTESIAN_POINT('',(-218.421822624,43.339896835134,
    110.78306063621));
#5767 = CARTESIAN_POINT('',(-215.3923891085,43.339896835134,
    102.45473726222));
#5768 = CARTESIAN_POINT('',(-212.3795956121,43.339896835134,
    92.035285653869));
#5769 = CARTESIAN_POINT('',(-209.3682578232,43.339896835134,
    82.121899094736));
#5770 = CARTESIAN_POINT('',(-206.3523140676,43.339896835134,
    75.387704415117));
#5771 = CARTESIAN_POINT('',(-203.1617779581,43.339896835135,
    73.51199346187));
#5772 = CARTESIAN_POINT('',(-199.9439263754,43.339896835134,
    74.232047012203));
#5773 = CARTESIAN_POINT('',(-196.8039238222,43.339896835135,
    73.873609657382));
#5774 = CARTESIAN_POINT('',(-193.6502881772,43.339896835134,
    74.078518840953));
#5775 = CARTESIAN_POINT('',(-190.5238544957,43.339896835134,
    73.9460599946));
#5776 = CARTESIAN_POINT('',(-187.3979035972,43.339896835135,
    74.030606618307));
#5777 = CARTESIAN_POINT('',(-184.2712661539,43.339896835134,
    73.978721976477));
#5778 = CARTESIAN_POINT('',(-181.1559065714,43.339896835134,
    74.008345665791));
#5779 = CARTESIAN_POINT('',(-178.0122542805,43.339896835134,
    73.992745827914));
#5780 = CARTESIAN_POINT('',(-174.9117896235,43.339896835134,
    74.002192742784));
#5781 = CARTESIAN_POINT('',(-171.6693361669,43.339896835134,
    73.999922541383));
#5782 = CARTESIAN_POINT('',(-168.5057014313,43.339896835134,
    74.029668433514));
#5783 = CARTESIAN_POINT('',(-165.4844573721,43.339896835134,
    73.716660229692));
#5784 = CARTESIAN_POINT('',(-162.3423992853,43.339896835134,
    77.908106870295));
#5785 = CARTESIAN_POINT('',(-159.2634964041,43.339896835134,
    86.4355580117));
#5786 = CARTESIAN_POINT('',(-156.1823448947,43.339896835134,
    97.061378652064));
#5787 = CARTESIAN_POINT('',(-153.0590219735,43.339896835134,
    106.84426526712));
#5788 = CARTESIAN_POINT('',(-149.9482544959,43.339896835134,
    112.93481610861));
#5789 = CARTESIAN_POINT('',(-146.7241779702,43.339896835134,
    113.79002435354));
#5790 = CARTESIAN_POINT('',(-143.4946291038,43.339896835134,
    108.58960369166));
#5791 = CARTESIAN_POINT('',(-140.4942901617,43.339896835134,
    99.441981131526));
#5792 = CARTESIAN_POINT('',(-137.4482208537,43.339896835134,
    88.772805258997));
#5793 = CARTESIAN_POINT('',(-134.4049803305,43.339896835134,
    79.523380098157));
#5794 = CARTESIAN_POINT('',(-131.260957067,43.339896835134,
    74.029729246147));
#5795 = CARTESIAN_POINT('',(-128.2097768072,43.339896835134,
    73.970804433541));
#5796 = CARTESIAN_POINT('',(-125.1317400911,43.339896835134,
    74.02308283186));
#5797 = CARTESIAN_POINT('',(-121.7828599083,43.339896835134,
    73.990713895669));
#5798 = CARTESIAN_POINT('',(-118.7216058835,43.339896835134,
    74.003256175354));
#5799 = CARTESIAN_POINT('',(-115.5420323229,43.339896835134,
    73.995242972615));
#5800 = CARTESIAN_POINT('',(-112.4528648836,43.339896835134,
    73.998773425635));
#5801 = CARTESIAN_POINT('',(-109.3040734641,43.339896835135,
    73.99886913647));
#5802 = CARTESIAN_POINT('',(-106.2006800342,43.339896835134,
    73.99503850817));
#5803 = CARTESIAN_POINT('',(-103.049220273,43.339896835135,
    74.00419898597));
#5804 = CARTESIAN_POINT('',(-99.94497584182,43.339896835134,
    73.987183838151));
#5805 = CARTESIAN_POINT('',(-96.65251730109,43.339896835134,
    74.039421607793));
#5806 = CARTESIAN_POINT('',(-93.57852523436,43.339896835134,
    73.893923660091));
#5807 = CARTESIAN_POINT('',(-90.50838704351,43.339896835134,
    74.382569371812));
#5808 = CARTESIAN_POINT('',(-87.38288840939,43.339896835134,
    80.151493430464));
#5809 = CARTESIAN_POINT('',(-84.31785444875,43.339896835134,
    89.600871301156));
#5810 = CARTESIAN_POINT('',(-81.24214244136,43.339896835134,
    100.28928335179));
#5811 = CARTESIAN_POINT('',(-78.12960500485,43.339896835134,
    109.21703357488));
#5812 = CARTESIAN_POINT('',(-74.96906529327,43.339896835134,
    113.76133937494));
#5813 = CARTESIAN_POINT('',(-71.73799895759,43.339896835134,
    112.75162838576));
#5814 = CARTESIAN_POINT('',(-68.60106908076,43.339896835134,
    106.11594892426));
#5815 = CARTESIAN_POINT('',(-65.56017338006,43.339896835134,
    96.198015869043));
#5816 = CARTESIAN_POINT('',(-62.51301691864,43.339896835134,
    85.660166170345));
#5817 = CARTESIAN_POINT('',(-59.44661269167,43.339896835134,
    77.358128683804));
#5818 = CARTESIAN_POINT('',(-56.2794693162,43.339896835134,
    73.480951265192));
#5819 = CARTESIAN_POINT('',(-53.30015135599,43.339896835134,
    74.129553421913));
#5820 = CARTESIAN_POINT('',(-50.09160903077,43.339896835134,
    73.958191533374));
#5821 = CARTESIAN_POINT('',(-46.82988298107,43.339896835135,
    74.023894302045));
#5822 = CARTESIAN_POINT('',(-43.75098561487,43.339896835134,
    73.981237879628));
#5823 = CARTESIAN_POINT('',(-40.59022498143,43.339896835135,
    74.0111185897));
#5824 = CARTESIAN_POINT('',(-37.48657799801,43.339896835134,
    73.985960677005));
#5825 = CARTESIAN_POINT('',(-34.35349204993,43.339896835135,
    74.010716143948));
#5826 = CARTESIAN_POINT('',(-31.22924211799,43.339896835134,
    73.981832987517));
#5827 = CARTESIAN_POINT('',(-28.10496678474,43.339896835134,
    74.022960768825));
#5828 = CARTESIAN_POINT('',(-24.94210454386,43.339896835134,
    73.955723657437));
#5829 = CARTESIAN_POINT('',(-21.65395320521,43.339896835134,
    74.124621835455));
#5830 = CARTESIAN_POINT('',(-18.66692496727,43.339896835134,
    73.547820874796));
#5831 = CARTESIAN_POINT('',(-15.52415536771,43.339896835134,
    75.62398316914));
#5832 = CARTESIAN_POINT('',(-12.42987744782,43.339896835134,
    82.763681889939));
#5833 = CARTESIAN_POINT('',(-9.377596847078,43.339896835134,
    92.884871200855));
#5834 = CARTESIAN_POINT('',(-6.312968134846,43.339896835134,
    103.33265497146));
#5835 = CARTESIAN_POINT('',(-3.20273059646,43.339896835134,
    111.20357729194));
#5836 = CARTESIAN_POINT('',(-2.775557561563E-17,43.339896835134,
    114.0113141134));
#5837 = CARTESIAN_POINT('',(3.20273059646,43.339896835134,
    111.20357729194));
#5838 = CARTESIAN_POINT('',(6.312968134846,43.339896835134,
    103.33265497146));
#5839 = CARTESIAN_POINT('',(9.377596847078,43.339896835134,
    92.884871200855));
#5840 = CARTESIAN_POINT('',(12.429877447828,43.339896835134,
    82.763681889939));
#5841 = CARTESIAN_POINT('',(15.524155367714,43.339896835134,
    75.62398316914));
#5842 = CARTESIAN_POINT('',(18.666924967278,43.339896835134,
    73.547820874796));
#5843 = CARTESIAN_POINT('',(21.653953205212,43.339896835134,
    74.124621835455));
#5844 = CARTESIAN_POINT('',(24.942104543865,43.339896835134,
    73.955723657437));
#5845 = CARTESIAN_POINT('',(28.104966784746,43.339896835135,
    74.022960768825));
#5846 = CARTESIAN_POINT('',(31.229242117992,43.339896835134,
    73.981832987517));
#5847 = CARTESIAN_POINT('',(34.353492049937,43.339896835134,
    74.010716143948));
#5848 = CARTESIAN_POINT('',(37.486577998015,43.339896835134,
    73.985960677005));
#5849 = CARTESIAN_POINT('',(40.590224981439,43.339896835134,
    74.011118589699));
#5850 = CARTESIAN_POINT('',(43.75098561487,43.339896835134,
    73.981237879628));
#5851 = CARTESIAN_POINT('',(46.82988298107,43.339896835134,
    74.023894302045));
#5852 = CARTESIAN_POINT('',(50.091609030777,43.339896835135,
    73.958191533374));
#5853 = CARTESIAN_POINT('',(53.30015135599,43.339896835134,
    74.129553421913));
#5854 = CARTESIAN_POINT('',(56.279469316208,43.339896835134,
    73.480951265191));
#5855 = CARTESIAN_POINT('',(59.446612691677,43.339896835134,
    77.358128683804));
#5856 = CARTESIAN_POINT('',(62.513016918643,43.339896835134,
    85.660166170345));
#5857 = CARTESIAN_POINT('',(65.560173380067,43.339896835134,
    96.198015869043));
#5858 = CARTESIAN_POINT('',(68.601069080765,43.339896835134,
    106.11594892426));
#5859 = CARTESIAN_POINT('',(71.73799895759,43.339896835134,
    112.75162838576));
#5860 = CARTESIAN_POINT('',(74.969065293279,43.339896835134,
    113.76133937494));
#5861 = CARTESIAN_POINT('',(78.129605004858,43.339896835134,
    109.21703357488));
#5862 = CARTESIAN_POINT('',(81.242142441362,43.339896835134,
    100.28928335179));
#5863 = CARTESIAN_POINT('',(84.317854448757,43.339896835134,
    89.600871301156));
#5864 = CARTESIAN_POINT('',(87.382888409396,43.339896835134,
    80.151493430464));
#5865 = CARTESIAN_POINT('',(90.508387043519,43.339896835134,
    74.382569371812));
#5866 = CARTESIAN_POINT('',(93.578525234368,43.339896835134,
    73.893923660091));
#5867 = CARTESIAN_POINT('',(96.652517301093,43.339896835134,
    74.039421607793));
#5868 = CARTESIAN_POINT('',(99.944975841828,43.339896835134,
    73.987183838151));
#5869 = CARTESIAN_POINT('',(103.04922027306,43.339896835135,
    74.00419898597));
#5870 = CARTESIAN_POINT('',(106.20068003424,43.339896835134,
    73.99503850817));
#5871 = CARTESIAN_POINT('',(109.30407346416,43.339896835135,
    73.99886913647));
#5872 = CARTESIAN_POINT('',(112.45286488365,43.339896835134,
    73.998773425635));
#5873 = CARTESIAN_POINT('',(115.54203232295,43.339896835135,
    73.995242972615));
#5874 = CARTESIAN_POINT('',(118.72160588355,43.339896835134,
    74.003256175355));
#5875 = CARTESIAN_POINT('',(121.78285990839,43.339896835135,
    73.990713895669));
#5876 = CARTESIAN_POINT('',(125.13174009112,43.339896835134,
    74.02308283186));
#5877 = CARTESIAN_POINT('',(128.20977680724,43.339896835134,
    73.970804433541));
#5878 = CARTESIAN_POINT('',(131.26095706703,43.339896835134,
    74.029729246147));
#5879 = CARTESIAN_POINT('',(134.40498033054,43.339896835134,
    79.523380098157));
#5880 = CARTESIAN_POINT('',(137.44822085371,43.339896835134,
    88.772805258998));
#5881 = CARTESIAN_POINT('',(140.49429016176,43.339896835134,
    99.441981131526));
#5882 = CARTESIAN_POINT('',(143.49462910383,43.339896835134,
    108.58960369166));
#5883 = CARTESIAN_POINT('',(146.72417797021,43.339896835134,
    113.79002435354));
#5884 = CARTESIAN_POINT('',(149.9482544959,43.339896835134,
    112.93481610861));
#5885 = CARTESIAN_POINT('',(153.05902197354,43.339896835135,
    106.84426526712));
#5886 = CARTESIAN_POINT('',(156.1823448947,43.339896835134,
    97.061378652064));
#5887 = CARTESIAN_POINT('',(159.26349640411,43.339896835134,
    86.4355580117));
#5888 = CARTESIAN_POINT('',(162.34239928534,43.339896835134,
    77.908106870295));
#5889 = CARTESIAN_POINT('',(165.48445737214,43.339896835134,
    73.716660229692));
#5890 = CARTESIAN_POINT('',(168.50570143136,43.339896835134,
    74.029668433514));
#5891 = CARTESIAN_POINT('',(171.66933616697,43.339896835134,
    73.999922541384));
#5892 = CARTESIAN_POINT('',(174.91178962355,43.339896835134,
    74.002192742784));
#5893 = CARTESIAN_POINT('',(178.01225428054,43.339896835134,
    73.992745827914));
#5894 = CARTESIAN_POINT('',(181.15590657147,43.339896835135,
    74.008345665791));
#5895 = CARTESIAN_POINT('',(184.27126615396,43.339896835134,
    73.978721976477));
#5896 = CARTESIAN_POINT('',(187.39790359724,43.339896835135,
    74.030606618307));
#5897 = CARTESIAN_POINT('',(190.52385449579,43.339896835134,
    73.9460599946));
#5898 = CARTESIAN_POINT('',(193.65028817727,43.339896835135,
    74.078518840953));
#5899 = CARTESIAN_POINT('',(196.80392382223,43.339896835134,
    73.873609657382));
#5900 = CARTESIAN_POINT('',(199.94392637543,43.339896835134,
    74.232047012203));
#5901 = CARTESIAN_POINT('',(203.16177795814,43.339896835134,
    73.51199346187));
#5902 = CARTESIAN_POINT('',(206.35231406763,43.339896835134,
    75.387704415117));
#5903 = CARTESIAN_POINT('',(209.36825782326,43.339896835134,
    82.121899094736));
#5904 = CARTESIAN_POINT('',(212.37959561216,43.339896835134,
    92.03528565387));
#5905 = CARTESIAN_POINT('',(215.39238910851,43.339896835134,
    102.45473726222));
#5906 = CARTESIAN_POINT('',(218.421822624,43.339896835134,
    110.78306063621));
#5907 = CARTESIAN_POINT('',(221.72619309389,43.339896835134,
    114.19142406769));
#5908 = CARTESIAN_POINT('',(224.87045067834,43.339896835134,
    115.67253429245));
#5909 = CARTESIAN_POINT('',(228.,43.339896835134,116.));
#5910 = CARTESIAN_POINT('',(-228.,46.715642724543,116.));
#5911 = CARTESIAN_POINT('',(-224.8704506783,46.715642724543,
    115.68263729208));
#5912 = CARTESIAN_POINT('',(-221.7261930938,46.715642724543,
    114.22402364088));
#5913 = CARTESIAN_POINT('',(-218.421822624,46.715642724543,
    111.04885868806));
#5914 = CARTESIAN_POINT('',(-215.3923891085,46.715642724543,
    102.99077721317));
#5915 = CARTESIAN_POINT('',(-212.3795956121,46.715642724543,
    92.776980523904));
#5916 = CARTESIAN_POINT('',(-209.3682578232,46.715642724543,
    82.916075845507));
#5917 = CARTESIAN_POINT('',(-206.3523140676,46.715642724543,
    75.952989995872));
#5918 = CARTESIAN_POINT('',(-203.1617779581,46.715642724543,
    73.384482977404));
#5919 = CARTESIAN_POINT('',(-199.9439263754,46.715642724543,
    74.285028882669));
#5920 = CARTESIAN_POINT('',(-196.8039238222,46.715642724543,
    73.828114794155));
#5921 = CARTESIAN_POINT('',(-193.6502881772,46.715642724543,
    74.112198424705));
#5922 = CARTESIAN_POINT('',(-190.5238544957,46.715642724543,
    73.932477637746));
#5923 = CARTESIAN_POINT('',(-187.3979035972,46.715642724543,
    74.048004198347));
#5924 = CARTESIAN_POINT('',(-184.2712661539,46.715642724543,
    73.976052278074));
#5925 = CARTESIAN_POINT('',(-181.1559065714,46.715642724543,
    74.018914910115));
#5926 = CARTESIAN_POINT('',(-178.0122542805,46.715642724543,
    73.99300006957));
#5927 = CARTESIAN_POINT('',(-174.9117896235,46.715642724543,
    74.013937414458));
#5928 = CARTESIAN_POINT('',(-171.6693361669,46.715642724543,
    73.971839086649));
#5929 = CARTESIAN_POINT('',(-168.5057014313,46.715642724543,
    74.048433264287));
#5930 = CARTESIAN_POINT('',(-165.4844573721,46.715642724543,
    73.952765262824));
#5931 = CARTESIAN_POINT('',(-162.3423992853,46.715642724543,
    78.60653692855));
#5932 = CARTESIAN_POINT('',(-159.2634964041,46.715642724543,
    87.248725508455));
#5933 = CARTESIAN_POINT('',(-156.1823448947,46.715642724543,
    97.720895069733));
#5934 = CARTESIAN_POINT('',(-153.0590219735,46.715642724543,
    107.2446534472));
#5935 = CARTESIAN_POINT('',(-149.9482544959,46.715642724543,
    113.0709891654));
#5936 = CARTESIAN_POINT('',(-146.7241779702,46.715642724543,
    113.84442678796));
#5937 = CARTESIAN_POINT('',(-143.4946291038,46.715642724543,
    108.94450989574));
#5938 = CARTESIAN_POINT('',(-140.4942901617,46.715642724543,
    100.05151261268));
#5939 = CARTESIAN_POINT('',(-137.4482208537,46.715642724543,
    89.577348665823));
#5940 = CARTESIAN_POINT('',(-134.4049803305,46.715642724543,
    80.288074601746));
#5941 = CARTESIAN_POINT('',(-131.260957067,46.715642724543,
    74.427325146665));
#5942 = CARTESIAN_POINT('',(-128.2097768072,46.715642724543,
    73.869520732825));
#5943 = CARTESIAN_POINT('',(-125.1317400911,46.715642724543,
    74.02588294109));
#5944 = CARTESIAN_POINT('',(-121.7828599083,46.715642724543,
    73.983318673185));
#5945 = CARTESIAN_POINT('',(-118.7216058835,46.715642724543,
    74.014713731917));
#5946 = CARTESIAN_POINT('',(-115.5420323229,46.715642724543,
    73.996445765917));
#5947 = CARTESIAN_POINT('',(-112.4528648836,46.715642724543,
    74.006393567394));
#5948 = CARTESIAN_POINT('',(-109.3040734641,46.715642724543,
    74.002735253507));
#5949 = CARTESIAN_POINT('',(-106.2006800342,46.715642724543,
    74.000682668275));
#5950 = CARTESIAN_POINT('',(-103.049220273,46.715642724543,
    74.009695237335));
#5951 = CARTESIAN_POINT('',(-99.94497584182,46.715642724543,
    73.988070171759));
#5952 = CARTESIAN_POINT('',(-96.65251730109,46.715642724543,
    74.02345817516));
#5953 = CARTESIAN_POINT('',(-93.57852523436,46.715642724543,
    73.828862173169));
#5954 = CARTESIAN_POINT('',(-90.50838704351,46.715642724543,
    74.810898090016));
#5955 = CARTESIAN_POINT('',(-87.38288840939,46.715642724543,
    80.921449185986));
#5956 = CARTESIAN_POINT('',(-84.31785444875,46.715642724543,
    90.391030582209));
#5957 = CARTESIAN_POINT('',(-81.24214244136,46.715642724543,
    100.87682493637));
#5958 = CARTESIAN_POINT('',(-78.12960500485,46.715642724543,
    109.53556455682));
#5959 = CARTESIAN_POINT('',(-74.96906529327,46.715642724543,
    113.82019569129));
#5960 = CARTESIAN_POINT('',(-71.73799895759,46.715642724543,
    112.89940702354));
#5961 = CARTESIAN_POINT('',(-68.60106908076,46.715642724543,
    106.54739924688));
#5962 = CARTESIAN_POINT('',(-65.56017338006,46.715642724543,
    96.878410516902));
#5963 = CARTESIAN_POINT('',(-62.51301691864,46.715642724543,
    86.4829499939));
#5964 = CARTESIAN_POINT('',(-59.44661269167,46.715642724543,
    78.044739923149));
#5965 = CARTESIAN_POINT('',(-56.2794693162,46.715642724543,
    73.676687668926));
#5966 = CARTESIAN_POINT('',(-53.30015135599,46.715642724543,
    74.141441819884));
#5967 = CARTESIAN_POINT('',(-50.09160903077,46.715642724543,
    73.928434352271));
#5968 = CARTESIAN_POINT('',(-46.82988298107,46.715642724543,
    74.040618899809));
#5969 = CARTESIAN_POINT('',(-43.75098561487,46.715642724543,
    73.978343420112));
#5970 = CARTESIAN_POINT('',(-40.59022498143,46.715642724543,
    74.022398303355));
#5971 = CARTESIAN_POINT('',(-37.48657799801,46.715642724543,
    73.985900888232));
#5972 = CARTESIAN_POINT('',(-34.35349204993,46.715642724543,
    74.021135449408));
#5973 = CARTESIAN_POINT('',(-31.22924211799,46.715642724543,
    73.98072277025));
#5974 = CARTESIAN_POINT('',(-28.10496678474,46.715642724543,
    74.037355701748));
#5975 = CARTESIAN_POINT('',(-24.94210454386,46.715642724543,
    73.937012016809));
#5976 = CARTESIAN_POINT('',(-21.65395320521,46.715642724543,
    74.136028277784));
#5977 = CARTESIAN_POINT('',(-18.66692496727,46.715642724543,
    73.4887926613));
#5978 = CARTESIAN_POINT('',(-15.52415536771,46.715642724543,
    76.200407607582));
#5979 = CARTESIAN_POINT('',(-12.42987744782,46.715642724543,
    83.574873552377));
#5980 = CARTESIAN_POINT('',(-9.377596847078,46.715642724543,
    93.625583017835));
#5981 = CARTESIAN_POINT('',(-6.312968134846,46.715642724543,
    103.8428650964));
#5982 = CARTESIAN_POINT('',(-3.20273059646,46.715642724543,
    111.43857560939));
#5983 = CARTESIAN_POINT('',(-2.775557561563E-17,46.715642724543,
    114.04475316151));
#5984 = CARTESIAN_POINT('',(3.20273059646,46.715642724543,
    111.43857560939));
#5985 = CARTESIAN_POINT('',(6.312968134846,46.715642724543,
    103.8428650964));
#5986 = CARTESIAN_POINT('',(9.377596847078,46.715642724543,
    93.625583017835));
#5987 = CARTESIAN_POINT('',(12.429877447828,46.715642724543,
    83.574873552377));
#5988 = CARTESIAN_POINT('',(15.524155367714,46.715642724543,
    76.200407607582));
#5989 = CARTESIAN_POINT('',(18.666924967278,46.715642724543,
    73.4887926613));
#5990 = CARTESIAN_POINT('',(21.653953205212,46.715642724543,
    74.136028277784));
#5991 = CARTESIAN_POINT('',(24.942104543865,46.715642724543,
    73.937012016809));
#5992 = CARTESIAN_POINT('',(28.104966784746,46.715642724543,
    74.037355701748));
#5993 = CARTESIAN_POINT('',(31.229242117992,46.715642724543,
    73.98072277025));
#5994 = CARTESIAN_POINT('',(34.353492049936,46.715642724543,
    74.021135449408));
#5995 = CARTESIAN_POINT('',(37.486577998015,46.715642724543,
    73.985900888231));
#5996 = CARTESIAN_POINT('',(40.590224981439,46.715642724543,
    74.022398303355));
#5997 = CARTESIAN_POINT('',(43.75098561487,46.715642724543,
    73.978343420112));
#5998 = CARTESIAN_POINT('',(46.82988298107,46.715642724543,
    74.040618899809));
#5999 = CARTESIAN_POINT('',(50.091609030777,46.715642724543,
    73.928434352271));
#6000 = CARTESIAN_POINT('',(53.30015135599,46.715642724543,
    74.141441819884));
#6001 = CARTESIAN_POINT('',(56.279469316208,46.715642724543,
    73.676687668926));
#6002 = CARTESIAN_POINT('',(59.446612691677,46.715642724543,
    78.044739923149));
#6003 = CARTESIAN_POINT('',(62.513016918644,46.715642724543,
    86.4829499939));
#6004 = CARTESIAN_POINT('',(65.560173380067,46.715642724543,
    96.878410516902));
#6005 = CARTESIAN_POINT('',(68.601069080765,46.715642724543,
    106.54739924688));
#6006 = CARTESIAN_POINT('',(71.73799895759,46.715642724543,
    112.89940702354));
#6007 = CARTESIAN_POINT('',(74.969065293279,46.715642724543,
    113.82019569129));
#6008 = CARTESIAN_POINT('',(78.129605004858,46.715642724543,
    109.53556455682));
#6009 = CARTESIAN_POINT('',(81.242142441362,46.715642724543,
    100.87682493637));
#6010 = CARTESIAN_POINT('',(84.317854448757,46.715642724543,
    90.391030582209));
#6011 = CARTESIAN_POINT('',(87.382888409396,46.715642724543,
    80.921449185986));
#6012 = CARTESIAN_POINT('',(90.508387043519,46.715642724543,
    74.810898090016));
#6013 = CARTESIAN_POINT('',(93.578525234368,46.715642724543,
    73.828862173169));
#6014 = CARTESIAN_POINT('',(96.652517301093,46.715642724543,
    74.02345817516));
#6015 = CARTESIAN_POINT('',(99.944975841827,46.715642724543,
    73.988070171759));
#6016 = CARTESIAN_POINT('',(103.04922027306,46.715642724543,
    74.009695237335));
#6017 = CARTESIAN_POINT('',(106.20068003424,46.715642724543,
    74.000682668275));
#6018 = CARTESIAN_POINT('',(109.30407346416,46.715642724543,
    74.002735253507));
#6019 = CARTESIAN_POINT('',(112.45286488364,46.715642724543,
    74.006393567395));
#6020 = CARTESIAN_POINT('',(115.54203232295,46.715642724543,
    73.996445765917));
#6021 = CARTESIAN_POINT('',(118.72160588355,46.715642724543,
    74.014713731917));
#6022 = CARTESIAN_POINT('',(121.78285990839,46.715642724543,
    73.983318673185));
#6023 = CARTESIAN_POINT('',(125.13174009112,46.715642724543,
    74.02588294109));
#6024 = CARTESIAN_POINT('',(128.20977680724,46.715642724543,
    73.869520732825));
#6025 = CARTESIAN_POINT('',(131.26095706703,46.715642724543,
    74.427325146665));
#6026 = CARTESIAN_POINT('',(134.40498033054,46.715642724543,
    80.288074601746));
#6027 = CARTESIAN_POINT('',(137.44822085371,46.715642724543,
    89.577348665823));
#6028 = CARTESIAN_POINT('',(140.49429016176,46.715642724543,
    100.05151261268));
#6029 = CARTESIAN_POINT('',(143.49462910383,46.715642724543,
    108.94450989574));
#6030 = CARTESIAN_POINT('',(146.72417797021,46.715642724543,
    113.84442678796));
#6031 = CARTESIAN_POINT('',(149.9482544959,46.715642724543,
    113.0709891654));
#6032 = CARTESIAN_POINT('',(153.05902197354,46.715642724543,
    107.2446534472));
#6033 = CARTESIAN_POINT('',(156.1823448947,46.715642724543,
    97.720895069733));
#6034 = CARTESIAN_POINT('',(159.26349640411,46.715642724543,
    87.248725508455));
#6035 = CARTESIAN_POINT('',(162.34239928534,46.715642724543,
    78.60653692855));
#6036 = CARTESIAN_POINT('',(165.48445737214,46.715642724543,
    73.952765262824));
#6037 = CARTESIAN_POINT('',(168.50570143136,46.715642724543,
    74.048433264287));
#6038 = CARTESIAN_POINT('',(171.66933616697,46.715642724543,
    73.971839086649));
#6039 = CARTESIAN_POINT('',(174.91178962355,46.715642724543,
    74.013937414458));
#6040 = CARTESIAN_POINT('',(178.01225428054,46.715642724543,
    73.99300006957));
#6041 = CARTESIAN_POINT('',(181.15590657147,46.715642724543,
    74.018914910115));
#6042 = CARTESIAN_POINT('',(184.27126615396,46.715642724543,
    73.976052278074));
#6043 = CARTESIAN_POINT('',(187.39790359724,46.715642724543,
    74.048004198347));
#6044 = CARTESIAN_POINT('',(190.52385449579,46.715642724543,
    73.932477637746));
#6045 = CARTESIAN_POINT('',(193.65028817727,46.715642724543,
    74.112198424705));
#6046 = CARTESIAN_POINT('',(196.80392382223,46.715642724543,
    73.828114794155));
#6047 = CARTESIAN_POINT('',(199.94392637543,46.715642724543,
    74.285028882669));
#6048 = CARTESIAN_POINT('',(203.16177795814,46.715642724543,
    73.384482977404));
#6049 = CARTESIAN_POINT('',(206.35231406763,46.715642724543,
    75.952989995872));
#6050 = CARTESIAN_POINT('',(209.36825782326,46.715642724543,
    82.916075845507));
#6051 = CARTESIAN_POINT('',(212.37959561216,46.715642724543,
    92.776980523904));
#6052 = CARTESIAN_POINT('',(215.39238910851,46.715642724543,
    102.99077721317));
#6053 = CARTESIAN_POINT('',(218.421822624,46.715642724543,
    111.04885868806));
#6054 = CARTESIAN_POINT('',(221.72619309389,46.715642724543,
    114.22402364088));
#6055 = CARTESIAN_POINT('',(224.87045067834,46.715642724543,
    115.68263729208));
#6056 = CARTESIAN_POINT('',(228.,46.715642724543,116.));
#6057 = CARTESIAN_POINT('',(-228.,50.135564120358,116.));
#6058 = CARTESIAN_POINT('',(-224.8704506783,50.135564120358,
    115.70560206548));
#6059 = CARTESIAN_POINT('',(-221.7261930938,50.135564120358,
    114.29796182586));
#6060 = CARTESIAN_POINT('',(-218.421822624,50.135564120358,111.612669889
    ));
#6061 = CARTESIAN_POINT('',(-215.3923891085,50.135564120358,
    104.17205438358));
#6062 = CARTESIAN_POINT('',(-212.3795956121,50.135564120358,
    94.438212915702));
#6063 = CARTESIAN_POINT('',(-209.3682578232,50.135564120358,
    84.749355652795));
#6064 = CARTESIAN_POINT('',(-206.3523140676,50.135564120358,
    77.403143043709));
#6065 = CARTESIAN_POINT('',(-203.1617779581,50.135564120358,
    73.590212697219));
#6066 = CARTESIAN_POINT('',(-199.9439263754,50.135564120358,
    74.236098610278));
#6067 = CARTESIAN_POINT('',(-196.8039238222,50.135564120358,
    73.891593572124));
#6068 = CARTESIAN_POINT('',(-193.6502881772,50.135564120358,
    74.054385556031));
#6069 = CARTESIAN_POINT('',(-190.5238544957,50.135564120358,
    73.949354117441));
#6070 = CARTESIAN_POINT('',(-187.3979035972,50.135564120358,
    74.013648977656));
#6071 = CARTESIAN_POINT('',(-184.2712661539,50.135564120358,
    73.981193655644));
#6072 = CARTESIAN_POINT('',(-181.1559065714,50.135564120358,
    73.988311839267));
#6073 = CARTESIAN_POINT('',(-178.0122542805,50.135564120358,
    74.004679623679));
#6074 = CARTESIAN_POINT('',(-174.9117896235,50.135564120358,
    73.951162465107));
#6075 = CARTESIAN_POINT('',(-171.6693361669,50.135564120358,
    74.117573368937));
#6076 = CARTESIAN_POINT('',(-168.5057014313,50.135564120358,
    73.730368767144));
#6077 = CARTESIAN_POINT('',(-165.4844573721,50.135564120358,
    74.775531058377));
#6078 = CARTESIAN_POINT('',(-162.3423992853,50.135564120358,
    80.283997574844));
#6079 = CARTESIAN_POINT('',(-159.2634964041,50.135564120358,
    89.029228432132));
#6080 = CARTESIAN_POINT('',(-156.1823448947,50.135564120358,
    99.163714676758));
#6081 = CARTESIAN_POINT('',(-153.0590219735,50.135564120358,
    108.1207490758));
#6082 = CARTESIAN_POINT('',(-149.9482544959,50.135564120358,
    113.35712538351));
#6083 = CARTESIAN_POINT('',(-146.7241779702,50.135564120358,
    113.96303960215));
#6084 = CARTESIAN_POINT('',(-143.4946291038,50.135564120358,
    109.71735562076));
#6085 = CARTESIAN_POINT('',(-140.4942901617,50.135564120358,
    101.38735713142));
#6086 = CARTESIAN_POINT('',(-137.4482208537,50.135564120358,
    91.322632186588));
#6087 = CARTESIAN_POINT('',(-134.4049803305,50.135564120358,
    82.065474962394));
#6088 = CARTESIAN_POINT('',(-131.260957067,50.135564120358,
    75.566017957197));
#6089 = CARTESIAN_POINT('',(-128.2097768072,50.135564120358,
    73.408842954671));
#6090 = CARTESIAN_POINT('',(-125.1317400911,50.135564120358,
    74.310069188136));
#6091 = CARTESIAN_POINT('',(-121.7828599083,50.135564120358,
    73.839839150065));
#6092 = CARTESIAN_POINT('',(-118.7216058835,50.135564120358,
    74.081788834527));
#6093 = CARTESIAN_POINT('',(-115.5420323229,50.135564120358,
    73.93360113691));
#6094 = CARTESIAN_POINT('',(-112.4528648836,50.135564120358,
    74.021745483328));
#6095 = CARTESIAN_POINT('',(-109.3040734641,50.135564120358,
    73.979866251946));
#6096 = CARTESIAN_POINT('',(-106.2006800342,50.135564120358,
    73.98268304791));
#6097 = CARTESIAN_POINT('',(-103.049220273,50.135564120358,
    74.01833912552));
#6098 = CARTESIAN_POINT('',(-99.94497584182,50.135564120358,
    73.92440744436));
#6099 = CARTESIAN_POINT('',(-96.65251730109,50.135564120358,
    74.210820145839));
#6100 = CARTESIAN_POINT('',(-93.57852523436,50.135564120358,
    73.493511681322));
#6101 = CARTESIAN_POINT('',(-90.50838704351,50.135564120358,
    76.004865538715));
#6102 = CARTESIAN_POINT('',(-87.38288840939,50.135564120358,
    82.700415308524));
#6103 = CARTESIAN_POINT('',(-84.31785444875,50.135564120358,
    92.106431587578));
#6104 = CARTESIAN_POINT('',(-81.24214244136,50.135564120358,
    102.16393554384));
#6105 = CARTESIAN_POINT('',(-78.12960500485,50.135564120358,
    110.22925678268));
#6106 = CARTESIAN_POINT('',(-74.96906529327,50.135564120358,
    113.94759733715));
#6107 = CARTESIAN_POINT('',(-71.73799895759,50.135564120358,
    113.21023016652));
#6108 = CARTESIAN_POINT('',(-68.60106908076,50.135564120358,
    107.49303121155));
#6109 = CARTESIAN_POINT('',(-65.56017338006,50.135564120358,
    98.366622699848));
#6110 = CARTESIAN_POINT('',(-62.51301691864,50.135564120358,
    88.284669608861));
#6111 = CARTESIAN_POINT('',(-59.44661269167,50.135564120358,
    79.708865824074));
#6112 = CARTESIAN_POINT('',(-56.2794693162,50.135564120358,
    74.422102519793));
#6113 = CARTESIAN_POINT('',(-53.30015135599,50.135564120358,
    73.746976277178));
#6114 = CARTESIAN_POINT('',(-50.09160903077,50.135564120358,
    74.148610210945));
#6115 = CARTESIAN_POINT('',(-46.82988298107,50.135564120358,
    73.915243412167));
#6116 = CARTESIAN_POINT('',(-43.75098561487,50.135564120358,
    74.034436941269));
#6117 = CARTESIAN_POINT('',(-40.59022498143,50.135564120358,
    73.96244724924));
#6118 = CARTESIAN_POINT('',(-37.48657799801,50.135564120358,
    74.007379566786));
#6119 = CARTESIAN_POINT('',(-34.35349204993,50.135564120358,
    73.982304770683));
#6120 = CARTESIAN_POINT('',(-31.22924211799,50.135564120358,
    73.991411035414));
#6121 = CARTESIAN_POINT('',(-28.10496678474,50.135564120358,
    73.994023923743));
#6122 = CARTESIAN_POINT('',(-24.94210454386,50.135564120358,
    73.984415160059));
#6123 = CARTESIAN_POINT('',(-21.65395320521,50.135564120358,
    74.102581970283));
#6124 = CARTESIAN_POINT('',(-18.66692496727,50.135564120358,
    73.75568533947));
#6125 = CARTESIAN_POINT('',(-15.52415536771,50.135564120358,
    77.673692507742));
#6126 = CARTESIAN_POINT('',(-12.42987744782,50.135564120358,
    85.391439552725));
#6127 = CARTESIAN_POINT('',(-9.377596847078,50.135564120358,
    95.243220299671));
#6128 = CARTESIAN_POINT('',(-6.312968134846,50.135564120358,
    104.96161751815));
#6129 = CARTESIAN_POINT('',(-3.20273059646,50.135564120358,
    111.94473046889));
#6130 = CARTESIAN_POINT('',(-2.775557561563E-17,50.135564120358,
    114.12850202149));
#6131 = CARTESIAN_POINT('',(3.20273059646,50.135564120358,
    111.94473046889));
#6132 = CARTESIAN_POINT('',(6.312968134846,50.135564120358,
    104.96161751815));
#6133 = CARTESIAN_POINT('',(9.377596847078,50.135564120358,
    95.24322029967));
#6134 = CARTESIAN_POINT('',(12.429877447828,50.135564120358,
    85.391439552725));
#6135 = CARTESIAN_POINT('',(15.524155367714,50.135564120358,
    77.673692507742));
#6136 = CARTESIAN_POINT('',(18.666924967278,50.135564120358,
    73.75568533947));
#6137 = CARTESIAN_POINT('',(21.653953205212,50.135564120358,
    74.102581970283));
#6138 = CARTESIAN_POINT('',(24.942104543865,50.135564120358,
    73.984415160059));
#6139 = CARTESIAN_POINT('',(28.104966784746,50.135564120358,
    73.994023923743));
#6140 = CARTESIAN_POINT('',(31.229242117992,50.135564120358,
    73.991411035414));
#6141 = CARTESIAN_POINT('',(34.353492049937,50.135564120358,
    73.982304770683));
#6142 = CARTESIAN_POINT('',(37.486577998015,50.135564120358,
    74.007379566786));
#6143 = CARTESIAN_POINT('',(40.590224981439,50.135564120358,
    73.96244724924));
#6144 = CARTESIAN_POINT('',(43.75098561487,50.135564120358,
    74.034436941269));
#6145 = CARTESIAN_POINT('',(46.82988298107,50.135564120358,
    73.915243412166));
#6146 = CARTESIAN_POINT('',(50.091609030777,50.135564120358,
    74.148610210945));
#6147 = CARTESIAN_POINT('',(53.30015135599,50.135564120358,
    73.746976277178));
#6148 = CARTESIAN_POINT('',(56.279469316208,50.135564120358,
    74.422102519793));
#6149 = CARTESIAN_POINT('',(59.446612691677,50.135564120358,
    79.708865824075));
#6150 = CARTESIAN_POINT('',(62.513016918643,50.135564120358,
    88.284669608861));
#6151 = CARTESIAN_POINT('',(65.560173380067,50.135564120358,
    98.366622699848));
#6152 = CARTESIAN_POINT('',(68.601069080765,50.135564120358,
    107.49303121155));
#6153 = CARTESIAN_POINT('',(71.73799895759,50.135564120358,
    113.21023016652));
#6154 = CARTESIAN_POINT('',(74.969065293279,50.135564120358,
    113.94759733715));
#6155 = CARTESIAN_POINT('',(78.129605004858,50.135564120358,
    110.22925678268));
#6156 = CARTESIAN_POINT('',(81.242142441362,50.135564120358,
    102.16393554384));
#6157 = CARTESIAN_POINT('',(84.317854448757,50.135564120358,
    92.106431587578));
#6158 = CARTESIAN_POINT('',(87.382888409396,50.135564120358,
    82.700415308524));
#6159 = CARTESIAN_POINT('',(90.508387043519,50.135564120358,
    76.004865538715));
#6160 = CARTESIAN_POINT('',(93.578525234368,50.135564120358,
    73.493511681322));
#6161 = CARTESIAN_POINT('',(96.652517301093,50.135564120358,
    74.210820145839));
#6162 = CARTESIAN_POINT('',(99.944975841828,50.135564120358,
    73.92440744436));
#6163 = CARTESIAN_POINT('',(103.04922027306,50.135564120358,
    74.01833912552));
#6164 = CARTESIAN_POINT('',(106.20068003424,50.135564120358,
    73.98268304791));
#6165 = CARTESIAN_POINT('',(109.30407346416,50.135564120358,
    73.979866251946));
#6166 = CARTESIAN_POINT('',(112.45286488364,50.135564120358,
    74.021745483328));
#6167 = CARTESIAN_POINT('',(115.54203232296,50.135564120358,
    73.93360113691));
#6168 = CARTESIAN_POINT('',(118.72160588355,50.135564120358,
    74.081788834527));
#6169 = CARTESIAN_POINT('',(121.78285990839,50.135564120358,
    73.839839150065));
#6170 = CARTESIAN_POINT('',(125.13174009112,50.135564120358,
    74.310069188136));
#6171 = CARTESIAN_POINT('',(128.20977680724,50.135564120358,
    73.40884295467));
#6172 = CARTESIAN_POINT('',(131.26095706703,50.135564120358,
    75.566017957197));
#6173 = CARTESIAN_POINT('',(134.40498033054,50.135564120358,
    82.065474962393));
#6174 = CARTESIAN_POINT('',(137.44822085371,50.135564120358,
    91.322632186589));
#6175 = CARTESIAN_POINT('',(140.49429016176,50.135564120358,
    101.38735713142));
#6176 = CARTESIAN_POINT('',(143.49462910383,50.135564120358,
    109.71735562076));
#6177 = CARTESIAN_POINT('',(146.72417797021,50.135564120358,
    113.96303960215));
#6178 = CARTESIAN_POINT('',(149.9482544959,50.135564120358,
    113.35712538351));
#6179 = CARTESIAN_POINT('',(153.05902197354,50.135564120358,
    108.1207490758));
#6180 = CARTESIAN_POINT('',(156.1823448947,50.135564120358,
    99.163714676758));
#6181 = CARTESIAN_POINT('',(159.26349640411,50.135564120358,
    89.029228432132));
#6182 = CARTESIAN_POINT('',(162.34239928534,50.135564120358,
    80.283997574844));
#6183 = CARTESIAN_POINT('',(165.48445737214,50.135564120358,
    74.775531058377));
#6184 = CARTESIAN_POINT('',(168.50570143136,50.135564120358,
    73.730368767144));
#6185 = CARTESIAN_POINT('',(171.66933616697,50.135564120358,
    74.117573368937));
#6186 = CARTESIAN_POINT('',(174.91178962354,50.135564120358,
    73.951162465106));
#6187 = CARTESIAN_POINT('',(178.01225428054,50.135564120358,
    74.004679623679));
#6188 = CARTESIAN_POINT('',(181.15590657147,50.135564120358,
    73.988311839267));
#6189 = CARTESIAN_POINT('',(184.27126615396,50.135564120358,
    73.981193655644));
#6190 = CARTESIAN_POINT('',(187.39790359723,50.135564120358,
    74.013648977656));
#6191 = CARTESIAN_POINT('',(190.52385449579,50.135564120358,
    73.949354117441));
#6192 = CARTESIAN_POINT('',(193.65028817727,50.135564120358,
    74.054385556031));
#6193 = CARTESIAN_POINT('',(196.80392382223,50.135564120358,
    73.891593572124));
#6194 = CARTESIAN_POINT('',(199.94392637543,50.135564120358,
    74.236098610278));
#6195 = CARTESIAN_POINT('',(203.16177795814,50.135564120358,
    73.590212697219));
#6196 = CARTESIAN_POINT('',(206.35231406763,50.135564120358,
    77.403143043709));
#6197 = CARTESIAN_POINT('',(209.36825782326,50.135564120358,
    84.749355652795));
#6198 = CARTESIAN_POINT('',(212.37959561216,50.135564120358,
    94.438212915702));
#6199 = CARTESIAN_POINT('',(215.39238910851,50.135564120358,
    104.17205438358));
#6200 = CARTESIAN_POINT('',(218.421822624,50.135564120358,111.612669889)
  );
#6201 = CARTESIAN_POINT('',(221.72619309389,50.135564120358,
    114.29796182586));
#6202 = CARTESIAN_POINT('',(224.87045067834,50.135564120358,
    115.70560206548));
#6203 = CARTESIAN_POINT('',(228.,50.135564120358,116.));
#6204 = CARTESIAN_POINT('',(-228.,53.654754159802,116.));
#6205 = CARTESIAN_POINT('',(-224.8704506783,53.654754159802,
    115.74758013477));
#6206 = CARTESIAN_POINT('',(-221.7261930938,53.654754159802,
    114.43254061138));
#6207 = CARTESIAN_POINT('',(-218.421822624,53.654754159802,
    112.49394469831));
#6208 = CARTESIAN_POINT('',(-215.3923891085,53.654754159802,
    106.19203198061));
#6209 = CARTESIAN_POINT('',(-212.3795956121,53.654754159802,
    97.367975419507));
#6210 = CARTESIAN_POINT('',(-209.3682578232,53.654754159802,
    88.150129676796));
#6211 = CARTESIAN_POINT('',(-206.3523140676,53.654754159802,
    80.494768661339));
#6212 = CARTESIAN_POINT('',(-203.1617779581,53.654754159802,
    75.273618870106));
#6213 = CARTESIAN_POINT('',(-199.9439263754,53.654754159802,
    73.178802984778));
#6214 = CARTESIAN_POINT('',(-196.8039238222,53.654754159802,
    74.340131872639));
#6215 = CARTESIAN_POINT('',(-193.6502881772,53.654754159802,
    73.852929421689));
#6216 = CARTESIAN_POINT('',(-190.5238544957,53.654754159802,
    74.178976306244));
#6217 = CARTESIAN_POINT('',(-187.3979035972,53.654754159802,
    73.968675144093));
#6218 = CARTESIAN_POINT('',(-184.2712661539,53.654754159802,
    74.08743302199));
#6219 = CARTESIAN_POINT('',(-181.1559065714,53.654754159802,
    74.034963473411));
#6220 = CARTESIAN_POINT('',(-178.0122542805,53.654754159802,
    74.040244464666));
#6221 = CARTESIAN_POINT('',(-174.9117896235,53.654754159802,
    74.099995155715));
#6222 = CARTESIAN_POINT('',(-171.6693361669,53.654754159802,
    73.79215907556));
#6223 = CARTESIAN_POINT('',(-168.5057014313,53.654754159802,
    73.925109843261));
#6224 = CARTESIAN_POINT('',(-165.4844573721,53.654754159802,
    77.177938332205));
#6225 = CARTESIAN_POINT('',(-162.3423992853,53.654754159802,
    83.593186511636));
#6226 = CARTESIAN_POINT('',(-159.2634964041,53.654754159802,
    92.27659996442));
#6227 = CARTESIAN_POINT('',(-156.1823448947,53.654754159802,
    101.68033481279));
#6228 = CARTESIAN_POINT('',(-153.0590219735,53.654754159802,
    109.58181933589));
#6229 = CARTESIAN_POINT('',(-149.9482544959,53.654754159802,
    113.76767347395));
#6230 = CARTESIAN_POINT('',(-146.7241779702,53.654754159802,
    114.02395324486));
#6231 = CARTESIAN_POINT('',(-143.4946291038,53.654754159802,
    110.99953893225));
#6232 = CARTESIAN_POINT('',(-140.4942901617,53.654754159802,
    103.69317710164));
#6233 = CARTESIAN_POINT('',(-137.4482208537,53.654754159802,
    94.468693954097));
#6234 = CARTESIAN_POINT('',(-134.4049803305,53.654754159802,
    85.464136253795));
#6235 = CARTESIAN_POINT('',(-131.260957067,53.654754159802,
    78.320910773445));
#6236 = CARTESIAN_POINT('',(-128.2097768072,53.654754159802,
    74.447563665876));
#6237 = CARTESIAN_POINT('',(-125.1317400911,53.654754159802,
    73.414658140371));
#6238 = CARTESIAN_POINT('',(-121.7828599083,53.654754159802,
    74.282710827441));
#6239 = CARTESIAN_POINT('',(-118.7216058835,53.654754159802,
    73.909299039448));
#6240 = CARTESIAN_POINT('',(-115.5420323229,53.654754159802,
    74.134867577695));
#6241 = CARTESIAN_POINT('',(-112.4528648836,53.654754159802,
    74.002510141538));
#6242 = CARTESIAN_POINT('',(-109.3040734641,53.654754159802,
    74.056054317392));
#6243 = CARTESIAN_POINT('',(-106.2006800342,53.654754159802,
    74.072725628224));
#6244 = CARTESIAN_POINT('',(-103.049220273,53.654754159802,
    73.987429809469));
#6245 = CARTESIAN_POINT('',(-99.94497584182,53.654754159802,
    74.188914104388));
#6246 = CARTESIAN_POINT('',(-96.65251730109,53.654754159802,
    73.440189317673));
#6247 = CARTESIAN_POINT('',(-93.57852523436,53.654754159802,
    74.671812818389));
#6248 = CARTESIAN_POINT('',(-90.50838704351,53.654754159802,
    78.816402216881));
#6249 = CARTESIAN_POINT('',(-87.38288840939,53.654754159802,
    86.087995173601));
#6250 = CARTESIAN_POINT('',(-84.31785444875,53.654754159802,
    95.189679771188));
#6251 = CARTESIAN_POINT('',(-81.24214244136,53.654754159802,
    104.38151162068));
#6252 = CARTESIAN_POINT('',(-78.12960500485,53.654754159802,
    111.3635408222));
#6253 = CARTESIAN_POINT('',(-74.96906529327,53.654754159802,
    114.02810891156));
#6254 = CARTESIAN_POINT('',(-71.73799895759,53.654754159802,
    113.66891849608));
#6255 = CARTESIAN_POINT('',(-68.60106908076,53.654754159802,
    109.07731454531));
#6256 = CARTESIAN_POINT('',(-65.56017338006,53.654754159802,
    100.96884745614));
#6257 = CARTESIAN_POINT('',(-62.51301691864,53.654754159802,
    91.580394786515));
#6258 = CARTESIAN_POINT('',(-59.44661269167,53.654754159802,
    83.012551111265));
#6259 = CARTESIAN_POINT('',(-56.2794693162,53.654754159802,
    76.74036330433));
#6260 = CARTESIAN_POINT('',(-53.30015135599,53.654754159802,
    73.771802129047));
#6261 = CARTESIAN_POINT('',(-50.09160903077,53.654754159802,
    73.839930134951));
#6262 = CARTESIAN_POINT('',(-46.82988298107,53.654754159802,
    74.110835505347));
#6263 = CARTESIAN_POINT('',(-43.75098561487,53.654754159802,
    74.021417583402));
#6264 = CARTESIAN_POINT('',(-40.59022498144,53.654754159802,
    74.060522029246));
#6265 = CARTESIAN_POINT('',(-37.48657799801,53.654754159802,
    74.047779564478));
#6266 = CARTESIAN_POINT('',(-34.35349204993,53.654754159802,
    74.03172284774));
#6267 = CARTESIAN_POINT('',(-31.22924211799,53.654754159802,
    74.08231659466));
#6268 = CARTESIAN_POINT('',(-28.10496678474,53.654754159802,
    73.996958537743));
#6269 = CARTESIAN_POINT('',(-24.94210454386,53.654754159802,
    74.123405016147));
#6270 = CARTESIAN_POINT('',(-21.65395320521,53.654754159802,
    73.387203938162));
#6271 = CARTESIAN_POINT('',(-18.66692496727,53.654754159802,
    75.537544393742));
#6272 = CARTESIAN_POINT('',(-15.52415536771,53.654754159802,
    80.784903656956));
#6273 = CARTESIAN_POINT('',(-12.42987744782,53.654754159802,
    88.771085976014));
#6274 = CARTESIAN_POINT('',(-9.377596847078,53.654754159802,
    98.107049459069));
#6275 = CARTESIAN_POINT('',(-6.312968134846,53.654754159802,
    106.86543755861));
#6276 = CARTESIAN_POINT('',(-3.20273059646,53.654754159802,
    112.73524589787));
#6277 = CARTESIAN_POINT('',(-2.775557561563E-17,53.654754159802,
    114.27772469707));
#6278 = CARTESIAN_POINT('',(3.20273059646,53.654754159802,
    112.73524589787));
#6279 = CARTESIAN_POINT('',(6.312968134846,53.654754159802,
    106.86543755861));
#6280 = CARTESIAN_POINT('',(9.377596847078,53.654754159802,
    98.107049459069));
#6281 = CARTESIAN_POINT('',(12.429877447828,53.654754159802,
    88.771085976014));
#6282 = CARTESIAN_POINT('',(15.524155367714,53.654754159802,
    80.784903656956));
#6283 = CARTESIAN_POINT('',(18.666924967278,53.654754159802,
    75.537544393742));
#6284 = CARTESIAN_POINT('',(21.653953205212,53.654754159802,
    73.387203938162));
#6285 = CARTESIAN_POINT('',(24.942104543866,53.654754159802,
    74.123405016147));
#6286 = CARTESIAN_POINT('',(28.104966784746,53.654754159802,
    73.996958537743));
#6287 = CARTESIAN_POINT('',(31.229242117992,53.654754159802,
    74.08231659466));
#6288 = CARTESIAN_POINT('',(34.353492049937,53.654754159802,
    74.03172284774));
#6289 = CARTESIAN_POINT('',(37.486577998015,53.654754159802,
    74.047779564478));
#6290 = CARTESIAN_POINT('',(40.59022498144,53.654754159802,
    74.060522029246));
#6291 = CARTESIAN_POINT('',(43.75098561487,53.654754159802,
    74.021417583402));
#6292 = CARTESIAN_POINT('',(46.82988298107,53.654754159802,
    74.110835505348));
#6293 = CARTESIAN_POINT('',(50.091609030777,53.654754159802,
    73.839930134951));
#6294 = CARTESIAN_POINT('',(53.30015135599,53.654754159802,
    73.771802129047));
#6295 = CARTESIAN_POINT('',(56.279469316208,53.654754159802,
    76.74036330433));
#6296 = CARTESIAN_POINT('',(59.446612691677,53.654754159802,
    83.012551111265));
#6297 = CARTESIAN_POINT('',(62.513016918644,53.654754159802,
    91.580394786515));
#6298 = CARTESIAN_POINT('',(65.560173380067,53.654754159802,
    100.96884745614));
#6299 = CARTESIAN_POINT('',(68.601069080765,53.654754159802,
    109.07731454531));
#6300 = CARTESIAN_POINT('',(71.73799895759,53.654754159802,
    113.66891849608));
#6301 = CARTESIAN_POINT('',(74.969065293279,53.654754159802,
    114.02810891156));
#6302 = CARTESIAN_POINT('',(78.129605004858,53.654754159802,
    111.3635408222));
#6303 = CARTESIAN_POINT('',(81.242142441362,53.654754159802,
    104.38151162068));
#6304 = CARTESIAN_POINT('',(84.317854448757,53.654754159802,
    95.189679771187));
#6305 = CARTESIAN_POINT('',(87.382888409396,53.654754159802,
    86.087995173601));
#6306 = CARTESIAN_POINT('',(90.508387043519,53.654754159802,
    78.816402216881));
#6307 = CARTESIAN_POINT('',(93.578525234368,53.654754159802,
    74.671812818389));
#6308 = CARTESIAN_POINT('',(96.652517301093,53.654754159802,
    73.440189317673));
#6309 = CARTESIAN_POINT('',(99.944975841827,53.654754159802,
    74.188914104388));
#6310 = CARTESIAN_POINT('',(103.04922027306,53.654754159802,
    73.987429809469));
#6311 = CARTESIAN_POINT('',(106.20068003424,53.654754159802,
    74.072725628224));
#6312 = CARTESIAN_POINT('',(109.30407346416,53.654754159802,
    74.056054317393));
#6313 = CARTESIAN_POINT('',(112.45286488365,53.654754159802,
    74.002510141538));
#6314 = CARTESIAN_POINT('',(115.54203232295,53.654754159802,
    74.134867577695));
#6315 = CARTESIAN_POINT('',(118.72160588355,53.654754159802,
    73.909299039448));
#6316 = CARTESIAN_POINT('',(121.78285990839,53.654754159802,
    74.282710827441));
#6317 = CARTESIAN_POINT('',(125.13174009112,53.654754159802,
    73.414658140371));
#6318 = CARTESIAN_POINT('',(128.20977680724,53.654754159802,
    74.447563665876));
#6319 = CARTESIAN_POINT('',(131.26095706703,53.654754159802,
    78.320910773445));
#6320 = CARTESIAN_POINT('',(134.40498033054,53.654754159802,
    85.464136253796));
#6321 = CARTESIAN_POINT('',(137.44822085371,53.654754159802,
    94.468693954097));
#6322 = CARTESIAN_POINT('',(140.49429016176,53.654754159802,
    103.69317710164));
#6323 = CARTESIAN_POINT('',(143.49462910383,53.654754159802,
    110.99953893225));
#6324 = CARTESIAN_POINT('',(146.72417797021,53.654754159802,
    114.02395324486));
#6325 = CARTESIAN_POINT('',(149.9482544959,53.654754159802,
    113.76767347395));
#6326 = CARTESIAN_POINT('',(153.05902197354,53.654754159802,
    109.58181933588));
#6327 = CARTESIAN_POINT('',(156.1823448947,53.654754159802,
    101.68033481279));
#6328 = CARTESIAN_POINT('',(159.26349640411,53.654754159802,
    92.27659996442));
#6329 = CARTESIAN_POINT('',(162.34239928534,53.654754159802,
    83.593186511636));
#6330 = CARTESIAN_POINT('',(165.48445737214,53.654754159802,
    77.177938332205));
#6331 = CARTESIAN_POINT('',(168.50570143136,53.654754159802,
    73.925109843261));
#6332 = CARTESIAN_POINT('',(171.66933616697,53.654754159802,
    73.79215907556));
#6333 = CARTESIAN_POINT('',(174.91178962355,53.654754159802,
    74.099995155716));
#6334 = CARTESIAN_POINT('',(178.01225428054,53.654754159802,
    74.040244464666));
#6335 = CARTESIAN_POINT('',(181.15590657147,53.654754159802,
    74.034963473411));
#6336 = CARTESIAN_POINT('',(184.27126615396,53.654754159802,
    74.08743302199));
#6337 = CARTESIAN_POINT('',(187.39790359724,53.654754159802,
    73.968675144093));
#6338 = CARTESIAN_POINT('',(190.52385449579,53.654754159802,
    74.178976306244));
#6339 = CARTESIAN_POINT('',(193.65028817727,53.654754159802,
    73.852929421689));
#6340 = CARTESIAN_POINT('',(196.80392382223,53.654754159802,
    74.340131872639));
#6341 = CARTESIAN_POINT('',(199.94392637543,53.654754159802,
    73.178802984778));
#6342 = CARTESIAN_POINT('',(203.16177795814,53.654754159802,
    75.273618870106));
#6343 = CARTESIAN_POINT('',(206.35231406763,53.654754159802,
    80.49476866134));
#6344 = CARTESIAN_POINT('',(209.36825782326,53.654754159802,
    88.150129676796));
#6345 = CARTESIAN_POINT('',(212.37959561216,53.654754159802,
    97.367975419507));
#6346 = CARTESIAN_POINT('',(215.39238910851,53.654754159802,
    106.19203198061));
#6347 = CARTESIAN_POINT('',(218.421822624,53.654754159802,
    112.49394469831));
#6348 = CARTESIAN_POINT('',(221.72619309389,53.654754159802,
    114.43254061138));
#6349 = CARTESIAN_POINT('',(224.87045067834,53.654754159802,
    115.74758013476));
#6350 = CARTESIAN_POINT('',(228.,53.654754159802,116.));
#6351 = CARTESIAN_POINT('',(-227.9999999999,57.360617446732,116.));
#6352 = CARTESIAN_POINT('',(-224.8704506783,57.360617446732,
    115.81748280303));
#6353 = CARTESIAN_POINT('',(-221.7261930938,57.360617446732,
    114.65504039405));
#6354 = CARTESIAN_POINT('',(-218.421822624,57.360617446732,
    113.52534180701));
#6355 = CARTESIAN_POINT('',(-215.3923891085,57.360617446732,
    109.12261265994));
#6356 = CARTESIAN_POINT('',(-212.3795956121,57.360617446732,
    101.85363958087));
#6357 = CARTESIAN_POINT('',(-209.3682578232,57.360617446732,
    93.73307381248));
#6358 = CARTESIAN_POINT('',(-206.3523140676,57.360617446732,
    86.299731587045));
#6359 = CARTESIAN_POINT('',(-203.1617779581,57.360617446732,
    80.276911650136));
#6360 = CARTESIAN_POINT('',(-199.9439263754,57.360617446732,
    76.507853589133));
#6361 = CARTESIAN_POINT('',(-196.8039238222,57.360617446732,
    73.616408499659));
#6362 = CARTESIAN_POINT('',(-193.6502881772,57.360617446732,
    73.699360337915));
#6363 = CARTESIAN_POINT('',(-190.5238544957,57.360617446732,
    73.49285961366));
#6364 = CARTESIAN_POINT('',(-187.3979035972,57.360617446732,
    73.680559402597));
#6365 = CARTESIAN_POINT('',(-184.2712661539,57.360617446732,
    73.582656156308));
#6366 = CARTESIAN_POINT('',(-181.1559065714,57.360617446732,
    73.625272728807));
#6367 = CARTESIAN_POINT('',(-178.0122542805,57.360617446732,
    73.578328751978));
#6368 = CARTESIAN_POINT('',(-174.9117896235,57.360617446732,
    73.522813151269));
#6369 = CARTESIAN_POINT('',(-171.6693361669,57.360617446732,
    74.745911609693));
#6370 = CARTESIAN_POINT('',(-168.5057014313,57.360617446732,
    78.207383386337));
#6371 = CARTESIAN_POINT('',(-165.4844573721,57.360617446732,
    82.617903038665));
#6372 = CARTESIAN_POINT('',(-162.3423992853,57.360617446732,
    89.392105681395));
#6373 = CARTESIAN_POINT('',(-159.2634964041,57.360617446732,
    97.419113072945));
#6374 = CARTESIAN_POINT('',(-156.1823448947,57.360617446732,
    105.43587631288));
#6375 = CARTESIAN_POINT('',(-153.0590219735,57.360617446732,
    111.5966846419));
#6376 = CARTESIAN_POINT('',(-149.9482544958,57.360617446732,
    114.10871820503));
#6377 = CARTESIAN_POINT('',(-146.7241779702,57.360617446732,
    114.19381924942));
#6378 = CARTESIAN_POINT('',(-143.4946291038,57.360617446732,
    112.65745845565));
#6379 = CARTESIAN_POINT('',(-140.4942901617,57.360617446732,
    107.09889002752));
#6380 = CARTESIAN_POINT('',(-137.4482208537,57.360617446732,
    99.362264744944));
#6381 = CARTESIAN_POINT('',(-134.4049803305,57.360617446732,
    91.219432948251));
#6382 = CARTESIAN_POINT('',(-131.260957067,57.360617446732,
    83.979328185619));
#6383 = CARTESIAN_POINT('',(-128.2097768072,57.360617446732,
    78.95922664217));
#6384 = CARTESIAN_POINT('',(-125.1317400911,57.360617446732,
    75.614271555689));
#6385 = CARTESIAN_POINT('',(-121.7828599083,57.360617446732,
    73.387834590448));
#6386 = CARTESIAN_POINT('',(-118.7216058835,57.360617446732,
    73.713603783477));
#6387 = CARTESIAN_POINT('',(-115.5420323229,57.360617446732,
    73.512830131495));
#6388 = CARTESIAN_POINT('',(-112.4528648836,57.360617446732,
    73.66579934498));
#6389 = CARTESIAN_POINT('',(-109.3040734641,57.360617446732,
    73.606007585122));
#6390 = CARTESIAN_POINT('',(-106.2006800342,57.360617446732,
    73.581091564346));
#6391 = CARTESIAN_POINT('',(-103.049220273,57.360617446732,
    73.617890073859));
#6392 = CARTESIAN_POINT('',(-99.94497584182,57.360617446732,
    73.530000205484));
#6393 = CARTESIAN_POINT('',(-96.65251730109,57.360617446732,
    75.830372960934));
#6394 = CARTESIAN_POINT('',(-93.57852523436,57.360617446732,
    79.27420923867));
#6395 = CARTESIAN_POINT('',(-90.50838704351,57.360617446732,
    84.49522239853));
#6396 = CARTESIAN_POINT('',(-87.38288840939,57.360617446732,
    91.789153108605));
#6397 = CARTESIAN_POINT('',(-84.31785444875,57.360617446732,
    99.972344251717));
#6398 = CARTESIAN_POINT('',(-81.24214244136,57.360617446732,
    107.63032073168));
#6399 = CARTESIAN_POINT('',(-78.12960500485,57.360617446732,
    112.84220315927));
#6400 = CARTESIAN_POINT('',(-74.96906529327,57.360617446732,
    114.19982654488));
#6401 = CARTESIAN_POINT('',(-71.73799895758,57.360617446732,
    114.05520524421));
#6402 = CARTESIAN_POINT('',(-68.60106908076,57.360617446732,
    111.29308029139));
#6403 = CARTESIAN_POINT('',(-65.56017338006,57.360617446732,
    104.86595352824));
#6404 = CARTESIAN_POINT('',(-62.51301691864,57.360617446732,
    96.818606091575));
#6405 = CARTESIAN_POINT('',(-59.44661269167,57.360617446732,
    88.845965072856));
#6406 = CARTESIAN_POINT('',(-56.2794693162,57.360617446732,
    82.135812863757));
#6407 = CARTESIAN_POINT('',(-53.30015135599,57.360617446732,
    77.966239722969));
#6408 = CARTESIAN_POINT('',(-50.09160903077,57.360617446732,
    74.495614859893));
#6409 = CARTESIAN_POINT('',(-46.82988298107,57.360617446732,
    73.515262444304));
#6410 = CARTESIAN_POINT('',(-43.75098561487,57.360617446732,
    73.592093101916));
#6411 = CARTESIAN_POINT('',(-40.59022498143,57.360617446732,
    73.614115357809));
#6412 = CARTESIAN_POINT('',(-37.48657799801,57.360617446732,
    73.602960351653));
#6413 = CARTESIAN_POINT('',(-34.35349204993,57.360617446732,
    73.645766186479));
#6414 = CARTESIAN_POINT('',(-31.22924211799,57.360617446732,
    73.544192612691));
#6415 = CARTESIAN_POINT('',(-28.10496678474,57.360617446732,
    73.614764864241));
#6416 = CARTESIAN_POINT('',(-24.94210454386,57.360617446732,
    73.801075469066));
#6417 = CARTESIAN_POINT('',(-21.65395320521,57.360617446732,
    76.959810901923));
#6418 = CARTESIAN_POINT('',(-18.66692496727,57.360617446732,
    80.577084528845));
#6419 = CARTESIAN_POINT('',(-15.52415536771,57.360617446732,
    86.595064267218));
#6420 = CARTESIAN_POINT('',(-12.42987744782,57.360617446732,
    94.281350036014));
#6421 = CARTESIAN_POINT('',(-9.377596847078,57.360617446732,
    102.47176733764));
#6422 = CARTESIAN_POINT('',(-6.312968134846,57.360617446732,
    109.59571469976));
#6423 = CARTESIAN_POINT('',(-3.20273059646,57.360617446732,
    113.66897860064));
#6424 = CARTESIAN_POINT('',(-2.775557561563E-17,57.360617446732,
    114.52618030682));
#6425 = CARTESIAN_POINT('',(3.20273059646,57.360617446732,
    113.66897860064));
#6426 = CARTESIAN_POINT('',(6.312968134846,57.360617446732,
    109.59571469976));
#6427 = CARTESIAN_POINT('',(9.377596847078,57.360617446732,
    102.47176733764));
#6428 = CARTESIAN_POINT('',(12.429877447828,57.360617446732,
    94.281350036014));
#6429 = CARTESIAN_POINT('',(15.524155367714,57.360617446732,
    86.595064267218));
#6430 = CARTESIAN_POINT('',(18.666924967278,57.360617446732,
    80.577084528846));
#6431 = CARTESIAN_POINT('',(21.653953205213,57.360617446732,
    76.959810901923));
#6432 = CARTESIAN_POINT('',(24.942104543865,57.360617446732,
    73.801075469067));
#6433 = CARTESIAN_POINT('',(28.104966784746,57.360617446732,
    73.614764864241));
#6434 = CARTESIAN_POINT('',(31.229242117991,57.360617446732,
    73.544192612692));
#6435 = CARTESIAN_POINT('',(34.353492049937,57.360617446732,
    73.645766186479));
#6436 = CARTESIAN_POINT('',(37.486577998015,57.360617446732,
    73.602960351654));
#6437 = CARTESIAN_POINT('',(40.590224981439,57.360617446732,
    73.614115357808));
#6438 = CARTESIAN_POINT('',(43.75098561487,57.360617446732,
    73.592093101917));
#6439 = CARTESIAN_POINT('',(46.82988298107,57.360617446732,
    73.515262444303));
#6440 = CARTESIAN_POINT('',(50.091609030777,57.360617446732,
    74.495614859893));
#6441 = CARTESIAN_POINT('',(53.30015135599,57.360617446732,
    77.966239722969));
#6442 = CARTESIAN_POINT('',(56.279469316208,57.360617446732,
    82.135812863757));
#6443 = CARTESIAN_POINT('',(59.446612691677,57.360617446732,
    88.845965072856));
#6444 = CARTESIAN_POINT('',(62.513016918643,57.360617446732,
    96.818606091575));
#6445 = CARTESIAN_POINT('',(65.560173380067,57.360617446732,
    104.86595352824));
#6446 = CARTESIAN_POINT('',(68.601069080765,57.360617446732,
    111.29308029139));
#6447 = CARTESIAN_POINT('',(71.737998957589,57.360617446732,
    114.05520524421));
#6448 = CARTESIAN_POINT('',(74.969065293279,57.360617446732,
    114.19982654488));
#6449 = CARTESIAN_POINT('',(78.129605004858,57.360617446732,
    112.84220315927));
#6450 = CARTESIAN_POINT('',(81.242142441362,57.360617446732,
    107.63032073168));
#6451 = CARTESIAN_POINT('',(84.317854448757,57.360617446732,
    99.972344251717));
#6452 = CARTESIAN_POINT('',(87.382888409396,57.360617446732,
    91.789153108606));
#6453 = CARTESIAN_POINT('',(90.508387043519,57.360617446732,
    84.49522239853));
#6454 = CARTESIAN_POINT('',(93.578525234368,57.360617446732,
    79.27420923867));
#6455 = CARTESIAN_POINT('',(96.652517301093,57.360617446732,
    75.830372960935));
#6456 = CARTESIAN_POINT('',(99.944975841828,57.360617446732,
    73.530000205485));
#6457 = CARTESIAN_POINT('',(103.04922027306,57.360617446732,
    73.617890073859));
#6458 = CARTESIAN_POINT('',(106.20068003424,57.360617446732,
    73.581091564346));
#6459 = CARTESIAN_POINT('',(109.30407346416,57.360617446732,
    73.606007585122));
#6460 = CARTESIAN_POINT('',(112.45286488364,57.360617446731,
    73.665799344979));
#6461 = CARTESIAN_POINT('',(115.54203232296,57.360617446732,
    73.512830131495));
#6462 = CARTESIAN_POINT('',(118.72160588355,57.360617446732,
    73.713603783477));
#6463 = CARTESIAN_POINT('',(121.78285990839,57.360617446732,
    73.387834590448));
#6464 = CARTESIAN_POINT('',(125.13174009112,57.360617446732,
    75.61427155569));
#6465 = CARTESIAN_POINT('',(128.20977680724,57.360617446732,
    78.959226642169));
#6466 = CARTESIAN_POINT('',(131.26095706703,57.360617446732,
    83.979328185619));
#6467 = CARTESIAN_POINT('',(134.40498033054,57.360617446732,
    91.219432948251));
#6468 = CARTESIAN_POINT('',(137.44822085371,57.360617446732,
    99.362264744944));
#6469 = CARTESIAN_POINT('',(140.49429016176,57.360617446732,
    107.09889002752));
#6470 = CARTESIAN_POINT('',(143.49462910383,57.360617446732,
    112.65745845565));
#6471 = CARTESIAN_POINT('',(146.72417797021,57.360617446732,
    114.19381924942));
#6472 = CARTESIAN_POINT('',(149.94825449589,57.360617446732,
    114.10871820504));
#6473 = CARTESIAN_POINT('',(153.05902197354,57.360617446732,
    111.5966846419));
#6474 = CARTESIAN_POINT('',(156.1823448947,57.360617446732,
    105.43587631288));
#6475 = CARTESIAN_POINT('',(159.26349640411,57.360617446732,
    97.419113072945));
#6476 = CARTESIAN_POINT('',(162.34239928534,57.360617446732,
    89.392105681394));
#6477 = CARTESIAN_POINT('',(165.48445737214,57.360617446732,
    82.617903038665));
#6478 = CARTESIAN_POINT('',(168.50570143136,57.360617446732,
    78.207383386338));
#6479 = CARTESIAN_POINT('',(171.66933616697,57.360617446732,
    74.745911609693));
#6480 = CARTESIAN_POINT('',(174.91178962354,57.360617446732,
    73.522813151268));
#6481 = CARTESIAN_POINT('',(178.01225428054,57.360617446732,
    73.578328751979));
#6482 = CARTESIAN_POINT('',(181.15590657147,57.360617446732,
    73.625272728807));
#6483 = CARTESIAN_POINT('',(184.27126615396,57.360617446732,
    73.582656156308));
#6484 = CARTESIAN_POINT('',(187.39790359723,57.360617446732,
    73.680559402597));
#6485 = CARTESIAN_POINT('',(190.52385449579,57.360617446732,
    73.492859613661));
#6486 = CARTESIAN_POINT('',(193.65028817727,57.360617446732,
    73.699360337915));
#6487 = CARTESIAN_POINT('',(196.80392382223,57.360617446732,
    73.61640849966));
#6488 = CARTESIAN_POINT('',(199.94392637543,57.360617446732,
    76.507853589133));
#6489 = CARTESIAN_POINT('',(203.16177795814,57.360617446732,
    80.276911650136));
#6490 = CARTESIAN_POINT('',(206.35231406763,57.360617446732,
    86.299731587045));
#6491 = CARTESIAN_POINT('',(209.36825782326,57.360617446732,
    93.73307381248));
#6492 = CARTESIAN_POINT('',(212.37959561216,57.360617446732,
    101.85363958087));
#6493 = CARTESIAN_POINT('',(215.39238910851,57.360617446732,
    109.12261265994));
#6494 = CARTESIAN_POINT('',(218.421822624,57.360617446732,
    113.52534180701));
#6495 = CARTESIAN_POINT('',(221.72619309389,57.360617446732,
    114.65504039405));
#6496 = CARTESIAN_POINT('',(224.87045067834,57.360617446732,
    115.81748280303));
#6497 = CARTESIAN_POINT('',(227.99999999999,57.360617446732,116.));
#6498 = CARTESIAN_POINT('',(-228.,60.611522798231,116.));
#6499 = CARTESIAN_POINT('',(-224.8704506783,60.611522798231,
    115.90689463753));
#6500 = CARTESIAN_POINT('',(-221.7261930938,60.611522798231,
    114.93662111358));
#6501 = CARTESIAN_POINT('',(-218.421822624,60.611522798231,
    113.93497115045));
#6502 = CARTESIAN_POINT('',(-215.3923891085,60.611522798231,
    111.96382367165));
#6503 = CARTESIAN_POINT('',(-212.3795956121,60.611522798231,
    106.62961558256));
#6504 = CARTESIAN_POINT('',(-209.3682578232,60.611522798231,
    100.22352800019));
#6505 = CARTESIAN_POINT('',(-206.3523140676,60.611522798231,
    93.86395193244));
#6506 = CARTESIAN_POINT('',(-203.1617779581,60.611522798231,
    88.232548332689));
#6507 = CARTESIAN_POINT('',(-199.9439263754,60.611522798231,
    84.152144393958));
#6508 = CARTESIAN_POINT('',(-196.8039238222,60.61152279823,
    82.851172243942));
#6509 = CARTESIAN_POINT('',(-193.6502881772,60.611522798231,
    80.336174395354));
#6510 = CARTESIAN_POINT('',(-190.5238544957,60.611522798231,
    79.629819301846));
#6511 = CARTESIAN_POINT('',(-187.3979035972,60.61152279823,
    79.167289453245));
#6512 = CARTESIAN_POINT('',(-184.2712661539,60.611522798231,
    79.297056626367));
#6513 = CARTESIAN_POINT('',(-181.1559065714,60.611522798231,
    79.266612946396));
#6514 = CARTESIAN_POINT('',(-178.0122542805,60.611522798231,
    79.873233112512));
#6515 = CARTESIAN_POINT('',(-174.9117896235,60.611522798231,
    81.416493451957));
#6516 = CARTESIAN_POINT('',(-171.6693361669,60.611522798231,
    83.515979031548));
#6517 = CARTESIAN_POINT('',(-168.5057014313,60.611522798231,
    85.935279837029));
#6518 = CARTESIAN_POINT('',(-165.4844573721,60.61152279823,
    90.48619271443));
#6519 = CARTESIAN_POINT('',(-162.3423992853,60.611522798231,
    96.552258159471));
#6520 = CARTESIAN_POINT('',(-159.2634964041,60.611522798231,
    103.18470516235));
#6521 = CARTESIAN_POINT('',(-156.1823448947,60.61152279823,
    109.27721560003));
#6522 = CARTESIAN_POINT('',(-153.0590219735,60.61152279823,
    113.31029808181));
#6523 = CARTESIAN_POINT('',(-149.9482544959,60.611522798231,
    114.10389470238));
#6524 = CARTESIAN_POINT('',(-146.7241779702,60.611522798231,
    114.643017416));
#6525 = CARTESIAN_POINT('',(-143.4946291038,60.61152279823,
    113.79961993207));
#6526 = CARTESIAN_POINT('',(-140.4942901617,60.611522798231,
    110.52033029363));
#6527 = CARTESIAN_POINT('',(-137.4482208537,60.611522798231,
    104.72672996538));
#6528 = CARTESIAN_POINT('',(-134.4049803305,60.61152279823,
    98.125366214083));
#6529 = CARTESIAN_POINT('',(-131.260957067,60.61152279823,
    91.771322561168));
#6530 = CARTESIAN_POINT('',(-128.2097768072,60.61152279823,
    86.909399492262));
#6531 = CARTESIAN_POINT('',(-125.1317400911,60.611522798231,
    83.758675335328));
#6532 = CARTESIAN_POINT('',(-121.7828599083,60.611522798231,
    82.045997503441));
#6533 = CARTESIAN_POINT('',(-118.7216058835,60.611522798231,
    79.99785497106));
#6534 = CARTESIAN_POINT('',(-115.5420323229,60.61152279823,
    79.421737448136));
#6535 = CARTESIAN_POINT('',(-112.4528648836,60.61152279823,
    79.218075842957));
#6536 = CARTESIAN_POINT('',(-109.3040734641,60.61152279823,
    79.248869534424));
#6537 = CARTESIAN_POINT('',(-106.2006800342,60.611522798231,
    79.405019694651));
#6538 = CARTESIAN_POINT('',(-103.049220273,60.611522798231,
    80.16690405437));
#6539 = CARTESIAN_POINT('',(-99.94497584182,60.61152279823,
    82.165165763408));
#6540 = CARTESIAN_POINT('',(-96.65251730109,60.611522798231,
    83.945924933884));
#6541 = CARTESIAN_POINT('',(-93.57852523436,60.611522798231,
    87.228316180894));
#6542 = CARTESIAN_POINT('',(-90.50838704351,60.611522798231,
    92.229257271074));
#6543 = CARTESIAN_POINT('',(-87.38288840939,60.61152279823,
    98.591637094543));
#6544 = CARTESIAN_POINT('',(-84.31785444875,60.611522798231,
    105.193176653));
#6545 = CARTESIAN_POINT('',(-81.24214244136,60.611522798231,
    110.83435178877));
#6546 = CARTESIAN_POINT('',(-78.12960500485,60.611522798231,
    113.90285364583));
#6547 = CARTESIAN_POINT('',(-74.96906529328,60.611522798231,
    114.60375568954));
#6548 = CARTESIAN_POINT('',(-71.73799895759,60.61152279823,
    114.04541925291));
#6549 = CARTESIAN_POINT('',(-68.60106908076,60.611522798231,
    113.22044117986));
#6550 = CARTESIAN_POINT('',(-65.56017338006,60.611522798231,
    108.88570769939));
#6551 = CARTESIAN_POINT('',(-62.51301691864,60.61152279823,
    102.72043758671));
#6552 = CARTESIAN_POINT('',(-59.44661269167,60.611522798231,
    96.093898999124));
#6553 = CARTESIAN_POINT('',(-56.2794693162,60.611522798231,
    90.045708025729));
#6554 = CARTESIAN_POINT('',(-53.30015135599,60.611522798231,
    85.668313899096));
#6555 = CARTESIAN_POINT('',(-50.09160903077,60.611522798231,
    83.380584213585));
#6556 = CARTESIAN_POINT('',(-46.82988298107,60.611522798231,
    81.238574921386));
#6557 = CARTESIAN_POINT('',(-43.75098561487,60.611522798231,
    79.784774408248));
#6558 = CARTESIAN_POINT('',(-40.59022498144,60.61152279823,
    79.265801060402));
#6559 = CARTESIAN_POINT('',(-37.48657799801,60.61152279823,
    79.274407445218));
#6560 = CARTESIAN_POINT('',(-34.35349204993,60.611522798231,
    79.215529097012));
#6561 = CARTESIAN_POINT('',(-31.22924211799,60.61152279823,
    79.591677223841));
#6562 = CARTESIAN_POINT('',(-28.10496678474,60.611522798231,
    80.603679299033));
#6563 = CARTESIAN_POINT('',(-24.94210454386,60.611522798231,
    82.854786917158));
#6564 = CARTESIAN_POINT('',(-21.65395320521,60.611522798231,
    84.627455835469));
#6565 = CARTESIAN_POINT('',(-18.66692496727,60.61152279823,
    88.532323648293));
#6566 = CARTESIAN_POINT('',(-15.52415536771,60.61152279823,
    94.120380442118));
#6567 = CARTESIAN_POINT('',(-12.42987744782,60.611522798231,
    100.66211522308));
#6568 = CARTESIAN_POINT('',(-9.377596847078,60.61152279823,
    107.10531755929));
#6569 = CARTESIAN_POINT('',(-6.312968134846,60.61152279823,
    112.16890954431));
#6570 = CARTESIAN_POINT('',(-3.20273059646,60.611522798231,
    114.06065628994));
#6571 = CARTESIAN_POINT('',(-2.775557561563E-17,60.611522798231,
    114.8395629538));
#6572 = CARTESIAN_POINT('',(3.20273059646,60.611522798231,
    114.06065628994));
#6573 = CARTESIAN_POINT('',(6.312968134846,60.61152279823,
    112.16890954431));
#6574 = CARTESIAN_POINT('',(9.377596847078,60.61152279823,107.1053175593
    ));
#6575 = CARTESIAN_POINT('',(12.429877447828,60.611522798231,
    100.66211522308));
#6576 = CARTESIAN_POINT('',(15.524155367714,60.611522798231,
    94.120380442118));
#6577 = CARTESIAN_POINT('',(18.666924967279,60.611522798231,
    88.532323648293));
#6578 = CARTESIAN_POINT('',(21.653953205212,60.61152279823,
    84.627455835469));
#6579 = CARTESIAN_POINT('',(24.942104543866,60.61152279823,
    82.854786917158));
#6580 = CARTESIAN_POINT('',(28.104966784746,60.61152279823,
    80.603679299033));
#6581 = CARTESIAN_POINT('',(31.229242117992,60.611522798231,
    79.59167722384));
#6582 = CARTESIAN_POINT('',(34.353492049936,60.61152279823,
    79.215529097012));
#6583 = CARTESIAN_POINT('',(37.486577998015,60.61152279823,
    79.274407445216));
#6584 = CARTESIAN_POINT('',(40.59022498144,60.611522798231,
    79.265801060403));
#6585 = CARTESIAN_POINT('',(43.75098561487,60.611522798231,
    79.784774408247));
#6586 = CARTESIAN_POINT('',(46.82988298107,60.611522798231,
    81.238574921388));
#6587 = CARTESIAN_POINT('',(50.091609030777,60.61152279823,
    83.380584213586));
#6588 = CARTESIAN_POINT('',(53.30015135599,60.611522798231,
    85.668313899096));
#6589 = CARTESIAN_POINT('',(56.279469316208,60.61152279823,
    90.045708025729));
#6590 = CARTESIAN_POINT('',(59.446612691678,60.61152279823,
    96.093898999123));
#6591 = CARTESIAN_POINT('',(62.513016918644,60.611522798231,
    102.72043758671));
#6592 = CARTESIAN_POINT('',(65.560173380066,60.61152279823,
    108.88570769939));
#6593 = CARTESIAN_POINT('',(68.601069080766,60.61152279823,
    113.22044117986));
#6594 = CARTESIAN_POINT('',(71.73799895759,60.611522798231,
    114.04541925292));
#6595 = CARTESIAN_POINT('',(74.96906529328,60.61152279823,
    114.60375568954));
#6596 = CARTESIAN_POINT('',(78.129605004858,60.611522798231,
    113.90285364583));
#6597 = CARTESIAN_POINT('',(81.242142441362,60.61152279823,
    110.83435178877));
#6598 = CARTESIAN_POINT('',(84.317854448757,60.61152279823,105.193176653
    ));
#6599 = CARTESIAN_POINT('',(87.382888409396,60.61152279823,
    98.591637094541));
#6600 = CARTESIAN_POINT('',(90.50838704352,60.611522798231,
    92.229257271074));
#6601 = CARTESIAN_POINT('',(93.578525234368,60.61152279823,
    87.228316180895));
#6602 = CARTESIAN_POINT('',(96.652517301093,60.61152279823,
    83.945924933883));
#6603 = CARTESIAN_POINT('',(99.944975841827,60.611522798231,
    82.165165763408));
#6604 = CARTESIAN_POINT('',(103.04922027306,60.61152279823,
    80.16690405437));
#6605 = CARTESIAN_POINT('',(106.20068003424,60.611522798231,
    79.405019694651));
#6606 = CARTESIAN_POINT('',(109.30407346416,60.61152279823,
    79.248869534425));
#6607 = CARTESIAN_POINT('',(112.45286488365,60.611522798231,
    79.218075842957));
#6608 = CARTESIAN_POINT('',(115.54203232295,60.611522798231,
    79.421737448136));
#6609 = CARTESIAN_POINT('',(118.72160588355,60.61152279823,
    79.99785497106));
#6610 = CARTESIAN_POINT('',(121.78285990839,60.611522798231,
    82.045997503441));
#6611 = CARTESIAN_POINT('',(125.13174009112,60.61152279823,
    83.758675335327));
#6612 = CARTESIAN_POINT('',(128.20977680724,60.61152279823,
    86.909399492263));
#6613 = CARTESIAN_POINT('',(131.26095706703,60.611522798231,
    91.771322561168));
#6614 = CARTESIAN_POINT('',(134.40498033054,60.611522798231,
    98.125366214084));
#6615 = CARTESIAN_POINT('',(137.44822085371,60.611522798231,
    104.72672996538));
#6616 = CARTESIAN_POINT('',(140.49429016176,60.611522798231,
    110.52033029363));
#6617 = CARTESIAN_POINT('',(143.49462910383,60.611522798231,
    113.79961993207));
#6618 = CARTESIAN_POINT('',(146.72417797021,60.611522798231,
    114.643017416));
#6619 = CARTESIAN_POINT('',(149.9482544959,60.611522798231,
    114.10389470238));
#6620 = CARTESIAN_POINT('',(153.05902197354,60.61152279823,
    113.31029808181));
#6621 = CARTESIAN_POINT('',(156.1823448947,60.61152279823,
    109.27721560003));
#6622 = CARTESIAN_POINT('',(159.26349640411,60.611522798231,
    103.18470516235));
#6623 = CARTESIAN_POINT('',(162.34239928534,60.61152279823,
    96.552258159471));
#6624 = CARTESIAN_POINT('',(165.48445737214,60.61152279823,
    90.48619271443));
#6625 = CARTESIAN_POINT('',(168.50570143136,60.61152279823,
    85.935279837028));
#6626 = CARTESIAN_POINT('',(171.66933616697,60.611522798231,
    83.515979031547));
#6627 = CARTESIAN_POINT('',(174.91178962355,60.61152279823,
    81.416493451958));
#6628 = CARTESIAN_POINT('',(178.01225428055,60.61152279823,
    79.873233112512));
#6629 = CARTESIAN_POINT('',(181.15590657147,60.611522798231,
    79.266612946396));
#6630 = CARTESIAN_POINT('',(184.27126615396,60.61152279823,
    79.297056626368));
#6631 = CARTESIAN_POINT('',(187.39790359724,60.611522798231,
    79.167289453244));
#6632 = CARTESIAN_POINT('',(190.52385449579,60.61152279823,
    79.629819301846));
#6633 = CARTESIAN_POINT('',(193.65028817727,60.61152279823,
    80.336174395353));
#6634 = CARTESIAN_POINT('',(196.80392382223,60.611522798231,
    82.851172243942));
#6635 = CARTESIAN_POINT('',(199.94392637543,60.61152279823,
    84.152144393958));
#6636 = CARTESIAN_POINT('',(203.16177795815,60.611522798231,
    88.232548332689));
#6637 = CARTESIAN_POINT('',(206.35231406763,60.611522798231,
    93.863951932441));
#6638 = CARTESIAN_POINT('',(209.36825782326,60.61152279823,
    100.22352800019));
#6639 = CARTESIAN_POINT('',(212.37959561216,60.611522798231,
    106.62961558257));
#6640 = CARTESIAN_POINT('',(215.39238910851,60.61152279823,
    111.96382367165));
#6641 = CARTESIAN_POINT('',(218.421822624,60.61152279823,113.93497115045
    ));
#6642 = CARTESIAN_POINT('',(221.72619309389,60.611522798231,
    114.93662111358));
#6643 = CARTESIAN_POINT('',(224.87045067834,60.61152279823,
    115.90689463753));
#6644 = CARTESIAN_POINT('',(228.,60.611522798231,116.));
#6645 = CARTESIAN_POINT('',(-227.9999999999,63.374790629576,
    115.99999999999));
#6646 = CARTESIAN_POINT('',(-224.8704506783,63.374790629576,
    115.99997660332));
#6647 = CARTESIAN_POINT('',(-221.7261930938,63.374790629576,
    115.22664388042));
#6648 = CARTESIAN_POINT('',(-218.4218226239,63.374790629576,
    113.99988035498));
#6649 = CARTESIAN_POINT('',(-215.3923891085,63.374790629576,
    113.72184691898));
#6650 = CARTESIAN_POINT('',(-212.3795956121,63.374790629576,
    110.38135499427));
#6651 = CARTESIAN_POINT('',(-209.3682578232,63.374790629576,
    105.74050379491));
#6652 = CARTESIAN_POINT('',(-206.3523140676,63.374790629576,
    100.73358993629));
#6653 = CARTESIAN_POINT('',(-203.1617779581,63.374790629576,
    96.00678070333));
#6654 = CARTESIAN_POINT('',(-199.9439263754,63.374790629576,
    92.398178753953));
#6655 = CARTESIAN_POINT('',(-196.8039238222,63.374790629577,
    88.754484844524));
#6656 = CARTESIAN_POINT('',(-193.6502881772,63.374790629576,
    88.765353692282));
#6657 = CARTESIAN_POINT('',(-190.5238544957,63.374790629576,
    88.358521677013));
#6658 = CARTESIAN_POINT('',(-187.3979035972,63.374790629577,
    88.585084755061));
#6659 = CARTESIAN_POINT('',(-184.2712661539,63.374790629576,
    88.447638244221));
#6660 = CARTESIAN_POINT('',(-181.1559065714,63.374790629576,
    88.51505870598));
#6661 = CARTESIAN_POINT('',(-178.0122542805,63.374790629576,
    88.523742526084));
#6662 = CARTESIAN_POINT('',(-174.9117896235,63.374790629576,
    88.594709157347));
#6663 = CARTESIAN_POINT('',(-171.6693361669,63.374790629576,
    90.231342837594));
#6664 = CARTESIAN_POINT('',(-168.5057014313,63.374790629575,
    94.102198804051));
#6665 = CARTESIAN_POINT('',(-165.4844573721,63.374790629576,
    97.92201701639));
#6666 = CARTESIAN_POINT('',(-162.3423992853,63.374790629576,
    102.88378004191));
#6667 = CARTESIAN_POINT('',(-159.2634964041,63.374790629576,
    107.91928316341));
#6668 = CARTESIAN_POINT('',(-156.1823448947,63.374790629577,
    112.09275266386));
#6669 = CARTESIAN_POINT('',(-153.0590219735,63.374790629577,
    114.09032478626));
#6670 = CARTESIAN_POINT('',(-149.9482544958,63.374790629576,
    114.8457056763));
#6671 = CARTESIAN_POINT('',(-146.7241779702,63.374790629576,
    114.84173406518));
#6672 = CARTESIAN_POINT('',(-143.4946291038,63.374790629576,
    113.90103256172));
#6673 = CARTESIAN_POINT('',(-140.4942901617,63.374790629576,
    112.9689386643));
#6674 = CARTESIAN_POINT('',(-137.4482208537,63.374790629576,
    109.02849272468));
#6675 = CARTESIAN_POINT('',(-134.4049803305,63.374790629577,
    104.13125171193));
#6676 = CARTESIAN_POINT('',(-131.260957067,63.374790629577,
    99.012613892128));
#6677 = CARTESIAN_POINT('',(-128.2097768072,63.374790629577,
    94.800600014371));
#6678 = CARTESIAN_POINT('',(-125.1317400911,63.374790629576,
    91.319598516615));
#6679 = CARTESIAN_POINT('',(-121.7828599083,63.374790629576,
    88.448213370327));
#6680 = CARTESIAN_POINT('',(-118.7216058835,63.374790629576,
    88.728053531698));
#6681 = CARTESIAN_POINT('',(-115.5420323229,63.374790629577,
    88.374399266455));
#6682 = CARTESIAN_POINT('',(-112.4528648836,63.374790629577,
    88.560766432474));
#6683 = CARTESIAN_POINT('',(-109.3040734641,63.374790629577,
    88.479910907823));
#6684 = CARTESIAN_POINT('',(-106.2006800342,63.374790629576,
    88.469465862869));
#6685 = CARTESIAN_POINT('',(-103.049220273,63.374790629576,
    88.61310020166));
#6686 = CARTESIAN_POINT('',(-99.94497584182,63.374790629577,
    88.647223101161));
#6687 = CARTESIAN_POINT('',(-96.65251730109,63.374790629576,
    91.559684246845));
#6688 = CARTESIAN_POINT('',(-93.57852523436,63.374790629576,
    95.077085510348));
#6689 = CARTESIAN_POINT('',(-90.50838704351,63.374790629576,
    99.388555578378));
#6690 = CARTESIAN_POINT('',(-87.38288840939,63.374790629577,
    104.47864888299));
#6691 = CARTESIAN_POINT('',(-84.31785444875,63.374790629576,
    109.36098629436));
#6692 = CARTESIAN_POINT('',(-81.24214244136,63.374790629576,
    113.05112720259));
#6693 = CARTESIAN_POINT('',(-78.12960500485,63.374790629576,
    114.01394456173));
#6694 = CARTESIAN_POINT('',(-74.96906529327,63.374790629576,
    114.85025902037));
#6695 = CARTESIAN_POINT('',(-71.73799895758,63.374790629577,
    114.83162992869));
#6696 = CARTESIAN_POINT('',(-68.60106908076,63.374790629576,
    113.99873540176));
#6697 = CARTESIAN_POINT('',(-65.56017338006,63.374790629576,
    111.90680522044));
#6698 = CARTESIAN_POINT('',(-62.51301691864,63.374790629576,
    107.58558919924));
#6699 = CARTESIAN_POINT('',(-59.44661269167,63.374790629576,
    102.53173272385));
#6700 = CARTESIAN_POINT('',(-56.2794693162,63.374790629576,
    97.554699377992));
#6701 = CARTESIAN_POINT('',(-53.30015135599,63.374790629576,
    93.878089546602));
#6702 = CARTESIAN_POINT('',(-50.09160903077,63.374790629576,
    89.933414858369));
#6703 = CARTESIAN_POINT('',(-46.82988298107,63.374790629576,
    88.563556919091));
#6704 = CARTESIAN_POINT('',(-43.75098561487,63.374790629576,
    88.537898218274));
#6705 = CARTESIAN_POINT('',(-40.59022498143,63.374790629577,
    88.492347044392));
#6706 = CARTESIAN_POINT('',(-37.48657799801,63.374790629576,
    88.482069714991));
#6707 = CARTESIAN_POINT('',(-34.35349204993,63.374790629576,
    88.529652358799));
#6708 = CARTESIAN_POINT('',(-31.22924211799,63.374790629576,
    88.445372228216));
#6709 = CARTESIAN_POINT('',(-28.10496678474,63.374790629576,
    88.648212336561));
#6710 = CARTESIAN_POINT('',(-24.94210454386,63.374790629576,
    89.033242811009));
#6711 = CARTESIAN_POINT('',(-21.65395320521,63.374790629576,
    92.848366805359));
#6712 = CARTESIAN_POINT('',(-18.66692496727,63.374790629577,
    96.244589356386));
#6713 = CARTESIAN_POINT('',(-15.52415536771,63.374790629576,
    100.94364847517));
#6714 = CARTESIAN_POINT('',(-12.42987744782,63.374790629576,
    106.05902594806));
#6715 = CARTESIAN_POINT('',(-9.377596847078,63.374790629577,
    110.69300558986));
#6716 = CARTESIAN_POINT('',(-6.312968134846,63.374790629577,
    113.73575071038));
#6717 = CARTESIAN_POINT('',(-3.20273059646,63.374790629576,
    114.15073531595));
#6718 = CARTESIAN_POINT('',(-2.775557561563E-17,63.374790629576,
    115.1635502835));
#6719 = CARTESIAN_POINT('',(3.20273059646,63.374790629576,
    114.15073531595));
#6720 = CARTESIAN_POINT('',(6.312968134846,63.374790629577,
    113.73575071038));
#6721 = CARTESIAN_POINT('',(9.377596847078,63.374790629577,
    110.69300558986));
#6722 = CARTESIAN_POINT('',(12.429877447828,63.374790629576,
    106.05902594806));
#6723 = CARTESIAN_POINT('',(15.524155367714,63.374790629576,
    100.94364847517));
#6724 = CARTESIAN_POINT('',(18.666924967278,63.374790629576,
    96.244589356387));
#6725 = CARTESIAN_POINT('',(21.653953205213,63.374790629577,
    92.848366805359));
#6726 = CARTESIAN_POINT('',(24.942104543865,63.374790629577,
    89.03324281101));
#6727 = CARTESIAN_POINT('',(28.104966784746,63.374790629577,
    88.648212336561));
#6728 = CARTESIAN_POINT('',(31.229242117991,63.374790629576,
    88.445372228218));
#6729 = CARTESIAN_POINT('',(34.353492049937,63.374790629576,
    88.529652358799));
#6730 = CARTESIAN_POINT('',(37.486577998015,63.374790629577,
    88.482069714994));
#6731 = CARTESIAN_POINT('',(40.590224981439,63.374790629576,
    88.492347044391));
#6732 = CARTESIAN_POINT('',(43.75098561487,63.374790629576,
    88.537898218275));
#6733 = CARTESIAN_POINT('',(46.82988298107,63.374790629576,
    88.563556919089));
#6734 = CARTESIAN_POINT('',(50.091609030777,63.374790629576,
    89.933414858369));
#6735 = CARTESIAN_POINT('',(53.30015135599,63.374790629576,
    93.878089546602));
#6736 = CARTESIAN_POINT('',(56.279469316208,63.374790629576,
    97.554699377991));
#6737 = CARTESIAN_POINT('',(59.446612691677,63.374790629576,
    102.53173272385));
#6738 = CARTESIAN_POINT('',(62.513016918642,63.374790629576,
    107.58558919924));
#6739 = CARTESIAN_POINT('',(65.560173380067,63.374790629576,
    111.90680522044));
#6740 = CARTESIAN_POINT('',(68.601069080765,63.374790629576,
    113.99873540176));
#6741 = CARTESIAN_POINT('',(71.737998957589,63.374790629576,
    114.83162992869));
#6742 = CARTESIAN_POINT('',(74.969065293278,63.374790629577,
    114.85025902037));
#6743 = CARTESIAN_POINT('',(78.129605004858,63.374790629576,
    114.01394456173));
#6744 = CARTESIAN_POINT('',(81.242142441362,63.374790629577,
    113.05112720259));
#6745 = CARTESIAN_POINT('',(84.317854448757,63.374790629577,
    109.36098629436));
#6746 = CARTESIAN_POINT('',(87.382888409397,63.374790629577,
    104.478648883));
#6747 = CARTESIAN_POINT('',(90.508387043518,63.374790629576,
    99.388555578378));
#6748 = CARTESIAN_POINT('',(93.578525234368,63.374790629577,
    95.077085510347));
#6749 = CARTESIAN_POINT('',(96.652517301093,63.374790629576,
    91.559684246846));
#6750 = CARTESIAN_POINT('',(99.944975841829,63.374790629576,
    88.647223101161));
#6751 = CARTESIAN_POINT('',(103.04922027306,63.374790629577,
    88.61310020166));
#6752 = CARTESIAN_POINT('',(106.20068003424,63.374790629576,
    88.469465862869));
#6753 = CARTESIAN_POINT('',(109.30407346416,63.374790629577,
    88.479910907822));
#6754 = CARTESIAN_POINT('',(112.45286488364,63.374790629575,
    88.560766432473));
#6755 = CARTESIAN_POINT('',(115.54203232296,63.374790629576,
    88.374399266455));
#6756 = CARTESIAN_POINT('',(118.72160588355,63.374790629577,
    88.728053531698));
#6757 = CARTESIAN_POINT('',(121.78285990839,63.374790629576,
    88.448213370327));
#6758 = CARTESIAN_POINT('',(125.13174009112,63.374790629577,
    91.319598516615));
#6759 = CARTESIAN_POINT('',(128.20977680724,63.374790629577,
    94.80060001437));
#6760 = CARTESIAN_POINT('',(131.26095706703,63.374790629576,
    99.012613892127));
#6761 = CARTESIAN_POINT('',(134.40498033054,63.374790629576,
    104.13125171193));
#6762 = CARTESIAN_POINT('',(137.44822085371,63.374790629576,
    109.02849272468));
#6763 = CARTESIAN_POINT('',(140.49429016176,63.374790629576,
    112.9689386643));
#6764 = CARTESIAN_POINT('',(143.49462910383,63.374790629576,
    113.90103256172));
#6765 = CARTESIAN_POINT('',(146.72417797021,63.374790629576,
    114.84173406518));
#6766 = CARTESIAN_POINT('',(149.94825449589,63.374790629576,
    114.8457056763));
#6767 = CARTESIAN_POINT('',(153.05902197354,63.374790629576,
    114.09032478626));
#6768 = CARTESIAN_POINT('',(156.1823448947,63.374790629577,
    112.09275266386));
#6769 = CARTESIAN_POINT('',(159.26349640411,63.374790629576,
    107.91928316341));
#6770 = CARTESIAN_POINT('',(162.34239928535,63.374790629577,
    102.88378004191));
#6771 = CARTESIAN_POINT('',(165.48445737214,63.374790629577,
    97.92201701639));
#6772 = CARTESIAN_POINT('',(168.50570143135,63.374790629577,
    94.102198804053));
#6773 = CARTESIAN_POINT('',(171.66933616697,63.374790629576,
    90.231342837594));
#6774 = CARTESIAN_POINT('',(174.91178962354,63.374790629577,
    88.594709157345));
#6775 = CARTESIAN_POINT('',(178.01225428054,63.374790629577,
    88.523742526084));
#6776 = CARTESIAN_POINT('',(181.15590657147,63.374790629576,
    88.51505870598));
#6777 = CARTESIAN_POINT('',(184.27126615396,63.374790629577,
    88.447638244221));
#6778 = CARTESIAN_POINT('',(187.39790359723,63.374790629576,
    88.585084755062));
#6779 = CARTESIAN_POINT('',(190.52385449579,63.374790629576,
    88.358521677013));
#6780 = CARTESIAN_POINT('',(193.65028817727,63.374790629577,
    88.765353692283));
#6781 = CARTESIAN_POINT('',(196.80392382223,63.374790629576,
    88.754484844525));
#6782 = CARTESIAN_POINT('',(199.94392637543,63.374790629577,
    92.398178753953));
#6783 = CARTESIAN_POINT('',(203.16177795814,63.374790629576,
    96.006780703329));
#6784 = CARTESIAN_POINT('',(206.35231406763,63.374790629576,
    100.73358993629));
#6785 = CARTESIAN_POINT('',(209.36825782326,63.374790629577,
    105.74050379491));
#6786 = CARTESIAN_POINT('',(212.37959561216,63.374790629576,
    110.38135499427));
#6787 = CARTESIAN_POINT('',(215.39238910851,63.374790629576,
    113.72184691898));
#6788 = CARTESIAN_POINT('',(218.421822624,63.374790629577,
    113.99988035498));
#6789 = CARTESIAN_POINT('',(221.72619309389,63.374790629576,
    115.22664388042));
#6790 = CARTESIAN_POINT('',(224.87045067834,63.374790629576,
    115.99997660332));
#6791 = CARTESIAN_POINT('',(227.99999999999,63.374790629576,
    115.99999999999));
#6792 = CARTESIAN_POINT('',(-228.,66.408396952535,116.));
#6793 = CARTESIAN_POINT('',(-224.8704506783,66.408396952536,
    116.12465281756));
#6794 = CARTESIAN_POINT('',(-221.7261930938,66.408396952535,
    115.61279102006));
#6795 = CARTESIAN_POINT('',(-218.421822624,66.408396952535,
    114.86875061395));
#6796 = CARTESIAN_POINT('',(-215.3923891085,66.408396952535,
    114.04381242608));
#6797 = CARTESIAN_POINT('',(-212.3795956121,66.408396952535,
    113.89772993679));
#6798 = CARTESIAN_POINT('',(-209.3682578232,66.408396952535,
    111.30176435632));
#6799 = CARTESIAN_POINT('',(-206.3523140676,66.408396952535,
    108.30897915604));
#6800 = CARTESIAN_POINT('',(-203.1617779581,66.408396952535,
    105.13589081863));
#6801 = CARTESIAN_POINT('',(-199.9439263754,66.408396952535,
    102.51644669071));
#6802 = CARTESIAN_POINT('',(-196.8039238222,66.408396952534,
    102.05208321264));
#6803 = CARTESIAN_POINT('',(-193.6502881772,66.408396952535,
    99.728617527613));
#6804 = CARTESIAN_POINT('',(-190.5238544957,66.408396952535,
    99.120202188788));
#6805 = CARTESIAN_POINT('',(-187.3979035972,66.408396952534,
    98.65126983963));
#6806 = CARTESIAN_POINT('',(-184.2712661539,66.408396952535,
    98.79245134474));
#6807 = CARTESIAN_POINT('',(-181.1559065714,66.408396952536,
    98.755309564326));
#6808 = CARTESIAN_POINT('',(-178.0122542805,66.408396952535,
    99.326987748796));
#6809 = CARTESIAN_POINT('',(-174.9117896235,66.408396952535,
    100.76292522343));
#6810 = CARTESIAN_POINT('',(-171.6693361669,66.408396952535,
    102.38331194572));
#6811 = CARTESIAN_POINT('',(-168.5057014313,66.408396952536,
    103.65853926723));
#6812 = CARTESIAN_POINT('',(-165.4844573721,66.408396952535,
    106.44856487725));
#6813 = CARTESIAN_POINT('',(-162.3423992853,66.408396952535,
    109.63595130372));
#6814 = CARTESIAN_POINT('',(-159.2634964041,66.408396952535,
    112.52400664417));
#6815 = CARTESIAN_POINT('',(-156.1823448947,66.408396952534,
    114.29043875576));
#6816 = CARTESIAN_POINT('',(-153.0590219735,66.408396952535,
    114.12864093562));
#6817 = CARTESIAN_POINT('',(-149.9482544959,66.408396952535,
    114.90698351665));
#6818 = CARTESIAN_POINT('',(-146.7241779702,66.408396952535,
    115.43569168758));
#6819 = CARTESIAN_POINT('',(-143.4946291038,66.408396952535,
    114.52309882814));
#6820 = CARTESIAN_POINT('',(-140.4942901617,66.408396952535,
    114.35296314105));
#6821 = CARTESIAN_POINT('',(-137.4482208537,66.408396952536,
    113.16402978422));
#6822 = CARTESIAN_POINT('',(-134.4049803305,66.408396952535,
    110.38982283578));
#6823 = CARTESIAN_POINT('',(-131.260957067,66.408396952534,
    107.18476000194));
#6824 = CARTESIAN_POINT('',(-128.2097768072,66.408396952535,
    104.32372019931));
#6825 = CARTESIAN_POINT('',(-125.1317400911,66.408396952535,
    102.38669102314));
#6826 = CARTESIAN_POINT('',(-121.7828599083,66.408396952535,
    101.37326065941));
#6827 = CARTESIAN_POINT('',(-118.7216058835,66.408396952535,
    99.410405027821));
#6828 = CARTESIAN_POINT('',(-115.5420323229,66.408396952534,
    98.924801896279));
#6829 = CARTESIAN_POINT('',(-112.4528648836,66.408396952534,
    98.700639028601));
#6830 = CARTESIAN_POINT('',(-109.3040734641,66.408396952535,
    98.742945069462));
#6831 = CARTESIAN_POINT('',(-106.2006800342,66.408396952535,
    98.893578799607));
#6832 = CARTESIAN_POINT('',(-103.049220273,66.408396952536,
    99.588784412509));
#6833 = CARTESIAN_POINT('',(-99.94497584182,66.408396952535,
    101.44911365682));
#6834 = CARTESIAN_POINT('',(-96.65251730109,66.408396952535,
    102.49875391618));
#6835 = CARTESIAN_POINT('',(-93.57852523436,66.408396952535,
    104.52047252803));
#6836 = CARTESIAN_POINT('',(-90.50838704351,66.408396952535,
    107.42026990526));
#6837 = CARTESIAN_POINT('',(-87.38288840939,66.408396952535,
    110.59931117675));
#6838 = CARTESIAN_POINT('',(-84.31785444875,66.408396952535,
    113.26628494674));
#6839 = CARTESIAN_POINT('',(-81.24214244136,66.408396952535,
    114.36031255214));
#6840 = CARTESIAN_POINT('',(-78.12960500485,66.408396952535,
    114.63460000567));
#6841 = CARTESIAN_POINT('',(-74.96906529328,66.408396952536,
    115.3979320503));
#6842 = CARTESIAN_POINT('',(-71.73799895759,66.408396952534,
    114.8495706519));
#6843 = CARTESIAN_POINT('',(-68.60106908076,66.408396952535,
    114.04052021907));
#6844 = CARTESIAN_POINT('',(-65.56017338006,66.408396952535,
    114.32165333382));
#6845 = CARTESIAN_POINT('',(-62.51301691864,66.408396952535,
    112.36187824653));
#6846 = CARTESIAN_POINT('',(-59.44661269167,66.408396952535,
    109.4275174094));
#6847 = CARTESIAN_POINT('',(-56.2794693162,66.408396952536,
    106.20765079141));
#6848 = CARTESIAN_POINT('',(-53.30015135599,66.408396952535,
    103.48575238573));
#6849 = CARTESIAN_POINT('',(-50.09160903077,66.408396952535,
    102.32485739624));
#6850 = CARTESIAN_POINT('',(-46.82988298107,66.408396952535,
    100.59976513471));
#6851 = CARTESIAN_POINT('',(-43.75098561487,66.408396952536,
    99.24291741852));
#6852 = CARTESIAN_POINT('',(-40.59022498144,66.408396952535,
    98.756178091997));
#6853 = CARTESIAN_POINT('',(-37.48657799801,66.408396952535,
    98.767991592991));
#6854 = CARTESIAN_POINT('',(-34.35349204993,66.408396952535,
    98.702284942417));
#6855 = CARTESIAN_POINT('',(-31.22924211799,66.408396952535,
    99.07550441748));
#6856 = CARTESIAN_POINT('',(-28.10496678474,66.408396952536,
    99.991622202928));
#6857 = CARTESIAN_POINT('',(-24.94210454386,66.408396952535,
    102.01590820545));
#6858 = CARTESIAN_POINT('',(-21.65395320521,66.408396952535,
    102.81986505799));
#6859 = CARTESIAN_POINT('',(-18.66692496727,66.408396952535,
    105.31594806331));
#6860 = CARTESIAN_POINT('',(-15.52415536771,66.408396952535,
    108.42789604621));
#6861 = CARTESIAN_POINT('',(-12.42987744782,66.408396952535,
    111.51223361145));
#6862 = CARTESIAN_POINT('',(-9.377596847078,66.408396952535,
    113.90148826197));
#6863 = CARTESIAN_POINT('',(-6.312968134846,66.408396952535,
    114.12556785152));
#6864 = CARTESIAN_POINT('',(-3.20273059646,66.408396952536,
    114.95839938927));
#6865 = CARTESIAN_POINT('',(-2.775557561563E-17,66.408396952535,
    115.59381796297));
#6866 = CARTESIAN_POINT('',(3.20273059646,66.408396952535,
    114.95839938927));
#6867 = CARTESIAN_POINT('',(6.312968134846,66.408396952534,
    114.12556785152));
#6868 = CARTESIAN_POINT('',(9.377596847078,66.408396952535,
    113.90148826197));
#6869 = CARTESIAN_POINT('',(12.429877447828,66.408396952535,
    111.51223361145));
#6870 = CARTESIAN_POINT('',(15.524155367714,66.408396952535,
    108.42789604621));
#6871 = CARTESIAN_POINT('',(18.666924967279,66.408396952535,
    105.31594806331));
#6872 = CARTESIAN_POINT('',(21.653953205212,66.408396952535,
    102.81986505799));
#6873 = CARTESIAN_POINT('',(24.942104543866,66.408396952535,
    102.01590820545));
#6874 = CARTESIAN_POINT('',(28.104966784747,66.408396952535,
    99.991622202927));
#6875 = CARTESIAN_POINT('',(31.229242117992,66.408396952535,
    99.075504417478));
#6876 = CARTESIAN_POINT('',(34.353492049936,66.408396952535,
    98.702284942417));
#6877 = CARTESIAN_POINT('',(37.486577998015,66.408396952535,
    98.767991592988));
#6878 = CARTESIAN_POINT('',(40.59022498144,66.408396952536,
    98.756178091998));
#6879 = CARTESIAN_POINT('',(43.75098561487,66.408396952535,
    99.24291741852));
#6880 = CARTESIAN_POINT('',(46.82988298107,66.408396952535,
    100.59976513471));
#6881 = CARTESIAN_POINT('',(50.091609030777,66.408396952535,
    102.32485739624));
#6882 = CARTESIAN_POINT('',(53.300151355991,66.408396952535,
    103.48575238573));
#6883 = CARTESIAN_POINT('',(56.279469316208,66.408396952535,
    106.20765079141));
#6884 = CARTESIAN_POINT('',(59.446612691678,66.408396952535,
    109.4275174094));
#6885 = CARTESIAN_POINT('',(62.513016918645,66.408396952535,
    112.36187824653));
#6886 = CARTESIAN_POINT('',(65.560173380066,66.408396952535,
    114.32165333382));
#6887 = CARTESIAN_POINT('',(68.601069080766,66.408396952535,
    114.04052021907));
#6888 = CARTESIAN_POINT('',(71.73799895759,66.408396952535,
    114.8495706519));
#6889 = CARTESIAN_POINT('',(74.96906529328,66.408396952535,
    115.3979320503));
#6890 = CARTESIAN_POINT('',(78.129605004857,66.408396952535,
    114.63460000567));
#6891 = CARTESIAN_POINT('',(81.242142441362,66.408396952535,
    114.36031255214));
#6892 = CARTESIAN_POINT('',(84.317854448757,66.408396952534,
    113.26628494673));
#6893 = CARTESIAN_POINT('',(87.382888409395,66.408396952535,
    110.59931117675));
#6894 = CARTESIAN_POINT('',(90.50838704352,66.408396952535,
    107.42026990526));
#6895 = CARTESIAN_POINT('',(93.578525234369,66.408396952535,
    104.52047252803));
#6896 = CARTESIAN_POINT('',(96.652517301093,66.408396952535,
    102.49875391618));
#6897 = CARTESIAN_POINT('',(99.944975841827,66.408396952535,
    101.44911365682));
#6898 = CARTESIAN_POINT('',(103.04922027306,66.408396952535,
    99.588784412508));
#6899 = CARTESIAN_POINT('',(106.20068003424,66.408396952535,
    98.893578799608));
#6900 = CARTESIAN_POINT('',(109.30407346416,66.408396952534,
    98.742945069464));
#6901 = CARTESIAN_POINT('',(112.45286488365,66.408396952536,
    98.700639028602));
#6902 = CARTESIAN_POINT('',(115.54203232295,66.408396952535,
    98.924801896279));
#6903 = CARTESIAN_POINT('',(118.72160588355,66.408396952535,
    99.410405027821));
#6904 = CARTESIAN_POINT('',(121.78285990839,66.408396952535,
    101.37326065941));
#6905 = CARTESIAN_POINT('',(125.13174009112,66.408396952535,
    102.38669102314));
#6906 = CARTESIAN_POINT('',(128.20977680724,66.408396952535,
    104.32372019931));
#6907 = CARTESIAN_POINT('',(131.26095706703,66.408396952535,
    107.18476000194));
#6908 = CARTESIAN_POINT('',(134.40498033054,66.408396952535,
    110.38982283578));
#6909 = CARTESIAN_POINT('',(137.44822085371,66.408396952535,
    113.16402978422));
#6910 = CARTESIAN_POINT('',(140.49429016176,66.408396952535,
    114.35296314105));
#6911 = CARTESIAN_POINT('',(143.49462910383,66.408396952535,
    114.52309882814));
#6912 = CARTESIAN_POINT('',(146.72417797021,66.408396952535,
    115.43569168758));
#6913 = CARTESIAN_POINT('',(149.9482544959,66.408396952535,
    114.90698351665));
#6914 = CARTESIAN_POINT('',(153.05902197354,66.408396952535,
    114.12864093562));
#6915 = CARTESIAN_POINT('',(156.1823448947,66.408396952534,
    114.29043875576));
#6916 = CARTESIAN_POINT('',(159.26349640411,66.408396952535,
    112.52400664417));
#6917 = CARTESIAN_POINT('',(162.34239928534,66.408396952535,
    109.63595130372));
#6918 = CARTESIAN_POINT('',(165.48445737214,66.408396952535,
    106.44856487725));
#6919 = CARTESIAN_POINT('',(168.50570143136,66.408396952535,
    103.65853926723));
#6920 = CARTESIAN_POINT('',(171.66933616697,66.408396952535,
    102.38331194572));
#6921 = CARTESIAN_POINT('',(174.91178962355,66.408396952535,
    100.76292522343));
#6922 = CARTESIAN_POINT('',(178.01225428055,66.408396952534,
    99.326987748796));
#6923 = CARTESIAN_POINT('',(181.15590657147,66.408396952535,
    98.755309564327));
#6924 = CARTESIAN_POINT('',(184.27126615396,66.408396952534,
    98.792451344741));
#6925 = CARTESIAN_POINT('',(187.39790359724,66.408396952535,
    98.651269839628));
#6926 = CARTESIAN_POINT('',(190.52385449579,66.408396952535,
    99.120202188788));
#6927 = CARTESIAN_POINT('',(193.65028817727,66.408396952534,
    99.728617527612));
#6928 = CARTESIAN_POINT('',(196.80392382223,66.408396952536,
    102.05208321264));
#6929 = CARTESIAN_POINT('',(199.94392637543,66.408396952535,
    102.51644669071));
#6930 = CARTESIAN_POINT('',(203.16177795815,66.408396952535,
    105.13589081863));
#6931 = CARTESIAN_POINT('',(206.35231406763,66.408396952536,
    108.30897915604));
#6932 = CARTESIAN_POINT('',(209.36825782326,66.408396952535,
    111.30176435632));
#6933 = CARTESIAN_POINT('',(212.37959561215,66.408396952535,
    113.89772993679));
#6934 = CARTESIAN_POINT('',(215.39238910851,66.408396952535,
    114.04381242608));
#6935 = CARTESIAN_POINT('',(218.421822624,66.408396952535,
    114.86875061395));
#6936 = CARTESIAN_POINT('',(221.72619309389,66.408396952536,
    115.61279102006));
#6937 = CARTESIAN_POINT('',(224.87045067834,66.408396952535,
    116.12465281755));
#6938 = CARTESIAN_POINT('',(228.,66.408396952535,116.));
#6939 = CARTESIAN_POINT('',(-227.9999999999,69.125713876862,
    115.99999999999));
#6940 = CARTESIAN_POINT('',(-224.8704506783,69.125713876862,
    116.26523069908));
#6941 = CARTESIAN_POINT('',(-221.7261930938,69.125713876862,
    116.01768179801));
#6942 = CARTESIAN_POINT('',(-218.421822624,69.125713876862,
    115.07573909997));
#6943 = CARTESIAN_POINT('',(-215.3923891085,69.125713876862,
    114.58790676187));
#6944 = CARTESIAN_POINT('',(-212.3795956121,69.125713876862,
    113.94472849527));
#6945 = CARTESIAN_POINT('',(-209.3682578232,69.125713876862,
    114.11122575527));
#6946 = CARTESIAN_POINT('',(-206.3523140676,69.125713876862,
    112.69112599387));
#6947 = CARTESIAN_POINT('',(-203.1617779581,69.125713876862,
    111.09830471487));
#6948 = CARTESIAN_POINT('',(-199.9439263754,69.125713876862,
    109.62391553699));
#6949 = CARTESIAN_POINT('',(-196.8039238222,69.125713876863,
    107.57803204669));
#6950 = CARTESIAN_POINT('',(-193.6502881772,69.125713876862,
    107.98635823386));
#6951 = CARTESIAN_POINT('',(-190.5238544957,69.125713876862,
    107.84148523931));
#6952 = CARTESIAN_POINT('',(-187.3979035972,69.125713876863,
    108.05616344947));
#6953 = CARTESIAN_POINT('',(-184.2712661539,69.125713876862,
    107.94938746184));
#6954 = CARTESIAN_POINT('',(-181.1559065714,69.125713876862,
    107.99662194676));
#6955 = CARTESIAN_POINT('',(-178.0122542805,69.125713876862,
    107.90747483863));
#6956 = CARTESIAN_POINT('',(-174.9117896235,69.125713876862,
    107.70797486998));
#6957 = CARTESIAN_POINT('',(-171.6693361669,69.125713876862,
    108.39033393067));
#6958 = CARTESIAN_POINT('',(-168.5057014313,69.125713876861,
    110.35365976824));
#6959 = CARTESIAN_POINT('',(-165.4844573721,69.125713876863,
    111.78006386012));
#6960 = CARTESIAN_POINT('',(-162.3423992853,69.125713876862,
    113.32972015251));
#6961 = CARTESIAN_POINT('',(-159.2634964041,69.125713876862,
    114.26072586832));
#6962 = CARTESIAN_POINT('',(-156.1823448947,69.125713876863,
    113.86388655359));
#6963 = CARTESIAN_POINT('',(-153.0590219735,69.125713876863,
    115.11514663743));
#6964 = CARTESIAN_POINT('',(-149.9482544958,69.125713876862,
    115.7499069627));
#6965 = CARTESIAN_POINT('',(-146.7241779702,69.125713876862,
    115.77127967226));
#6966 = CARTESIAN_POINT('',(-143.4946291038,69.125713876863,
    114.9788883062));
#6967 = CARTESIAN_POINT('',(-140.4942901617,69.125713876863,
    114.02162868009));
#6968 = CARTESIAN_POINT('',(-137.4482208537,69.125713876862,
    114.28318536371));
#6969 = CARTESIAN_POINT('',(-134.4049803305,69.125713876863,
    113.68782913097));
#6970 = CARTESIAN_POINT('',(-131.260957067,69.125713876863,
    112.15990148695));
#6971 = CARTESIAN_POINT('',(-128.2097768072,69.125713876863,
    110.60520249798));
#6972 = CARTESIAN_POINT('',(-125.1317400911,69.125713876862,
    109.02615267511));
#6973 = CARTESIAN_POINT('',(-121.7828599083,69.125713876862,
    107.5156936477));
#6974 = CARTESIAN_POINT('',(-118.7216058835,69.125713876862,
    108.01624250267));
#6975 = CARTESIAN_POINT('',(-115.5420323229,69.125713876863,
    107.88396939772));
#6976 = CARTESIAN_POINT('',(-112.4528648836,69.125713876863,
    108.03290078812));
#6977 = CARTESIAN_POINT('',(-109.3040734641,69.125713876863,
    107.97721464308));
#6978 = CARTESIAN_POINT('',(-106.2006800342,69.125713876862,
    107.94641416646));
#6979 = CARTESIAN_POINT('',(-103.049220273,69.125713876862,
    107.91744768012));
#6980 = CARTESIAN_POINT('',(-99.94497584182,69.125713876863,
    107.62133228048));
#6981 = CARTESIAN_POINT('',(-96.65251730109,69.125713876862,
    109.14268508213));
#6982 = CARTESIAN_POINT('',(-93.57852523436,69.125713876862,
    110.70994059873));
#6983 = CARTESIAN_POINT('',(-90.50838704351,69.125713876862,
    112.28251304104));
#6984 = CARTESIAN_POINT('',(-87.38288840939,69.125713876863,
    113.7403023551));
#6985 = CARTESIAN_POINT('',(-84.31785444875,69.125713876862,
    114.25061214319));
#6986 = CARTESIAN_POINT('',(-81.24214244136,69.125713876862,
    114.10779190903));
#6987 = CARTESIAN_POINT('',(-78.12960500485,69.125713876862,
    115.07408973539));
#6988 = CARTESIAN_POINT('',(-74.96906529327,69.125713876862,
    115.77632418638));
#6989 = CARTESIAN_POINT('',(-71.73799895758,69.125713876863,
    115.73608533574));
#6990 = CARTESIAN_POINT('',(-68.60106908076,69.125713876862,
    115.03847291547));
#6991 = CARTESIAN_POINT('',(-65.56017338006,69.125713876862,
    113.7506751742));
#6992 = CARTESIAN_POINT('',(-62.51301691864,69.125713876862,
    114.3173416866));
#6993 = CARTESIAN_POINT('',(-59.44661269167,69.125713876862,
    113.23860889061));
#6994 = CARTESIAN_POINT('',(-56.2794693162,69.125713876862,
    111.65971458362));
#6995 = CARTESIAN_POINT('',(-53.30015135599,69.125713876862,
    110.26497917223));
#6996 = CARTESIAN_POINT('',(-50.09160903077,69.125713876862,
    108.22921375817));
#6997 = CARTESIAN_POINT('',(-46.82988298107,69.125713876862,
    107.71564304841));
#6998 = CARTESIAN_POINT('',(-43.75098561487,69.125713876862,
    107.93092970576));
#6999 = CARTESIAN_POINT('',(-40.59022498143,69.125713876863,
    107.98189661983));
#7000 = CARTESIAN_POINT('',(-37.48657799801,69.125713876862,
    107.97505396808));
#7001 = CARTESIAN_POINT('',(-34.35349204993,69.125713876862,
    108.01330166721));
#7002 = CARTESIAN_POINT('',(-31.22924211799,69.125713876862,
    107.90263914114));
#7003 = CARTESIAN_POINT('',(-28.10496678474,69.125713876862,
    107.86991020126));
#7004 = CARTESIAN_POINT('',(-24.94210454386,69.125713876862,
    107.75266992521));
#7005 = CARTESIAN_POINT('',(-21.65395320521,69.125713876862,
    109.81908953872));
#7006 = CARTESIAN_POINT('',(-18.66692496727,69.125713876863,
    111.17120293779));
#7007 = CARTESIAN_POINT('',(-15.52415536771,69.125713876862,
    112.77485081723));
#7008 = CARTESIAN_POINT('',(-12.42987744782,69.125713876862,
    114.08689887002));
#7009 = CARTESIAN_POINT('',(-9.377596847078,69.125713876863,
    113.99836890221));
#7010 = CARTESIAN_POINT('',(-6.312968134846,69.125713876863,
    114.62960074213));
#7011 = CARTESIAN_POINT('',(-3.20273059646,69.125713876861,
    115.18681884495));
#7012 = CARTESIAN_POINT('',(-2.775557561563E-17,69.125713876862,
    116.0430869413));
#7013 = CARTESIAN_POINT('',(3.20273059646,69.125713876862,
    115.18681884495));
#7014 = CARTESIAN_POINT('',(6.312968134846,69.125713876863,
    114.62960074213));
#7015 = CARTESIAN_POINT('',(9.377596847078,69.125713876863,
    113.99836890221));
#7016 = CARTESIAN_POINT('',(12.429877447828,69.125713876862,
    114.08689887002));
#7017 = CARTESIAN_POINT('',(15.524155367714,69.125713876862,
    112.77485081723));
#7018 = CARTESIAN_POINT('',(18.666924967278,69.125713876862,
    111.17120293779));
#7019 = CARTESIAN_POINT('',(21.653953205213,69.125713876863,
    109.81908953872));
#7020 = CARTESIAN_POINT('',(24.942104543865,69.125713876863,
    107.75266992521));
#7021 = CARTESIAN_POINT('',(28.104966784746,69.125713876863,
    107.86991020126));
#7022 = CARTESIAN_POINT('',(31.229242117991,69.125713876862,
    107.90263914114));
#7023 = CARTESIAN_POINT('',(34.353492049937,69.125713876862,
    108.01330166721));
#7024 = CARTESIAN_POINT('',(37.486577998015,69.125713876863,
    107.97505396808));
#7025 = CARTESIAN_POINT('',(40.590224981439,69.125713876861,
    107.98189661982));
#7026 = CARTESIAN_POINT('',(43.75098561487,69.125713876862,
    107.93092970576));
#7027 = CARTESIAN_POINT('',(46.82988298107,69.125713876862,
    107.71564304841));
#7028 = CARTESIAN_POINT('',(50.091609030777,69.125713876862,
    108.22921375817));
#7029 = CARTESIAN_POINT('',(53.30015135599,69.125713876862,
    110.26497917223));
#7030 = CARTESIAN_POINT('',(56.279469316208,69.125713876862,
    111.65971458362));
#7031 = CARTESIAN_POINT('',(59.446612691677,69.125713876862,
    113.23860889061));
#7032 = CARTESIAN_POINT('',(62.513016918642,69.125713876862,
    114.3173416866));
#7033 = CARTESIAN_POINT('',(65.560173380067,69.125713876862,
    113.7506751742));
#7034 = CARTESIAN_POINT('',(68.601069080765,69.125713876862,
    115.03847291547));
#7035 = CARTESIAN_POINT('',(71.737998957589,69.125713876862,
    115.73608533574));
#7036 = CARTESIAN_POINT('',(74.969065293279,69.125713876862,
    115.77632418637));
#7037 = CARTESIAN_POINT('',(78.129605004858,69.125713876862,
    115.07408973538));
#7038 = CARTESIAN_POINT('',(81.242142441362,69.125713876863,
    114.10779190903));
#7039 = CARTESIAN_POINT('',(84.317854448757,69.125713876863,
    114.25061214319));
#7040 = CARTESIAN_POINT('',(87.382888409397,69.125713876863,
    113.7403023551));
#7041 = CARTESIAN_POINT('',(90.508387043518,69.125713876862,
    112.28251304104));
#7042 = CARTESIAN_POINT('',(93.578525234368,69.125713876862,
    110.70994059873));
#7043 = CARTESIAN_POINT('',(96.652517301093,69.125713876862,
    109.14268508213));
#7044 = CARTESIAN_POINT('',(99.944975841829,69.125713876863,
    107.62133228048));
#7045 = CARTESIAN_POINT('',(103.04922027306,69.125713876862,
    107.91744768012));
#7046 = CARTESIAN_POINT('',(106.20068003424,69.125713876862,
    107.94641416646));
#7047 = CARTESIAN_POINT('',(109.30407346416,69.125713876863,
    107.97721464307));
#7048 = CARTESIAN_POINT('',(112.45286488364,69.125713876861,
    108.03290078812));
#7049 = CARTESIAN_POINT('',(115.54203232296,69.125713876862,
    107.88396939772));
#7050 = CARTESIAN_POINT('',(118.72160588355,69.125713876863,
    108.01624250267));
#7051 = CARTESIAN_POINT('',(121.78285990839,69.125713876862,
    107.5156936477));
#7052 = CARTESIAN_POINT('',(125.13174009112,69.125713876863,
    109.02615267511));
#7053 = CARTESIAN_POINT('',(128.20977680724,69.125713876863,
    110.60520249798));
#7054 = CARTESIAN_POINT('',(131.26095706703,69.125713876862,
    112.15990148695));
#7055 = CARTESIAN_POINT('',(134.40498033054,69.125713876862,
    113.68782913097));
#7056 = CARTESIAN_POINT('',(137.44822085371,69.125713876862,
    114.28318536371));
#7057 = CARTESIAN_POINT('',(140.49429016176,69.125713876862,
    114.02162868009));
#7058 = CARTESIAN_POINT('',(143.49462910383,69.125713876862,
    114.9788883062));
#7059 = CARTESIAN_POINT('',(146.72417797021,69.125713876862,
    115.77127967226));
#7060 = CARTESIAN_POINT('',(149.94825449589,69.125713876862,
    115.7499069627));
#7061 = CARTESIAN_POINT('',(153.05902197354,69.125713876863,
    115.11514663743));
#7062 = CARTESIAN_POINT('',(156.1823448947,69.125713876863,
    113.86388655358));
#7063 = CARTESIAN_POINT('',(159.26349640411,69.125713876862,
    114.26072586832));
#7064 = CARTESIAN_POINT('',(162.34239928535,69.125713876863,
    113.32972015251));
#7065 = CARTESIAN_POINT('',(165.48445737214,69.125713876863,
    111.78006386012));
#7066 = CARTESIAN_POINT('',(168.50570143135,69.125713876863,
    110.35365976824));
#7067 = CARTESIAN_POINT('',(171.66933616697,69.125713876862,
    108.39033393067));
#7068 = CARTESIAN_POINT('',(174.91178962354,69.125713876863,
    107.70797486998));
#7069 = CARTESIAN_POINT('',(178.01225428054,69.125713876863,
    107.90747483863));
#7070 = CARTESIAN_POINT('',(181.15590657147,69.125713876862,
    107.99662194676));
#7071 = CARTESIAN_POINT('',(184.27126615396,69.125713876863,
    107.94938746184));
#7072 = CARTESIAN_POINT('',(187.39790359723,69.125713876862,
    108.05616344947));
#7073 = CARTESIAN_POINT('',(190.52385449579,69.125713876862,
    107.84148523931));
#7074 = CARTESIAN_POINT('',(193.65028817727,69.125713876863,
    107.98635823386));
#7075 = CARTESIAN_POINT('',(196.80392382223,69.125713876862,
    107.57803204669));
#7076 = CARTESIAN_POINT('',(199.94392637543,69.125713876863,
    109.62391553699));
#7077 = CARTESIAN_POINT('',(203.16177795814,69.125713876862,
    111.09830471487));
#7078 = CARTESIAN_POINT('',(206.35231406763,69.125713876862,
    112.69112599387));
#7079 = CARTESIAN_POINT('',(209.36825782326,69.125713876863,
    114.11122575527));
#7080 = CARTESIAN_POINT('',(212.37959561216,69.125713876862,
    113.94472849527));
#7081 = CARTESIAN_POINT('',(215.39238910851,69.125713876862,
    114.58790676187));
#7082 = CARTESIAN_POINT('',(218.421822624,69.125713876863,
    115.07573909997));
#7083 = CARTESIAN_POINT('',(221.72619309389,69.125713876862,
    116.01768179801));
#7084 = CARTESIAN_POINT('',(224.87045067835,69.125713876862,
    116.26523069908));
#7085 = CARTESIAN_POINT('',(227.99999999999,69.125713876862,
    115.99999999999));
#7086 = CARTESIAN_POINT('',(-228.,72.533196460533,116.));
#7087 = CARTESIAN_POINT('',(-224.8704506783,72.533196460533,
    116.28845583486));
#7088 = CARTESIAN_POINT('',(-221.7261930938,72.533196460532,
    116.53496617522));
#7089 = CARTESIAN_POINT('',(-218.421822624,72.533196460533,
    116.07717368034));
#7090 = CARTESIAN_POINT('',(-215.3923891085,72.533196460532,
    115.38989552482));
#7091 = CARTESIAN_POINT('',(-212.3795956121,72.533196460533,
    114.97744305302));
#7092 = CARTESIAN_POINT('',(-209.3682578232,72.533196460533,
    114.08169322789));
#7093 = CARTESIAN_POINT('',(-206.3523140676,72.533196460532,
    115.01669128955));
#7094 = CARTESIAN_POINT('',(-203.1617779581,72.533196460533,
    115.22453365965));
#7095 = CARTESIAN_POINT('',(-199.9439263754,72.533196460533,
    115.10494773662));
#7096 = CARTESIAN_POINT('',(-196.8039238222,72.533196460532,
    115.78792914144));
#7097 = CARTESIAN_POINT('',(-193.6502881772,72.533196460533,
    114.77804497617));
#7098 = CARTESIAN_POINT('',(-190.5238544957,72.533196460533,
    114.60227949495));
#7099 = CARTESIAN_POINT('',(-187.3979035972,72.533196460532,
    114.34445131468));
#7100 = CARTESIAN_POINT('',(-184.2712661539,72.533196460533,
    114.43748915688));
#7101 = CARTESIAN_POINT('',(-181.1559065714,72.533196460533,
    114.40614977768));
#7102 = CARTESIAN_POINT('',(-178.0122542805,72.533196460533,
    114.65642693075));
#7103 = CARTESIAN_POINT('',(-174.9117896235,72.533196460533,
    115.26790083932));
#7104 = CARTESIAN_POINT('',(-171.6693361669,72.533196460533,
    115.57959920323));
#7105 = CARTESIAN_POINT('',(-168.5057014313,72.533196460534,
    115.13081035788));
#7106 = CARTESIAN_POINT('',(-165.4844573721,72.533196460532,
    115.20312848609));
#7107 = CARTESIAN_POINT('',(-162.3423992853,72.533196460533,
    114.5952012771));
#7108 = CARTESIAN_POINT('',(-159.2634964041,72.533196460532,
    114.27145002738));
#7109 = CARTESIAN_POINT('',(-156.1823448947,72.533196460532,
    115.50020382889));
#7110 = CARTESIAN_POINT('',(-153.0590219735,72.533196460532,
    115.49292120382));
#7111 = CARTESIAN_POINT('',(-149.9482544959,72.533196460532,
    116.13185879898));
#7112 = CARTESIAN_POINT('',(-146.7241779702,72.533196460533,
    116.53293808047));
#7113 = CARTESIAN_POINT('',(-143.4946291038,72.533196460532,
    115.77210589855));
#7114 = CARTESIAN_POINT('',(-140.4942901617,72.533196460532,
    115.58430081375));
#7115 = CARTESIAN_POINT('',(-137.4482208537,72.533196460533,
    114.42207785663));
#7116 = CARTESIAN_POINT('',(-134.4049803305,72.533196460532,
    114.26115400253));
#7117 = CARTESIAN_POINT('',(-131.260957067,72.533196460532,
    115.2194574288));
#7118 = CARTESIAN_POINT('',(-128.2097768072,72.533196460532,
    115.19718389474));
#7119 = CARTESIAN_POINT('',(-125.1317400911,72.533196460533,
    115.32516575029));
#7120 = CARTESIAN_POINT('',(-121.7828599083,72.533196460532,
    115.56318702893));
#7121 = CARTESIAN_POINT('',(-118.7216058835,72.533196460533,
    114.64880643064));
#7122 = CARTESIAN_POINT('',(-115.5420323229,72.533196460532,
    114.51141525575));
#7123 = CARTESIAN_POINT('',(-112.4528648836,72.533196460532,
    114.37251858767));
#7124 = CARTESIAN_POINT('',(-109.3040734641,72.533196460532,
    114.40761287372));
#7125 = CARTESIAN_POINT('',(-106.2006800342,72.533196460533,
    114.47837518825));
#7126 = CARTESIAN_POINT('',(-103.049220273,72.533196460533,
    114.75036312462));
#7127 = CARTESIAN_POINT('',(-99.94497584182,72.533196460532,
    115.55449984295));
#7128 = CARTESIAN_POINT('',(-96.65251730109,72.533196460533,
    115.30346019579));
#7129 = CARTESIAN_POINT('',(-93.57852523436,72.533196460533,
    115.22012665467));
#7130 = CARTESIAN_POINT('',(-90.50838704351,72.533196460533,
    115.13625167822));
#7131 = CARTESIAN_POINT('',(-87.38288840939,72.533196460532,
    114.26009403572));
#7132 = CARTESIAN_POINT('',(-84.31785444875,72.533196460533,
    114.521649698));
#7133 = CARTESIAN_POINT('',(-81.24214244136,72.533196460533,
    115.59496221186));
#7134 = CARTESIAN_POINT('',(-78.12960500485,72.533196460533,
    115.86491838273));
#7135 = CARTESIAN_POINT('',(-74.96906529328,72.533196460533,
    116.50488964612));
#7136 = CARTESIAN_POINT('',(-71.73799895759,72.533196460532,
    116.08737497672));
#7137 = CARTESIAN_POINT('',(-68.60106908076,72.533196460532,
    115.4201977631));
#7138 = CARTESIAN_POINT('',(-65.56017338006,72.533196460533,
    115.51323388855));
#7139 = CARTESIAN_POINT('',(-62.51301691864,72.533196460532,
    114.1603233637));
#7140 = CARTESIAN_POINT('',(-59.44661269167,72.533196460533,
    114.64700381628));
#7141 = CARTESIAN_POINT('',(-56.2794693162,72.533196460533,
    115.24565911415));
#7142 = CARTESIAN_POINT('',(-53.30015135599,72.533196460533,
    115.11111255795));
#7143 = CARTESIAN_POINT('',(-50.09160903077,72.533196460533,
    115.63240044277));
#7144 = CARTESIAN_POINT('',(-46.82988298107,72.533196460533,
    115.20073229498));
#7145 = CARTESIAN_POINT('',(-43.75098561487,72.533196460533,
    114.61838852481));
#7146 = CARTESIAN_POINT('',(-40.59022498144,72.533196460532,
    114.40991838981));
#7147 = CARTESIAN_POINT('',(-37.48657799801,72.533196460532,
    114.42045452049));
#7148 = CARTESIAN_POINT('',(-34.35349204993,72.533196460533,
    114.37788775115));
#7149 = CARTESIAN_POINT('',(-31.22924211799,72.533196460532,
    114.56494168097));
#7150 = CARTESIAN_POINT('',(-28.10496678474,72.533196460533,
    114.91729728364));
#7151 = CARTESIAN_POINT('',(-24.94210454386,72.533196460533,
    115.71108822344));
#7152 = CARTESIAN_POINT('',(-21.65395320521,72.533196460533,
    115.11053643369));
#7153 = CARTESIAN_POINT('',(-18.66692496727,72.533196460532,
    115.23482253037));
#7154 = CARTESIAN_POINT('',(-15.52415536771,72.533196460533,
    114.9505109865));
#7155 = CARTESIAN_POINT('',(-12.42987744782,72.533196460533,
    114.15054890581));
#7156 = CARTESIAN_POINT('',(-9.377596847078,72.533196460533,
    115.00722710593));
#7157 = CARTESIAN_POINT('',(-6.312968134846,72.533196460532,
    115.46189752599));
#7158 = CARTESIAN_POINT('',(-3.20273059646,72.533196460534,
    116.11693328358));
#7159 = CARTESIAN_POINT('',(-2.775557561563E-17,72.533196460533,
    116.68095093649));
#7160 = CARTESIAN_POINT('',(3.20273059646,72.533196460533,
    116.11693328358));
#7161 = CARTESIAN_POINT('',(6.312968134846,72.533196460532,
    115.46189752599));
#7162 = CARTESIAN_POINT('',(9.377596847078,72.533196460532,
    115.00722710593));
#7163 = CARTESIAN_POINT('',(12.429877447828,72.533196460533,
    114.15054890581));
#7164 = CARTESIAN_POINT('',(15.524155367714,72.533196460533,
    114.9505109865));
#7165 = CARTESIAN_POINT('',(18.666924967279,72.533196460533,
    115.23482253037));
#7166 = CARTESIAN_POINT('',(21.653953205212,72.533196460532,
    115.11053643369));
#7167 = CARTESIAN_POINT('',(24.942104543866,72.533196460532,
    115.71108822344));
#7168 = CARTESIAN_POINT('',(28.104966784746,72.533196460533,
    114.91729728364));
#7169 = CARTESIAN_POINT('',(31.229242117992,72.533196460532,
    114.56494168097));
#7170 = CARTESIAN_POINT('',(34.353492049936,72.533196460533,
    114.37788775115));
#7171 = CARTESIAN_POINT('',(37.486577998015,72.533196460532,
    114.42045452049));
#7172 = CARTESIAN_POINT('',(40.59022498144,72.533196460534,
    114.40991838981));
#7173 = CARTESIAN_POINT('',(43.75098561487,72.533196460533,
    114.61838852481));
#7174 = CARTESIAN_POINT('',(46.82988298107,72.533196460533,
    115.20073229498));
#7175 = CARTESIAN_POINT('',(50.091609030777,72.533196460533,
    115.63240044277));
#7176 = CARTESIAN_POINT('',(53.30015135599,72.533196460533,
    115.11111255795));
#7177 = CARTESIAN_POINT('',(56.279469316208,72.533196460533,
    115.24565911415));
#7178 = CARTESIAN_POINT('',(59.446612691678,72.533196460533,
    114.64700381628));
#7179 = CARTESIAN_POINT('',(62.513016918645,72.533196460533,
    114.1603233637));
#7180 = CARTESIAN_POINT('',(65.560173380066,72.533196460532,
    115.51323388855));
#7181 = CARTESIAN_POINT('',(68.601069080765,72.533196460532,
    115.4201977631));
#7182 = CARTESIAN_POINT('',(71.73799895759,72.533196460533,
    116.08737497672));
#7183 = CARTESIAN_POINT('',(74.96906529328,72.533196460533,
    116.50488964613));
#7184 = CARTESIAN_POINT('',(78.129605004857,72.533196460533,
    115.86491838273));
#7185 = CARTESIAN_POINT('',(81.242142441362,72.533196460532,
    115.59496221186));
#7186 = CARTESIAN_POINT('',(84.317854448756,72.533196460532,
    114.521649698));
#7187 = CARTESIAN_POINT('',(87.382888409396,72.533196460532,
    114.26009403572));
#7188 = CARTESIAN_POINT('',(90.50838704352,72.533196460533,
    115.13625167822));
#7189 = CARTESIAN_POINT('',(93.578525234368,72.533196460533,
    115.22012665467));
#7190 = CARTESIAN_POINT('',(96.652517301093,72.533196460533,
    115.30346019579));
#7191 = CARTESIAN_POINT('',(99.944975841827,72.533196460532,
    115.55449984295));
#7192 = CARTESIAN_POINT('',(103.04922027306,72.533196460533,
    114.75036312462));
#7193 = CARTESIAN_POINT('',(106.20068003424,72.533196460533,
    114.47837518825));
#7194 = CARTESIAN_POINT('',(109.30407346416,72.533196460532,
    114.40761287372));
#7195 = CARTESIAN_POINT('',(112.45286488365,72.533196460534,
    114.37251858767));
#7196 = CARTESIAN_POINT('',(115.54203232295,72.533196460533,
    114.51141525575));
#7197 = CARTESIAN_POINT('',(118.72160588355,72.533196460532,
    114.64880643064));
#7198 = CARTESIAN_POINT('',(121.78285990839,72.533196460533,
    115.56318702893));
#7199 = CARTESIAN_POINT('',(125.13174009112,72.533196460532,
    115.32516575029));
#7200 = CARTESIAN_POINT('',(128.20977680724,72.533196460532,
    115.19718389474));
#7201 = CARTESIAN_POINT('',(131.26095706703,72.533196460533,
    115.2194574288));
#7202 = CARTESIAN_POINT('',(134.40498033054,72.533196460533,
    114.26115400253));
#7203 = CARTESIAN_POINT('',(137.44822085371,72.533196460533,
    114.42207785663));
#7204 = CARTESIAN_POINT('',(140.49429016176,72.533196460533,
    115.58430081375));
#7205 = CARTESIAN_POINT('',(143.49462910383,72.533196460533,
    115.77210589855));
#7206 = CARTESIAN_POINT('',(146.72417797021,72.533196460533,
    116.53293808047));
#7207 = CARTESIAN_POINT('',(149.9482544959,72.533196460533,
    116.13185879898));
#7208 = CARTESIAN_POINT('',(153.05902197354,72.533196460532,
    115.49292120382));
#7209 = CARTESIAN_POINT('',(156.1823448947,72.533196460532,
    115.50020382889));
#7210 = CARTESIAN_POINT('',(159.26349640411,72.533196460533,
    114.27145002738));
#7211 = CARTESIAN_POINT('',(162.34239928534,72.533196460532,
    114.5952012771));
#7212 = CARTESIAN_POINT('',(165.48445737214,72.533196460532,
    115.20312848609));
#7213 = CARTESIAN_POINT('',(168.50570143136,72.533196460532,
    115.13081035787));
#7214 = CARTESIAN_POINT('',(171.66933616697,72.533196460533,
    115.57959920323));
#7215 = CARTESIAN_POINT('',(174.91178962355,72.533196460532,
    115.26790083932));
#7216 = CARTESIAN_POINT('',(178.01225428054,72.533196460532,
    114.65642693075));
#7217 = CARTESIAN_POINT('',(181.15590657147,72.533196460533,
    114.40614977768));
#7218 = CARTESIAN_POINT('',(184.27126615396,72.533196460532,
    114.43748915688));
#7219 = CARTESIAN_POINT('',(187.39790359724,72.533196460533,
    114.34445131468));
#7220 = CARTESIAN_POINT('',(190.52385449579,72.533196460532,
    114.60227949495));
#7221 = CARTESIAN_POINT('',(193.65028817727,72.533196460532,
    114.77804497617));
#7222 = CARTESIAN_POINT('',(196.80392382223,72.533196460533,
    115.78792914144));
#7223 = CARTESIAN_POINT('',(199.94392637543,72.533196460532,
    115.10494773661));
#7224 = CARTESIAN_POINT('',(203.16177795815,72.533196460533,
    115.22453365965));
#7225 = CARTESIAN_POINT('',(206.35231406763,72.533196460533,
    115.01669128955));
#7226 = CARTESIAN_POINT('',(209.36825782326,72.533196460532,
    114.08169322789));
#7227 = CARTESIAN_POINT('',(212.37959561215,72.533196460533,
    114.97744305302));
#7228 = CARTESIAN_POINT('',(215.39238910851,72.533196460533,
    115.38989552482));
#7229 = CARTESIAN_POINT('',(218.421822624,72.533196460532,
    116.07717368034));
#7230 = CARTESIAN_POINT('',(221.72619309389,72.533196460533,
    116.53496617522));
#7231 = CARTESIAN_POINT('',(224.87045067834,72.533196460533,
    116.28845583486));
#7232 = CARTESIAN_POINT('',(228.,72.533196460533,116.));
#7233 = CARTESIAN_POINT('',(-227.9999999999,77.12035138057,
    115.99999999999));
#7234 = CARTESIAN_POINT('',(-224.8704506783,77.12035138057,
    115.75810462294));
#7235 = CARTESIAN_POINT('',(-221.7261930938,77.120351380571,
    116.32197227761));
#7236 = CARTESIAN_POINT('',(-218.421822624,77.120351380571,
    116.72838341944));
#7237 = CARTESIAN_POINT('',(-215.3923891085,77.120351380571,
    116.62907948301));
#7238 = CARTESIAN_POINT('',(-212.3795956121,77.12035138057,
    116.35021462373));
#7239 = CARTESIAN_POINT('',(-209.3682578232,77.120351380571,
    116.95146295756));
#7240 = CARTESIAN_POINT('',(-206.3523140676,77.120351380571,
    114.77185020596));
#7241 = CARTESIAN_POINT('',(-203.1617779581,77.120351380571,
    114.03228777488));
#7242 = CARTESIAN_POINT('',(-199.9439263754,77.12035138057,
    114.02837765946));
#7243 = CARTESIAN_POINT('',(-196.8039238222,77.120351380572,
    112.87434085834));
#7244 = CARTESIAN_POINT('',(-193.6502881772,77.120351380571,
    114.42297796306));
#7245 = CARTESIAN_POINT('',(-190.5238544957,77.12035138057,
    114.70070672592));
#7246 = CARTESIAN_POINT('',(-187.3979035972,77.120351380573,
    115.12963845065));
#7247 = CARTESIAN_POINT('',(-184.2712661539,77.12035138057,
    114.9786996743));
#7248 = CARTESIAN_POINT('',(-181.1559065714,77.12035138057,
    115.02477555556));
#7249 = CARTESIAN_POINT('',(-178.0122542805,77.120351380571,
    114.61057847944));
#7250 = CARTESIAN_POINT('',(-174.9117896235,77.120351380571,
    113.66858283545));
#7251 = CARTESIAN_POINT('',(-171.6693361669,77.120351380571,
    113.23179024387));
#7252 = CARTESIAN_POINT('',(-168.5057014313,77.120351380569,
    114.07022151247));
#7253 = CARTESIAN_POINT('',(-165.4844573721,77.120351380571,
    114.209701146));
#7254 = CARTESIAN_POINT('',(-162.3423992853,77.120351380571,
    115.72489267894));
#7255 = CARTESIAN_POINT('',(-159.2634964041,77.120351380571,
    117.00853458347));
#7256 = CARTESIAN_POINT('',(-156.1823448947,77.120351380572,
    115.96306547536));
#7257 = CARTESIAN_POINT('',(-153.0590219735,77.120351380572,
    117.03896370819));
#7258 = CARTESIAN_POINT('',(-149.9482544959,77.120351380571,
    117.24238223373));
#7259 = CARTESIAN_POINT('',(-146.7241779702,77.12035138057,
    117.04604778726));
#7260 = CARTESIAN_POINT('',(-143.4946291038,77.120351380571,
    116.76445803683));
#7261 = CARTESIAN_POINT('',(-140.4942901617,77.120351380571,
    116.04731051857));
#7262 = CARTESIAN_POINT('',(-137.4482208537,77.12035138057,
    116.95791702482));
#7263 = CARTESIAN_POINT('',(-134.4049803305,77.120351380572,
    116.4412294726));
#7264 = CARTESIAN_POINT('',(-131.260957067,77.120351380572,
    114.26302208866));
#7265 = CARTESIAN_POINT('',(-128.2097768072,77.120351380572,
    114.01190670944));
#7266 = CARTESIAN_POINT('',(-125.1317400911,77.120351380571,
    113.65201564198));
#7267 = CARTESIAN_POINT('',(-121.7828599083,77.120351380571,
    113.21376207325));
#7268 = CARTESIAN_POINT('',(-118.7216058835,77.120351380571,
    114.62014303976));
#7269 = CARTESIAN_POINT('',(-115.5420323229,77.120351380572,
    114.85040214481));
#7270 = CARTESIAN_POINT('',(-112.4528648836,77.120351380572,
    115.08244350221));
#7271 = CARTESIAN_POINT('',(-109.3040734641,77.120351380572,
    115.03272640939));
#7272 = CARTESIAN_POINT('',(-106.2006800342,77.120351380571,
    114.89452391585));
#7273 = CARTESIAN_POINT('',(-103.049220273,77.12035138057,
    114.46624608421));
#7274 = CARTESIAN_POINT('',(-99.94497584182,77.120351380571,
    113.22807650288));
#7275 = CARTESIAN_POINT('',(-96.65251730109,77.12035138057,
    113.69741312826));
#7276 = CARTESIAN_POINT('',(-93.57852523436,77.12035138057,
    113.98924188303));
#7277 = CARTESIAN_POINT('',(-90.50838704352,77.120351380571,
    114.44188167598));
#7278 = CARTESIAN_POINT('',(-87.38288840939,77.120351380571,
    116.49500277721));
#7279 = CARTESIAN_POINT('',(-84.31785444875,77.120351380571,
    116.87116900516));
#7280 = CARTESIAN_POINT('',(-81.24214244136,77.120351380571,
    116.11507998933));
#7281 = CARTESIAN_POINT('',(-78.12960500485,77.120351380571,
    116.79753804366));
#7282 = CARTESIAN_POINT('',(-74.96906529327,77.12035138057,
    117.06546626376));
#7283 = CARTESIAN_POINT('',(-71.73799895758,77.120351380572,
    117.25431172571));
#7284 = CARTESIAN_POINT('',(-68.60106908076,77.120351380571,
    117.01200859716));
#7285 = CARTESIAN_POINT('',(-65.56017338006,77.12035138057,
    115.8591313698));
#7286 = CARTESIAN_POINT('',(-62.51301691864,77.120351380571,
    117.12073871625));
#7287 = CARTESIAN_POINT('',(-59.44661269167,77.120351380571,
    115.59175179937));
#7288 = CARTESIAN_POINT('',(-56.2794693162,77.12035138057,114.1049479009
    ));
#7289 = CARTESIAN_POINT('',(-53.30015135599,77.120351380571,
    114.09055618484));
#7290 = CARTESIAN_POINT('',(-50.09160903077,77.120351380571,
    113.13950589724));
#7291 = CARTESIAN_POINT('',(-46.82988298107,77.120351380571,
    113.77334664726));
#7292 = CARTESIAN_POINT('',(-43.75098561487,77.12035138057,
    114.6678852949));
#7293 = CARTESIAN_POINT('',(-40.59022498143,77.120351380571,
    115.02409445794));
#7294 = CARTESIAN_POINT('',(-37.48657799801,77.120351380571,
    115.00140178934));
#7295 = CARTESIAN_POINT('',(-34.35349204993,77.120351380571,
    115.08091078766));
#7296 = CARTESIAN_POINT('',(-31.22924211799,77.120351380571,
    114.7527397408));
#7297 = CARTESIAN_POINT('',(-28.10496678474,77.12035138057,
    114.21060345263));
#7298 = CARTESIAN_POINT('',(-24.94210454386,77.120351380571,
    112.99540356382));
#7299 = CARTESIAN_POINT('',(-21.65395320521,77.120351380571,
    114.04200984232));
#7300 = CARTESIAN_POINT('',(-18.66692496727,77.120351380572,
    114.03465706395));
#7301 = CARTESIAN_POINT('',(-15.52415536771,77.120351380571,
    114.90392913286));
#7302 = CARTESIAN_POINT('',(-12.42987744782,77.120351380571,
    116.89638193661));
#7303 = CARTESIAN_POINT('',(-9.377596847078,77.120351380571,
    116.37388623758));
#7304 = CARTESIAN_POINT('',(-6.312968134846,77.120351380572,
    116.63676291725));
#7305 = CARTESIAN_POINT('',(-3.20273059646,77.120351380569,
    116.75725218282));
#7306 = CARTESIAN_POINT('',(-2.775557561563E-17,77.120351380571,
    117.2076772884));
#7307 = CARTESIAN_POINT('',(3.20273059646,77.120351380571,
    116.75725218282));
#7308 = CARTESIAN_POINT('',(6.312968134846,77.120351380572,
    116.63676291725));
#7309 = CARTESIAN_POINT('',(9.377596847078,77.120351380571,
    116.37388623758));
#7310 = CARTESIAN_POINT('',(12.429877447828,77.120351380571,
    116.89638193661));
#7311 = CARTESIAN_POINT('',(15.524155367714,77.120351380571,
    114.90392913286));
#7312 = CARTESIAN_POINT('',(18.666924967278,77.120351380571,
    114.03465706395));
#7313 = CARTESIAN_POINT('',(21.653953205213,77.120351380572,
    114.04200984232));
#7314 = CARTESIAN_POINT('',(24.942104543865,77.120351380572,
    112.99540356382));
#7315 = CARTESIAN_POINT('',(28.104966784746,77.120351380571,
    114.21060345263));
#7316 = CARTESIAN_POINT('',(31.229242117991,77.120351380572,
    114.7527397408));
#7317 = CARTESIAN_POINT('',(34.353492049937,77.12035138057,
    115.08091078766));
#7318 = CARTESIAN_POINT('',(37.486577998015,77.120351380572,
    115.00140178935));
#7319 = CARTESIAN_POINT('',(40.590224981439,77.120351380569,
    115.02409445794));
#7320 = CARTESIAN_POINT('',(43.75098561487,77.120351380571,
    114.6678852949));
#7321 = CARTESIAN_POINT('',(46.82988298107,77.120351380571,
    113.77334664725));
#7322 = CARTESIAN_POINT('',(50.091609030777,77.120351380571,
    113.13950589724));
#7323 = CARTESIAN_POINT('',(53.30015135599,77.12035138057,
    114.09055618484));
#7324 = CARTESIAN_POINT('',(56.279469316208,77.120351380571,
    114.1049479009));
#7325 = CARTESIAN_POINT('',(59.446612691676,77.120351380571,
    115.59175179937));
#7326 = CARTESIAN_POINT('',(62.513016918642,77.12035138057,
    117.12073871625));
#7327 = CARTESIAN_POINT('',(65.560173380067,77.120351380571,
    115.8591313698));
#7328 = CARTESIAN_POINT('',(68.601069080765,77.120351380571,
    117.01200859716));
#7329 = CARTESIAN_POINT('',(71.737998957589,77.12035138057,
    117.25431172571));
#7330 = CARTESIAN_POINT('',(74.969065293278,77.120351380571,
    117.06546626376));
#7331 = CARTESIAN_POINT('',(78.129605004858,77.120351380571,
    116.79753804366));
#7332 = CARTESIAN_POINT('',(81.242142441361,77.120351380572,
    116.11507998933));
#7333 = CARTESIAN_POINT('',(84.317854448757,77.120351380572,
    116.87116900516));
#7334 = CARTESIAN_POINT('',(87.382888409397,77.120351380571,
    116.49500277722));
#7335 = CARTESIAN_POINT('',(90.508387043518,77.120351380571,
    114.44188167598));
#7336 = CARTESIAN_POINT('',(93.578525234368,77.120351380571,
    113.98924188303));
#7337 = CARTESIAN_POINT('',(96.652517301093,77.120351380571,
    113.69741312826));
#7338 = CARTESIAN_POINT('',(99.944975841829,77.120351380572,
    113.22807650289));
#7339 = CARTESIAN_POINT('',(103.04922027306,77.120351380571,
    114.46624608421));
#7340 = CARTESIAN_POINT('',(106.20068003424,77.120351380571,
    114.89452391585));
#7341 = CARTESIAN_POINT('',(109.30407346416,77.120351380572,
    115.03272640939));
#7342 = CARTESIAN_POINT('',(112.45286488364,77.120351380569,
    115.08244350221));
#7343 = CARTESIAN_POINT('',(115.54203232296,77.120351380571,
    114.85040214481));
#7344 = CARTESIAN_POINT('',(118.72160588355,77.120351380572,
    114.62014303976));
#7345 = CARTESIAN_POINT('',(121.78285990839,77.120351380571,
    113.21376207325));
#7346 = CARTESIAN_POINT('',(125.13174009112,77.120351380572,
    113.65201564198));
#7347 = CARTESIAN_POINT('',(128.20977680724,77.120351380571,
    114.01190670944));
#7348 = CARTESIAN_POINT('',(131.26095706703,77.12035138057,
    114.26302208866));
#7349 = CARTESIAN_POINT('',(134.40498033053,77.120351380571,
    116.4412294726));
#7350 = CARTESIAN_POINT('',(137.44822085371,77.12035138057,
    116.95791702482));
#7351 = CARTESIAN_POINT('',(140.49429016176,77.120351380571,
    116.04731051857));
#7352 = CARTESIAN_POINT('',(143.49462910383,77.12035138057,
    116.76445803683));
#7353 = CARTESIAN_POINT('',(146.72417797021,77.120351380571,
    117.04604778726));
#7354 = CARTESIAN_POINT('',(149.94825449589,77.120351380571,
    117.24238223373));
#7355 = CARTESIAN_POINT('',(153.05902197354,77.120351380571,
    117.03896370819));
#7356 = CARTESIAN_POINT('',(156.1823448947,77.120351380572,
    115.96306547536));
#7357 = CARTESIAN_POINT('',(159.26349640411,77.120351380571,
    117.00853458347));
#7358 = CARTESIAN_POINT('',(162.34239928535,77.120351380572,
    115.72489267894));
#7359 = CARTESIAN_POINT('',(165.48445737214,77.120351380571,
    114.209701146));
#7360 = CARTESIAN_POINT('',(168.50570143135,77.120351380572,
    114.07022151247));
#7361 = CARTESIAN_POINT('',(171.66933616697,77.120351380571,
    113.23179024387));
#7362 = CARTESIAN_POINT('',(174.91178962354,77.120351380571,
    113.66858283544));
#7363 = CARTESIAN_POINT('',(178.01225428054,77.120351380572,
    114.61057847944));
#7364 = CARTESIAN_POINT('',(181.15590657146,77.12035138057,
    115.02477555556));
#7365 = CARTESIAN_POINT('',(184.27126615396,77.120351380572,
    114.9786996743));
#7366 = CARTESIAN_POINT('',(187.39790359724,77.12035138057,
    115.12963845065));
#7367 = CARTESIAN_POINT('',(190.5238544958,77.120351380572,
    114.70070672592));
#7368 = CARTESIAN_POINT('',(193.65028817727,77.120351380571,
    114.42297796306));
#7369 = CARTESIAN_POINT('',(196.80392382223,77.12035138057,
    112.87434085834));
#7370 = CARTESIAN_POINT('',(199.94392637543,77.120351380571,
    114.02837765946));
#7371 = CARTESIAN_POINT('',(203.16177795814,77.120351380571,
    114.03228777488));
#7372 = CARTESIAN_POINT('',(206.35231406763,77.12035138057,
    114.77185020596));
#7373 = CARTESIAN_POINT('',(209.36825782326,77.120351380572,
    116.95146295756));
#7374 = CARTESIAN_POINT('',(212.37959561216,77.12035138057,
    116.35021462373));
#7375 = CARTESIAN_POINT('',(215.39238910851,77.120351380571,
    116.62907948301));
#7376 = CARTESIAN_POINT('',(218.421822624,77.120351380571,
    116.72838341944));
#7377 = CARTESIAN_POINT('',(221.72619309389,77.12035138057,
    116.32197227761));
#7378 = CARTESIAN_POINT('',(224.87045067835,77.120351380571,
    115.75810462294));
#7379 = CARTESIAN_POINT('',(227.99999999999,77.12035138057,
    115.99999999999));
#7380 = CARTESIAN_POINT('',(-228.,78.059683759026,116.));
#7381 = CARTESIAN_POINT('',(-224.8704506783,78.059683759027,
    116.29799578796));
#7382 = CARTESIAN_POINT('',(-221.7261930938,78.059683759025,
    115.64436865897));
#7383 = CARTESIAN_POINT('',(-218.421822624,78.059683759026,
    115.65863378669));
#7384 = CARTESIAN_POINT('',(-215.3923891085,78.059683759025,
    115.67936705588));
#7385 = CARTESIAN_POINT('',(-212.3795956121,78.059683759026,
    115.85103595655));
#7386 = CARTESIAN_POINT('',(-209.3682578232,78.059683759026,
    114.86439131306));
#7387 = CARTESIAN_POINT('',(-206.3523140676,78.059683759025,
    117.793691007));
#7388 = CARTESIAN_POINT('',(-203.1617779581,78.059683759026,
    118.70792573292));
#7389 = CARTESIAN_POINT('',(-199.9439263754,78.059683759027,
    118.61279059664));
#7390 = CARTESIAN_POINT('',(-196.8039238222,78.059683759025,
    120.15439993868));
#7391 = CARTESIAN_POINT('',(-193.6502881772,78.059683759026,
    117.95338913629));
#7392 = CARTESIAN_POINT('',(-190.5238544957,78.059683759026,
    117.54541896013));
#7393 = CARTESIAN_POINT('',(-187.3979035972,78.059683759024,
    116.93741391258));
#7394 = CARTESIAN_POINT('',(-184.2712661539,78.059683759026,
    117.1490977767));
#7395 = CARTESIAN_POINT('',(-181.1559065714,78.059683759026,
    117.08594881485));
#7396 = CARTESIAN_POINT('',(-178.0122542805,78.059683759026,
    117.67948175676));
#7397 = CARTESIAN_POINT('',(-174.9117896235,78.059683759026,
    119.02081903958));
#7398 = CARTESIAN_POINT('',(-171.6693361669,78.059683759026,
    119.68651674572));
#7399 = CARTESIAN_POINT('',(-168.5057014313,78.059683759028,
    118.600462551));
#7400 = CARTESIAN_POINT('',(-165.4844573721,78.059683759025,
    118.51024987419));
#7401 = CARTESIAN_POINT('',(-162.3423992853,78.059683759026,
    116.50957819298));
#7402 = CARTESIAN_POINT('',(-159.2634964041,78.059683759025,
    114.8502292618));
#7403 = CARTESIAN_POINT('',(-156.1823448947,78.059683759025,
    116.4855885673));
#7404 = CARTESIAN_POINT('',(-153.0590219735,78.059683759025,
    115.19893496972));
#7405 = CARTESIAN_POINT('',(-149.9482544959,78.059683759025,
    115.1639156952));
#7406 = CARTESIAN_POINT('',(-146.7241779702,78.059683759026,
    115.52864019744));
#7407 = CARTESIAN_POINT('',(-143.4946291038,78.059683759025,
    115.61527240622));
#7408 = CARTESIAN_POINT('',(-140.4942901617,78.059683759025,
    116.41142561788));
#7409 = CARTESIAN_POINT('',(-137.4482208537,78.059683759027,
    114.95632263015));
#7410 = CARTESIAN_POINT('',(-134.4049803305,78.059683759025,
    115.53373340561));
#7411 = CARTESIAN_POINT('',(-131.260957067,78.059683759025,
    118.46518711283));
#7412 = CARTESIAN_POINT('',(-128.2097768072,78.059683759025,
    118.70321286418));
#7413 = CARTESIAN_POINT('',(-125.1317400911,78.059683759026,
    119.11858982718));
#7414 = CARTESIAN_POINT('',(-121.7828599083,78.059683759025,
    119.66324702333));
#7415 = CARTESIAN_POINT('',(-118.7216058835,78.059683759026,
    117.67229695056));
#7416 = CARTESIAN_POINT('',(-115.5420323229,78.059683759024,
    117.33158400177));
#7417 = CARTESIAN_POINT('',(-112.4528648836,78.059683759025,
    117.00438820441));
#7418 = CARTESIAN_POINT('',(-109.3040734641,78.059683759025,
    117.07201631847));
#7419 = CARTESIAN_POINT('',(-106.2006800342,78.059683759026,
    117.27270545437));
#7420 = CARTESIAN_POINT('',(-103.049220273,78.059683759027,
    117.88732149171));
#7421 = CARTESIAN_POINT('',(-99.94497584182,78.059683759025,
    119.64861520019));
#7422 = CARTESIAN_POINT('',(-96.65251730109,78.059683759026,
    119.06058180963));
#7423 = CARTESIAN_POINT('',(-93.57852523437,78.059683759026,
    118.7429475158));
#7424 = CARTESIAN_POINT('',(-90.50838704351,78.059683759026,
    118.22306127541));
#7425 = CARTESIAN_POINT('',(-87.38288840939,78.059683759025,
    115.46828405171));
#7426 = CARTESIAN_POINT('',(-84.31785444875,78.059683759026,
    115.09141338786));
#7427 = CARTESIAN_POINT('',(-81.24214244136,78.059683759026,
    116.33386086157));
#7428 = CARTESIAN_POINT('',(-78.12960500485,78.059683759026,
    115.60621659548));
#7429 = CARTESIAN_POINT('',(-74.96906529328,78.059683759028,
    115.49636324199));
#7430 = CARTESIAN_POINT('',(-71.73799895759,78.059683759025,
    115.13521309393));
#7431 = CARTESIAN_POINT('',(-68.60106908076,78.059683759025,
    115.20745874817));
#7432 = CARTESIAN_POINT('',(-65.56017338006,78.059683759026,
    116.61389099705));
#7433 = CARTESIAN_POINT('',(-62.51301691864,78.059683759025,
    114.68123314625));
#7434 = CARTESIAN_POINT('',(-59.44661269167,78.059683759026,
    116.68695482354));
#7435 = CARTESIAN_POINT('',(-56.2794693162,78.059683759027,
    118.64812204916));
#7436 = CARTESIAN_POINT('',(-53.30015135599,78.059683759026,
    118.56539881674));
#7437 = CARTESIAN_POINT('',(-50.09160903077,78.059683759026,
    119.80960939975));
#7438 = CARTESIAN_POINT('',(-46.82988298107,78.059683759026,
    118.87094027005));
#7439 = CARTESIAN_POINT('',(-43.75098561487,78.059683759027,
    117.59850668703));
#7440 = CARTESIAN_POINT('',(-40.59022498144,78.059683759026,
    117.08554454284));
#7441 = CARTESIAN_POINT('',(-37.48657799801,78.059683759025,
    117.11830766697));
#7442 = CARTESIAN_POINT('',(-34.35349204993,78.059683759026,
    117.00470178142));
#7443 = CARTESIAN_POINT('',(-31.22924211799,78.059683759025,
    117.47476193942));
#7444 = CARTESIAN_POINT('',(-28.10496678474,78.059683759027,
    118.25167284925));
#7445 = CARTESIAN_POINT('',(-24.94210454386,78.059683759026,
    119.99001080241));
#7446 = CARTESIAN_POINT('',(-21.65395320521,78.059683759026,
    118.60586964424));
#7447 = CARTESIAN_POINT('',(-18.66692496727,78.059683759025,
    118.71106678552));
#7448 = CARTESIAN_POINT('',(-15.52415536771,78.059683759026,
    117.61375615833));
#7449 = CARTESIAN_POINT('',(-12.42987744782,78.059683759026,
    114.94974517867));
#7450 = CARTESIAN_POINT('',(-9.377596847078,78.059683759026,
    115.83852198672));
#7451 = CARTESIAN_POINT('',(-6.312968134846,78.059683759025,
    115.66861542148));
#7452 = CARTESIAN_POINT('',(-3.20273059646,78.059683759028,
    115.73566162899));
#7453 = CARTESIAN_POINT('',(-2.775557561563E-17,78.059683759026,
    115.38577117607));
#7454 = CARTESIAN_POINT('',(3.20273059646,78.059683759026,
    115.73566162899));
#7455 = CARTESIAN_POINT('',(6.312968134846,78.059683759024,
    115.66861542148));
#7456 = CARTESIAN_POINT('',(9.377596847078,78.059683759025,
    115.83852198672));
#7457 = CARTESIAN_POINT('',(12.429877447828,78.059683759026,
    114.94974517867));
#7458 = CARTESIAN_POINT('',(15.524155367714,78.059683759026,
    117.61375615833));
#7459 = CARTESIAN_POINT('',(18.666924967279,78.059683759026,
    118.71106678552));
#7460 = CARTESIAN_POINT('',(21.653953205212,78.059683759025,
    118.60586964424));
#7461 = CARTESIAN_POINT('',(24.942104543866,78.059683759025,
    119.99001080241));
#7462 = CARTESIAN_POINT('',(28.104966784747,78.059683759026,
    118.25167284925));
#7463 = CARTESIAN_POINT('',(31.229242117992,78.059683759025,
    117.47476193941));
#7464 = CARTESIAN_POINT('',(34.353492049936,78.059683759027,
    117.00470178142));
#7465 = CARTESIAN_POINT('',(37.486577998015,78.059683759024,
    117.11830766696));
#7466 = CARTESIAN_POINT('',(40.590224981441,78.059683759028,
    117.08554454284));
#7467 = CARTESIAN_POINT('',(43.75098561487,78.059683759026,
    117.59850668703));
#7468 = CARTESIAN_POINT('',(46.82988298107,78.059683759026,
    118.87094027006));
#7469 = CARTESIAN_POINT('',(50.091609030777,78.059683759026,
    119.80960939975));
#7470 = CARTESIAN_POINT('',(53.30015135599,78.059683759027,
    118.56539881674));
#7471 = CARTESIAN_POINT('',(56.279469316208,78.059683759026,
    118.64812204917));
#7472 = CARTESIAN_POINT('',(59.446612691679,78.059683759026,
    116.68695482354));
#7473 = CARTESIAN_POINT('',(62.513016918646,78.059683759026,
    114.68123314625));
#7474 = CARTESIAN_POINT('',(65.560173380066,78.059683759025,
    116.61389099705));
#7475 = CARTESIAN_POINT('',(68.601069080765,78.059683759025,
    115.20745874817));
#7476 = CARTESIAN_POINT('',(71.737998957591,78.059683759026,
    115.13521309394));
#7477 = CARTESIAN_POINT('',(74.96906529328,78.059683759026,
    115.49636324199));
#7478 = CARTESIAN_POINT('',(78.129605004857,78.059683759026,
    115.60621659548));
#7479 = CARTESIAN_POINT('',(81.242142441362,78.059683759025,
    116.33386086157));
#7480 = CARTESIAN_POINT('',(84.317854448756,78.059683759024,
    115.09141338786));
#7481 = CARTESIAN_POINT('',(87.382888409395,78.059683759025,
    115.46828405171));
#7482 = CARTESIAN_POINT('',(90.508387043521,78.059683759026,
    118.22306127541));
#7483 = CARTESIAN_POINT('',(93.578525234369,78.059683759026,
    118.7429475158));
#7484 = CARTESIAN_POINT('',(96.652517301093,78.059683759026,
    119.06058180963));
#7485 = CARTESIAN_POINT('',(99.944975841825,78.059683759025,
    119.64861520019));
#7486 = CARTESIAN_POINT('',(103.04922027306,78.059683759026,
    117.88732149171));
#7487 = CARTESIAN_POINT('',(106.20068003424,78.059683759026,
    117.27270545437));
#7488 = CARTESIAN_POINT('',(109.30407346416,78.059683759025,
    117.07201631847));
#7489 = CARTESIAN_POINT('',(112.45286488365,78.059683759028,
    117.00438820441));
#7490 = CARTESIAN_POINT('',(115.54203232295,78.059683759026,
    117.33158400177));
#7491 = CARTESIAN_POINT('',(118.72160588355,78.059683759025,
    117.67229695056));
#7492 = CARTESIAN_POINT('',(121.78285990838,78.059683759026,
    119.66324702333));
#7493 = CARTESIAN_POINT('',(125.13174009112,78.059683759025,
    119.11858982718));
#7494 = CARTESIAN_POINT('',(128.20977680724,78.059683759025,
    118.70321286418));
#7495 = CARTESIAN_POINT('',(131.26095706703,78.059683759026,
    118.46518711283));
#7496 = CARTESIAN_POINT('',(134.40498033055,78.059683759026,
    115.53373340561));
#7497 = CARTESIAN_POINT('',(137.44822085371,78.059683759026,
    114.95632263015));
#7498 = CARTESIAN_POINT('',(140.49429016176,78.059683759026,
    116.41142561788));
#7499 = CARTESIAN_POINT('',(143.49462910383,78.059683759026,
    115.61527240622));
#7500 = CARTESIAN_POINT('',(146.72417797021,78.059683759026,
    115.52864019743));
#7501 = CARTESIAN_POINT('',(149.9482544959,78.059683759026,
    115.1639156952));
#7502 = CARTESIAN_POINT('',(153.05902197355,78.059683759025,
    115.19893496972));
#7503 = CARTESIAN_POINT('',(156.1823448947,78.059683759025,
    116.4855885673));
#7504 = CARTESIAN_POINT('',(159.26349640411,78.059683759026,
    114.8502292618));
#7505 = CARTESIAN_POINT('',(162.34239928534,78.059683759025,
    116.50957819298));
#7506 = CARTESIAN_POINT('',(165.48445737214,78.059683759025,
    118.51024987418));
#7507 = CARTESIAN_POINT('',(168.50570143136,78.059683759025,
    118.600462551));
#7508 = CARTESIAN_POINT('',(171.66933616697,78.059683759026,
    119.68651674572));
#7509 = CARTESIAN_POINT('',(174.91178962355,78.059683759025,
    119.02081903959));
#7510 = CARTESIAN_POINT('',(178.01225428055,78.059683759024,
    117.67948175676));
#7511 = CARTESIAN_POINT('',(181.15590657147,78.059683759027,
    117.08594881486));
#7512 = CARTESIAN_POINT('',(184.27126615397,78.059683759024,
    117.1490977767));
#7513 = CARTESIAN_POINT('',(187.39790359723,78.059683759027,
    116.93741391258));
#7514 = CARTESIAN_POINT('',(190.52385449579,78.059683759025,
    117.54541896013));
#7515 = CARTESIAN_POINT('',(193.65028817727,78.059683759025,
    117.95338913629));
#7516 = CARTESIAN_POINT('',(196.80392382224,78.059683759028,
    120.15439993868));
#7517 = CARTESIAN_POINT('',(199.94392637543,78.059683759025,
    118.61279059664));
#7518 = CARTESIAN_POINT('',(203.16177795815,78.059683759026,
    118.70792573292));
#7519 = CARTESIAN_POINT('',(206.35231406763,78.059683759028,
    117.793691007));
#7520 = CARTESIAN_POINT('',(209.36825782326,78.059683759025,
    114.86439131306));
#7521 = CARTESIAN_POINT('',(212.37959561215,78.059683759026,
    115.85103595655));
#7522 = CARTESIAN_POINT('',(215.39238910851,78.059683759026,
    115.67936705588));
#7523 = CARTESIAN_POINT('',(218.421822624,78.059683759025,
    115.65863378669));
#7524 = CARTESIAN_POINT('',(221.72619309389,78.059683759028,
    115.64436865897));
#7525 = CARTESIAN_POINT('',(224.87045067834,78.059683759026,
    116.29799578796));
#7526 = CARTESIAN_POINT('',(228.,78.059683759026,116.));
#7527 = CARTESIAN_POINT('',(-228.,80.,116.));
#7528 = CARTESIAN_POINT('',(-224.8704506783,80.,116.));
#7529 = CARTESIAN_POINT('',(-221.7261930938,80.,116.));
#7530 = CARTESIAN_POINT('',(-218.421822624,80.,116.));
#7531 = CARTESIAN_POINT('',(-215.3923891085,80.,116.));
#7532 = CARTESIAN_POINT('',(-212.3795956121,80.,116.));
#7533 = CARTESIAN_POINT('',(-209.3682578232,80.,116.));
#7534 = CARTESIAN_POINT('',(-206.3523140676,80.,116.));
#7535 = CARTESIAN_POINT('',(-203.1617779581,80.,116.));
#7536 = CARTESIAN_POINT('',(-199.9439263754,80.,116.));
#7537 = CARTESIAN_POINT('',(-196.8039238222,80.,116.));
#7538 = CARTESIAN_POINT('',(-193.6502881772,80.,116.));
#7539 = CARTESIAN_POINT('',(-190.5238544957,80.,116.));
#7540 = CARTESIAN_POINT('',(-187.3979035972,80.,116.));
#7541 = CARTESIAN_POINT('',(-184.2712661539,80.,116.));
#7542 = CARTESIAN_POINT('',(-181.1559065714,80.,116.));
#7543 = CARTESIAN_POINT('',(-178.0122542805,80.,116.));
#7544 = CARTESIAN_POINT('',(-174.9117896235,80.,116.));
#7545 = CARTESIAN_POINT('',(-171.6693361669,80.,116.));
#7546 = CARTESIAN_POINT('',(-168.5057014313,80.,116.));
#7547 = CARTESIAN_POINT('',(-165.4844573721,80.,116.));
#7548 = CARTESIAN_POINT('',(-162.3423992853,80.,116.));
#7549 = CARTESIAN_POINT('',(-159.2634964041,80.,116.));
#7550 = CARTESIAN_POINT('',(-156.1823448947,80.,116.));
#7551 = CARTESIAN_POINT('',(-153.0590219735,80.,116.));
#7552 = CARTESIAN_POINT('',(-149.9482544959,80.,116.));
#7553 = CARTESIAN_POINT('',(-146.7241779702,80.,116.));
#7554 = CARTESIAN_POINT('',(-143.4946291038,80.,116.));
#7555 = CARTESIAN_POINT('',(-140.4942901617,80.,116.));
#7556 = CARTESIAN_POINT('',(-137.4482208537,80.,116.));
#7557 = CARTESIAN_POINT('',(-134.4049803305,80.,116.));
#7558 = CARTESIAN_POINT('',(-131.260957067,80.,116.));
#7559 = CARTESIAN_POINT('',(-128.2097768072,80.,116.));
#7560 = CARTESIAN_POINT('',(-125.1317400911,80.,116.));
#7561 = CARTESIAN_POINT('',(-121.7828599083,80.,116.));
#7562 = CARTESIAN_POINT('',(-118.7216058835,80.,116.));
#7563 = CARTESIAN_POINT('',(-115.5420323229,80.,116.));
#7564 = CARTESIAN_POINT('',(-112.4528648836,80.,116.));
#7565 = CARTESIAN_POINT('',(-109.3040734641,80.,116.));
#7566 = CARTESIAN_POINT('',(-106.2006800342,80.,116.));
#7567 = CARTESIAN_POINT('',(-103.049220273,80.,116.));
#7568 = CARTESIAN_POINT('',(-99.94497584182,80.,116.));
#7569 = CARTESIAN_POINT('',(-96.65251730109,80.,116.));
#7570 = CARTESIAN_POINT('',(-93.57852523436,80.,116.));
#7571 = CARTESIAN_POINT('',(-90.50838704351,80.,116.));
#7572 = CARTESIAN_POINT('',(-87.38288840939,80.,116.));
#7573 = CARTESIAN_POINT('',(-84.31785444875,80.,116.));
#7574 = CARTESIAN_POINT('',(-81.24214244136,80.,116.));
#7575 = CARTESIAN_POINT('',(-78.12960500485,80.,116.));
#7576 = CARTESIAN_POINT('',(-74.96906529327,80.,116.));
#7577 = CARTESIAN_POINT('',(-71.73799895759,80.,116.));
#7578 = CARTESIAN_POINT('',(-68.60106908076,80.,116.));
#7579 = CARTESIAN_POINT('',(-65.56017338006,80.,116.));
#7580 = CARTESIAN_POINT('',(-62.51301691864,80.,116.));
#7581 = CARTESIAN_POINT('',(-59.44661269167,80.,116.));
#7582 = CARTESIAN_POINT('',(-56.2794693162,80.,116.));
#7583 = CARTESIAN_POINT('',(-53.30015135599,80.,116.));
#7584 = CARTESIAN_POINT('',(-50.09160903077,80.,116.));
#7585 = CARTESIAN_POINT('',(-46.82988298107,80.,116.));
#7586 = CARTESIAN_POINT('',(-43.75098561487,80.,116.));
#7587 = CARTESIAN_POINT('',(-40.59022498143,80.,116.));
#7588 = CARTESIAN_POINT('',(-37.48657799801,80.,116.));
#7589 = CARTESIAN_POINT('',(-34.35349204993,80.,116.));
#7590 = CARTESIAN_POINT('',(-31.22924211799,80.,116.));
#7591 = CARTESIAN_POINT('',(-28.10496678474,80.,116.));
#7592 = CARTESIAN_POINT('',(-24.94210454386,80.,116.));
#7593 = CARTESIAN_POINT('',(-21.65395320521,80.,116.));
#7594 = CARTESIAN_POINT('',(-18.66692496727,80.,116.));
#7595 = CARTESIAN_POINT('',(-15.52415536771,80.,116.));
#7596 = CARTESIAN_POINT('',(-12.42987744782,80.,116.));
#7597 = CARTESIAN_POINT('',(-9.377596847078,80.,116.));
#7598 = CARTESIAN_POINT('',(-6.312968134846,80.,116.));
#7599 = CARTESIAN_POINT('',(-3.20273059646,80.,116.));
#7600 = CARTESIAN_POINT('',(-2.775557561563E-17,80.,116.));
#7601 = CARTESIAN_POINT('',(3.20273059646,80.,116.));
#7602 = CARTESIAN_POINT('',(6.312968134846,80.,116.));
#7603 = CARTESIAN_POINT('',(9.377596847078,80.,116.));
#7604 = CARTESIAN_POINT('',(12.429877447828,80.,116.));
#7605 = CARTESIAN_POINT('',(15.524155367714,80.,116.));
#7606 = CARTESIAN_POINT('',(18.666924967278,80.,116.));
#7607 = CARTESIAN_POINT('',(21.653953205212,80.,116.));
#7608 = CARTESIAN_POINT('',(24.942104543865,80.,116.));
#7609 = CARTESIAN_POINT('',(28.104966784746,80.,116.));
#7610 = CARTESIAN_POINT('',(31.229242117992,80.,116.));
#7611 = CARTESIAN_POINT('',(34.353492049937,80.,116.));
#7612 = CARTESIAN_POINT('',(37.486577998015,80.,116.));
#7613 = CARTESIAN_POINT('',(40.590224981439,80.,116.));
#7614 = CARTESIAN_POINT('',(43.75098561487,80.,116.));
#7615 = CARTESIAN_POINT('',(46.82988298107,80.,116.));
#7616 = CARTESIAN_POINT('',(50.091609030777,80.,116.));
#7617 = CARTESIAN_POINT('',(53.30015135599,80.,116.));
#7618 = CARTESIAN_POINT('',(56.279469316208,80.,116.));
#7619 = CARTESIAN_POINT('',(59.446612691677,80.,116.));
#7620 = CARTESIAN_POINT('',(62.513016918644,80.,116.));
#7621 = CARTESIAN_POINT('',(65.560173380067,80.,116.));
#7622 = CARTESIAN_POINT('',(68.601069080765,80.,116.));
#7623 = CARTESIAN_POINT('',(71.73799895759,80.,116.));
#7624 = CARTESIAN_POINT('',(74.969065293279,80.,116.));
#7625 = CARTESIAN_POINT('',(78.129605004858,80.,116.));
#7626 = CARTESIAN_POINT('',(81.242142441362,80.,116.));
#7627 = CARTESIAN_POINT('',(84.317854448757,80.,116.));
#7628 = CARTESIAN_POINT('',(87.382888409396,80.,116.));
#7629 = CARTESIAN_POINT('',(90.508387043519,80.,116.));
#7630 = CARTESIAN_POINT('',(93.578525234368,80.,116.));
#7631 = CARTESIAN_POINT('',(96.652517301093,80.,116.));
#7632 = CARTESIAN_POINT('',(99.944975841828,80.,116.));
#7633 = CARTESIAN_POINT('',(103.04922027306,80.,116.));
#7634 = CARTESIAN_POINT('',(106.20068003424,80.,116.));
#7635 = CARTESIAN_POINT('',(109.30407346416,80.,116.));
#7636 = CARTESIAN_POINT('',(112.45286488364,80.,116.));
#7637 = CARTESIAN_POINT('',(115.54203232295,80.,116.));
#7638 = CARTESIAN_POINT('',(118.72160588355,80.,116.));
#7639 = CARTESIAN_POINT('',(121.78285990839,80.,116.));
#7640 = CARTESIAN_POINT('',(125.13174009112,80.,116.));
#7641 = CARTESIAN_POINT('',(128.20977680724,80.,116.));
#7642 = CARTESIAN_POINT('',(131.26095706703,80.,116.));
#7643 = CARTESIAN_POINT('',(134.40498033054,80.,116.));
#7644 = CARTESIAN_POINT('',(137.44822085371,80.,116.));
#7645 = CARTESIAN_POINT('',(140.49429016176,80.,116.));
#7646 = CARTESIAN_POINT('',(143.49462910383,80.,116.));
#7647 = CARTESIAN_POINT('',(146.72417797021,80.,116.));
#7648 = CARTESIAN_POINT('',(149.9482544959,80.,116.));
#7649 = CARTESIAN_POINT('',(153.05902197354,80.,116.));
#7650 = CARTESIAN_POINT('',(156.1823448947,80.,116.));
#7651 = CARTESIAN_POINT('',(159.26349640411,80.,116.));
#7652 = CARTESIAN_POINT('',(162.34239928534,80.,116.));
#7653 = CARTESIAN_POINT('',(165.48445737214,80.,116.));
#7654 = CARTESIAN_POINT('',(168.50570143136,80.,116.));
#7655 = CARTESIAN_POINT('',(171.66933616697,80.,116.));
#7656 = CARTESIAN_POINT('',(174.91178962355,80.,116.));
#7657 = CARTESIAN_POINT('',(178.01225428054,80.,116.));
#7658 = CARTESIAN_POINT('',(181.15590657147,80.,116.));
#7659 = CARTESIAN_POINT('',(184.27126615396,80.,116.));
#7660 = CARTESIAN_POINT('',(187.39790359724,80.,116.));
#7661 = CARTESIAN_POINT('',(190.52385449579,80.,116.));
#7662 = CARTESIAN_POINT('',(193.65028817727,80.,116.));
#7663 = CARTESIAN_POINT('',(196.80392382223,80.,116.));
#7664 = CARTESIAN_POINT('',(199.94392637543,80.,116.));
#7665 = CARTESIAN_POINT('',(203.16177795814,80.,116.));
#7666 = CARTESIAN_POINT('',(206.35231406763,80.,116.));
#7667 = CARTESIAN_POINT('',(209.36825782326,80.,116.));
#7668 = CARTESIAN_POINT('',(212.37959561216,80.,116.));
#7669 = CARTESIAN_POINT('',(215.39238910851,80.,116.));
#7670 = CARTESIAN_POINT('',(218.421822624,80.,116.));
#7671 = CARTESIAN_POINT('',(221.72619309389,80.,116.));
#7672 = CARTESIAN_POINT('',(224.87045067834,80.,116.));
#7673 = CARTESIAN_POINT('',(228.,80.,116.));
#7674 = DEFINITIONAL_REPRESENTATION('',(#7675),#7679);
#7675 = LINE('',#7676,#7677);
#7676 = CARTESIAN_POINT('',(0.,0.));
#7677 = VECTOR('',#7678,1.);
#7678 = DIRECTION('',(0.,1.));
#7679 = ( GEOMETRIC_REPRESENTATION_CONTEXT(2) 
PARAMETRIC_REPRESENTATION_CONTEXT() REPRESENTATION_CONTEXT('2D SPACE',''
  ) );
#7680 = ORIENTED_EDGE('',*,*,#7681,.T.);
#7681 = EDGE_CURVE('',#22,#7682,#7684,.T.);
#7682 = VERTEX_POINT('',#7683);
#7683 = CARTESIAN_POINT('',(-228.,80.,116.));
#7684 = SURFACE_CURVE('',#7685,(#7737),.PCURVE_S1.);
#7685 = B_SPLINE_CURVE_WITH_KNOTS('',3,(#7686,#7687,#7688,#7689,#7690,
    #7691,#7692,#7693,#7694,#7695,#7696,#7697,#7698,#7699,#7700,#7701,
    #7702,#7703,#7704,#7705,#7706,#7707,#7708,#7709,#7710,#7711,#7712,
    #7713,#7714,#7715,#7716,#7717,#7718,#7719,#7720,#7721,#7722,#7723,
    #7724,#7725,#7726,#7727,#7728,#7729,#7730,#7731,#7732,#7733,#7734,
    #7735,#7736),.UNSPECIFIED.,.F.,.F.,(4,1,1,1,1,1,1,1,1,1,1,1,1,1,1,1,
    1,1,1,1,1,1,1,1,1,1,1,1,1,1,1,1,1,1,1,1,1,1,1,1,1,1,1,1,1,1,1,1,4),(
    0.,1.357986128496E-02,2.815837929778E-02,4.693385984053E-02,
    7.595569881399E-02,0.11116279458,0.144127285811,0.168823622371,
    0.186807256888,0.201931046833,0.215901888343,0.229469897005,
    0.242944949454,0.256407205823,0.269870867825,0.283360851515,
    0.296996508924,0.311364093038,0.330830831352,0.357950356927,
    0.387331186205,0.421139700476,0.455330852406,0.482653294297,0.5,
    0.517346705703,0.544669147594,0.578860299524,0.612668813795,
    0.642049643073,0.669169168648,0.688635906962,0.703003491076,
    0.716639148485,0.730129132175,0.743592794177,0.757055050546,
    0.770530102995,0.784098111657,0.798068953167,0.813192743112,
    0.831176377629,0.855872714189,0.88883720542,0.924044301186,
    0.953066140159,0.971841620702,0.986420138715,1.),.UNSPECIFIED.);
#7686 = CARTESIAN_POINT('',(-228.,-80.,116.));
#7687 = CARTESIAN_POINT('',(-227.9999999999,-78.05968375902,
    115.99999999999));
#7688 = CARTESIAN_POINT('',(-228.,-77.12035138056,116.));
#7689 = CARTESIAN_POINT('',(-227.9999999999,-72.53319646053,
    115.99999999999));
#7690 = CARTESIAN_POINT('',(-228.,-69.12571387686,116.));
#7691 = CARTESIAN_POINT('',(-227.9999999999,-66.40839695253,
    115.99999999999));
#7692 = CARTESIAN_POINT('',(-228.,-63.37479062957,116.));
#7693 = CARTESIAN_POINT('',(-227.9999999999,-60.61152279823,116.));
#7694 = CARTESIAN_POINT('',(-228.,-57.36061744673,116.));
#7695 = CARTESIAN_POINT('',(-227.9999999999,-53.6547541598,116.));
#7696 = CARTESIAN_POINT('',(-228.,-50.13556412035,116.));
#7697 = CARTESIAN_POINT('',(-228.,-46.71564272454,116.));
#7698 = CARTESIAN_POINT('',(-228.,-43.33989683513,116.));
#7699 = CARTESIAN_POINT('',(-228.,-40.00952403794,116.));
#7700 = CARTESIAN_POINT('',(-228.,-36.65116991321,116.));
#7701 = CARTESIAN_POINT('',(-228.,-33.35645153699,116.));
#7702 = CARTESIAN_POINT('',(-228.,-29.93879638824,116.));
#7703 = CARTESIAN_POINT('',(-228.,-26.65250435949,116.));
#7704 = CARTESIAN_POINT('',(-228.,-22.64702264437,116.));
#7705 = CARTESIAN_POINT('',(-228.,-19.3959055229,116.));
#7706 = CARTESIAN_POINT('',(-228.,-16.63376380294,116.));
#7707 = CARTESIAN_POINT('',(-228.,-12.99831014382,116.));
#7708 = CARTESIAN_POINT('',(-228.,-10.01950156374,116.));
#7709 = CARTESIAN_POINT('',(-228.,-6.97382840008,116.));
#7710 = CARTESIAN_POINT('',(-228.,-4.432630330378,116.));
#7711 = CARTESIAN_POINT('',(-228.,1.7763568394E-15,116.));
#7712 = CARTESIAN_POINT('',(-228.,4.432630330378,116.));
#7713 = CARTESIAN_POINT('',(-228.,6.97382840008,116.));
#7714 = CARTESIAN_POINT('',(-228.,10.019501563748,116.));
#7715 = CARTESIAN_POINT('',(-228.,12.99831014382,116.));
#7716 = CARTESIAN_POINT('',(-228.,16.633763802948,116.));
#7717 = CARTESIAN_POINT('',(-228.,19.3959055229,116.));
#7718 = CARTESIAN_POINT('',(-228.,22.647022644373,116.));
#7719 = CARTESIAN_POINT('',(-228.,26.65250435949,116.));
#7720 = CARTESIAN_POINT('',(-228.,29.938796388243,116.));
#7721 = CARTESIAN_POINT('',(-228.,33.35645153699,116.));
#7722 = CARTESIAN_POINT('',(-228.,36.651169913216,116.));
#7723 = CARTESIAN_POINT('',(-228.,40.009524037948,116.));
#7724 = CARTESIAN_POINT('',(-228.,43.339896835134,116.));
#7725 = CARTESIAN_POINT('',(-228.,46.715642724543,116.));
#7726 = CARTESIAN_POINT('',(-228.,50.135564120358,116.));
#7727 = CARTESIAN_POINT('',(-228.,53.654754159802,116.));
#7728 = CARTESIAN_POINT('',(-227.9999999999,57.360617446732,116.));
#7729 = CARTESIAN_POINT('',(-228.,60.611522798231,116.));
#7730 = CARTESIAN_POINT('',(-227.9999999999,63.374790629576,
    115.99999999999));
#7731 = CARTESIAN_POINT('',(-228.,66.408396952535,116.));
#7732 = CARTESIAN_POINT('',(-227.9999999999,69.125713876862,
    115.99999999999));
#7733 = CARTESIAN_POINT('',(-228.,72.533196460533,116.));
#7734 = CARTESIAN_POINT('',(-227.9999999999,77.12035138057,
    115.99999999999));
#7735 = CARTESIAN_POINT('',(-228.,78.059683759026,116.));
#7736 = CARTESIAN_POINT('',(-228.,80.,116.));
#7737 = PCURVE('',#176,#7738);
#7738 = DEFINITIONAL_REPRESENTATION('',(#7739),#7743);
#7739 = LINE('',#7740,#7741);
#7740 = CARTESIAN_POINT('',(0.,0.));
#7741 = VECTOR('',#7742,1.);
#7742 = DIRECTION('',(1.,0.));
#7743 = ( GEOMETRIC_REPRESENTATION_CONTEXT(2) 
PARAMETRIC_REPRESENTATION_CONTEXT() REPRESENTATION_CONTEXT('2D SPACE',''
  ) );
#7744 = ORIENTED_EDGE('',*,*,#7745,.T.);
#7745 = EDGE_CURVE('',#7682,#7746,#7748,.T.);
#7746 = VERTEX_POINT('',#7747);
#7747 = CARTESIAN_POINT('',(228.,80.,116.));
#7748 = SURFACE_CURVE('',#7749,(#7897),.PCURVE_S1.);
#7749 = B_SPLINE_CURVE_WITH_KNOTS('',1,(#7750,#7751,#7752,#7753,#7754,
    #7755,#7756,#7757,#7758,#7759,#7760,#7761,#7762,#7763,#7764,#7765,
    #7766,#7767,#7768,#7769,#7770,#7771,#7772,#7773,#7774,#7775,#7776,
    #7777,#7778,#7779,#7780,#7781,#7782,#7783,#7784,#7785,#7786,#7787,
    #7788,#7789,#7790,#7791,#7792,#7793,#7794,#7795,#7796,#7797,#7798,
    #7799,#7800,#7801,#7802,#7803,#7804,#7805,#7806,#7807,#7808,#7809,
    #7810,#7811,#7812,#7813,#7814,#7815,#7816,#7817,#7818,#7819,#7820,
    #7821,#7822,#7823,#7824,#7825,#7826,#7827,#7828,#7829,#7830,#7831,
    #7832,#7833,#7834,#7835,#7836,#7837,#7838,#7839,#7840,#7841,#7842,
    #7843,#7844,#7845,#7846,#7847,#7848,#7849,#7850,#7851,#7852,#7853,
    #7854,#7855,#7856,#7857,#7858,#7859,#7860,#7861,#7862,#7863,#7864,
    #7865,#7866,#7867,#7868,#7869,#7870,#7871,#7872,#7873,#7874,#7875,
    #7876,#7877,#7878,#7879,#7880,#7881,#7882,#7883,#7884,#7885,#7886,
    #7887,#7888,#7889,#7890,#7891,#7892,#7893,#7894,#7895,#7896),
  .UNSPECIFIED.,.F.,.F.,(2,1,1,1,1,1,1,1,1,1,1,1,1,1,1,1,1,1,1,1,1,1,1,1
    ,1,1,1,1,1,1,1,1,1,1,1,1,1,1,1,1,1,1,1,1,1,1,1,1,1,1,1,1,1,1,1,1,1,1
    ,1,1,1,1,1,1,1,1,1,1,1,1,1,1,1,1,1,1,1,1,1,1,1,1,1,1,1,1,1,1,1,1,1,1
    ,1,1,1,1,1,1,1,1,1,1,1,1,1,1,1,1,1,1,1,1,1,1,1,1,1,1,1,1,1,1,1,1,1,1
    ,1,1,1,1,1,1,1,1,1,1,1,1,1,1,1,1,1,1,1,1,2),(0.,4.451275539517E-03,
    9.160860555916E-03,1.471177536701E-02,2.335137236912E-02,
    3.444423763394E-02,4.562167677922E-02,5.474613296404E-02,
    6.132735065612E-02,6.658185714135E-02,7.132766139744E-02,
    7.585737520682E-02,8.030920058679E-02,8.474074655243E-02,
    8.916941865663E-02,9.359850755981E-02,9.803502065953E-02,
    0.102510204896,0.107133887458,0.112661029925,0.119969017721,
    0.128519576055,0.138842256369,0.150220755769,0.160552982953,
    0.167674789392,0.172273794959,0.178617352257,0.188317736588,
    0.199571866411,0.210251265044,0.219243304498,0.226802257443,
    0.232730420403,0.237478469004,0.241973904747,0.246415752926,
    0.250845590411,0.255274196032,0.259704228021,0.264147653591,
    0.268649141987,0.273425318083,0.279478780818,0.287160883683,
    0.296255888689,0.307071979594,0.318344248425,0.327897303232,
    0.333949046178,0.338590177233,0.346027927915,0.356454223379,
    0.367761968074,0.3779393644,0.386409615916,0.393567847855,
    0.399005531346,0.403614595827,0.40808571552,0.412521345223,
    0.416950365025,0.421379055034,0.425811046706,0.430265479435,
    0.434804732309,0.439853772197,0.446498484523,0.454502540226,
    0.46412933782,0.475298173778,0.486250211036,0.494796149442,0.5,
    0.505203850558,0.513749788964,0.524701826222,0.53587066218,
    0.545497459774,0.553501515477,0.560146227803,0.565195267691,
    0.569734520565,0.574188953294,0.578620944966,0.583049634975,
    0.587478654777,0.59191428448,0.596385404173,0.600994468654,
    0.606432152145,0.613590384084,0.6220606356,0.632238031926,
    0.643545776621,0.653972072085,0.661409822767,0.666050953822,
    0.672102696768,0.681655751575,0.692928020406,0.703744111311,
    0.712839116317,0.720521219182,0.726574681917,0.731350858013,
    0.735852346409,0.740295771979,0.744725803968,0.749154409589,
    0.753584247074,0.758026095253,0.762521530996,0.767269579597,
    0.773197742557,0.780756695502,0.789748734956,0.800428133589,
    0.811682263412,0.821382647743,0.827726205041,0.832325210608,
    0.839447017047,0.849779244231,0.861157743631,0.871480423945,
    0.880030982279,0.887338970075,0.892866112542,0.897489795104,
    0.90196497934,0.90640149244,0.910830581343,0.915259253448,
    0.919690799413,0.924142624793,0.928672338603,0.933418142859,
    0.938672649344,0.945253867036,0.954378323221,0.965555762366,
    0.976648627631,0.985288224633,0.990839139444,0.99554872446,1.),
  .UNSPECIFIED.);
#7750 = CARTESIAN_POINT('',(-228.,80.,116.));
#7751 = CARTESIAN_POINT('',(-224.8704506783,80.,116.));
#7752 = CARTESIAN_POINT('',(-221.7261930938,80.,116.));
#7753 = CARTESIAN_POINT('',(-218.421822624,80.,116.));
#7754 = CARTESIAN_POINT('',(-215.3923891085,80.,116.));
#7755 = CARTESIAN_POINT('',(-212.3795956121,80.,116.));
#7756 = CARTESIAN_POINT('',(-209.3682578232,80.,116.));
#7757 = CARTESIAN_POINT('',(-206.3523140676,80.,116.));
#7758 = CARTESIAN_POINT('',(-203.1617779581,80.,116.));
#7759 = CARTESIAN_POINT('',(-199.9439263754,80.,116.));
#7760 = CARTESIAN_POINT('',(-196.8039238222,80.,116.));
#7761 = CARTESIAN_POINT('',(-193.6502881772,80.,116.));
#7762 = CARTESIAN_POINT('',(-190.5238544957,80.,116.));
#7763 = CARTESIAN_POINT('',(-187.3979035972,80.,116.));
#7764 = CARTESIAN_POINT('',(-184.2712661539,80.,116.));
#7765 = CARTESIAN_POINT('',(-181.1559065714,80.,116.));
#7766 = CARTESIAN_POINT('',(-178.0122542805,80.,116.));
#7767 = CARTESIAN_POINT('',(-174.9117896235,80.,116.));
#7768 = CARTESIAN_POINT('',(-171.6693361669,80.,116.));
#7769 = CARTESIAN_POINT('',(-168.5057014313,80.,116.));
#7770 = CARTESIAN_POINT('',(-165.4844573721,80.,116.));
#7771 = CARTESIAN_POINT('',(-162.3423992853,80.,116.));
#7772 = CARTESIAN_POINT('',(-159.2634964041,80.,116.));
#7773 = CARTESIAN_POINT('',(-156.1823448947,80.,116.));
#7774 = CARTESIAN_POINT('',(-153.0590219735,80.,116.));
#7775 = CARTESIAN_POINT('',(-149.9482544959,80.,116.));
#7776 = CARTESIAN_POINT('',(-146.7241779702,80.,116.));
#7777 = CARTESIAN_POINT('',(-143.4946291038,80.,116.));
#7778 = CARTESIAN_POINT('',(-140.4942901617,80.,116.));
#7779 = CARTESIAN_POINT('',(-137.4482208537,80.,116.));
#7780 = CARTESIAN_POINT('',(-134.4049803305,80.,116.));
#7781 = CARTESIAN_POINT('',(-131.260957067,80.,116.));
#7782 = CARTESIAN_POINT('',(-128.2097768072,80.,116.));
#7783 = CARTESIAN_POINT('',(-125.1317400911,80.,116.));
#7784 = CARTESIAN_POINT('',(-121.7828599083,80.,116.));
#7785 = CARTESIAN_POINT('',(-118.7216058835,80.,116.));
#7786 = CARTESIAN_POINT('',(-115.5420323229,80.,116.));
#7787 = CARTESIAN_POINT('',(-112.4528648836,80.,116.));
#7788 = CARTESIAN_POINT('',(-109.3040734641,80.,116.));
#7789 = CARTESIAN_POINT('',(-106.2006800342,80.,116.));
#7790 = CARTESIAN_POINT('',(-103.049220273,80.,116.));
#7791 = CARTESIAN_POINT('',(-99.94497584182,80.,116.));
#7792 = CARTESIAN_POINT('',(-96.65251730109,80.,116.));
#7793 = CARTESIAN_POINT('',(-93.57852523436,80.,116.));
#7794 = CARTESIAN_POINT('',(-90.50838704351,80.,116.));
#7795 = CARTESIAN_POINT('',(-87.38288840939,80.,116.));
#7796 = CARTESIAN_POINT('',(-84.31785444875,80.,116.));
#7797 = CARTESIAN_POINT('',(-81.24214244136,80.,116.));
#7798 = CARTESIAN_POINT('',(-78.12960500485,80.,116.));
#7799 = CARTESIAN_POINT('',(-74.96906529327,80.,116.));
#7800 = CARTESIAN_POINT('',(-71.73799895759,80.,116.));
#7801 = CARTESIAN_POINT('',(-68.60106908076,80.,116.));
#7802 = CARTESIAN_POINT('',(-65.56017338006,80.,116.));
#7803 = CARTESIAN_POINT('',(-62.51301691864,80.,116.));
#7804 = CARTESIAN_POINT('',(-59.44661269167,80.,116.));
#7805 = CARTESIAN_POINT('',(-56.2794693162,80.,116.));
#7806 = CARTESIAN_POINT('',(-53.30015135599,80.,116.));
#7807 = CARTESIAN_POINT('',(-50.09160903077,80.,116.));
#7808 = CARTESIAN_POINT('',(-46.82988298107,80.,116.));
#7809 = CARTESIAN_POINT('',(-43.75098561487,80.,116.));
#7810 = CARTESIAN_POINT('',(-40.59022498143,80.,116.));
#7811 = CARTESIAN_POINT('',(-37.48657799801,80.,116.));
#7812 = CARTESIAN_POINT('',(-34.35349204993,80.,116.));
#7813 = CARTESIAN_POINT('',(-31.22924211799,80.,116.));
#7814 = CARTESIAN_POINT('',(-28.10496678474,80.,116.));
#7815 = CARTESIAN_POINT('',(-24.94210454386,80.,116.));
#7816 = CARTESIAN_POINT('',(-21.65395320521,80.,116.));
#7817 = CARTESIAN_POINT('',(-18.66692496727,80.,116.));
#7818 = CARTESIAN_POINT('',(-15.52415536771,80.,116.));
#7819 = CARTESIAN_POINT('',(-12.42987744782,80.,116.));
#7820 = CARTESIAN_POINT('',(-9.377596847078,80.,116.));
#7821 = CARTESIAN_POINT('',(-6.312968134846,80.,116.));
#7822 = CARTESIAN_POINT('',(-3.20273059646,80.,116.));
#7823 = CARTESIAN_POINT('',(-2.775557561563E-17,80.,116.));
#7824 = CARTESIAN_POINT('',(3.20273059646,80.,116.));
#7825 = CARTESIAN_POINT('',(6.312968134846,80.,116.));
#7826 = CARTESIAN_POINT('',(9.377596847078,80.,116.));
#7827 = CARTESIAN_POINT('',(12.429877447828,80.,116.));
#7828 = CARTESIAN_POINT('',(15.524155367714,80.,116.));
#7829 = CARTESIAN_POINT('',(18.666924967278,80.,116.));
#7830 = CARTESIAN_POINT('',(21.653953205212,80.,116.));
#7831 = CARTESIAN_POINT('',(24.942104543865,80.,116.));
#7832 = CARTESIAN_POINT('',(28.104966784746,80.,116.));
#7833 = CARTESIAN_POINT('',(31.229242117992,80.,116.));
#7834 = CARTESIAN_POINT('',(34.353492049937,80.,116.));
#7835 = CARTESIAN_POINT('',(37.486577998015,80.,116.));
#7836 = CARTESIAN_POINT('',(40.590224981439,80.,116.));
#7837 = CARTESIAN_POINT('',(43.75098561487,80.,116.));
#7838 = CARTESIAN_POINT('',(46.82988298107,80.,116.));
#7839 = CARTESIAN_POINT('',(50.091609030777,80.,116.));
#7840 = CARTESIAN_POINT('',(53.30015135599,80.,116.));
#7841 = CARTESIAN_POINT('',(56.279469316208,80.,116.));
#7842 = CARTESIAN_POINT('',(59.446612691677,80.,116.));
#7843 = CARTESIAN_POINT('',(62.513016918644,80.,116.));
#7844 = CARTESIAN_POINT('',(65.560173380067,80.,116.));
#7845 = CARTESIAN_POINT('',(68.601069080765,80.,116.));
#7846 = CARTESIAN_POINT('',(71.73799895759,80.,116.));
#7847 = CARTESIAN_POINT('',(74.969065293279,80.,116.));
#7848 = CARTESIAN_POINT('',(78.129605004858,80.,116.));
#7849 = CARTESIAN_POINT('',(81.242142441362,80.,116.));
#7850 = CARTESIAN_POINT('',(84.317854448757,80.,116.));
#7851 = CARTESIAN_POINT('',(87.382888409396,80.,116.));
#7852 = CARTESIAN_POINT('',(90.508387043519,80.,116.));
#7853 = CARTESIAN_POINT('',(93.578525234368,80.,116.));
#7854 = CARTESIAN_POINT('',(96.652517301093,80.,116.));
#7855 = CARTESIAN_POINT('',(99.944975841828,80.,116.));
#7856 = CARTESIAN_POINT('',(103.04922027306,80.,116.));
#7857 = CARTESIAN_POINT('',(106.20068003424,80.,116.));
#7858 = CARTESIAN_POINT('',(109.30407346416,80.,116.));
#7859 = CARTESIAN_POINT('',(112.45286488364,80.,116.));
#7860 = CARTESIAN_POINT('',(115.54203232295,80.,116.));
#7861 = CARTESIAN_POINT('',(118.72160588355,80.,116.));
#7862 = CARTESIAN_POINT('',(121.78285990839,80.,116.));
#7863 = CARTESIAN_POINT('',(125.13174009112,80.,116.));
#7864 = CARTESIAN_POINT('',(128.20977680724,80.,116.));
#7865 = CARTESIAN_POINT('',(131.26095706703,80.,116.));
#7866 = CARTESIAN_POINT('',(134.40498033054,80.,116.));
#7867 = CARTESIAN_POINT('',(137.44822085371,80.,116.));
#7868 = CARTESIAN_POINT('',(140.49429016176,80.,116.));
#7869 = CARTESIAN_POINT('',(143.49462910383,80.,116.));
#7870 = CARTESIAN_POINT('',(146.72417797021,80.,116.));
#7871 = CARTESIAN_POINT('',(149.9482544959,80.,116.));
#7872 = CARTESIAN_POINT('',(153.05902197354,80.,116.));
#7873 = CARTESIAN_POINT('',(156.1823448947,80.,116.));
#7874 = CARTESIAN_POINT('',(159.26349640411,80.,116.));
#7875 = CARTESIAN_POINT('',(162.34239928534,80.,116.));
#7876 = CARTESIAN_POINT('',(165.48445737214,80.,116.));
#7877 = CARTESIAN_POINT('',(168.50570143136,80.,116.));
#7878 = CARTESIAN_POINT('',(171.66933616697,80.,116.));
#7879 = CARTESIAN_POINT('',(174.91178962355,80.,116.));
#7880 = CARTESIAN_POINT('',(178.01225428054,80.,116.));
#7881 = CARTESIAN_POINT('',(181.15590657147,80.,116.));
#7882 = CARTESIAN_POINT('',(184.27126615396,80.,116.));
#7883 = CARTESIAN_POINT('',(187.39790359724,80.,116.));
#7884 = CARTESIAN_POINT('',(190.52385449579,80.,116.));
#7885 = CARTESIAN_POINT('',(193.65028817727,80.,116.));
#7886 = CARTESIAN_POINT('',(196.80392382223,80.,116.));
#7887 = CARTESIAN_POINT('',(199.94392637543,80.,116.));
#7888 = CARTESIAN_POINT('',(203.16177795814,80.,116.));
#7889 = CARTESIAN_POINT('',(206.35231406763,80.,116.));
#7890 = CARTESIAN_POINT('',(209.36825782326,80.,116.));
#7891 = CARTESIAN_POINT('',(212.37959561216,80.,116.));
#7892 = CARTESIAN_POINT('',(215.39238910851,80.,116.));
#7893 = CARTESIAN_POINT('',(218.421822624,80.,116.));
#7894 = CARTESIAN_POINT('',(221.72619309389,80.,116.));
#7895 = CARTESIAN_POINT('',(224.87045067834,80.,116.));
#7896 = CARTESIAN_POINT('',(228.,80.,116.));
#7897 = PCURVE('',#176,#7898);
#7898 = DEFINITIONAL_REPRESENTATION('',(#7899),#7903);
#7899 = LINE('',#7900,#7901);
#7900 = CARTESIAN_POINT('',(1.,0.));
#7901 = VECTOR('',#7902,1.);
#7902 = DIRECTION('',(0.,1.));
#7903 = ( GEOMETRIC_REPRESENTATION_CONTEXT(2) 
PARAMETRIC_REPRESENTATION_CONTEXT() REPRESENTATION_CONTEXT('2D SPACE',''
  ) );
#7904 = ORIENTED_EDGE('',*,*,#7905,.F.);
#7905 = EDGE_CURVE('',#24,#7746,#7906,.T.);
#7906 = SURFACE_CURVE('',#7907,(#7959),.PCURVE_S1.);
#7907 = B_SPLINE_CURVE_WITH_KNOTS('',3,(#7908,#7909,#7910,#7911,#7912,
    #7913,#7914,#7915,#7916,#7917,#7918,#7919,#7920,#7921,#7922,#7923,
    #7924,#7925,#7926,#7927,#7928,#7929,#7930,#7931,#7932,#7933,#7934,
    #7935,#7936,#7937,#7938,#7939,#7940,#7941,#7942,#7943,#7944,#7945,
    #7946,#7947,#7948,#7949,#7950,#7951,#7952,#7953,#7954,#7955,#7956,
    #7957,#7958),.UNSPECIFIED.,.F.,.F.,(4,1,1,1,1,1,1,1,1,1,1,1,1,1,1,1,
    1,1,1,1,1,1,1,1,1,1,1,1,1,1,1,1,1,1,1,1,1,1,1,1,1,1,1,1,1,1,1,1,4),(
    0.,1.357986128496E-02,2.815837929778E-02,4.693385984053E-02,
    7.595569881399E-02,0.11116279458,0.144127285811,0.168823622371,
    0.186807256888,0.201931046833,0.215901888343,0.229469897005,
    0.242944949454,0.256407205823,0.269870867825,0.283360851515,
    0.296996508924,0.311364093038,0.330830831352,0.357950356927,
    0.387331186205,0.421139700476,0.455330852406,0.482653294297,0.5,
    0.517346705703,0.544669147594,0.578860299524,0.612668813795,
    0.642049643073,0.669169168648,0.688635906962,0.703003491076,
    0.716639148485,0.730129132175,0.743592794177,0.757055050546,
    0.770530102995,0.784098111657,0.798068953167,0.813192743112,
    0.831176377629,0.855872714189,0.88883720542,0.924044301186,
    0.953066140159,0.971841620702,0.986420138715,1.),.UNSPECIFIED.);
#7908 = CARTESIAN_POINT('',(228.,-80.,116.));
#7909 = CARTESIAN_POINT('',(227.99999999999,-78.05968375902,
    115.99999999999));
#7910 = CARTESIAN_POINT('',(228.,-77.12035138056,116.));
#7911 = CARTESIAN_POINT('',(227.99999999999,-72.53319646053,
    115.99999999999));
#7912 = CARTESIAN_POINT('',(228.,-69.12571387686,116.));
#7913 = CARTESIAN_POINT('',(227.99999999999,-66.40839695253,
    115.99999999999));
#7914 = CARTESIAN_POINT('',(228.,-63.37479062957,116.));
#7915 = CARTESIAN_POINT('',(227.99999999999,-60.61152279823,116.));
#7916 = CARTESIAN_POINT('',(228.,-57.36061744673,116.));
#7917 = CARTESIAN_POINT('',(227.99999999999,-53.6547541598,116.));
#7918 = CARTESIAN_POINT('',(228.,-50.13556412035,116.));
#7919 = CARTESIAN_POINT('',(228.,-46.71564272454,116.));
#7920 = CARTESIAN_POINT('',(228.,-43.33989683513,116.));
#7921 = CARTESIAN_POINT('',(228.,-40.00952403794,116.));
#7922 = CARTESIAN_POINT('',(228.,-36.65116991321,116.));
#7923 = CARTESIAN_POINT('',(228.,-33.35645153699,116.));
#7924 = CARTESIAN_POINT('',(228.,-29.93879638824,116.));
#7925 = CARTESIAN_POINT('',(228.,-26.65250435949,116.));
#7926 = CARTESIAN_POINT('',(228.,-22.64702264437,116.));
#7927 = CARTESIAN_POINT('',(228.,-19.3959055229,116.));
#7928 = CARTESIAN_POINT('',(228.,-16.63376380294,116.));
#7929 = CARTESIAN_POINT('',(228.,-12.99831014382,116.));
#7930 = CARTESIAN_POINT('',(228.,-10.01950156374,116.));
#7931 = CARTESIAN_POINT('',(228.,-6.97382840008,116.));
#7932 = CARTESIAN_POINT('',(228.,-4.432630330378,116.));
#7933 = CARTESIAN_POINT('',(228.,1.7763568394E-15,116.));
#7934 = CARTESIAN_POINT('',(228.,4.432630330378,116.));
#7935 = CARTESIAN_POINT('',(228.,6.97382840008,116.));
#7936 = CARTESIAN_POINT('',(228.,10.019501563748,116.));
#7937 = CARTESIAN_POINT('',(228.,12.99831014382,116.));
#7938 = CARTESIAN_POINT('',(228.,16.633763802948,116.));
#7939 = CARTESIAN_POINT('',(228.,19.3959055229,116.));
#7940 = CARTESIAN_POINT('',(228.,22.647022644373,116.));
#7941 = CARTESIAN_POINT('',(228.,26.65250435949,116.));
#7942 = CARTESIAN_POINT('',(228.,29.938796388243,116.));
#7943 = CARTESIAN_POINT('',(228.,33.35645153699,116.));
#7944 = CARTESIAN_POINT('',(228.,36.651169913216,116.));
#7945 = CARTESIAN_POINT('',(228.,40.009524037948,116.));
#7946 = CARTESIAN_POINT('',(228.,43.339896835134,116.));
#7947 = CARTESIAN_POINT('',(228.,46.715642724543,116.));
#7948 = CARTESIAN_POINT('',(228.,50.135564120358,116.));
#7949 = CARTESIAN_POINT('',(228.,53.654754159802,116.));
#7950 = CARTESIAN_POINT('',(227.99999999999,57.360617446732,116.));
#7951 = CARTESIAN_POINT('',(228.,60.611522798231,116.));
#7952 = CARTESIAN_POINT('',(227.99999999999,63.374790629576,
    115.99999999999));
#7953 = CARTESIAN_POINT('',(228.,66.408396952535,116.));
#7954 = CARTESIAN_POINT('',(227.99999999999,69.125713876862,
    115.99999999999));
#7955 = CARTESIAN_POINT('',(228.,72.533196460533,116.));
#7956 = CARTESIAN_POINT('',(227.99999999999,77.12035138057,
    115.99999999999));
#7957 = CARTESIAN_POINT('',(228.,78.059683759026,116.));
#7958 = CARTESIAN_POINT('',(228.,80.,116.));
#7959 = PCURVE('',#176,#7960);
#7960 = DEFINITIONAL_REPRESENTATION('',(#7961),#7965);
#7961 = LINE('',#7962,#7963);
#7962 = CARTESIAN_POINT('',(0.,1.));
#7963 = VECTOR('',#7964,1.);
#7964 = DIRECTION('',(1.,0.));
#7965 = ( GEOMETRIC_REPRESENTATION_CONTEXT(2) 
PARAMETRIC_REPRESENTATION_CONTEXT() REPRESENTATION_CONTEXT('2D SPACE',''
  ) );
#7966 = ( GEOMETRIC_REPRESENTATION_CONTEXT(3) 
GLOBAL_UNCERTAINTY_ASSIGNED_CONTEXT((#7970)) 
GLOBAL_UNIT_ASSIGNED_CONTEXT((#7967,#7968,#7969)) REPRESENTATION_CONTEXT
('Context #1','3D Context with UNIT and UNCERTAINTY') );
#7967 = ( LENGTH_UNIT() NAMED_UNIT(*) SI_UNIT(.MILLI.,.METRE.) );
#7968 = ( NAMED_UNIT(*) PLANE_ANGLE_UNIT() SI_UNIT($,.RADIAN.) );
#7969 = ( NAMED_UNIT(*) SI_UNIT($,.STERADIAN.) SOLID_ANGLE_UNIT() );
#7970 = UNCERTAINTY_MEASURE_WITH_UNIT(LENGTH_MEASURE(1.E-07),#7967,
  'distance_accuracy_value','confusion accuracy');
#7971 = PRODUCT_RELATED_PRODUCT_CATEGORY('part',$,(#7));
ENDSEC;
END-ISO-10303-21;
