ISO-10303-21;
HEADER;
FILE_DESCRIPTION(('Open CASCADE Model'),'2;1');
FILE_NAME('Open CASCADE Shape Model','2026-10-09T00:38:01',('Author'),(
    'Open CASCADE'),'Open CASCADE STEP processor 8.0','build123d',
  'Unknown');
FILE_SCHEMA(('AUTOMOTIVE_DESIGN { 1 0 10303 214 1 1 1 1 }'));
ENDSEC;
DATA;
#1 = APPLICATION_PROTOCOL_DEFINITION('international standard',
  'automotive_design',2000,#2);
#2 = APPLICATION_CONTEXT(
  'core data for automotive mechanical design processes');
#3 = SHAPE_DEFINITION_REPRESENTATION(#4,#10);
#4 = PRODUCT_DEFINITION_SHAPE('','',#5);
#5 = PRODUCT_DEFINITION('design','',#6,#9);
#6 = PRODUCT_DEFINITION_FORMATION('','',#7);
#7 = PRODUCT('COMPOUND','COMPOUND','',(#8));
#8 = PRODUCT_CONTEXT('',#2,'mechanical');
#9 = PRODUCT_DEFINITION_CONTEXT('part definition',#2,'design');
#10 = ADVANCED_BREP_SHAPE_REPRESENTATION('',(#11,#15),#1486);
#11 = AXIS2_PLACEMENT_3D('',#12,#13,#14);
#12 = CARTESIAN_POINT('',(0.,0.,0.));
#13 = DIRECTION('',(0.,0.,1.));
#14 = DIRECTION('',(1.,0.,-0.));
#15 = MANIFOLD_SOLID_BREP('',#16);
#16 = CLOSED_SHELL('',(#17,#635,#1410));
#17 = ADVANCED_FACE('',(#18),#183,.T.);
#18 = FACE_BOUND('',#19,.T.);
#19 = EDGE_LOOP('',(#20,#563,#634));
#20 = ORIENTED_EDGE('',*,*,#21,.F.);
#21 = EDGE_CURVE('',#22,#22,#24,.T.);
#22 = VERTEX_POINT('',#23);
#23 = CARTESIAN_POINT('',(12.343630664666,0.,75.2));
#24 = SURFACE_CURVE('',#25,(#182,#398),.PCURVE_S1.);
#25 = B_SPLINE_CURVE_WITH_KNOTS('',8,(#26,#27,#28,#29,#30,#31,#32,#33,
    #34,#35,#36,#37,#38,#39,#40,#41,#42,#43,#44,#45,#46,#47,#48,#49,#50,
    #51,#52,#53,#54,#55,#56,#57,#58,#59,#60,#61,#62,#63,#64,#65,#66,#67,
    #68,#69,#70,#71,#72,#73,#74,#75,#76,#77,#78,#79,#80,#81,#82,#83,#84,
    #85,#86,#87,#88,#89,#90,#91,#92,#93,#94,#95,#96,#97,#98,#99,#100,
    #101,#102,#103,#104,#105,#106,#107,#108,#109,#110,#111,#112,#113,
    #114,#115,#116,#117,#118,#119,#120,#121,#122,#123,#124,#125,#126,
    #127,#128,#129,#130,#131,#132,#133,#134,#135,#136,#137,#138,#139,
    #140,#141,#142,#143,#144,#145,#146,#147,#148,#149,#150,#151,#152,
    #153,#154,#155,#156,#157,#158,#159,#160,#161,#162,#163,#164,#165,
    #166,#167,#168,#169,#170,#171,#172,#173,#174,#175,#176,#177,#178,
    #179,#180,#181),.UNSPECIFIED.,.T.,.F.,(9,7,7,7,7,7,7,7,7,7,7,7,7,7,7
    ,7,7,7,7,7,7,7,9),(0.,2.20014116173E-02,5.100325760089E-02,
    7.500479502575E-02,0.116007316537,0.140008853962,0.251998375463,
    0.363987896965,0.416990869927,0.514987986927,0.552990349279,
    0.60499329763,0.621994391184,0.650996237168,0.678998022293,
    0.706999807419,0.736001653402,0.765003499386,0.791005161422,
    0.820007007405,0.847008731199,0.887011201977,1.),.UNSPECIFIED.);
#26 = CARTESIAN_POINT('',(12.343630664666,0.,75.2));
#27 = CARTESIAN_POINT('',(12.343630664666,-0.21328257299,75.2));
#28 = CARTESIAN_POINT('',(12.339418937091,-0.426565284789,75.2));
#29 = CARTESIAN_POINT('',(12.330995487887,-0.639750903503,75.2));
#30 = CARTESIAN_POINT('',(12.318363000154,-0.852742382564,75.2));
#31 = CARTESIAN_POINT('',(12.30152683415,-1.065442860733,75.2));
#32 = CARTESIAN_POINT('',(12.280495027286,-1.277755662096,75.2));
#33 = CARTESIAN_POINT('',(12.255278294128,-1.489584296068,75.2));
#34 = CARTESIAN_POINT('',(12.187150965956,-1.979295800808,75.2));
#35 = CARTESIAN_POINT('',(12.141163314365,-2.256751297906,75.2));
#36 = CARTESIAN_POINT('',(12.087957836153,-2.532978034106,75.2));
#37 = CARTESIAN_POINT('',(12.027573188346,-2.80775693728,75.2));
#38 = CARTESIAN_POINT('',(11.960055920465,-3.080870777753,75.2));
#39 = CARTESIAN_POINT('',(11.885460474527,-3.352104168301,75.2));
#40 = CARTESIAN_POINT('',(11.803849185042,-3.621243564149,75.2));
#41 = CARTESIAN_POINT('',(11.642003775405,-4.108905241033,75.2));
#42 = CARTESIAN_POINT('',(11.563958044647,-4.328154614067,75.2));
#43 = CARTESIAN_POINT('',(11.481194873687,-4.545705530557,75.2));
#44 = CARTESIAN_POINT('',(11.393757556548,-4.761439604591,75.2));
#45 = CARTESIAN_POINT('',(11.30169289433,-4.97523991586,75.2));
#46 = CARTESIAN_POINT('',(11.205051195213,-5.186991009658,75.2));
#47 = CARTESIAN_POINT('',(11.103886274454,-5.396578896887,75.2));
#48 = CARTESIAN_POINT('',(10.817803265212,-5.958048416271,75.2));
#49 = CARTESIAN_POINT('',(10.624316066441,-6.305567446409,75.2));
#50 = CARTESIAN_POINT('',(10.418081137567,-6.645884831388,75.2));
#51 = CARTESIAN_POINT('',(10.199412614893,-6.978455380412,75.2));
#52 = CARTESIAN_POINT('',(9.968651432531,-7.302752111204,75.2));
#53 = CARTESIAN_POINT('',(9.726165263411,-7.618266336226,75.2));
#54 = CARTESIAN_POINT('',(9.472348460277,-7.924507748912,75.2));
#55 = CARTESIAN_POINT('',(9.052659767814,-8.394564033619,75.2));
#56 = CARTESIAN_POINT('',(8.893958511372,-8.564785462555,75.2));
#57 = CARTESIAN_POINT('',(8.731602340798,-8.731574603718,75.2));
#58 = CARTESIAN_POINT('',(8.565678006096,-8.894840002015,75.2));
#59 = CARTESIAN_POINT('',(8.396274893846,-9.054492940253,75.2));
#60 = CARTESIAN_POINT('',(8.223485027205,-9.210447439128,75.2));
#61 = CARTESIAN_POINT('',(8.047403065906,-9.362620257234,75.2));
#62 = CARTESIAN_POINT('',(7.031633286073,-10.20293809965,75.2));
#63 = CARTESIAN_POINT('',(6.125232700574,-10.81115493945,75.2));
#64 = CARTESIAN_POINT('',(5.159221551342,-11.32685616989,75.2));
#65 = CARTESIAN_POINT('',(4.144742463777,-11.74345972577,75.2));
#66 = CARTESIAN_POINT('',(3.09351028528,-12.05592932229,75.2));
#67 = CARTESIAN_POINT('',(2.017805815349,-12.26083220881,75.2));
#68 = CARTESIAN_POINT('',(0.930434673289,-12.35629814523,75.2));
#69 = CARTESIAN_POINT('',(-1.240655783763,-12.32901398172,75.2));
#70 = CARTESIAN_POINT('',(-2.325284454268,-12.20625245387,75.2));
#71 = CARTESIAN_POINT('',(-3.395499976099,-11.97438172189,75.2));
#72 = CARTESIAN_POINT('',(-4.438547773445,-11.63559324163,75.2));
#73 = CARTESIAN_POINT('',(-5.44223719049,-11.19362729734,75.2));
#74 = CARTESIAN_POINT('',(-6.394983641933,-10.65381297848,75.2));
#75 = CARTESIAN_POINT('',(-7.285813429168,-10.02301028686,75.2));
#76 = CARTESIAN_POINT('',(-8.492196203977,-8.9728382008,75.2));
#77 = CARTESIAN_POINT('',(-8.863699589976,-8.617032291187,75.2));
#78 = CARTESIAN_POINT('',(-9.21812556489,-8.24368277992,75.2));
#79 = CARTESIAN_POINT('',(-9.55451110228,-7.85375092711,75.2));
#80 = CARTESIAN_POINT('',(-9.871962303699,-7.448255163485,75.2));
#81 = CARTESIAN_POINT('',(-10.16965300998,-7.028269601059,75.2));
#82 = CARTESIAN_POINT('',(-10.44682653122,-6.594925107322,75.2));
#83 = CARTESIAN_POINT('',(-11.17607037261,-5.325706172236,75.2));
#84 = CARTESIAN_POINT('',(-11.57700620512,-4.460168388065,75.2));
#85 = CARTESIAN_POINT('',(-11.90110114548,-3.560509050601,75.2));
#86 = CARTESIAN_POINT('',(-12.14507477293,-2.634734665239,75.2));
#87 = CARTESIAN_POINT('',(-12.3066512167,-1.691085155992,75.2));
#88 = CARTESIAN_POINT('',(-12.38448733707,-0.738002792176,75.2));
#89 = CARTESIAN_POINT('',(-12.37825096422,0.215866331589,75.2));
#90 = CARTESIAN_POINT('',(-12.25418002764,1.528399741445,75.2));
#91 = CARTESIAN_POINT('',(-12.20700079424,1.893980816461,75.2));
#92 = CARTESIAN_POINT('',(-12.14735899892,2.257880622299,75.2));
#93 = CARTESIAN_POINT('',(-12.07532550757,2.619603362157,75.2));
#94 = CARTESIAN_POINT('',(-11.99099454765,2.978658307262,75.2));
#95 = CARTESIAN_POINT('',(-11.8944837082,3.334559796871,75.2));
#96 = CARTESIAN_POINT('',(-11.78593393986,3.686827238266,75.2));
#97 = CARTESIAN_POINT('',(-11.50071919215,4.511409058657,75.2));
#98 = CARTESIAN_POINT('',(-11.31368857244,4.980150980752,75.2));
#99 = CARTESIAN_POINT('',(-11.10483983036,5.439985515884,75.2));
#100 = CARTESIAN_POINT('',(-10.87467319276,5.889729061973,75.2));
#101 = CARTESIAN_POINT('',(-10.62376211167,6.32823740591,75.2));
#102 = CARTESIAN_POINT('',(-10.35275156671,6.754405073954,75.2));
#103 = CARTESIAN_POINT('',(-10.06235953669,7.167166398619,75.2));
#104 = CARTESIAN_POINT('',(-9.652368865665,7.695723186818,75.2));
#105 = CARTESIAN_POINT('',(-9.549368943738,7.824406730766,75.2));
#106 = CARTESIAN_POINT('',(-9.444409349749,7.951513515502,75.2));
#107 = CARTESIAN_POINT('',(-9.337518282145,8.077008748474,75.2));
#108 = CARTESIAN_POINT('',(-9.228724662891,8.200858262974,75.2));
#109 = CARTESIAN_POINT('',(-9.118058137469,8.323028518142,75.2));
#110 = CARTESIAN_POINT('',(-9.005549074881,8.443486598965,75.2));
#111 = CARTESIAN_POINT('',(-8.696211362833,8.764711544999,75.2));
#112 = CARTESIAN_POINT('',(-8.495922321802,8.962146893941,75.2));
#113 = CARTESIAN_POINT('',(-8.290516183909,9.154345622393,75.2));
#114 = CARTESIAN_POINT('',(-8.080152990707,9.341153219311,75.2));
#115 = CARTESIAN_POINT('',(-7.86499808595,9.522421303317,75.2));
#116 = CARTESIAN_POINT('',(-7.64522211559,9.698007622702,75.2));
#117 = CARTESIAN_POINT('',(-7.421001027773,9.867776055419,75.2));
#118 = CARTESIAN_POINT('',(-6.971909887439,10.189768193949,75.2));
#119 = CARTESIAN_POINT('',(-6.747328030315,10.342395597665,75.2));
#120 = CARTESIAN_POINT('',(-6.518933632409,10.489361888716,75.2));
#121 = CARTESIAN_POINT('',(-6.286893409825,10.630556197775,75.2));
#122 = CARTESIAN_POINT('',(-6.051377663844,10.765873717713,75.2));
#123 = CARTESIAN_POINT('',(-5.812560280919,10.8952157036,75.2));
#124 = CARTESIAN_POINT('',(-5.570618732679,11.018489472705,75.2));
#125 = CARTESIAN_POINT('',(-5.08084941917,11.252727336281,75.2));
#126 = CARTESIAN_POINT('',(-4.833020817382,11.363691830829,75.2));
#127 = CARTESIAN_POINT('',(-4.582429349171,11.468415313201,75.2));
#128 = CARTESIAN_POINT('',(-4.329258561957,11.566817804577,75.2));
#129 = CARTESIAN_POINT('',(-4.073694471972,11.658825922246,75.2));
#130 = CARTESIAN_POINT('',(-3.815925564255,11.744372879612,75.2));
#131 = CARTESIAN_POINT('',(-3.556142792656,11.823398486189,75.2));
#132 = CARTESIAN_POINT('',(-3.02359342219,11.970887325148,75.2));
#133 = CARTESIAN_POINT('',(-2.750693457482,12.038872810593,75.2));
#134 = CARTESIAN_POINT('',(-2.476054649155,12.099746102471,75.2));
#135 = CARTESIAN_POINT('',(-2.199893404224,12.153455674413,75.2));
#136 = CARTESIAN_POINT('',(-1.922427573271,12.199957975149,75.2));
#137 = CARTESIAN_POINT('',(-1.64387645045,12.23921742851,75.2));
#138 = CARTESIAN_POINT('',(-1.364460773486,12.271206433425,75.2));
#139 = CARTESIAN_POINT('',(-0.80434467386,12.320604294422,75.2));
#140 = CARTESIAN_POINT('',(-0.523643150319,12.338013247594,75.2));
#141 = CARTESIAN_POINT('',(-0.242520339825,12.348112659619,75.2));
#142 = CARTESIAN_POINT('',(3.880159630572E-02,12.350891071335,75.2));
#143 = CARTESIAN_POINT('',(0.320100522222,12.346345128237,75.2));
#144 = CARTESIAN_POINT('',(0.601154327532,12.334479580476,75.2));
#145 = CARTESIAN_POINT('',(0.881740927306,12.315307282858,75.2));
#146 = CARTESIAN_POINT('',(1.412580767859,12.265128144027,75.2));
#147 = CARTESIAN_POINT('',(1.662970000197,12.235550670651,75.2));
#148 = CARTESIAN_POINT('',(1.912646047366,12.200131907104,75.2));
#149 = CARTESIAN_POINT('',(2.161449914023,12.158892140723,75.2));
#150 = CARTESIAN_POINT('',(2.409223521206,12.111856813805,75.2));
#151 = CARTESIAN_POINT('',(2.655809706333,12.0590565236,75.2));
#152 = CARTESIAN_POINT('',(2.901052223205,12.000527022318,75.2));
#153 = CARTESIAN_POINT('',(3.416663439612,11.864681684501,75.2));
#154 = CARTESIAN_POINT('',(3.686667177519,11.785977183453,75.2));
#155 = CARTESIAN_POINT('',(3.954591277452,11.700252569845,75.2));
#156 = CARTESIAN_POINT('',(4.220222830449,11.607572316433,75.2));
#157 = CARTESIAN_POINT('',(4.48335169686,11.508008512863,75.2));
#158 = CARTESIAN_POINT('',(4.743770506347,11.401640865673,75.2));
#159 = CARTESIAN_POINT('',(5.001274657879,11.288556698292,75.2));
#160 = CARTESIAN_POINT('',(5.492506049821,11.057400751434,75.2));
#161 = CARTESIAN_POINT('',(5.726649112559,10.940210433759,75.2));
#162 = CARTESIAN_POINT('',(5.95792871787,10.817356623667,75.2));
#163 = CARTESIAN_POINT('',(6.186185125797,10.688921217033,75.2));
#164 = CARTESIAN_POINT('',(6.41126164651,10.55499137995,75.2));
#165 = CARTESIAN_POINT('',(6.633004640302,10.415659548729,75.2));
#166 = CARTESIAN_POINT('',(6.851263517592,10.271023429905,75.2));
#167 = CARTESIAN_POINT('',(7.383856333107,9.89920508345,75.2));
#168 = CARTESIAN_POINT('',(7.693854028637,9.665806343745,75.2));
#169 = CARTESIAN_POINT('',(7.995402623222,9.421325964002,75.2));
#170 = CARTESIAN_POINT('',(8.288040467539,9.166122016026,75.2));
#171 = CARTESIAN_POINT('',(8.571325531002,8.900574401071,75.2));
#172 = CARTESIAN_POINT('',(8.844835467522,8.625084790378,75.2));
#173 = CARTESIAN_POINT('',(9.108167681278,8.340076565709,75.2));
#174 = CARTESIAN_POINT('',(10.074904586775,7.21534732453,75.2));
#175 = CARTESIAN_POINT('',(10.704941897579,6.311934835564,75.2));
#176 = CARTESIAN_POINT('',(11.241880647819,5.346168972702,75.2));
#177 = CARTESIAN_POINT('',(11.678765082882,4.32937774912,75.2));
#178 = CARTESIAN_POINT('',(12.010227377105,3.273506000415,75.2));
#179 = CARTESIAN_POINT('',(12.23255223822,2.191111165174,75.2));
#180 = CARTESIAN_POINT('',(12.343630664666,1.095317972342,75.2));
#181 = CARTESIAN_POINT('',(12.343630664666,0.,75.2));
#182 = PCURVE('',#183,#239);
#183 = SURFACE_OF_REVOLUTION('',#184,#236);
#184 = B_SPLINE_CURVE_WITH_KNOTS('',3,(#185,#186,#187,#188,#189,#190,
    #191,#192,#193,#194,#195,#196,#197,#198,#199,#200,#201,#202,#203,
    #204,#205,#206,#207,#208,#209,#210,#211,#212,#213,#214,#215,#216,
    #217,#218,#219,#220,#221,#222,#223,#224,#225,#226,#227,#228,#229,
    #230,#231,#232,#233,#234,#235),.UNSPECIFIED.,.F.,.F.,(4,1,1,1,1,1,1,
    1,1,1,1,1,1,1,1,1,1,1,1,1,1,1,1,1,1,1,1,1,1,1,1,1,1,1,1,1,1,1,1,1,1,
    1,1,1,1,1,1,1,4),(0.,1.532094178867,3.078404118006,4.6524496636,
    6.266454976765,7.930910440257,9.654317137733,11.443096314972,
    13.301625088046,15.232355562801,17.235980987321,19.311622797346,
    21.457022130627,23.668726813323,25.942269765801,28.272337710075,
    30.652930593066,33.077512782732,35.539157215515,38.030683511261,
    40.544790768924,43.074185393584,45.611703924899,48.150430458925,
    50.683807887371,53.205741823885,55.710695748761,58.193775588113,
    60.650801665043,63.078365743099,65.4738707643,67.835550916965,
    70.162469915828,72.454495904812,74.712252255592,76.937044752905,
    79.130767191815,81.295789145661,83.434831396677,85.550835994322,
    87.646838847532,89.725852950094,91.790769683678,93.844284191902,
    95.888848761956,97.926655767402,99.959649313741,101.98956253643,
    104.01797569394),.UNSPECIFIED.);
#185 = CARTESIAN_POINT('',(0.,0.,1.55));
#186 = CARTESIAN_POINT('',(0.513407894561,0.,1.55));
#187 = CARTESIAN_POINT('',(1.536406285002,0.,1.605524744442));
#188 = CARTESIAN_POINT('',(3.071491751373,0.,1.854522821056));
#189 = CARTESIAN_POINT('',(4.596885957861,0.,2.267965127483));
#190 = CARTESIAN_POINT('',(6.111232065947,0.,2.843642019387));
#191 = CARTESIAN_POINT('',(7.610202903754,0.,3.578643956253));
#192 = CARTESIAN_POINT('',(9.090322586356,0.,4.469450149865));
#193 = CARTESIAN_POINT('',(10.547793424057,0.,5.511977672759));
#194 = CARTESIAN_POINT('',(11.978718404923,0.,6.701598986289));
#195 = CARTESIAN_POINT('',(13.378959263845,0.,8.03314335684));
#196 = CARTESIAN_POINT('',(14.744127870097,0.,9.500895203285));
#197 = CARTESIAN_POINT('',(16.069566676482,0.,11.098596870632));
#198 = CARTESIAN_POINT('',(17.35035322399,0.,12.819458683746));
#199 = CARTESIAN_POINT('',(18.581313817169,0.,14.656176436878));
#200 = CARTESIAN_POINT('',(19.757047228982,0.,16.600955325729));
#201 = CARTESIAN_POINT('',(20.87195618554,0.,18.645539061483));
#202 = CARTESIAN_POINT('',(21.920286107223,0.,20.781243023334));
#203 = CARTESIAN_POINT('',(22.896170508382,0.,22.998990533036));
#204 = CARTESIAN_POINT('',(23.793682599627,0.,25.289351551043));
#205 = CARTESIAN_POINT('',(24.606892551962,0.,27.642583260435));
#206 = CARTESIAN_POINT('',(25.329929780891,0.,30.048672119347));
#207 = CARTESIAN_POINT('',(25.957049485345,0.,32.497377035171));
#208 = CARTESIAN_POINT('',(26.482702563057,0.,34.978273356134));
#209 = CARTESIAN_POINT('',(26.901607929089,0.,37.480797399008));
#210 = CARTESIAN_POINT('',(27.208826194826,0.,39.994291244439));
#211 = CARTESIAN_POINT('',(27.399833624037,0.,42.508047541562));
#212 = CARTESIAN_POINT('',(27.470595271521,0.,45.011354078502));
#213 = CARTESIAN_POINT('',(27.417636226614,0.,47.4935379022));
#214 = CARTESIAN_POINT('',(27.238109923618,0.,49.944008816849));
#215 = CARTESIAN_POINT('',(26.929862532812,0.,52.352302160553));
#216 = CARTESIAN_POINT('',(26.491492499526,0.,54.708120856113));
#217 = CARTESIAN_POINT('',(25.922404315988,0.,57.001376848037));
#218 = CARTESIAN_POINT('',(25.222855644014,0.,59.222232155795));
#219 = CARTESIAN_POINT('',(24.393996679192,0.,61.361139860845));
#220 = CARTESIAN_POINT('',(23.437901130294,0.,63.408885357932));
#221 = CARTESIAN_POINT('',(22.357585889277,0.,65.356628094919));
#222 = CARTESIAN_POINT('',(21.1570243233,0.,67.19594377413));
#223 = CARTESIAN_POINT('',(19.8411292056,0.,68.918866608802));
#224 = CARTESIAN_POINT('',(18.415787570365,0.,70.517930795089));
#225 = CARTESIAN_POINT('',(16.887642000846,0.,71.986209996084));
#226 = CARTESIAN_POINT('',(15.264738417533,0.,73.317353472047));
#227 = CARTESIAN_POINT('',(13.553922581897,0.,74.50561761559));
#228 = CARTESIAN_POINT('',(11.770166106271,0.,75.545892053581));
#229 = CARTESIAN_POINT('',(9.901772687467,0.,76.433720052272));
#230 = CARTESIAN_POINT('',(8.038835365918,0.,77.165313546586));
#231 = CARTESIAN_POINT('',(5.896403031905,0.,77.737563559155));
#232 = CARTESIAN_POINT('',(4.585312053744,0.,78.148046997843));
#233 = CARTESIAN_POINT('',(2.460543089137E-02,0.,78.395030823982));
#234 = CARTESIAN_POINT('',(4.993164191064,0.,78.45));
#235 = CARTESIAN_POINT('',(0.,0.,78.45));
#236 = AXIS1_PLACEMENT('',#237,#238);
#237 = CARTESIAN_POINT('',(0.,0.,1.55));
#238 = DIRECTION('',(0.,0.,1.));
#239 = DEFINITIONAL_REPRESENTATION('',(#240),#397);
#240 = B_SPLINE_CURVE_WITH_KNOTS('',8,(#241,#242,#243,#244,#245,#246,
    #247,#248,#249,#250,#251,#252,#253,#254,#255,#256,#257,#258,#259,
    #260,#261,#262,#263,#264,#265,#266,#267,#268,#269,#270,#271,#272,
    #273,#274,#275,#276,#277,#278,#279,#280,#281,#282,#283,#284,#285,
    #286,#287,#288,#289,#290,#291,#292,#293,#294,#295,#296,#297,#298,
    #299,#300,#301,#302,#303,#304,#305,#306,#307,#308,#309,#310,#311,
    #312,#313,#314,#315,#316,#317,#318,#319,#320,#321,#322,#323,#324,
    #325,#326,#327,#328,#329,#330,#331,#332,#333,#334,#335,#336,#337,
    #338,#339,#340,#341,#342,#343,#344,#345,#346,#347,#348,#349,#350,
    #351,#352,#353,#354,#355,#356,#357,#358,#359,#360,#361,#362,#363,
    #364,#365,#366,#367,#368,#369,#370,#371,#372,#373,#374,#375,#376,
    #377,#378,#379,#380,#381,#382,#383,#384,#385,#386,#387,#388,#389,
    #390,#391,#392,#393,#394,#395,#396),.UNSPECIFIED.,.F.,.F.,(9,7,7,7,7
    ,7,7,7,7,7,7,7,7,7,7,7,7,7,7,7,7,7,9),(0.,2.20014116173E-02,
    5.100325760089E-02,7.500479502575E-02,0.116007316537,0.140008853962,
    0.251998375463,0.363987896965,0.416990869927,0.514987986927,
    0.552990349279,0.60499329763,0.621994391184,0.650996237168,
    0.678998022293,0.706999807419,0.736001653402,0.765003499386,
    0.791005161422,0.820007007405,0.847008731199,0.887011201977,1.),
  .UNSPECIFIED.);
#241 = CARTESIAN_POINT('',(6.28318530718,91.116638071161));
#242 = CARTESIAN_POINT('',(6.265906551943,91.116638071161));
#243 = CARTESIAN_POINT('',(6.24862779297,91.116638071161));
#244 = CARTESIAN_POINT('',(6.231349031508,91.116638071161));
#245 = CARTESIAN_POINT('',(6.214070268801,91.116638071161));
#246 = CARTESIAN_POINT('',(6.196791506093,91.116638071161));
#247 = CARTESIAN_POINT('',(6.179512744631,91.116638071161));
#248 = CARTESIAN_POINT('',(6.162233985659,91.116638071161));
#249 = CARTESIAN_POINT('',(6.122178701039,91.116638071161));
#250 = CARTESIAN_POINT('',(6.099402156779,91.116638071161));
#251 = CARTESIAN_POINT('',(6.076625602603,91.116638071161));
#252 = CARTESIAN_POINT('',(6.053849043468,91.116638071161));
#253 = CARTESIAN_POINT('',(6.031072484332,91.116638071161));
#254 = CARTESIAN_POINT('',(6.008295930156,91.116638071161));
#255 = CARTESIAN_POINT('',(5.985519385897,91.116638071161));
#256 = CARTESIAN_POINT('',(5.943893307326,91.116638071161));
#257 = CARTESIAN_POINT('',(5.925043752366,91.116638071161));
#258 = CARTESIAN_POINT('',(5.906194193559,91.116638071161));
#259 = CARTESIAN_POINT('',(5.887344632827,91.116638071161));
#260 = CARTESIAN_POINT('',(5.868495072096,91.116638071161));
#261 = CARTESIAN_POINT('',(5.849645513288,91.116638071161));
#262 = CARTESIAN_POINT('',(5.830795958329,91.116638071161));
#263 = CARTESIAN_POINT('',(5.779745178347,91.116638071161));
#264 = CARTESIAN_POINT('',(5.74754370565,91.116638071161));
#265 = CARTESIAN_POINT('',(5.715342340705,91.116638071161));
#266 = CARTESIAN_POINT('',(5.683141110344,91.116638071161));
#267 = CARTESIAN_POINT('',(5.650939879983,91.116638071161));
#268 = CARTESIAN_POINT('',(5.618738515038,91.116638071161));
#269 = CARTESIAN_POINT('',(5.586537042341,91.116638071161));
#270 = CARTESIAN_POINT('',(5.535486262359,91.116638071161));
#271 = CARTESIAN_POINT('',(5.5166367074,91.116638071161));
#272 = CARTESIAN_POINT('',(5.497787148592,91.116638071161));
#273 = CARTESIAN_POINT('',(5.478937587861,91.116638071161));
#274 = CARTESIAN_POINT('',(5.460088027129,91.116638071161));
#275 = CARTESIAN_POINT('',(5.441238468322,91.116638071161));
#276 = CARTESIAN_POINT('',(5.422388913362,91.116638071161));
#277 = CARTESIAN_POINT('',(5.315588665156,91.116638071161));
#278 = CARTESIAN_POINT('',(5.227601158944,91.116638071161));
#279 = CARTESIAN_POINT('',(5.139633240094,91.116638071161));
#280 = CARTESIAN_POINT('',(5.051680986969,91.116638071161));
#281 = CARTESIAN_POINT('',(4.963728733856,91.116638071161));
#282 = CARTESIAN_POINT('',(4.875760814999,91.116638071161));
#283 = CARTESIAN_POINT('',(4.787773308789,91.116638071161));
#284 = CARTESIAN_POINT('',(4.611871910752,91.116638071161));
#285 = CARTESIAN_POINT('',(4.523884404541,91.116638071161));
#286 = CARTESIAN_POINT('',(4.435916485688,91.116638071161));
#287 = CARTESIAN_POINT('',(4.347964232567,91.116638071161));
#288 = CARTESIAN_POINT('',(4.260011979451,91.116638071161));
#289 = CARTESIAN_POINT('',(4.172044060595,91.116638071161));
#290 = CARTESIAN_POINT('',(4.084056554385,91.116638071161));
#291 = CARTESIAN_POINT('',(3.954480099139,91.116638071161));
#292 = CARTESIAN_POINT('',(3.91285345185,91.116638071161));
#293 = CARTESIAN_POINT('',(3.871227200719,91.116638071161));
#294 = CARTESIAN_POINT('',(3.829601444726,91.116638071161));
#295 = CARTESIAN_POINT('',(3.787975688733,91.116638071161));
#296 = CARTESIAN_POINT('',(3.746349437602,91.116638071161));
#297 = CARTESIAN_POINT('',(3.704722790314,91.116638071161));
#298 = CARTESIAN_POINT('',(3.586135235996,91.116638071161));
#299 = CARTESIAN_POINT('',(3.509154844921,91.116638071161));
#300 = CARTESIAN_POINT('',(3.432182729798,91.116638071161));
#301 = CARTESIAN_POINT('',(3.355220954034,91.116638071161));
#302 = CARTESIAN_POINT('',(3.27825917827,91.116638071161));
#303 = CARTESIAN_POINT('',(3.201287063147,91.116638071161));
#304 = CARTESIAN_POINT('',(3.124306672072,91.116638071161));
#305 = CARTESIAN_POINT('',(3.017499810905,91.116638071161));
#306 = CARTESIAN_POINT('',(2.987654690286,91.116638071161));
#307 = CARTESIAN_POINT('',(2.957809531306,91.116638071161));
#308 = CARTESIAN_POINT('',(2.927964353146,91.116638071161));
#309 = CARTESIAN_POINT('',(2.898119174985,91.116638071161));
#310 = CARTESIAN_POINT('',(2.868274016006,91.116638071161));
#311 = CARTESIAN_POINT('',(2.838428895387,91.116638071161));
#312 = CARTESIAN_POINT('',(2.767743442984,91.116638071161));
#313 = CARTESIAN_POINT('',(2.726902243014,91.116638071161));
#314 = CARTESIAN_POINT('',(2.686061403444,91.116638071161));
#315 = CARTESIAN_POINT('',(2.645221014323,91.116638071161));
#316 = CARTESIAN_POINT('',(2.604380625202,91.116638071161));
#317 = CARTESIAN_POINT('',(2.563539785632,91.116638071161));
#318 = CARTESIAN_POINT('',(2.522698585661,91.116638071161));
#319 = CARTESIAN_POINT('',(2.468506428759,91.116638071161));
#320 = CARTESIAN_POINT('',(2.455154660153,91.116638071161));
#321 = CARTESIAN_POINT('',(2.44180289086,91.116638071161));
#322 = CARTESIAN_POINT('',(2.428451121225,91.116638071161));
#323 = CARTESIAN_POINT('',(2.41509935159,91.116638071161));
#324 = CARTESIAN_POINT('',(2.401747582298,91.116638071161));
#325 = CARTESIAN_POINT('',(2.388395813691,91.116638071161));
#326 = CARTESIAN_POINT('',(2.352267516731,91.116638071161));
#327 = CARTESIAN_POINT('',(2.329490972472,91.116638071161));
#328 = CARTESIAN_POINT('',(2.306714418295,91.116638071161));
#329 = CARTESIAN_POINT('',(2.28393785916,91.116638071161));
#330 = CARTESIAN_POINT('',(2.261161300025,91.116638071161));
#331 = CARTESIAN_POINT('',(2.238384745848,91.116638071161));
#332 = CARTESIAN_POINT('',(2.215608201589,91.116638071161));
#333 = CARTESIAN_POINT('',(2.170840538191,91.116638071161));
#334 = CARTESIAN_POINT('',(2.148849391696,91.116638071161));
#335 = CARTESIAN_POINT('',(2.126858236881,91.116638071161));
#336 = CARTESIAN_POINT('',(2.104867077905,91.116638071161));
#337 = CARTESIAN_POINT('',(2.08287591893,91.116638071161));
#338 = CARTESIAN_POINT('',(2.060884764114,91.116638071161));
#339 = CARTESIAN_POINT('',(2.038893617619,91.116638071161));
#340 = CARTESIAN_POINT('',(1.99491134959,91.116638071161));
#341 = CARTESIAN_POINT('',(1.972920203095,91.116638071161));
#342 = CARTESIAN_POINT('',(1.95092904828,91.116638071161));
#343 = CARTESIAN_POINT('',(1.928937889304,91.116638071161));
#344 = CARTESIAN_POINT('',(1.906946730329,91.116638071161));
#345 = CARTESIAN_POINT('',(1.884955575513,91.116638071161));
#346 = CARTESIAN_POINT('',(1.862964429018,91.116638071161));
#347 = CARTESIAN_POINT('',(1.818196765621,91.116638071161));
#348 = CARTESIAN_POINT('',(1.795420221361,91.116638071161));
#349 = CARTESIAN_POINT('',(1.772643667185,91.116638071161));
#350 = CARTESIAN_POINT('',(1.74986710805,91.116638071161));
#351 = CARTESIAN_POINT('',(1.727090548914,91.116638071161));
#352 = CARTESIAN_POINT('',(1.704313994738,91.116638071161));
#353 = CARTESIAN_POINT('',(1.681537450479,91.116638071161));
#354 = CARTESIAN_POINT('',(1.635984391712,91.116638071161));
#355 = CARTESIAN_POINT('',(1.613207847453,91.116638071161));
#356 = CARTESIAN_POINT('',(1.590431293277,91.116638071161));
#357 = CARTESIAN_POINT('',(1.567654734141,91.116638071161));
#358 = CARTESIAN_POINT('',(1.544878175006,91.116638071161));
#359 = CARTESIAN_POINT('',(1.52210162083,91.116638071161));
#360 = CARTESIAN_POINT('',(1.49932507657,91.116638071161));
#361 = CARTESIAN_POINT('',(1.456128204989,91.116638071161));
#362 = CARTESIAN_POINT('',(1.435707854176,91.116638071161));
#363 = CARTESIAN_POINT('',(1.415287497621,91.116638071161));
#364 = CARTESIAN_POINT('',(1.394867138194,91.116638071161));
#365 = CARTESIAN_POINT('',(1.374446778767,91.116638071161));
#366 = CARTESIAN_POINT('',(1.354026422212,91.116638071161));
#367 = CARTESIAN_POINT('',(1.333606071399,91.116638071161));
#368 = CARTESIAN_POINT('',(1.290409199818,91.116638071161));
#369 = CARTESIAN_POINT('',(1.267632655558,91.116638071161));
#370 = CARTESIAN_POINT('',(1.244856101382,91.116638071161));
#371 = CARTESIAN_POINT('',(1.222079542247,91.116638071161));
#372 = CARTESIAN_POINT('',(1.199302983111,91.116638071161));
#373 = CARTESIAN_POINT('',(1.176526428935,91.116638071161));
#374 = CARTESIAN_POINT('',(1.153749884676,91.116638071161));
#375 = CARTESIAN_POINT('',(1.109767617019,91.116638071161));
#376 = CARTESIAN_POINT('',(1.088561868342,91.116638071161));
#377 = CARTESIAN_POINT('',(1.067356112728,91.116638071161));
#378 = CARTESIAN_POINT('',(1.046150353646,91.116638071161));
#379 = CARTESIAN_POINT('',(1.024944594563,91.116638071161));
#380 = CARTESIAN_POINT('',(1.003738838949,91.116638071161));
#381 = CARTESIAN_POINT('',(0.982533090272,91.116638071161));
#382 = CARTESIAN_POINT('',(0.929911508621,91.116638071161));
#383 = CARTESIAN_POINT('',(0.898495451043,91.116638071161));
#384 = CARTESIAN_POINT('',(0.867079488868,91.116638071161));
#385 = CARTESIAN_POINT('',(0.835663645855,91.116638071161));
#386 = CARTESIAN_POINT('',(0.804247802842,91.116638071161));
#387 = CARTESIAN_POINT('',(0.772831840667,91.116638071161));
#388 = CARTESIAN_POINT('',(0.741415783089,91.116638071161));
#389 = CARTESIAN_POINT('',(0.621264461301,91.116638071161));
#390 = CARTESIAN_POINT('',(0.532490516857,91.116638071161));
#391 = CARTESIAN_POINT('',(0.443737098687,91.116638071161));
#392 = CARTESIAN_POINT('',(0.354999969857,91.116638071161));
#393 = CARTESIAN_POINT('',(0.266262841022,91.116638071161));
#394 = CARTESIAN_POINT('',(0.177509422855,91.116638071161));
#395 = CARTESIAN_POINT('',(8.873547840976E-02,91.116638071161));
#396 = CARTESIAN_POINT('',(0.,91.116638071161));
#397 = ( GEOMETRIC_REPRESENTATION_CONTEXT(2) 
PARAMETRIC_REPRESENTATION_CONTEXT() REPRESENTATION_CONTEXT('2D SPACE',''
  ) );
#398 = PCURVE('',#399,#404);
#399 = PLANE('',#400);
#400 = AXIS2_PLACEMENT_3D('',#401,#402,#403);
#401 = CARTESIAN_POINT('',(-58.,-58.,75.2));
#402 = DIRECTION('',(0.,0.,1.));
#403 = DIRECTION('',(1.,0.,-0.));
#404 = DEFINITIONAL_REPRESENTATION('',(#405),#562);
#405 = B_SPLINE_CURVE_WITH_KNOTS('',8,(#406,#407,#408,#409,#410,#411,
    #412,#413,#414,#415,#416,#417,#418,#419,#420,#421,#422,#423,#424,
    #425,#426,#427,#428,#429,#430,#431,#432,#433,#434,#435,#436,#437,
    #438,#439,#440,#441,#442,#443,#444,#445,#446,#447,#448,#449,#450,
    #451,#452,#453,#454,#455,#456,#457,#458,#459,#460,#461,#462,#463,
    #464,#465,#466,#467,#468,#469,#470,#471,#472,#473,#474,#475,#476,
    #477,#478,#479,#480,#481,#482,#483,#484,#485,#486,#487,#488,#489,
    #490,#491,#492,#493,#494,#495,#496,#497,#498,#499,#500,#501,#502,
    #503,#504,#505,#506,#507,#508,#509,#510,#511,#512,#513,#514,#515,
    #516,#517,#518,#519,#520,#521,#522,#523,#524,#525,#526,#527,#528,
    #529,#530,#531,#532,#533,#534,#535,#536,#537,#538,#539,#540,#541,
    #542,#543,#544,#545,#546,#547,#548,#549,#550,#551,#552,#553,#554,
    #555,#556,#557,#558,#559,#560,#561),.UNSPECIFIED.,.T.,.F.,(9,7,7,7,7
    ,7,7,7,7,7,7,7,7,7,7,7,7,7,7,7,7,7,9),(0.,2.20014116173E-02,
    5.100325760089E-02,7.500479502575E-02,0.116007316537,0.140008853962,
    0.251998375463,0.363987896965,0.416990869927,0.514987986927,
    0.552990349279,0.60499329763,0.621994391184,0.650996237168,
    0.678998022293,0.706999807419,0.736001653402,0.765003499386,
    0.791005161422,0.820007007405,0.847008731199,0.887011201977,1.),
  .UNSPECIFIED.);
#406 = CARTESIAN_POINT('',(70.343630664666,58.));
#407 = CARTESIAN_POINT('',(70.343630664666,57.78671742701));
#408 = CARTESIAN_POINT('',(70.339418937091,57.573434715211));
#409 = CARTESIAN_POINT('',(70.330995487887,57.360249096497));
#410 = CARTESIAN_POINT('',(70.318363000154,57.147257617436));
#411 = CARTESIAN_POINT('',(70.30152683415,56.934557139267));
#412 = CARTESIAN_POINT('',(70.280495027286,56.722244337904));
#413 = CARTESIAN_POINT('',(70.255278294128,56.510415703932));
#414 = CARTESIAN_POINT('',(70.187150965956,56.020704199192));
#415 = CARTESIAN_POINT('',(70.141163314365,55.743248702094));
#416 = CARTESIAN_POINT('',(70.087957836153,55.467021965894));
#417 = CARTESIAN_POINT('',(70.027573188346,55.19224306272));
#418 = CARTESIAN_POINT('',(69.960055920465,54.919129222247));
#419 = CARTESIAN_POINT('',(69.885460474527,54.647895831699));
#420 = CARTESIAN_POINT('',(69.803849185042,54.378756435851));
#421 = CARTESIAN_POINT('',(69.642003775405,53.891094758967));
#422 = CARTESIAN_POINT('',(69.563958044647,53.671845385933));
#423 = CARTESIAN_POINT('',(69.481194873687,53.454294469443));
#424 = CARTESIAN_POINT('',(69.393757556548,53.238560395409));
#425 = CARTESIAN_POINT('',(69.30169289433,53.02476008414));
#426 = CARTESIAN_POINT('',(69.205051195213,52.813008990342));
#427 = CARTESIAN_POINT('',(69.103886274454,52.603421103113));
#428 = CARTESIAN_POINT('',(68.817803265212,52.041951583729));
#429 = CARTESIAN_POINT('',(68.624316066441,51.694432553591));
#430 = CARTESIAN_POINT('',(68.418081137567,51.354115168612));
#431 = CARTESIAN_POINT('',(68.199412614893,51.021544619588));
#432 = CARTESIAN_POINT('',(67.968651432531,50.697247888796));
#433 = CARTESIAN_POINT('',(67.726165263411,50.381733663774));
#434 = CARTESIAN_POINT('',(67.472348460277,50.075492251088));
#435 = CARTESIAN_POINT('',(67.052659767814,49.605435966381));
#436 = CARTESIAN_POINT('',(66.893958511372,49.435214537445));
#437 = CARTESIAN_POINT('',(66.731602340798,49.268425396282));
#438 = CARTESIAN_POINT('',(66.565678006096,49.105159997985));
#439 = CARTESIAN_POINT('',(66.396274893846,48.945507059747));
#440 = CARTESIAN_POINT('',(66.223485027205,48.789552560872));
#441 = CARTESIAN_POINT('',(66.047403065906,48.637379742766));
#442 = CARTESIAN_POINT('',(65.031633286073,47.797061900343));
#443 = CARTESIAN_POINT('',(64.125232700574,47.188845060543));
#444 = CARTESIAN_POINT('',(63.159221551342,46.673143830108));
#445 = CARTESIAN_POINT('',(62.144742463777,46.256540274221));
#446 = CARTESIAN_POINT('',(61.09351028528,45.944070677706));
#447 = CARTESIAN_POINT('',(60.017805815349,45.739167791188));
#448 = CARTESIAN_POINT('',(58.930434673289,45.643701854763));
#449 = CARTESIAN_POINT('',(56.759344216237,45.670986018279));
#450 = CARTESIAN_POINT('',(55.674715545732,45.793747546121));
#451 = CARTESIAN_POINT('',(54.604500023901,46.025618278104));
#452 = CARTESIAN_POINT('',(53.561452226555,46.364406758365));
#453 = CARTESIAN_POINT('',(52.55776280951,46.806372702659));
#454 = CARTESIAN_POINT('',(51.605016358067,47.346187021517));
#455 = CARTESIAN_POINT('',(50.714186570832,47.976989713135));
#456 = CARTESIAN_POINT('',(49.507803796023,49.0271617992));
#457 = CARTESIAN_POINT('',(49.136300410024,49.382967708813));
#458 = CARTESIAN_POINT('',(48.78187443511,49.75631722008));
#459 = CARTESIAN_POINT('',(48.44548889772,50.14624907289));
#460 = CARTESIAN_POINT('',(48.128037696301,50.551744836515));
#461 = CARTESIAN_POINT('',(47.830346990013,50.971730398941));
#462 = CARTESIAN_POINT('',(47.55317346878,51.405074892678));
#463 = CARTESIAN_POINT('',(46.823929627389,52.674293827764));
#464 = CARTESIAN_POINT('',(46.422993794875,53.539831611935));
#465 = CARTESIAN_POINT('',(46.09889885452,54.439490949399));
#466 = CARTESIAN_POINT('',(45.854925227069,55.365265334761));
#467 = CARTESIAN_POINT('',(45.693348783298,56.308914844008));
#468 = CARTESIAN_POINT('',(45.615512662926,57.261997207824));
#469 = CARTESIAN_POINT('',(45.621749035771,58.215866331589));
#470 = CARTESIAN_POINT('',(45.745819972355,59.528399741445));
#471 = CARTESIAN_POINT('',(45.79299920576,59.893980816461));
#472 = CARTESIAN_POINT('',(45.852641001075,60.257880622299));
#473 = CARTESIAN_POINT('',(45.924674492423,60.619603362157));
#474 = CARTESIAN_POINT('',(46.009005452345,60.978658307262));
#475 = CARTESIAN_POINT('',(46.105516291794,61.334559796871));
#476 = CARTESIAN_POINT('',(46.21406606014,61.686827238266));
#477 = CARTESIAN_POINT('',(46.499280807849,62.511409058657));
#478 = CARTESIAN_POINT('',(46.686311427559,62.980150980752));
#479 = CARTESIAN_POINT('',(46.895160169634,63.439985515884));
#480 = CARTESIAN_POINT('',(47.125326807237,63.889729061973));
#481 = CARTESIAN_POINT('',(47.376237888321,64.32823740591));
#482 = CARTESIAN_POINT('',(47.647248433281,64.754405073954));
#483 = CARTESIAN_POINT('',(47.937640463303,65.167166398619));
#484 = CARTESIAN_POINT('',(48.347631134335,65.695723186818));
#485 = CARTESIAN_POINT('',(48.450631056262,65.824406730766));
#486 = CARTESIAN_POINT('',(48.555590650251,65.951513515502));
#487 = CARTESIAN_POINT('',(48.662481717855,66.077008748474));
#488 = CARTESIAN_POINT('',(48.771275337109,66.200858262974));
#489 = CARTESIAN_POINT('',(48.881941862531,66.323028518142));
#490 = CARTESIAN_POINT('',(48.994450925119,66.443486598965));
#491 = CARTESIAN_POINT('',(49.303788637167,66.764711544999));
#492 = CARTESIAN_POINT('',(49.504077678198,66.962146893941));
#493 = CARTESIAN_POINT('',(49.709483816091,67.154345622393));
#494 = CARTESIAN_POINT('',(49.919847009293,67.341153219311));
#495 = CARTESIAN_POINT('',(50.13500191405,67.522421303317));
#496 = CARTESIAN_POINT('',(50.35477788441,67.698007622702));
#497 = CARTESIAN_POINT('',(50.578998972227,67.867776055419));
#498 = CARTESIAN_POINT('',(51.028090112561,68.189768193949));
#499 = CARTESIAN_POINT('',(51.252671969685,68.342395597665));
#500 = CARTESIAN_POINT('',(51.481066367591,68.489361888716));
#501 = CARTESIAN_POINT('',(51.713106590175,68.630556197775));
#502 = CARTESIAN_POINT('',(51.948622336156,68.765873717713));
#503 = CARTESIAN_POINT('',(52.187439719081,68.8952157036));
#504 = CARTESIAN_POINT('',(52.429381267321,69.018489472705));
#505 = CARTESIAN_POINT('',(52.91915058083,69.252727336281));
#506 = CARTESIAN_POINT('',(53.166979182618,69.363691830829));
#507 = CARTESIAN_POINT('',(53.417570650829,69.468415313201));
#508 = CARTESIAN_POINT('',(53.670741438043,69.566817804577));
#509 = CARTESIAN_POINT('',(53.926305528028,69.658825922246));
#510 = CARTESIAN_POINT('',(54.184074435745,69.744372879612));
#511 = CARTESIAN_POINT('',(54.443857207344,69.823398486189));
#512 = CARTESIAN_POINT('',(54.97640657781,69.970887325148));
#513 = CARTESIAN_POINT('',(55.249306542518,70.038872810593));
#514 = CARTESIAN_POINT('',(55.523945350845,70.099746102471));
#515 = CARTESIAN_POINT('',(55.800106595776,70.153455674413));
#516 = CARTESIAN_POINT('',(56.077572426729,70.199957975149));
#517 = CARTESIAN_POINT('',(56.35612354955,70.23921742851));
#518 = CARTESIAN_POINT('',(56.635539226514,70.271206433425));
#519 = CARTESIAN_POINT('',(57.19565532614,70.320604294422));
#520 = CARTESIAN_POINT('',(57.476356849681,70.338013247594));
#521 = CARTESIAN_POINT('',(57.757479660175,70.348112659619));
#522 = CARTESIAN_POINT('',(58.038801596306,70.350891071335));
#523 = CARTESIAN_POINT('',(58.320100522222,70.346345128237));
#524 = CARTESIAN_POINT('',(58.601154327532,70.334479580476));
#525 = CARTESIAN_POINT('',(58.881740927306,70.315307282858));
#526 = CARTESIAN_POINT('',(59.412580767859,70.265128144027));
#527 = CARTESIAN_POINT('',(59.662970000197,70.235550670651));
#528 = CARTESIAN_POINT('',(59.912646047366,70.200131907104));
#529 = CARTESIAN_POINT('',(60.161449914023,70.158892140723));
#530 = CARTESIAN_POINT('',(60.409223521206,70.111856813805));
#531 = CARTESIAN_POINT('',(60.655809706333,70.0590565236));
#532 = CARTESIAN_POINT('',(60.901052223205,70.000527022318));
#533 = CARTESIAN_POINT('',(61.416663439612,69.864681684501));
#534 = CARTESIAN_POINT('',(61.686667177519,69.785977183453));
#535 = CARTESIAN_POINT('',(61.954591277452,69.700252569845));
#536 = CARTESIAN_POINT('',(62.220222830449,69.607572316433));
#537 = CARTESIAN_POINT('',(62.48335169686,69.508008512863));
#538 = CARTESIAN_POINT('',(62.743770506347,69.401640865673));
#539 = CARTESIAN_POINT('',(63.001274657879,69.288556698292));
#540 = CARTESIAN_POINT('',(63.492506049821,69.057400751434));
#541 = CARTESIAN_POINT('',(63.726649112559,68.940210433759));
#542 = CARTESIAN_POINT('',(63.95792871787,68.817356623667));
#543 = CARTESIAN_POINT('',(64.186185125797,68.688921217033));
#544 = CARTESIAN_POINT('',(64.41126164651,68.55499137995));
#545 = CARTESIAN_POINT('',(64.633004640302,68.415659548729));
#546 = CARTESIAN_POINT('',(64.851263517592,68.271023429905));
#547 = CARTESIAN_POINT('',(65.383856333107,67.89920508345));
#548 = CARTESIAN_POINT('',(65.693854028637,67.665806343745));
#549 = CARTESIAN_POINT('',(65.995402623222,67.421325964002));
#550 = CARTESIAN_POINT('',(66.288040467539,67.166122016026));
#551 = CARTESIAN_POINT('',(66.571325531002,66.900574401071));
#552 = CARTESIAN_POINT('',(66.844835467522,66.625084790378));
#553 = CARTESIAN_POINT('',(67.108167681278,66.340076565709));
#554 = CARTESIAN_POINT('',(68.074904586775,65.21534732453));
#555 = CARTESIAN_POINT('',(68.704941897579,64.311934835564));
#556 = CARTESIAN_POINT('',(69.241880647819,63.346168972702));
#557 = CARTESIAN_POINT('',(69.678765082882,62.32937774912));
#558 = CARTESIAN_POINT('',(70.010227377105,61.273506000415));
#559 = CARTESIAN_POINT('',(70.23255223822,60.191111165174));
#560 = CARTESIAN_POINT('',(70.343630664666,59.095317972342));
#561 = CARTESIAN_POINT('',(70.343630664666,58.));
#562 = ( GEOMETRIC_REPRESENTATION_CONTEXT(2) 
PARAMETRIC_REPRESENTATION_CONTEXT() REPRESENTATION_CONTEXT('2D SPACE',''
  ) );
#563 = ORIENTED_EDGE('',*,*,#564,.T.);
#564 = EDGE_CURVE('',#22,#565,#567,.T.);
#565 = VERTEX_POINT('',#566);
#566 = CARTESIAN_POINT('',(0.,0.,78.45));
#567 = SEAM_CURVE('',#568,(#620,#627),.PCURVE_S1.);
#568 = B_SPLINE_CURVE_WITH_KNOTS('',3,(#569,#570,#571,#572,#573,#574,
    #575,#576,#577,#578,#579,#580,#581,#582,#583,#584,#585,#586,#587,
    #588,#589,#590,#591,#592,#593,#594,#595,#596,#597,#598,#599,#600,
    #601,#602,#603,#604,#605,#606,#607,#608,#609,#610,#611,#612,#613,
    #614,#615,#616,#617,#618,#619),.UNSPECIFIED.,.F.,.F.,(4,1,1,1,1,1,1,
    1,1,1,1,1,1,1,1,1,1,1,1,1,1,1,1,1,1,1,1,1,1,1,1,1,1,1,1,1,1,1,1,1,1,
    1,1,1,1,1,1,1,4),(0.,1.532094178867,3.078404118006,4.6524496636,
    6.266454976765,7.930910440257,9.654317137733,11.443096314972,
    13.301625088046,15.232355562801,17.235980987321,19.311622797346,
    21.457022130627,23.668726813323,25.942269765801,28.272337710075,
    30.652930593066,33.077512782732,35.539157215515,38.030683511261,
    40.544790768924,43.074185393584,45.611703924899,48.150430458925,
    50.683807887371,53.205741823885,55.710695748761,58.193775588113,
    60.650801665043,63.078365743099,65.4738707643,67.835550916965,
    70.162469915828,72.454495904812,74.712252255592,76.937044752905,
    79.130767191815,81.295789145661,83.434831396677,85.550835994322,
    87.646838847532,89.725852950094,91.790769683678,93.844284191902,
    95.888848761956,97.926655767402,99.959649313741,101.98956253643,
    104.01797569394),.UNSPECIFIED.);
#569 = CARTESIAN_POINT('',(0.,0.,1.55));
#570 = CARTESIAN_POINT('',(0.513407894561,0.,1.55));
#571 = CARTESIAN_POINT('',(1.536406285002,0.,1.605524744442));
#572 = CARTESIAN_POINT('',(3.071491751373,0.,1.854522821056));
#573 = CARTESIAN_POINT('',(4.596885957861,0.,2.267965127483));
#574 = CARTESIAN_POINT('',(6.111232065947,0.,2.843642019387));
#575 = CARTESIAN_POINT('',(7.610202903754,0.,3.578643956253));
#576 = CARTESIAN_POINT('',(9.090322586356,0.,4.469450149865));
#577 = CARTESIAN_POINT('',(10.547793424057,0.,5.511977672759));
#578 = CARTESIAN_POINT('',(11.978718404923,0.,6.701598986289));
#579 = CARTESIAN_POINT('',(13.378959263845,0.,8.03314335684));
#580 = CARTESIAN_POINT('',(14.744127870097,0.,9.500895203285));
#581 = CARTESIAN_POINT('',(16.069566676482,0.,11.098596870632));
#582 = CARTESIAN_POINT('',(17.35035322399,0.,12.819458683746));
#583 = CARTESIAN_POINT('',(18.581313817169,0.,14.656176436878));
#584 = CARTESIAN_POINT('',(19.757047228982,0.,16.600955325729));
#585 = CARTESIAN_POINT('',(20.87195618554,0.,18.645539061483));
#586 = CARTESIAN_POINT('',(21.920286107223,0.,20.781243023334));
#587 = CARTESIAN_POINT('',(22.896170508382,0.,22.998990533036));
#588 = CARTESIAN_POINT('',(23.793682599627,0.,25.289351551043));
#589 = CARTESIAN_POINT('',(24.606892551962,0.,27.642583260435));
#590 = CARTESIAN_POINT('',(25.329929780891,0.,30.048672119347));
#591 = CARTESIAN_POINT('',(25.957049485345,0.,32.497377035171));
#592 = CARTESIAN_POINT('',(26.482702563057,0.,34.978273356134));
#593 = CARTESIAN_POINT('',(26.901607929089,0.,37.480797399008));
#594 = CARTESIAN_POINT('',(27.208826194826,0.,39.994291244439));
#595 = CARTESIAN_POINT('',(27.399833624037,0.,42.508047541562));
#596 = CARTESIAN_POINT('',(27.470595271521,0.,45.011354078502));
#597 = CARTESIAN_POINT('',(27.417636226614,0.,47.4935379022));
#598 = CARTESIAN_POINT('',(27.238109923618,0.,49.944008816849));
#599 = CARTESIAN_POINT('',(26.929862532812,0.,52.352302160553));
#600 = CARTESIAN_POINT('',(26.491492499526,0.,54.708120856113));
#601 = CARTESIAN_POINT('',(25.922404315988,0.,57.001376848037));
#602 = CARTESIAN_POINT('',(25.222855644014,0.,59.222232155795));
#603 = CARTESIAN_POINT('',(24.393996679192,0.,61.361139860845));
#604 = CARTESIAN_POINT('',(23.437901130294,0.,63.408885357932));
#605 = CARTESIAN_POINT('',(22.357585889277,0.,65.356628094919));
#606 = CARTESIAN_POINT('',(21.1570243233,0.,67.19594377413));
#607 = CARTESIAN_POINT('',(19.8411292056,0.,68.918866608802));
#608 = CARTESIAN_POINT('',(18.415787570365,0.,70.517930795089));
#609 = CARTESIAN_POINT('',(16.887642000846,0.,71.986209996084));
#610 = CARTESIAN_POINT('',(15.264738417533,0.,73.317353472047));
#611 = CARTESIAN_POINT('',(13.553922581897,0.,74.50561761559));
#612 = CARTESIAN_POINT('',(11.770166106271,0.,75.545892053581));
#613 = CARTESIAN_POINT('',(9.901772687467,0.,76.433720052272));
#614 = CARTESIAN_POINT('',(8.038835365918,0.,77.165313546586));
#615 = CARTESIAN_POINT('',(5.896403031905,0.,77.737563559155));
#616 = CARTESIAN_POINT('',(4.585312053744,0.,78.148046997843));
#617 = CARTESIAN_POINT('',(2.460543089137E-02,0.,78.395030823982));
#618 = CARTESIAN_POINT('',(4.993164191064,0.,78.45));
#619 = CARTESIAN_POINT('',(0.,0.,78.45));
#620 = PCURVE('',#183,#621);
#621 = DEFINITIONAL_REPRESENTATION('',(#622),#626);
#622 = LINE('',#623,#624);
#623 = CARTESIAN_POINT('',(0.,0.));
#624 = VECTOR('',#625,1.);
#625 = DIRECTION('',(0.,1.));
#626 = ( GEOMETRIC_REPRESENTATION_CONTEXT(2) 
PARAMETRIC_REPRESENTATION_CONTEXT() REPRESENTATION_CONTEXT('2D SPACE',''
  ) );
#627 = PCURVE('',#183,#628);
#628 = DEFINITIONAL_REPRESENTATION('',(#629),#633);
#629 = LINE('',#630,#631);
#630 = CARTESIAN_POINT('',(6.28318530718,0.));
#631 = VECTOR('',#632,1.);
#632 = DIRECTION('',(0.,1.));
#633 = ( GEOMETRIC_REPRESENTATION_CONTEXT(2) 
PARAMETRIC_REPRESENTATION_CONTEXT() REPRESENTATION_CONTEXT('2D SPACE',''
  ) );
#634 = ORIENTED_EDGE('',*,*,#564,.F.);
#635 = ADVANCED_FACE('',(#636,#639),#399,.F.);
#636 = FACE_BOUND('',#637,.F.);
#637 = EDGE_LOOP('',(#638));
#638 = ORIENTED_EDGE('',*,*,#21,.F.);
#639 = FACE_BOUND('',#640,.F.);
#640 = EDGE_LOOP('',(#641));
#641 = ORIENTED_EDGE('',*,*,#642,.T.);
#642 = EDGE_CURVE('',#643,#643,#645,.T.);
#643 = VERTEX_POINT('',#644);
#644 = CARTESIAN_POINT('',(11.49178794015,0.,75.2));
#645 = SURFACE_CURVE('',#646,(#880,#1117),.PCURVE_S1.);
#646 = B_SPLINE_CURVE_WITH_KNOTS('',8,(#647,#648,#649,#650,#651,#652,
    #653,#654,#655,#656,#657,#658,#659,#660,#661,#662,#663,#664,#665,
    #666,#667,#668,#669,#670,#671,#672,#673,#674,#675,#676,#677,#678,
    #679,#680,#681,#682,#683,#684,#685,#686,#687,#688,#689,#690,#691,
    #692,#693,#694,#695,#696,#697,#698,#699,#700,#701,#702,#703,#704,
    #705,#706,#707,#708,#709,#710,#711,#712,#713,#714,#715,#716,#717,
    #718,#719,#720,#721,#722,#723,#724,#725,#726,#727,#728,#729,#730,
    #731,#732,#733,#734,#735,#736,#737,#738,#739,#740,#741,#742,#743,
    #744,#745,#746,#747,#748,#749,#750,#751,#752,#753,#754,#755,#756,
    #757,#758,#759,#760,#761,#762,#763,#764,#765,#766,#767,#768,#769,
    #770,#771,#772,#773,#774,#775,#776,#777,#778,#779,#780,#781,#782,
    #783,#784,#785,#786,#787,#788,#789,#790,#791,#792,#793,#794,#795,
    #796,#797,#798,#799,#800,#801,#802,#803,#804,#805,#806,#807,#808,
    #809,#810,#811,#812,#813,#814,#815,#816,#817,#818,#819,#820,#821,
    #822,#823,#824,#825,#826,#827,#828,#829,#830,#831,#832,#833,#834,
    #835,#836,#837,#838,#839,#840,#841,#842,#843,#844,#845,#846,#847,
    #848,#849,#850,#851,#852,#853,#854,#855,#856,#857,#858,#859,#860,
    #861,#862,#863,#864,#865,#866,#867,#868,#869,#870,#871,#872,#873,
    #874,#875,#876,#877,#878,#879),.UNSPECIFIED.,.T.,.F.,(9,7,7,7,7,7,7,
    7,7,7,7,7,7,7,7,7,7,7,7,7,7,7,7,7,7,7,7,7,7,7,7,7,7,9),(0.,
    2.900041189084E-02,4.900070773667E-02,7.80011196275E-02,
    0.106001520109,0.131001883712,0.160002295603,0.189002707493,
    0.206002960361,0.235003372251,0.272003851215,0.308004324791,
    0.337004736682,0.358005046541,0.386005447022,0.411005810625,
    0.441006233399,0.465006583978,0.488006921236,0.533007405912,
    0.552007687572,0.586008147427,0.617008580501,0.647009003275,
    0.676009415166,0.703009803764,0.725010127437,0.754010539328,
    0.782010939809,0.8110113517,0.840011763591,0.865012127194,
    0.893012527675,1.),.UNSPECIFIED.);
#647 = CARTESIAN_POINT('',(11.49178794015,0.,75.2));
#648 = CARTESIAN_POINT('',(11.49178794015,-0.261743045884,75.2));
#649 = CARTESIAN_POINT('',(11.484974661333,-0.523486606038,75.2));
#650 = CARTESIAN_POINT('',(11.471348132759,-0.78502302669,75.2));
#651 = CARTESIAN_POINT('',(11.450915897576,-1.046145340554,75.2));
#652 = CARTESIAN_POINT('',(11.423693013011,-1.30664726682,75.2));
#653 = CARTESIAN_POINT('',(11.389702050376,-1.566323211158,75.2));
#654 = CARTESIAN_POINT('',(11.348973095068,-1.82496826572,75.2));
#655 = CARTESIAN_POINT('',(11.268833831773,-2.259902412632,75.2));
#656 = CARTESIAN_POINT('',(11.232936993435,-2.436839487632,75.2));
#657 = CARTESIAN_POINT('',(11.193865554086,-2.613122574163,75.2));
#658 = CARTESIAN_POINT('',(11.151633491593,-2.788685226197,75.2));
#659 = CARTESIAN_POINT('',(11.106256439151,-2.963461411655,75.2));
#660 = CARTESIAN_POINT('',(11.057751685289,-3.137385512407,75.2));
#661 = CARTESIAN_POINT('',(11.006138173863,-3.310392324269,75.2));
#662 = CARTESIAN_POINT('',(10.872119129576,-3.73185277252,75.2));
#663 = CARTESIAN_POINT('',(10.786308685289,-3.979224314337,75.2));
#664 = CARTESIAN_POINT('',(10.694068125311,-4.224333801513,75.2));
#665 = CARTESIAN_POINT('',(10.595467356491,-4.466986284336,75.2));
#666 = CARTESIAN_POINT('',(10.490583238418,-4.706989744329,75.2));
#667 = CARTESIAN_POINT('',(10.37949958342,-4.944155094245,75.2));
#668 = CARTESIAN_POINT('',(10.262307156561,-5.178296178074,75.2));
#669 = CARTESIAN_POINT('',(10.020148578757,-5.632200158904,75.2));
#670 = CARTESIAN_POINT('',(9.895589408432,-5.852181252723,75.2));
#671 = CARTESIAN_POINT('',(9.765514140813,-6.069008199326,75.2));
#672 = CARTESIAN_POINT('',(9.630016243668,-6.282519728216,75.2));
#673 = CARTESIAN_POINT('',(9.489194676384,-6.492558151576,75.2));
#674 = CARTESIAN_POINT('',(9.34315388997,-6.698969364262,75.2));
#675 = CARTESIAN_POINT('',(9.19200382706,-6.901602843807,75.2));
#676 = CARTESIAN_POINT('',(8.896445687249,-7.277730270545,75.2));
#677 = CARTESIAN_POINT('',(8.753050030813,-7.452020630349,75.2));
#678 = CARTESIAN_POINT('',(8.605755083344,-7.623078229512,75.2));
#679 = CARTESIAN_POINT('',(8.454646039599,-7.790801391146,75.2));
#680 = CARTESIAN_POINT('',(8.299811158349,-7.955091261796,75.2));
#681 = CARTESIAN_POINT('',(8.141341762377,-8.11585181144,75.2));
#682 = CARTESIAN_POINT('',(7.97933223848,-8.272989833484,75.2));
#683 = CARTESIAN_POINT('',(7.621955549736,-8.604388013177,75.2));
#684 = CARTESIAN_POINT('',(7.425397972962,-8.777365558144,75.2));
#685 = CARTESIAN_POINT('',(7.224359590143,-8.945206406099,75.2));
#686 = CARTESIAN_POINT('',(7.018997290136,-9.107775359987,75.2));
#687 = CARTESIAN_POINT('',(6.809472567662,-9.264943199268,75.2));
#688 = CARTESIAN_POINT('',(6.595951523301,-9.416586679918,75.2));
#689 = CARTESIAN_POINT('',(6.378604863496,-9.562588534432,75.2));
#690 = CARTESIAN_POINT('',(5.936610937603,-9.8430864092,75.2));
#691 = CARTESIAN_POINT('',(5.711962803094,-9.977582980573,75.2));
#692 = CARTESIAN_POINT('',(5.483838840469,-10.10621594402,75.2));
#693 = CARTESIAN_POINT('',(5.252417839809,-10.2288807698,75.2));
#694 = CARTESIAN_POINT('',(5.017882037829,-10.34547964039,75.2));
#695 = CARTESIAN_POINT('',(4.780417117877,-10.45592145041,75.2));
#696 = CARTESIAN_POINT('',(4.540212209931,-10.56012180669,75.2));
#697 = CARTESIAN_POINT('',(4.155156711323,-10.71538171387,75.2));
#698 = CARTESIAN_POINT('',(4.011977947957,-10.77058898453,75.2));
#699 = CARTESIAN_POINT('',(3.867962305234,-10.82360923517,75.2));
#700 = CARTESIAN_POINT('',(3.723148776368,-10.87442770336,75.2));
#701 = CARTESIAN_POINT('',(3.57757664306,-10.9230304693,75.2));
#702 = CARTESIAN_POINT('',(3.4312854755,-10.96940445576,75.2));
#703 = CARTESIAN_POINT('',(3.284315132364,-11.01353742814,75.2));
#704 = CARTESIAN_POINT('',(2.884901707833,-11.1268612654,75.2));
#705 = CARTESIAN_POINT('',(2.631237462466,-11.191750114,75.2));
#706 = CARTESIAN_POINT('',(2.375912801322,-11.25002788867,75.2));
#707 = CARTESIAN_POINT('',(2.119128891576,-11.301645354,75.2));
#708 = CARTESIAN_POINT('',(1.861088290975,-11.34656069073,75.2));
#709 = CARTESIAN_POINT('',(1.601994947835,-11.38473949571,75.2));
#710 = CARTESIAN_POINT('',(1.342054201045,-11.41615478192,75.2));
#711 = CARTESIAN_POINT('',(0.749007247445,-11.47221422423,75.2));
#712 = CARTESIAN_POINT('',(0.415496241606,-11.4926000004,75.2));
#713 = CARTESIAN_POINT('',(8.137009681212E-02,-11.50190375434,75.2));
#714 = CARTESIAN_POINT('',(-0.252941292508,-11.50010493082,75.2));
#715 = CARTESIAN_POINT('',(-0.587008471763,-11.48720297204,75.2));
#716 = CARTESIAN_POINT('',(-0.920402426195,-11.46321731757,75.2));
#717 = CARTESIAN_POINT('',(-1.252694580887,-11.42818740442,75.2));
#718 = CARTESIAN_POINT('',(-1.905279568725,-11.33740156174,75.2));
#719 = CARTESIAN_POINT('',(-2.225657117196,-11.2822309523,75.2));
#720 = CARTESIAN_POINT('',(-2.544195247763,-11.21671578587,75.2));
#721 = CARTESIAN_POINT('',(-2.860504219756,-11.14092837139,75.2));
#722 = CARTESIAN_POINT('',(-3.174198750247,-11.05495837955,75.2));
#723 = CARTESIAN_POINT('',(-3.484898014048,-10.9589128428,75.2));
#724 = CARTESIAN_POINT('',(-3.792225643709,-10.85291615532,75.2));
#725 = CARTESIAN_POINT('',(-4.340363832779,-10.64382174233,75.2));
#726 = CARTESIAN_POINT('',(-4.582490083028,-10.54416738472,75.2));
#727 = CARTESIAN_POINT('',(-4.821994473701,-10.43822103765,75.2));
#728 = CARTESIAN_POINT('',(-5.058686317737,-10.3260635145,75.2));
#729 = CARTESIAN_POINT('',(-5.292378247581,-10.20778240461,75.2));
#730 = CARTESIAN_POINT('',(-5.522886215184,-10.08347207326,75.2));
#731 = CARTESIAN_POINT('',(-5.750029492005,-9.953233661707,75.2));
#732 = CARTESIAN_POINT('',(-6.135548852089,-9.718649858072,75.2));
#733 = CARTESIAN_POINT('',(-6.295609964419,-9.617072487649,75.2));
#734 = CARTESIAN_POINT('',(-6.453746762789,-9.512483897451,75.2));
#735 = CARTESIAN_POINT('',(-6.609893196604,-9.404926705966,75.2));
#736 = CARTESIAN_POINT('',(-6.763984407879,-9.2944452286,75.2));
#737 = CARTESIAN_POINT('',(-6.915956731242,-9.181085477675,75.2));
#738 = CARTESIAN_POINT('',(-7.065747693937,-9.064895162427,75.2));
#739 = CARTESIAN_POINT('',(-7.410027022675,-8.787295129536,75.2));
#740 = CARTESIAN_POINT('',(-7.602771585455,-8.62372189802,75.2));
#741 = CARTESIAN_POINT('',(-7.791384256076,-8.455321302711,75.2));
#742 = CARTESIAN_POINT('',(-7.975724134698,-8.282215374882,75.2));
#743 = CARTESIAN_POINT('',(-8.155654869728,-8.104530868828,75.2));
#744 = CARTESIAN_POINT('',(-8.331044657816,-7.92239926187,75.2));
#745 = CARTESIAN_POINT('',(-8.501766243855,-7.73595675435,75.2));
#746 = CARTESIAN_POINT('',(-8.815849347015,-7.375154510091,75.2));
#747 = CARTESIAN_POINT('',(-8.960182878767,-7.201640028225,75.2));
#748 = CARTESIAN_POINT('',(-9.100610256676,-7.024901081428,75.2));
#749 = CARTESIAN_POINT('',(-9.237047568738,-6.845040407774,75.2));
#750 = CARTESIAN_POINT('',(-9.36941425051,-6.662163226018,75.2));
#751 = CARTESIAN_POINT('',(-9.497633085106,-6.476377235598,75.2));
#752 = CARTESIAN_POINT('',(-9.621630203202,-6.287792616636,75.2));
#753 = CARTESIAN_POINT('',(-9.884980873954,-5.866997429552,75.2));
#754 = CARTESIAN_POINT('',(-10.02244634483,-5.633604215804,75.2));
#755 = CARTESIAN_POINT('',(-10.15360953896,-5.396537324491,75.2));
#756 = CARTESIAN_POINT('',(-10.27835622387,-5.155995566168,75.2));
#757 = CARTESIAN_POINT('',(-10.3965798913,-4.912181626139,75.2));
#758 = CARTESIAN_POINT('',(-10.50818175721,-4.665302064458,75.2));
#759 = CARTESIAN_POINT('',(-10.61307076181,-4.41556731593,75.2));
#760 = CARTESIAN_POINT('',(-10.78963785607,-3.961291085479,75.2));
#761 = CARTESIAN_POINT('',(-10.86376279598,-3.757699772119,75.2));
#762 = CARTESIAN_POINT('',(-10.93349580592,-3.55252733521,75.2));
#763 = CARTESIAN_POINT('',(-10.99879768808,-3.345884389817,75.2));
#764 = CARTESIAN_POINT('',(-11.05963263016,-3.137882580891,75.2));
#765 = CARTESIAN_POINT('',(-11.11596820535,-2.928634583268,75.2));
#766 = CARTESIAN_POINT('',(-11.16777537238,-2.718254101671,75.2));
#767 = CARTESIAN_POINT('',(-11.26031270173,-2.304265888045,75.2));
#768 = CARTESIAN_POINT('',(-11.30141453882,-2.100740865308,75.2));
#769 = CARTESIAN_POINT('',(-11.33831142571,-1.896381767697,75.2));
#770 = CARTESIAN_POINT('',(-11.3709837536,-1.691289999508,75.2));
#771 = CARTESIAN_POINT('',(-11.39941486582,-1.485567404138,75.2));
#772 = CARTESIAN_POINT('',(-11.42359105789,-1.279316264077,75.2));
#773 = CARTESIAN_POINT('',(-11.44350157747,-1.072639300915,75.2));
#774 = CARTESIAN_POINT('',(-11.48973272762,-0.46064198445,75.2));
#775 = CARTESIAN_POINT('',(-11.50396829266,-5.440416671772E-02,75.2));
#776 = CARTESIAN_POINT('',(-11.50178697777,0.352296588407,75.2));
#777 = CARTESIAN_POINT('',(-11.48317415074,0.75868561136,75.2));
#778 = CARTESIAN_POINT('',(-11.44815887686,1.163990935656,75.2));
#779 = CARTESIAN_POINT('',(-11.39681390677,1.567443481069,75.2));
#780 = CARTESIAN_POINT('',(-11.32925566439,1.968277236825,75.2));
#781 = CARTESIAN_POINT('',(-11.21034148807,2.533543279506,75.2));
#782 = CARTESIAN_POINT('',(-11.17217676958,2.700755108902,75.2));
#783 = CARTESIAN_POINT('',(-11.13116207918,2.867307901921,75.2));
#784 = CARTESIAN_POINT('',(-11.08731075728,3.033144994223,75.2));
#785 = CARTESIAN_POINT('',(-11.04063748473,3.198210088191,75.2));
#786 = CARTESIAN_POINT('',(-10.99115828292,3.362447252921,75.2));
#787 = CARTESIAN_POINT('',(-10.93889051371,3.525800924229,75.2));
#788 = CARTESIAN_POINT('',(-10.78536460929,3.978852860478,75.2));
#789 = CARTESIAN_POINT('',(-10.6780061736,4.266485182592,75.2));
#790 = CARTESIAN_POINT('',(-10.5618851896,4.550795529902,75.2));
#791 = CARTESIAN_POINT('',(-10.43712221504,4.831472551661,75.2));
#792 = CARTESIAN_POINT('',(-10.30385074826,5.108210887465,75.2));
#793 = CARTESIAN_POINT('',(-10.16221722811,5.380711167252,75.2));
#794 = CARTESIAN_POINT('',(-10.01238103403,5.648680011305,75.2));
#795 = CARTESIAN_POINT('',(-9.710577275216,6.151761036639,75.2));
#796 = CARTESIAN_POINT('',(-9.559963462768,6.387687514484,75.2));
#797 = CARTESIAN_POINT('',(-9.402803638885,6.619391865343,75.2));
#798 = CARTESIAN_POINT('',(-9.239236310263,6.846662357215,75.2));
#799 = CARTESIAN_POINT('',(-9.069407900066,7.069293124537,75.2));
#800 = CARTESIAN_POINT('',(-8.893472747923,7.287084168178,75.2));
#801 = CARTESIAN_POINT('',(-8.711593109934,7.499841355444,75.2));
#802 = CARTESIAN_POINT('',(-8.342338538451,7.908216829772,75.2));
#803 = CARTESIAN_POINT('',(-8.155329274808,8.104167546074,75.2));
#804 = CARTESIAN_POINT('',(-7.963065613055,8.295058035154,75.2));
#805 = CARTESIAN_POINT('',(-7.765707634472,8.480724136482,75.2));
#806 = CARTESIAN_POINT('',(-7.563421256293,8.661008062821,75.2));
#807 = CARTESIAN_POINT('',(-7.356378231717,8.835758400234,75.2));
#808 = CARTESIAN_POINT('',(-7.144756149895,9.004830108078,75.2));
#809 = CARTESIAN_POINT('',(-6.719921289349,9.325897133703,75.2));
#810 = CARTESIAN_POINT('',(-6.506995805399,9.47827446251,75.2));
#811 = CARTESIAN_POINT('',(-6.290127666638,9.625091328024,75.2));
#812 = CARTESIAN_POINT('',(-6.069486538403,9.76622896143,75.2));
#813 = CARTESIAN_POINT('',(-5.845246068825,9.901575002508,75.2));
#814 = CARTESIAN_POINT('',(-5.617583888827,10.031023499631,75.2));
#815 = CARTESIAN_POINT('',(-5.386681612126,10.154474909765,75.2));
#816 = CARTESIAN_POINT('',(-4.934902967215,10.381103432781,75.2));
#817 = CARTESIAN_POINT('',(-4.714432662721,10.485091973394,75.2));
#818 = CARTESIAN_POINT('',(-4.49146365392,10.583726630406,75.2));
#819 = CARTESIAN_POINT('',(-4.266147776422,10.676937578223,75.2));
#820 = CARTESIAN_POINT('',(-4.038638969278,10.764660255553,75.2));
#821 = CARTESIAN_POINT('',(-3.809093274983,10.846835365412,75.2));
#822 = CARTESIAN_POINT('',(-3.577668839467,10.923408875119,75.2));
#823 = CARTESIAN_POINT('',(-3.154557540154,11.052121260934,75.2));
#824 = CARTESIAN_POINT('',(-2.963447870476,11.106159205118,75.2));
#825 = CARTESIAN_POINT('',(-2.771283508016,11.156419509024,75.2));
#826 = CARTESIAN_POINT('',(-2.578151618029,11.202878267546,75.2));
#827 = CARTESIAN_POINT('',(-2.38413992608,11.245514010306,75.2));
#828 = CARTESIAN_POINT('',(-2.189336718046,11.284307701648,75.2));
#829 = CARTESIAN_POINT('',(-1.993830840112,11.319242740641,75.2));
#830 = CARTESIAN_POINT('',(-1.539191144123,11.391250594439,75.2));
#831 = CARTESIAN_POINT('',(-1.279604249907,11.4254669122,75.2));
#832 = CARTESIAN_POINT('',(-1.019156117879,11.452921458859,75.2));
#833 = CARTESIAN_POINT('',(-0.758052347226,11.473589307875,75.2));
#834 = CARTESIAN_POINT('',(-0.496499034567,11.48745306167,75.2));
#835 = CARTESIAN_POINT('',(-0.234702773955,11.494502851627,75.2));
#836 = CARTESIAN_POINT('',(2.712934312358E-02,11.49473633809,75.2));
#837 = CARTESIAN_POINT('',(0.541427365696,11.481807896756,75.2));
#838 = CARTESIAN_POINT('',(0.793905821265,11.469107580887,75.2));
#839 = CARTESIAN_POINT('',(1.046038294839,11.450062482085,75.2));
#840 = CARTESIAN_POINT('',(1.297638726791,11.424683834727,75.2));
#841 = CARTESIAN_POINT('',(1.548521797488,11.392989388243,75.2));
#842 = CARTESIAN_POINT('',(1.798502927288,11.355003407112,75.2));
#843 = CARTESIAN_POINT('',(2.047398276545,11.310756670866,75.2));
#844 = CARTESIAN_POINT('',(2.551494991538,11.208013775492,75.2));
#845 = CARTESIAN_POINT('',(2.806605061603,11.149064948521,75.2));
#846 = CARTESIAN_POINT('',(3.060151491007,11.08348149218,75.2));
#847 = CARTESIAN_POINT('',(3.311932988246,11.01131213109,75.2));
#848 = CARTESIAN_POINT('',(3.561750435107,10.93261281549,75.2));
#849 = CARTESIAN_POINT('',(3.809406886664,10.847446721233,75.2));
#850 = CARTESIAN_POINT('',(4.05470757128,10.755884249789,75.2));
#851 = CARTESIAN_POINT('',(4.540212209929,10.560121806696,75.2));
#852 = CARTESIAN_POINT('',(4.780417117875,10.455921450417,75.2));
#853 = CARTESIAN_POINT('',(5.017882037827,10.345479640396,75.2));
#854 = CARTESIAN_POINT('',(5.252417839807,10.22888076981,75.2));
#855 = CARTESIAN_POINT('',(5.483838840467,10.106215944021,75.2));
#856 = CARTESIAN_POINT('',(5.711962803092,9.977582980574,75.2));
#857 = CARTESIAN_POINT('',(5.936610937602,9.843086409201,75.2));
#858 = CARTESIAN_POINT('',(6.34812258874,9.581933174225,75.2));
#859 = CARTESIAN_POINT('',(6.53592439346,9.456753599415,75.2));
#860 = CARTESIAN_POINT('',(6.720901099226,9.327369975624,75.2));
#861 = CARTESIAN_POINT('',(6.902942992225,9.193856862997,75.2));
#862 = CARTESIAN_POINT('',(7.081942860309,9.056292153584,75.2));
#863 = CARTESIAN_POINT('',(7.257795992999,8.914757071344,75.2));
#864 = CARTESIAN_POINT('',(7.430400181479,8.769336172143,75.2));
#865 = CARTESIAN_POINT('',(7.789221874456,8.452992296271,75.2));
#866 = CARTESIAN_POINT('',(7.974588033457,8.281102635014,75.2));
#867 = CARTESIAN_POINT('',(8.155614046005,8.104571949863,75.2));
#868 = CARTESIAN_POINT('',(8.332164514007,7.92352834918,75.2));
#869 = CARTESIAN_POINT('',(8.504108790878,7.738104459803,75.2));
#870 = CARTESIAN_POINT('',(8.67132098154,7.548437427051,75.2));
#871 = CARTESIAN_POINT('',(8.833679942423,7.354668914721,75.2));
#872 = CARTESIAN_POINT('',(9.59244237849,6.401456960363,75.2));
#873 = CARTESIAN_POINT('',(10.12147568924,5.587954952285,75.2));
#874 = CARTESIAN_POINT('',(10.57128960996,4.724900349947,75.2));
#875 = CARTESIAN_POINT('',(10.936637936642,3.821386660023,75.2));
#876 = CARTESIAN_POINT('',(11.213490048732,2.886951378461,75.2));
#877 = CARTESIAN_POINT('',(11.399059630941,1.931566775153,75.2));
#878 = CARTESIAN_POINT('',(11.49178794015,0.965614798279,75.2));
#879 = CARTESIAN_POINT('',(11.49178794015,0.,75.2));
#880 = PCURVE('',#399,#881);
#881 = DEFINITIONAL_REPRESENTATION('',(#882),#1116);
#882 = B_SPLINE_CURVE_WITH_KNOTS('',8,(#883,#884,#885,#886,#887,#888,
    #889,#890,#891,#892,#893,#894,#895,#896,#897,#898,#899,#900,#901,
    #902,#903,#904,#905,#906,#907,#908,#909,#910,#911,#912,#913,#914,
    #915,#916,#917,#918,#919,#920,#921,#922,#923,#924,#925,#926,#927,
    #928,#929,#930,#931,#932,#933,#934,#935,#936,#937,#938,#939,#940,
    #941,#942,#943,#944,#945,#946,#947,#948,#949,#950,#951,#952,#953,
    #954,#955,#956,#957,#958,#959,#960,#961,#962,#963,#964,#965,#966,
    #967,#968,#969,#970,#971,#972,#973,#974,#975,#976,#977,#978,#979,
    #980,#981,#982,#983,#984,#985,#986,#987,#988,#989,#990,#991,#992,
    #993,#994,#995,#996,#997,#998,#999,#1000,#1001,#1002,#1003,#1004,
    #1005,#1006,#1007,#1008,#1009,#1010,#1011,#1012,#1013,#1014,#1015,
    #1016,#1017,#1018,#1019,#1020,#1021,#1022,#1023,#1024,#1025,#1026,
    #1027,#1028,#1029,#1030,#1031,#1032,#1033,#1034,#1035,#1036,#1037,
    #1038,#1039,#1040,#1041,#1042,#1043,#1044,#1045,#1046,#1047,#1048,
    #1049,#1050,#1051,#1052,#1053,#1054,#1055,#1056,#1057,#1058,#1059,
    #1060,#1061,#1062,#1063,#1064,#1065,#1066,#1067,#1068,#1069,#1070,
    #1071,#1072,#1073,#1074,#1075,#1076,#1077,#1078,#1079,#1080,#1081,
    #1082,#1083,#1084,#1085,#1086,#1087,#1088,#1089,#1090,#1091,#1092,
    #1093,#1094,#1095,#1096,#1097,#1098,#1099,#1100,#1101,#1102,#1103,
    #1104,#1105,#1106,#1107,#1108,#1109,#1110,#1111,#1112,#1113,#1114,
    #1115),.UNSPECIFIED.,.T.,.F.,(9,7,7,7,7,7,7,7,7,7,7,7,7,7,7,7,7,7,7,
    7,7,7,7,7,7,7,7,7,7,7,7,7,7,9),(0.,2.900041189084E-02,
    4.900070773667E-02,7.80011196275E-02,0.106001520109,0.131001883712,
    0.160002295603,0.189002707493,0.206002960361,0.235003372251,
    0.272003851215,0.308004324791,0.337004736682,0.358005046541,
    0.386005447022,0.411005810625,0.441006233399,0.465006583978,
    0.488006921236,0.533007405912,0.552007687572,0.586008147427,
    0.617008580501,0.647009003275,0.676009415166,0.703009803764,
    0.725010127437,0.754010539328,0.782010939809,0.8110113517,
    0.840011763591,0.865012127194,0.893012527675,1.),.UNSPECIFIED.);
#883 = CARTESIAN_POINT('',(69.49178794015,58.));
#884 = CARTESIAN_POINT('',(69.49178794015,57.738256954116));
#885 = CARTESIAN_POINT('',(69.484974661333,57.476513393962));
#886 = CARTESIAN_POINT('',(69.471348132759,57.21497697331));
#887 = CARTESIAN_POINT('',(69.450915897576,56.953854659446));
#888 = CARTESIAN_POINT('',(69.423693013011,56.69335273318));
#889 = CARTESIAN_POINT('',(69.389702050376,56.433676788842));
#890 = CARTESIAN_POINT('',(69.348973095068,56.17503173428));
#891 = CARTESIAN_POINT('',(69.268833831773,55.740097587368));
#892 = CARTESIAN_POINT('',(69.232936993435,55.563160512368));
#893 = CARTESIAN_POINT('',(69.193865554086,55.386877425837));
#894 = CARTESIAN_POINT('',(69.151633491593,55.211314773803));
#895 = CARTESIAN_POINT('',(69.106256439151,55.036538588345));
#896 = CARTESIAN_POINT('',(69.057751685289,54.862614487593));
#897 = CARTESIAN_POINT('',(69.006138173863,54.689607675731));
#898 = CARTESIAN_POINT('',(68.872119129576,54.26814722748));
#899 = CARTESIAN_POINT('',(68.786308685289,54.020775685663));
#900 = CARTESIAN_POINT('',(68.694068125311,53.775666198487));
#901 = CARTESIAN_POINT('',(68.595467356491,53.533013715664));
#902 = CARTESIAN_POINT('',(68.490583238418,53.293010255671));
#903 = CARTESIAN_POINT('',(68.37949958342,53.055844905755));
#904 = CARTESIAN_POINT('',(68.262307156561,52.821703821926));
#905 = CARTESIAN_POINT('',(68.020148578757,52.367799841096));
#906 = CARTESIAN_POINT('',(67.895589408432,52.147818747277));
#907 = CARTESIAN_POINT('',(67.765514140813,51.930991800674));
#908 = CARTESIAN_POINT('',(67.630016243668,51.717480271784));
#909 = CARTESIAN_POINT('',(67.489194676384,51.507441848424));
#910 = CARTESIAN_POINT('',(67.34315388997,51.301030635738));
#911 = CARTESIAN_POINT('',(67.19200382706,51.098397156193));
#912 = CARTESIAN_POINT('',(66.896445687249,50.722269729455));
#913 = CARTESIAN_POINT('',(66.753050030813,50.547979369651));
#914 = CARTESIAN_POINT('',(66.605755083344,50.376921770488));
#915 = CARTESIAN_POINT('',(66.454646039599,50.209198608854));
#916 = CARTESIAN_POINT('',(66.299811158349,50.044908738204));
#917 = CARTESIAN_POINT('',(66.141341762377,49.88414818856));
#918 = CARTESIAN_POINT('',(65.97933223848,49.727010166516));
#919 = CARTESIAN_POINT('',(65.621955549736,49.395611986823));
#920 = CARTESIAN_POINT('',(65.425397972962,49.222634441856));
#921 = CARTESIAN_POINT('',(65.224359590143,49.054793593901));
#922 = CARTESIAN_POINT('',(65.018997290136,48.892224640013));
#923 = CARTESIAN_POINT('',(64.809472567662,48.735056800732));
#924 = CARTESIAN_POINT('',(64.595951523301,48.583413320082));
#925 = CARTESIAN_POINT('',(64.378604863496,48.437411465568));
#926 = CARTESIAN_POINT('',(63.936610937603,48.1569135908));
#927 = CARTESIAN_POINT('',(63.711962803094,48.022417019427));
#928 = CARTESIAN_POINT('',(63.483838840469,47.89378405598));
#929 = CARTESIAN_POINT('',(63.252417839809,47.771119230191));
#930 = CARTESIAN_POINT('',(63.017882037829,47.654520359605));
#931 = CARTESIAN_POINT('',(62.780417117877,47.544078549584));
#932 = CARTESIAN_POINT('',(62.540212209931,47.439878193304));
#933 = CARTESIAN_POINT('',(62.155156711323,47.284618286121));
#934 = CARTESIAN_POINT('',(62.011977947957,47.229411015468));
#935 = CARTESIAN_POINT('',(61.867962305234,47.17639076483));
#936 = CARTESIAN_POINT('',(61.723148776368,47.125572296632));
#937 = CARTESIAN_POINT('',(61.57757664306,47.076969530693));
#938 = CARTESIAN_POINT('',(61.4312854755,47.030595544231));
#939 = CARTESIAN_POINT('',(61.284315132364,46.986462571857));
#940 = CARTESIAN_POINT('',(60.884901707833,46.873138734594));
#941 = CARTESIAN_POINT('',(60.631237462466,46.808249885998));
#942 = CARTESIAN_POINT('',(60.375912801322,46.749972111327));
#943 = CARTESIAN_POINT('',(60.119128891576,46.698354645991));
#944 = CARTESIAN_POINT('',(59.861088290975,46.653439309262));
#945 = CARTESIAN_POINT('',(59.601994947835,46.615260504286));
#946 = CARTESIAN_POINT('',(59.342054201045,46.583845218073));
#947 = CARTESIAN_POINT('',(58.749007247445,46.527785775762));
#948 = CARTESIAN_POINT('',(58.415496241606,46.5073999996));
#949 = CARTESIAN_POINT('',(58.081370096812,46.49809624566));
#950 = CARTESIAN_POINT('',(57.747058707492,46.499895069173));
#951 = CARTESIAN_POINT('',(57.412991528237,46.51279702796));
#952 = CARTESIAN_POINT('',(57.079597573805,46.53678268243));
#953 = CARTESIAN_POINT('',(56.747305419113,46.57181259558));
#954 = CARTESIAN_POINT('',(56.094720431275,46.662598438256));
#955 = CARTESIAN_POINT('',(55.774342882804,46.717769047696));
#956 = CARTESIAN_POINT('',(55.455804752237,46.783284214125));
#957 = CARTESIAN_POINT('',(55.139495780244,46.859071628604));
#958 = CARTESIAN_POINT('',(54.825801249753,46.945041620442));
#959 = CARTESIAN_POINT('',(54.515101985952,47.041087157198));
#960 = CARTESIAN_POINT('',(54.207774356291,47.147083844679));
#961 = CARTESIAN_POINT('',(53.659636167221,47.356178257667));
#962 = CARTESIAN_POINT('',(53.417509916972,47.455832615274));
#963 = CARTESIAN_POINT('',(53.178005526299,47.561778962343));
#964 = CARTESIAN_POINT('',(52.941313682263,47.673936485492));
#965 = CARTESIAN_POINT('',(52.707621752419,47.792217595387));
#966 = CARTESIAN_POINT('',(52.477113784816,47.916527926736));
#967 = CARTESIAN_POINT('',(52.249970507995,48.046766338293));
#968 = CARTESIAN_POINT('',(51.864451147911,48.281350141928));
#969 = CARTESIAN_POINT('',(51.704390035581,48.382927512351));
#970 = CARTESIAN_POINT('',(51.546253237211,48.487516102549));
#971 = CARTESIAN_POINT('',(51.390106803396,48.595073294034));
#972 = CARTESIAN_POINT('',(51.236015592121,48.7055547714));
#973 = CARTESIAN_POINT('',(51.084043268758,48.818914522325));
#974 = CARTESIAN_POINT('',(50.934252306063,48.935104837573));
#975 = CARTESIAN_POINT('',(50.589972977325,49.212704870464));
#976 = CARTESIAN_POINT('',(50.397228414545,49.37627810198));
#977 = CARTESIAN_POINT('',(50.208615743924,49.544678697289));
#978 = CARTESIAN_POINT('',(50.024275865302,49.717784625118));
#979 = CARTESIAN_POINT('',(49.844345130272,49.895469131172));
#980 = CARTESIAN_POINT('',(49.668955342184,50.07760073813));
#981 = CARTESIAN_POINT('',(49.498233756145,50.26404324565));
#982 = CARTESIAN_POINT('',(49.184150652985,50.624845489909));
#983 = CARTESIAN_POINT('',(49.039817121233,50.798359971775));
#984 = CARTESIAN_POINT('',(48.899389743324,50.975098918572));
#985 = CARTESIAN_POINT('',(48.762952431262,51.154959592226));
#986 = CARTESIAN_POINT('',(48.63058574949,51.337836773982));
#987 = CARTESIAN_POINT('',(48.502366914894,51.523622764402));
#988 = CARTESIAN_POINT('',(48.378369796798,51.712207383364));
#989 = CARTESIAN_POINT('',(48.115019126046,52.133002570448));
#990 = CARTESIAN_POINT('',(47.977553655167,52.366395784196));
#991 = CARTESIAN_POINT('',(47.846390461034,52.603462675509));
#992 = CARTESIAN_POINT('',(47.721643776126,52.844004433832));
#993 = CARTESIAN_POINT('',(47.603420108698,53.087818373861));
#994 = CARTESIAN_POINT('',(47.491818242781,53.334697935542));
#995 = CARTESIAN_POINT('',(47.386929238184,53.58443268407));
#996 = CARTESIAN_POINT('',(47.210362143923,54.038708914521));
#997 = CARTESIAN_POINT('',(47.136237204014,54.242300227881));
#998 = CARTESIAN_POINT('',(47.066504194077,54.44747266479));
#999 = CARTESIAN_POINT('',(47.001202311918,54.654115610183));
#1000 = CARTESIAN_POINT('',(46.94036736984,54.862117419109));
#1001 = CARTESIAN_POINT('',(46.884031794643,55.071365416732));
#1002 = CARTESIAN_POINT('',(46.83222462762,55.281745898329));
#1003 = CARTESIAN_POINT('',(46.739687298267,55.695734111955));
#1004 = CARTESIAN_POINT('',(46.698585461178,55.899259134692));
#1005 = CARTESIAN_POINT('',(46.661688574281,56.103618232303));
#1006 = CARTESIAN_POINT('',(46.629016246395,56.308710000492));
#1007 = CARTESIAN_POINT('',(46.600585134174,56.514432595862));
#1008 = CARTESIAN_POINT('',(46.576408942109,56.720683735923));
#1009 = CARTESIAN_POINT('',(46.556498422522,56.927360699085));
#1010 = CARTESIAN_POINT('',(46.510267272372,57.53935801555));
#1011 = CARTESIAN_POINT('',(46.496031707334,57.945595833282));
#1012 = CARTESIAN_POINT('',(46.498213022229,58.352296588407));
#1013 = CARTESIAN_POINT('',(46.516825849255,58.75868561136));
#1014 = CARTESIAN_POINT('',(46.551841123135,59.163990935656));
#1015 = CARTESIAN_POINT('',(46.603186093224,59.567443481069));
#1016 = CARTESIAN_POINT('',(46.670744335608,59.968277236825));
#1017 = CARTESIAN_POINT('',(46.789658511923,60.533543279506));
#1018 = CARTESIAN_POINT('',(46.827823230418,60.700755108902));
#1019 = CARTESIAN_POINT('',(46.868837920811,60.867307901921));
#1020 = CARTESIAN_POINT('',(46.912689242718,61.033144994223));
#1021 = CARTESIAN_POINT('',(46.959362515263,61.198210088191));
#1022 = CARTESIAN_POINT('',(47.008841717073,61.362447252921));
#1023 = CARTESIAN_POINT('',(47.061109486281,61.525800924229));
#1024 = CARTESIAN_POINT('',(47.214635390702,61.978852860478));
#1025 = CARTESIAN_POINT('',(47.321993826395,62.266485182592));
#1026 = CARTESIAN_POINT('',(47.438114810399,62.550795529902));
#1027 = CARTESIAN_POINT('',(47.562877784952,62.831472551661));
#1028 = CARTESIAN_POINT('',(47.696149251738,63.108210887465));
#1029 = CARTESIAN_POINT('',(47.837782771884,63.380711167252));
#1030 = CARTESIAN_POINT('',(47.987618965964,63.648680011305));
#1031 = CARTESIAN_POINT('',(48.289422724784,64.151761036639));
#1032 = CARTESIAN_POINT('',(48.440036537232,64.387687514484));
#1033 = CARTESIAN_POINT('',(48.597196361115,64.619391865343));
#1034 = CARTESIAN_POINT('',(48.760763689737,64.846662357215));
#1035 = CARTESIAN_POINT('',(48.930592099934,65.069293124537));
#1036 = CARTESIAN_POINT('',(49.106527252077,65.287084168178));
#1037 = CARTESIAN_POINT('',(49.288406890066,65.499841355444));
#1038 = CARTESIAN_POINT('',(49.657661461549,65.908216829772));
#1039 = CARTESIAN_POINT('',(49.844670725192,66.104167546074));
#1040 = CARTESIAN_POINT('',(50.036934386945,66.295058035154));
#1041 = CARTESIAN_POINT('',(50.234292365528,66.480724136482));
#1042 = CARTESIAN_POINT('',(50.436578743707,66.661008062821));
#1043 = CARTESIAN_POINT('',(50.643621768283,66.835758400234));
#1044 = CARTESIAN_POINT('',(50.855243850105,67.004830108078));
#1045 = CARTESIAN_POINT('',(51.280078710651,67.325897133703));
#1046 = CARTESIAN_POINT('',(51.493004194601,67.47827446251));
#1047 = CARTESIAN_POINT('',(51.709872333362,67.625091328024));
#1048 = CARTESIAN_POINT('',(51.930513461597,67.76622896143));
#1049 = CARTESIAN_POINT('',(52.154753931175,67.901575002508));
#1050 = CARTESIAN_POINT('',(52.382416111173,68.031023499631));
#1051 = CARTESIAN_POINT('',(52.613318387874,68.154474909765));
#1052 = CARTESIAN_POINT('',(53.065097032785,68.381103432781));
#1053 = CARTESIAN_POINT('',(53.285567337279,68.485091973394));
#1054 = CARTESIAN_POINT('',(53.50853634608,68.583726630406));
#1055 = CARTESIAN_POINT('',(53.733852223578,68.676937578223));
#1056 = CARTESIAN_POINT('',(53.961361030722,68.764660255553));
#1057 = CARTESIAN_POINT('',(54.190906725017,68.846835365412));
#1058 = CARTESIAN_POINT('',(54.422331160533,68.923408875119));
#1059 = CARTESIAN_POINT('',(54.845442459846,69.052121260934));
#1060 = CARTESIAN_POINT('',(55.036552129524,69.106159205118));
#1061 = CARTESIAN_POINT('',(55.228716491984,69.156419509024));
#1062 = CARTESIAN_POINT('',(55.421848381971,69.202878267546));
#1063 = CARTESIAN_POINT('',(55.61586007392,69.245514010306));
#1064 = CARTESIAN_POINT('',(55.810663281954,69.284307701648));
#1065 = CARTESIAN_POINT('',(56.006169159888,69.319242740641));
#1066 = CARTESIAN_POINT('',(56.460808855877,69.391250594439));
#1067 = CARTESIAN_POINT('',(56.720395750093,69.4254669122));
#1068 = CARTESIAN_POINT('',(56.980843882121,69.452921458859));
#1069 = CARTESIAN_POINT('',(57.241947652774,69.473589307875));
#1070 = CARTESIAN_POINT('',(57.503500965433,69.48745306167));
#1071 = CARTESIAN_POINT('',(57.765297226045,69.494502851627));
#1072 = CARTESIAN_POINT('',(58.027129343124,69.49473633809));
#1073 = CARTESIAN_POINT('',(58.541427365696,69.481807896756));
#1074 = CARTESIAN_POINT('',(58.793905821265,69.469107580887));
#1075 = CARTESIAN_POINT('',(59.046038294839,69.450062482085));
#1076 = CARTESIAN_POINT('',(59.297638726791,69.424683834727));
#1077 = CARTESIAN_POINT('',(59.548521797488,69.392989388243));
#1078 = CARTESIAN_POINT('',(59.798502927288,69.355003407112));
#1079 = CARTESIAN_POINT('',(60.047398276545,69.310756670866));
#1080 = CARTESIAN_POINT('',(60.551494991538,69.208013775492));
#1081 = CARTESIAN_POINT('',(60.806605061603,69.149064948521));
#1082 = CARTESIAN_POINT('',(61.060151491007,69.08348149218));
#1083 = CARTESIAN_POINT('',(61.311932988246,69.01131213109));
#1084 = CARTESIAN_POINT('',(61.561750435107,68.93261281549));
#1085 = CARTESIAN_POINT('',(61.809406886664,68.847446721233));
#1086 = CARTESIAN_POINT('',(62.05470757128,68.755884249789));
#1087 = CARTESIAN_POINT('',(62.540212209929,68.560121806696));
#1088 = CARTESIAN_POINT('',(62.780417117875,68.455921450417));
#1089 = CARTESIAN_POINT('',(63.017882037827,68.345479640396));
#1090 = CARTESIAN_POINT('',(63.252417839807,68.22888076981));
#1091 = CARTESIAN_POINT('',(63.483838840467,68.106215944021));
#1092 = CARTESIAN_POINT('',(63.711962803092,67.977582980574));
#1093 = CARTESIAN_POINT('',(63.936610937602,67.843086409201));
#1094 = CARTESIAN_POINT('',(64.34812258874,67.581933174225));
#1095 = CARTESIAN_POINT('',(64.53592439346,67.456753599415));
#1096 = CARTESIAN_POINT('',(64.720901099226,67.327369975624));
#1097 = CARTESIAN_POINT('',(64.902942992225,67.193856862997));
#1098 = CARTESIAN_POINT('',(65.081942860309,67.056292153584));
#1099 = CARTESIAN_POINT('',(65.257795992999,66.914757071344));
#1100 = CARTESIAN_POINT('',(65.430400181479,66.769336172143));
#1101 = CARTESIAN_POINT('',(65.789221874456,66.452992296271));
#1102 = CARTESIAN_POINT('',(65.974588033457,66.281102635014));
#1103 = CARTESIAN_POINT('',(66.155614046005,66.104571949863));
#1104 = CARTESIAN_POINT('',(66.332164514007,65.92352834918));
#1105 = CARTESIAN_POINT('',(66.504108790878,65.738104459803));
#1106 = CARTESIAN_POINT('',(66.67132098154,65.548437427051));
#1107 = CARTESIAN_POINT('',(66.833679942423,65.354668914721));
#1108 = CARTESIAN_POINT('',(67.59244237849,64.401456960363));
#1109 = CARTESIAN_POINT('',(68.12147568924,63.587954952285));
#1110 = CARTESIAN_POINT('',(68.57128960996,62.724900349947));
#1111 = CARTESIAN_POINT('',(68.936637936642,61.821386660023));
#1112 = CARTESIAN_POINT('',(69.213490048732,60.886951378461));
#1113 = CARTESIAN_POINT('',(69.399059630941,59.931566775153));
#1114 = CARTESIAN_POINT('',(69.49178794015,58.965614798279));
#1115 = CARTESIAN_POINT('',(69.49178794015,58.));
#1116 = ( GEOMETRIC_REPRESENTATION_CONTEXT(2) 
PARAMETRIC_REPRESENTATION_CONTEXT() REPRESENTATION_CONTEXT('2D SPACE',''
  ) );
#1117 = PCURVE('',#1118,#1174);
#1118 = SURFACE_OF_REVOLUTION('',#1119,#1171);
#1119 = B_SPLINE_CURVE_WITH_KNOTS('',3,(#1120,#1121,#1122,#1123,#1124,
    #1125,#1126,#1127,#1128,#1129,#1130,#1131,#1132,#1133,#1134,#1135,
    #1136,#1137,#1138,#1139,#1140,#1141,#1142,#1143,#1144,#1145,#1146,
    #1147,#1148,#1149,#1150,#1151,#1152,#1153,#1154,#1155,#1156,#1157,
    #1158,#1159,#1160,#1161,#1162,#1163,#1164,#1165,#1166,#1167,#1168,
    #1169,#1170),.UNSPECIFIED.,.F.,.F.,(4,1,1,1,1,1,1,1,1,1,1,1,1,1,1,1,
    1,1,1,1,1,1,1,1,1,1,1,1,1,1,1,1,1,1,1,1,1,1,1,1,1,1,1,1,1,1,1,1,4),(
    0.,1.509787060578,3.033728562671,4.585282981294,6.176613805515,
    7.818153307444,9.518349693081,11.283579410427,13.118185279695,
    15.024597254583,17.003499343376,19.054016633525,21.173906156834,
    23.359742768049,25.607096128323,27.910697784708,30.264598836363,
    32.66231929631,35.096990362258,37.561490637934,40.048577039142,
    42.551010755637,45.061678262193,47.573706999117,50.08057498149,
    52.576213250304,55.055099749712,57.512342908837,59.943752936583,
    62.345898626686,64.716147353188,67.05268596265,69.35452049885,
    71.621453192334,73.854035964179,76.053500852957,78.221669243291,
    80.360843446211,82.473685868714,84.56309246423,86.632068113263,
    88.683611827627,90.720619094699,92.745807315779,94.761668319236,
    96.770449610506,98.774163647103,100.77462224764,102.77349143032),
  .UNSPECIFIED.);
#1120 = CARTESIAN_POINT('',(0.,0.,1.95));
#1121 = CARTESIAN_POINT('',(0.505957488244,0.,1.95));
#1122 = CARTESIAN_POINT('',(1.514080153918,0.,2.004953373481));
#1123 = CARTESIAN_POINT('',(3.026873726233,0.,2.251383182495));
#1124 = CARTESIAN_POINT('',(4.530083301883,0.,2.660555201008));
#1125 = CARTESIAN_POINT('',(6.022392236978,0.,3.230276462116));
#1126 = CARTESIAN_POINT('',(7.499531435521,0.,3.95766246045));
#1127 = CARTESIAN_POINT('',(8.958081218617,0.,4.839225889517));
#1128 = CARTESIAN_POINT('',(10.394302946817,0.,5.870925192801));
#1129 = CARTESIAN_POINT('',(11.804360345586,0.,7.048181305456));
#1130 = CARTESIAN_POINT('',(13.184178285192,0.,8.36587837102));
#1131 = CARTESIAN_POINT('',(14.529434536446,0.,9.81836158435));
#1132 = CARTESIAN_POINT('',(15.835540588607,0.,11.399439625997));
#1133 = CARTESIAN_POINT('',(17.097646323147,0.,13.102394468143));
#1134 = CARTESIAN_POINT('',(18.310653672233,0.,14.919998642941));
#1135 = CARTESIAN_POINT('',(19.46924012525,0.,16.844538939577));
#1136 = CARTESIAN_POINT('',(20.567889856221,0.,18.867845250448));
#1137 = CARTESIAN_POINT('',(21.600931968774,0.,20.981323417711));
#1138 = CARTESIAN_POINT('',(22.562585278829,0.,23.175991165734));
#1139 = CARTESIAN_POINT('',(23.447009194367,0.,25.442516424148));
#1140 = CARTESIAN_POINT('',(24.248360165543,0.,27.771257513777));
#1141 = CARTESIAN_POINT('',(24.960853076765,0.,30.152304782307));
#1142 = CARTESIAN_POINT('',(25.578826829264,0.,32.57552334879));
#1143 = CARTESIAN_POINT('',(26.096813249741,0.,35.030596658159));
#1144 = CARTESIAN_POINT('',(26.509608366064,0.,37.507070569769));
#1145 = CARTESIAN_POINT('',(26.812345021506,0.,39.994397716374));
#1146 = CARTESIAN_POINT('',(27.000565757842,0.,42.481981879632));
#1147 = CARTESIAN_POINT('',(27.070294885553,0.,44.959222142048));
#1148 = CARTESIAN_POINT('',(27.018108674952,0.,47.415556600424));
#1149 = CARTESIAN_POINT('',(26.841202640596,0.,49.840505468927));
#1150 = CARTESIAN_POINT('',(26.537454942435,0.,52.223713466404));
#1151 = CARTESIAN_POINT('',(26.105484981904,0.,54.554991474163));
#1152 = CARTESIAN_POINT('',(25.54470629171,0.,56.82435756191));
#1153 = CARTESIAN_POINT('',(24.855372857521,0.,59.022077594187));
#1154 = CARTESIAN_POINT('',(24.038617791581,0.,61.138705717467));
#1155 = CARTESIAN_POINT('',(23.096483769094,0.,63.1651250472));
#1156 = CARTESIAN_POINT('',(22.031942353803,0.,65.092588780923));
#1157 = CARTESIAN_POINT('',(20.848907166196,0.,66.91276173113));
#1158 = CARTESIAN_POINT('',(19.552217036334,0.,68.617761912296));
#1159 = CARTESIAN_POINT('',(18.147671064265,0.,70.200201397424));
#1160 = CARTESIAN_POINT('',(16.64181157775,0.,71.653225296567));
#1161 = CARTESIAN_POINT('',(15.042568960678,0.,72.97054753218));
#1162 = CARTESIAN_POINT('',(13.356674713815,0.,74.146482182372));
#1163 = CARTESIAN_POINT('',(11.59892702952,0.,75.175969534135));
#1164 = CARTESIAN_POINT('',(9.757641130895,0.,76.05459653916));
#1165 = CARTESIAN_POINT('',(7.922156425076,0.,76.778611940394));
#1166 = CARTESIAN_POINT('',(5.809699642078,0.,77.344936789412));
#1167 = CARTESIAN_POINT('',(4.521979455126,0.,77.751171315709));
#1168 = CARTESIAN_POINT('',(1.200688832225E-02,0.,77.995599132444));
#1169 = CARTESIAN_POINT('',(4.946657350309,0.,78.05));
#1170 = CARTESIAN_POINT('',(0.,0.,78.05));
#1171 = AXIS1_PLACEMENT('',#1172,#1173);
#1172 = CARTESIAN_POINT('',(0.,0.,1.95));
#1173 = DIRECTION('',(0.,0.,1.));
#1174 = DEFINITIONAL_REPRESENTATION('',(#1175),#1409);
#1175 = B_SPLINE_CURVE_WITH_KNOTS('',8,(#1176,#1177,#1178,#1179,#1180,
    #1181,#1182,#1183,#1184,#1185,#1186,#1187,#1188,#1189,#1190,#1191,
    #1192,#1193,#1194,#1195,#1196,#1197,#1198,#1199,#1200,#1201,#1202,
    #1203,#1204,#1205,#1206,#1207,#1208,#1209,#1210,#1211,#1212,#1213,
    #1214,#1215,#1216,#1217,#1218,#1219,#1220,#1221,#1222,#1223,#1224,
    #1225,#1226,#1227,#1228,#1229,#1230,#1231,#1232,#1233,#1234,#1235,
    #1236,#1237,#1238,#1239,#1240,#1241,#1242,#1243,#1244,#1245,#1246,
    #1247,#1248,#1249,#1250,#1251,#1252,#1253,#1254,#1255,#1256,#1257,
    #1258,#1259,#1260,#1261,#1262,#1263,#1264,#1265,#1266,#1267,#1268,
    #1269,#1270,#1271,#1272,#1273,#1274,#1275,#1276,#1277,#1278,#1279,
    #1280,#1281,#1282,#1283,#1284,#1285,#1286,#1287,#1288,#1289,#1290,
    #1291,#1292,#1293,#1294,#1295,#1296,#1297,#1298,#1299,#1300,#1301,
    #1302,#1303,#1304,#1305,#1306,#1307,#1308,#1309,#1310,#1311,#1312,
    #1313,#1314,#1315,#1316,#1317,#1318,#1319,#1320,#1321,#1322,#1323,
    #1324,#1325,#1326,#1327,#1328,#1329,#1330,#1331,#1332,#1333,#1334,
    #1335,#1336,#1337,#1338,#1339,#1340,#1341,#1342,#1343,#1344,#1345,
    #1346,#1347,#1348,#1349,#1350,#1351,#1352,#1353,#1354,#1355,#1356,
    #1357,#1358,#1359,#1360,#1361,#1362,#1363,#1364,#1365,#1366,#1367,
    #1368,#1369,#1370,#1371,#1372,#1373,#1374,#1375,#1376,#1377,#1378,
    #1379,#1380,#1381,#1382,#1383,#1384,#1385,#1386,#1387,#1388,#1389,
    #1390,#1391,#1392,#1393,#1394,#1395,#1396,#1397,#1398,#1399,#1400,
    #1401,#1402,#1403,#1404,#1405,#1406,#1407,#1408),.UNSPECIFIED.,.F.,
  .F.,(9,7,7,7,7,7,7,7,7,7,7,7,7,7,7,7,7,7,7,7,7,7,7,7,7,7,7,7,7,7,7,7,7
    ,9),(0.,2.900041189084E-02,4.900070773667E-02,7.80011196275E-02,
    0.106001520109,0.131001883712,0.160002295603,0.189002707493,
    0.206002960361,0.235003372251,0.272003851215,0.308004324791,
    0.337004736682,0.358005046541,0.386005447022,0.411005810625,
    0.441006233399,0.465006583978,0.488006921236,0.533007405912,
    0.552007687572,0.586008147427,0.617008580501,0.647009003275,
    0.676009415166,0.703009803764,0.725010127437,0.754010539328,
    0.782010939809,0.8110113517,0.840011763591,0.865012127194,
    0.893012527675,1.),.UNSPECIFIED.);
#1176 = CARTESIAN_POINT('',(6.28318530718,90.819821289486));
#1177 = CARTESIAN_POINT('',(6.260408777779,90.819821289486));
#1178 = CARTESIAN_POINT('',(6.237632233517,90.819821289486));
#1179 = CARTESIAN_POINT('',(6.214855679348,90.819821289486));
#1180 = CARTESIAN_POINT('',(6.192079120225,90.819821289486));
#1181 = CARTESIAN_POINT('',(6.169302561103,90.819821289486));
#1182 = CARTESIAN_POINT('',(6.146526006934,90.819821289486));
#1183 = CARTESIAN_POINT('',(6.123749462672,90.819821289486));
#1184 = CARTESIAN_POINT('',(6.085264972706,90.819821289486));
#1185 = CARTESIAN_POINT('',(6.069557009824,90.819821289486));
#1186 = CARTESIAN_POINT('',(6.053849045398,90.819821289486));
#1187 = CARTESIAN_POINT('',(6.0381410802,90.819821289486));
#1188 = CARTESIAN_POINT('',(6.022433115001,90.819821289486));
#1189 = CARTESIAN_POINT('',(6.006725150575,90.819821289486));
#1190 = CARTESIAN_POINT('',(5.991017187693,90.819821289486));
#1191 = CARTESIAN_POINT('',(5.952532697727,90.819821289486));
#1192 = CARTESIAN_POINT('',(5.929756153466,90.819821289486));
#1193 = CARTESIAN_POINT('',(5.906979599296,90.819821289486));
#1194 = CARTESIAN_POINT('',(5.884203040174,90.819821289486));
#1195 = CARTESIAN_POINT('',(5.861426481051,90.819821289486));
#1196 = CARTESIAN_POINT('',(5.838649926882,90.819821289486));
#1197 = CARTESIAN_POINT('',(5.81587338262,90.819821289486));
#1198 = CARTESIAN_POINT('',(5.771105719191,90.819821289486));
#1199 = CARTESIAN_POINT('',(5.749114572693,90.819821289486));
#1200 = CARTESIAN_POINT('',(5.727123417884,90.819821289486));
#1201 = CARTESIAN_POINT('',(5.705132258919,90.819821289486));
#1202 = CARTESIAN_POINT('',(5.683141099954,90.819821289486));
#1203 = CARTESIAN_POINT('',(5.661149945145,90.819821289486));
#1204 = CARTESIAN_POINT('',(5.639158798648,90.819821289486));
#1205 = CARTESIAN_POINT('',(5.597532718785,90.819821289486));
#1206 = CARTESIAN_POINT('',(5.577897765879,90.819821289486));
#1207 = CARTESIAN_POINT('',(5.558262808258,90.819821289486));
#1208 = CARTESIAN_POINT('',(5.538627848279,90.819821289486));
#1209 = CARTESIAN_POINT('',(5.5189928883,90.819821289486));
#1210 = CARTESIAN_POINT('',(5.499357930679,90.819821289486));
#1211 = CARTESIAN_POINT('',(5.479722977773,90.819821289486));
#1212 = CARTESIAN_POINT('',(5.437311502538,90.819821289486));
#1213 = CARTESIAN_POINT('',(5.414534958277,90.819821289486));
#1214 = CARTESIAN_POINT('',(5.391758404108,90.819821289486));
#1215 = CARTESIAN_POINT('',(5.368981844985,90.819821289486));
#1216 = CARTESIAN_POINT('',(5.346205285862,90.819821289486));
#1217 = CARTESIAN_POINT('',(5.323428731693,90.819821289486));
#1218 = CARTESIAN_POINT('',(5.300652187432,90.819821289486));
#1219 = CARTESIAN_POINT('',(5.25509912863,90.819821289486));
#1220 = CARTESIAN_POINT('',(5.232322584369,90.819821289486));
#1221 = CARTESIAN_POINT('',(5.2095460302,90.819821289486));
#1222 = CARTESIAN_POINT('',(5.186769471077,90.819821289486));
#1223 = CARTESIAN_POINT('',(5.163992911954,90.819821289486));
#1224 = CARTESIAN_POINT('',(5.141216357785,90.819821289486));
#1225 = CARTESIAN_POINT('',(5.118439813523,90.819821289486));
#1226 = CARTESIAN_POINT('',(5.082311516544,90.819821289486));
#1227 = CARTESIAN_POINT('',(5.068959747938,90.819821289486));
#1228 = CARTESIAN_POINT('',(5.055607978646,90.819821289486));
#1229 = CARTESIAN_POINT('',(5.042256209012,90.819821289486));
#1230 = CARTESIAN_POINT('',(5.028904439377,90.819821289486));
#1231 = CARTESIAN_POINT('',(5.015552670086,90.819821289486));
#1232 = CARTESIAN_POINT('',(5.002200901479,90.819821289486));
#1233 = CARTESIAN_POINT('',(4.9660726045,90.819821289486));
#1234 = CARTESIAN_POINT('',(4.943296060238,90.819821289486));
#1235 = CARTESIAN_POINT('',(4.920519506069,90.819821289486));
#1236 = CARTESIAN_POINT('',(4.897742946947,90.819821289486));
#1237 = CARTESIAN_POINT('',(4.874966387824,90.819821289486));
#1238 = CARTESIAN_POINT('',(4.852189833655,90.819821289486));
#1239 = CARTESIAN_POINT('',(4.829413289393,90.819821289486));
#1240 = CARTESIAN_POINT('',(4.777577086629,90.819821289486));
#1241 = CARTESIAN_POINT('',(4.748517362966,90.819821289486));
#1242 = CARTESIAN_POINT('',(4.719457605771,90.819821289486));
#1243 = CARTESIAN_POINT('',(4.69039783181,90.819821289486));
#1244 = CARTESIAN_POINT('',(4.661338057848,90.819821289486));
#1245 = CARTESIAN_POINT('',(4.632278300653,90.819821289486));
#1246 = CARTESIAN_POINT('',(4.60321857699,90.819821289486));
#1247 = CARTESIAN_POINT('',(4.545884620906,90.819821289486));
#1248 = CARTESIAN_POINT('',(4.517610294332,90.819821289486));
#1249 = CARTESIAN_POINT('',(4.489335938524,90.819821289486));
#1250 = CARTESIAN_POINT('',(4.461061568098,90.819821289486));
#1251 = CARTESIAN_POINT('',(4.432787197672,90.819821289486));
#1252 = CARTESIAN_POINT('',(4.404512841863,90.819821289486));
#1253 = CARTESIAN_POINT('',(4.376238515289,90.819821289486));
#1254 = CARTESIAN_POINT('',(4.325187703168,90.819821289486));
#1255 = CARTESIAN_POINT('',(4.302411158906,90.819821289486));
#1256 = CARTESIAN_POINT('',(4.279634604737,90.819821289486));
#1257 = CARTESIAN_POINT('',(4.256858045614,90.819821289486));
#1258 = CARTESIAN_POINT('',(4.234081486492,90.819821289486));
#1259 = CARTESIAN_POINT('',(4.211304932322,90.819821289486));
#1260 = CARTESIAN_POINT('',(4.188528388061,90.819821289486));
#1261 = CARTESIAN_POINT('',(4.149258500679,90.819821289486));
#1262 = CARTESIAN_POINT('',(4.13276513974,90.819821289486));
#1263 = CARTESIAN_POINT('',(4.11627177683,90.819821289486));
#1264 = CARTESIAN_POINT('',(4.099778412935,90.819821289486));
#1265 = CARTESIAN_POINT('',(4.083285049039,90.819821289486));
#1266 = CARTESIAN_POINT('',(4.06679168613,90.819821289486));
#1267 = CARTESIAN_POINT('',(4.050298325191,90.819821289486));
#1268 = CARTESIAN_POINT('',(4.01181383318,90.819821289486));
#1269 = CARTESIAN_POINT('',(3.989822686683,90.819821289486));
#1270 = CARTESIAN_POINT('',(3.967831531874,90.819821289486));
#1271 = CARTESIAN_POINT('',(3.945840372909,90.819821289486));
#1272 = CARTESIAN_POINT('',(3.923849213944,90.819821289486));
#1273 = CARTESIAN_POINT('',(3.901858059135,90.819821289486));
#1274 = CARTESIAN_POINT('',(3.879866912637,90.819821289486));
#1275 = CARTESIAN_POINT('',(3.838240832775,90.819821289486));
#1276 = CARTESIAN_POINT('',(3.818605879869,90.819821289486));
#1277 = CARTESIAN_POINT('',(3.798970922247,90.819821289486));
#1278 = CARTESIAN_POINT('',(3.779335962269,90.819821289486));
#1279 = CARTESIAN_POINT('',(3.75970100229,90.819821289486));
#1280 = CARTESIAN_POINT('',(3.740066044669,90.819821289486));
#1281 = CARTESIAN_POINT('',(3.720431091763,90.819821289486));
#1282 = CARTESIAN_POINT('',(3.67723422157,90.819821289486));
#1283 = CARTESIAN_POINT('',(3.653672279603,90.819821289486));
#1284 = CARTESIAN_POINT('',(3.630110325897,90.819821289486));
#1285 = CARTESIAN_POINT('',(3.606548366321,90.819821289486));
#1286 = CARTESIAN_POINT('',(3.582986406746,90.819821289486));
#1287 = CARTESIAN_POINT('',(3.55942445304,90.819821289486));
#1288 = CARTESIAN_POINT('',(3.535862511072,90.819821289486));
#1289 = CARTESIAN_POINT('',(3.493451037519,90.819821289486));
#1290 = CARTESIAN_POINT('',(3.474601482559,90.819821289486));
#1291 = CARTESIAN_POINT('',(3.455751923754,90.819821289486));
#1292 = CARTESIAN_POINT('',(3.436902363027,90.819821289486));
#1293 = CARTESIAN_POINT('',(3.418052802301,90.819821289486));
#1294 = CARTESIAN_POINT('',(3.399203243496,90.819821289486));
#1295 = CARTESIAN_POINT('',(3.380353688536,90.819821289486));
#1296 = CARTESIAN_POINT('',(3.34343998702,90.819821289486));
#1297 = CARTESIAN_POINT('',(3.325375830039,90.819821289486));
#1298 = CARTESIAN_POINT('',(3.307311669951,90.819821289486));
#1299 = CARTESIAN_POINT('',(3.289247508309,90.819821289486));
#1300 = CARTESIAN_POINT('',(3.271183346667,90.819821289486));
#1301 = CARTESIAN_POINT('',(3.253119186578,90.819821289486));
#1302 = CARTESIAN_POINT('',(3.235055029597,90.819821289486));
#1303 = CARTESIAN_POINT('',(3.181648108141,90.819821289486));
#1304 = CARTESIAN_POINT('',(3.146304957048,90.819821289486));
#1305 = CARTESIAN_POINT('',(3.110961976173,90.819821289486));
#1306 = CARTESIAN_POINT('',(3.075619207865,90.819821289486));
#1307 = CARTESIAN_POINT('',(3.040276439556,90.819821289486));
#1308 = CARTESIAN_POINT('',(3.004933458681,90.819821289486));
#1309 = CARTESIAN_POINT('',(2.969590307588,90.819821289486));
#1310 = CARTESIAN_POINT('',(2.91932497544,90.819821289486));
#1311 = CARTESIAN_POINT('',(2.904402410634,90.819821289486));
#1312 = CARTESIAN_POINT('',(2.889479844633,90.819821289486));
#1313 = CARTESIAN_POINT('',(2.874557278035,90.819821289486));
#1314 = CARTESIAN_POINT('',(2.859634711436,90.819821289486));
#1315 = CARTESIAN_POINT('',(2.844712145436,90.819821289486));
#1316 = CARTESIAN_POINT('',(2.82978958063,90.819821289486));
#1317 = CARTESIAN_POINT('',(2.788163518493,90.819821289486));
#1318 = CARTESIAN_POINT('',(2.761459986428,90.819821289486));
#1319 = CARTESIAN_POINT('',(2.734756432401,90.819821289486));
#1320 = CARTESIAN_POINT('',(2.708052867395,90.819821289486));
#1321 = CARTESIAN_POINT('',(2.681349302388,90.819821289486));
#1322 = CARTESIAN_POINT('',(2.654645748361,90.819821289486));
#1323 = CARTESIAN_POINT('',(2.627942216296,90.819821289486));
#1324 = CARTESIAN_POINT('',(2.576891398313,90.819821289486));
#1325 = CARTESIAN_POINT('',(2.552544058706,90.819821289486));
#1326 = CARTESIAN_POINT('',(2.528196705267,90.819821289486));
#1327 = CARTESIAN_POINT('',(2.503849344911,90.819821289486));
#1328 = CARTESIAN_POINT('',(2.479501984556,90.819821289486));
#1329 = CARTESIAN_POINT('',(2.455154631116,90.819821289486));
#1330 = CARTESIAN_POINT('',(2.430807291509,90.819821289486));
#1331 = CARTESIAN_POINT('',(2.382898048291,90.819821289486));
#1332 = CARTESIAN_POINT('',(2.359336106324,90.819821289486));
#1333 = CARTESIAN_POINT('',(2.335774152618,90.819821289486));
#1334 = CARTESIAN_POINT('',(2.312212193042,90.819821289486));
#1335 = CARTESIAN_POINT('',(2.288650233467,90.819821289486));
#1336 = CARTESIAN_POINT('',(2.265088279761,90.819821289486));
#1337 = CARTESIAN_POINT('',(2.241526337793,90.819821289486));
#1338 = CARTESIAN_POINT('',(2.195187884034,90.819821289486));
#1339 = CARTESIAN_POINT('',(2.172411339772,90.819821289486));
#1340 = CARTESIAN_POINT('',(2.149634785603,90.819821289486));
#1341 = CARTESIAN_POINT('',(2.12685822648,90.819821289486));
#1342 = CARTESIAN_POINT('',(2.104081667358,90.819821289486));
#1343 = CARTESIAN_POINT('',(2.081305113189,90.819821289486));
#1344 = CARTESIAN_POINT('',(2.058528568927,90.819821289486));
#1345 = CARTESIAN_POINT('',(2.014546301241,90.819821289486));
#1346 = CARTESIAN_POINT('',(1.993340552561,90.819821289486));
#1347 = CARTESIAN_POINT('',(1.972134796953,90.819821289486));
#1348 = CARTESIAN_POINT('',(1.950929037879,90.819821289486));
#1349 = CARTESIAN_POINT('',(1.929723278806,90.819821289486));
#1350 = CARTESIAN_POINT('',(1.908517523197,90.819821289486));
#1351 = CARTESIAN_POINT('',(1.887311774518,90.819821289486));
#1352 = CARTESIAN_POINT('',(1.848827280991,90.819821289486));
#1353 = CARTESIAN_POINT('',(1.831548522018,90.819821289486));
#1354 = CARTESIAN_POINT('',(1.814269760558,90.819821289486));
#1355 = CARTESIAN_POINT('',(1.796990997853,90.819821289486));
#1356 = CARTESIAN_POINT('',(1.779712235149,90.819821289486));
#1357 = CARTESIAN_POINT('',(1.762433473689,90.819821289486));
#1358 = CARTESIAN_POINT('',(1.745154714716,90.819821289486));
#1359 = CARTESIAN_POINT('',(1.705099430074,90.819821289486));
#1360 = CARTESIAN_POINT('',(1.682322885812,90.819821289486));
#1361 = CARTESIAN_POINT('',(1.659546331643,90.819821289486));
#1362 = CARTESIAN_POINT('',(1.63676977252,90.819821289486));
#1363 = CARTESIAN_POINT('',(1.613993213398,90.819821289486));
#1364 = CARTESIAN_POINT('',(1.591216659229,90.819821289486));
#1365 = CARTESIAN_POINT('',(1.568440114967,90.819821289486));
#1366 = CARTESIAN_POINT('',(1.523672451537,90.819821289486));
#1367 = CARTESIAN_POINT('',(1.50168130504,90.819821289486));
#1368 = CARTESIAN_POINT('',(1.479690150231,90.819821289486));
#1369 = CARTESIAN_POINT('',(1.457698991266,90.819821289486));
#1370 = CARTESIAN_POINT('',(1.435707832301,90.819821289486));
#1371 = CARTESIAN_POINT('',(1.413716677491,90.819821289486));
#1372 = CARTESIAN_POINT('',(1.391725530994,90.819821289486));
#1373 = CARTESIAN_POINT('',(1.346957867565,90.819821289486));
#1374 = CARTESIAN_POINT('',(1.324181323303,90.819821289486));
#1375 = CARTESIAN_POINT('',(1.301404769134,90.819821289486));
#1376 = CARTESIAN_POINT('',(1.278628210011,90.819821289486));
#1377 = CARTESIAN_POINT('',(1.255851650888,90.819821289486));
#1378 = CARTESIAN_POINT('',(1.233075096719,90.819821289486));
#1379 = CARTESIAN_POINT('',(1.210298552458,90.819821289486));
#1380 = CARTESIAN_POINT('',(1.164745493656,90.819821289486));
#1381 = CARTESIAN_POINT('',(1.141968949395,90.819821289486));
#1382 = CARTESIAN_POINT('',(1.119192395226,90.819821289486));
#1383 = CARTESIAN_POINT('',(1.096415836103,90.819821289486));
#1384 = CARTESIAN_POINT('',(1.07363927698,90.819821289486));
#1385 = CARTESIAN_POINT('',(1.050862722811,90.819821289486));
#1386 = CARTESIAN_POINT('',(1.028086178549,90.819821289486));
#1387 = CARTESIAN_POINT('',(0.985674703315,90.819821289486));
#1388 = CARTESIAN_POINT('',(0.966039750409,90.819821289486));
#1389 = CARTESIAN_POINT('',(0.946404792788,90.819821289486));
#1390 = CARTESIAN_POINT('',(0.926769832809,90.819821289486));
#1391 = CARTESIAN_POINT('',(0.90713487283,90.819821289486));
#1392 = CARTESIAN_POINT('',(0.887499915209,90.819821289486));
#1393 = CARTESIAN_POINT('',(0.867864962303,90.819821289486));
#1394 = CARTESIAN_POINT('',(0.82623888244,90.819821289486));
#1395 = CARTESIAN_POINT('',(0.804247735943,90.819821289486));
#1396 = CARTESIAN_POINT('',(0.782256581134,90.819821289486));
#1397 = CARTESIAN_POINT('',(0.760265422169,90.819821289486));
#1398 = CARTESIAN_POINT('',(0.738274263204,90.819821289486));
#1399 = CARTESIAN_POINT('',(0.716283108394,90.819821289486));
#1400 = CARTESIAN_POINT('',(0.694291961897,90.819821289486));
#1401 = CARTESIAN_POINT('',(0.588274321001,90.819821289486));
#1402 = CARTESIAN_POINT('',(0.504218493852,90.819821289486));
#1403 = CARTESIAN_POINT('',(0.420178058392,90.819821289486));
#1404 = CARTESIAN_POINT('',(0.336150413931,90.819821289486));
#1405 = CARTESIAN_POINT('',(0.252122769481,90.819821289486));
#1406 = CARTESIAN_POINT('',(0.168082334014,90.819821289486));
#1407 = CARTESIAN_POINT('',(8.402650686804E-02,90.819821289486));
#1408 = CARTESIAN_POINT('',(0.,90.819821289486));
#1409 = ( GEOMETRIC_REPRESENTATION_CONTEXT(2) 
PARAMETRIC_REPRESENTATION_CONTEXT() REPRESENTATION_CONTEXT('2D SPACE',''
  ) );
#1410 = ADVANCED_FACE('',(#1411),#1118,.F.);
#1411 = FACE_BOUND('',#1412,.F.);
#1412 = EDGE_LOOP('',(#1413,#1414,#1485));
#1413 = ORIENTED_EDGE('',*,*,#642,.F.);
#1414 = ORIENTED_EDGE('',*,*,#1415,.T.);
#1415 = EDGE_CURVE('',#643,#1416,#1418,.T.);
#1416 = VERTEX_POINT('',#1417);
#1417 = CARTESIAN_POINT('',(0.,0.,78.05));
#1418 = SEAM_CURVE('',#1419,(#1471,#1478),.PCURVE_S1.);
#1419 = B_SPLINE_CURVE_WITH_KNOTS('',3,(#1420,#1421,#1422,#1423,#1424,
    #1425,#1426,#1427,#1428,#1429,#1430,#1431,#1432,#1433,#1434,#1435,
    #1436,#1437,#1438,#1439,#1440,#1441,#1442,#1443,#1444,#1445,#1446,
    #1447,#1448,#1449,#1450,#1451,#1452,#1453,#1454,#1455,#1456,#1457,
    #1458,#1459,#1460,#1461,#1462,#1463,#1464,#1465,#1466,#1467,#1468,
    #1469,#1470),.UNSPECIFIED.,.F.,.F.,(4,1,1,1,1,1,1,1,1,1,1,1,1,1,1,1,
    1,1,1,1,1,1,1,1,1,1,1,1,1,1,1,1,1,1,1,1,1,1,1,1,1,1,1,1,1,1,1,1,4),(
    0.,1.509787060578,3.033728562671,4.585282981294,6.176613805515,
    7.818153307444,9.518349693081,11.283579410427,13.118185279695,
    15.024597254583,17.003499343376,19.054016633525,21.173906156834,
    23.359742768049,25.607096128323,27.910697784708,30.264598836363,
    32.66231929631,35.096990362258,37.561490637934,40.048577039142,
    42.551010755637,45.061678262193,47.573706999117,50.08057498149,
    52.576213250304,55.055099749712,57.512342908837,59.943752936583,
    62.345898626686,64.716147353188,67.05268596265,69.35452049885,
    71.621453192334,73.854035964179,76.053500852957,78.221669243291,
    80.360843446211,82.473685868714,84.56309246423,86.632068113263,
    88.683611827627,90.720619094699,92.745807315779,94.761668319236,
    96.770449610506,98.774163647103,100.77462224764,102.77349143032),
  .UNSPECIFIED.);
#1420 = CARTESIAN_POINT('',(0.,0.,1.95));
#1421 = CARTESIAN_POINT('',(0.505957488244,0.,1.95));
#1422 = CARTESIAN_POINT('',(1.514080153918,0.,2.004953373481));
#1423 = CARTESIAN_POINT('',(3.026873726233,0.,2.251383182495));
#1424 = CARTESIAN_POINT('',(4.530083301883,0.,2.660555201008));
#1425 = CARTESIAN_POINT('',(6.022392236978,0.,3.230276462116));
#1426 = CARTESIAN_POINT('',(7.499531435521,0.,3.95766246045));
#1427 = CARTESIAN_POINT('',(8.958081218617,0.,4.839225889517));
#1428 = CARTESIAN_POINT('',(10.394302946817,0.,5.870925192801));
#1429 = CARTESIAN_POINT('',(11.804360345586,0.,7.048181305456));
#1430 = CARTESIAN_POINT('',(13.184178285192,0.,8.36587837102));
#1431 = CARTESIAN_POINT('',(14.529434536446,0.,9.81836158435));
#1432 = CARTESIAN_POINT('',(15.835540588607,0.,11.399439625997));
#1433 = CARTESIAN_POINT('',(17.097646323147,0.,13.102394468143));
#1434 = CARTESIAN_POINT('',(18.310653672233,0.,14.919998642941));
#1435 = CARTESIAN_POINT('',(19.46924012525,0.,16.844538939577));
#1436 = CARTESIAN_POINT('',(20.567889856221,0.,18.867845250448));
#1437 = CARTESIAN_POINT('',(21.600931968774,0.,20.981323417711));
#1438 = CARTESIAN_POINT('',(22.562585278829,0.,23.175991165734));
#1439 = CARTESIAN_POINT('',(23.447009194367,0.,25.442516424148));
#1440 = CARTESIAN_POINT('',(24.248360165543,0.,27.771257513777));
#1441 = CARTESIAN_POINT('',(24.960853076765,0.,30.152304782307));
#1442 = CARTESIAN_POINT('',(25.578826829264,0.,32.57552334879));
#1443 = CARTESIAN_POINT('',(26.096813249741,0.,35.030596658159));
#1444 = CARTESIAN_POINT('',(26.509608366064,0.,37.507070569769));
#1445 = CARTESIAN_POINT('',(26.812345021506,0.,39.994397716374));
#1446 = CARTESIAN_POINT('',(27.000565757842,0.,42.481981879632));
#1447 = CARTESIAN_POINT('',(27.070294885553,0.,44.959222142048));
#1448 = CARTESIAN_POINT('',(27.018108674952,0.,47.415556600424));
#1449 = CARTESIAN_POINT('',(26.841202640596,0.,49.840505468927));
#1450 = CARTESIAN_POINT('',(26.537454942435,0.,52.223713466404));
#1451 = CARTESIAN_POINT('',(26.105484981904,0.,54.554991474163));
#1452 = CARTESIAN_POINT('',(25.54470629171,0.,56.82435756191));
#1453 = CARTESIAN_POINT('',(24.855372857521,0.,59.022077594187));
#1454 = CARTESIAN_POINT('',(24.038617791581,0.,61.138705717467));
#1455 = CARTESIAN_POINT('',(23.096483769094,0.,63.1651250472));
#1456 = CARTESIAN_POINT('',(22.031942353803,0.,65.092588780923));
#1457 = CARTESIAN_POINT('',(20.848907166196,0.,66.91276173113));
#1458 = CARTESIAN_POINT('',(19.552217036334,0.,68.617761912296));
#1459 = CARTESIAN_POINT('',(18.147671064265,0.,70.200201397424));
#1460 = CARTESIAN_POINT('',(16.64181157775,0.,71.653225296567));
#1461 = CARTESIAN_POINT('',(15.042568960678,0.,72.97054753218));
#1462 = CARTESIAN_POINT('',(13.356674713815,0.,74.146482182372));
#1463 = CARTESIAN_POINT('',(11.59892702952,0.,75.175969534135));
#1464 = CARTESIAN_POINT('',(9.757641130895,0.,76.05459653916));
#1465 = CARTESIAN_POINT('',(7.922156425076,0.,76.778611940394));
#1466 = CARTESIAN_POINT('',(5.809699642078,0.,77.344936789412));
#1467 = CARTESIAN_POINT('',(4.521979455126,0.,77.751171315709));
#1468 = CARTESIAN_POINT('',(1.200688832225E-02,0.,77.995599132444));
#1469 = CARTESIAN_POINT('',(4.946657350309,0.,78.05));
#1470 = CARTESIAN_POINT('',(0.,0.,78.05));
#1471 = PCURVE('',#1118,#1472);
#1472 = DEFINITIONAL_REPRESENTATION('',(#1473),#1477);
#1473 = LINE('',#1474,#1475);
#1474 = CARTESIAN_POINT('',(0.,0.));
#1475 = VECTOR('',#1476,1.);
#1476 = DIRECTION('',(0.,1.));
#1477 = ( GEOMETRIC_REPRESENTATION_CONTEXT(2) 
PARAMETRIC_REPRESENTATION_CONTEXT() REPRESENTATION_CONTEXT('2D SPACE',''
  ) );
#1478 = PCURVE('',#1118,#1479);
#1479 = DEFINITIONAL_REPRESENTATION('',(#1480),#1484);
#1480 = LINE('',#1481,#1482);
#1481 = CARTESIAN_POINT('',(6.28318530718,0.));
#1482 = VECTOR('',#1483,1.);
#1483 = DIRECTION('',(0.,1.));
#1484 = ( GEOMETRIC_REPRESENTATION_CONTEXT(2) 
PARAMETRIC_REPRESENTATION_CONTEXT() REPRESENTATION_CONTEXT('2D SPACE',''
  ) );
#1485 = ORIENTED_EDGE('',*,*,#1415,.F.);
#1486 = ( GEOMETRIC_REPRESENTATION_CONTEXT(3) 
GLOBAL_UNCERTAINTY_ASSIGNED_CONTEXT((#1490)) 
GLOBAL_UNIT_ASSIGNED_CONTEXT((#1487,#1488,#1489)) REPRESENTATION_CONTEXT
('Context #1','3D Context with UNIT and UNCERTAINTY') );
#1487 = ( LENGTH_UNIT() NAMED_UNIT(*) SI_UNIT(.MILLI.,.METRE.) );
#1488 = ( NAMED_UNIT(*) PLANE_ANGLE_UNIT() SI_UNIT($,.RADIAN.) );
#1489 = ( NAMED_UNIT(*) SI_UNIT($,.STERADIAN.) SOLID_ANGLE_UNIT() );
#1490 = UNCERTAINTY_MEASURE_WITH_UNIT(LENGTH_MEASURE(2.E-06),#1487,
  'distance_accuracy_value','confusion accuracy');
#1491 = PRODUCT_RELATED_PRODUCT_CATEGORY('part',$,(#7));
ENDSEC;
END-ISO-10303-21;
