ISO-10303-21;
HEADER;
FILE_DESCRIPTION(('Open CASCADE Model'),'2;1');
FILE_NAME('Open CASCADE Shape Model','2026-10-05T00:31:08',('Author'),(
    'Open CASCADE'),'Open CASCADE STEP processor 8.0','build123d',
  'Unknown');
FILE_SCHEMA(('AUTOMOTIVE_DESIGN { 1 0 10303 214 1 1 1 1 }'));
ENDSEC;
DATA;
#1 = APPLICATION_PROTOCOL_DEFINITION('international standard',
  'automotive_design',2000,#2);
#2 = APPLICATION_CONTEXT(
  'core data for automotive mechanical design processes');
#3 = SHAPE_DEFINITION_REPRESENTATION(#4,#10);
#4 = PRODUCT_DEFINITION_SHAPE('','',#5);
#5 = PRODUCT_DEFINITION('design','',#6,#9);
#6 = PRODUCT_DEFINITION_FORMATION('','',#7);
#7 = PRODUCT('COMPOUND','COMPOUND','',(#8));
#8 = PRODUCT_CONTEXT('',#2,'mechanical');
#9 = PRODUCT_DEFINITION_CONTEXT('part definition',#2,'design');
#10 = ADVANCED_BREP_SHAPE_REPRESENTATION('',(#11,#15),#2474);
#11 = AXIS2_PLACEMENT_3D('',#12,#13,#14);
#12 = CARTESIAN_POINT('',(0.,0.,0.));
#13 = DIRECTION('',(0.,0.,1.));
#14 = DIRECTION('',(1.,0.,-0.));
#15 = MANIFOLD_SOLID_BREP('',#16);
#16 = CLOSED_SHELL('',(#17,#889,#1433,#1468,#1525,#1581,#1636,#2267,
    #2306,#2362,#2417,#2467));
#17 = ADVANCED_FACE('',(#18),#32,.F.);
#18 = FACE_BOUND('',#19,.T.);
#19 = EDGE_LOOP('',(#20,#50,#463,#857,#858));
#20 = ORIENTED_EDGE('',*,*,#21,.F.);
#21 = EDGE_CURVE('',#22,#24,#26,.T.);
#22 = VERTEX_POINT('',#23);
#23 = CARTESIAN_POINT('',(9.766720671195E-03,1.665,0.));
#24 = VERTEX_POINT('',#25);
#25 = CARTESIAN_POINT('',(-2.4,1.665,0.));
#26 = SEAM_CURVE('',#27,(#31,#43),.PCURVE_S1.);
#27 = LINE('',#28,#29);
#28 = CARTESIAN_POINT('',(0.6,1.665,0.));
#29 = VECTOR('',#30,1.);
#30 = DIRECTION('',(-1.,0.,0.));
#31 = PCURVE('',#32,#37);
#32 = CYLINDRICAL_SURFACE('',#33,1.665);
#33 = AXIS2_PLACEMENT_3D('',#34,#35,#36);
#34 = CARTESIAN_POINT('',(0.6,0.,0.));
#35 = DIRECTION('',(-1.,-0.,-0.));
#36 = DIRECTION('',(0.,1.,0.));
#37 = DEFINITIONAL_REPRESENTATION('',(#38),#42);
#38 = LINE('',#39,#40);
#39 = CARTESIAN_POINT('',(-0.,0.));
#40 = VECTOR('',#41,1.);
#41 = DIRECTION('',(-0.,1.));
#42 = ( GEOMETRIC_REPRESENTATION_CONTEXT(2) 
PARAMETRIC_REPRESENTATION_CONTEXT() REPRESENTATION_CONTEXT('2D SPACE',''
  ) );
#43 = PCURVE('',#32,#44);
#44 = DEFINITIONAL_REPRESENTATION('',(#45),#49);
#45 = LINE('',#46,#47);
#46 = CARTESIAN_POINT('',(-6.28318530718,0.));
#47 = VECTOR('',#48,1.);
#48 = DIRECTION('',(-0.,1.));
#49 = ( GEOMETRIC_REPRESENTATION_CONTEXT(2) 
PARAMETRIC_REPRESENTATION_CONTEXT() REPRESENTATION_CONTEXT('2D SPACE',''
  ) );
#50 = ORIENTED_EDGE('',*,*,#51,.F.);
#51 = EDGE_CURVE('',#52,#22,#54,.T.);
#52 = VERTEX_POINT('',#53);
#53 = CARTESIAN_POINT('',(9.766720671204E-03,1.602614872827E-13,
    -1.664999999691));
#54 = SURFACE_CURVE('',#55,(#244,#436),.PCURVE_S1.);
#55 = B_SPLINE_CURVE_WITH_KNOTS('',7,(#56,#57,#58,#59,#60,#61,#62,#63,
    #64,#65,#66,#67,#68,#69,#70,#71,#72,#73,#74,#75,#76,#77,#78,#79,#80,
    #81,#82,#83,#84,#85,#86,#87,#88,#89,#90,#91,#92,#93,#94,#95,#96,#97,
    #98,#99,#100,#101,#102,#103,#104,#105,#106,#107,#108,#109,#110,#111,
    #112,#113,#114,#115,#116,#117,#118,#119,#120,#121,#122,#123,#124,
    #125,#126,#127,#128,#129,#130,#131,#132,#133,#134,#135,#136,#137,
    #138,#139,#140,#141,#142,#143,#144,#145,#146,#147,#148,#149,#150,
    #151,#152,#153,#154,#155,#156,#157,#158,#159,#160,#161,#162,#163,
    #164,#165,#166,#167,#168,#169,#170,#171,#172,#173,#174,#175,#176,
    #177,#178,#179,#180,#181,#182,#183,#184,#185,#186,#187,#188,#189,
    #190,#191,#192,#193,#194,#195,#196,#197,#198,#199,#200,#201,#202,
    #203,#204,#205,#206,#207,#208,#209,#210,#211,#212,#213,#214,#215,
    #216,#217,#218,#219,#220,#221,#222,#223,#224,#225,#226,#227,#228,
    #229,#230,#231,#232,#233,#234,#235,#236,#237,#238,#239,#240,#241,
    #242,#243),.UNSPECIFIED.,.T.,.F.,(8,6,6,6,6,6,6,6,6,6,6,6,6,6,6,6,6,
    6,6,6,6,6,6,6,6,6,6,6,6,6,6,8),(0.,2.900090398454E-02,
    5.800180796908E-02,8.700271195363E-02,0.116003615938,0.145004519923,
    0.174005423907,0.203006327892,0.229007142442,0.25700801688,
    0.286008920865,0.315009824849,0.344010728834,0.370011543384,
    0.399012447368,0.426013291986,0.45501419597,0.483015070409,
    0.512015974393,0.541016878378,0.570017782362,0.599018686347,
    0.628019590331,0.657020494316,0.6860213983,0.715022302285,
    0.744023206269,0.773024110254,0.802025014239,0.831025918223,
    0.860026822208,1.),.UNSPECIFIED.);
#56 = CARTESIAN_POINT('',(9.766720671204E-03,1.665,-4.440892098501E-16)
  );
#57 = CARTESIAN_POINT('',(9.766720671204E-03,1.665,-4.334049541488E-02)
  );
#58 = CARTESIAN_POINT('',(9.766720671204E-03,1.663683800014,
    -8.668107632488E-02));
#59 = CARTESIAN_POINT('',(9.766720671204E-03,1.661051408547,
    -0.129973610572));
#60 = CARTESIAN_POINT('',(9.766720671204E-03,1.657105010341,
    -0.173170164817));
#61 = CARTESIAN_POINT('',(9.766720671204E-03,1.65184896638,
    -0.21622300454));
#62 = CARTESIAN_POINT('',(9.766720671204E-03,1.645289813885,
    -0.259084594041));
#63 = CARTESIAN_POINT('',(9.766720671204E-03,1.62958271875,
    -0.344330598837));
#64 = CARTESIAN_POINT('',(9.766720671204E-03,1.620434745125,
    -0.386715182291));
#65 = CARTESIAN_POINT('',(9.766720671204E-03,1.610001075631,
    -0.428814013002));
#66 = CARTESIAN_POINT('',(9.766720671204E-03,1.598292544641,
    -0.470580347047));
#67 = CARTESIAN_POINT('',(9.766720671204E-03,1.585322090711,
    -0.511968030374));
#68 = CARTESIAN_POINT('',(9.766720671204E-03,1.571104756585,
    -0.552931498811));
#69 = CARTESIAN_POINT('',(9.766720671204E-03,1.540210621795,
    -0.633920057304));
#70 = CARTESIAN_POINT('',(9.766720671204E-03,1.523533760188,
    -0.673945307121));
#71 = CARTESIAN_POINT('',(9.766720671204E-03,1.505644267186,
    -0.713456559272));
#72 = CARTESIAN_POINT('',(9.766720671204E-03,1.486561268072,
    -0.752409806919));
#73 = CARTESIAN_POINT('',(9.766720671204E-03,1.466305850587,
    -0.790762004625));
#74 = CARTESIAN_POINT('',(9.766720671204E-03,1.444901064934,
    -0.828471068352));
#75 = CARTESIAN_POINT('',(9.766720671204E-03,1.399842782625,
    -0.902520682575));
#76 = CARTESIAN_POINT('',(9.766720671204E-03,1.376189197085,
    -0.938861379144));
#77 = CARTESIAN_POINT('',(9.766720671204E-03,1.351436194356,
    -0.974476851375));
#78 = CARTESIAN_POINT('',(9.766720671204E-03,1.325610557394,
    -1.009327286566));
#79 = CARTESIAN_POINT('',(9.766720671204E-03,1.298740824921,
    -1.043374173107));
#80 = CARTESIAN_POINT('',(9.766720671204E-03,1.270857291418,
    -1.076580300485));
#81 = CARTESIAN_POINT('',(9.766720671204E-03,1.213126722845,
    -1.141239218071));
#82 = CARTESIAN_POINT('',(9.766720671204E-03,1.183279573892,
    -1.172692135828));
#83 = CARTESIAN_POINT('',(9.766720671204E-03,1.152482623206,
    -1.203232614455));
#84 = CARTESIAN_POINT('',(9.766720671204E-03,1.120769424648,
    -1.232826353569));
#85 = CARTESIAN_POINT('',(9.766720671204E-03,1.088175023013,
    -1.261440650492));
#86 = CARTESIAN_POINT('',(9.766720671204E-03,1.054735954023,
    -1.289044400257));
#87 = CARTESIAN_POINT('',(9.766720671204E-03,0.986244534641,
    -1.342171790954));
#88 = CARTESIAN_POINT('',(9.766720671204E-03,0.951192049141,
    -1.367695536687));
#89 = CARTESIAN_POINT('',(9.766720671204E-03,0.915370824909,
    -1.392149838985));
#90 = CARTESIAN_POINT('',(9.766720671204E-03,0.878820075758,
    -1.415507045452));
#91 = CARTESIAN_POINT('',(9.766720671204E-03,0.841580192235,
    -1.437741345117));
#92 = CARTESIAN_POINT('',(9.766720671204E-03,0.803692741622,
    -1.458828768432));
#93 = CARTESIAN_POINT('',(9.766720671204E-03,0.726708194247,
    -1.498665606117));
#94 = CARTESIAN_POINT('',(9.766720671204E-03,0.687610945622,
    -1.517415099069));
#95 = CARTESIAN_POINT('',(9.766720671204E-03,0.647951473892,
    -1.534973553114));
#96 = CARTESIAN_POINT('',(9.766720671204E-03,0.607773354467,
    -1.551320879406));
#97 = CARTESIAN_POINT('',(9.766720671204E-03,0.567120986333,
    -1.566439013267));
#98 = CARTESIAN_POINT('',(9.766720671204E-03,0.526039592053,
    -1.580311914191));
#99 = CARTESIAN_POINT('',(9.766720671204E-03,0.44740025568,
    -1.604234358758));
#100 = CARTESIAN_POINT('',(9.766720671204E-03,0.40991733951,
    -1.614530996229));
#101 = CARTESIAN_POINT('',(9.766720671204E-03,0.372159633085,
    -1.623805394285));
#102 = CARTESIAN_POINT('',(9.766720671204E-03,0.334160599559,
    -1.632048848751));
#103 = CARTESIAN_POINT('',(9.766720671204E-03,0.295954001419,
    -1.639254035242));
#104 = CARTESIAN_POINT('',(9.766720671204E-03,0.25757390048,
    -1.645415009168));
#105 = CARTESIAN_POINT('',(9.766720671204E-03,0.177572400739,
    -1.656032647639));
#106 = CARTESIAN_POINT('',(9.766720671204E-03,0.135928644029,
    -1.660321772284));
#107 = CARTESIAN_POINT('',(9.766720671204E-03,9.416632471548E-02,
    -1.663388888111));
#108 = CARTESIAN_POINT('',(9.766720671204E-03,5.232846325152E-02,
    -1.665230200824));
#109 = CARTESIAN_POINT('',(9.766720671204E-03,1.045816359179E-02,
    -1.665843813388));
#110 = CARTESIAN_POINT('',(9.766720671204E-03,-3.140138680966E-02,
    -1.66522972603));
#111 = CARTESIAN_POINT('',(9.766720671204E-03,-0.116505499324,
    -1.661484236209));
#112 = CARTESIAN_POINT('',(9.766720671204E-03,-0.159746296224,
    -1.658263705285));
#113 = CARTESIAN_POINT('',(9.766720671204E-03,-0.202881222463,
    -1.653730368244));
#114 = CARTESIAN_POINT('',(9.766720671204E-03,-0.245862487115,
    -1.647888515255));
#115 = CARTESIAN_POINT('',(9.766720671204E-03,-0.288642593567,
    -1.640744601881));
#116 = CARTESIAN_POINT('',(9.766720671204E-03,-0.331174339519,
    -1.632307249076));
#117 = CARTESIAN_POINT('',(9.766720671204E-03,-0.415647294442,
    -1.612867237303));
#118 = CARTESIAN_POINT('',(9.766720671204E-03,-0.457588670049,
    -1.601864539986));
#119 = CARTESIAN_POINT('',(9.766720671204E-03,-0.499188039626,
    -1.589589954163));
#120 = CARTESIAN_POINT('',(9.766720671204E-03,-0.540399180821,
    -1.57605635897));
#121 = CARTESIAN_POINT('',(9.766720671204E-03,-0.581176553102,
    -1.561278709759));
#122 = CARTESIAN_POINT('',(9.766720671204E-03,-0.62147529776,
    -1.545274038097));
#123 = CARTESIAN_POINT('',(9.766720671204E-03,-0.701027178053,
    -1.510848865431));
#124 = CARTESIAN_POINT('',(9.766720671204E-03,-0.740280470615,
    -1.492428296518));
#125 = CARTESIAN_POINT('',(9.766720671204E-03,-0.778966945459,
    -1.472818868416));
#126 = CARTESIAN_POINT('',(9.766720671204E-03,-0.817043479208,
    -1.452041622807));
#127 = CARTESIAN_POINT('',(9.766720671204E-03,-0.854467995241,
    -1.430119519667));
#128 = CARTESIAN_POINT('',(9.766720671204E-03,-0.891199463692,
    -1.407077437264));
#129 = CARTESIAN_POINT('',(9.766720671204E-03,-0.959472367959,
    -1.361303655224));
#130 = CARTESIAN_POINT('',(9.766720671204E-03,-0.99115771954,
    -1.338786367577));
#131 = CARTESIAN_POINT('',(9.766720671204E-03,-1.022225167683,
    -1.315409615885));
#132 = CARTESIAN_POINT('',(9.766720671204E-03,-1.052646803184,
    -1.291193811461));
#133 = CARTESIAN_POINT('',(9.766720671204E-03,-1.082395596142,
    -1.266160470267));
#134 = CARTESIAN_POINT('',(9.766720671204E-03,-1.111445395966,
    -1.240332212913));
#135 = CARTESIAN_POINT('',(9.766720671204E-03,-1.171364792825,
    -1.184064153951));
#136 = CARTESIAN_POINT('',(9.766720671204E-03,-1.202057715712,
    -1.153436016223));
#137 = CARTESIAN_POINT('',(9.766720671204E-03,-1.231814619019,
    -1.121881306401));
#138 = CARTESIAN_POINT('',(9.766720671204E-03,-1.260602056406,
    -1.089434429723));
#139 = CARTESIAN_POINT('',(9.766720671204E-03,-1.288388216203,
    -1.056131241736));
#140 = CARTESIAN_POINT('',(9.766720671204E-03,-1.315142921413,
    -1.022009048297));
#141 = CARTESIAN_POINT('',(9.766720671204E-03,-1.364760291794,
    -0.954611224273));
#142 = CARTESIAN_POINT('',(9.766720671204E-03,-1.387764201869,
    -0.921439395836));
#143 = CARTESIAN_POINT('',(9.766720671204E-03,-1.409826345609,
    -0.887622391135));
#144 = CARTESIAN_POINT('',(9.766720671204E-03,-1.430925108706,
    -0.853192338979));
#145 = CARTESIAN_POINT('',(9.766720671204E-03,-1.451040276861,
    -0.818182226105));
#146 = CARTESIAN_POINT('',(9.766720671204E-03,-1.470153035787,
    -0.782625897177));
#147 = CARTESIAN_POINT('',(9.766720671204E-03,-1.507679121933,
    -0.707818524645));
#148 = CARTESIAN_POINT('',(9.766720671204E-03,-1.525935836919,
    -0.668488756098));
#149 = CARTESIAN_POINT('',(9.766720671204E-03,-1.542994542119,
    -0.62861177548));
#150 = CARTESIAN_POINT('',(9.766720671204E-03,-1.558835697843,
    -0.588231407195));
#151 = CARTESIAN_POINT('',(9.766720671204E-03,-1.57344179876,
    -0.547392273728));
#152 = CARTESIAN_POINT('',(9.766720671204E-03,-1.5867973739,
    -0.506139795637));
#153 = CARTESIAN_POINT('',(9.766720671204E-03,-1.610563647918,
    -0.424335743902));
#154 = CARTESIAN_POINT('',(9.766720671204E-03,-1.621060056367,
    -0.383808907451));
#155 = CARTESIAN_POINT('',(9.766720671204E-03,-1.630366134803,
    -0.342981276879));
#156 = CARTESIAN_POINT('',(9.766720671204E-03,-1.638471669215,
    -0.301894814434));
#157 = CARTESIAN_POINT('',(9.766720671204E-03,-1.64536830878,
    -0.260591849931));
#158 = CARTESIAN_POINT('',(9.766720671204E-03,-1.651049565862,
    -0.219115080758));
#159 = CARTESIAN_POINT('',(9.766720671204E-03,-1.660131396254,
    -0.134414083021));
#160 = CARTESIAN_POINT('',(9.766720671204E-03,-1.663443286926,
    -9.118018756649E-02));
#161 = CARTESIAN_POINT('',(9.766720671204E-03,-1.665441365056,
    -4.785374425359E-02));
#162 = CARTESIAN_POINT('',(9.766720671204E-03,-1.66612269271,
    -4.482646157455E-03));
#163 = CARTESIAN_POINT('',(9.766720671204E-03,-1.665486516983,
    3.888517932188E-02));
#164 = CARTESIAN_POINT('',(9.766720671204E-03,-1.663534270004,
    8.220177045914E-02));
#165 = CARTESIAN_POINT('',(9.766720671204E-03,-1.657004867864,
    0.168636491948));
#166 = CARTESIAN_POINT('',(9.766720671204E-03,-1.652427699824,
    0.211754792805));
#167 = CARTESIAN_POINT('',(9.766720671204E-03,-1.646541698936,
    0.254726039004));
#168 = CARTESIAN_POINT('',(9.766720671204E-03,-1.6393526544,
    0.29750259796));
#169 = CARTESIAN_POINT('',(9.766720671204E-03,-1.630868510498,
    0.34003719927));
#170 = CARTESIAN_POINT('',(9.766720671204E-03,-1.621099366593,
    0.382282934716));
#171 = CARTESIAN_POINT('',(9.766720671204E-03,-1.599015587656,
    0.466103581809));
#172 = CARTESIAN_POINT('',(9.766720671204E-03,-1.586700909062,
    0.507678658804));
#173 = CARTESIAN_POINT('',(9.766720671204E-03,-1.57312571223,
    0.548871947545));
#174 = CARTESIAN_POINT('',(9.766720671204E-03,-1.558304321821,
    0.589637653032));
#175 = CARTESIAN_POINT('',(9.766720671204E-03,-1.542253116272,
    0.629930726962));
#176 = CARTESIAN_POINT('',(9.766720671204E-03,-1.52499052779,
    0.669706867737));
#177 = CARTESIAN_POINT('',(9.766720671204E-03,-1.488083556922,
    0.748138173174));
#178 = CARTESIAN_POINT('',(9.766720671204E-03,-1.468439101733,
    0.786793492554));
#179 = CARTESIAN_POINT('',(9.766720671204E-03,-1.447624178159,
    0.824844930936));
#180 = CARTESIAN_POINT('',(9.766720671204E-03,-1.425661172038,
    0.862250047158));
#181 = CARTESIAN_POINT('',(9.766720671204E-03,-1.402574353675,
    0.898967506551));
#182 = CARTESIAN_POINT('',(9.766720671204E-03,-1.378389877844,
    0.934957080941));
#183 = CARTESIAN_POINT('',(9.766720671204E-03,-1.327881689719,
    1.005402216355));
#184 = CARTESIAN_POINT('',(9.766720671204E-03,-1.301557877792,
    1.039857916343));
#185 = CARTESIAN_POINT('',(9.766720671204E-03,-1.274192401061,
    1.073507636842));
#186 = CARTESIAN_POINT('',(9.766720671204E-03,-1.245814965356,
    1.106313695737));
#187 = CARTESIAN_POINT('',(9.766720671204E-03,-1.216456929271,
    1.138239840566));
#188 = CARTESIAN_POINT('',(9.766720671204E-03,-1.186151304169,
    1.169251248518));
#189 = CARTESIAN_POINT('',(9.766720671204E-03,-1.123714204188,
    1.229377804358));
#190 = CARTESIAN_POINT('',(9.766720671204E-03,-1.091582606143,
    1.258493070854));
#191 = CARTESIAN_POINT('',(9.766720671204E-03,-1.058572635971,
    1.28662694502));
#192 = CARTESIAN_POINT('',(9.766720671204E-03,-1.024720335943,
    1.313747751429));
#193 = CARTESIAN_POINT('',(9.766720671204E-03,-0.990063114674,
    1.339825520127));
#194 = CARTESIAN_POINT('',(9.766720671204E-03,-0.954639747124,
    1.364831986639));
#195 = CARTESIAN_POINT('',(9.766720671204E-03,-0.882341002069,
    1.412649197292));
#196 = CARTESIAN_POINT('',(9.766720671204E-03,-0.845465481944,
    1.43546003576));
#197 = CARTESIAN_POINT('',(9.766720671204E-03,-0.80790396491,
    1.457146562554));
#198 = CARTESIAN_POINT('',(9.766720671204E-03,-0.769697636334,
    1.477684157695));
#199 = CARTESIAN_POINT('',(9.766720671204E-03,-0.730888716268,
    1.497050126033));
#200 = CARTESIAN_POINT('',(9.766720671204E-03,-0.691520459446,
    1.515223697251));
#201 = CARTESIAN_POINT('',(9.766720671204E-03,-0.611753851123,
    1.549148354477));
#202 = CARTESIAN_POINT('',(9.766720671204E-03,-0.571355342271,
    1.564899507406));
#203 = CARTESIAN_POINT('',(9.766720671204E-03,-0.530485924803,
    1.579420654818));
#204 = CARTESIAN_POINT('',(9.766720671204E-03,-0.489190563554,
    1.592695047337));
#205 = CARTESIAN_POINT('',(9.766720671204E-03,-0.447514892123,
    1.604708016042));
#206 = CARTESIAN_POINT('',(9.766720671204E-03,-0.405505212872,
    1.615446972474));
#207 = CARTESIAN_POINT('',(9.766720671204E-03,-0.320911780979,
    1.634355844782));
#208 = CARTESIAN_POINT('',(9.766720671204E-03,-0.278327861466,
    1.642525797957));
#209 = CARTESIAN_POINT('',(9.766720671204E-03,-0.23550371322,
    1.649400776749));
#210 = CARTESIAN_POINT('',(9.766720671204E-03,-0.192486591778,
    1.654972456951));
#211 = CARTESIAN_POINT('',(9.766720671204E-03,-0.149324033376,
    1.659234681556));
#212 = CARTESIAN_POINT('',(9.766720671204E-03,-0.106063854953,
    1.662183460757));
#213 = CARTESIAN_POINT('',(9.766720671204E-03,-1.944445333853E-02,
    1.665450483136));
#214 = CARTESIAN_POINT('',(9.766720671204E-03,2.391494072087E-02,
    1.665768732758));
#215 = CARTESIAN_POINT('',(9.766720671204E-03,6.727592975306E-02,
    1.6647699152));
#216 = CARTESIAN_POINT('',(9.766720671204E-03,0.110590532134,
    1.662454407039));
#217 = CARTESIAN_POINT('',(9.766720671204E-03,0.153810882893,
    1.658824767034));
#218 = CARTESIAN_POINT('',(9.766720671204E-03,0.196889233718,
    1.653885736134));
#219 = CARTESIAN_POINT('',(9.766720671204E-03,0.28266667218,
    1.641402738813));
#220 = CARTESIAN_POINT('',(9.766720671204E-03,0.325365929025,
    1.633858747766));
#221 = CARTESIAN_POINT('',(9.766720671204E-03,0.367828094275,
    1.6250192043));
#222 = CARTESIAN_POINT('',(9.766720671204E-03,0.410006048867,
    1.6148931733));
#223 = CARTESIAN_POINT('',(9.766720671204E-03,0.451853183892,
    1.603491844578));
#224 = CARTESIAN_POINT('',(9.766720671204E-03,0.493323400584,
    1.590828532866));
#225 = CARTESIAN_POINT('',(9.766720671204E-03,0.575418820074,
    1.563008822767));
#226 = CARTESIAN_POINT('',(9.766720671204E-03,0.616044184817,
    1.547852369503));
#227 = CARTESIAN_POINT('',(9.766720671204E-03,0.656201621401,
    1.531464773787));
#228 = CARTESIAN_POINT('',(9.766720671204E-03,0.695846433422,
    1.513863488685));
#229 = CARTESIAN_POINT('',(9.766720671204E-03,0.734934811227,
    1.495067964565));
#230 = CARTESIAN_POINT('',(9.766720671204E-03,0.773423831914,
    1.475099649099));
#231 = CARTESIAN_POINT('',(9.766720671204E-03,0.849119086751,
    1.432864325419));
#232 = CARTESIAN_POINT('',(9.766720671204E-03,0.886325470221,
    1.410597233891));
#233 = CARTESIAN_POINT('',(9.766720671204E-03,0.922848581879,
    1.387204172501));
#234 = CARTESIAN_POINT('',(9.766720671204E-03,0.958647627856,
    1.362710404629));
#235 = CARTESIAN_POINT('',(9.766720671204E-03,0.993683048279,
    1.337142997209));
#236 = CARTESIAN_POINT('',(9.766720671204E-03,1.027916517266,
    1.310530820727));
#237 = CARTESIAN_POINT('',(9.766720671204E-03,1.222489500795,
    1.149566050009));
#238 = CARTESIAN_POINT('',(9.766720671204E-03,1.36423694035,
    0.992508826507));
#239 = CARTESIAN_POINT('',(9.766720671204E-03,1.482142152587,
    0.815285441991));
#240 = CARTESIAN_POINT('',(9.766720671204E-03,1.572941193972,
    0.622327657026));
#241 = CARTESIAN_POINT('',(9.766720671204E-03,1.634338547876,
    0.418513692771));
#242 = CARTESIAN_POINT('',(9.766720671204E-03,1.665,0.209183371441));
#243 = CARTESIAN_POINT('',(9.766720671204E-03,1.665,0.));
#244 = PCURVE('',#32,#245);
#245 = DEFINITIONAL_REPRESENTATION('',(#246),#435);
#246 = B_SPLINE_CURVE_WITH_KNOTS('',7,(#247,#248,#249,#250,#251,#252,
    #253,#254,#255,#256,#257,#258,#259,#260,#261,#262,#263,#264,#265,
    #266,#267,#268,#269,#270,#271,#272,#273,#274,#275,#276,#277,#278,
    #279,#280,#281,#282,#283,#284,#285,#286,#287,#288,#289,#290,#291,
    #292,#293,#294,#295,#296,#297,#298,#299,#300,#301,#302,#303,#304,
    #305,#306,#307,#308,#309,#310,#311,#312,#313,#314,#315,#316,#317,
    #318,#319,#320,#321,#322,#323,#324,#325,#326,#327,#328,#329,#330,
    #331,#332,#333,#334,#335,#336,#337,#338,#339,#340,#341,#342,#343,
    #344,#345,#346,#347,#348,#349,#350,#351,#352,#353,#354,#355,#356,
    #357,#358,#359,#360,#361,#362,#363,#364,#365,#366,#367,#368,#369,
    #370,#371,#372,#373,#374,#375,#376,#377,#378,#379,#380,#381,#382,
    #383,#384,#385,#386,#387,#388,#389,#390,#391,#392,#393,#394,#395,
    #396,#397,#398,#399,#400,#401,#402,#403,#404,#405,#406,#407,#408,
    #409,#410,#411,#412,#413,#414,#415,#416,#417,#418,#419,#420,#421,
    #422,#423,#424,#425,#426,#427,#428,#429,#430,#431,#432,#433,#434),
  .UNSPECIFIED.,.F.,.F.,(8,6,6,6,6,6,6,6,6,6,6,6,6,6,6,6,6,6,6,6,6,6,6,6
    ,6,6,6,6,6,6,6,8),(0.,2.900090398454E-02,5.800180796908E-02,
    8.700271195363E-02,0.116003615938,0.145004519923,0.174005423907,
    0.203006327892,0.229007142442,0.25700801688,0.286008920865,
    0.315009824849,0.344010728834,0.370011543384,0.399012447368,
    0.426013291986,0.45501419597,0.483015070409,0.512015974393,
    0.541016878378,0.570017782362,0.599018686347,0.628019590331,
    0.657020494316,0.6860213983,0.715022302285,0.744023206269,
    0.773024110254,0.802025014239,0.831025918223,0.860026822208,1.),
  .UNSPECIFIED.);
#247 = CARTESIAN_POINT('',(-6.28318530718,0.590233279329));
#248 = CARTESIAN_POINT('',(-6.257154979603,0.590233279329));
#249 = CARTESIAN_POINT('',(-6.231124640473,0.590233279329));
#250 = CARTESIAN_POINT('',(-6.205094294412,0.590233279329));
#251 = CARTESIAN_POINT('',(-6.179063946039,0.590233279329));
#252 = CARTESIAN_POINT('',(-6.153033599978,0.590233279329));
#253 = CARTESIAN_POINT('',(-6.127003260848,0.590233279329));
#254 = CARTESIAN_POINT('',(-6.074942605695,0.590233279329));
#255 = CARTESIAN_POINT('',(-6.048912266565,0.590233279329));
#256 = CARTESIAN_POINT('',(-6.022881920503,0.590233279329));
#257 = CARTESIAN_POINT('',(-5.996851572131,0.590233279329));
#258 = CARTESIAN_POINT('',(-5.970821226069,0.590233279329));
#259 = CARTESIAN_POINT('',(-5.94479088694,0.590233279329));
#260 = CARTESIAN_POINT('',(-5.892730231787,0.590233279329));
#261 = CARTESIAN_POINT('',(-5.866699892657,0.590233279329));
#262 = CARTESIAN_POINT('',(-5.840669546595,0.590233279329));
#263 = CARTESIAN_POINT('',(-5.814639198223,0.590233279329));
#264 = CARTESIAN_POINT('',(-5.788608852161,0.590233279329));
#265 = CARTESIAN_POINT('',(-5.762578513031,0.590233279329));
#266 = CARTESIAN_POINT('',(-5.710517857878,0.590233279329));
#267 = CARTESIAN_POINT('',(-5.684487518749,0.590233279329));
#268 = CARTESIAN_POINT('',(-5.658457172687,0.590233279329));
#269 = CARTESIAN_POINT('',(-5.632426824315,0.590233279329));
#270 = CARTESIAN_POINT('',(-5.606396478253,0.590233279329));
#271 = CARTESIAN_POINT('',(-5.580366139123,0.590233279329));
#272 = CARTESIAN_POINT('',(-5.52830548397,0.590233279329));
#273 = CARTESIAN_POINT('',(-5.502275144841,0.590233279329));
#274 = CARTESIAN_POINT('',(-5.476244798779,0.590233279329));
#275 = CARTESIAN_POINT('',(-5.450214450407,0.590233279329));
#276 = CARTESIAN_POINT('',(-5.424184104345,0.590233279329));
#277 = CARTESIAN_POINT('',(-5.398153765215,0.590233279329));
#278 = CARTESIAN_POINT('',(-5.346093110062,0.590233279329));
#279 = CARTESIAN_POINT('',(-5.320062770932,0.590233279329));
#280 = CARTESIAN_POINT('',(-5.294032424871,0.590233279329));
#281 = CARTESIAN_POINT('',(-5.268002076498,0.590233279329));
#282 = CARTESIAN_POINT('',(-5.241971730437,0.590233279329));
#283 = CARTESIAN_POINT('',(-5.215941391307,0.590233279329));
#284 = CARTESIAN_POINT('',(-5.163880736154,0.590233279329));
#285 = CARTESIAN_POINT('',(-5.137850397024,0.590233279329));
#286 = CARTESIAN_POINT('',(-5.111820050962,0.590233279329));
#287 = CARTESIAN_POINT('',(-5.08578970259,0.590233279329));
#288 = CARTESIAN_POINT('',(-5.059759356528,0.590233279329));
#289 = CARTESIAN_POINT('',(-5.033729017399,0.590233279329));
#290 = CARTESIAN_POINT('',(-4.984361151091,0.590233279329));
#291 = CARTESIAN_POINT('',(-4.961023605664,0.590233279329));
#292 = CARTESIAN_POINT('',(-4.93768605622,0.590233279329));
#293 = CARTESIAN_POINT('',(-4.914348505437,0.590233279329));
#294 = CARTESIAN_POINT('',(-4.891010955994,0.590233279329));
#295 = CARTESIAN_POINT('',(-4.867673410567,0.590233279329));
#296 = CARTESIAN_POINT('',(-4.819203140302,0.590233279329));
#297 = CARTESIAN_POINT('',(-4.794070399074,0.590233279329));
#298 = CARTESIAN_POINT('',(-4.768937652028,0.590233279329));
#299 = CARTESIAN_POINT('',(-4.743804903043,0.590233279329));
#300 = CARTESIAN_POINT('',(-4.718672155997,0.590233279329));
#301 = CARTESIAN_POINT('',(-4.693539414768,0.590233279329));
#302 = CARTESIAN_POINT('',(-4.642376355658,0.590233279329));
#303 = CARTESIAN_POINT('',(-4.616346016528,0.590233279329));
#304 = CARTESIAN_POINT('',(-4.590315670467,0.590233279329));
#305 = CARTESIAN_POINT('',(-4.564285322094,0.590233279329));
#306 = CARTESIAN_POINT('',(-4.538254976033,0.590233279329));
#307 = CARTESIAN_POINT('',(-4.512224636903,0.590233279329));
#308 = CARTESIAN_POINT('',(-4.46016398175,0.590233279329));
#309 = CARTESIAN_POINT('',(-4.43413364262,0.590233279329));
#310 = CARTESIAN_POINT('',(-4.408103296558,0.590233279329));
#311 = CARTESIAN_POINT('',(-4.382072948186,0.590233279329));
#312 = CARTESIAN_POINT('',(-4.356042602124,0.590233279329));
#313 = CARTESIAN_POINT('',(-4.330012262995,0.590233279329));
#314 = CARTESIAN_POINT('',(-4.277951607842,0.590233279329));
#315 = CARTESIAN_POINT('',(-4.251921268712,0.590233279329));
#316 = CARTESIAN_POINT('',(-4.22589092265,0.590233279329));
#317 = CARTESIAN_POINT('',(-4.199860574278,0.590233279329));
#318 = CARTESIAN_POINT('',(-4.173830228216,0.590233279329));
#319 = CARTESIAN_POINT('',(-4.147799889086,0.590233279329));
#320 = CARTESIAN_POINT('',(-4.098432022778,0.590233279329));
#321 = CARTESIAN_POINT('',(-4.075094477352,0.590233279329));
#322 = CARTESIAN_POINT('',(-4.051756927908,0.590233279329));
#323 = CARTESIAN_POINT('',(-4.028419377125,0.590233279329));
#324 = CARTESIAN_POINT('',(-4.005081827681,0.590233279329));
#325 = CARTESIAN_POINT('',(-3.981744282255,0.590233279329));
#326 = CARTESIAN_POINT('',(-3.932376415947,0.590233279329));
#327 = CARTESIAN_POINT('',(-3.906346076817,0.590233279329));
#328 = CARTESIAN_POINT('',(-3.880315730755,0.590233279329));
#329 = CARTESIAN_POINT('',(-3.854285382383,0.590233279329));
#330 = CARTESIAN_POINT('',(-3.828255036321,0.590233279329));
#331 = CARTESIAN_POINT('',(-3.802224697192,0.590233279329));
#332 = CARTESIAN_POINT('',(-3.751959234372,0.590233279329));
#333 = CARTESIAN_POINT('',(-3.727724091044,0.590233279329));
#334 = CARTESIAN_POINT('',(-3.703488942866,0.590233279329));
#335 = CARTESIAN_POINT('',(-3.67925379307,0.590233279329));
#336 = CARTESIAN_POINT('',(-3.655018644892,0.590233279329));
#337 = CARTESIAN_POINT('',(-3.630783501564,0.590233279329));
#338 = CARTESIAN_POINT('',(-3.580518038745,0.590233279329));
#339 = CARTESIAN_POINT('',(-3.554487699615,0.590233279329));
#340 = CARTESIAN_POINT('',(-3.528457353553,0.590233279329));
#341 = CARTESIAN_POINT('',(-3.502427005181,0.590233279329));
#342 = CARTESIAN_POINT('',(-3.476396659119,0.590233279329));
#343 = CARTESIAN_POINT('',(-3.45036631999,0.590233279329));
#344 = CARTESIAN_POINT('',(-3.39920326088,0.590233279329));
#345 = CARTESIAN_POINT('',(-3.374070519651,0.590233279329));
#346 = CARTESIAN_POINT('',(-3.348937772605,0.590233279329));
#347 = CARTESIAN_POINT('',(-3.32380502362,0.590233279329));
#348 = CARTESIAN_POINT('',(-3.298672276574,0.590233279329));
#349 = CARTESIAN_POINT('',(-3.273539535345,0.590233279329));
#350 = CARTESIAN_POINT('',(-3.222376476235,0.590233279329));
#351 = CARTESIAN_POINT('',(-3.196346137106,0.590233279329));
#352 = CARTESIAN_POINT('',(-3.170315791044,0.590233279329));
#353 = CARTESIAN_POINT('',(-3.144285442672,0.590233279329));
#354 = CARTESIAN_POINT('',(-3.11825509661,0.590233279329));
#355 = CARTESIAN_POINT('',(-3.09222475748,0.590233279329));
#356 = CARTESIAN_POINT('',(-3.040164102327,0.590233279329));
#357 = CARTESIAN_POINT('',(-3.014133763198,0.590233279329));
#358 = CARTESIAN_POINT('',(-2.988103417136,0.590233279329));
#359 = CARTESIAN_POINT('',(-2.962073068763,0.590233279329));
#360 = CARTESIAN_POINT('',(-2.936042722702,0.590233279329));
#361 = CARTESIAN_POINT('',(-2.910012383572,0.590233279329));
#362 = CARTESIAN_POINT('',(-2.857951728419,0.590233279329));
#363 = CARTESIAN_POINT('',(-2.831921389289,0.590233279329));
#364 = CARTESIAN_POINT('',(-2.805891043228,0.590233279329));
#365 = CARTESIAN_POINT('',(-2.779860694855,0.590233279329));
#366 = CARTESIAN_POINT('',(-2.753830348794,0.590233279329));
#367 = CARTESIAN_POINT('',(-2.727800009664,0.590233279329));
#368 = CARTESIAN_POINT('',(-2.675739354511,0.590233279329));
#369 = CARTESIAN_POINT('',(-2.649709015381,0.590233279329));
#370 = CARTESIAN_POINT('',(-2.623678669319,0.590233279329));
#371 = CARTESIAN_POINT('',(-2.597648320947,0.590233279329));
#372 = CARTESIAN_POINT('',(-2.571617974885,0.590233279329));
#373 = CARTESIAN_POINT('',(-2.545587635756,0.590233279329));
#374 = CARTESIAN_POINT('',(-2.493526980603,0.590233279329));
#375 = CARTESIAN_POINT('',(-2.467496641473,0.590233279329));
#376 = CARTESIAN_POINT('',(-2.441466295411,0.590233279329));
#377 = CARTESIAN_POINT('',(-2.415435947039,0.590233279329));
#378 = CARTESIAN_POINT('',(-2.389405600977,0.590233279329));
#379 = CARTESIAN_POINT('',(-2.363375261847,0.590233279329));
#380 = CARTESIAN_POINT('',(-2.311314606694,0.590233279329));
#381 = CARTESIAN_POINT('',(-2.285284267565,0.590233279329));
#382 = CARTESIAN_POINT('',(-2.259253921503,0.590233279329));
#383 = CARTESIAN_POINT('',(-2.233223573131,0.590233279329));
#384 = CARTESIAN_POINT('',(-2.207193227069,0.590233279329));
#385 = CARTESIAN_POINT('',(-2.181162887939,0.590233279329));
#386 = CARTESIAN_POINT('',(-2.129102232786,0.590233279329));
#387 = CARTESIAN_POINT('',(-2.103071893656,0.590233279329));
#388 = CARTESIAN_POINT('',(-2.077041547595,0.590233279329));
#389 = CARTESIAN_POINT('',(-2.051011199222,0.590233279329));
#390 = CARTESIAN_POINT('',(-2.024980853161,0.590233279329));
#391 = CARTESIAN_POINT('',(-1.998950514031,0.590233279329));
#392 = CARTESIAN_POINT('',(-1.946889858878,0.590233279329));
#393 = CARTESIAN_POINT('',(-1.920859519748,0.590233279329));
#394 = CARTESIAN_POINT('',(-1.894829173687,0.590233279329));
#395 = CARTESIAN_POINT('',(-1.868798825314,0.590233279329));
#396 = CARTESIAN_POINT('',(-1.842768479253,0.590233279329));
#397 = CARTESIAN_POINT('',(-1.816738140123,0.590233279329));
#398 = CARTESIAN_POINT('',(-1.76467748497,0.590233279329));
#399 = CARTESIAN_POINT('',(-1.73864714584,0.590233279329));
#400 = CARTESIAN_POINT('',(-1.712616799778,0.590233279329));
#401 = CARTESIAN_POINT('',(-1.686586451406,0.590233279329));
#402 = CARTESIAN_POINT('',(-1.660556105344,0.590233279329));
#403 = CARTESIAN_POINT('',(-1.634525766215,0.590233279329));
#404 = CARTESIAN_POINT('',(-1.582465111062,0.590233279329));
#405 = CARTESIAN_POINT('',(-1.556434771932,0.590233279329));
#406 = CARTESIAN_POINT('',(-1.53040442587,0.590233279329));
#407 = CARTESIAN_POINT('',(-1.504374077498,0.590233279329));
#408 = CARTESIAN_POINT('',(-1.478343731436,0.590233279329));
#409 = CARTESIAN_POINT('',(-1.452313392306,0.590233279329));
#410 = CARTESIAN_POINT('',(-1.400252737153,0.590233279329));
#411 = CARTESIAN_POINT('',(-1.374222398024,0.590233279329));
#412 = CARTESIAN_POINT('',(-1.348192051962,0.590233279329));
#413 = CARTESIAN_POINT('',(-1.32216170359,0.590233279329));
#414 = CARTESIAN_POINT('',(-1.296131357528,0.590233279329));
#415 = CARTESIAN_POINT('',(-1.270101018398,0.590233279329));
#416 = CARTESIAN_POINT('',(-1.218040363245,0.590233279329));
#417 = CARTESIAN_POINT('',(-1.192010024115,0.590233279329));
#418 = CARTESIAN_POINT('',(-1.165979678054,0.590233279329));
#419 = CARTESIAN_POINT('',(-1.139949329681,0.590233279329));
#420 = CARTESIAN_POINT('',(-1.11391898362,0.590233279329));
#421 = CARTESIAN_POINT('',(-1.08788864449,0.590233279329));
#422 = CARTESIAN_POINT('',(-1.035827989337,0.590233279329));
#423 = CARTESIAN_POINT('',(-1.009797650207,0.590233279329));
#424 = CARTESIAN_POINT('',(-0.983767304146,0.590233279329));
#425 = CARTESIAN_POINT('',(-0.957736955773,0.590233279329));
#426 = CARTESIAN_POINT('',(-0.931706609712,0.590233279329));
#427 = CARTESIAN_POINT('',(-0.905676270582,0.590233279329));
#428 = CARTESIAN_POINT('',(-0.754010284482,0.590233279329));
#429 = CARTESIAN_POINT('',(-0.628286340896,0.590233279329));
#430 = CARTESIAN_POINT('',(-0.502636504379,0.590233279329));
#431 = CARTESIAN_POINT('',(-0.377009438626,0.590233279329));
#432 = CARTESIAN_POINT('',(-0.25135960211,0.590233279329));
#433 = CARTESIAN_POINT('',(-0.125635658523,0.590233279329));
#434 = CARTESIAN_POINT('',(0.,0.590233279329));
#435 = ( GEOMETRIC_REPRESENTATION_CONTEXT(2) 
PARAMETRIC_REPRESENTATION_CONTEXT() REPRESENTATION_CONTEXT('2D SPACE',''
  ) );
#436 = PCURVE('',#437,#442);
#437 = CYLINDRICAL_SURFACE('',#438,1.665);
#438 = AXIS2_PLACEMENT_3D('',#439,#440,#441);
#439 = CARTESIAN_POINT('',(-3.4,0.,0.));
#440 = DIRECTION('',(1.,0.,2.22044604925E-16));
#441 = DIRECTION('',(2.22044604925E-16,0.,-1.));
#442 = DEFINITIONAL_REPRESENTATION('',(#443),#462);
#443 = B_SPLINE_CURVE_WITH_KNOTS('',5,(#444,#445,#446,#447,#448,#449,
    #450,#451,#452,#453,#454,#455,#456,#457,#458,#459,#460,#461),
  .UNSPECIFIED.,.F.,.F.,(6,4,4,4,6),(0.250007798271,0.625003899135,
    0.812501949568,0.859376462176,1.),.UNSPECIFIED.);
#444 = CARTESIAN_POINT('',(6.28318531317,3.409766720671));
#445 = CARTESIAN_POINT('',(5.811965964239,3.409766720671));
#446 = CARTESIAN_POINT('',(5.340746869819,3.409766720671));
#447 = CARTESIAN_POINT('',(4.869527211685,3.409766720671));
#448 = CARTESIAN_POINT('',(4.398308249397,3.409766720671));
#449 = CARTESIAN_POINT('',(3.691479100552,3.409766720671));
#450 = CARTESIAN_POINT('',(3.455869554627,3.409766720671));
#451 = CARTESIAN_POINT('',(3.220259900591,3.409766720671));
#452 = CARTESIAN_POINT('',(2.984650154295,3.409766720671));
#453 = CARTESIAN_POINT('',(2.690138131707,3.409766720671));
#454 = CARTESIAN_POINT('',(2.631235714507,3.409766720671));
#455 = CARTESIAN_POINT('',(2.572333322108,3.409766720671));
#456 = CARTESIAN_POINT('',(2.513430875238,3.409766720671));
#457 = CARTESIAN_POINT('',(2.277821269135,3.409766720671));
#458 = CARTESIAN_POINT('',(2.100936725778,3.409766720671));
#459 = CARTESIAN_POINT('',(1.924390516644,3.409766720671));
#460 = CARTESIAN_POINT('',(1.747503489409,3.409766720671));
#461 = CARTESIAN_POINT('',(1.570796326795,3.409766720671));
#462 = ( GEOMETRIC_REPRESENTATION_CONTEXT(2) 
PARAMETRIC_REPRESENTATION_CONTEXT() REPRESENTATION_CONTEXT('2D SPACE',''
  ) );
#463 = ORIENTED_EDGE('',*,*,#464,.F.);
#464 = EDGE_CURVE('',#22,#52,#465,.T.);
#465 = SURFACE_CURVE('',#466,(#655,#847),.PCURVE_S1.);
#466 = B_SPLINE_CURVE_WITH_KNOTS('',7,(#467,#468,#469,#470,#471,#472,
    #473,#474,#475,#476,#477,#478,#479,#480,#481,#482,#483,#484,#485,
    #486,#487,#488,#489,#490,#491,#492,#493,#494,#495,#496,#497,#498,
    #499,#500,#501,#502,#503,#504,#505,#506,#507,#508,#509,#510,#511,
    #512,#513,#514,#515,#516,#517,#518,#519,#520,#521,#522,#523,#524,
    #525,#526,#527,#528,#529,#530,#531,#532,#533,#534,#535,#536,#537,
    #538,#539,#540,#541,#542,#543,#544,#545,#546,#547,#548,#549,#550,
    #551,#552,#553,#554,#555,#556,#557,#558,#559,#560,#561,#562,#563,
    #564,#565,#566,#567,#568,#569,#570,#571,#572,#573,#574,#575,#576,
    #577,#578,#579,#580,#581,#582,#583,#584,#585,#586,#587,#588,#589,
    #590,#591,#592,#593,#594,#595,#596,#597,#598,#599,#600,#601,#602,
    #603,#604,#605,#606,#607,#608,#609,#610,#611,#612,#613,#614,#615,
    #616,#617,#618,#619,#620,#621,#622,#623,#624,#625,#626,#627,#628,
    #629,#630,#631,#632,#633,#634,#635,#636,#637,#638,#639,#640,#641,
    #642,#643,#644,#645,#646,#647,#648,#649,#650,#651,#652,#653,#654),
  .UNSPECIFIED.,.T.,.F.,(8,6,6,6,6,6,6,6,6,6,6,6,6,6,6,6,6,6,6,6,6,6,6,6
    ,6,6,6,6,6,6,6,8),(0.,2.900090398454E-02,5.800180796908E-02,
    8.700271195363E-02,0.116003615938,0.145004519923,0.174005423907,
    0.203006327892,0.229007142442,0.25700801688,0.286008920865,
    0.315009824849,0.344010728834,0.370011543384,0.399012447368,
    0.426013291986,0.45501419597,0.483015070409,0.512015974393,
    0.541016878378,0.570017782362,0.599018686347,0.628019590331,
    0.657020494316,0.6860213983,0.715022302285,0.744023206269,
    0.773024110254,0.802025014239,0.831025918223,0.860026822208,1.),
  .UNSPECIFIED.);
#467 = CARTESIAN_POINT('',(9.766720671204E-03,1.665,-4.440892098501E-16)
  );
#468 = CARTESIAN_POINT('',(9.766720671204E-03,1.665,-4.334049541488E-02)
  );
#469 = CARTESIAN_POINT('',(9.766720671204E-03,1.663683800014,
    -8.668107632488E-02));
#470 = CARTESIAN_POINT('',(9.766720671204E-03,1.661051408547,
    -0.129973610572));
#471 = CARTESIAN_POINT('',(9.766720671204E-03,1.657105010341,
    -0.173170164817));
#472 = CARTESIAN_POINT('',(9.766720671204E-03,1.65184896638,
    -0.21622300454));
#473 = CARTESIAN_POINT('',(9.766720671204E-03,1.645289813885,
    -0.259084594041));
#474 = CARTESIAN_POINT('',(9.766720671204E-03,1.62958271875,
    -0.344330598837));
#475 = CARTESIAN_POINT('',(9.766720671204E-03,1.620434745125,
    -0.386715182291));
#476 = CARTESIAN_POINT('',(9.766720671204E-03,1.610001075631,
    -0.428814013002));
#477 = CARTESIAN_POINT('',(9.766720671204E-03,1.598292544641,
    -0.470580347047));
#478 = CARTESIAN_POINT('',(9.766720671204E-03,1.585322090711,
    -0.511968030374));
#479 = CARTESIAN_POINT('',(9.766720671204E-03,1.571104756585,
    -0.552931498811));
#480 = CARTESIAN_POINT('',(9.766720671204E-03,1.540210621795,
    -0.633920057304));
#481 = CARTESIAN_POINT('',(9.766720671204E-03,1.523533760188,
    -0.673945307121));
#482 = CARTESIAN_POINT('',(9.766720671204E-03,1.505644267186,
    -0.713456559272));
#483 = CARTESIAN_POINT('',(9.766720671204E-03,1.486561268072,
    -0.752409806919));
#484 = CARTESIAN_POINT('',(9.766720671204E-03,1.466305850587,
    -0.790762004625));
#485 = CARTESIAN_POINT('',(9.766720671204E-03,1.444901064934,
    -0.828471068352));
#486 = CARTESIAN_POINT('',(9.766720671204E-03,1.399842782625,
    -0.902520682575));
#487 = CARTESIAN_POINT('',(9.766720671204E-03,1.376189197085,
    -0.938861379144));
#488 = CARTESIAN_POINT('',(9.766720671204E-03,1.351436194356,
    -0.974476851375));
#489 = CARTESIAN_POINT('',(9.766720671204E-03,1.325610557394,
    -1.009327286566));
#490 = CARTESIAN_POINT('',(9.766720671204E-03,1.298740824921,
    -1.043374173107));
#491 = CARTESIAN_POINT('',(9.766720671204E-03,1.270857291418,
    -1.076580300485));
#492 = CARTESIAN_POINT('',(9.766720671204E-03,1.213126722845,
    -1.141239218071));
#493 = CARTESIAN_POINT('',(9.766720671204E-03,1.183279573892,
    -1.172692135828));
#494 = CARTESIAN_POINT('',(9.766720671204E-03,1.152482623206,
    -1.203232614455));
#495 = CARTESIAN_POINT('',(9.766720671204E-03,1.120769424648,
    -1.232826353569));
#496 = CARTESIAN_POINT('',(9.766720671204E-03,1.088175023013,
    -1.261440650492));
#497 = CARTESIAN_POINT('',(9.766720671204E-03,1.054735954023,
    -1.289044400257));
#498 = CARTESIAN_POINT('',(9.766720671204E-03,0.986244534641,
    -1.342171790954));
#499 = CARTESIAN_POINT('',(9.766720671204E-03,0.951192049141,
    -1.367695536687));
#500 = CARTESIAN_POINT('',(9.766720671204E-03,0.915370824909,
    -1.392149838985));
#501 = CARTESIAN_POINT('',(9.766720671204E-03,0.878820075758,
    -1.415507045452));
#502 = CARTESIAN_POINT('',(9.766720671204E-03,0.841580192235,
    -1.437741345117));
#503 = CARTESIAN_POINT('',(9.766720671204E-03,0.803692741622,
    -1.458828768432));
#504 = CARTESIAN_POINT('',(9.766720671204E-03,0.726708194247,
    -1.498665606117));
#505 = CARTESIAN_POINT('',(9.766720671204E-03,0.687610945622,
    -1.517415099069));
#506 = CARTESIAN_POINT('',(9.766720671204E-03,0.647951473892,
    -1.534973553114));
#507 = CARTESIAN_POINT('',(9.766720671204E-03,0.607773354467,
    -1.551320879406));
#508 = CARTESIAN_POINT('',(9.766720671204E-03,0.567120986333,
    -1.566439013267));
#509 = CARTESIAN_POINT('',(9.766720671204E-03,0.526039592053,
    -1.580311914191));
#510 = CARTESIAN_POINT('',(9.766720671204E-03,0.44740025568,
    -1.604234358758));
#511 = CARTESIAN_POINT('',(9.766720671204E-03,0.40991733951,
    -1.614530996229));
#512 = CARTESIAN_POINT('',(9.766720671204E-03,0.372159633085,
    -1.623805394285));
#513 = CARTESIAN_POINT('',(9.766720671204E-03,0.334160599559,
    -1.632048848751));
#514 = CARTESIAN_POINT('',(9.766720671204E-03,0.295954001419,
    -1.639254035242));
#515 = CARTESIAN_POINT('',(9.766720671204E-03,0.25757390048,
    -1.645415009168));
#516 = CARTESIAN_POINT('',(9.766720671204E-03,0.177572400739,
    -1.656032647639));
#517 = CARTESIAN_POINT('',(9.766720671204E-03,0.135928644029,
    -1.660321772284));
#518 = CARTESIAN_POINT('',(9.766720671204E-03,9.416632471548E-02,
    -1.663388888111));
#519 = CARTESIAN_POINT('',(9.766720671204E-03,5.232846325152E-02,
    -1.665230200824));
#520 = CARTESIAN_POINT('',(9.766720671204E-03,1.045816359179E-02,
    -1.665843813388));
#521 = CARTESIAN_POINT('',(9.766720671204E-03,-3.140138680966E-02,
    -1.66522972603));
#522 = CARTESIAN_POINT('',(9.766720671204E-03,-0.116505499324,
    -1.661484236209));
#523 = CARTESIAN_POINT('',(9.766720671204E-03,-0.159746296224,
    -1.658263705285));
#524 = CARTESIAN_POINT('',(9.766720671204E-03,-0.202881222463,
    -1.653730368244));
#525 = CARTESIAN_POINT('',(9.766720671204E-03,-0.245862487115,
    -1.647888515255));
#526 = CARTESIAN_POINT('',(9.766720671204E-03,-0.288642593567,
    -1.640744601881));
#527 = CARTESIAN_POINT('',(9.766720671204E-03,-0.331174339519,
    -1.632307249076));
#528 = CARTESIAN_POINT('',(9.766720671204E-03,-0.415647294442,
    -1.612867237303));
#529 = CARTESIAN_POINT('',(9.766720671204E-03,-0.457588670049,
    -1.601864539986));
#530 = CARTESIAN_POINT('',(9.766720671204E-03,-0.499188039626,
    -1.589589954163));
#531 = CARTESIAN_POINT('',(9.766720671204E-03,-0.540399180821,
    -1.57605635897));
#532 = CARTESIAN_POINT('',(9.766720671204E-03,-0.581176553102,
    -1.561278709759));
#533 = CARTESIAN_POINT('',(9.766720671204E-03,-0.62147529776,
    -1.545274038097));
#534 = CARTESIAN_POINT('',(9.766720671204E-03,-0.701027178053,
    -1.510848865431));
#535 = CARTESIAN_POINT('',(9.766720671204E-03,-0.740280470615,
    -1.492428296518));
#536 = CARTESIAN_POINT('',(9.766720671204E-03,-0.778966945459,
    -1.472818868416));
#537 = CARTESIAN_POINT('',(9.766720671204E-03,-0.817043479208,
    -1.452041622807));
#538 = CARTESIAN_POINT('',(9.766720671204E-03,-0.854467995241,
    -1.430119519667));
#539 = CARTESIAN_POINT('',(9.766720671204E-03,-0.891199463692,
    -1.407077437264));
#540 = CARTESIAN_POINT('',(9.766720671204E-03,-0.959472367959,
    -1.361303655224));
#541 = CARTESIAN_POINT('',(9.766720671204E-03,-0.99115771954,
    -1.338786367577));
#542 = CARTESIAN_POINT('',(9.766720671204E-03,-1.022225167683,
    -1.315409615885));
#543 = CARTESIAN_POINT('',(9.766720671204E-03,-1.052646803184,
    -1.291193811461));
#544 = CARTESIAN_POINT('',(9.766720671204E-03,-1.082395596142,
    -1.266160470267));
#545 = CARTESIAN_POINT('',(9.766720671204E-03,-1.111445395966,
    -1.240332212913));
#546 = CARTESIAN_POINT('',(9.766720671204E-03,-1.171364792825,
    -1.184064153951));
#547 = CARTESIAN_POINT('',(9.766720671204E-03,-1.202057715712,
    -1.153436016223));
#548 = CARTESIAN_POINT('',(9.766720671204E-03,-1.231814619019,
    -1.121881306401));
#549 = CARTESIAN_POINT('',(9.766720671204E-03,-1.260602056406,
    -1.089434429723));
#550 = CARTESIAN_POINT('',(9.766720671204E-03,-1.288388216203,
    -1.056131241736));
#551 = CARTESIAN_POINT('',(9.766720671204E-03,-1.315142921413,
    -1.022009048297));
#552 = CARTESIAN_POINT('',(9.766720671204E-03,-1.364760291794,
    -0.954611224273));
#553 = CARTESIAN_POINT('',(9.766720671204E-03,-1.387764201869,
    -0.921439395836));
#554 = CARTESIAN_POINT('',(9.766720671204E-03,-1.409826345609,
    -0.887622391135));
#555 = CARTESIAN_POINT('',(9.766720671204E-03,-1.430925108706,
    -0.853192338979));
#556 = CARTESIAN_POINT('',(9.766720671204E-03,-1.451040276861,
    -0.818182226105));
#557 = CARTESIAN_POINT('',(9.766720671204E-03,-1.470153035787,
    -0.782625897177));
#558 = CARTESIAN_POINT('',(9.766720671204E-03,-1.507679121933,
    -0.707818524645));
#559 = CARTESIAN_POINT('',(9.766720671204E-03,-1.525935836919,
    -0.668488756098));
#560 = CARTESIAN_POINT('',(9.766720671204E-03,-1.542994542119,
    -0.62861177548));
#561 = CARTESIAN_POINT('',(9.766720671204E-03,-1.558835697843,
    -0.588231407195));
#562 = CARTESIAN_POINT('',(9.766720671204E-03,-1.57344179876,
    -0.547392273728));
#563 = CARTESIAN_POINT('',(9.766720671204E-03,-1.5867973739,
    -0.506139795637));
#564 = CARTESIAN_POINT('',(9.766720671204E-03,-1.610563647918,
    -0.424335743902));
#565 = CARTESIAN_POINT('',(9.766720671204E-03,-1.621060056367,
    -0.383808907451));
#566 = CARTESIAN_POINT('',(9.766720671204E-03,-1.630366134803,
    -0.342981276879));
#567 = CARTESIAN_POINT('',(9.766720671204E-03,-1.638471669215,
    -0.301894814434));
#568 = CARTESIAN_POINT('',(9.766720671204E-03,-1.64536830878,
    -0.260591849931));
#569 = CARTESIAN_POINT('',(9.766720671204E-03,-1.651049565862,
    -0.219115080758));
#570 = CARTESIAN_POINT('',(9.766720671204E-03,-1.660131396254,
    -0.134414083021));
#571 = CARTESIAN_POINT('',(9.766720671204E-03,-1.663443286926,
    -9.118018756649E-02));
#572 = CARTESIAN_POINT('',(9.766720671204E-03,-1.665441365056,
    -4.785374425359E-02));
#573 = CARTESIAN_POINT('',(9.766720671204E-03,-1.66612269271,
    -4.482646157455E-03));
#574 = CARTESIAN_POINT('',(9.766720671204E-03,-1.665486516983,
    3.888517932188E-02));
#575 = CARTESIAN_POINT('',(9.766720671204E-03,-1.663534270004,
    8.220177045914E-02));
#576 = CARTESIAN_POINT('',(9.766720671204E-03,-1.657004867864,
    0.168636491948));
#577 = CARTESIAN_POINT('',(9.766720671204E-03,-1.652427699824,
    0.211754792805));
#578 = CARTESIAN_POINT('',(9.766720671204E-03,-1.646541698936,
    0.254726039004));
#579 = CARTESIAN_POINT('',(9.766720671204E-03,-1.6393526544,
    0.29750259796));
#580 = CARTESIAN_POINT('',(9.766720671204E-03,-1.630868510498,
    0.34003719927));
#581 = CARTESIAN_POINT('',(9.766720671204E-03,-1.621099366593,
    0.382282934716));
#582 = CARTESIAN_POINT('',(9.766720671204E-03,-1.599015587656,
    0.466103581809));
#583 = CARTESIAN_POINT('',(9.766720671204E-03,-1.586700909062,
    0.507678658804));
#584 = CARTESIAN_POINT('',(9.766720671204E-03,-1.57312571223,
    0.548871947545));
#585 = CARTESIAN_POINT('',(9.766720671204E-03,-1.558304321821,
    0.589637653032));
#586 = CARTESIAN_POINT('',(9.766720671204E-03,-1.542253116272,
    0.629930726962));
#587 = CARTESIAN_POINT('',(9.766720671204E-03,-1.52499052779,
    0.669706867737));
#588 = CARTESIAN_POINT('',(9.766720671204E-03,-1.488083556922,
    0.748138173174));
#589 = CARTESIAN_POINT('',(9.766720671204E-03,-1.468439101733,
    0.786793492554));
#590 = CARTESIAN_POINT('',(9.766720671204E-03,-1.447624178159,
    0.824844930936));
#591 = CARTESIAN_POINT('',(9.766720671204E-03,-1.425661172038,
    0.862250047158));
#592 = CARTESIAN_POINT('',(9.766720671204E-03,-1.402574353675,
    0.898967506551));
#593 = CARTESIAN_POINT('',(9.766720671204E-03,-1.378389877844,
    0.934957080941));
#594 = CARTESIAN_POINT('',(9.766720671204E-03,-1.327881689719,
    1.005402216355));
#595 = CARTESIAN_POINT('',(9.766720671204E-03,-1.301557877792,
    1.039857916343));
#596 = CARTESIAN_POINT('',(9.766720671204E-03,-1.274192401061,
    1.073507636842));
#597 = CARTESIAN_POINT('',(9.766720671204E-03,-1.245814965356,
    1.106313695737));
#598 = CARTESIAN_POINT('',(9.766720671204E-03,-1.216456929271,
    1.138239840566));
#599 = CARTESIAN_POINT('',(9.766720671204E-03,-1.186151304169,
    1.169251248518));
#600 = CARTESIAN_POINT('',(9.766720671204E-03,-1.123714204188,
    1.229377804358));
#601 = CARTESIAN_POINT('',(9.766720671204E-03,-1.091582606143,
    1.258493070854));
#602 = CARTESIAN_POINT('',(9.766720671204E-03,-1.058572635971,
    1.28662694502));
#603 = CARTESIAN_POINT('',(9.766720671204E-03,-1.024720335943,
    1.313747751429));
#604 = CARTESIAN_POINT('',(9.766720671204E-03,-0.990063114674,
    1.339825520127));
#605 = CARTESIAN_POINT('',(9.766720671204E-03,-0.954639747124,
    1.364831986639));
#606 = CARTESIAN_POINT('',(9.766720671204E-03,-0.882341002069,
    1.412649197292));
#607 = CARTESIAN_POINT('',(9.766720671204E-03,-0.845465481944,
    1.43546003576));
#608 = CARTESIAN_POINT('',(9.766720671204E-03,-0.80790396491,
    1.457146562554));
#609 = CARTESIAN_POINT('',(9.766720671204E-03,-0.769697636334,
    1.477684157695));
#610 = CARTESIAN_POINT('',(9.766720671204E-03,-0.730888716268,
    1.497050126033));
#611 = CARTESIAN_POINT('',(9.766720671204E-03,-0.691520459446,
    1.515223697251));
#612 = CARTESIAN_POINT('',(9.766720671204E-03,-0.611753851123,
    1.549148354477));
#613 = CARTESIAN_POINT('',(9.766720671204E-03,-0.571355342271,
    1.564899507406));
#614 = CARTESIAN_POINT('',(9.766720671204E-03,-0.530485924803,
    1.579420654818));
#615 = CARTESIAN_POINT('',(9.766720671204E-03,-0.489190563554,
    1.592695047337));
#616 = CARTESIAN_POINT('',(9.766720671204E-03,-0.447514892123,
    1.604708016042));
#617 = CARTESIAN_POINT('',(9.766720671204E-03,-0.405505212872,
    1.615446972474));
#618 = CARTESIAN_POINT('',(9.766720671204E-03,-0.320911780979,
    1.634355844782));
#619 = CARTESIAN_POINT('',(9.766720671204E-03,-0.278327861466,
    1.642525797957));
#620 = CARTESIAN_POINT('',(9.766720671204E-03,-0.23550371322,
    1.649400776749));
#621 = CARTESIAN_POINT('',(9.766720671204E-03,-0.192486591778,
    1.654972456951));
#622 = CARTESIAN_POINT('',(9.766720671204E-03,-0.149324033376,
    1.659234681556));
#623 = CARTESIAN_POINT('',(9.766720671204E-03,-0.106063854953,
    1.662183460757));
#624 = CARTESIAN_POINT('',(9.766720671204E-03,-1.944445333853E-02,
    1.665450483136));
#625 = CARTESIAN_POINT('',(9.766720671204E-03,2.391494072087E-02,
    1.665768732758));
#626 = CARTESIAN_POINT('',(9.766720671204E-03,6.727592975306E-02,
    1.6647699152));
#627 = CARTESIAN_POINT('',(9.766720671204E-03,0.110590532134,
    1.662454407039));
#628 = CARTESIAN_POINT('',(9.766720671204E-03,0.153810882893,
    1.658824767034));
#629 = CARTESIAN_POINT('',(9.766720671204E-03,0.196889233718,
    1.653885736134));
#630 = CARTESIAN_POINT('',(9.766720671204E-03,0.28266667218,
    1.641402738813));
#631 = CARTESIAN_POINT('',(9.766720671204E-03,0.325365929025,
    1.633858747766));
#632 = CARTESIAN_POINT('',(9.766720671204E-03,0.367828094275,
    1.6250192043));
#633 = CARTESIAN_POINT('',(9.766720671204E-03,0.410006048867,
    1.6148931733));
#634 = CARTESIAN_POINT('',(9.766720671204E-03,0.451853183892,
    1.603491844578));
#635 = CARTESIAN_POINT('',(9.766720671204E-03,0.493323400584,
    1.590828532866));
#636 = CARTESIAN_POINT('',(9.766720671204E-03,0.575418820074,
    1.563008822767));
#637 = CARTESIAN_POINT('',(9.766720671204E-03,0.616044184817,
    1.547852369503));
#638 = CARTESIAN_POINT('',(9.766720671204E-03,0.656201621401,
    1.531464773787));
#639 = CARTESIAN_POINT('',(9.766720671204E-03,0.695846433422,
    1.513863488685));
#640 = CARTESIAN_POINT('',(9.766720671204E-03,0.734934811227,
    1.495067964565));
#641 = CARTESIAN_POINT('',(9.766720671204E-03,0.773423831914,
    1.475099649099));
#642 = CARTESIAN_POINT('',(9.766720671204E-03,0.849119086751,
    1.432864325419));
#643 = CARTESIAN_POINT('',(9.766720671204E-03,0.886325470221,
    1.410597233891));
#644 = CARTESIAN_POINT('',(9.766720671204E-03,0.922848581879,
    1.387204172501));
#645 = CARTESIAN_POINT('',(9.766720671204E-03,0.958647627856,
    1.362710404629));
#646 = CARTESIAN_POINT('',(9.766720671204E-03,0.993683048279,
    1.337142997209));
#647 = CARTESIAN_POINT('',(9.766720671204E-03,1.027916517266,
    1.310530820727));
#648 = CARTESIAN_POINT('',(9.766720671204E-03,1.222489500795,
    1.149566050009));
#649 = CARTESIAN_POINT('',(9.766720671204E-03,1.36423694035,
    0.992508826507));
#650 = CARTESIAN_POINT('',(9.766720671204E-03,1.482142152587,
    0.815285441991));
#651 = CARTESIAN_POINT('',(9.766720671204E-03,1.572941193972,
    0.622327657026));
#652 = CARTESIAN_POINT('',(9.766720671204E-03,1.634338547876,
    0.418513692771));
#653 = CARTESIAN_POINT('',(9.766720671204E-03,1.665,0.209183371441));
#654 = CARTESIAN_POINT('',(9.766720671204E-03,1.665,0.));
#655 = PCURVE('',#32,#656);
#656 = DEFINITIONAL_REPRESENTATION('',(#657),#846);
#657 = B_SPLINE_CURVE_WITH_KNOTS('',7,(#658,#659,#660,#661,#662,#663,
    #664,#665,#666,#667,#668,#669,#670,#671,#672,#673,#674,#675,#676,
    #677,#678,#679,#680,#681,#682,#683,#684,#685,#686,#687,#688,#689,
    #690,#691,#692,#693,#694,#695,#696,#697,#698,#699,#700,#701,#702,
    #703,#704,#705,#706,#707,#708,#709,#710,#711,#712,#713,#714,#715,
    #716,#717,#718,#719,#720,#721,#722,#723,#724,#725,#726,#727,#728,
    #729,#730,#731,#732,#733,#734,#735,#736,#737,#738,#739,#740,#741,
    #742,#743,#744,#745,#746,#747,#748,#749,#750,#751,#752,#753,#754,
    #755,#756,#757,#758,#759,#760,#761,#762,#763,#764,#765,#766,#767,
    #768,#769,#770,#771,#772,#773,#774,#775,#776,#777,#778,#779,#780,
    #781,#782,#783,#784,#785,#786,#787,#788,#789,#790,#791,#792,#793,
    #794,#795,#796,#797,#798,#799,#800,#801,#802,#803,#804,#805,#806,
    #807,#808,#809,#810,#811,#812,#813,#814,#815,#816,#817,#818,#819,
    #820,#821,#822,#823,#824,#825,#826,#827,#828,#829,#830,#831,#832,
    #833,#834,#835,#836,#837,#838,#839,#840,#841,#842,#843,#844,#845),
  .UNSPECIFIED.,.F.,.F.,(8,6,6,6,6,6,6,6,6,6,6,6,6,6,6,6,6,6,6,6,6,6,6,6
    ,6,6,6,6,6,6,6,8),(0.,2.900090398454E-02,5.800180796908E-02,
    8.700271195363E-02,0.116003615938,0.145004519923,0.174005423907,
    0.203006327892,0.229007142442,0.25700801688,0.286008920865,
    0.315009824849,0.344010728834,0.370011543384,0.399012447368,
    0.426013291986,0.45501419597,0.483015070409,0.512015974393,
    0.541016878378,0.570017782362,0.599018686347,0.628019590331,
    0.657020494316,0.6860213983,0.715022302285,0.744023206269,
    0.773024110254,0.802025014239,0.831025918223,0.860026822208,1.),
  .UNSPECIFIED.);
#658 = CARTESIAN_POINT('',(-6.28318530718,0.590233279329));
#659 = CARTESIAN_POINT('',(-6.257154979603,0.590233279329));
#660 = CARTESIAN_POINT('',(-6.231124640473,0.590233279329));
#661 = CARTESIAN_POINT('',(-6.205094294412,0.590233279329));
#662 = CARTESIAN_POINT('',(-6.179063946039,0.590233279329));
#663 = CARTESIAN_POINT('',(-6.153033599978,0.590233279329));
#664 = CARTESIAN_POINT('',(-6.127003260848,0.590233279329));
#665 = CARTESIAN_POINT('',(-6.074942605695,0.590233279329));
#666 = CARTESIAN_POINT('',(-6.048912266565,0.590233279329));
#667 = CARTESIAN_POINT('',(-6.022881920503,0.590233279329));
#668 = CARTESIAN_POINT('',(-5.996851572131,0.590233279329));
#669 = CARTESIAN_POINT('',(-5.970821226069,0.590233279329));
#670 = CARTESIAN_POINT('',(-5.94479088694,0.590233279329));
#671 = CARTESIAN_POINT('',(-5.892730231787,0.590233279329));
#672 = CARTESIAN_POINT('',(-5.866699892657,0.590233279329));
#673 = CARTESIAN_POINT('',(-5.840669546595,0.590233279329));
#674 = CARTESIAN_POINT('',(-5.814639198223,0.590233279329));
#675 = CARTESIAN_POINT('',(-5.788608852161,0.590233279329));
#676 = CARTESIAN_POINT('',(-5.762578513031,0.590233279329));
#677 = CARTESIAN_POINT('',(-5.710517857878,0.590233279329));
#678 = CARTESIAN_POINT('',(-5.684487518749,0.590233279329));
#679 = CARTESIAN_POINT('',(-5.658457172687,0.590233279329));
#680 = CARTESIAN_POINT('',(-5.632426824315,0.590233279329));
#681 = CARTESIAN_POINT('',(-5.606396478253,0.590233279329));
#682 = CARTESIAN_POINT('',(-5.580366139123,0.590233279329));
#683 = CARTESIAN_POINT('',(-5.52830548397,0.590233279329));
#684 = CARTESIAN_POINT('',(-5.502275144841,0.590233279329));
#685 = CARTESIAN_POINT('',(-5.476244798779,0.590233279329));
#686 = CARTESIAN_POINT('',(-5.450214450407,0.590233279329));
#687 = CARTESIAN_POINT('',(-5.424184104345,0.590233279329));
#688 = CARTESIAN_POINT('',(-5.398153765215,0.590233279329));
#689 = CARTESIAN_POINT('',(-5.346093110062,0.590233279329));
#690 = CARTESIAN_POINT('',(-5.320062770932,0.590233279329));
#691 = CARTESIAN_POINT('',(-5.294032424871,0.590233279329));
#692 = CARTESIAN_POINT('',(-5.268002076498,0.590233279329));
#693 = CARTESIAN_POINT('',(-5.241971730437,0.590233279329));
#694 = CARTESIAN_POINT('',(-5.215941391307,0.590233279329));
#695 = CARTESIAN_POINT('',(-5.163880736154,0.590233279329));
#696 = CARTESIAN_POINT('',(-5.137850397024,0.590233279329));
#697 = CARTESIAN_POINT('',(-5.111820050962,0.590233279329));
#698 = CARTESIAN_POINT('',(-5.08578970259,0.590233279329));
#699 = CARTESIAN_POINT('',(-5.059759356528,0.590233279329));
#700 = CARTESIAN_POINT('',(-5.033729017399,0.590233279329));
#701 = CARTESIAN_POINT('',(-4.984361151091,0.590233279329));
#702 = CARTESIAN_POINT('',(-4.961023605664,0.590233279329));
#703 = CARTESIAN_POINT('',(-4.93768605622,0.590233279329));
#704 = CARTESIAN_POINT('',(-4.914348505437,0.590233279329));
#705 = CARTESIAN_POINT('',(-4.891010955994,0.590233279329));
#706 = CARTESIAN_POINT('',(-4.867673410567,0.590233279329));
#707 = CARTESIAN_POINT('',(-4.819203140302,0.590233279329));
#708 = CARTESIAN_POINT('',(-4.794070399074,0.590233279329));
#709 = CARTESIAN_POINT('',(-4.768937652028,0.590233279329));
#710 = CARTESIAN_POINT('',(-4.743804903043,0.590233279329));
#711 = CARTESIAN_POINT('',(-4.718672155997,0.590233279329));
#712 = CARTESIAN_POINT('',(-4.693539414768,0.590233279329));
#713 = CARTESIAN_POINT('',(-4.642376355658,0.590233279329));
#714 = CARTESIAN_POINT('',(-4.616346016528,0.590233279329));
#715 = CARTESIAN_POINT('',(-4.590315670467,0.590233279329));
#716 = CARTESIAN_POINT('',(-4.564285322094,0.590233279329));
#717 = CARTESIAN_POINT('',(-4.538254976033,0.590233279329));
#718 = CARTESIAN_POINT('',(-4.512224636903,0.590233279329));
#719 = CARTESIAN_POINT('',(-4.46016398175,0.590233279329));
#720 = CARTESIAN_POINT('',(-4.43413364262,0.590233279329));
#721 = CARTESIAN_POINT('',(-4.408103296558,0.590233279329));
#722 = CARTESIAN_POINT('',(-4.382072948186,0.590233279329));
#723 = CARTESIAN_POINT('',(-4.356042602124,0.590233279329));
#724 = CARTESIAN_POINT('',(-4.330012262995,0.590233279329));
#725 = CARTESIAN_POINT('',(-4.277951607842,0.590233279329));
#726 = CARTESIAN_POINT('',(-4.251921268712,0.590233279329));
#727 = CARTESIAN_POINT('',(-4.22589092265,0.590233279329));
#728 = CARTESIAN_POINT('',(-4.199860574278,0.590233279329));
#729 = CARTESIAN_POINT('',(-4.173830228216,0.590233279329));
#730 = CARTESIAN_POINT('',(-4.147799889086,0.590233279329));
#731 = CARTESIAN_POINT('',(-4.098432022778,0.590233279329));
#732 = CARTESIAN_POINT('',(-4.075094477352,0.590233279329));
#733 = CARTESIAN_POINT('',(-4.051756927908,0.590233279329));
#734 = CARTESIAN_POINT('',(-4.028419377125,0.590233279329));
#735 = CARTESIAN_POINT('',(-4.005081827681,0.590233279329));
#736 = CARTESIAN_POINT('',(-3.981744282255,0.590233279329));
#737 = CARTESIAN_POINT('',(-3.932376415947,0.590233279329));
#738 = CARTESIAN_POINT('',(-3.906346076817,0.590233279329));
#739 = CARTESIAN_POINT('',(-3.880315730755,0.590233279329));
#740 = CARTESIAN_POINT('',(-3.854285382383,0.590233279329));
#741 = CARTESIAN_POINT('',(-3.828255036321,0.590233279329));
#742 = CARTESIAN_POINT('',(-3.802224697192,0.590233279329));
#743 = CARTESIAN_POINT('',(-3.751959234372,0.590233279329));
#744 = CARTESIAN_POINT('',(-3.727724091044,0.590233279329));
#745 = CARTESIAN_POINT('',(-3.703488942866,0.590233279329));
#746 = CARTESIAN_POINT('',(-3.67925379307,0.590233279329));
#747 = CARTESIAN_POINT('',(-3.655018644892,0.590233279329));
#748 = CARTESIAN_POINT('',(-3.630783501564,0.590233279329));
#749 = CARTESIAN_POINT('',(-3.580518038745,0.590233279329));
#750 = CARTESIAN_POINT('',(-3.554487699615,0.590233279329));
#751 = CARTESIAN_POINT('',(-3.528457353553,0.590233279329));
#752 = CARTESIAN_POINT('',(-3.502427005181,0.590233279329));
#753 = CARTESIAN_POINT('',(-3.476396659119,0.590233279329));
#754 = CARTESIAN_POINT('',(-3.45036631999,0.590233279329));
#755 = CARTESIAN_POINT('',(-3.39920326088,0.590233279329));
#756 = CARTESIAN_POINT('',(-3.374070519651,0.590233279329));
#757 = CARTESIAN_POINT('',(-3.348937772605,0.590233279329));
#758 = CARTESIAN_POINT('',(-3.32380502362,0.590233279329));
#759 = CARTESIAN_POINT('',(-3.298672276574,0.590233279329));
#760 = CARTESIAN_POINT('',(-3.273539535345,0.590233279329));
#761 = CARTESIAN_POINT('',(-3.222376476235,0.590233279329));
#762 = CARTESIAN_POINT('',(-3.196346137106,0.590233279329));
#763 = CARTESIAN_POINT('',(-3.170315791044,0.590233279329));
#764 = CARTESIAN_POINT('',(-3.144285442672,0.590233279329));
#765 = CARTESIAN_POINT('',(-3.11825509661,0.590233279329));
#766 = CARTESIAN_POINT('',(-3.09222475748,0.590233279329));
#767 = CARTESIAN_POINT('',(-3.040164102327,0.590233279329));
#768 = CARTESIAN_POINT('',(-3.014133763198,0.590233279329));
#769 = CARTESIAN_POINT('',(-2.988103417136,0.590233279329));
#770 = CARTESIAN_POINT('',(-2.962073068763,0.590233279329));
#771 = CARTESIAN_POINT('',(-2.936042722702,0.590233279329));
#772 = CARTESIAN_POINT('',(-2.910012383572,0.590233279329));
#773 = CARTESIAN_POINT('',(-2.857951728419,0.590233279329));
#774 = CARTESIAN_POINT('',(-2.831921389289,0.590233279329));
#775 = CARTESIAN_POINT('',(-2.805891043228,0.590233279329));
#776 = CARTESIAN_POINT('',(-2.779860694855,0.590233279329));
#777 = CARTESIAN_POINT('',(-2.753830348794,0.590233279329));
#778 = CARTESIAN_POINT('',(-2.727800009664,0.590233279329));
#779 = CARTESIAN_POINT('',(-2.675739354511,0.590233279329));
#780 = CARTESIAN_POINT('',(-2.649709015381,0.590233279329));
#781 = CARTESIAN_POINT('',(-2.623678669319,0.590233279329));
#782 = CARTESIAN_POINT('',(-2.597648320947,0.590233279329));
#783 = CARTESIAN_POINT('',(-2.571617974885,0.590233279329));
#784 = CARTESIAN_POINT('',(-2.545587635756,0.590233279329));
#785 = CARTESIAN_POINT('',(-2.493526980603,0.590233279329));
#786 = CARTESIAN_POINT('',(-2.467496641473,0.590233279329));
#787 = CARTESIAN_POINT('',(-2.441466295411,0.590233279329));
#788 = CARTESIAN_POINT('',(-2.415435947039,0.590233279329));
#789 = CARTESIAN_POINT('',(-2.389405600977,0.590233279329));
#790 = CARTESIAN_POINT('',(-2.363375261847,0.590233279329));
#791 = CARTESIAN_POINT('',(-2.311314606694,0.590233279329));
#792 = CARTESIAN_POINT('',(-2.285284267565,0.590233279329));
#793 = CARTESIAN_POINT('',(-2.259253921503,0.590233279329));
#794 = CARTESIAN_POINT('',(-2.233223573131,0.590233279329));
#795 = CARTESIAN_POINT('',(-2.207193227069,0.590233279329));
#796 = CARTESIAN_POINT('',(-2.181162887939,0.590233279329));
#797 = CARTESIAN_POINT('',(-2.129102232786,0.590233279329));
#798 = CARTESIAN_POINT('',(-2.103071893656,0.590233279329));
#799 = CARTESIAN_POINT('',(-2.077041547595,0.590233279329));
#800 = CARTESIAN_POINT('',(-2.051011199222,0.590233279329));
#801 = CARTESIAN_POINT('',(-2.024980853161,0.590233279329));
#802 = CARTESIAN_POINT('',(-1.998950514031,0.590233279329));
#803 = CARTESIAN_POINT('',(-1.946889858878,0.590233279329));
#804 = CARTESIAN_POINT('',(-1.920859519748,0.590233279329));
#805 = CARTESIAN_POINT('',(-1.894829173687,0.590233279329));
#806 = CARTESIAN_POINT('',(-1.868798825314,0.590233279329));
#807 = CARTESIAN_POINT('',(-1.842768479253,0.590233279329));
#808 = CARTESIAN_POINT('',(-1.816738140123,0.590233279329));
#809 = CARTESIAN_POINT('',(-1.76467748497,0.590233279329));
#810 = CARTESIAN_POINT('',(-1.73864714584,0.590233279329));
#811 = CARTESIAN_POINT('',(-1.712616799778,0.590233279329));
#812 = CARTESIAN_POINT('',(-1.686586451406,0.590233279329));
#813 = CARTESIAN_POINT('',(-1.660556105344,0.590233279329));
#814 = CARTESIAN_POINT('',(-1.634525766215,0.590233279329));
#815 = CARTESIAN_POINT('',(-1.582465111062,0.590233279329));
#816 = CARTESIAN_POINT('',(-1.556434771932,0.590233279329));
#817 = CARTESIAN_POINT('',(-1.53040442587,0.590233279329));
#818 = CARTESIAN_POINT('',(-1.504374077498,0.590233279329));
#819 = CARTESIAN_POINT('',(-1.478343731436,0.590233279329));
#820 = CARTESIAN_POINT('',(-1.452313392306,0.590233279329));
#821 = CARTESIAN_POINT('',(-1.400252737153,0.590233279329));
#822 = CARTESIAN_POINT('',(-1.374222398024,0.590233279329));
#823 = CARTESIAN_POINT('',(-1.348192051962,0.590233279329));
#824 = CARTESIAN_POINT('',(-1.32216170359,0.590233279329));
#825 = CARTESIAN_POINT('',(-1.296131357528,0.590233279329));
#826 = CARTESIAN_POINT('',(-1.270101018398,0.590233279329));
#827 = CARTESIAN_POINT('',(-1.218040363245,0.590233279329));
#828 = CARTESIAN_POINT('',(-1.192010024115,0.590233279329));
#829 = CARTESIAN_POINT('',(-1.165979678054,0.590233279329));
#830 = CARTESIAN_POINT('',(-1.139949329681,0.590233279329));
#831 = CARTESIAN_POINT('',(-1.11391898362,0.590233279329));
#832 = CARTESIAN_POINT('',(-1.08788864449,0.590233279329));
#833 = CARTESIAN_POINT('',(-1.035827989337,0.590233279329));
#834 = CARTESIAN_POINT('',(-1.009797650207,0.590233279329));
#835 = CARTESIAN_POINT('',(-0.983767304146,0.590233279329));
#836 = CARTESIAN_POINT('',(-0.957736955773,0.590233279329));
#837 = CARTESIAN_POINT('',(-0.931706609712,0.590233279329));
#838 = CARTESIAN_POINT('',(-0.905676270582,0.590233279329));
#839 = CARTESIAN_POINT('',(-0.754010284482,0.590233279329));
#840 = CARTESIAN_POINT('',(-0.628286340896,0.590233279329));
#841 = CARTESIAN_POINT('',(-0.502636504379,0.590233279329));
#842 = CARTESIAN_POINT('',(-0.377009438626,0.590233279329));
#843 = CARTESIAN_POINT('',(-0.25135960211,0.590233279329));
#844 = CARTESIAN_POINT('',(-0.125635658523,0.590233279329));
#845 = CARTESIAN_POINT('',(0.,0.590233279329));
#846 = ( GEOMETRIC_REPRESENTATION_CONTEXT(2) 
PARAMETRIC_REPRESENTATION_CONTEXT() REPRESENTATION_CONTEXT('2D SPACE',''
  ) );
#847 = PCURVE('',#437,#848);
#848 = DEFINITIONAL_REPRESENTATION('',(#849),#856);
#849 = B_SPLINE_CURVE_WITH_KNOTS('',5,(#850,#851,#852,#853,#854,#855),
  .UNSPECIFIED.,.F.,.F.,(6,6),(0.,0.250007798271),
  .PIECEWISE_BEZIER_KNOTS.);
#850 = CARTESIAN_POINT('',(1.570796326795,3.409766720671));
#851 = CARTESIAN_POINT('',(1.256637194211,3.409766720671));
#852 = CARTESIAN_POINT('',(0.94247759646,3.409766720671));
#853 = CARTESIAN_POINT('',(0.628318487965,3.409766720671));
#854 = CARTESIAN_POINT('',(0.314159304333,3.409766720671));
#855 = CARTESIAN_POINT('',(5.990293024643E-09,3.409766720671));
#856 = ( GEOMETRIC_REPRESENTATION_CONTEXT(2) 
PARAMETRIC_REPRESENTATION_CONTEXT() REPRESENTATION_CONTEXT('2D SPACE',''
  ) );
#857 = ORIENTED_EDGE('',*,*,#21,.T.);
#858 = ORIENTED_EDGE('',*,*,#859,.T.);
#859 = EDGE_CURVE('',#24,#24,#860,.T.);
#860 = SURFACE_CURVE('',#861,(#866,#873),.PCURVE_S1.);
#861 = CIRCLE('',#862,1.665);
#862 = AXIS2_PLACEMENT_3D('',#863,#864,#865);
#863 = CARTESIAN_POINT('',(-2.4,4.996003610813E-16,-3.885780586188E-16)
  );
#864 = DIRECTION('',(-1.,0.,0.));
#865 = DIRECTION('',(0.,1.,-1.15491444428E-17));
#866 = PCURVE('',#32,#867);
#867 = DEFINITIONAL_REPRESENTATION('',(#868),#872);
#868 = LINE('',#869,#870);
#869 = CARTESIAN_POINT('',(-6.28318530718,3.));
#870 = VECTOR('',#871,1.);
#871 = DIRECTION('',(1.,-0.));
#872 = ( GEOMETRIC_REPRESENTATION_CONTEXT(2) 
PARAMETRIC_REPRESENTATION_CONTEXT() REPRESENTATION_CONTEXT('2D SPACE',''
  ) );
#873 = PCURVE('',#874,#879);
#874 = PLANE('',#875);
#875 = AXIS2_PLACEMENT_3D('',#876,#877,#878);
#876 = CARTESIAN_POINT('',(-2.4,0.,0.));
#877 = DIRECTION('',(1.,0.,0.));
#878 = DIRECTION('',(-0.,1.,0.));
#879 = DEFINITIONAL_REPRESENTATION('',(#880),#888);
#880 = ( BOUNDED_CURVE() B_SPLINE_CURVE(2,(#881,#882,#883,#884,#885,#886
,#887),.UNSPECIFIED.,.T.,.F.) B_SPLINE_CURVE_WITH_KNOTS((1,2,2,2,2,1),(
    -2.094395102393,0.,2.094395102393,4.188790204786,6.28318530718,
8.377580409573),.UNSPECIFIED.) CURVE() GEOMETRIC_REPRESENTATION_ITEM() 
RATIONAL_B_SPLINE_CURVE((1.,0.5,1.,0.5,1.,0.5,1.)) REPRESENTATION_ITEM(
  '') );
#881 = CARTESIAN_POINT('',(1.665,-4.078073841161E-16));
#882 = CARTESIAN_POINT('',(1.665,-2.883864594602));
#883 = CARTESIAN_POINT('',(-0.8325,-1.441932297301));
#884 = CARTESIAN_POINT('',(-3.33,-7.579267917403E-16));
#885 = CARTESIAN_POINT('',(-0.8325,1.441932297301));
#886 = CARTESIAN_POINT('',(1.665,2.883864594602));
#887 = CARTESIAN_POINT('',(1.665,-4.078073841161E-16));
#888 = ( GEOMETRIC_REPRESENTATION_CONTEXT(2) 
PARAMETRIC_REPRESENTATION_CONTEXT() REPRESENTATION_CONTEXT('2D SPACE',''
  ) );
#889 = ADVANCED_FACE('',(#890),#437,.F.);
#890 = FACE_BOUND('',#891,.F.);
#891 = EDGE_LOOP('',(#892,#893,#916,#1359,#1431,#1432));
#892 = ORIENTED_EDGE('',*,*,#51,.F.);
#893 = ORIENTED_EDGE('',*,*,#894,.T.);
#894 = EDGE_CURVE('',#52,#895,#897,.T.);
#895 = VERTEX_POINT('',#896);
#896 = CARTESIAN_POINT('',(1.214675074544,-4.078073841161E-16,-1.665));
#897 = SEAM_CURVE('',#898,(#902,#909),.PCURVE_S1.);
#898 = LINE('',#899,#900);
#899 = CARTESIAN_POINT('',(-3.4,-4.078073841161E-16,-1.665));
#900 = VECTOR('',#901,1.);
#901 = DIRECTION('',(1.,0.,2.22044604925E-16));
#902 = PCURVE('',#437,#903);
#903 = DEFINITIONAL_REPRESENTATION('',(#904),#908);
#904 = LINE('',#905,#906);
#905 = CARTESIAN_POINT('',(0.,-0.));
#906 = VECTOR('',#907,1.);
#907 = DIRECTION('',(0.,1.));
#908 = ( GEOMETRIC_REPRESENTATION_CONTEXT(2) 
PARAMETRIC_REPRESENTATION_CONTEXT() REPRESENTATION_CONTEXT('2D SPACE',''
  ) );
#909 = PCURVE('',#437,#910);
#910 = DEFINITIONAL_REPRESENTATION('',(#911),#915);
#911 = LINE('',#912,#913);
#912 = CARTESIAN_POINT('',(6.28318530718,-0.));
#913 = VECTOR('',#914,1.);
#914 = DIRECTION('',(0.,1.));
#915 = ( GEOMETRIC_REPRESENTATION_CONTEXT(2) 
PARAMETRIC_REPRESENTATION_CONTEXT() REPRESENTATION_CONTEXT('2D SPACE',''
  ) );
#916 = ORIENTED_EDGE('',*,*,#917,.T.);
#917 = EDGE_CURVE('',#895,#918,#920,.T.);
#918 = VERTEX_POINT('',#919);
#919 = CARTESIAN_POINT('',(1.214675074544,1.665,0.));
#920 = SURFACE_CURVE('',#921,(#1062,#1206),.PCURVE_S1.);
#921 = B_SPLINE_CURVE_WITH_KNOTS('',7,(#922,#923,#924,#925,#926,#927,
    #928,#929,#930,#931,#932,#933,#934,#935,#936,#937,#938,#939,#940,
    #941,#942,#943,#944,#945,#946,#947,#948,#949,#950,#951,#952,#953,
    #954,#955,#956,#957,#958,#959,#960,#961,#962,#963,#964,#965,#966,
    #967,#968,#969,#970,#971,#972,#973,#974,#975,#976,#977,#978,#979,
    #980,#981,#982,#983,#984,#985,#986,#987,#988,#989,#990,#991,#992,
    #993,#994,#995,#996,#997,#998,#999,#1000,#1001,#1002,#1003,#1004,
    #1005,#1006,#1007,#1008,#1009,#1010,#1011,#1012,#1013,#1014,#1015,
    #1016,#1017,#1018,#1019,#1020,#1021,#1022,#1023,#1024,#1025,#1026,
    #1027,#1028,#1029,#1030,#1031,#1032,#1033,#1034,#1035,#1036,#1037,
    #1038,#1039,#1040,#1041,#1042,#1043,#1044,#1045,#1046,#1047,#1048,
    #1049,#1050,#1051,#1052,#1053,#1054,#1055,#1056,#1057,#1058,#1059,
    #1060,#1061),.UNSPECIFIED.,.F.,.F.,(8,6,6,6,6,6,6,6,6,6,6,6,6,6,6,6,
    6,6,6,6,6,6,6,8),(0.,3.86678727279E-02,7.600237270216E-02,
    0.11467024543,0.152004745404,0.190672618132,0.22934049086,
    0.268008363588,0.306676236316,0.332010368997,0.370678241725,
    0.409346114453,0.448013987181,0.486681859909,0.525349732637,
    0.564017605365,0.602685478093,0.641353350821,0.680021223549,
    0.718689096277,0.757356969005,0.796024841732,0.824025724094,1.),
  .UNSPECIFIED.);
#922 = CARTESIAN_POINT('',(1.214675074544,-4.440892098501E-16,-1.665));
#923 = CARTESIAN_POINT('',(1.214675074544,-4.334049541486E-02,-1.665));
#924 = CARTESIAN_POINT('',(1.214675074544,-8.668107632483E-02,
    -1.663683800014));
#925 = CARTESIAN_POINT('',(1.214675074544,-0.129973610572,
    -1.661051408547));
#926 = CARTESIAN_POINT('',(1.214675074544,-0.173170164817,
    -1.657105010341));
#927 = CARTESIAN_POINT('',(1.214675074544,-0.21622300454,-1.65184896638)
  );
#928 = CARTESIAN_POINT('',(1.214675074544,-0.259084594041,
    -1.645289813885));
#929 = CARTESIAN_POINT('',(1.214675074544,-0.342860842523,
    -1.629853530294));
#930 = CARTESIAN_POINT('',(1.214675074544,-0.383791821111,
    -1.621064101705));
#931 = CARTESIAN_POINT('',(1.214675074544,-0.424457937945,
    -1.611075835806));
#932 = CARTESIAN_POINT('',(1.214675074544,-0.464817105638,
    -1.599898418059));
#933 = CARTESIAN_POINT('',(1.214675074544,-0.504827743679,
    -1.587543364132));
#934 = CARTESIAN_POINT('',(1.214675074544,-0.544448778428,
    -1.574024019898));
#935 = CARTESIAN_POINT('',(1.214675074544,-0.624230179191,
    -1.544163230339));
#936 = CARTESIAN_POINT('',(1.214675074544,-0.664359422066,
    -1.527738182325));
#937 = CARTESIAN_POINT('',(1.214675074544,-0.703982296559,
    -1.510097297333));
#938 = CARTESIAN_POINT('',(1.214675074544,-0.743054676533,
    -1.491259423763));
#939 = CARTESIAN_POINT('',(1.214675074544,-0.781533384903,
    -1.471245378482));
#940 = CARTESIAN_POINT('',(1.214675074544,-0.819376193635,
    -1.450077946818));
#941 = CARTESIAN_POINT('',(1.214675074544,-0.892425882489,
    -1.406254646859));
#942 = CARTESIAN_POINT('',(1.214675074544,-0.927678789474,
    -1.383675195755));
#943 = CARTESIAN_POINT('',(1.214675074544,-0.962263406592,-1.36006581684
    ));
#944 = CARTESIAN_POINT('',(1.214675074544,-0.996143711993,
    -1.335450334104));
#945 = CARTESIAN_POINT('',(1.214675074544,-1.02928480009,-1.309854107942
    ));
#946 = CARTESIAN_POINT('',(1.214675074544,-1.061652881556,-1.28330403515
    ));
#947 = CARTESIAN_POINT('',(1.214675074544,-1.125904911837,
    -1.227371796989));
#948 = CARTESIAN_POINT('',(1.214675074544,-1.157730406668,
    -1.197922243261));
#949 = CARTESIAN_POINT('',(1.214675074544,-1.188655469658,
    -1.167511497045));
#950 = CARTESIAN_POINT('',(1.214675074544,-1.218645381492,
    -1.136172678535));
#951 = CARTESIAN_POINT('',(1.214675074544,-1.247667001701,
    -1.103940418813));
#952 = CARTESIAN_POINT('',(1.214675074544,-1.275688768665,
    -1.070850859851));
#953 = CARTESIAN_POINT('',(1.214675074544,-1.329672630555,
    -1.003032449174));
#954 = CARTESIAN_POINT('',(1.214675074544,-1.355634831971,
    -0.968303463678));
#955 = CARTESIAN_POINT('',(1.214675074544,-1.380537334392,
    -0.932792361477));
#956 = CARTESIAN_POINT('',(1.214675074544,-1.404351994844,
    -0.896538005808));
#957 = CARTESIAN_POINT('',(1.214675074544,-1.427052496844,
    -0.859580459686));
#958 = CARTESIAN_POINT('',(1.214675074544,-1.4486143504,-0.821960985909)
  );
#959 = CARTESIAN_POINT('',(1.214675074544,-1.489415433628,
    -0.745483108202));
#960 = CARTESIAN_POINT('',(1.214675074544,-1.508654743785,
    -0.706624553407));
#961 = CARTESIAN_POINT('',(1.214675074544,-1.526710173992,
    -0.667188853256));
#962 = CARTESIAN_POINT('',(1.214675074544,-1.543561089418,-0.62721932728
    ));
#963 = CARTESIAN_POINT('',(1.214675074544,-1.559188868894,
    -0.586760143959));
#964 = CARTESIAN_POINT('',(1.214675074544,-1.573576904912,-0.54585632072
    ));
#965 = CARTESIAN_POINT('',(1.214675074544,-1.59984430234,-0.463251127157
    ));
#966 = CARTESIAN_POINT('',(1.214675074544,-1.611723715566,
    -0.421549593883));
#967 = CARTESIAN_POINT('',(1.214675074544,-1.622334265668,
    -0.379494995646));
#968 = CARTESIAN_POINT('',(1.214675074544,-1.631663509167,
    -0.337133673981));
#969 = CARTESIAN_POINT('',(1.214675074544,-1.639701136748,
    -0.294512440432));
#970 = CARTESIAN_POINT('',(1.214675074544,-1.646438973254,
    -0.251678576548));
#971 = CARTESIAN_POINT('',(1.214675074544,-1.655429878434,
    -0.180508233667));
#972 = CARTESIAN_POINT('',(1.214675074544,-1.658428256758,
    -0.152265812588));
#973 = CARTESIAN_POINT('',(1.214675074544,-1.660864420123,
    -0.123965973831));
#974 = CARTESIAN_POINT('',(1.214675074544,-1.662737077736,
    -9.562214712183E-02));
#975 = CARTESIAN_POINT('',(1.214675074544,-1.66404534055,
    -6.724778873176E-02));
#976 = CARTESIAN_POINT('',(1.214675074544,-1.664788721265,
    -3.885638147341E-02));
#977 = CARTESIAN_POINT('',(1.214675074544,-1.665239448898,
    3.287820520772E-02));
#978 = CARTESIAN_POINT('',(1.214675074544,-1.664195590002,
    7.622620048577E-02));
#979 = CARTESIAN_POINT('',(1.214675074544,-1.661835263721,0.11953441987)
  );
#980 = CARTESIAN_POINT('',(1.214675074544,-1.658160353583,0.16275491724)
  );
#981 = CARTESIAN_POINT('',(1.214675074544,-1.653174920562,0.205839931618
    ));
#982 = CARTESIAN_POINT('',(1.214675074544,-1.646885203076,0.248741887167
    ));
#983 = CARTESIAN_POINT('',(1.214675074544,-1.631714030906,0.33408489922)
  );
#984 = CARTESIAN_POINT('',(1.214675074544,-1.622832546294,0.376526124074
    ));
#985 = CARTESIAN_POINT('',(1.214675074544,-1.612663595766,0.418689680038
    ));
#986 = CARTESIAN_POINT('',(1.214675074544,-1.601217719782,0.460528756036
    ));
#987 = CARTESIAN_POINT('',(1.214675074544,-1.588507566651,0.501997117636
    ));
#988 = CARTESIAN_POINT('',(1.214675074544,-1.574547892533,0.543049107046
    ));
#989 = CARTESIAN_POINT('',(1.214675074544,-1.544163230339,0.624230179191
    ));
#990 = CARTESIAN_POINT('',(1.214675074544,-1.527738182325,0.664359422066
    ));
#991 = CARTESIAN_POINT('',(1.214675074544,-1.510097297333,0.703982296559
    ));
#992 = CARTESIAN_POINT('',(1.214675074544,-1.491259423763,0.743054676533
    ));
#993 = CARTESIAN_POINT('',(1.214675074544,-1.471245378482,0.781533384903
    ));
#994 = CARTESIAN_POINT('',(1.214675074544,-1.450077946818,0.819376193635
    ));
#995 = CARTESIAN_POINT('',(1.214675074544,-1.405485818307,0.893707453857
    ));
#996 = CARTESIAN_POINT('',(1.214675074544,-1.382061033498,0.930196051975
    ));
#997 = CARTESIAN_POINT('',(1.214675074544,-1.35753229651,0.965966347867)
  );
#998 = CARTESIAN_POINT('',(1.214675074544,-1.331926139626,1.000978361335
    ));
#999 = CARTESIAN_POINT('',(1.214675074544,-1.305270859028,1.035193402217
    ));
#1000 = CARTESIAN_POINT('',(1.214675074544,-1.277596514802,1.06857407039
    ));
#1001 = CARTESIAN_POINT('',(1.214675074544,-1.220273347068,
    1.133594441138));
#1002 = CARTESIAN_POINT('',(1.214675074544,-1.190624410483,
    1.165234271975));
#1003 = CARTESIAN_POINT('',(1.214675074544,-1.160019957926,
    1.195967649434));
#1004 = CARTESIAN_POINT('',(1.214675074544,-1.128493327084,
    1.225760062985));
#1005 = CARTESIAN_POINT('',(1.214675074544,-1.096079356581,
    1.254578590404));
#1006 = CARTESIAN_POINT('',(1.214675074544,-1.062814385983,
    1.282391897779));
#1007 = CARTESIAN_POINT('',(1.214675074544,-0.994658125608,
    1.335948581236));
#1008 = CARTESIAN_POINT('',(1.214675074544,-0.959766701382,
    1.361692062964));
#1009 = CARTESIAN_POINT('',(1.214675074544,-0.924099834132,
    1.386370952464));
#1010 = CARTESIAN_POINT('',(1.214675074544,-0.887696563153,
    1.409957351499));
#1011 = CARTESIAN_POINT('',(1.214675074544,-0.85059711602,1.432425195828
    ));
#1012 = CARTESIAN_POINT('',(1.214675074544,-0.812842908589,
    1.453750255202));
#1013 = CARTESIAN_POINT('',(1.214675074544,-0.736110181409,
    1.494070011535));
#1014 = CARTESIAN_POINT('',(1.214675074544,-0.697131510294,1.51306478803
    ));
#1015 = CARTESIAN_POINT('',(1.214675074544,-0.657583143703,
    1.530872081657));
#1016 = CARTESIAN_POINT('',(1.214675074544,-0.617508529963,
    1.547471530175));
#1017 = CARTESIAN_POINT('',(1.214675074544,-0.576951953684,
    1.562844790298));
#1018 = CARTESIAN_POINT('',(1.214675074544,-0.535958535749,
    1.576975537699));
#1019 = CARTESIAN_POINT('',(1.214675074544,-0.453189930903,
    1.602723396307));
#1020 = CARTESIAN_POINT('',(1.214675074544,-0.411414580717,
    1.614340558307));
#1021 = CARTESIAN_POINT('',(1.214675074544,-0.369294144988,1.62468666387
    ));
#1022 = CARTESIAN_POINT('',(1.214675074544,-0.32687504252,1.633749560936
    ));
#1023 = CARTESIAN_POINT('',(1.214675074544,-0.284204148706,
    1.641519234514));
#1024 = CARTESIAN_POINT('',(1.214675074544,-0.241328795529,
    1.647987806688));
#1025 = CARTESIAN_POINT('',(1.214675074544,-0.155264747587,1.65831126653
    ));
#1026 = CARTESIAN_POINT('',(1.214675074544,-0.112075883049,
    1.662166174563));
#1027 = CARTESIAN_POINT('',(1.214675074544,-6.877796853978E-02,
    1.664708536749));
#1028 = CARTESIAN_POINT('',(1.214675074544,-2.541885643369E-02,
    1.665934813556));
#1029 = CARTESIAN_POINT('',(1.214675074544,1.795353911402E-02,
    1.665843649883));
#1030 = CARTESIAN_POINT('',(1.214675074544,6.129124216874E-02,
    1.664435875057));
#1031 = CARTESIAN_POINT('',(1.214675074544,0.147801187863,1.658993130609
    ));
#1032 = CARTESIAN_POINT('',(1.214675074544,0.190973601156,1.654958150251
    ));
#1033 = CARTESIAN_POINT('',(1.214675074544,0.234015418248,1.64961259249)
  );
#1034 = CARTESIAN_POINT('',(1.214675074544,0.276878937567,1.642961647517
    ));
#1035 = CARTESIAN_POINT('',(1.214675074544,0.319516792615,1.635012664984
    ));
#1036 = CARTESIAN_POINT('',(1.214675074544,0.361881951967,1.625775154006
    ));
#1037 = CARTESIAN_POINT('',(1.214675074544,0.445973486581,1.604746412306
    ));
#1038 = CARTESIAN_POINT('',(1.214675074544,0.487700027725,1.592955140103
    ));
#1039 = CARTESIAN_POINT('',(1.214675074544,0.529060650482,1.57989865162)
  );
#1040 = CARTESIAN_POINT('',(1.214675074544,0.570009383463,1.565590694928
    ));
#1041 = CARTESIAN_POINT('',(1.214675074544,0.610500976111,1.550047081088
    ));
#1042 = CARTESIAN_POINT('',(1.214675074544,0.650490898704,1.533285684159
    ));
#1043 = CARTESIAN_POINT('',(1.214675074544,0.729379786003,1.497367198223
    ));
#1044 = CARTESIAN_POINT('',(1.214675074544,0.768278906329,1.478210038362
    ));
#1045 = CARTESIAN_POINT('',(1.214675074544,0.806588901489,1.457874914139
    ));
#1046 = CARTESIAN_POINT('',(1.214675074544,0.844267052371,1.436383676307
    ));
#1047 = CARTESIAN_POINT('',(1.214675074544,0.881271722588,1.413760073842
    ));
#1048 = CARTESIAN_POINT('',(1.214675074544,0.91756235848,1.390029753942)
  );
#1049 = CARTESIAN_POINT('',(1.214675074544,0.978833281645,1.347254762103
    ));
#1050 = CARTESIAN_POINT('',(1.214675074544,1.004172005818,1.328723336272
    ));
#1051 = CARTESIAN_POINT('',(1.214675074544,1.029100700933,1.309636430524
    ));
#1052 = CARTESIAN_POINT('',(1.214675074544,1.053604781969,1.290004959769
    ));
#1053 = CARTESIAN_POINT('',(1.214675074544,1.077670039578,1.269840307841
    ));
#1054 = CARTESIAN_POINT('',(1.214675074544,1.101282640093,1.249154327493
    ));
#1055 = CARTESIAN_POINT('',(1.214675074544,1.26989547049,1.094757377043)
  );
#1056 = CARTESIAN_POINT('',(1.214675074544,1.397033347159,0.94137683924)
  );
#1057 = CARTESIAN_POINT('',(1.214675074544,1.502324976746,0.770967558542
    ));
#1058 = CARTESIAN_POINT('',(1.214675074544,1.58316803274,0.587324690605)
  );
#1059 = CARTESIAN_POINT('',(1.214675074544,1.637740220692,0.394587754573
    ));
#1060 = CARTESIAN_POINT('',(1.214675074544,1.665,0.19723899351));
#1061 = CARTESIAN_POINT('',(1.214675074544,1.665,0.));
#1062 = PCURVE('',#437,#1063);
#1063 = DEFINITIONAL_REPRESENTATION('',(#1064),#1205);
#1064 = B_SPLINE_CURVE_WITH_KNOTS('',7,(#1065,#1066,#1067,#1068,#1069,
    #1070,#1071,#1072,#1073,#1074,#1075,#1076,#1077,#1078,#1079,#1080,
    #1081,#1082,#1083,#1084,#1085,#1086,#1087,#1088,#1089,#1090,#1091,
    #1092,#1093,#1094,#1095,#1096,#1097,#1098,#1099,#1100,#1101,#1102,
    #1103,#1104,#1105,#1106,#1107,#1108,#1109,#1110,#1111,#1112,#1113,
    #1114,#1115,#1116,#1117,#1118,#1119,#1120,#1121,#1122,#1123,#1124,
    #1125,#1126,#1127,#1128,#1129,#1130,#1131,#1132,#1133,#1134,#1135,
    #1136,#1137,#1138,#1139,#1140,#1141,#1142,#1143,#1144,#1145,#1146,
    #1147,#1148,#1149,#1150,#1151,#1152,#1153,#1154,#1155,#1156,#1157,
    #1158,#1159,#1160,#1161,#1162,#1163,#1164,#1165,#1166,#1167,#1168,
    #1169,#1170,#1171,#1172,#1173,#1174,#1175,#1176,#1177,#1178,#1179,
    #1180,#1181,#1182,#1183,#1184,#1185,#1186,#1187,#1188,#1189,#1190,
    #1191,#1192,#1193,#1194,#1195,#1196,#1197,#1198,#1199,#1200,#1201,
    #1202,#1203,#1204),.UNSPECIFIED.,.F.,.F.,(8,6,6,6,6,6,6,6,6,6,6,6,6,
    6,6,6,6,6,6,6,6,6,6,8),(0.,3.86678727279E-02,7.600237270216E-02,
    0.11467024543,0.152004745404,0.190672618132,0.22934049086,
    0.268008363588,0.306676236316,0.332010368997,0.370678241725,
    0.409346114453,0.448013987181,0.486681859909,0.525349732637,
    0.564017605365,0.602685478093,0.641353350821,0.680021223549,
    0.718689096277,0.757356969005,0.796024841732,0.824025724094,1.),
  .UNSPECIFIED.);
#1065 = CARTESIAN_POINT('',(6.28318530718,4.614675074544));
#1066 = CARTESIAN_POINT('',(6.257154979603,4.614675074544));
#1067 = CARTESIAN_POINT('',(6.231124640473,4.614675074544));
#1068 = CARTESIAN_POINT('',(6.205094294412,4.614675074544));
#1069 = CARTESIAN_POINT('',(6.179063946039,4.614675074544));
#1070 = CARTESIAN_POINT('',(6.153033599978,4.614675074544));
#1071 = CARTESIAN_POINT('',(6.127003260848,4.614675074544));
#1072 = CARTESIAN_POINT('',(6.075840201738,4.614675074544));
#1073 = CARTESIAN_POINT('',(6.050707460509,4.614675074544));
#1074 = CARTESIAN_POINT('',(6.025574713464,4.614675074544));
#1075 = CARTESIAN_POINT('',(6.000441964478,4.614675074544));
#1076 = CARTESIAN_POINT('',(5.975309217432,4.614675074544));
#1077 = CARTESIAN_POINT('',(5.950176476204,4.614675074544));
#1078 = CARTESIAN_POINT('',(5.899013417094,4.614675074544));
#1079 = CARTESIAN_POINT('',(5.872983077964,4.614675074544));
#1080 = CARTESIAN_POINT('',(5.846952731903,4.614675074544));
#1081 = CARTESIAN_POINT('',(5.82092238353,4.614675074544));
#1082 = CARTESIAN_POINT('',(5.794892037469,4.614675074544));
#1083 = CARTESIAN_POINT('',(5.768861698339,4.614675074544));
#1084 = CARTESIAN_POINT('',(5.717698639229,4.614675074544));
#1085 = CARTESIAN_POINT('',(5.692565898,4.614675074544));
#1086 = CARTESIAN_POINT('',(5.667433150954,4.614675074544));
#1087 = CARTESIAN_POINT('',(5.642300401969,4.614675074544));
#1088 = CARTESIAN_POINT('',(5.617167654923,4.614675074544));
#1089 = CARTESIAN_POINT('',(5.592034913695,4.614675074544));
#1090 = CARTESIAN_POINT('',(5.540871854585,4.614675074544));
#1091 = CARTESIAN_POINT('',(5.514841515455,4.614675074544));
#1092 = CARTESIAN_POINT('',(5.488811169393,4.614675074544));
#1093 = CARTESIAN_POINT('',(5.462780821021,4.614675074544));
#1094 = CARTESIAN_POINT('',(5.436750474959,4.614675074544));
#1095 = CARTESIAN_POINT('',(5.41072013583,4.614675074544));
#1096 = CARTESIAN_POINT('',(5.358659480677,4.614675074544));
#1097 = CARTESIAN_POINT('',(5.332629141547,4.614675074544));
#1098 = CARTESIAN_POINT('',(5.306598795485,4.614675074544));
#1099 = CARTESIAN_POINT('',(5.280568447113,4.614675074544));
#1100 = CARTESIAN_POINT('',(5.254538101051,4.614675074544));
#1101 = CARTESIAN_POINT('',(5.228507761921,4.614675074544));
#1102 = CARTESIAN_POINT('',(5.176447106768,4.614675074544));
#1103 = CARTESIAN_POINT('',(5.150416767639,4.614675074544));
#1104 = CARTESIAN_POINT('',(5.124386421577,4.614675074544));
#1105 = CARTESIAN_POINT('',(5.098356073205,4.614675074544));
#1106 = CARTESIAN_POINT('',(5.072325727143,4.614675074544));
#1107 = CARTESIAN_POINT('',(5.046295388013,4.614675074544));
#1108 = CARTESIAN_POINT('',(4.99423473286,4.614675074544));
#1109 = CARTESIAN_POINT('',(4.96820439373,4.614675074544));
#1110 = CARTESIAN_POINT('',(4.942174047669,4.614675074544));
#1111 = CARTESIAN_POINT('',(4.916143699296,4.614675074544));
#1112 = CARTESIAN_POINT('',(4.890113353235,4.614675074544));
#1113 = CARTESIAN_POINT('',(4.864083014105,4.614675074544));
#1114 = CARTESIAN_POINT('',(4.820998327806,4.614675074544));
#1115 = CARTESIAN_POINT('',(4.803943967686,4.614675074544));
#1116 = CARTESIAN_POINT('',(4.786889606729,4.614675074544));
#1117 = CARTESIAN_POINT('',(4.769835245492,4.614675074544));
#1118 = CARTESIAN_POINT('',(4.752780884534,4.614675074544));
#1119 = CARTESIAN_POINT('',(4.735726524415,4.614675074544));
#1120 = CARTESIAN_POINT('',(4.692641838116,4.614675074544));
#1121 = CARTESIAN_POINT('',(4.666611498986,4.614675074544));
#1122 = CARTESIAN_POINT('',(4.640581152924,4.614675074544));
#1123 = CARTESIAN_POINT('',(4.614550804552,4.614675074544));
#1124 = CARTESIAN_POINT('',(4.58852045849,4.614675074544));
#1125 = CARTESIAN_POINT('',(4.56249011936,4.614675074544));
#1126 = CARTESIAN_POINT('',(4.510429464207,4.614675074544));
#1127 = CARTESIAN_POINT('',(4.484399125078,4.614675074544));
#1128 = CARTESIAN_POINT('',(4.458368779016,4.614675074544));
#1129 = CARTESIAN_POINT('',(4.432338430644,4.614675074544));
#1130 = CARTESIAN_POINT('',(4.406308084582,4.614675074544));
#1131 = CARTESIAN_POINT('',(4.380277745452,4.614675074544));
#1132 = CARTESIAN_POINT('',(4.328217090299,4.614675074544));
#1133 = CARTESIAN_POINT('',(4.302186751169,4.614675074544));
#1134 = CARTESIAN_POINT('',(4.276156405108,4.614675074544));
#1135 = CARTESIAN_POINT('',(4.250126056735,4.614675074544));
#1136 = CARTESIAN_POINT('',(4.224095710674,4.614675074544));
#1137 = CARTESIAN_POINT('',(4.198065371544,4.614675074544));
#1138 = CARTESIAN_POINT('',(4.146004716391,4.614675074544));
#1139 = CARTESIAN_POINT('',(4.119974377261,4.614675074544));
#1140 = CARTESIAN_POINT('',(4.093944031199,4.614675074544));
#1141 = CARTESIAN_POINT('',(4.067913682827,4.614675074544));
#1142 = CARTESIAN_POINT('',(4.041883336765,4.614675074544));
#1143 = CARTESIAN_POINT('',(4.015852997636,4.614675074544));
#1144 = CARTESIAN_POINT('',(3.963792342483,4.614675074544));
#1145 = CARTESIAN_POINT('',(3.937762003353,4.614675074544));
#1146 = CARTESIAN_POINT('',(3.911731657291,4.614675074544));
#1147 = CARTESIAN_POINT('',(3.885701308919,4.614675074544));
#1148 = CARTESIAN_POINT('',(3.859670962857,4.614675074544));
#1149 = CARTESIAN_POINT('',(3.833640623727,4.614675074544));
#1150 = CARTESIAN_POINT('',(3.781579968574,4.614675074544));
#1151 = CARTESIAN_POINT('',(3.755549629445,4.614675074544));
#1152 = CARTESIAN_POINT('',(3.729519283383,4.614675074544));
#1153 = CARTESIAN_POINT('',(3.703488935011,4.614675074544));
#1154 = CARTESIAN_POINT('',(3.677458588949,4.614675074544));
#1155 = CARTESIAN_POINT('',(3.651428249819,4.614675074544));
#1156 = CARTESIAN_POINT('',(3.599367594666,4.614675074544));
#1157 = CARTESIAN_POINT('',(3.573337255536,4.614675074544));
#1158 = CARTESIAN_POINT('',(3.547306909475,4.614675074544));
#1159 = CARTESIAN_POINT('',(3.521276561102,4.614675074544));
#1160 = CARTESIAN_POINT('',(3.495246215041,4.614675074544));
#1161 = CARTESIAN_POINT('',(3.469215875911,4.614675074544));
#1162 = CARTESIAN_POINT('',(3.417155220758,4.614675074544));
#1163 = CARTESIAN_POINT('',(3.391124881628,4.614675074544));
#1164 = CARTESIAN_POINT('',(3.365094535567,4.614675074544));
#1165 = CARTESIAN_POINT('',(3.339064187194,4.614675074544));
#1166 = CARTESIAN_POINT('',(3.313033841133,4.614675074544));
#1167 = CARTESIAN_POINT('',(3.287003502003,4.614675074544));
#1168 = CARTESIAN_POINT('',(3.23494284685,4.614675074544));
#1169 = CARTESIAN_POINT('',(3.20891250772,4.614675074544));
#1170 = CARTESIAN_POINT('',(3.182882161658,4.614675074544));
#1171 = CARTESIAN_POINT('',(3.156851813286,4.614675074544));
#1172 = CARTESIAN_POINT('',(3.130821467224,4.614675074544));
#1173 = CARTESIAN_POINT('',(3.104791128095,4.614675074544));
#1174 = CARTESIAN_POINT('',(3.052730472942,4.614675074544));
#1175 = CARTESIAN_POINT('',(3.026700133812,4.614675074544));
#1176 = CARTESIAN_POINT('',(3.00066978775,4.614675074544));
#1177 = CARTESIAN_POINT('',(2.974639439378,4.614675074544));
#1178 = CARTESIAN_POINT('',(2.948609093316,4.614675074544));
#1179 = CARTESIAN_POINT('',(2.922578754186,4.614675074544));
#1180 = CARTESIAN_POINT('',(2.870518099033,4.614675074544));
#1181 = CARTESIAN_POINT('',(2.844487759904,4.614675074544));
#1182 = CARTESIAN_POINT('',(2.818457413842,4.614675074544));
#1183 = CARTESIAN_POINT('',(2.79242706547,4.614675074544));
#1184 = CARTESIAN_POINT('',(2.766396719408,4.614675074544));
#1185 = CARTESIAN_POINT('',(2.740366380278,4.614675074544));
#1186 = CARTESIAN_POINT('',(2.688305725125,4.614675074544));
#1187 = CARTESIAN_POINT('',(2.662275385995,4.614675074544));
#1188 = CARTESIAN_POINT('',(2.636245039934,4.614675074544));
#1189 = CARTESIAN_POINT('',(2.610214691561,4.614675074544));
#1190 = CARTESIAN_POINT('',(2.5841843455,4.614675074544));
#1191 = CARTESIAN_POINT('',(2.55815400637,4.614675074544));
#1192 = CARTESIAN_POINT('',(2.513274125175,4.614675074544));
#1193 = CARTESIAN_POINT('',(2.494424569253,4.614675074544));
#1194 = CARTESIAN_POINT('',(2.47557501195,4.614675074544));
#1195 = CARTESIAN_POINT('',(2.456725454186,4.614675074544));
#1196 = CARTESIAN_POINT('',(2.437875896883,4.614675074544));
#1197 = CARTESIAN_POINT('',(2.419026340961,4.614675074544));
#1198 = CARTESIAN_POINT('',(2.281714929379,4.614675074544));
#1199 = CARTESIAN_POINT('',(2.163187128068,4.614675074544));
#1200 = CARTESIAN_POINT('',(2.044713942269,4.614675074544));
#1201 = CARTESIAN_POINT('',(1.926259171869,4.614675074544));
#1202 = CARTESIAN_POINT('',(1.807785986069,4.614675074544));
#1203 = CARTESIAN_POINT('',(1.689258184759,4.614675074544));
#1204 = CARTESIAN_POINT('',(1.570796326795,4.614675074544));
#1205 = ( GEOMETRIC_REPRESENTATION_CONTEXT(2) 
PARAMETRIC_REPRESENTATION_CONTEXT() REPRESENTATION_CONTEXT('2D SPACE',''
  ) );
#1206 = PCURVE('',#1207,#1216);
#1207 = SURFACE_OF_REVOLUTION('',#1208,#1213);
#1208 = CIRCLE('',#1209,2.4);
#1209 = AXIS2_PLACEMENT_3D('',#1210,#1211,#1212);
#1210 = CARTESIAN_POINT('',(3.6,1.4,0.));
#1211 = DIRECTION('',(0.,0.,1.));
#1212 = DIRECTION('',(1.,0.,0.));
#1213 = AXIS1_PLACEMENT('',#1214,#1215);
#1214 = CARTESIAN_POINT('',(0.,0.,0.));
#1215 = DIRECTION('',(1.,0.,0.));
#1216 = DEFINITIONAL_REPRESENTATION('',(#1217),#1358);
#1217 = B_SPLINE_CURVE_WITH_KNOTS('',7,(#1218,#1219,#1220,#1221,#1222,
    #1223,#1224,#1225,#1226,#1227,#1228,#1229,#1230,#1231,#1232,#1233,
    #1234,#1235,#1236,#1237,#1238,#1239,#1240,#1241,#1242,#1243,#1244,
    #1245,#1246,#1247,#1248,#1249,#1250,#1251,#1252,#1253,#1254,#1255,
    #1256,#1257,#1258,#1259,#1260,#1261,#1262,#1263,#1264,#1265,#1266,
    #1267,#1268,#1269,#1270,#1271,#1272,#1273,#1274,#1275,#1276,#1277,
    #1278,#1279,#1280,#1281,#1282,#1283,#1284,#1285,#1286,#1287,#1288,
    #1289,#1290,#1291,#1292,#1293,#1294,#1295,#1296,#1297,#1298,#1299,
    #1300,#1301,#1302,#1303,#1304,#1305,#1306,#1307,#1308,#1309,#1310,
    #1311,#1312,#1313,#1314,#1315,#1316,#1317,#1318,#1319,#1320,#1321,
    #1322,#1323,#1324,#1325,#1326,#1327,#1328,#1329,#1330,#1331,#1332,
    #1333,#1334,#1335,#1336,#1337,#1338,#1339,#1340,#1341,#1342,#1343,
    #1344,#1345,#1346,#1347,#1348,#1349,#1350,#1351,#1352,#1353,#1354,
    #1355,#1356,#1357),.UNSPECIFIED.,.F.,.F.,(8,6,6,6,6,6,6,6,6,6,6,6,6,
    6,6,6,6,6,6,6,6,6,6,8),(0.,3.86678727279E-02,7.600237270216E-02,
    0.11467024543,0.152004745404,0.190672618132,0.22934049086,
    0.268008363588,0.306676236316,0.332010368997,0.370678241725,
    0.409346114453,0.448013987181,0.486681859909,0.525349732637,
    0.564017605365,0.602685478093,0.641353350821,0.680021223549,
    0.718689096277,0.757356969005,0.796024841732,0.824025724094,1.),
  .UNSPECIFIED.);
#1218 = CARTESIAN_POINT('',(4.712388980385,3.030950383255));
#1219 = CARTESIAN_POINT('',(4.686358652808,3.030950383255));
#1220 = CARTESIAN_POINT('',(4.660328313679,3.030950383255));
#1221 = CARTESIAN_POINT('',(4.634297967617,3.030950383255));
#1222 = CARTESIAN_POINT('',(4.608267619244,3.030950383255));
#1223 = CARTESIAN_POINT('',(4.582237273183,3.030950383255));
#1224 = CARTESIAN_POINT('',(4.556206934053,3.030950383255));
#1225 = CARTESIAN_POINT('',(4.505043874943,3.030950383255));
#1226 = CARTESIAN_POINT('',(4.479911133715,3.030950383255));
#1227 = CARTESIAN_POINT('',(4.454778386669,3.030950383255));
#1228 = CARTESIAN_POINT('',(4.429645637684,3.030950383255));
#1229 = CARTESIAN_POINT('',(4.404512890638,3.030950383255));
#1230 = CARTESIAN_POINT('',(4.379380149409,3.030950383255));
#1231 = CARTESIAN_POINT('',(4.328217090299,3.030950383255));
#1232 = CARTESIAN_POINT('',(4.302186751169,3.030950383255));
#1233 = CARTESIAN_POINT('',(4.276156405108,3.030950383255));
#1234 = CARTESIAN_POINT('',(4.250126056735,3.030950383255));
#1235 = CARTESIAN_POINT('',(4.224095710674,3.030950383255));
#1236 = CARTESIAN_POINT('',(4.198065371544,3.030950383255));
#1237 = CARTESIAN_POINT('',(4.146902312434,3.030950383255));
#1238 = CARTESIAN_POINT('',(4.121769571205,3.030950383255));
#1239 = CARTESIAN_POINT('',(4.096636824159,3.030950383255));
#1240 = CARTESIAN_POINT('',(4.071504075174,3.030950383255));
#1241 = CARTESIAN_POINT('',(4.046371328128,3.030950383255));
#1242 = CARTESIAN_POINT('',(4.0212385869,3.030950383255));
#1243 = CARTESIAN_POINT('',(3.97007552779,3.030950383255));
#1244 = CARTESIAN_POINT('',(3.94404518866,3.030950383255));
#1245 = CARTESIAN_POINT('',(3.918014842598,3.030950383255));
#1246 = CARTESIAN_POINT('',(3.891984494226,3.030950383255));
#1247 = CARTESIAN_POINT('',(3.865954148164,3.030950383255));
#1248 = CARTESIAN_POINT('',(3.839923809035,3.030950383255));
#1249 = CARTESIAN_POINT('',(3.787863153882,3.030950383255));
#1250 = CARTESIAN_POINT('',(3.761832814752,3.030950383255));
#1251 = CARTESIAN_POINT('',(3.73580246869,3.030950383255));
#1252 = CARTESIAN_POINT('',(3.709772120318,3.030950383255));
#1253 = CARTESIAN_POINT('',(3.683741774256,3.030950383255));
#1254 = CARTESIAN_POINT('',(3.657711435126,3.030950383255));
#1255 = CARTESIAN_POINT('',(3.605650779973,3.030950383255));
#1256 = CARTESIAN_POINT('',(3.579620440844,3.030950383255));
#1257 = CARTESIAN_POINT('',(3.553590094782,3.030950383255));
#1258 = CARTESIAN_POINT('',(3.52755974641,3.030950383255));
#1259 = CARTESIAN_POINT('',(3.501529400348,3.030950383255));
#1260 = CARTESIAN_POINT('',(3.475499061218,3.030950383255));
#1261 = CARTESIAN_POINT('',(3.423438406065,3.030950383255));
#1262 = CARTESIAN_POINT('',(3.397408066935,3.030950383255));
#1263 = CARTESIAN_POINT('',(3.371377720874,3.030950383255));
#1264 = CARTESIAN_POINT('',(3.345347372501,3.030950383255));
#1265 = CARTESIAN_POINT('',(3.31931702644,3.030950383255));
#1266 = CARTESIAN_POINT('',(3.29328668731,3.030950383255));
#1267 = CARTESIAN_POINT('',(3.250202001011,3.030950383255));
#1268 = CARTESIAN_POINT('',(3.233147640891,3.030950383255));
#1269 = CARTESIAN_POINT('',(3.216093279934,3.030950383255));
#1270 = CARTESIAN_POINT('',(3.199038918697,3.030950383255));
#1271 = CARTESIAN_POINT('',(3.181984557739,3.030950383255));
#1272 = CARTESIAN_POINT('',(3.16493019762,3.030950383255));
#1273 = CARTESIAN_POINT('',(3.121845511321,3.030950383255));
#1274 = CARTESIAN_POINT('',(3.095815172191,3.030950383255));
#1275 = CARTESIAN_POINT('',(3.069784826129,3.030950383255));
#1276 = CARTESIAN_POINT('',(3.043754477757,3.030950383255));
#1277 = CARTESIAN_POINT('',(3.017724131695,3.030950383255));
#1278 = CARTESIAN_POINT('',(2.991693792565,3.030950383255));
#1279 = CARTESIAN_POINT('',(2.939633137412,3.030950383255));
#1280 = CARTESIAN_POINT('',(2.913602798283,3.030950383255));
#1281 = CARTESIAN_POINT('',(2.887572452221,3.030950383255));
#1282 = CARTESIAN_POINT('',(2.861542103849,3.030950383255));
#1283 = CARTESIAN_POINT('',(2.835511757787,3.030950383255));
#1284 = CARTESIAN_POINT('',(2.809481418657,3.030950383255));
#1285 = CARTESIAN_POINT('',(2.757420763504,3.030950383255));
#1286 = CARTESIAN_POINT('',(2.731390424374,3.030950383255));
#1287 = CARTESIAN_POINT('',(2.705360078313,3.030950383255));
#1288 = CARTESIAN_POINT('',(2.67932972994,3.030950383255));
#1289 = CARTESIAN_POINT('',(2.653299383879,3.030950383255));
#1290 = CARTESIAN_POINT('',(2.627269044749,3.030950383255));
#1291 = CARTESIAN_POINT('',(2.575208389596,3.030950383255));
#1292 = CARTESIAN_POINT('',(2.549178050466,3.030950383255));
#1293 = CARTESIAN_POINT('',(2.523147704405,3.030950383255));
#1294 = CARTESIAN_POINT('',(2.497117356032,3.030950383255));
#1295 = CARTESIAN_POINT('',(2.471087009971,3.030950383255));
#1296 = CARTESIAN_POINT('',(2.445056670841,3.030950383255));
#1297 = CARTESIAN_POINT('',(2.392996015688,3.030950383255));
#1298 = CARTESIAN_POINT('',(2.366965676558,3.030950383255));
#1299 = CARTESIAN_POINT('',(2.340935330496,3.030950383255));
#1300 = CARTESIAN_POINT('',(2.314904982124,3.030950383255));
#1301 = CARTESIAN_POINT('',(2.288874636062,3.030950383255));
#1302 = CARTESIAN_POINT('',(2.262844296933,3.030950383255));
#1303 = CARTESIAN_POINT('',(2.21078364178,3.030950383255));
#1304 = CARTESIAN_POINT('',(2.18475330265,3.030950383255));
#1305 = CARTESIAN_POINT('',(2.158722956588,3.030950383255));
#1306 = CARTESIAN_POINT('',(2.132692608216,3.030950383255));
#1307 = CARTESIAN_POINT('',(2.106662262154,3.030950383255));
#1308 = CARTESIAN_POINT('',(2.080631923024,3.030950383255));
#1309 = CARTESIAN_POINT('',(2.028571267871,3.030950383255));
#1310 = CARTESIAN_POINT('',(2.002540928742,3.030950383255));
#1311 = CARTESIAN_POINT('',(1.97651058268,3.030950383255));
#1312 = CARTESIAN_POINT('',(1.950480234308,3.030950383255));
#1313 = CARTESIAN_POINT('',(1.924449888246,3.030950383255));
#1314 = CARTESIAN_POINT('',(1.898419549116,3.030950383255));
#1315 = CARTESIAN_POINT('',(1.846358893963,3.030950383255));
#1316 = CARTESIAN_POINT('',(1.820328554833,3.030950383255));
#1317 = CARTESIAN_POINT('',(1.794298208772,3.030950383255));
#1318 = CARTESIAN_POINT('',(1.768267860399,3.030950383255));
#1319 = CARTESIAN_POINT('',(1.742237514338,3.030950383255));
#1320 = CARTESIAN_POINT('',(1.716207175208,3.030950383255));
#1321 = CARTESIAN_POINT('',(1.664146520055,3.030950383255));
#1322 = CARTESIAN_POINT('',(1.638116180925,3.030950383255));
#1323 = CARTESIAN_POINT('',(1.612085834863,3.030950383255));
#1324 = CARTESIAN_POINT('',(1.586055486491,3.030950383255));
#1325 = CARTESIAN_POINT('',(1.560025140429,3.030950383255));
#1326 = CARTESIAN_POINT('',(1.5339948013,3.030950383255));
#1327 = CARTESIAN_POINT('',(1.481934146147,3.030950383255));
#1328 = CARTESIAN_POINT('',(1.455903807017,3.030950383255));
#1329 = CARTESIAN_POINT('',(1.429873460955,3.030950383255));
#1330 = CARTESIAN_POINT('',(1.403843112583,3.030950383255));
#1331 = CARTESIAN_POINT('',(1.377812766521,3.030950383255));
#1332 = CARTESIAN_POINT('',(1.351782427392,3.030950383255));
#1333 = CARTESIAN_POINT('',(1.299721772239,3.030950383255));
#1334 = CARTESIAN_POINT('',(1.273691433109,3.030950383255));
#1335 = CARTESIAN_POINT('',(1.247661087047,3.030950383255));
#1336 = CARTESIAN_POINT('',(1.221630738675,3.030950383255));
#1337 = CARTESIAN_POINT('',(1.195600392613,3.030950383255));
#1338 = CARTESIAN_POINT('',(1.169570053483,3.030950383255));
#1339 = CARTESIAN_POINT('',(1.11750939833,3.030950383255));
#1340 = CARTESIAN_POINT('',(1.091479059201,3.030950383255));
#1341 = CARTESIAN_POINT('',(1.065448713139,3.030950383255));
#1342 = CARTESIAN_POINT('',(1.039418364767,3.030950383255));
#1343 = CARTESIAN_POINT('',(1.013388018705,3.030950383255));
#1344 = CARTESIAN_POINT('',(0.987357679575,3.030950383255));
#1345 = CARTESIAN_POINT('',(0.94247779838,3.030950383255));
#1346 = CARTESIAN_POINT('',(0.923628242458,3.030950383255));
#1347 = CARTESIAN_POINT('',(0.904778685155,3.030950383255));
#1348 = CARTESIAN_POINT('',(0.885929127391,3.030950383255));
#1349 = CARTESIAN_POINT('',(0.867079570088,3.030950383255));
#1350 = CARTESIAN_POINT('',(0.848230014166,3.030950383255));
#1351 = CARTESIAN_POINT('',(0.710918602584,3.030950383255));
#1352 = CARTESIAN_POINT('',(0.592390801273,3.030950383255));
#1353 = CARTESIAN_POINT('',(0.473917615474,3.030950383255));
#1354 = CARTESIAN_POINT('',(0.355462845074,3.030950383255));
#1355 = CARTESIAN_POINT('',(0.236989659274,3.030950383255));
#1356 = CARTESIAN_POINT('',(0.118461857964,3.030950383255));
#1357 = CARTESIAN_POINT('',(0.,3.030950383255));
#1358 = ( GEOMETRIC_REPRESENTATION_CONTEXT(2) 
PARAMETRIC_REPRESENTATION_CONTEXT() REPRESENTATION_CONTEXT('2D SPACE',''
  ) );
#1359 = ORIENTED_EDGE('',*,*,#1360,.T.);
#1360 = EDGE_CURVE('',#918,#895,#1361,.T.);
#1361 = SURFACE_CURVE('',#1362,(#1383,#1407),.PCURVE_S1.);
#1362 = B_SPLINE_CURVE_WITH_KNOTS('',7,(#1363,#1364,#1365,#1366,#1367,
    #1368,#1369,#1370,#1371,#1372,#1373,#1374,#1375,#1376,#1377,#1378,
    #1379,#1380,#1381,#1382),.UNSPECIFIED.,.F.,.F.,(8,6,6,8),(0.,
    0.408011417572,0.508020704499,1.),.UNSPECIFIED.);
#1363 = CARTESIAN_POINT('',(1.214675074544,1.665,-4.440892098501E-16));
#1364 = CARTESIAN_POINT('',(1.214675074544,1.665,-0.152429124053));
#1365 = CARTESIAN_POINT('',(1.214675074544,1.648719333914,
    -0.304889094295));
#1366 = CARTESIAN_POINT('',(1.214675074544,1.616147100673,
    -0.455236854341));
#1367 = CARTESIAN_POINT('',(1.214675074544,1.567638542276,-0.60139957211
    ));
#1368 = CARTESIAN_POINT('',(1.214675074544,1.503853694143,
    -0.741388473376));
#1369 = CARTESIAN_POINT('',(1.214675074544,1.425747162644,
    -0.873329643417));
#1370 = CARTESIAN_POINT('',(1.214675074544,1.312269802808,
    -1.025460346042));
#1371 = CARTESIAN_POINT('',(1.214675074544,1.289146498881,
    -1.054824087302));
#1372 = CARTESIAN_POINT('',(1.214675074544,1.265257541586,
    -1.083578327311));
#1373 = CARTESIAN_POINT('',(1.214675074544,1.24062226227,-1.111699168083
    ));
#1374 = CARTESIAN_POINT('',(1.214675074544,1.21526090008,-1.139163506907
    ));
#1375 = CARTESIAN_POINT('',(1.214675074544,1.189194601953,
    -1.165949036344));
#1376 = CARTESIAN_POINT('',(1.214675074544,1.030857219111,
    -1.320356149064));
#1377 = CARTESIAN_POINT('',(1.214675074544,0.88268723552,-1.431784966172
    ));
#1378 = CARTESIAN_POINT('',(1.214675074544,0.72063088962,-1.523643727849
    ));
#1379 = CARTESIAN_POINT('',(1.214675074544,0.547829416979,
    -1.593951698885));
#1380 = CARTESIAN_POINT('',(1.214675074544,0.36767475581,-1.641328796751
    ));
#1381 = CARTESIAN_POINT('',(1.214675074544,0.183798712084,-1.665));
#1382 = CARTESIAN_POINT('',(1.214675074544,-3.887558256581E-16,-1.665));
#1383 = PCURVE('',#437,#1384);
#1384 = DEFINITIONAL_REPRESENTATION('',(#1385),#1406);
#1385 = B_SPLINE_CURVE_WITH_KNOTS('',7,(#1386,#1387,#1388,#1389,#1390,
    #1391,#1392,#1393,#1394,#1395,#1396,#1397,#1398,#1399,#1400,#1401,
    #1402,#1403,#1404,#1405),.UNSPECIFIED.,.F.,.F.,(8,6,6,8),(0.,
    0.408011417572,0.508020704499,1.),.UNSPECIFIED.);
#1386 = CARTESIAN_POINT('',(1.570796326795,4.614675074544));
#1387 = CARTESIAN_POINT('',(1.47924730334,4.614675074544));
#1388 = CARTESIAN_POINT('',(1.387680180259,4.614675074544));
#1389 = CARTESIAN_POINT('',(1.296126471755,4.614675074544));
#1390 = CARTESIAN_POINT('',(1.204581280502,4.614675074544));
#1391 = CARTESIAN_POINT('',(1.113027571999,4.614675074544));
#1392 = CARTESIAN_POINT('',(1.021460448918,4.614675074544));
#1393 = CARTESIAN_POINT('',(0.907471483441,4.614675074544));
#1394 = CARTESIAN_POINT('',(0.885031535915,4.614675074544));
#1395 = CARTESIAN_POINT('',(0.862591585087,4.614675074544));
#1396 = CARTESIAN_POINT('',(0.840151633159,4.614675074544));
#1397 = CARTESIAN_POINT('',(0.817711682331,4.614675074544));
#1398 = CARTESIAN_POINT('',(0.795271734805,4.614675074544));
#1399 = CARTESIAN_POINT('',(0.662442175916,4.614675074544));
#1400 = CARTESIAN_POINT('',(0.55200610404,4.614675074544));
#1401 = CARTESIAN_POINT('',(0.441607953098,4.614675074544));
#1402 = CARTESIAN_POINT('',(0.331223839685,4.614675074544));
#1403 = CARTESIAN_POINT('',(0.220825688743,4.614675074544));
#1404 = CARTESIAN_POINT('',(0.110389616867,4.614675074544));
#1405 = CARTESIAN_POINT('',(0.,4.614675074544));
#1406 = ( GEOMETRIC_REPRESENTATION_CONTEXT(2) 
PARAMETRIC_REPRESENTATION_CONTEXT() REPRESENTATION_CONTEXT('2D SPACE',''
  ) );
#1407 = PCURVE('',#1207,#1408);
#1408 = DEFINITIONAL_REPRESENTATION('',(#1409),#1430);
#1409 = B_SPLINE_CURVE_WITH_KNOTS('',7,(#1410,#1411,#1412,#1413,#1414,
    #1415,#1416,#1417,#1418,#1419,#1420,#1421,#1422,#1423,#1424,#1425,
    #1426,#1427,#1428,#1429),.UNSPECIFIED.,.F.,.F.,(8,6,6,8),(0.,
    0.408011417572,0.508020704499,1.),.UNSPECIFIED.);
#1410 = CARTESIAN_POINT('',(6.28318530718,3.030950383255));
#1411 = CARTESIAN_POINT('',(6.191636283725,3.030950383255));
#1412 = CARTESIAN_POINT('',(6.100069160644,3.030950383255));
#1413 = CARTESIAN_POINT('',(6.00851545214,3.030950383255));
#1414 = CARTESIAN_POINT('',(5.916970260887,3.030950383255));
#1415 = CARTESIAN_POINT('',(5.825416552383,3.030950383255));
#1416 = CARTESIAN_POINT('',(5.733849429302,3.030950383255));
#1417 = CARTESIAN_POINT('',(5.619860463825,3.030950383255));
#1418 = CARTESIAN_POINT('',(5.5974205163,3.030950383255));
#1419 = CARTESIAN_POINT('',(5.574980565472,3.030950383255));
#1420 = CARTESIAN_POINT('',(5.552540613543,3.030950383255));
#1421 = CARTESIAN_POINT('',(5.530100662715,3.030950383255));
#1422 = CARTESIAN_POINT('',(5.50766071519,3.030950383255));
#1423 = CARTESIAN_POINT('',(5.3748311563,3.030950383255));
#1424 = CARTESIAN_POINT('',(5.264395084425,3.030950383255));
#1425 = CARTESIAN_POINT('',(5.153996933482,3.030950383255));
#1426 = CARTESIAN_POINT('',(5.043612820071,3.030950383255));
#1427 = CARTESIAN_POINT('',(4.933214669127,3.030950383255));
#1428 = CARTESIAN_POINT('',(4.822778597252,3.030950383255));
#1429 = CARTESIAN_POINT('',(4.712388980385,3.030950383255));
#1430 = ( GEOMETRIC_REPRESENTATION_CONTEXT(2) 
PARAMETRIC_REPRESENTATION_CONTEXT() REPRESENTATION_CONTEXT('2D SPACE',''
  ) );
#1431 = ORIENTED_EDGE('',*,*,#894,.F.);
#1432 = ORIENTED_EDGE('',*,*,#464,.F.);
#1433 = ADVANCED_FACE('',(#1434,#1437),#874,.F.);
#1434 = FACE_BOUND('',#1435,.T.);
#1435 = EDGE_LOOP('',(#1436));
#1436 = ORIENTED_EDGE('',*,*,#859,.F.);
#1437 = FACE_BOUND('',#1438,.T.);
#1438 = EDGE_LOOP('',(#1439));
#1439 = ORIENTED_EDGE('',*,*,#1440,.F.);
#1440 = EDGE_CURVE('',#1441,#1441,#1443,.T.);
#1441 = VERTEX_POINT('',#1442);
#1442 = CARTESIAN_POINT('',(-2.4,2.05,0.));
#1443 = SURFACE_CURVE('',#1444,(#1449,#1456),.PCURVE_S1.);
#1444 = CIRCLE('',#1445,2.05);
#1445 = AXIS2_PLACEMENT_3D('',#1446,#1447,#1448);
#1446 = CARTESIAN_POINT('',(-2.4,0.,0.));
#1447 = DIRECTION('',(1.,0.,0.));
#1448 = DIRECTION('',(-0.,1.,0.));
#1449 = PCURVE('',#874,#1450);
#1450 = DEFINITIONAL_REPRESENTATION('',(#1451),#1455);
#1451 = CIRCLE('',#1452,2.05);
#1452 = AXIS2_PLACEMENT_2D('',#1453,#1454);
#1453 = CARTESIAN_POINT('',(0.,0.));
#1454 = DIRECTION('',(1.,-0.));
#1455 = ( GEOMETRIC_REPRESENTATION_CONTEXT(2) 
PARAMETRIC_REPRESENTATION_CONTEXT() REPRESENTATION_CONTEXT('2D SPACE',''
  ) );
#1456 = PCURVE('',#1457,#1462);
#1457 = TOROIDAL_SURFACE('',#1458,2.05,0.45);
#1458 = AXIS2_PLACEMENT_3D('',#1459,#1460,#1461);
#1459 = CARTESIAN_POINT('',(-1.95,0.,0.));
#1460 = DIRECTION('',(1.,0.,0.));
#1461 = DIRECTION('',(-0.,1.,0.));
#1462 = DEFINITIONAL_REPRESENTATION('',(#1463),#1467);
#1463 = LINE('',#1464,#1465);
#1464 = CARTESIAN_POINT('',(0.,4.712388980385));
#1465 = VECTOR('',#1466,1.);
#1466 = DIRECTION('',(1.,0.));
#1467 = ( GEOMETRIC_REPRESENTATION_CONTEXT(2) 
PARAMETRIC_REPRESENTATION_CONTEXT() REPRESENTATION_CONTEXT('2D SPACE',''
  ) );
#1468 = ADVANCED_FACE('',(#1469),#1207,.T.);
#1469 = FACE_BOUND('',#1470,.T.);
#1470 = EDGE_LOOP('',(#1471,#1495,#1522,#1523,#1524));
#1471 = ORIENTED_EDGE('',*,*,#1472,.F.);
#1472 = EDGE_CURVE('',#1473,#918,#1475,.T.);
#1473 = VERTEX_POINT('',#1474);
#1474 = CARTESIAN_POINT('',(3.6,3.8,0.));
#1475 = SEAM_CURVE('',#1476,(#1481,#1488),.PCURVE_S1.);
#1476 = CIRCLE('',#1477,2.4);
#1477 = AXIS2_PLACEMENT_3D('',#1478,#1479,#1480);
#1478 = CARTESIAN_POINT('',(3.6,1.4,0.));
#1479 = DIRECTION('',(0.,0.,1.));
#1480 = DIRECTION('',(1.,0.,0.));
#1481 = PCURVE('',#1207,#1482);
#1482 = DEFINITIONAL_REPRESENTATION('',(#1483),#1487);
#1483 = LINE('',#1484,#1485);
#1484 = CARTESIAN_POINT('',(0.,0.));
#1485 = VECTOR('',#1486,1.);
#1486 = DIRECTION('',(0.,1.));
#1487 = ( GEOMETRIC_REPRESENTATION_CONTEXT(2) 
PARAMETRIC_REPRESENTATION_CONTEXT() REPRESENTATION_CONTEXT('2D SPACE',''
  ) );
#1488 = PCURVE('',#1207,#1489);
#1489 = DEFINITIONAL_REPRESENTATION('',(#1490),#1494);
#1490 = LINE('',#1491,#1492);
#1491 = CARTESIAN_POINT('',(6.28318530718,0.));
#1492 = VECTOR('',#1493,1.);
#1493 = DIRECTION('',(0.,1.));
#1494 = ( GEOMETRIC_REPRESENTATION_CONTEXT(2) 
PARAMETRIC_REPRESENTATION_CONTEXT() REPRESENTATION_CONTEXT('2D SPACE',''
  ) );
#1495 = ORIENTED_EDGE('',*,*,#1496,.T.);
#1496 = EDGE_CURVE('',#1473,#1473,#1497,.T.);
#1497 = SURFACE_CURVE('',#1498,(#1503,#1510),.PCURVE_S1.);
#1498 = CIRCLE('',#1499,3.8);
#1499 = AXIS2_PLACEMENT_3D('',#1500,#1501,#1502);
#1500 = CARTESIAN_POINT('',(3.6,0.,0.));
#1501 = DIRECTION('',(1.,0.,0.));
#1502 = DIRECTION('',(-0.,1.,0.));
#1503 = PCURVE('',#1207,#1504);
#1504 = DEFINITIONAL_REPRESENTATION('',(#1505),#1509);
#1505 = LINE('',#1506,#1507);
#1506 = CARTESIAN_POINT('',(0.,1.570796326795));
#1507 = VECTOR('',#1508,1.);
#1508 = DIRECTION('',(1.,0.));
#1509 = ( GEOMETRIC_REPRESENTATION_CONTEXT(2) 
PARAMETRIC_REPRESENTATION_CONTEXT() REPRESENTATION_CONTEXT('2D SPACE',''
  ) );
#1510 = PCURVE('',#1511,#1516);
#1511 = CYLINDRICAL_SURFACE('',#1512,3.8);
#1512 = AXIS2_PLACEMENT_3D('',#1513,#1514,#1515);
#1513 = CARTESIAN_POINT('',(1.2,0.,0.));
#1514 = DIRECTION('',(1.,0.,0.));
#1515 = DIRECTION('',(-0.,1.,0.));
#1516 = DEFINITIONAL_REPRESENTATION('',(#1517),#1521);
#1517 = LINE('',#1518,#1519);
#1518 = CARTESIAN_POINT('',(0.,2.4));
#1519 = VECTOR('',#1520,1.);
#1520 = DIRECTION('',(1.,0.));
#1521 = ( GEOMETRIC_REPRESENTATION_CONTEXT(2) 
PARAMETRIC_REPRESENTATION_CONTEXT() REPRESENTATION_CONTEXT('2D SPACE',''
  ) );
#1522 = ORIENTED_EDGE('',*,*,#1472,.T.);
#1523 = ORIENTED_EDGE('',*,*,#1360,.T.);
#1524 = ORIENTED_EDGE('',*,*,#917,.T.);
#1525 = ADVANCED_FACE('',(#1526),#1457,.T.);
#1526 = FACE_BOUND('',#1527,.T.);
#1527 = EDGE_LOOP('',(#1528,#1529,#1553,#1580));
#1528 = ORIENTED_EDGE('',*,*,#1440,.T.);
#1529 = ORIENTED_EDGE('',*,*,#1530,.T.);
#1530 = EDGE_CURVE('',#1441,#1531,#1533,.T.);
#1531 = VERTEX_POINT('',#1532);
#1532 = CARTESIAN_POINT('',(-1.95,2.5,0.));
#1533 = SEAM_CURVE('',#1534,(#1539,#1546),.PCURVE_S1.);
#1534 = CIRCLE('',#1535,0.45);
#1535 = AXIS2_PLACEMENT_3D('',#1536,#1537,#1538);
#1536 = CARTESIAN_POINT('',(-1.95,2.05,0.));
#1537 = DIRECTION('',(0.,0.,-1.));
#1538 = DIRECTION('',(-1.,0.,0.));
#1539 = PCURVE('',#1457,#1540);
#1540 = DEFINITIONAL_REPRESENTATION('',(#1541),#1545);
#1541 = LINE('',#1542,#1543);
#1542 = CARTESIAN_POINT('',(0.,4.712388980385));
#1543 = VECTOR('',#1544,1.);
#1544 = DIRECTION('',(0.,1.));
#1545 = ( GEOMETRIC_REPRESENTATION_CONTEXT(2) 
PARAMETRIC_REPRESENTATION_CONTEXT() REPRESENTATION_CONTEXT('2D SPACE',''
  ) );
#1546 = PCURVE('',#1457,#1547);
#1547 = DEFINITIONAL_REPRESENTATION('',(#1548),#1552);
#1548 = LINE('',#1549,#1550);
#1549 = CARTESIAN_POINT('',(6.28318530718,4.712388980385));
#1550 = VECTOR('',#1551,1.);
#1551 = DIRECTION('',(0.,1.));
#1552 = ( GEOMETRIC_REPRESENTATION_CONTEXT(2) 
PARAMETRIC_REPRESENTATION_CONTEXT() REPRESENTATION_CONTEXT('2D SPACE',''
  ) );
#1553 = ORIENTED_EDGE('',*,*,#1554,.F.);
#1554 = EDGE_CURVE('',#1531,#1531,#1555,.T.);
#1555 = SURFACE_CURVE('',#1556,(#1561,#1568),.PCURVE_S1.);
#1556 = CIRCLE('',#1557,2.5);
#1557 = AXIS2_PLACEMENT_3D('',#1558,#1559,#1560);
#1558 = CARTESIAN_POINT('',(-1.95,0.,0.));
#1559 = DIRECTION('',(1.,0.,0.));
#1560 = DIRECTION('',(-0.,1.,0.));
#1561 = PCURVE('',#1457,#1562);
#1562 = DEFINITIONAL_REPRESENTATION('',(#1563),#1567);
#1563 = LINE('',#1564,#1565);
#1564 = CARTESIAN_POINT('',(0.,6.28318530718));
#1565 = VECTOR('',#1566,1.);
#1566 = DIRECTION('',(1.,0.));
#1567 = ( GEOMETRIC_REPRESENTATION_CONTEXT(2) 
PARAMETRIC_REPRESENTATION_CONTEXT() REPRESENTATION_CONTEXT('2D SPACE',''
  ) );
#1568 = PCURVE('',#1569,#1574);
#1569 = CYLINDRICAL_SURFACE('',#1570,2.5);
#1570 = AXIS2_PLACEMENT_3D('',#1571,#1572,#1573);
#1571 = CARTESIAN_POINT('',(-2.4,0.,0.));
#1572 = DIRECTION('',(1.,0.,0.));
#1573 = DIRECTION('',(-0.,1.,0.));
#1574 = DEFINITIONAL_REPRESENTATION('',(#1575),#1579);
#1575 = LINE('',#1576,#1577);
#1576 = CARTESIAN_POINT('',(0.,0.45));
#1577 = VECTOR('',#1578,1.);
#1578 = DIRECTION('',(1.,0.));
#1579 = ( GEOMETRIC_REPRESENTATION_CONTEXT(2) 
PARAMETRIC_REPRESENTATION_CONTEXT() REPRESENTATION_CONTEXT('2D SPACE',''
  ) );
#1580 = ORIENTED_EDGE('',*,*,#1530,.F.);
#1581 = ADVANCED_FACE('',(#1582),#1511,.F.);
#1582 = FACE_BOUND('',#1583,.F.);
#1583 = EDGE_LOOP('',(#1584,#1607,#1608,#1609));
#1584 = ORIENTED_EDGE('',*,*,#1585,.F.);
#1585 = EDGE_CURVE('',#1473,#1586,#1588,.T.);
#1586 = VERTEX_POINT('',#1587);
#1587 = CARTESIAN_POINT('',(9.,3.8,0.));
#1588 = SEAM_CURVE('',#1589,(#1593,#1600),.PCURVE_S1.);
#1589 = LINE('',#1590,#1591);
#1590 = CARTESIAN_POINT('',(1.2,3.8,0.));
#1591 = VECTOR('',#1592,1.);
#1592 = DIRECTION('',(1.,0.,0.));
#1593 = PCURVE('',#1511,#1594);
#1594 = DEFINITIONAL_REPRESENTATION('',(#1595),#1599);
#1595 = LINE('',#1596,#1597);
#1596 = CARTESIAN_POINT('',(0.,0.));
#1597 = VECTOR('',#1598,1.);
#1598 = DIRECTION('',(0.,1.));
#1599 = ( GEOMETRIC_REPRESENTATION_CONTEXT(2) 
PARAMETRIC_REPRESENTATION_CONTEXT() REPRESENTATION_CONTEXT('2D SPACE',''
  ) );
#1600 = PCURVE('',#1511,#1601);
#1601 = DEFINITIONAL_REPRESENTATION('',(#1602),#1606);
#1602 = LINE('',#1603,#1604);
#1603 = CARTESIAN_POINT('',(6.28318530718,0.));
#1604 = VECTOR('',#1605,1.);
#1605 = DIRECTION('',(0.,1.));
#1606 = ( GEOMETRIC_REPRESENTATION_CONTEXT(2) 
PARAMETRIC_REPRESENTATION_CONTEXT() REPRESENTATION_CONTEXT('2D SPACE',''
  ) );
#1607 = ORIENTED_EDGE('',*,*,#1496,.T.);
#1608 = ORIENTED_EDGE('',*,*,#1585,.T.);
#1609 = ORIENTED_EDGE('',*,*,#1610,.F.);
#1610 = EDGE_CURVE('',#1586,#1586,#1611,.T.);
#1611 = SURFACE_CURVE('',#1612,(#1617,#1624),.PCURVE_S1.);
#1612 = CIRCLE('',#1613,3.8);
#1613 = AXIS2_PLACEMENT_3D('',#1614,#1615,#1616);
#1614 = CARTESIAN_POINT('',(9.,0.,0.));
#1615 = DIRECTION('',(1.,0.,0.));
#1616 = DIRECTION('',(-0.,1.,0.));
#1617 = PCURVE('',#1511,#1618);
#1618 = DEFINITIONAL_REPRESENTATION('',(#1619),#1623);
#1619 = LINE('',#1620,#1621);
#1620 = CARTESIAN_POINT('',(0.,7.8));
#1621 = VECTOR('',#1622,1.);
#1622 = DIRECTION('',(1.,0.));
#1623 = ( GEOMETRIC_REPRESENTATION_CONTEXT(2) 
PARAMETRIC_REPRESENTATION_CONTEXT() REPRESENTATION_CONTEXT('2D SPACE',''
  ) );
#1624 = PCURVE('',#1625,#1630);
#1625 = PLANE('',#1626);
#1626 = AXIS2_PLACEMENT_3D('',#1627,#1628,#1629);
#1627 = CARTESIAN_POINT('',(9.,0.,0.));
#1628 = DIRECTION('',(1.,0.,0.));
#1629 = DIRECTION('',(-0.,1.,0.));
#1630 = DEFINITIONAL_REPRESENTATION('',(#1631),#1635);
#1631 = CIRCLE('',#1632,3.8);
#1632 = AXIS2_PLACEMENT_2D('',#1633,#1634);
#1633 = CARTESIAN_POINT('',(0.,0.));
#1634 = DIRECTION('',(1.,0.));
#1635 = ( GEOMETRIC_REPRESENTATION_CONTEXT(2) 
PARAMETRIC_REPRESENTATION_CONTEXT() REPRESENTATION_CONTEXT('2D SPACE',''
  ) );
#1636 = ADVANCED_FACE('',(#1637),#1569,.T.);
#1637 = FACE_BOUND('',#1638,.T.);
#1638 = EDGE_LOOP('',(#1639,#1662,#1663,#1664));
#1639 = ORIENTED_EDGE('',*,*,#1640,.F.);
#1640 = EDGE_CURVE('',#1531,#1641,#1643,.T.);
#1641 = VERTEX_POINT('',#1642);
#1642 = CARTESIAN_POINT('',(0.1721726998,2.5,0.));
#1643 = SEAM_CURVE('',#1644,(#1648,#1655),.PCURVE_S1.);
#1644 = LINE('',#1645,#1646);
#1645 = CARTESIAN_POINT('',(-2.4,2.5,0.));
#1646 = VECTOR('',#1647,1.);
#1647 = DIRECTION('',(1.,0.,0.));
#1648 = PCURVE('',#1569,#1649);
#1649 = DEFINITIONAL_REPRESENTATION('',(#1650),#1654);
#1650 = LINE('',#1651,#1652);
#1651 = CARTESIAN_POINT('',(0.,0.));
#1652 = VECTOR('',#1653,1.);
#1653 = DIRECTION('',(0.,1.));
#1654 = ( GEOMETRIC_REPRESENTATION_CONTEXT(2) 
PARAMETRIC_REPRESENTATION_CONTEXT() REPRESENTATION_CONTEXT('2D SPACE',''
  ) );
#1655 = PCURVE('',#1569,#1656);
#1656 = DEFINITIONAL_REPRESENTATION('',(#1657),#1661);
#1657 = LINE('',#1658,#1659);
#1658 = CARTESIAN_POINT('',(6.28318530718,0.));
#1659 = VECTOR('',#1660,1.);
#1660 = DIRECTION('',(0.,1.));
#1661 = ( GEOMETRIC_REPRESENTATION_CONTEXT(2) 
PARAMETRIC_REPRESENTATION_CONTEXT() REPRESENTATION_CONTEXT('2D SPACE',''
  ) );
#1662 = ORIENTED_EDGE('',*,*,#1554,.T.);
#1663 = ORIENTED_EDGE('',*,*,#1640,.T.);
#1664 = ORIENTED_EDGE('',*,*,#1665,.T.);
#1665 = EDGE_CURVE('',#1641,#1641,#1666,.T.);
#1666 = SURFACE_CURVE('',#1667,(#1862,#2060),.PCURVE_S1.);
#1667 = B_SPLINE_CURVE_WITH_KNOTS('',7,(#1668,#1669,#1670,#1671,#1672,
    #1673,#1674,#1675,#1676,#1677,#1678,#1679,#1680,#1681,#1682,#1683,
    #1684,#1685,#1686,#1687,#1688,#1689,#1690,#1691,#1692,#1693,#1694,
    #1695,#1696,#1697,#1698,#1699,#1700,#1701,#1702,#1703,#1704,#1705,
    #1706,#1707,#1708,#1709,#1710,#1711,#1712,#1713,#1714,#1715,#1716,
    #1717,#1718,#1719,#1720,#1721,#1722,#1723,#1724,#1725,#1726,#1727,
    #1728,#1729,#1730,#1731,#1732,#1733,#1734,#1735,#1736,#1737,#1738,
    #1739,#1740,#1741,#1742,#1743,#1744,#1745,#1746,#1747,#1748,#1749,
    #1750,#1751,#1752,#1753,#1754,#1755,#1756,#1757,#1758,#1759,#1760,
    #1761,#1762,#1763,#1764,#1765,#1766,#1767,#1768,#1769,#1770,#1771,
    #1772,#1773,#1774,#1775,#1776,#1777,#1778,#1779,#1780,#1781,#1782,
    #1783,#1784,#1785,#1786,#1787,#1788,#1789,#1790,#1791,#1792,#1793,
    #1794,#1795,#1796,#1797,#1798,#1799,#1800,#1801,#1802,#1803,#1804,
    #1805,#1806,#1807,#1808,#1809,#1810,#1811,#1812,#1813,#1814,#1815,
    #1816,#1817,#1818,#1819,#1820,#1821,#1822,#1823,#1824,#1825,#1826,
    #1827,#1828,#1829,#1830,#1831,#1832,#1833,#1834,#1835,#1836,#1837,
    #1838,#1839,#1840,#1841,#1842,#1843,#1844,#1845,#1846,#1847,#1848,
    #1849,#1850,#1851,#1852,#1853,#1854,#1855,#1856,#1857,#1858,#1859,
    #1860,#1861),.UNSPECIFIED.,.T.,.F.,(8,6,6,6,6,6,6,6,6,6,6,6,6,6,6,6,
    6,6,6,6,6,6,6,6,6,6,6,6,6,6,6,6,8),(0.,2.900044644828E-02,
    5.800089289655E-02,8.700133934482E-02,0.115001772524,0.144002218972,
    0.181002753201,0.21000319965,0.239003646098,0.268004092546,
    0.289004424663,0.318004871111,0.347005317559,0.376005764007,
    0.405006210456,0.434006656904,0.459007048261,0.48800749471,
    0.517007941158,0.546008387606,0.575008834054,0.602009253604,
    0.631009700053,0.660010146501,0.689010592949,0.717011026128,
    0.746011472576,0.775011919025,0.804012365473,0.833012811921,
    0.8610132451,0.885013621961,1.),.UNSPECIFIED.);
#1668 = CARTESIAN_POINT('',(0.172172699799,2.5,-4.440892098501E-16));
#1669 = CARTESIAN_POINT('',(0.172172699799,2.5,-6.50758100951E-02));
#1670 = CARTESIAN_POINT('',(0.172172699799,2.498023724425,-0.13015175747
    ));
#1671 = CARTESIAN_POINT('',(0.172172699799,2.494071184907,
    -0.195155567973));
#1672 = CARTESIAN_POINT('',(0.172172699799,2.488145661435,-0.26001526605
    ));
#1673 = CARTESIAN_POINT('',(0.172172699799,2.48025370235,-0.324659174738
    ));
#1674 = CARTESIAN_POINT('',(0.172172699799,2.47040512435,-0.389015915669
    ));
#1675 = CARTESIAN_POINT('',(0.172172699799,2.446820900626,
    -0.517012902467));
#1676 = CARTESIAN_POINT('',(0.172172699799,2.433085205151,
    -0.580653418348));
#1677 = CARTESIAN_POINT('',(0.172172699799,2.417419033994,
    -0.643864881153));
#1678 = CARTESIAN_POINT('',(0.172172699799,2.399838655229,
    -0.706577101218));
#1679 = CARTESIAN_POINT('',(0.172172699799,2.380363497071,
    -0.768720774777));
#1680 = CARTESIAN_POINT('',(0.172172699799,2.359016147876,
    -0.830227483957));
#1681 = CARTESIAN_POINT('',(0.172172699799,2.312628564407,
    -0.951831909609));
#1682 = CARTESIAN_POINT('',(0.172172699799,2.287588232276,
    -1.011929882608));
#1683 = CARTESIAN_POINT('',(0.172172699799,2.260727129983,
    -1.071256092096));
#1684 = CARTESIAN_POINT('',(0.172172699799,2.232073975059,
    -1.129744458255));
#1685 = CARTESIAN_POINT('',(0.172172699799,2.201660432331,
    -1.187330345132));
#1686 = CARTESIAN_POINT('',(0.172172699799,2.169521113921,
    -1.243950560638));
#1687 = CARTESIAN_POINT('',(0.172172699799,2.103032508809,
    -1.353219163578));
#1688 = CARTESIAN_POINT('',(0.172172699799,2.068797517521,
    -1.405937393908));
#1689 = CARTESIAN_POINT('',(0.172172699799,2.033022420736,
    -1.457642492894));
#1690 = CARTESIAN_POINT('',(0.172172699799,1.995743330618,
    -1.508280596772));
#1691 = CARTESIAN_POINT('',(0.172172699799,1.956998656143,
    -1.557799532656));
#1692 = CARTESIAN_POINT('',(0.172172699799,1.916829103097,
    -1.606148818542));
#1693 = CARTESIAN_POINT('',(0.172172699799,1.832242268715,
    -1.702093748827));
#1694 = CARTESIAN_POINT('',(0.172172699799,1.787724346383,
    -1.749601002832));
#1695 = CARTESIAN_POINT('',(0.172172699799,1.741771711561,
    -1.795747219378));
#1696 = CARTESIAN_POINT('',(0.172172699799,1.694434422891,
    -1.840480577898));
#1697 = CARTESIAN_POINT('',(0.172172699799,1.645764793184,
    -1.883751643205));
#1698 = CARTESIAN_POINT('',(0.172172699799,1.595817389416,
    -1.925513365495));
#1699 = CARTESIAN_POINT('',(0.172172699799,1.479365329714,
    -2.017020529546));
#1700 = CARTESIAN_POINT('',(0.172172699799,1.412093581784,
    -2.065790742685));
#1701 = CARTESIAN_POINT('',(0.172172699799,1.342952105427,
    -2.111938811371));
#1702 = CARTESIAN_POINT('',(0.172172699799,1.272063762149,
    -2.155379244002));
#1703 = CARTESIAN_POINT('',(0.172172699799,1.199555958468,
    -2.196033965762));
#1704 = CARTESIAN_POINT('',(0.172172699799,1.125560645913,
    -2.233832318626));
#1705 = CARTESIAN_POINT('',(0.172172699799,0.991159036954,
    -2.296048480439));
#1706 = CARTESIAN_POINT('',(0.172172699799,0.931273423135,-2.32159251789
    ));
#1707 = CARTESIAN_POINT('',(0.172172699799,0.870623072125,
    -2.345312822926));
#1708 = CARTESIAN_POINT('',(0.172172699799,0.809274678495,
    -2.367182136179));
#1709 = CARTESIAN_POINT('',(0.172172699799,0.747296038839,
    -2.387176289698));
#1710 = CARTESIAN_POINT('',(0.172172699799,0.684756051767,
    -2.405274206952));
#1711 = CARTESIAN_POINT('',(0.172172699799,0.558693384057,
    -2.437641598691));
#1712 = CARTESIAN_POINT('',(0.172172699799,0.495170437486,
    -2.451911141457));
#1713 = CARTESIAN_POINT('',(0.172172699799,0.431225884617,
    -2.464248568536));
#1714 = CARTESIAN_POINT('',(0.172172699799,0.36693025546,-2.474639157276
    ));
#1715 = CARTESIAN_POINT('',(0.172172699799,0.302354603621,
    -2.483071424956));
#1716 = CARTESIAN_POINT('',(0.172172699799,0.237570506299,
    -2.489537128784));
#1717 = CARTESIAN_POINT('',(0.172172699799,0.107729622274,
    -2.498525403022));
#1718 = CARTESIAN_POINT('',(0.172172699799,4.26725616677E-02,
    -2.501047992391));
#1719 = CARTESIAN_POINT('',(0.172172699799,-2.244901513266E-02,
    -2.501594054361));
#1720 = CARTESIAN_POINT('',(0.172172699799,-8.756307789632E-02,
    -2.500161890455));
#1721 = CARTESIAN_POINT('',(0.172172699799,-0.152597668561,
    -2.496753083369));
#1722 = CARTESIAN_POINT('',(0.172172699799,-0.217480901232,
    -2.49137249697));
#1723 = CARTESIAN_POINT('',(0.172172699799,-0.328963784621,
    -2.478710045304));
#1724 = CARTESIAN_POINT('',(0.172172699799,-0.375669680125,
    -2.472362122726));
#1725 = CARTESIAN_POINT('',(0.172172699799,-0.422231425794,
    -2.464987602288));
#1726 = CARTESIAN_POINT('',(0.172172699799,-0.468621959439,
    -2.456590465563));
#1727 = CARTESIAN_POINT('',(0.172172699799,-0.51481437958,
    -2.447175581979));
#1728 = CARTESIAN_POINT('',(0.172172699799,-0.56078194545,
    -2.436748708821));
#1729 = CARTESIAN_POINT('',(0.172172699799,-0.66962985115,
    -2.409529149753));
#1730 = CARTESIAN_POINT('',(0.172172699799,-0.732282315555,
    -2.391824537479));
#1731 = CARTESIAN_POINT('',(0.172172699799,-0.794385357951,
    -2.372220199343));
#1732 = CARTESIAN_POINT('',(0.172172699799,-0.855869948659,
    -2.350736778561));
#1733 = CARTESIAN_POINT('',(0.172172699799,-0.916668140575,
    -2.327398016631));
#1734 = CARTESIAN_POINT('',(0.172172699799,-0.976713069168,
    -2.302230753329));
#1735 = CARTESIAN_POINT('',(0.172172699799,-1.095164835798,
    -2.248299100096));
#1736 = CARTESIAN_POINT('',(0.172172699799,-1.153571923712,
    -2.219534596393));
#1737 = CARTESIAN_POINT('',(0.172172699799,-1.211094443909,
    -2.189001374835));
#1738 = CARTESIAN_POINT('',(0.172172699799,-1.267668250154,
    -2.156732245469));
#1739 = CARTESIAN_POINT('',(0.172172699799,-1.323230822288,
    -2.122762869166));
#1740 = CARTESIAN_POINT('',(0.172172699799,-1.377721266233,
    -2.087131757611));
#1741 = CARTESIAN_POINT('',(0.172172699799,-1.48443936174,
    -2.012628789016));
#1742 = CARTESIAN_POINT('',(0.172172699799,-1.536667238428,
    -1.973756774809));
#1743 = CARTESIAN_POINT('',(0.172172699799,-1.587704689367,
    -1.933305612276));
#1744 = CARTESIAN_POINT('',(0.172172699799,-1.637494575619,
    -1.891319191971));
#1745 = CARTESIAN_POINT('',(0.172172699799,-1.685981873988,
    -1.847843913415));
#1746 = CARTESIAN_POINT('',(0.172172699799,-1.733113677025,
    -1.802928685103));
#1747 = CARTESIAN_POINT('',(0.172172699799,-1.824564709021,
    -1.710321163891));
#1748 = CARTESIAN_POINT('',(0.172172699799,-1.868884130899,
    -1.662628675633));
#1749 = CARTESIAN_POINT('',(0.172172699799,-1.911746683504,
    -1.613598893533));
#1750 = CARTESIAN_POINT('',(0.172172699799,-1.953104127042,
    -1.563285335449));
#1751 = CARTESIAN_POINT('',(0.172172699799,-1.992910757077,
    -1.511743603291));
#1752 = CARTESIAN_POINT('',(0.172172699799,-2.031123404531,
    -1.459031383015));
#1753 = CARTESIAN_POINT('',(0.172172699799,-2.104279466841,
    -1.351385506246));
#1754 = CARTESIAN_POINT('',(0.172172699799,-2.139223036021,
    -1.296451622669));
#1755 = CARTESIAN_POINT('',(0.172172699799,-2.172491528748,
    -1.240466576985));
#1756 = CARTESIAN_POINT('',(0.172172699799,-2.204047201573,
    -1.183491742403));
#1757 = CARTESIAN_POINT('',(0.172172699799,-2.233855182074,
    -1.125590082262));
#1758 = CARTESIAN_POINT('',(0.172172699799,-2.261883468856,
    -1.066826150025));
#1759 = CARTESIAN_POINT('',(0.172172699799,-2.310705922502,
    -0.95592119601));
#1760 = CARTESIAN_POINT('',(0.172172699799,-2.331964731399,
    -0.903984497003));
#1761 = CARTESIAN_POINT('',(0.172172699799,-2.351860723663,
    -0.851498334374));
#1762 = CARTESIAN_POINT('',(0.172172699799,-2.370376975704,
    -0.798505648072));
#1763 = CARTESIAN_POINT('',(0.172172699799,-2.387498274919,
    -0.745049975886));
#1764 = CARTESIAN_POINT('',(0.172172699799,-2.403211119695,
    -0.691175453442));
#1765 = CARTESIAN_POINT('',(0.172172699799,-2.434083130768,
    -0.573998409029));
#1766 = CARTESIAN_POINT('',(0.172172699799,-2.448751515684,
    -0.510566373938));
#1767 = CARTESIAN_POINT('',(0.172172699799,-2.461490472065,
    -0.44670060111));
#1768 = CARTESIAN_POINT('',(0.172172699799,-2.472284834398,
    -0.382471526659));
#1769 = CARTESIAN_POINT('',(0.172172699799,-2.481122673748,
    -0.31795013064));
#1770 = CARTESIAN_POINT('',(0.172172699799,-2.48799529776,
    -0.253207937048));
#1771 = CARTESIAN_POINT('',(0.172172699799,-2.497799203543,
    -0.123426090592));
#1772 = CARTESIAN_POINT('',(0.172172699799,-2.500730505997,
    -5.838616394892E-02));
#1773 = CARTESIAN_POINT('',(0.172172699799,-2.50168572543,
    6.730696421288E-03));
#1774 = CARTESIAN_POINT('',(0.172172699799,-2.500662710825,
    7.185247238111E-02));
#1775 = CARTESIAN_POINT('',(0.172172699799,-2.497662592721,
    0.136907197344));
#1776 = CARTESIAN_POINT('',(0.172172699799,-2.492689783222,
    0.201822956275));
#1777 = CARTESIAN_POINT('',(0.172172699799,-2.478814168763,
    0.331232815101));
#1778 = CARTESIAN_POINT('',(0.172172699799,-2.469911334531,
    0.395727187991));
#1779 = CARTESIAN_POINT('',(0.172172699799,-2.459051190095,
    0.459939143354));
#1780 = CARTESIAN_POINT('',(0.172172699799,-2.446244670145,
    0.523797465519));
#1781 = CARTESIAN_POINT('',(0.172172699799,-2.431505927267,
    0.587231584154));
#1782 = CARTESIAN_POINT('',(0.172172699799,-2.414852331941,0.65017157426
    ));
#1783 = CARTESIAN_POINT('',(0.172172699799,-2.377756613146,
    0.774924738089));
#1784 = CARTESIAN_POINT('',(0.172172699799,-2.357314411421,
    0.836738174981));
#1785 = CARTESIAN_POINT('',(0.172172699799,-2.334998478044,0.89791919382
    ));
#1786 = CARTESIAN_POINT('',(0.172172699799,-2.310832471374,
    0.958399739326));
#1787 = CARTESIAN_POINT('',(0.172172699799,-2.284843097456,
    1.018112973973));
#1788 = CARTESIAN_POINT('',(0.172172699799,-2.257060110017,
    1.076993277987));
#1789 = CARTESIAN_POINT('',(0.172172699799,-2.200010010378,
    1.188960402879));
#1790 = CARTESIAN_POINT('',(0.172172699799,-2.170977297256,
    1.242166917919));
#1791 = CARTESIAN_POINT('',(0.172172699799,-2.140444646029,
    1.294543851193));
#1792 = CARTESIAN_POINT('',(0.172172699799,-2.10844062601,1.34604056104)
  );
#1793 = CARTESIAN_POINT('',(0.172172699799,-2.074995900902,
    1.396607707416));
#1794 = CARTESIAN_POINT('',(0.172172699799,-2.040143228797,
    1.446197251889));
#1795 = CARTESIAN_POINT('',(0.172172699799,-1.965008311045,1.54692507853
    ));
#1796 = CARTESIAN_POINT('',(0.172172699799,-1.924514960579,1.59790618444
    ));
#1797 = CARTESIAN_POINT('',(0.172172699799,-1.882480633177,
    1.647647849757));
#1798 = CARTESIAN_POINT('',(0.172172699799,-1.838950992514,
    1.696094342373));
#1799 = CARTESIAN_POINT('',(0.172172699799,-1.793974143537,
    1.743192123687));
#1800 = CARTESIAN_POINT('',(0.172172699799,-1.747600632468,
    1.788889848609));
#1801 = CARTESIAN_POINT('',(0.172172699799,-1.652166261144,
    1.877386882503));
#1802 = CARTESIAN_POINT('',(0.172172699799,-1.603105199567,
    1.920186378163));
#1803 = CARTESIAN_POINT('',(0.172172699799,-1.552753265391,
    1.961487718013));
#1804 = CARTESIAN_POINT('',(0.172172699799,-1.501165465316,
    2.001244367098));
#1805 = CARTESIAN_POINT('',(0.172172699799,-1.448398809425,
    2.039412390033));
#1806 = CARTESIAN_POINT('',(0.172172699799,-1.394512311186,
    2.075950451001));
#1807 = CARTESIAN_POINT('',(0.172172699799,-1.28462166371,2.145689176509
    ));
#1808 = CARTESIAN_POINT('',(0.172172699799,-1.228617282656,
    2.178889988164));
#1809 = CARTESIAN_POINT('',(0.172172699799,-1.171614873602,
    2.210383532117));
#1810 = CARTESIAN_POINT('',(0.172172699799,-1.113676965025,
    2.240134011319));
#1811 = CARTESIAN_POINT('',(0.172172699799,-1.054867584564,
    2.268108548284));
#1812 = CARTESIAN_POINT('',(0.172172699799,-0.995252259017,
    2.294277185081));
#1813 = CARTESIAN_POINT('',(0.172172699799,-0.8766249461,2.342109421367)
  );
#1814 = CARTESIAN_POINT('',(0.172172699799,-0.817662814743,
    2.363897342414));
#1815 = CARTESIAN_POINT('',(0.172172699799,-0.758071941946,
    2.383952334075));
#1816 = CARTESIAN_POINT('',(0.172172699799,-0.697913479441,
    2.402252812574));
#1817 = CARTESIAN_POINT('',(0.172172699799,-0.637249409022,
    2.418779922769));
#1818 = CARTESIAN_POINT('',(0.172172699799,-0.576142542544,
    2.433517538144));
#1819 = CARTESIAN_POINT('',(0.172172699799,-0.450974576832,
    2.459848936848));
#1820 = CARTESIAN_POINT('',(0.172172699799,-0.386885656155,
    2.471311695603));
#1821 = CARTESIAN_POINT('',(0.172172699799,-0.322460488392,
    2.480825669918));
#1822 = CARTESIAN_POINT('',(0.172172699799,-0.257770182673,2.48837925245
    ));
#1823 = CARTESIAN_POINT('',(0.172172699799,-0.192886228765,
    2.493964095675));
#1824 = CARTESIAN_POINT('',(0.172172699799,-0.127880497066,
    2.497575111889));
#1825 = CARTESIAN_POINT('',(0.172172699799,2.230019848236E-03,
    2.500845834527));
#1826 = CARTESIAN_POINT('',(0.172172699799,6.733507953493E-02,
    2.50050554785));
#1827 = CARTESIAN_POINT('',(0.172172699799,0.132417688834,2.498187808549
    ));
#1828 = CARTESIAN_POINT('',(0.172172699799,0.197405812494,2.493894086823
    ));
#1829 = CARTESIAN_POINT('',(0.172172699799,0.262227631627,2.487629127698
    ));
#1830 = CARTESIAN_POINT('',(0.172172699799,0.326811543715,2.479400951027
    ));
#1831 = CARTESIAN_POINT('',(0.172172699799,0.455360781486,2.459040751949
    ));
#1832 = CARTESIAN_POINT('',(0.172172699799,0.519326378349,2.446908686591
    ));
#1833 = CARTESIAN_POINT('',(0.172172699799,0.582911570672,2.432835973072
    ));
#1834 = CARTESIAN_POINT('',(0.172172699799,0.646045782143,2.416837110455
    ));
#1835 = CARTESIAN_POINT('',(0.172172699799,0.708659242647,2.398929779209
    ));
#1836 = CARTESIAN_POINT('',(0.172172699799,0.770682988272,2.379134841208
    ));
#1837 = CARTESIAN_POINT('',(0.172172699799,0.893414734342,2.335817838257
    ));
#1838 = CARTESIAN_POINT('',(0.172172699799,0.954122993694,2.312295681929
    ));
#1839 = CARTESIAN_POINT('',(0.172172699799,1.014105489394,2.286933935967
    ));
#1840 = CARTESIAN_POINT('',(0.172172699799,1.073295440818,2.25975964824)
  );
#1841 = CARTESIAN_POINT('',(0.172172699799,1.131627436686,2.230802849268
    ));
#1842 = CARTESIAN_POINT('',(0.172172699799,1.18903743506,2.200096552219)
  );
#1843 = CARTESIAN_POINT('',(0.172172699799,1.299942394797,2.136374875342
    ));
#1844 = CARTESIAN_POINT('',(0.172172699799,1.353504304743,2.10347550999)
  );
#1845 = CARTESIAN_POINT('',(0.172172699799,1.406092106302,2.069011065437
    ));
#1846 = CARTESIAN_POINT('',(0.172172699799,1.457651045217,2.033016288839
    ));
#1847 = CARTESIAN_POINT('',(0.172172699799,1.508127999857,1.995528265932
    ));
#1848 = CARTESIAN_POINT('',(0.172172699799,1.557471481223,1.95658642103)
  );
#1849 = CARTESIAN_POINT('',(0.172172699799,1.646911772556,1.881643448427
    ));
#1850 = CARTESIAN_POINT('',(0.172172699799,1.687322633695,1.846016861067
    ));
#1851 = CARTESIAN_POINT('',(0.172172699799,1.726832853407,1.809379039169
    ));
#1852 = CARTESIAN_POINT('',(0.172172699799,1.765412143457,1.771757369033
    ));
#1853 = CARTESIAN_POINT('',(0.172172699799,1.80303129033,1.733180339034)
  );
#1854 = CARTESIAN_POINT('',(0.172172699799,1.839662155229,1.693677539619
    ));
#1855 = CARTESIAN_POINT('',(0.172172699799,2.045912474433,1.45973247427)
  );
#1856 = CARTESIAN_POINT('',(0.172172699799,2.193312700353,1.24555817341)
  );
#1857 = CARTESIAN_POINT('',(0.172172699799,2.314347307266,1.014241430043
    ));
#1858 = CARTESIAN_POINT('',(0.172172699799,2.40674742614,0.769711610822)
  );
#1859 = CARTESIAN_POINT('',(0.172172699799,2.468930534722,0.516156739365
    ));
#1860 = CARTESIAN_POINT('',(0.172172699799,2.5,0.258024707108));
#1861 = CARTESIAN_POINT('',(0.172172699799,2.5,0.));
#1862 = PCURVE('',#1569,#1863);
#1863 = DEFINITIONAL_REPRESENTATION('',(#1864),#2059);
#1864 = B_SPLINE_CURVE_WITH_KNOTS('',7,(#1865,#1866,#1867,#1868,#1869,
    #1870,#1871,#1872,#1873,#1874,#1875,#1876,#1877,#1878,#1879,#1880,
    #1881,#1882,#1883,#1884,#1885,#1886,#1887,#1888,#1889,#1890,#1891,
    #1892,#1893,#1894,#1895,#1896,#1897,#1898,#1899,#1900,#1901,#1902,
    #1903,#1904,#1905,#1906,#1907,#1908,#1909,#1910,#1911,#1912,#1913,
    #1914,#1915,#1916,#1917,#1918,#1919,#1920,#1921,#1922,#1923,#1924,
    #1925,#1926,#1927,#1928,#1929,#1930,#1931,#1932,#1933,#1934,#1935,
    #1936,#1937,#1938,#1939,#1940,#1941,#1942,#1943,#1944,#1945,#1946,
    #1947,#1948,#1949,#1950,#1951,#1952,#1953,#1954,#1955,#1956,#1957,
    #1958,#1959,#1960,#1961,#1962,#1963,#1964,#1965,#1966,#1967,#1968,
    #1969,#1970,#1971,#1972,#1973,#1974,#1975,#1976,#1977,#1978,#1979,
    #1980,#1981,#1982,#1983,#1984,#1985,#1986,#1987,#1988,#1989,#1990,
    #1991,#1992,#1993,#1994,#1995,#1996,#1997,#1998,#1999,#2000,#2001,
    #2002,#2003,#2004,#2005,#2006,#2007,#2008,#2009,#2010,#2011,#2012,
    #2013,#2014,#2015,#2016,#2017,#2018,#2019,#2020,#2021,#2022,#2023,
    #2024,#2025,#2026,#2027,#2028,#2029,#2030,#2031,#2032,#2033,#2034,
    #2035,#2036,#2037,#2038,#2039,#2040,#2041,#2042,#2043,#2044,#2045,
    #2046,#2047,#2048,#2049,#2050,#2051,#2052,#2053,#2054,#2055,#2056,
    #2057,#2058),.UNSPECIFIED.,.F.,.F.,(8,6,6,6,6,6,6,6,6,6,6,6,6,6,6,6,
    6,6,6,6,6,6,6,6,6,6,6,6,6,6,6,6,8),(0.,2.900044644828E-02,
    5.800089289655E-02,8.700133934482E-02,0.115001772524,0.144002218972,
    0.181002753201,0.21000319965,0.239003646098,0.268004092546,
    0.289004424663,0.318004871111,0.347005317559,0.376005764007,
    0.405006210456,0.434006656904,0.459007048261,0.48800749471,
    0.517007941158,0.546008387606,0.575008834054,0.602009253604,
    0.631009700053,0.660010146501,0.689010592949,0.717011026128,
    0.746011472576,0.775011919025,0.804012365473,0.833012811921,
    0.8610132451,0.885013621961,1.),.UNSPECIFIED.);
#1865 = CARTESIAN_POINT('',(6.28318530718,2.572172699799));
#1866 = CARTESIAN_POINT('',(6.257154983142,2.572172699799));
#1867 = CARTESIAN_POINT('',(6.231124644012,2.572172699799));
#1868 = CARTESIAN_POINT('',(6.205094295827,2.572172699799));
#1869 = CARTESIAN_POINT('',(6.179063944624,2.572172699799));
#1870 = CARTESIAN_POINT('',(6.153033596439,2.572172699799));
#1871 = CARTESIAN_POINT('',(6.127003257309,2.572172699799));
#1872 = CARTESIAN_POINT('',(6.074942609233,2.572172699799));
#1873 = CARTESIAN_POINT('',(6.048912270104,2.572172699799));
#1874 = CARTESIAN_POINT('',(6.022881921919,2.572172699799));
#1875 = CARTESIAN_POINT('',(5.996851570716,2.572172699799));
#1876 = CARTESIAN_POINT('',(5.970821222531,2.572172699799));
#1877 = CARTESIAN_POINT('',(5.944790883401,2.572172699799));
#1878 = CARTESIAN_POINT('',(5.892730235325,2.572172699799));
#1879 = CARTESIAN_POINT('',(5.866699896195,2.572172699799));
#1880 = CARTESIAN_POINT('',(5.840669548011,2.572172699799));
#1881 = CARTESIAN_POINT('',(5.814639196808,2.572172699799));
#1882 = CARTESIAN_POINT('',(5.788608848623,2.572172699799));
#1883 = CARTESIAN_POINT('',(5.762578509493,2.572172699799));
#1884 = CARTESIAN_POINT('',(5.71141545689,2.572172699799));
#1885 = CARTESIAN_POINT('',(5.686282715661,2.572172699799));
#1886 = CARTESIAN_POINT('',(5.661149966834,2.572172699799));
#1887 = CARTESIAN_POINT('',(5.636017215475,2.572172699799));
#1888 = CARTESIAN_POINT('',(5.610884466648,2.572172699799));
#1889 = CARTESIAN_POINT('',(5.585751725419,2.572172699799));
#1890 = CARTESIAN_POINT('',(5.534588672816,2.572172699799));
#1891 = CARTESIAN_POINT('',(5.508558333686,2.572172699799));
#1892 = CARTESIAN_POINT('',(5.482527985501,2.572172699799));
#1893 = CARTESIAN_POINT('',(5.456497634298,2.572172699799));
#1894 = CARTESIAN_POINT('',(5.430467286114,2.572172699799));
#1895 = CARTESIAN_POINT('',(5.404436946984,2.572172699799));
#1896 = CARTESIAN_POINT('',(5.345195551617,2.572172699799));
#1897 = CARTESIAN_POINT('',(5.311984429279,2.572172699799));
#1898 = CARTESIAN_POINT('',(5.278773276336,2.572172699799));
#1899 = CARTESIAN_POINT('',(5.24556211319,2.572172699799));
#1900 = CARTESIAN_POINT('',(5.212350960247,2.572172699799));
#1901 = CARTESIAN_POINT('',(5.179139837909,2.572172699799));
#1902 = CARTESIAN_POINT('',(5.119898442542,2.572172699799));
#1903 = CARTESIAN_POINT('',(5.093868103412,2.572172699799));
#1904 = CARTESIAN_POINT('',(5.067837755228,2.572172699799));
#1905 = CARTESIAN_POINT('',(5.041807404025,2.572172699799));
#1906 = CARTESIAN_POINT('',(5.01577705584,2.572172699799));
#1907 = CARTESIAN_POINT('',(4.98974671671,2.572172699799));
#1908 = CARTESIAN_POINT('',(4.937686068634,2.572172699799));
#1909 = CARTESIAN_POINT('',(4.911655729504,2.572172699799));
#1910 = CARTESIAN_POINT('',(4.885625381319,2.572172699799));
#1911 = CARTESIAN_POINT('',(4.859595030116,2.572172699799));
#1912 = CARTESIAN_POINT('',(4.833564681932,2.572172699799));
#1913 = CARTESIAN_POINT('',(4.807534342802,2.572172699799));
#1914 = CARTESIAN_POINT('',(4.755473694726,2.572172699799));
#1915 = CARTESIAN_POINT('',(4.729443355596,2.572172699799));
#1916 = CARTESIAN_POINT('',(4.703413007411,2.572172699799));
#1917 = CARTESIAN_POINT('',(4.677382656208,2.572172699799));
#1918 = CARTESIAN_POINT('',(4.651352308023,2.572172699799));
#1919 = CARTESIAN_POINT('',(4.625321968894,2.572172699799));
#1920 = CARTESIAN_POINT('',(4.58044209194,2.572172699799));
#1921 = CARTESIAN_POINT('',(4.561592536018,2.572172699799));
#1922 = CARTESIAN_POINT('',(4.542742978293,2.572172699799));
#1923 = CARTESIAN_POINT('',(4.523893419967,2.572172699799));
#1924 = CARTESIAN_POINT('',(4.505043862242,2.572172699799));
#1925 = CARTESIAN_POINT('',(4.48619430632,2.572172699799));
#1926 = CARTESIAN_POINT('',(4.441314429367,2.572172699799));
#1927 = CARTESIAN_POINT('',(4.415284090237,2.572172699799));
#1928 = CARTESIAN_POINT('',(4.389253742052,2.572172699799));
#1929 = CARTESIAN_POINT('',(4.363223390849,2.572172699799));
#1930 = CARTESIAN_POINT('',(4.337193042664,2.572172699799));
#1931 = CARTESIAN_POINT('',(4.311162703535,2.572172699799));
#1932 = CARTESIAN_POINT('',(4.259102055459,2.572172699799));
#1933 = CARTESIAN_POINT('',(4.233071716329,2.572172699799));
#1934 = CARTESIAN_POINT('',(4.207041368144,2.572172699799));
#1935 = CARTESIAN_POINT('',(4.181011016941,2.572172699799));
#1936 = CARTESIAN_POINT('',(4.154980668756,2.572172699799));
#1937 = CARTESIAN_POINT('',(4.128950329626,2.572172699799));
#1938 = CARTESIAN_POINT('',(4.07688968155,2.572172699799));
#1939 = CARTESIAN_POINT('',(4.050859342421,2.572172699799));
#1940 = CARTESIAN_POINT('',(4.024828994236,2.572172699799));
#1941 = CARTESIAN_POINT('',(3.998798643033,2.572172699799));
#1942 = CARTESIAN_POINT('',(3.972768294848,2.572172699799));
#1943 = CARTESIAN_POINT('',(3.946737955718,2.572172699799));
#1944 = CARTESIAN_POINT('',(3.894677307642,2.572172699799));
#1945 = CARTESIAN_POINT('',(3.868646968512,2.572172699799));
#1946 = CARTESIAN_POINT('',(3.842616620328,2.572172699799));
#1947 = CARTESIAN_POINT('',(3.816586269125,2.572172699799));
#1948 = CARTESIAN_POINT('',(3.79055592094,2.572172699799));
#1949 = CARTESIAN_POINT('',(3.76452558181,2.572172699799));
#1950 = CARTESIAN_POINT('',(3.712464933734,2.572172699799));
#1951 = CARTESIAN_POINT('',(3.686434594604,2.572172699799));
#1952 = CARTESIAN_POINT('',(3.660404246419,2.572172699799));
#1953 = CARTESIAN_POINT('',(3.634373895216,2.572172699799));
#1954 = CARTESIAN_POINT('',(3.608343547032,2.572172699799));
#1955 = CARTESIAN_POINT('',(3.582313207902,2.572172699799));
#1956 = CARTESIAN_POINT('',(3.533842943524,2.572172699799));
#1957 = CARTESIAN_POINT('',(3.511402995999,2.572172699799));
#1958 = CARTESIAN_POINT('',(3.488963044161,2.572172699799));
#1959 = CARTESIAN_POINT('',(3.466523090887,2.572172699799));
#1960 = CARTESIAN_POINT('',(3.444083139049,2.572172699799));
#1961 = CARTESIAN_POINT('',(3.421643191524,2.572172699799));
#1962 = CARTESIAN_POINT('',(3.373172927146,2.572172699799));
#1963 = CARTESIAN_POINT('',(3.347142588017,2.572172699799));
#1964 = CARTESIAN_POINT('',(3.321112239832,2.572172699799));
#1965 = CARTESIAN_POINT('',(3.295081888629,2.572172699799));
#1966 = CARTESIAN_POINT('',(3.269051540444,2.572172699799));
#1967 = CARTESIAN_POINT('',(3.243021201314,2.572172699799));
#1968 = CARTESIAN_POINT('',(3.190960553238,2.572172699799));
#1969 = CARTESIAN_POINT('',(3.164930214108,2.572172699799));
#1970 = CARTESIAN_POINT('',(3.138899865924,2.572172699799));
#1971 = CARTESIAN_POINT('',(3.11286951472,2.572172699799));
#1972 = CARTESIAN_POINT('',(3.086839166536,2.572172699799));
#1973 = CARTESIAN_POINT('',(3.060808827406,2.572172699799));
#1974 = CARTESIAN_POINT('',(3.00874817933,2.572172699799));
#1975 = CARTESIAN_POINT('',(2.9827178402,2.572172699799));
#1976 = CARTESIAN_POINT('',(2.956687492015,2.572172699799));
#1977 = CARTESIAN_POINT('',(2.930657140812,2.572172699799));
#1978 = CARTESIAN_POINT('',(2.904626792627,2.572172699799));
#1979 = CARTESIAN_POINT('',(2.878596453498,2.572172699799));
#1980 = CARTESIAN_POINT('',(2.826535805422,2.572172699799));
#1981 = CARTESIAN_POINT('',(2.800505466292,2.572172699799));
#1982 = CARTESIAN_POINT('',(2.774475118107,2.572172699799));
#1983 = CARTESIAN_POINT('',(2.748444766904,2.572172699799));
#1984 = CARTESIAN_POINT('',(2.722414418719,2.572172699799));
#1985 = CARTESIAN_POINT('',(2.69638407959,2.572172699799));
#1986 = CARTESIAN_POINT('',(2.646118622782,2.572172699799));
#1987 = CARTESIAN_POINT('',(2.621883479454,2.572172699799));
#1988 = CARTESIAN_POINT('',(2.597648329792,2.572172699799));
#1989 = CARTESIAN_POINT('',(2.573413178017,2.572172699799));
#1990 = CARTESIAN_POINT('',(2.549178028355,2.572172699799));
#1991 = CARTESIAN_POINT('',(2.524942885027,2.572172699799));
#1992 = CARTESIAN_POINT('',(2.47467742822,2.572172699799));
#1993 = CARTESIAN_POINT('',(2.44864708909,2.572172699799));
#1994 = CARTESIAN_POINT('',(2.422616740905,2.572172699799));
#1995 = CARTESIAN_POINT('',(2.396586389702,2.572172699799));
#1996 = CARTESIAN_POINT('',(2.370556041517,2.572172699799));
#1997 = CARTESIAN_POINT('',(2.344525702387,2.572172699799));
#1998 = CARTESIAN_POINT('',(2.292465054311,2.572172699799));
#1999 = CARTESIAN_POINT('',(2.266434715182,2.572172699799));
#2000 = CARTESIAN_POINT('',(2.240404366997,2.572172699799));
#2001 = CARTESIAN_POINT('',(2.214374015794,2.572172699799));
#2002 = CARTESIAN_POINT('',(2.188343667609,2.572172699799));
#2003 = CARTESIAN_POINT('',(2.162313328479,2.572172699799));
#2004 = CARTESIAN_POINT('',(2.110252680403,2.572172699799));
#2005 = CARTESIAN_POINT('',(2.084222341273,2.572172699799));
#2006 = CARTESIAN_POINT('',(2.058191993089,2.572172699799));
#2007 = CARTESIAN_POINT('',(2.032161641886,2.572172699799));
#2008 = CARTESIAN_POINT('',(2.006131293701,2.572172699799));
#2009 = CARTESIAN_POINT('',(1.980100954571,2.572172699799));
#2010 = CARTESIAN_POINT('',(1.928937901968,2.572172699799));
#2011 = CARTESIAN_POINT('',(1.903805160739,2.572172699799));
#2012 = CARTESIAN_POINT('',(1.878672411912,2.572172699799));
#2013 = CARTESIAN_POINT('',(1.853539660553,2.572172699799));
#2014 = CARTESIAN_POINT('',(1.828406911726,2.572172699799));
#2015 = CARTESIAN_POINT('',(1.803274170497,2.572172699799));
#2016 = CARTESIAN_POINT('',(1.752111117894,2.572172699799));
#2017 = CARTESIAN_POINT('',(1.726080778764,2.572172699799));
#2018 = CARTESIAN_POINT('',(1.700050430579,2.572172699799));
#2019 = CARTESIAN_POINT('',(1.674020079376,2.572172699799));
#2020 = CARTESIAN_POINT('',(1.647989731192,2.572172699799));
#2021 = CARTESIAN_POINT('',(1.621959392062,2.572172699799));
#2022 = CARTESIAN_POINT('',(1.569898743986,2.572172699799));
#2023 = CARTESIAN_POINT('',(1.543868404856,2.572172699799));
#2024 = CARTESIAN_POINT('',(1.517838056671,2.572172699799));
#2025 = CARTESIAN_POINT('',(1.491807705468,2.572172699799));
#2026 = CARTESIAN_POINT('',(1.465777357283,2.572172699799));
#2027 = CARTESIAN_POINT('',(1.439747018154,2.572172699799));
#2028 = CARTESIAN_POINT('',(1.387686370077,2.572172699799));
#2029 = CARTESIAN_POINT('',(1.361656030948,2.572172699799));
#2030 = CARTESIAN_POINT('',(1.335625682763,2.572172699799));
#2031 = CARTESIAN_POINT('',(1.30959533156,2.572172699799));
#2032 = CARTESIAN_POINT('',(1.283564983375,2.572172699799));
#2033 = CARTESIAN_POINT('',(1.257534644245,2.572172699799));
#2034 = CARTESIAN_POINT('',(1.205473996169,2.572172699799));
#2035 = CARTESIAN_POINT('',(1.17944365704,2.572172699799));
#2036 = CARTESIAN_POINT('',(1.153413308855,2.572172699799));
#2037 = CARTESIAN_POINT('',(1.127382957652,2.572172699799));
#2038 = CARTESIAN_POINT('',(1.101352609467,2.572172699799));
#2039 = CARTESIAN_POINT('',(1.075322270337,2.572172699799));
#2040 = CARTESIAN_POINT('',(1.024159217734,2.572172699799));
#2041 = CARTESIAN_POINT('',(0.999026476505,2.572172699799));
#2042 = CARTESIAN_POINT('',(0.973893727678,2.572172699799));
#2043 = CARTESIAN_POINT('',(0.948760976319,2.572172699799));
#2044 = CARTESIAN_POINT('',(0.923628227492,2.572172699799));
#2045 = CARTESIAN_POINT('',(0.898495486263,2.572172699799));
#2046 = CARTESIAN_POINT('',(0.851820413933,2.572172699799));
#2047 = CARTESIAN_POINT('',(0.830278064309,2.572172699799));
#2048 = CARTESIAN_POINT('',(0.808735711168,2.572172699799));
#2049 = CARTESIAN_POINT('',(0.787193356856,2.572172699799));
#2050 = CARTESIAN_POINT('',(0.765651003715,2.572172699799));
#2051 = CARTESIAN_POINT('',(0.744108654091,2.572172699799));
#2052 = CARTESIAN_POINT('',(0.619356427483,2.572172699799));
#2053 = CARTESIAN_POINT('',(0.516103595401,2.572172699799));
#2054 = CARTESIAN_POINT('',(0.412885974308,2.572172699799));
#2055 = CARTESIAN_POINT('',(0.309680336018,2.572172699799));
#2056 = CARTESIAN_POINT('',(0.206462714924,2.572172699799));
#2057 = CARTESIAN_POINT('',(0.103209882843,2.572172699799));
#2058 = CARTESIAN_POINT('',(0.,2.572172699799));
#2059 = ( GEOMETRIC_REPRESENTATION_CONTEXT(2) 
PARAMETRIC_REPRESENTATION_CONTEXT() REPRESENTATION_CONTEXT('2D SPACE',''
  ) );
#2060 = PCURVE('',#2061,#2070);
#2061 = SURFACE_OF_REVOLUTION('',#2062,#2067);
#2062 = CIRCLE('',#2063,3.6);
#2063 = AXIS2_PLACEMENT_3D('',#2064,#2065,#2066);
#2064 = CARTESIAN_POINT('',(3.6,1.4,0.));
#2065 = DIRECTION('',(0.,0.,-1.));
#2066 = DIRECTION('',(-1.,0.,0.));
#2067 = AXIS1_PLACEMENT('',#2068,#2069);
#2068 = CARTESIAN_POINT('',(0.,0.,0.));
#2069 = DIRECTION('',(1.,0.,0.));
#2070 = DEFINITIONAL_REPRESENTATION('',(#2071),#2266);
#2071 = B_SPLINE_CURVE_WITH_KNOTS('',7,(#2072,#2073,#2074,#2075,#2076,
    #2077,#2078,#2079,#2080,#2081,#2082,#2083,#2084,#2085,#2086,#2087,
    #2088,#2089,#2090,#2091,#2092,#2093,#2094,#2095,#2096,#2097,#2098,
    #2099,#2100,#2101,#2102,#2103,#2104,#2105,#2106,#2107,#2108,#2109,
    #2110,#2111,#2112,#2113,#2114,#2115,#2116,#2117,#2118,#2119,#2120,
    #2121,#2122,#2123,#2124,#2125,#2126,#2127,#2128,#2129,#2130,#2131,
    #2132,#2133,#2134,#2135,#2136,#2137,#2138,#2139,#2140,#2141,#2142,
    #2143,#2144,#2145,#2146,#2147,#2148,#2149,#2150,#2151,#2152,#2153,
    #2154,#2155,#2156,#2157,#2158,#2159,#2160,#2161,#2162,#2163,#2164,
    #2165,#2166,#2167,#2168,#2169,#2170,#2171,#2172,#2173,#2174,#2175,
    #2176,#2177,#2178,#2179,#2180,#2181,#2182,#2183,#2184,#2185,#2186,
    #2187,#2188,#2189,#2190,#2191,#2192,#2193,#2194,#2195,#2196,#2197,
    #2198,#2199,#2200,#2201,#2202,#2203,#2204,#2205,#2206,#2207,#2208,
    #2209,#2210,#2211,#2212,#2213,#2214,#2215,#2216,#2217,#2218,#2219,
    #2220,#2221,#2222,#2223,#2224,#2225,#2226,#2227,#2228,#2229,#2230,
    #2231,#2232,#2233,#2234,#2235,#2236,#2237,#2238,#2239,#2240,#2241,
    #2242,#2243,#2244,#2245,#2246,#2247,#2248,#2249,#2250,#2251,#2252,
    #2253,#2254,#2255,#2256,#2257,#2258,#2259,#2260,#2261,#2262,#2263,
    #2264,#2265),.UNSPECIFIED.,.F.,.F.,(8,6,6,6,6,6,6,6,6,6,6,6,6,6,6,6,
    6,6,6,6,6,6,6,6,6,6,6,6,6,6,6,6,8),(0.,2.900044644828E-02,
    5.800089289655E-02,8.700133934482E-02,0.115001772524,0.144002218972,
    0.181002753201,0.21000319965,0.239003646098,0.268004092546,
    0.289004424663,0.318004871111,0.347005317559,0.376005764007,
    0.405006210456,0.434006656904,0.459007048261,0.48800749471,
    0.517007941158,0.546008387606,0.575008834054,0.602009253604,
    0.631009700053,0.660010146501,0.689010592949,0.717011026128,
    0.746011472576,0.775011919025,0.804012365473,0.833012811921,
    0.8610132451,0.885013621961,1.),.UNSPECIFIED.);
#2072 = CARTESIAN_POINT('',(6.28318530718,0.310521834666));
#2073 = CARTESIAN_POINT('',(6.257154983142,0.310521834666));
#2074 = CARTESIAN_POINT('',(6.231124644012,0.310521834666));
#2075 = CARTESIAN_POINT('',(6.205094295827,0.310521834666));
#2076 = CARTESIAN_POINT('',(6.179063944624,0.310521834666));
#2077 = CARTESIAN_POINT('',(6.153033596439,0.310521834666));
#2078 = CARTESIAN_POINT('',(6.127003257309,0.310521834666));
#2079 = CARTESIAN_POINT('',(6.074942609233,0.310521834666));
#2080 = CARTESIAN_POINT('',(6.048912270104,0.310521834666));
#2081 = CARTESIAN_POINT('',(6.022881921919,0.310521834666));
#2082 = CARTESIAN_POINT('',(5.996851570716,0.310521834666));
#2083 = CARTESIAN_POINT('',(5.970821222531,0.310521834666));
#2084 = CARTESIAN_POINT('',(5.944790883401,0.310521834666));
#2085 = CARTESIAN_POINT('',(5.892730235325,0.310521834666));
#2086 = CARTESIAN_POINT('',(5.866699896195,0.310521834666));
#2087 = CARTESIAN_POINT('',(5.840669548011,0.310521834666));
#2088 = CARTESIAN_POINT('',(5.814639196808,0.310521834666));
#2089 = CARTESIAN_POINT('',(5.788608848623,0.310521834666));
#2090 = CARTESIAN_POINT('',(5.762578509493,0.310521834666));
#2091 = CARTESIAN_POINT('',(5.71141545689,0.310521834666));
#2092 = CARTESIAN_POINT('',(5.686282715661,0.310521834666));
#2093 = CARTESIAN_POINT('',(5.661149966834,0.310521834666));
#2094 = CARTESIAN_POINT('',(5.636017215475,0.310521834666));
#2095 = CARTESIAN_POINT('',(5.610884466648,0.310521834666));
#2096 = CARTESIAN_POINT('',(5.585751725419,0.310521834666));
#2097 = CARTESIAN_POINT('',(5.534588672816,0.310521834666));
#2098 = CARTESIAN_POINT('',(5.508558333686,0.310521834666));
#2099 = CARTESIAN_POINT('',(5.482527985501,0.310521834666));
#2100 = CARTESIAN_POINT('',(5.456497634298,0.310521834666));
#2101 = CARTESIAN_POINT('',(5.430467286114,0.310521834666));
#2102 = CARTESIAN_POINT('',(5.404436946984,0.310521834666));
#2103 = CARTESIAN_POINT('',(5.345195551617,0.310521834666));
#2104 = CARTESIAN_POINT('',(5.311984429279,0.310521834666));
#2105 = CARTESIAN_POINT('',(5.278773276336,0.310521834666));
#2106 = CARTESIAN_POINT('',(5.24556211319,0.310521834666));
#2107 = CARTESIAN_POINT('',(5.212350960247,0.310521834666));
#2108 = CARTESIAN_POINT('',(5.179139837909,0.310521834666));
#2109 = CARTESIAN_POINT('',(5.119898442542,0.310521834666));
#2110 = CARTESIAN_POINT('',(5.093868103412,0.310521834666));
#2111 = CARTESIAN_POINT('',(5.067837755228,0.310521834666));
#2112 = CARTESIAN_POINT('',(5.041807404025,0.310521834666));
#2113 = CARTESIAN_POINT('',(5.01577705584,0.310521834666));
#2114 = CARTESIAN_POINT('',(4.98974671671,0.310521834666));
#2115 = CARTESIAN_POINT('',(4.937686068634,0.310521834666));
#2116 = CARTESIAN_POINT('',(4.911655729504,0.310521834666));
#2117 = CARTESIAN_POINT('',(4.885625381319,0.310521834666));
#2118 = CARTESIAN_POINT('',(4.859595030116,0.310521834666));
#2119 = CARTESIAN_POINT('',(4.833564681932,0.310521834666));
#2120 = CARTESIAN_POINT('',(4.807534342802,0.310521834666));
#2121 = CARTESIAN_POINT('',(4.755473694726,0.310521834666));
#2122 = CARTESIAN_POINT('',(4.729443355596,0.310521834666));
#2123 = CARTESIAN_POINT('',(4.703413007411,0.310521834666));
#2124 = CARTESIAN_POINT('',(4.677382656208,0.310521834666));
#2125 = CARTESIAN_POINT('',(4.651352308023,0.310521834666));
#2126 = CARTESIAN_POINT('',(4.625321968894,0.310521834666));
#2127 = CARTESIAN_POINT('',(4.58044209194,0.310521834666));
#2128 = CARTESIAN_POINT('',(4.561592536018,0.310521834666));
#2129 = CARTESIAN_POINT('',(4.542742978293,0.310521834666));
#2130 = CARTESIAN_POINT('',(4.523893419967,0.310521834666));
#2131 = CARTESIAN_POINT('',(4.505043862242,0.310521834666));
#2132 = CARTESIAN_POINT('',(4.48619430632,0.310521834666));
#2133 = CARTESIAN_POINT('',(4.441314429367,0.310521834666));
#2134 = CARTESIAN_POINT('',(4.415284090237,0.310521834666));
#2135 = CARTESIAN_POINT('',(4.389253742052,0.310521834666));
#2136 = CARTESIAN_POINT('',(4.363223390849,0.310521834666));
#2137 = CARTESIAN_POINT('',(4.337193042664,0.310521834666));
#2138 = CARTESIAN_POINT('',(4.311162703535,0.310521834666));
#2139 = CARTESIAN_POINT('',(4.259102055459,0.310521834666));
#2140 = CARTESIAN_POINT('',(4.233071716329,0.310521834666));
#2141 = CARTESIAN_POINT('',(4.207041368144,0.310521834666));
#2142 = CARTESIAN_POINT('',(4.181011016941,0.310521834666));
#2143 = CARTESIAN_POINT('',(4.154980668756,0.310521834666));
#2144 = CARTESIAN_POINT('',(4.128950329626,0.310521834666));
#2145 = CARTESIAN_POINT('',(4.07688968155,0.310521834666));
#2146 = CARTESIAN_POINT('',(4.050859342421,0.310521834666));
#2147 = CARTESIAN_POINT('',(4.024828994236,0.310521834666));
#2148 = CARTESIAN_POINT('',(3.998798643033,0.310521834666));
#2149 = CARTESIAN_POINT('',(3.972768294848,0.310521834666));
#2150 = CARTESIAN_POINT('',(3.946737955718,0.310521834666));
#2151 = CARTESIAN_POINT('',(3.894677307642,0.310521834666));
#2152 = CARTESIAN_POINT('',(3.868646968512,0.310521834666));
#2153 = CARTESIAN_POINT('',(3.842616620328,0.310521834666));
#2154 = CARTESIAN_POINT('',(3.816586269125,0.310521834666));
#2155 = CARTESIAN_POINT('',(3.79055592094,0.310521834666));
#2156 = CARTESIAN_POINT('',(3.76452558181,0.310521834666));
#2157 = CARTESIAN_POINT('',(3.712464933734,0.310521834666));
#2158 = CARTESIAN_POINT('',(3.686434594604,0.310521834666));
#2159 = CARTESIAN_POINT('',(3.660404246419,0.310521834666));
#2160 = CARTESIAN_POINT('',(3.634373895216,0.310521834666));
#2161 = CARTESIAN_POINT('',(3.608343547032,0.310521834666));
#2162 = CARTESIAN_POINT('',(3.582313207902,0.310521834666));
#2163 = CARTESIAN_POINT('',(3.533842943524,0.310521834666));
#2164 = CARTESIAN_POINT('',(3.511402995999,0.310521834666));
#2165 = CARTESIAN_POINT('',(3.488963044161,0.310521834666));
#2166 = CARTESIAN_POINT('',(3.466523090887,0.310521834666));
#2167 = CARTESIAN_POINT('',(3.444083139049,0.310521834666));
#2168 = CARTESIAN_POINT('',(3.421643191524,0.310521834666));
#2169 = CARTESIAN_POINT('',(3.373172927146,0.310521834666));
#2170 = CARTESIAN_POINT('',(3.347142588017,0.310521834666));
#2171 = CARTESIAN_POINT('',(3.321112239832,0.310521834666));
#2172 = CARTESIAN_POINT('',(3.295081888629,0.310521834666));
#2173 = CARTESIAN_POINT('',(3.269051540444,0.310521834666));
#2174 = CARTESIAN_POINT('',(3.243021201314,0.310521834666));
#2175 = CARTESIAN_POINT('',(3.190960553238,0.310521834666));
#2176 = CARTESIAN_POINT('',(3.164930214108,0.310521834666));
#2177 = CARTESIAN_POINT('',(3.138899865924,0.310521834666));
#2178 = CARTESIAN_POINT('',(3.11286951472,0.310521834666));
#2179 = CARTESIAN_POINT('',(3.086839166536,0.310521834666));
#2180 = CARTESIAN_POINT('',(3.060808827406,0.310521834666));
#2181 = CARTESIAN_POINT('',(3.00874817933,0.310521834666));
#2182 = CARTESIAN_POINT('',(2.9827178402,0.310521834666));
#2183 = CARTESIAN_POINT('',(2.956687492015,0.310521834666));
#2184 = CARTESIAN_POINT('',(2.930657140812,0.310521834666));
#2185 = CARTESIAN_POINT('',(2.904626792627,0.310521834666));
#2186 = CARTESIAN_POINT('',(2.878596453498,0.310521834666));
#2187 = CARTESIAN_POINT('',(2.826535805422,0.310521834666));
#2188 = CARTESIAN_POINT('',(2.800505466292,0.310521834666));
#2189 = CARTESIAN_POINT('',(2.774475118107,0.310521834666));
#2190 = CARTESIAN_POINT('',(2.748444766904,0.310521834666));
#2191 = CARTESIAN_POINT('',(2.722414418719,0.310521834666));
#2192 = CARTESIAN_POINT('',(2.69638407959,0.310521834666));
#2193 = CARTESIAN_POINT('',(2.646118622782,0.310521834666));
#2194 = CARTESIAN_POINT('',(2.621883479454,0.310521834666));
#2195 = CARTESIAN_POINT('',(2.597648329792,0.310521834666));
#2196 = CARTESIAN_POINT('',(2.573413178017,0.310521834666));
#2197 = CARTESIAN_POINT('',(2.549178028355,0.310521834666));
#2198 = CARTESIAN_POINT('',(2.524942885027,0.310521834666));
#2199 = CARTESIAN_POINT('',(2.47467742822,0.310521834666));
#2200 = CARTESIAN_POINT('',(2.44864708909,0.310521834666));
#2201 = CARTESIAN_POINT('',(2.422616740905,0.310521834666));
#2202 = CARTESIAN_POINT('',(2.396586389702,0.310521834666));
#2203 = CARTESIAN_POINT('',(2.370556041517,0.310521834666));
#2204 = CARTESIAN_POINT('',(2.344525702387,0.310521834666));
#2205 = CARTESIAN_POINT('',(2.292465054311,0.310521834666));
#2206 = CARTESIAN_POINT('',(2.266434715182,0.310521834666));
#2207 = CARTESIAN_POINT('',(2.240404366997,0.310521834666));
#2208 = CARTESIAN_POINT('',(2.214374015794,0.310521834666));
#2209 = CARTESIAN_POINT('',(2.188343667609,0.310521834666));
#2210 = CARTESIAN_POINT('',(2.162313328479,0.310521834666));
#2211 = CARTESIAN_POINT('',(2.110252680403,0.310521834666));
#2212 = CARTESIAN_POINT('',(2.084222341273,0.310521834666));
#2213 = CARTESIAN_POINT('',(2.058191993089,0.310521834666));
#2214 = CARTESIAN_POINT('',(2.032161641886,0.310521834666));
#2215 = CARTESIAN_POINT('',(2.006131293701,0.310521834666));
#2216 = CARTESIAN_POINT('',(1.980100954571,0.310521834666));
#2217 = CARTESIAN_POINT('',(1.928937901968,0.310521834666));
#2218 = CARTESIAN_POINT('',(1.903805160739,0.310521834666));
#2219 = CARTESIAN_POINT('',(1.878672411912,0.310521834666));
#2220 = CARTESIAN_POINT('',(1.853539660553,0.310521834666));
#2221 = CARTESIAN_POINT('',(1.828406911726,0.310521834666));
#2222 = CARTESIAN_POINT('',(1.803274170497,0.310521834666));
#2223 = CARTESIAN_POINT('',(1.752111117894,0.310521834666));
#2224 = CARTESIAN_POINT('',(1.726080778764,0.310521834666));
#2225 = CARTESIAN_POINT('',(1.700050430579,0.310521834666));
#2226 = CARTESIAN_POINT('',(1.674020079376,0.310521834666));
#2227 = CARTESIAN_POINT('',(1.647989731192,0.310521834666));
#2228 = CARTESIAN_POINT('',(1.621959392062,0.310521834666));
#2229 = CARTESIAN_POINT('',(1.569898743986,0.310521834666));
#2230 = CARTESIAN_POINT('',(1.543868404856,0.310521834666));
#2231 = CARTESIAN_POINT('',(1.517838056671,0.310521834666));
#2232 = CARTESIAN_POINT('',(1.491807705468,0.310521834666));
#2233 = CARTESIAN_POINT('',(1.465777357283,0.310521834666));
#2234 = CARTESIAN_POINT('',(1.439747018154,0.310521834666));
#2235 = CARTESIAN_POINT('',(1.387686370077,0.310521834666));
#2236 = CARTESIAN_POINT('',(1.361656030948,0.310521834666));
#2237 = CARTESIAN_POINT('',(1.335625682763,0.310521834666));
#2238 = CARTESIAN_POINT('',(1.30959533156,0.310521834666));
#2239 = CARTESIAN_POINT('',(1.283564983375,0.310521834666));
#2240 = CARTESIAN_POINT('',(1.257534644245,0.310521834666));
#2241 = CARTESIAN_POINT('',(1.205473996169,0.310521834666));
#2242 = CARTESIAN_POINT('',(1.17944365704,0.310521834666));
#2243 = CARTESIAN_POINT('',(1.153413308855,0.310521834666));
#2244 = CARTESIAN_POINT('',(1.127382957652,0.310521834666));
#2245 = CARTESIAN_POINT('',(1.101352609467,0.310521834666));
#2246 = CARTESIAN_POINT('',(1.075322270337,0.310521834666));
#2247 = CARTESIAN_POINT('',(1.024159217734,0.310521834666));
#2248 = CARTESIAN_POINT('',(0.999026476505,0.310521834666));
#2249 = CARTESIAN_POINT('',(0.973893727678,0.310521834666));
#2250 = CARTESIAN_POINT('',(0.948760976319,0.310521834666));
#2251 = CARTESIAN_POINT('',(0.923628227492,0.310521834666));
#2252 = CARTESIAN_POINT('',(0.898495486263,0.310521834666));
#2253 = CARTESIAN_POINT('',(0.851820413933,0.310521834666));
#2254 = CARTESIAN_POINT('',(0.830278064309,0.310521834666));
#2255 = CARTESIAN_POINT('',(0.808735711168,0.310521834666));
#2256 = CARTESIAN_POINT('',(0.787193356856,0.310521834666));
#2257 = CARTESIAN_POINT('',(0.765651003715,0.310521834666));
#2258 = CARTESIAN_POINT('',(0.744108654091,0.310521834666));
#2259 = CARTESIAN_POINT('',(0.619356427483,0.310521834666));
#2260 = CARTESIAN_POINT('',(0.516103595401,0.310521834666));
#2261 = CARTESIAN_POINT('',(0.412885974308,0.310521834666));
#2262 = CARTESIAN_POINT('',(0.309680336018,0.310521834666));
#2263 = CARTESIAN_POINT('',(0.206462714924,0.310521834666));
#2264 = CARTESIAN_POINT('',(0.103209882843,0.310521834666));
#2265 = CARTESIAN_POINT('',(0.,0.310521834666));
#2266 = ( GEOMETRIC_REPRESENTATION_CONTEXT(2) 
PARAMETRIC_REPRESENTATION_CONTEXT() REPRESENTATION_CONTEXT('2D SPACE',''
  ) );
#2267 = ADVANCED_FACE('',(#2268,#2303),#1625,.T.);
#2268 = FACE_BOUND('',#2269,.T.);
#2269 = EDGE_LOOP('',(#2270));
#2270 = ORIENTED_EDGE('',*,*,#2271,.F.);
#2271 = EDGE_CURVE('',#2272,#2272,#2274,.T.);
#2272 = VERTEX_POINT('',#2273);
#2273 = CARTESIAN_POINT('',(9.,4.75,0.));
#2274 = SURFACE_CURVE('',#2275,(#2280,#2291),.PCURVE_S1.);
#2275 = CIRCLE('',#2276,4.75);
#2276 = AXIS2_PLACEMENT_3D('',#2277,#2278,#2279);
#2277 = CARTESIAN_POINT('',(9.,0.,0.));
#2278 = DIRECTION('',(-1.,0.,0.));
#2279 = DIRECTION('',(0.,1.,0.));
#2280 = PCURVE('',#1625,#2281);
#2281 = DEFINITIONAL_REPRESENTATION('',(#2282),#2290);
#2282 = ( BOUNDED_CURVE() B_SPLINE_CURVE(2,(#2283,#2284,#2285,#2286,
#2287,#2288,#2289),.UNSPECIFIED.,.T.,.F.) B_SPLINE_CURVE_WITH_KNOTS((1,2
    ,2,2,2,1),(-2.094395102393,0.,2.094395102393,4.188790204786,
6.28318530718,8.377580409573),.UNSPECIFIED.) CURVE() 
GEOMETRIC_REPRESENTATION_ITEM() RATIONAL_B_SPLINE_CURVE((1.,0.5,1.,0.5,
1.,0.5,1.)) REPRESENTATION_ITEM('') );
#2283 = CARTESIAN_POINT('',(4.75,0.));
#2284 = CARTESIAN_POINT('',(4.75,-8.227241335952));
#2285 = CARTESIAN_POINT('',(-2.375,-4.113620667976));
#2286 = CARTESIAN_POINT('',(-9.5,-1.16341445919E-15));
#2287 = CARTESIAN_POINT('',(-2.375,4.113620667976));
#2288 = CARTESIAN_POINT('',(4.75,8.227241335952));
#2289 = CARTESIAN_POINT('',(4.75,0.));
#2290 = ( GEOMETRIC_REPRESENTATION_CONTEXT(2) 
PARAMETRIC_REPRESENTATION_CONTEXT() REPRESENTATION_CONTEXT('2D SPACE',''
  ) );
#2291 = PCURVE('',#2292,#2297);
#2292 = CYLINDRICAL_SURFACE('',#2293,4.75);
#2293 = AXIS2_PLACEMENT_3D('',#2294,#2295,#2296);
#2294 = CARTESIAN_POINT('',(9.175,0.,0.));
#2295 = DIRECTION('',(-1.,-0.,-0.));
#2296 = DIRECTION('',(0.,1.,0.));
#2297 = DEFINITIONAL_REPRESENTATION('',(#2298),#2302);
#2298 = LINE('',#2299,#2300);
#2299 = CARTESIAN_POINT('',(-6.28318530718,0.175));
#2300 = VECTOR('',#2301,1.);
#2301 = DIRECTION('',(1.,-0.));
#2302 = ( GEOMETRIC_REPRESENTATION_CONTEXT(2) 
PARAMETRIC_REPRESENTATION_CONTEXT() REPRESENTATION_CONTEXT('2D SPACE',''
  ) );
#2303 = FACE_BOUND('',#2304,.T.);
#2304 = EDGE_LOOP('',(#2305));
#2305 = ORIENTED_EDGE('',*,*,#1610,.F.);
#2306 = ADVANCED_FACE('',(#2307),#2061,.T.);
#2307 = FACE_BOUND('',#2308,.T.);
#2308 = EDGE_LOOP('',(#2309,#2310,#2334,#2361));
#2309 = ORIENTED_EDGE('',*,*,#1665,.F.);
#2310 = ORIENTED_EDGE('',*,*,#2311,.T.);
#2311 = EDGE_CURVE('',#1641,#2312,#2314,.T.);
#2312 = VERTEX_POINT('',#2313);
#2313 = CARTESIAN_POINT('',(3.6,5.,0.));
#2314 = SEAM_CURVE('',#2315,(#2320,#2327),.PCURVE_S1.);
#2315 = CIRCLE('',#2316,3.6);
#2316 = AXIS2_PLACEMENT_3D('',#2317,#2318,#2319);
#2317 = CARTESIAN_POINT('',(3.6,1.4,0.));
#2318 = DIRECTION('',(0.,0.,-1.));
#2319 = DIRECTION('',(-1.,0.,0.));
#2320 = PCURVE('',#2061,#2321);
#2321 = DEFINITIONAL_REPRESENTATION('',(#2322),#2326);
#2322 = LINE('',#2323,#2324);
#2323 = CARTESIAN_POINT('',(0.,0.));
#2324 = VECTOR('',#2325,1.);
#2325 = DIRECTION('',(0.,1.));
#2326 = ( GEOMETRIC_REPRESENTATION_CONTEXT(2) 
PARAMETRIC_REPRESENTATION_CONTEXT() REPRESENTATION_CONTEXT('2D SPACE',''
  ) );
#2327 = PCURVE('',#2061,#2328);
#2328 = DEFINITIONAL_REPRESENTATION('',(#2329),#2333);
#2329 = LINE('',#2330,#2331);
#2330 = CARTESIAN_POINT('',(6.28318530718,0.));
#2331 = VECTOR('',#2332,1.);
#2332 = DIRECTION('',(0.,1.));
#2333 = ( GEOMETRIC_REPRESENTATION_CONTEXT(2) 
PARAMETRIC_REPRESENTATION_CONTEXT() REPRESENTATION_CONTEXT('2D SPACE',''
  ) );
#2334 = ORIENTED_EDGE('',*,*,#2335,.F.);
#2335 = EDGE_CURVE('',#2312,#2312,#2336,.T.);
#2336 = SURFACE_CURVE('',#2337,(#2342,#2349),.PCURVE_S1.);
#2337 = CIRCLE('',#2338,5.);
#2338 = AXIS2_PLACEMENT_3D('',#2339,#2340,#2341);
#2339 = CARTESIAN_POINT('',(3.6,0.,0.));
#2340 = DIRECTION('',(1.,0.,0.));
#2341 = DIRECTION('',(-0.,1.,0.));
#2342 = PCURVE('',#2061,#2343);
#2343 = DEFINITIONAL_REPRESENTATION('',(#2344),#2348);
#2344 = LINE('',#2345,#2346);
#2345 = CARTESIAN_POINT('',(0.,1.570796326795));
#2346 = VECTOR('',#2347,1.);
#2347 = DIRECTION('',(1.,0.));
#2348 = ( GEOMETRIC_REPRESENTATION_CONTEXT(2) 
PARAMETRIC_REPRESENTATION_CONTEXT() REPRESENTATION_CONTEXT('2D SPACE',''
  ) );
#2349 = PCURVE('',#2350,#2355);
#2350 = CYLINDRICAL_SURFACE('',#2351,5.);
#2351 = AXIS2_PLACEMENT_3D('',#2352,#2353,#2354);
#2352 = CARTESIAN_POINT('',(0.,0.,0.));
#2353 = DIRECTION('',(1.,0.,0.));
#2354 = DIRECTION('',(-0.,1.,0.));
#2355 = DEFINITIONAL_REPRESENTATION('',(#2356),#2360);
#2356 = LINE('',#2357,#2358);
#2357 = CARTESIAN_POINT('',(0.,3.6));
#2358 = VECTOR('',#2359,1.);
#2359 = DIRECTION('',(1.,0.));
#2360 = ( GEOMETRIC_REPRESENTATION_CONTEXT(2) 
PARAMETRIC_REPRESENTATION_CONTEXT() REPRESENTATION_CONTEXT('2D SPACE',''
  ) );
#2361 = ORIENTED_EDGE('',*,*,#2311,.F.);
#2362 = ADVANCED_FACE('',(#2363),#2292,.T.);
#2363 = FACE_BOUND('',#2364,.F.);
#2364 = EDGE_LOOP('',(#2365,#2366,#2389,#2416));
#2365 = ORIENTED_EDGE('',*,*,#2271,.F.);
#2366 = ORIENTED_EDGE('',*,*,#2367,.T.);
#2367 = EDGE_CURVE('',#2272,#2368,#2370,.T.);
#2368 = VERTEX_POINT('',#2369);
#2369 = CARTESIAN_POINT('',(8.825,4.75,0.));
#2370 = SEAM_CURVE('',#2371,(#2375,#2382),.PCURVE_S1.);
#2371 = LINE('',#2372,#2373);
#2372 = CARTESIAN_POINT('',(9.175,4.75,0.));
#2373 = VECTOR('',#2374,1.);
#2374 = DIRECTION('',(-1.,0.,0.));
#2375 = PCURVE('',#2292,#2376);
#2376 = DEFINITIONAL_REPRESENTATION('',(#2377),#2381);
#2377 = LINE('',#2378,#2379);
#2378 = CARTESIAN_POINT('',(-0.,0.));
#2379 = VECTOR('',#2380,1.);
#2380 = DIRECTION('',(-0.,1.));
#2381 = ( GEOMETRIC_REPRESENTATION_CONTEXT(2) 
PARAMETRIC_REPRESENTATION_CONTEXT() REPRESENTATION_CONTEXT('2D SPACE',''
  ) );
#2382 = PCURVE('',#2292,#2383);
#2383 = DEFINITIONAL_REPRESENTATION('',(#2384),#2388);
#2384 = LINE('',#2385,#2386);
#2385 = CARTESIAN_POINT('',(-6.28318530718,0.));
#2386 = VECTOR('',#2387,1.);
#2387 = DIRECTION('',(-0.,1.));
#2388 = ( GEOMETRIC_REPRESENTATION_CONTEXT(2) 
PARAMETRIC_REPRESENTATION_CONTEXT() REPRESENTATION_CONTEXT('2D SPACE',''
  ) );
#2389 = ORIENTED_EDGE('',*,*,#2390,.F.);
#2390 = EDGE_CURVE('',#2368,#2368,#2391,.T.);
#2391 = SURFACE_CURVE('',#2392,(#2397,#2404),.PCURVE_S1.);
#2392 = CIRCLE('',#2393,4.75);
#2393 = AXIS2_PLACEMENT_3D('',#2394,#2395,#2396);
#2394 = CARTESIAN_POINT('',(8.825,0.,0.));
#2395 = DIRECTION('',(1.,0.,0.));
#2396 = DIRECTION('',(-0.,1.,0.));
#2397 = PCURVE('',#2292,#2398);
#2398 = DEFINITIONAL_REPRESENTATION('',(#2399),#2403);
#2399 = LINE('',#2400,#2401);
#2400 = CARTESIAN_POINT('',(-0.,0.35));
#2401 = VECTOR('',#2402,1.);
#2402 = DIRECTION('',(-1.,0.));
#2403 = ( GEOMETRIC_REPRESENTATION_CONTEXT(2) 
PARAMETRIC_REPRESENTATION_CONTEXT() REPRESENTATION_CONTEXT('2D SPACE',''
  ) );
#2404 = PCURVE('',#2405,#2410);
#2405 = PLANE('',#2406);
#2406 = AXIS2_PLACEMENT_3D('',#2407,#2408,#2409);
#2407 = CARTESIAN_POINT('',(8.825,0.,0.));
#2408 = DIRECTION('',(1.,0.,0.));
#2409 = DIRECTION('',(-0.,1.,0.));
#2410 = DEFINITIONAL_REPRESENTATION('',(#2411),#2415);
#2411 = CIRCLE('',#2412,4.75);
#2412 = AXIS2_PLACEMENT_2D('',#2413,#2414);
#2413 = CARTESIAN_POINT('',(0.,0.));
#2414 = DIRECTION('',(1.,-0.));
#2415 = ( GEOMETRIC_REPRESENTATION_CONTEXT(2) 
PARAMETRIC_REPRESENTATION_CONTEXT() REPRESENTATION_CONTEXT('2D SPACE',''
  ) );
#2416 = ORIENTED_EDGE('',*,*,#2367,.F.);
#2417 = ADVANCED_FACE('',(#2418),#2350,.T.);
#2418 = FACE_BOUND('',#2419,.T.);
#2419 = EDGE_LOOP('',(#2420,#2443,#2444,#2445));
#2420 = ORIENTED_EDGE('',*,*,#2421,.F.);
#2421 = EDGE_CURVE('',#2312,#2422,#2424,.T.);
#2422 = VERTEX_POINT('',#2423);
#2423 = CARTESIAN_POINT('',(8.825,5.,0.));
#2424 = SEAM_CURVE('',#2425,(#2429,#2436),.PCURVE_S1.);
#2425 = LINE('',#2426,#2427);
#2426 = CARTESIAN_POINT('',(0.,5.,0.));
#2427 = VECTOR('',#2428,1.);
#2428 = DIRECTION('',(1.,0.,0.));
#2429 = PCURVE('',#2350,#2430);
#2430 = DEFINITIONAL_REPRESENTATION('',(#2431),#2435);
#2431 = LINE('',#2432,#2433);
#2432 = CARTESIAN_POINT('',(0.,0.));
#2433 = VECTOR('',#2434,1.);
#2434 = DIRECTION('',(0.,1.));
#2435 = ( GEOMETRIC_REPRESENTATION_CONTEXT(2) 
PARAMETRIC_REPRESENTATION_CONTEXT() REPRESENTATION_CONTEXT('2D SPACE',''
  ) );
#2436 = PCURVE('',#2350,#2437);
#2437 = DEFINITIONAL_REPRESENTATION('',(#2438),#2442);
#2438 = LINE('',#2439,#2440);
#2439 = CARTESIAN_POINT('',(6.28318530718,0.));
#2440 = VECTOR('',#2441,1.);
#2441 = DIRECTION('',(0.,1.));
#2442 = ( GEOMETRIC_REPRESENTATION_CONTEXT(2) 
PARAMETRIC_REPRESENTATION_CONTEXT() REPRESENTATION_CONTEXT('2D SPACE',''
  ) );
#2443 = ORIENTED_EDGE('',*,*,#2335,.T.);
#2444 = ORIENTED_EDGE('',*,*,#2421,.T.);
#2445 = ORIENTED_EDGE('',*,*,#2446,.F.);
#2446 = EDGE_CURVE('',#2422,#2422,#2447,.T.);
#2447 = SURFACE_CURVE('',#2448,(#2453,#2460),.PCURVE_S1.);
#2448 = CIRCLE('',#2449,5.);
#2449 = AXIS2_PLACEMENT_3D('',#2450,#2451,#2452);
#2450 = CARTESIAN_POINT('',(8.825,0.,0.));
#2451 = DIRECTION('',(1.,0.,0.));
#2452 = DIRECTION('',(-0.,1.,0.));
#2453 = PCURVE('',#2350,#2454);
#2454 = DEFINITIONAL_REPRESENTATION('',(#2455),#2459);
#2455 = LINE('',#2456,#2457);
#2456 = CARTESIAN_POINT('',(0.,8.825));
#2457 = VECTOR('',#2458,1.);
#2458 = DIRECTION('',(1.,0.));
#2459 = ( GEOMETRIC_REPRESENTATION_CONTEXT(2) 
PARAMETRIC_REPRESENTATION_CONTEXT() REPRESENTATION_CONTEXT('2D SPACE',''
  ) );
#2460 = PCURVE('',#2405,#2461);
#2461 = DEFINITIONAL_REPRESENTATION('',(#2462),#2466);
#2462 = CIRCLE('',#2463,5.);
#2463 = AXIS2_PLACEMENT_2D('',#2464,#2465);
#2464 = CARTESIAN_POINT('',(0.,0.));
#2465 = DIRECTION('',(1.,-0.));
#2466 = ( GEOMETRIC_REPRESENTATION_CONTEXT(2) 
PARAMETRIC_REPRESENTATION_CONTEXT() REPRESENTATION_CONTEXT('2D SPACE',''
  ) );
#2467 = ADVANCED_FACE('',(#2468,#2471),#2405,.T.);
#2468 = FACE_BOUND('',#2469,.F.);
#2469 = EDGE_LOOP('',(#2470));
#2470 = ORIENTED_EDGE('',*,*,#2446,.F.);
#2471 = FACE_BOUND('',#2472,.F.);
#2472 = EDGE_LOOP('',(#2473));
#2473 = ORIENTED_EDGE('',*,*,#2390,.T.);
#2474 = ( GEOMETRIC_REPRESENTATION_CONTEXT(3) 
GLOBAL_UNCERTAINTY_ASSIGNED_CONTEXT((#2478)) 
GLOBAL_UNIT_ASSIGNED_CONTEXT((#2475,#2476,#2477)) REPRESENTATION_CONTEXT
('Context #1','3D Context with UNIT and UNCERTAINTY') );
#2475 = ( LENGTH_UNIT() NAMED_UNIT(*) SI_UNIT(.MILLI.,.METRE.) );
#2476 = ( NAMED_UNIT(*) PLANE_ANGLE_UNIT() SI_UNIT($,.RADIAN.) );
#2477 = ( NAMED_UNIT(*) SI_UNIT($,.STERADIAN.) SOLID_ANGLE_UNIT() );
#2478 = UNCERTAINTY_MEASURE_WITH_UNIT(LENGTH_MEASURE(2.E-06),#2475,
  'distance_accuracy_value','confusion accuracy');
#2479 = PRODUCT_RELATED_PRODUCT_CATEGORY('part',$,(#7));
ENDSEC;
END-ISO-10303-21;
