ISO-10303-21;
HEADER;
FILE_DESCRIPTION(('Open CASCADE Model'),'2;1');
FILE_NAME('Open CASCADE Shape Model','2026-10-04T11:21:11',('Author'),(
    'Open CASCADE'),'Open CASCADE STEP processor 8.0','build123d',
  'Unknown');
FILE_SCHEMA(('AUTOMOTIVE_DESIGN { 1 0 10303 214 1 1 1 1 }'));
ENDSEC;
DATA;
#1 = APPLICATION_PROTOCOL_DEFINITION('international standard',
  'automotive_design',2000,#2);
#2 = APPLICATION_CONTEXT(
  'core data for automotive mechanical design processes');
#3 = SHAPE_DEFINITION_REPRESENTATION(#4,#10);
#4 = PRODUCT_DEFINITION_SHAPE('','',#5);
#5 = PRODUCT_DEFINITION('design','',#6,#9);
#6 = PRODUCT_DEFINITION_FORMATION('','',#7);
#7 = PRODUCT('COMPOUND','COMPOUND','',(#8));
#8 = PRODUCT_CONTEXT('',#2,'mechanical');
#9 = PRODUCT_DEFINITION_CONTEXT('part definition',#2,'design');
#10 = ADVANCED_BREP_SHAPE_REPRESENTATION('',(#11,#15),#2415);
#11 = AXIS2_PLACEMENT_3D('',#12,#13,#14);
#12 = CARTESIAN_POINT('',(0.,0.,0.));
#13 = DIRECTION('',(0.,0.,1.));
#14 = DIRECTION('',(1.,0.,-0.));
#15 = MANIFOLD_SOLID_BREP('',#16);
#16 = CLOSED_SHELL('',(#17,#135,#356,#798,#1269,#1600,#1628,#1745,#1773,
    #1801,#2115,#2119,#2172,#2272,#2344,#2403,#2407,#2411));
#17 = ADVANCED_FACE('',(#18),#33,.F.);
#18 = FACE_BOUND('',#19,.T.);
#19 = EDGE_LOOP('',(#20,#56,#82,#111));
#20 = ORIENTED_EDGE('',*,*,#21,.F.);
#21 = EDGE_CURVE('',#22,#24,#26,.T.);
#22 = VERTEX_POINT('',#23);
#23 = CARTESIAN_POINT('',(108.,58.215118311312,5.766281297335));
#24 = VERTEX_POINT('',#25);
#25 = CARTESIAN_POINT('',(108.,-58.21511831131,5.766281297335));
#26 = SURFACE_CURVE('',#27,(#32,#44),.PCURVE_S1.);
#27 = CIRCLE('',#28,58.5);
#28 = AXIS2_PLACEMENT_3D('',#29,#30,#31);
#29 = CARTESIAN_POINT('',(108.,0.,0.));
#30 = DIRECTION('',(1.,0.,0.));
#31 = DIRECTION('',(-0.,1.,0.));
#32 = PCURVE('',#33,#38);
#33 = PLANE('',#34);
#34 = AXIS2_PLACEMENT_3D('',#35,#36,#37);
#35 = CARTESIAN_POINT('',(108.,0.,0.));
#36 = DIRECTION('',(1.,0.,0.));
#37 = DIRECTION('',(-0.,1.,0.));
#38 = DEFINITIONAL_REPRESENTATION('',(#39),#43);
#39 = CIRCLE('',#40,58.5);
#40 = AXIS2_PLACEMENT_2D('',#41,#42);
#41 = CARTESIAN_POINT('',(0.,0.));
#42 = DIRECTION('',(1.,-0.));
#43 = ( GEOMETRIC_REPRESENTATION_CONTEXT(2) 
PARAMETRIC_REPRESENTATION_CONTEXT() REPRESENTATION_CONTEXT('2D SPACE',''
  ) );
#44 = PCURVE('',#45,#50);
#45 = TOROIDAL_SURFACE('',#46,58.5,2.);
#46 = AXIS2_PLACEMENT_3D('',#47,#48,#49);
#47 = CARTESIAN_POINT('',(110.,0.,0.));
#48 = DIRECTION('',(-1.,-0.,-0.));
#49 = DIRECTION('',(-0.,1.,0.));
#50 = DEFINITIONAL_REPRESENTATION('',(#51),#55);
#51 = LINE('',#52,#53);
#52 = CARTESIAN_POINT('',(-0.,1.570796326795));
#53 = VECTOR('',#54,1.);
#54 = DIRECTION('',(-1.,0.));
#55 = ( GEOMETRIC_REPRESENTATION_CONTEXT(2) 
PARAMETRIC_REPRESENTATION_CONTEXT() REPRESENTATION_CONTEXT('2D SPACE',''
  ) );
#56 = ORIENTED_EDGE('',*,*,#57,.T.);
#57 = EDGE_CURVE('',#22,#58,#60,.T.);
#58 = VERTEX_POINT('',#59);
#59 = CARTESIAN_POINT('',(108.,55.19963767997,5.766281297335));
#60 = SURFACE_CURVE('',#61,(#65,#71),.PCURVE_S1.);
#61 = LINE('',#62,#63);
#62 = CARTESIAN_POINT('',(108.,60.5,5.766281297335));
#63 = VECTOR('',#64,1.);
#64 = DIRECTION('',(0.,-1.,2.22044604925E-16));
#65 = PCURVE('',#33,#66);
#66 = DEFINITIONAL_REPRESENTATION('',(#67),#70);
#67 = B_SPLINE_CURVE_WITH_KNOTS('',1,(#68,#69),.UNSPECIFIED.,.F.,.F.,(2,
    2),(-2.399999999625E-06,7.0000024),.PIECEWISE_BEZIER_KNOTS.);
#68 = CARTESIAN_POINT('',(60.5000024,5.766281297335));
#69 = CARTESIAN_POINT('',(53.4999976,5.766281297335));
#70 = ( GEOMETRIC_REPRESENTATION_CONTEXT(2) 
PARAMETRIC_REPRESENTATION_CONTEXT() REPRESENTATION_CONTEXT('2D SPACE',''
  ) );
#71 = PCURVE('',#72,#77);
#72 = CYLINDRICAL_SURFACE('',#73,6.5);
#73 = AXIS2_PLACEMENT_3D('',#74,#75,#76);
#74 = CARTESIAN_POINT('',(111.,60.5,-7.771561172376E-16));
#75 = DIRECTION('',(0.,-1.,2.22044604925E-16));
#76 = DIRECTION('',(1.,0.,0.));
#77 = DEFINITIONAL_REPRESENTATION('',(#78),#81);
#78 = B_SPLINE_CURVE_WITH_KNOTS('',1,(#79,#80),.UNSPECIFIED.,.F.,.F.,(2,
    2),(-2.399999999625E-06,7.0000024),.PIECEWISE_BEZIER_KNOTS.);
#79 = CARTESIAN_POINT('',(2.050524964471,-2.399999998345E-06));
#80 = CARTESIAN_POINT('',(2.050524964471,7.0000024));
#81 = ( GEOMETRIC_REPRESENTATION_CONTEXT(2) 
PARAMETRIC_REPRESENTATION_CONTEXT() REPRESENTATION_CONTEXT('2D SPACE',''
  ) );
#82 = ORIENTED_EDGE('',*,*,#83,.T.);
#83 = EDGE_CURVE('',#58,#84,#86,.T.);
#84 = VERTEX_POINT('',#85);
#85 = CARTESIAN_POINT('',(108.,-55.19963767997,5.766281297335));
#86 = SURFACE_CURVE('',#87,(#92,#99),.PCURVE_S1.);
#87 = CIRCLE('',#88,55.5);
#88 = AXIS2_PLACEMENT_3D('',#89,#90,#91);
#89 = CARTESIAN_POINT('',(108.,0.,0.));
#90 = DIRECTION('',(1.,0.,0.));
#91 = DIRECTION('',(-0.,1.,0.));
#92 = PCURVE('',#33,#93);
#93 = DEFINITIONAL_REPRESENTATION('',(#94),#98);
#94 = CIRCLE('',#95,55.5);
#95 = AXIS2_PLACEMENT_2D('',#96,#97);
#96 = CARTESIAN_POINT('',(0.,0.));
#97 = DIRECTION('',(1.,-0.));
#98 = ( GEOMETRIC_REPRESENTATION_CONTEXT(2) 
PARAMETRIC_REPRESENTATION_CONTEXT() REPRESENTATION_CONTEXT('2D SPACE',''
  ) );
#99 = PCURVE('',#100,#105);
#100 = TOROIDAL_SURFACE('',#101,55.5,2.);
#101 = AXIS2_PLACEMENT_3D('',#102,#103,#104);
#102 = CARTESIAN_POINT('',(110.,0.,0.));
#103 = DIRECTION('',(-1.,-0.,-0.));
#104 = DIRECTION('',(-0.,1.,0.));
#105 = DEFINITIONAL_REPRESENTATION('',(#106),#110);
#106 = LINE('',#107,#108);
#107 = CARTESIAN_POINT('',(-0.,1.570796326795));
#108 = VECTOR('',#109,1.);
#109 = DIRECTION('',(-1.,0.));
#110 = ( GEOMETRIC_REPRESENTATION_CONTEXT(2) 
PARAMETRIC_REPRESENTATION_CONTEXT() REPRESENTATION_CONTEXT('2D SPACE',''
  ) );
#111 = ORIENTED_EDGE('',*,*,#112,.T.);
#112 = EDGE_CURVE('',#84,#24,#113,.T.);
#113 = SURFACE_CURVE('',#114,(#118,#124),.PCURVE_S1.);
#114 = LINE('',#115,#116);
#115 = CARTESIAN_POINT('',(108.,-53.5,5.766281297335));
#116 = VECTOR('',#117,1.);
#117 = DIRECTION('',(0.,-1.,2.22044604925E-16));
#118 = PCURVE('',#33,#119);
#119 = DEFINITIONAL_REPRESENTATION('',(#120),#123);
#120 = B_SPLINE_CURVE_WITH_KNOTS('',1,(#121,#122),.UNSPECIFIED.,.F.,.F.,
  (2,2),(-2.399999999625E-06,7.0000024),.PIECEWISE_BEZIER_KNOTS.);
#121 = CARTESIAN_POINT('',(-53.4999976,5.766281297335));
#122 = CARTESIAN_POINT('',(-60.5000024,5.766281297335));
#123 = ( GEOMETRIC_REPRESENTATION_CONTEXT(2) 
PARAMETRIC_REPRESENTATION_CONTEXT() REPRESENTATION_CONTEXT('2D SPACE',''
  ) );
#124 = PCURVE('',#125,#130);
#125 = CYLINDRICAL_SURFACE('',#126,6.5);
#126 = AXIS2_PLACEMENT_3D('',#127,#128,#129);
#127 = CARTESIAN_POINT('',(111.,-53.5,-7.771561172376E-16));
#128 = DIRECTION('',(0.,-1.,2.22044604925E-16));
#129 = DIRECTION('',(1.,0.,0.));
#130 = DEFINITIONAL_REPRESENTATION('',(#131),#134);
#131 = B_SPLINE_CURVE_WITH_KNOTS('',1,(#132,#133),.UNSPECIFIED.,.F.,.F.,
  (2,2),(-2.399999999625E-06,7.0000024),.PIECEWISE_BEZIER_KNOTS.);
#132 = CARTESIAN_POINT('',(2.050524964471,-2.399999998345E-06));
#133 = CARTESIAN_POINT('',(2.050524964471,7.0000024));
#134 = ( GEOMETRIC_REPRESENTATION_CONTEXT(2) 
PARAMETRIC_REPRESENTATION_CONTEXT() REPRESENTATION_CONTEXT('2D SPACE',''
  ) );
#135 = ADVANCED_FACE('',(#136),#45,.T.);
#136 = FACE_BOUND('',#137,.F.);
#137 = EDGE_LOOP('',(#138,#233,#262,#355));
#138 = ORIENTED_EDGE('',*,*,#139,.F.);
#139 = EDGE_CURVE('',#140,#22,#142,.T.);
#140 = VERTEX_POINT('',#141);
#141 = CARTESIAN_POINT('',(110.,60.15812497078,6.422616289333));
#142 = SURFACE_CURVE('',#143,(#171,#202),.PCURVE_S1.);
#143 = B_SPLINE_CURVE_WITH_KNOTS('',6,(#144,#145,#146,#147,#148,#149,
    #150,#151,#152,#153,#154,#155,#156,#157,#158,#159,#160,#161,#162,
    #163,#164,#165,#166,#167,#168,#169,#170),.UNSPECIFIED.,.F.,.F.,(7,5,
    5,5,5,7),(0.,0.198452490324,0.327941178962,0.500555318777,
    0.744670672836,1.),.UNSPECIFIED.);
#144 = CARTESIAN_POINT('',(110.,60.15812497078,6.422616289333));
#145 = CARTESIAN_POINT('',(109.87910863061,60.160134530909,
    6.403793528648));
#146 = CARTESIAN_POINT('',(109.75830325636,60.153615256013,
    6.382187400193));
#147 = CARTESIAN_POINT('',(109.63908128768,60.138567581852,
    6.358001268012));
#148 = CARTESIAN_POINT('',(109.5226609228,60.115405225011,6.331617899291
    ));
#149 = CARTESIAN_POINT('',(109.41001027199,60.084734881768,
    6.303529373327));
#150 = CARTESIAN_POINT('',(109.23131676023,60.022863882452,
    6.255166078131));
#151 = CARTESIAN_POINT('',(109.16265723842,59.995542807628,
    6.235561432297));
#152 = CARTESIAN_POINT('',(109.09607435159,59.965521401774,
    6.215586344747));
#153 = CARTESIAN_POINT('',(109.03169397795,59.932997002292,
    6.195377974404));
#154 = CARTESIAN_POINT('',(108.96959983322,59.89816217129,6.175067428773
    ));
#155 = CARTESIAN_POINT('',(108.8301864775,59.811912284386,6.127722771285
    ));
#156 = CARTESIAN_POINT('',(108.75469101865,59.758843569125,
    6.100704550948));
#157 = CARTESIAN_POINT('',(108.68346684656,59.702400840991,
    6.074000868405));
#158 = CARTESIAN_POINT('',(108.61655662152,59.642965111545,
    6.047867382815));
#159 = CARTESIAN_POINT('',(108.55395546468,59.580874489479,
    6.022529451977));
#160 = CARTESIAN_POINT('',(108.41314495519,59.425252078546,
    5.963737993217));
#161 = CARTESIAN_POINT('',(108.33923020913,59.329371116733,
    5.931278545969));
#162 = CARTESIAN_POINT('',(108.27377846663,59.229574624057,
    5.901335447439));
#163 = CARTESIAN_POINT('',(108.21666901259,59.126562753401,
    5.874356745941));
#164 = CARTESIAN_POINT('',(108.16775556282,59.020948961328,
    5.850680807429));
#165 = CARTESIAN_POINT('',(108.0841681001,58.800607180755,5.809491695613
    ));
#166 = CARTESIAN_POINT('',(108.05025852864,58.685702341257,
    5.792315125938));
#167 = CARTESIAN_POINT('',(108.02501526533,58.569150867173,
    5.779295898567));
#168 = CARTESIAN_POINT('',(108.00830513608,58.451521370269,
    5.770602172191));
#169 = CARTESIAN_POINT('',(108.,58.3333455033,5.766281297335));
#170 = CARTESIAN_POINT('',(108.,58.215118311312,5.766281297335));
#171 = PCURVE('',#45,#172);
#172 = DEFINITIONAL_REPRESENTATION('',(#173),#201);
#173 = B_SPLINE_CURVE_WITH_KNOTS('',6,(#174,#175,#176,#177,#178,#179,
    #180,#181,#182,#183,#184,#185,#186,#187,#188,#189,#190,#191,#192,
    #193,#194,#195,#196,#197,#198,#199,#200),.UNSPECIFIED.,.F.,.F.,(7,5,
    5,5,5,7),(0.,0.198452490324,0.327941178962,0.500555318777,
    0.744670672836,1.),.UNSPECIFIED.);
#174 = CARTESIAN_POINT('',(-0.106359361954,0.));
#175 = CARTESIAN_POINT('',(-0.106046473866,6.044568469216E-02));
#176 = CARTESIAN_POINT('',(-0.105702805028,0.120848271353));
#177 = CARTESIAN_POINT('',(-0.105331493867,0.180857293887));
#178 = CARTESIAN_POINT('',(-0.104937832034,0.240255754689));
#179 = CARTESIAN_POINT('',(-0.10452857253,0.298873687359));
#180 = CARTESIAN_POINT('',(-0.103838350354,0.394217639551));
#181 = CARTESIAN_POINT('',(-0.103562133137,0.431485184302));
#182 = CARTESIAN_POINT('',(-0.103284109776,0.468350489373));
#183 = CARTESIAN_POINT('',(-0.103006145594,0.504803535446));
#184 = CARTESIAN_POINT('',(-0.102730029503,0.540844694505));
#185 = CARTESIAN_POINT('',(-0.102093988606,0.623988660533));
#186 = CARTESIAN_POINT('',(-0.101736809014,0.670773710123));
#187 = CARTESIAN_POINT('',(-0.101389733981,0.716865058882));
#188 = CARTESIAN_POINT('',(-0.101056320163,0.762297767529));
#189 = CARTESIAN_POINT('',(-0.100739747556,0.807115477555));
#190 = CARTESIAN_POINT('',(-0.100022733659,0.913959750746));
#191 = CARTESIAN_POINT('',(-9.964197151504E-02,0.975410651465));
#192 = CARTESIAN_POINT('',(-9.930817693902E-02,1.035881448261));
#193 = CARTESIAN_POINT('',(-9.902795579715E-02,1.095497382221));
#194 = CARTESIAN_POINT('',(-9.88063803729E-02,1.154378962481));
#195 = CARTESIAN_POINT('',(-9.8480575207E-02,1.273607607989));
#196 = CARTESIAN_POINT('',(-9.838223172724E-02,1.333887587306));
#197 = CARTESIAN_POINT('',(-9.835630732317E-02,1.393632149792));
#198 = CARTESIAN_POINT('',(-9.840536431596E-02,1.452956029667));
#199 = CARTESIAN_POINT('',(-9.853002054556E-02,1.511970600562));
#200 = CARTESIAN_POINT('',(-9.87292261109E-02,1.570796326795));
#201 = ( GEOMETRIC_REPRESENTATION_CONTEXT(2) 
PARAMETRIC_REPRESENTATION_CONTEXT() REPRESENTATION_CONTEXT('2D SPACE',''
  ) );
#202 = PCURVE('',#72,#203);
#203 = DEFINITIONAL_REPRESENTATION('',(#204),#232);
#204 = B_SPLINE_CURVE_WITH_KNOTS('',6,(#205,#206,#207,#208,#209,#210,
    #211,#212,#213,#214,#215,#216,#217,#218,#219,#220,#221,#222,#223,
    #224,#225,#226,#227,#228,#229,#230,#231),.UNSPECIFIED.,.F.,.F.,(7,5,
    5,5,5,7),(0.,0.198452490324,0.327941178962,0.500555318777,
    0.744670672836,1.),.UNSPECIFIED.);
#205 = CARTESIAN_POINT('',(1.725255925279,0.34187502922));
#206 = CARTESIAN_POINT('',(1.744078685964,0.339865469091));
#207 = CARTESIAN_POINT('',(1.762954253673,0.346384743986));
#208 = CARTESIAN_POINT('',(1.781662182713,0.361432418148));
#209 = CARTESIAN_POINT('',(1.800020605574,0.384594774989));
#210 = CARTESIAN_POINT('',(1.817878537807,0.415265118232));
#211 = CARTESIAN_POINT('',(1.846358938819,0.477136117548));
#212 = CARTESIAN_POINT('',(1.857343053382,0.504457192372));
#213 = CARTESIAN_POINT('',(1.868036245636,0.534478598226));
#214 = CARTESIAN_POINT('',(1.878416232171,0.567002997708));
#215 = CARTESIAN_POINT('',(1.888466595361,0.60183782871));
#216 = CARTESIAN_POINT('',(1.911117849147,0.688087715614));
#217 = CARTESIAN_POINT('',(1.923452278548,0.741156430875));
#218 = CARTESIAN_POINT('',(1.935152846339,0.797599159009));
#219 = CARTESIAN_POINT('',(1.946202710104,0.857034888455));
#220 = CARTESIAN_POINT('',(1.9565920258,0.919125510521));
#221 = CARTESIAN_POINT('',(1.980067575315,1.074747921454));
#222 = CARTESIAN_POINT('',(1.992485189031,1.170628883267));
#223 = CARTESIAN_POINT('',(2.003556850834,1.270425375943));
#224 = CARTESIAN_POINT('',(2.013273259336,1.373437246599));
#225 = CARTESIAN_POINT('',(2.021633390783,1.479051038672));
#226 = CARTESIAN_POINT('',(2.035969513782,1.699392819245));
#227 = CARTESIAN_POINT('',(2.041817121022,1.814297658743));
#228 = CARTESIAN_POINT('',(2.04618676722,1.930849132827));
#229 = CARTESIAN_POINT('',(2.049084671426,2.048478629731));
#230 = CARTESIAN_POINT('',(2.050524964471,2.1666544967));
#231 = CARTESIAN_POINT('',(2.050524964471,2.284881688688));
#232 = ( GEOMETRIC_REPRESENTATION_CONTEXT(2) 
PARAMETRIC_REPRESENTATION_CONTEXT() REPRESENTATION_CONTEXT('2D SPACE',''
  ) );
#233 = ORIENTED_EDGE('',*,*,#234,.T.);
#234 = EDGE_CURVE('',#140,#235,#237,.T.);
#235 = VERTEX_POINT('',#236);
#236 = CARTESIAN_POINT('',(110.,-60.15812497078,6.422616289333));
#237 = SURFACE_CURVE('',#238,(#243,#250),.PCURVE_S1.);
#238 = CIRCLE('',#239,60.5);
#239 = AXIS2_PLACEMENT_3D('',#240,#241,#242);
#240 = CARTESIAN_POINT('',(110.,0.,0.));
#241 = DIRECTION('',(1.,0.,0.));
#242 = DIRECTION('',(-0.,1.,0.));
#243 = PCURVE('',#45,#244);
#244 = DEFINITIONAL_REPRESENTATION('',(#245),#249);
#245 = LINE('',#246,#247);
#246 = CARTESIAN_POINT('',(-0.,0.));
#247 = VECTOR('',#248,1.);
#248 = DIRECTION('',(-1.,0.));
#249 = ( GEOMETRIC_REPRESENTATION_CONTEXT(2) 
PARAMETRIC_REPRESENTATION_CONTEXT() REPRESENTATION_CONTEXT('2D SPACE',''
  ) );
#250 = PCURVE('',#251,#256);
#251 = CYLINDRICAL_SURFACE('',#252,60.5);
#252 = AXIS2_PLACEMENT_3D('',#253,#254,#255);
#253 = CARTESIAN_POINT('',(111.,0.,0.));
#254 = DIRECTION('',(1.,0.,0.));
#255 = DIRECTION('',(-0.,1.,0.));
#256 = DEFINITIONAL_REPRESENTATION('',(#257),#261);
#257 = LINE('',#258,#259);
#258 = CARTESIAN_POINT('',(0.,-1.));
#259 = VECTOR('',#260,1.);
#260 = DIRECTION('',(1.,0.));
#261 = ( GEOMETRIC_REPRESENTATION_CONTEXT(2) 
PARAMETRIC_REPRESENTATION_CONTEXT() REPRESENTATION_CONTEXT('2D SPACE',''
  ) );
#262 = ORIENTED_EDGE('',*,*,#263,.T.);
#263 = EDGE_CURVE('',#235,#24,#264,.T.);
#264 = SURFACE_CURVE('',#265,(#293,#324),.PCURVE_S1.);
#265 = B_SPLINE_CURVE_WITH_KNOTS('',6,(#266,#267,#268,#269,#270,#271,
    #272,#273,#274,#275,#276,#277,#278,#279,#280,#281,#282,#283,#284,
    #285,#286,#287,#288,#289,#290,#291,#292),.UNSPECIFIED.,.F.,.F.,(7,5,
    5,5,5,7),(0.,0.198452490324,0.327941178962,0.500555318777,
    0.744670672836,1.),.UNSPECIFIED.);
#266 = CARTESIAN_POINT('',(110.,-60.15812497078,6.422616289333));
#267 = CARTESIAN_POINT('',(109.87910863061,-60.1601345309,6.403793528648
    ));
#268 = CARTESIAN_POINT('',(109.75830325636,-60.15361525601,
    6.382187400193));
#269 = CARTESIAN_POINT('',(109.63908128768,-60.13856758185,
    6.358001268012));
#270 = CARTESIAN_POINT('',(109.5226609228,-60.11540522501,6.331617899291
    ));
#271 = CARTESIAN_POINT('',(109.41001027199,-60.08473488176,
    6.303529373327));
#272 = CARTESIAN_POINT('',(109.23131676023,-60.02286388245,
    6.255166078131));
#273 = CARTESIAN_POINT('',(109.16265723842,-59.99554280762,
    6.235561432297));
#274 = CARTESIAN_POINT('',(109.09607435159,-59.96552140177,
    6.215586344747));
#275 = CARTESIAN_POINT('',(109.03169397795,-59.93299700229,
    6.195377974404));
#276 = CARTESIAN_POINT('',(108.96959983322,-59.89816217129,
    6.175067428773));
#277 = CARTESIAN_POINT('',(108.8301864775,-59.81191228438,6.127722771285
    ));
#278 = CARTESIAN_POINT('',(108.75469101865,-59.75884356912,
    6.100704550948));
#279 = CARTESIAN_POINT('',(108.68346684656,-59.70240084099,
    6.074000868405));
#280 = CARTESIAN_POINT('',(108.61655662152,-59.64296511154,
    6.047867382815));
#281 = CARTESIAN_POINT('',(108.55395546468,-59.58087448947,
    6.022529451977));
#282 = CARTESIAN_POINT('',(108.41314495519,-59.42525207854,
    5.963737993217));
#283 = CARTESIAN_POINT('',(108.33923020913,-59.32937111673,
    5.931278545969));
#284 = CARTESIAN_POINT('',(108.27377846663,-59.22957462405,
    5.901335447439));
#285 = CARTESIAN_POINT('',(108.21666901259,-59.1265627534,5.874356745941
    ));
#286 = CARTESIAN_POINT('',(108.16775556282,-59.02094896132,
    5.850680807429));
#287 = CARTESIAN_POINT('',(108.0841681001,-58.80060718075,5.809491695613
    ));
#288 = CARTESIAN_POINT('',(108.05025852864,-58.68570234125,
    5.792315125938));
#289 = CARTESIAN_POINT('',(108.02501526533,-58.56915086717,
    5.779295898567));
#290 = CARTESIAN_POINT('',(108.00830513608,-58.45152137026,
    5.770602172191));
#291 = CARTESIAN_POINT('',(108.,-58.3333455033,5.766281297335));
#292 = CARTESIAN_POINT('',(108.,-58.21511831131,5.766281297335));
#293 = PCURVE('',#45,#294);
#294 = DEFINITIONAL_REPRESENTATION('',(#295),#323);
#295 = B_SPLINE_CURVE_WITH_KNOTS('',6,(#296,#297,#298,#299,#300,#301,
    #302,#303,#304,#305,#306,#307,#308,#309,#310,#311,#312,#313,#314,
    #315,#316,#317,#318,#319,#320,#321,#322),.UNSPECIFIED.,.F.,.F.,(7,5,
    5,5,5,7),(0.,0.198452490324,0.327941178962,0.500555318777,
    0.744670672836,1.),.UNSPECIFIED.);
#296 = CARTESIAN_POINT('',(-3.035233291636,0.));
#297 = CARTESIAN_POINT('',(-3.035546179724,6.044568469209E-02));
#298 = CARTESIAN_POINT('',(-3.035889848562,0.120848271353));
#299 = CARTESIAN_POINT('',(-3.036261159723,0.180857293887));
#300 = CARTESIAN_POINT('',(-3.036654821556,0.24025575469));
#301 = CARTESIAN_POINT('',(-3.03706408106,0.298873687359));
#302 = CARTESIAN_POINT('',(-3.037754303235,0.394217639551));
#303 = CARTESIAN_POINT('',(-3.038030520452,0.431485184302));
#304 = CARTESIAN_POINT('',(-3.038308543814,0.468350489373));
#305 = CARTESIAN_POINT('',(-3.038586507995,0.504803535446));
#306 = CARTESIAN_POINT('',(-3.038862624086,0.540844694505));
#307 = CARTESIAN_POINT('',(-3.039498664984,0.623988660533));
#308 = CARTESIAN_POINT('',(-3.039855844576,0.670773710123));
#309 = CARTESIAN_POINT('',(-3.040202919609,0.716865058882));
#310 = CARTESIAN_POINT('',(-3.040536333427,0.762297767529));
#311 = CARTESIAN_POINT('',(-3.040852906034,0.807115477555));
#312 = CARTESIAN_POINT('',(-3.041569919931,0.913959750746));
#313 = CARTESIAN_POINT('',(-3.041950682075,0.975410651465));
#314 = CARTESIAN_POINT('',(-3.042284476651,1.035881448261));
#315 = CARTESIAN_POINT('',(-3.042564697793,1.095497382221));
#316 = CARTESIAN_POINT('',(-3.042786273217,1.154378962481));
#317 = CARTESIAN_POINT('',(-3.043112078383,1.273607607989));
#318 = CARTESIAN_POINT('',(-3.043210421863,1.333887587306));
#319 = CARTESIAN_POINT('',(-3.043236346267,1.393632149792));
#320 = CARTESIAN_POINT('',(-3.043187289274,1.452956029667));
#321 = CARTESIAN_POINT('',(-3.043062633044,1.511970600562));
#322 = CARTESIAN_POINT('',(-3.042863427479,1.570796326795));
#323 = ( GEOMETRIC_REPRESENTATION_CONTEXT(2) 
PARAMETRIC_REPRESENTATION_CONTEXT() REPRESENTATION_CONTEXT('2D SPACE',''
  ) );
#324 = PCURVE('',#125,#325);
#325 = DEFINITIONAL_REPRESENTATION('',(#326),#354);
#326 = B_SPLINE_CURVE_WITH_KNOTS('',6,(#327,#328,#329,#330,#331,#332,
    #333,#334,#335,#336,#337,#338,#339,#340,#341,#342,#343,#344,#345,
    #346,#347,#348,#349,#350,#351,#352,#353),.UNSPECIFIED.,.F.,.F.,(7,5,
    5,5,5,7),(0.,0.198452490324,0.327941178962,0.500555318777,
    0.744670672836,1.),.UNSPECIFIED.);
#327 = CARTESIAN_POINT('',(1.725255925279,6.65812497078));
#328 = CARTESIAN_POINT('',(1.744078685964,6.660134530909));
#329 = CARTESIAN_POINT('',(1.762954253673,6.653615256013));
#330 = CARTESIAN_POINT('',(1.781662182712,6.638567581852));
#331 = CARTESIAN_POINT('',(1.800020605574,6.615405225011));
#332 = CARTESIAN_POINT('',(1.817878537807,6.584734881768));
#333 = CARTESIAN_POINT('',(1.846358938819,6.522863882452));
#334 = CARTESIAN_POINT('',(1.857343053382,6.495542807628));
#335 = CARTESIAN_POINT('',(1.868036245636,6.465521401774));
#336 = CARTESIAN_POINT('',(1.878416232171,6.432997002292));
#337 = CARTESIAN_POINT('',(1.888466595361,6.39816217129));
#338 = CARTESIAN_POINT('',(1.911117849147,6.311912284386));
#339 = CARTESIAN_POINT('',(1.923452278548,6.258843569125));
#340 = CARTESIAN_POINT('',(1.935152846339,6.202400840991));
#341 = CARTESIAN_POINT('',(1.946202710104,6.142965111545));
#342 = CARTESIAN_POINT('',(1.9565920258,6.080874489479));
#343 = CARTESIAN_POINT('',(1.980067575315,5.925252078546));
#344 = CARTESIAN_POINT('',(1.992485189031,5.829371116733));
#345 = CARTESIAN_POINT('',(2.003556850834,5.729574624057));
#346 = CARTESIAN_POINT('',(2.013273259336,5.626562753401));
#347 = CARTESIAN_POINT('',(2.021633390783,5.520948961328));
#348 = CARTESIAN_POINT('',(2.035969513782,5.300607180755));
#349 = CARTESIAN_POINT('',(2.041817121022,5.185702341257));
#350 = CARTESIAN_POINT('',(2.04618676722,5.069150867173));
#351 = CARTESIAN_POINT('',(2.049084671426,4.951521370269));
#352 = CARTESIAN_POINT('',(2.050524964471,4.8333455033));
#353 = CARTESIAN_POINT('',(2.050524964471,4.715118311312));
#354 = ( GEOMETRIC_REPRESENTATION_CONTEXT(2) 
PARAMETRIC_REPRESENTATION_CONTEXT() REPRESENTATION_CONTEXT('2D SPACE',''
  ) );
#355 = ORIENTED_EDGE('',*,*,#21,.F.);
#356 = ADVANCED_FACE('',(#357),#125,.T.);
#357 = FACE_BOUND('',#358,.T.);
#358 = EDGE_LOOP('',(#359,#384,#411,#412,#441,#520,#546,#646,#700,#701,
    #702,#776));
#359 = ORIENTED_EDGE('',*,*,#360,.T.);
#360 = EDGE_CURVE('',#361,#363,#365,.T.);
#361 = VERTEX_POINT('',#362);
#362 = CARTESIAN_POINT('',(117.5,-53.5,-2.369196956129E-15));
#363 = VERTEX_POINT('',#364);
#364 = CARTESIAN_POINT('',(117.5,-60.5,-8.148847216539E-16));
#365 = SEAM_CURVE('',#366,(#370,#377),.PCURVE_S1.);
#366 = LINE('',#367,#368);
#367 = CARTESIAN_POINT('',(117.5,-53.5,-2.369196956129E-15));
#368 = VECTOR('',#369,1.);
#369 = DIRECTION('',(0.,-1.,2.22044604925E-16));
#370 = PCURVE('',#125,#371);
#371 = DEFINITIONAL_REPRESENTATION('',(#372),#376);
#372 = LINE('',#373,#374);
#373 = CARTESIAN_POINT('',(6.28318530718,-0.));
#374 = VECTOR('',#375,1.);
#375 = DIRECTION('',(0.,1.));
#376 = ( GEOMETRIC_REPRESENTATION_CONTEXT(2) 
PARAMETRIC_REPRESENTATION_CONTEXT() REPRESENTATION_CONTEXT('2D SPACE',''
  ) );
#377 = PCURVE('',#125,#378);
#378 = DEFINITIONAL_REPRESENTATION('',(#379),#383);
#379 = LINE('',#380,#381);
#380 = CARTESIAN_POINT('',(0.,-0.));
#381 = VECTOR('',#382,1.);
#382 = DIRECTION('',(0.,1.));
#383 = ( GEOMETRIC_REPRESENTATION_CONTEXT(2) 
PARAMETRIC_REPRESENTATION_CONTEXT() REPRESENTATION_CONTEXT('2D SPACE',''
  ) );
#384 = ORIENTED_EDGE('',*,*,#385,.F.);
#385 = EDGE_CURVE('',#363,#363,#386,.T.);
#386 = SURFACE_CURVE('',#387,(#392,#399),.PCURVE_S1.);
#387 = CIRCLE('',#388,6.5);
#388 = AXIS2_PLACEMENT_3D('',#389,#390,#391);
#389 = CARTESIAN_POINT('',(111.,-60.5,7.771561172376E-16));
#390 = DIRECTION('',(0.,-1.,2.22044604925E-16));
#391 = DIRECTION('',(1.,0.,0.));
#392 = PCURVE('',#125,#393);
#393 = DEFINITIONAL_REPRESENTATION('',(#394),#398);
#394 = LINE('',#395,#396);
#395 = CARTESIAN_POINT('',(0.,7.));
#396 = VECTOR('',#397,1.);
#397 = DIRECTION('',(1.,0.));
#398 = ( GEOMETRIC_REPRESENTATION_CONTEXT(2) 
PARAMETRIC_REPRESENTATION_CONTEXT() REPRESENTATION_CONTEXT('2D SPACE',''
  ) );
#399 = PCURVE('',#400,#405);
#400 = PLANE('',#401);
#401 = AXIS2_PLACEMENT_3D('',#402,#403,#404);
#402 = CARTESIAN_POINT('',(111.,-60.5,7.771561172376E-16));
#403 = DIRECTION('',(0.,-1.,2.22044604925E-16));
#404 = DIRECTION('',(1.,0.,0.));
#405 = DEFINITIONAL_REPRESENTATION('',(#406),#410);
#406 = CIRCLE('',#407,6.5);
#407 = AXIS2_PLACEMENT_2D('',#408,#409);
#408 = CARTESIAN_POINT('',(0.,0.));
#409 = DIRECTION('',(1.,0.));
#410 = ( GEOMETRIC_REPRESENTATION_CONTEXT(2) 
PARAMETRIC_REPRESENTATION_CONTEXT() REPRESENTATION_CONTEXT('2D SPACE',''
  ) );
#411 = ORIENTED_EDGE('',*,*,#360,.F.);
#412 = ORIENTED_EDGE('',*,*,#413,.T.);
#413 = EDGE_CURVE('',#361,#414,#416,.T.);
#414 = VERTEX_POINT('',#415);
#415 = CARTESIAN_POINT('',(113.13205067518,-53.5,6.140387603275));
#416 = SURFACE_CURVE('',#417,(#422,#429),.PCURVE_S1.);
#417 = CIRCLE('',#418,6.5);
#418 = AXIS2_PLACEMENT_3D('',#419,#420,#421);
#419 = CARTESIAN_POINT('',(111.,-53.5,-7.771561172376E-16));
#420 = DIRECTION('',(0.,-1.,2.22044604925E-16));
#421 = DIRECTION('',(1.,0.,0.));
#422 = PCURVE('',#125,#423);
#423 = DEFINITIONAL_REPRESENTATION('',(#424),#428);
#424 = LINE('',#425,#426);
#425 = CARTESIAN_POINT('',(0.,0.));
#426 = VECTOR('',#427,1.);
#427 = DIRECTION('',(1.,0.));
#428 = ( GEOMETRIC_REPRESENTATION_CONTEXT(2) 
PARAMETRIC_REPRESENTATION_CONTEXT() REPRESENTATION_CONTEXT('2D SPACE',''
  ) );
#429 = PCURVE('',#430,#435);
#430 = PLANE('',#431);
#431 = AXIS2_PLACEMENT_3D('',#432,#433,#434);
#432 = CARTESIAN_POINT('',(111.,-53.5,-7.771561172376E-16));
#433 = DIRECTION('',(0.,-1.,2.22044604925E-16));
#434 = DIRECTION('',(1.,0.,0.));
#435 = DEFINITIONAL_REPRESENTATION('',(#436),#440);
#436 = CIRCLE('',#437,6.5);
#437 = AXIS2_PLACEMENT_2D('',#438,#439);
#438 = CARTESIAN_POINT('',(0.,0.));
#439 = DIRECTION('',(1.,0.));
#440 = ( GEOMETRIC_REPRESENTATION_CONTEXT(2) 
PARAMETRIC_REPRESENTATION_CONTEXT() REPRESENTATION_CONTEXT('2D SPACE',''
  ) );
#441 = ORIENTED_EDGE('',*,*,#442,.T.);
#442 = EDGE_CURVE('',#414,#443,#445,.T.);
#443 = VERTEX_POINT('',#444);
#444 = CARTESIAN_POINT('',(114.,-55.19963767997,5.766281297335));
#445 = SURFACE_CURVE('',#446,(#467,#491),.PCURVE_S1.);
#446 = B_SPLINE_CURVE_WITH_KNOTS('',7,(#447,#448,#449,#450,#451,#452,
    #453,#454,#455,#456,#457,#458,#459,#460,#461,#462,#463,#464,#465,
    #466),.UNSPECIFIED.,.F.,.F.,(8,6,6,8),(0.,0.175418470382,
    0.741336908339,1.),.UNSPECIFIED.);
#447 = CARTESIAN_POINT('',(113.13204739182,-53.4999976,6.140388743315));
#448 = CARTESIAN_POINT('',(113.17611558851,-53.53220953875,
    6.125087516418));
#449 = CARTESIAN_POINT('',(113.21881753898,-53.56549772095,
    6.109847202273));
#450 = CARTESIAN_POINT('',(113.26015513858,-53.59978840083,
    6.094708992187));
#451 = CARTESIAN_POINT('',(113.30013312724,-53.63501329648,
    6.079711728986));
#452 = CARTESIAN_POINT('',(113.33875865131,-53.67110977878,
    6.064891854915));
#453 = CARTESIAN_POINT('',(113.37604082559,-53.70802106039,
    6.050283359549));
#454 = CARTESIAN_POINT('',(113.52796706597,-53.8672409439,5.989572688214
    ));
#455 = CARTESIAN_POINT('',(113.62998728039,-53.99664682896,
    5.945789938282));
#456 = CARTESIAN_POINT('',(113.71856990157,-54.13232554739,
    5.905569875601));
#457 = CARTESIAN_POINT('',(113.79392621146,-54.27299957469,
    5.869815263296));
#458 = CARTESIAN_POINT('',(113.85621895837,-54.41755753152,5.83929229892
    ));
#459 = CARTESIAN_POINT('',(113.90552011474,-54.56506425572,
    5.814602756285));
#460 = CARTESIAN_POINT('',(113.95833560311,-54.78315987168,
    5.787797133062));
#461 = CARTESIAN_POINT('',(113.97217120067,-54.85200756355,
    5.780705625706));
#462 = CARTESIAN_POINT('',(113.98326814669,-54.92120065027,
    5.774975413111));
#463 = CARTESIAN_POINT('',(113.99161548533,-54.99065052231,5.7706434785)
  );
#464 = CARTESIAN_POINT('',(113.99719860714,-55.06026754107,
    5.767738765412));
#465 = CARTESIAN_POINT('',(114.,-55.12996076574,5.766281297335));
#466 = CARTESIAN_POINT('',(114.,-55.19963767997,5.766281297335));
#467 = PCURVE('',#125,#468);
#468 = DEFINITIONAL_REPRESENTATION('',(#469),#490);
#469 = B_SPLINE_CURVE_WITH_KNOTS('',7,(#470,#471,#472,#473,#474,#475,
    #476,#477,#478,#479,#480,#481,#482,#483,#484,#485,#486,#487,#488,
    #489),.UNSPECIFIED.,.F.,.F.,(8,6,6,8),(0.,0.175418470382,
    0.741336908339,1.),.UNSPECIFIED.);
#470 = CARTESIAN_POINT('',(1.236602938018,-2.4E-06));
#471 = CARTESIAN_POINT('',(1.22942616169,3.22095387563E-02));
#472 = CARTESIAN_POINT('',(1.222451022117,6.549772095581E-02));
#473 = CARTESIAN_POINT('',(1.215678718581,9.978840083598E-02));
#474 = CARTESIAN_POINT('',(1.20911007148,0.135013296483));
#475 = CARTESIAN_POINT('',(1.202745563656,0.171109778786));
#476 = CARTESIAN_POINT('',(1.196585381706,0.208021060395));
#477 = CARTESIAN_POINT('',(1.171415018685,0.367240943903));
#478 = CARTESIAN_POINT('',(1.154340714895,0.496646828968));
#479 = CARTESIAN_POINT('',(1.139377958146,0.632325547396));
#480 = CARTESIAN_POINT('',(1.126548014006,0.772999574699));
#481 = CARTESIAN_POINT('',(1.115876516554,0.917557531521));
#482 = CARTESIAN_POINT('',(1.107393903821,1.06506425572));
#483 = CARTESIAN_POINT('',(1.098281824254,1.283159871688));
#484 = CARTESIAN_POINT('',(1.095889975545,1.352007563557));
#485 = CARTESIAN_POINT('',(1.093968587945,1.421200650278));
#486 = CARTESIAN_POINT('',(1.092521750084,1.490650522312));
#487 = CARTESIAN_POINT('',(1.091553510474,1.560267541079));
#488 = CARTESIAN_POINT('',(1.091067689119,1.62996076574));
#489 = CARTESIAN_POINT('',(1.091067689119,1.69963767997));
#490 = ( GEOMETRIC_REPRESENTATION_CONTEXT(2) 
PARAMETRIC_REPRESENTATION_CONTEXT() REPRESENTATION_CONTEXT('2D SPACE',''
  ) );
#491 = PCURVE('',#492,#497);
#492 = TOROIDAL_SURFACE('',#493,55.5,2.);
#493 = AXIS2_PLACEMENT_3D('',#494,#495,#496);
#494 = CARTESIAN_POINT('',(112.,0.,0.));
#495 = DIRECTION('',(-1.,-0.,-0.));
#496 = DIRECTION('',(-0.,1.,0.));
#497 = DEFINITIONAL_REPRESENTATION('',(#498),#519);
#498 = B_SPLINE_CURVE_WITH_KNOTS('',7,(#499,#500,#501,#502,#503,#504,
    #505,#506,#507,#508,#509,#510,#511,#512,#513,#514,#515,#516,#517,
    #518),.UNSPECIFIED.,.F.,.F.,(8,6,6,8),(0.,0.175418470382,
    0.741336908339,1.),.UNSPECIFIED.);
#499 = CARTESIAN_POINT('',(-3.027319050732,3.74326707984));
#500 = CARTESIAN_POINT('',(-3.027669542288,3.769994872403));
#501 = CARTESIAN_POINT('',(-3.028020730468,3.796466363954));
#502 = CARTESIAN_POINT('',(-3.028371666019,3.822693939397));
#503 = CARTESIAN_POINT('',(-3.028721463515,3.848690106755));
#504 = CARTESIAN_POINT('',(-3.029069301041,3.874467634099));
#505 = CARTESIAN_POINT('',(-3.029414419874,3.900039686484));
#506 = CARTESIAN_POINT('',(-3.030858498148,4.007299404328));
#507 = CARTESIAN_POINT('',(-3.031924515162,4.087122524459));
#508 = CARTESIAN_POINT('',(-3.032932144866,4.165448030436));
#509 = CARTESIAN_POINT('',(-3.033862399036,4.242629745326));
#510 = CARTESIAN_POINT('',(-3.034699693069,4.318990466919));
#511 = CARTESIAN_POINT('',(-3.035432206686,4.394828341076));
#512 = CARTESIAN_POINT('',(-3.036334261485,4.505067164543));
#513 = CARTESIAN_POINT('',(-3.036593445045,4.539599767798));
#514 = CARTESIAN_POINT('',(-3.036827989774,4.574109965897));
#515 = CARTESIAN_POINT('',(-3.037037180803,4.608621619697));
#516 = CARTESIAN_POINT('',(-3.037220456919,4.643157317831));
#517 = CARTESIAN_POINT('',(-3.037377422386,4.677739066689));
#518 = CARTESIAN_POINT('',(-3.037507858775,4.712388980385));
#519 = ( GEOMETRIC_REPRESENTATION_CONTEXT(2) 
PARAMETRIC_REPRESENTATION_CONTEXT() REPRESENTATION_CONTEXT('2D SPACE',''
  ) );
#520 = ORIENTED_EDGE('',*,*,#521,.T.);
#521 = EDGE_CURVE('',#443,#522,#524,.T.);
#522 = VERTEX_POINT('',#523);
#523 = CARTESIAN_POINT('',(114.,-58.21511831131,5.766281297335));
#524 = SURFACE_CURVE('',#525,(#529,#535),.PCURVE_S1.);
#525 = LINE('',#526,#527);
#526 = CARTESIAN_POINT('',(114.,-53.5,5.766281297335));
#527 = VECTOR('',#528,1.);
#528 = DIRECTION('',(0.,-1.,2.22044604925E-16));
#529 = PCURVE('',#125,#530);
#530 = DEFINITIONAL_REPRESENTATION('',(#531),#534);
#531 = B_SPLINE_CURVE_WITH_KNOTS('',1,(#532,#533),.UNSPECIFIED.,.F.,.F.,
  (2,2),(-2.399999999625E-06,7.0000024),.PIECEWISE_BEZIER_KNOTS.);
#532 = CARTESIAN_POINT('',(1.091067689119,-2.399999998345E-06));
#533 = CARTESIAN_POINT('',(1.091067689119,7.0000024));
#534 = ( GEOMETRIC_REPRESENTATION_CONTEXT(2) 
PARAMETRIC_REPRESENTATION_CONTEXT() REPRESENTATION_CONTEXT('2D SPACE',''
  ) );
#535 = PCURVE('',#536,#541);
#536 = PLANE('',#537);
#537 = AXIS2_PLACEMENT_3D('',#538,#539,#540);
#538 = CARTESIAN_POINT('',(114.,0.,0.));
#539 = DIRECTION('',(1.,0.,0.));
#540 = DIRECTION('',(-0.,1.,0.));
#541 = DEFINITIONAL_REPRESENTATION('',(#542),#545);
#542 = B_SPLINE_CURVE_WITH_KNOTS('',1,(#543,#544),.UNSPECIFIED.,.F.,.F.,
  (2,2),(-2.399999999625E-06,7.0000024),.PIECEWISE_BEZIER_KNOTS.);
#543 = CARTESIAN_POINT('',(-53.4999976,5.766281297335));
#544 = CARTESIAN_POINT('',(-60.5000024,5.766281297335));
#545 = ( GEOMETRIC_REPRESENTATION_CONTEXT(2) 
PARAMETRIC_REPRESENTATION_CONTEXT() REPRESENTATION_CONTEXT('2D SPACE',''
  ) );
#546 = ORIENTED_EDGE('',*,*,#547,.T.);
#547 = EDGE_CURVE('',#522,#548,#550,.T.);
#548 = VERTEX_POINT('',#549);
#549 = CARTESIAN_POINT('',(112.,-60.15812497078,6.422616289333));
#550 = SURFACE_CURVE('',#551,(#579,#610),.PCURVE_S1.);
#551 = B_SPLINE_CURVE_WITH_KNOTS('',6,(#552,#553,#554,#555,#556,#557,
    #558,#559,#560,#561,#562,#563,#564,#565,#566,#567,#568,#569,#570,
    #571,#572,#573,#574,#575,#576,#577,#578),.UNSPECIFIED.,.F.,.F.,(7,5,
    5,5,5,7),(0.,0.255265879439,0.499385597174,0.672003783832,
    0.801495422606,1.),.UNSPECIFIED.);
#552 = CARTESIAN_POINT('',(114.,-58.21511831131,5.766281297335));
#553 = CARTESIAN_POINT('',(114.,-58.33331612232,5.766281297335));
#554 = CARTESIAN_POINT('',(113.99169899129,-58.45146263261,
    5.770600024864));
#555 = CARTESIAN_POINT('',(113.97499719135,-58.5690631661,5.779289417746
    ));
#556 = CARTESIAN_POINT('',(113.9497665629,-58.68558647674,5.79230218496)
  );
#557 = CARTESIAN_POINT('',(113.91587403084,-58.80046439869,
    5.809470354438));
#558 = CARTESIAN_POINT('',(113.83231789763,-59.0207856058,5.850645162825
    ));
#559 = CARTESIAN_POINT('',(113.78341404615,-59.12640450428,
    5.874317232622));
#560 = CARTESIAN_POINT('',(113.72631404148,-59.22942198484,
    5.901292506869));
#561 = CARTESIAN_POINT('',(113.66087159378,-59.32922461904,
    5.931232675938));
#562 = CARTESIAN_POINT('',(113.58696596597,-59.4251122987,5.963689745157
    ));
#563 = CARTESIAN_POINT('',(113.44617030837,-59.58074762074,
    6.022478305576));
#564 = CARTESIAN_POINT('',(113.38357494932,-59.64284409279,
    6.047815427457));
#565 = CARTESIAN_POINT('',(113.31667033642,-59.70228598148,
    6.073948431181));
#566 = CARTESIAN_POINT('',(113.24545155614,-59.75873519968,
    6.100651974642));
#567 = CARTESIAN_POINT('',(113.16996121504,-59.81181075492,
    6.127670412299));
#568 = CARTESIAN_POINT('',(113.03055623815,-59.89807321851,6.17501607578
    ));
#569 = CARTESIAN_POINT('',(112.96846551236,-59.93291363078,
    6.195327250087));
#570 = CARTESIAN_POINT('',(112.90408832701,-59.96544382114,
    6.215536458681));
#571 = CARTESIAN_POINT('',(112.83750835545,-59.99547122656,
    6.235512595695));
#572 = CARTESIAN_POINT('',(112.76885142665,-60.02279849955,
    6.255118499374));
#573 = CARTESIAN_POINT('',(112.59013760636,-60.08469461857,
    6.303492500309));
#574 = CARTESIAN_POINT('',(112.47746134136,-60.11538089394,
    6.331590190073));
#575 = CARTESIAN_POINT('',(112.36101263686,-60.1385557231,6.357982212157
    ));
#576 = CARTESIAN_POINT('',(112.24176020211,-60.15361183163,
    6.382176050798));
#577 = CARTESIAN_POINT('',(112.12092311403,-60.16013505859,
    6.403788586012));
#578 = CARTESIAN_POINT('',(112.,-60.15812497078,6.422616289333));
#579 = PCURVE('',#125,#580);
#580 = DEFINITIONAL_REPRESENTATION('',(#581),#609);
#581 = B_SPLINE_CURVE_WITH_KNOTS('',6,(#582,#583,#584,#585,#586,#587,
    #588,#589,#590,#591,#592,#593,#594,#595,#596,#597,#598,#599,#600,
    #601,#602,#603,#604,#605,#606,#607,#608),.UNSPECIFIED.,.F.,.F.,(7,5,
    5,5,5,7),(0.,0.255265879439,0.499385597174,0.672003783832,
    0.801495422606,1.),.UNSPECIFIED.);
#582 = CARTESIAN_POINT('',(1.091067689119,4.715118311312));
#583 = CARTESIAN_POINT('',(1.091067689119,4.833316122321));
#584 = CARTESIAN_POINT('',(1.092507266386,4.951462632613));
#585 = CARTESIAN_POINT('',(1.095403726104,5.069063166101));
#586 = CARTESIAN_POINT('',(1.099771189183,5.185586476741));
#587 = CARTESIAN_POINT('',(1.105615874437,5.300464398699));
#588 = CARTESIAN_POINT('',(1.119946701262,5.520785605808));
#589 = CARTESIAN_POINT('',(1.12830524441,5.626404504285));
#590 = CARTESIAN_POINT('',(1.138020113638,5.729421984846));
#591 = CARTESIAN_POINT('',(1.149090288245,5.829224619045));
#592 = CARTESIAN_POINT('',(1.161506471033,5.925112298704));
#593 = CARTESIAN_POINT('',(1.18497974025,6.08074762074));
#594 = CARTESIAN_POINT('',(1.195368182623,6.14284409279));
#595 = CARTESIAN_POINT('',(1.206417215511,6.202285981486));
#596 = CARTESIAN_POINT('',(1.218116999439,6.258735199689));
#597 = CARTESIAN_POINT('',(1.230450699048,6.311810754923));
#598 = CARTESIAN_POINT('',(1.253100782022,6.398073218514));
#599 = CARTESIAN_POINT('',(1.263150675459,6.432913630782));
#600 = CARTESIAN_POINT('',(1.273530232784,6.465443821142));
#601 = CARTESIAN_POINT('',(1.28422304199,6.495471226563));
#602 = CARTESIAN_POINT('',(1.295206826165,6.522798499559));
#603 = CARTESIAN_POINT('',(1.32369067336,6.584694618571));
#604 = CARTESIAN_POINT('',(1.34155276802,6.615380893949));
#605 = CARTESIAN_POINT('',(1.359915732492,6.6385557231));
#606 = CARTESIAN_POINT('',(1.378628484678,6.65361183163));
#607 = CARTESIAN_POINT('',(1.39750902499,6.660135058596));
#608 = CARTESIAN_POINT('',(1.416336728311,6.65812497078));
#609 = ( GEOMETRIC_REPRESENTATION_CONTEXT(2) 
PARAMETRIC_REPRESENTATION_CONTEXT() REPRESENTATION_CONTEXT('2D SPACE',''
  ) );
#610 = PCURVE('',#611,#616);
#611 = TOROIDAL_SURFACE('',#612,58.5,2.);
#612 = AXIS2_PLACEMENT_3D('',#613,#614,#615);
#613 = CARTESIAN_POINT('',(112.,0.,0.));
#614 = DIRECTION('',(-1.,-0.,-0.));
#615 = DIRECTION('',(-0.,1.,0.));
#616 = DEFINITIONAL_REPRESENTATION('',(#617),#645);
#617 = B_SPLINE_CURVE_WITH_KNOTS('',6,(#618,#619,#620,#621,#622,#623,
    #624,#625,#626,#627,#628,#629,#630,#631,#632,#633,#634,#635,#636,
    #637,#638,#639,#640,#641,#642,#643,#644),.UNSPECIFIED.,.F.,.F.,(7,5,
    5,5,5,7),(0.,0.255265879439,0.499385597174,0.672003783832,
    0.801495422606,1.),.UNSPECIFIED.);
#618 = CARTESIAN_POINT('',(-3.042863427479,4.712388980385));
#619 = CARTESIAN_POINT('',(-3.043062583539,4.771200087667));
#620 = CARTESIAN_POINT('',(-3.04318722731,4.830199945187));
#621 = CARTESIAN_POINT('',(-3.043236309675,4.88950892737));
#622 = CARTESIAN_POINT('',(-3.043210447608,4.949238327703));
#623 = CARTESIAN_POINT('',(-3.043112200542,5.009502795477));
#624 = CARTESIAN_POINT('',(-3.04278659971,5.128715701341));
#625 = CARTESIAN_POINT('',(-3.042565096405,5.187597427985));
#626 = CARTESIAN_POINT('',(-3.042284940408,5.247213407298));
#627 = CARTESIAN_POINT('',(-3.041951203228,5.307684147422));
#628 = CARTESIAN_POINT('',(-3.041570490054,5.369134891347));
#629 = CARTESIAN_POINT('',(-3.04085354273,5.47597898379));
#630 = CARTESIAN_POINT('',(-3.040536991999,5.520796723775));
#631 = CARTESIAN_POINT('',(-3.040203595158,5.566229428137));
#632 = CARTESIAN_POINT('',(-3.039856532034,5.61232074668));
#633 = CARTESIAN_POINT('',(-3.039499359144,5.659105753842));
#634 = CARTESIAN_POINT('',(-3.038863320896,5.742249638321));
#635 = CARTESIAN_POINT('',(-3.038587203076,5.778290753226));
#636 = CARTESIAN_POINT('',(-3.038309234152,5.814743769813));
#637 = CARTESIAN_POINT('',(-3.038031203025,5.851609071565));
#638 = CARTESIAN_POINT('',(-3.037754975062,5.888876652899));
#639 = CARTESIAN_POINT('',(-3.037064618311,5.984234670873));
#640 = CARTESIAN_POINT('',(-3.036655234994,6.042867171952));
#641 = CARTESIAN_POINT('',(-3.036261452267,6.102280737018));
#642 = CARTESIAN_POINT('',(-3.035890029087,6.16230530677));
#643 = CARTESIAN_POINT('',(-3.035546261884,6.222723750161));
#644 = CARTESIAN_POINT('',(-3.035233291636,6.28318530718));
#645 = ( GEOMETRIC_REPRESENTATION_CONTEXT(2) 
PARAMETRIC_REPRESENTATION_CONTEXT() REPRESENTATION_CONTEXT('2D SPACE',''
  ) );
#646 = ORIENTED_EDGE('',*,*,#647,.T.);
#647 = EDGE_CURVE('',#548,#235,#648,.T.);
#648 = SURFACE_CURVE('',#649,(#664,#682),.PCURVE_S1.);
#649 = B_SPLINE_CURVE_WITH_KNOTS('',4,(#650,#651,#652,#653,#654,#655,
    #656,#657,#658,#659,#660,#661,#662,#663),.UNSPECIFIED.,.F.,.F.,(5,3,
    3,3,5),(0.,1.204949090925E-06,0.499999942397,0.999998795,1.),
  .UNSPECIFIED.);
#650 = CARTESIAN_POINT('',(112.00000239981,-60.15812501066,
    6.422615915711));
#651 = CARTESIAN_POINT('',(112.00000179984,-60.15812500069,
    6.422616009127));
#652 = CARTESIAN_POINT('',(112.00000120006,-60.15812499073,
    6.422616102446));
#653 = CARTESIAN_POINT('',(112.00000059998,-60.15812498075,
    6.422616195915));
#654 = CARTESIAN_POINT('',(111.7510391449,-60.15398652971,6.4613794419)
  );
#655 = CARTESIAN_POINT('',(111.50103222653,-60.15120409988,
    6.487126390902));
#656 = CARTESIAN_POINT('',(111.250516855,-60.14981296729,6.5));
#657 = CARTESIAN_POINT('',(110.7494830873,-60.14981296729,6.5));
#658 = CARTESIAN_POINT('',(110.49896785364,-60.15120409444,
    6.487126380885));
#659 = CARTESIAN_POINT('',(110.24896080062,-60.15398653061,
    6.461379433418));
#660 = CARTESIAN_POINT('',(109.99999939999,-60.15812498075,
    6.422616195911));
#661 = CARTESIAN_POINT('',(109.99999879999,-60.15812499072,
    6.422616102492));
#662 = CARTESIAN_POINT('',(109.99999819999,-60.1581250007,6.422616009072
    ));
#663 = CARTESIAN_POINT('',(109.9999976,-60.15812501067,6.422615915653));
#664 = PCURVE('',#125,#665);
#665 = DEFINITIONAL_REPRESENTATION('',(#666),#681);
#666 = B_SPLINE_CURVE_WITH_KNOTS('',4,(#667,#668,#669,#670,#671,#672,
    #673,#674,#675,#676,#677,#678,#679,#680),.UNSPECIFIED.,.F.,.F.,(5,3,
    3,3,5),(0.,1.204949090925E-06,0.499999942397,0.999998795,1.),
  .UNSPECIFIED.);
#667 = CARTESIAN_POINT('',(1.41633635469,6.658125010669));
#668 = CARTESIAN_POINT('',(1.416336448105,6.658125000696));
#669 = CARTESIAN_POINT('',(1.416336541424,6.658124990733));
#670 = CARTESIAN_POINT('',(1.416336634893,6.658124980754));
#671 = CARTESIAN_POINT('',(1.455099880877,6.65398652971));
#672 = CARTESIAN_POINT('',(1.493714227357,6.651204099889));
#673 = CARTESIAN_POINT('',(1.53225527218,6.64981296729));
#674 = CARTESIAN_POINT('',(1.609337390287,6.64981296729));
#675 = CARTESIAN_POINT('',(1.647878448473,6.651204094441));
#676 = CARTESIAN_POINT('',(1.686492781194,6.653986530615));
#677 = CARTESIAN_POINT('',(1.7252560187,6.658124980754));
#678 = CARTESIAN_POINT('',(1.72525611212,6.658124990728));
#679 = CARTESIAN_POINT('',(1.725256205539,6.658125000701));
#680 = CARTESIAN_POINT('',(1.725256298959,6.658125010675));
#681 = ( GEOMETRIC_REPRESENTATION_CONTEXT(2) 
PARAMETRIC_REPRESENTATION_CONTEXT() REPRESENTATION_CONTEXT('2D SPACE',''
  ) );
#682 = PCURVE('',#251,#683);
#683 = DEFINITIONAL_REPRESENTATION('',(#684),#699);
#684 = B_SPLINE_CURVE_WITH_KNOTS('',4,(#685,#686,#687,#688,#689,#690,
    #691,#692,#693,#694,#695,#696,#697,#698),.UNSPECIFIED.,.F.,.F.,(5,3,
    3,3,5),(0.,1.204949090925E-06,0.499999942397,0.999998795,1.),
  .UNSPECIFIED.);
#685 = CARTESIAN_POINT('',(3.035233297846,1.0000024));
#686 = CARTESIAN_POINT('',(3.035233296294,1.000001800028));
#687 = CARTESIAN_POINT('',(3.035233294742,1.000001199831));
#688 = CARTESIAN_POINT('',(3.035233293189,1.000000599984));
#689 = CARTESIAN_POINT('',(3.034588937235,0.7510391449));
#690 = CARTESIAN_POINT('',(3.034160890229,0.501032226532));
#691 = CARTESIAN_POINT('',(3.033946864467,0.250516855));
#692 = CARTESIAN_POINT('',(3.033946864467,-0.250516912696));
#693 = CARTESIAN_POINT('',(3.034160890397,-0.501032146357));
#694 = CARTESIAN_POINT('',(3.034588937376,-0.751039199371));
#695 = CARTESIAN_POINT('',(3.035233293189,-1.000000600009));
#696 = CARTESIAN_POINT('',(3.035233294742,-1.000001200006));
#697 = CARTESIAN_POINT('',(3.035233296295,-1.000001800003));
#698 = CARTESIAN_POINT('',(3.035233297847,-1.0000024));
#699 = ( GEOMETRIC_REPRESENTATION_CONTEXT(2) 
PARAMETRIC_REPRESENTATION_CONTEXT() REPRESENTATION_CONTEXT('2D SPACE',''
  ) );
#700 = ORIENTED_EDGE('',*,*,#263,.T.);
#701 = ORIENTED_EDGE('',*,*,#112,.F.);
#702 = ORIENTED_EDGE('',*,*,#703,.T.);
#703 = EDGE_CURVE('',#84,#704,#706,.T.);
#704 = VERTEX_POINT('',#705);
#705 = CARTESIAN_POINT('',(108.86794932481,-53.5,6.140387603275));
#706 = SURFACE_CURVE('',#707,(#728,#752),.PCURVE_S1.);
#707 = B_SPLINE_CURVE_WITH_KNOTS('',7,(#708,#709,#710,#711,#712,#713,
    #714,#715,#716,#717,#718,#719,#720,#721,#722,#723,#724,#725,#726,
    #727),.UNSPECIFIED.,.F.,.F.,(8,6,6,8),(0.,0.258663055631,
    0.824581407653,1.),.UNSPECIFIED.);
#708 = CARTESIAN_POINT('',(108.,-55.19963767997,5.766281297335));
#709 = CARTESIAN_POINT('',(108.,-55.12996077545,5.766281297335));
#710 = CARTESIAN_POINT('',(108.00280139207,-55.06026756051,
    5.767738765006));
#711 = CARTESIAN_POINT('',(108.00838451233,-54.99065055143,
    5.770643477285));
#712 = CARTESIAN_POINT('',(108.01673184864,-54.92120068901,
    5.774975410695));
#713 = CARTESIAN_POINT('',(108.02782879159,-54.8520076118,5.780705621711
    ));
#714 = CARTESIAN_POINT('',(108.0416643853,-54.78315992929,5.787797127129
    ));
#715 = CARTESIAN_POINT('',(108.09447985856,-54.56506434445,
    5.814602742869));
#716 = CARTESIAN_POINT('',(108.1437810005,-54.41755764119,5.839292278542
    ));
#717 = CARTESIAN_POINT('',(108.20607372904,-54.272999704,5.869815234448)
  );
#718 = CARTESIAN_POINT('',(108.28143001653,-54.1323256946,5.905569837093
    ));
#719 = CARTESIAN_POINT('',(108.37001261112,-53.99664699171,
    5.945789889349));
#720 = CARTESIAN_POINT('',(108.47203279464,-53.86724111906,
    5.989572628615));
#721 = CARTESIAN_POINT('',(108.62395901887,-53.70802121437,
    6.050283298608));
#722 = CARTESIAN_POINT('',(108.66124121442,-53.67110990426,
    6.064891803402));
#723 = CARTESIAN_POINT('',(108.69986676157,-53.63501339445,
    6.079711687276));
#724 = CARTESIAN_POINT('',(108.73984477515,-53.59978847238,
    6.094708960598));
#725 = CARTESIAN_POINT('',(108.7811824016,-53.56549776727,6.109847181067
    ));
#726 = CARTESIAN_POINT('',(108.82388438085,-53.53220956115,
    6.125087505782));
#727 = CARTESIAN_POINT('',(108.86795260817,-53.4999976,6.140388743315));
#728 = PCURVE('',#125,#729);
#729 = DEFINITIONAL_REPRESENTATION('',(#730),#751);
#730 = B_SPLINE_CURVE_WITH_KNOTS('',7,(#731,#732,#733,#734,#735,#736,
    #737,#738,#739,#740,#741,#742,#743,#744,#745,#746,#747,#748,#749,
    #750),.UNSPECIFIED.,.F.,.F.,(8,6,6,8),(0.,0.258663055631,
    0.824581407653,1.),.UNSPECIFIED.);
#731 = CARTESIAN_POINT('',(2.050524964471,1.69963767997));
#732 = CARTESIAN_POINT('',(2.050524964471,1.629960775456));
#733 = CARTESIAN_POINT('',(2.050039143252,1.560267560516));
#734 = CARTESIAN_POINT('',(2.049070903911,1.490650551435));
#735 = CARTESIAN_POINT('',(2.047624066451,1.421200689016));
#736 = CARTESIAN_POINT('',(2.045702679385,1.3520076118));
#737 = CARTESIAN_POINT('',(2.043310831337,1.283159929291));
#738 = CARTESIAN_POINT('',(2.034198754363,1.065064344458));
#739 = CARTESIAN_POINT('',(2.025716144096,0.917557641194));
#740 = CARTESIAN_POINT('',(2.015044649754,0.772999704007));
#741 = CARTESIAN_POINT('',(2.002214709363,0.632325694604));
#742 = CARTESIAN_POINT('',(1.987251956998,0.496646991715));
#743 = CARTESIAN_POINT('',(1.970177658221,0.367241119061));
#744 = CARTESIAN_POINT('',(1.945007297582,0.208021214375));
#745 = CARTESIAN_POINT('',(1.938847112056,0.171109904261));
#746 = CARTESIAN_POINT('',(1.932482600378,0.13501339445));
#747 = CARTESIAN_POINT('',(1.925913949141,9.978847238604E-02));
#748 = CARTESIAN_POINT('',(1.919141641178,6.549776727168E-02));
#749 = CARTESIAN_POINT('',(1.912166496887,3.220956115242E-02));
#750 = CARTESIAN_POINT('',(1.904989715572,-2.4E-06));
#751 = ( GEOMETRIC_REPRESENTATION_CONTEXT(2) 
PARAMETRIC_REPRESENTATION_CONTEXT() REPRESENTATION_CONTEXT('2D SPACE',''
  ) );
#752 = PCURVE('',#100,#753);
#753 = DEFINITIONAL_REPRESENTATION('',(#754),#775);
#754 = B_SPLINE_CURVE_WITH_KNOTS('',7,(#755,#756,#757,#758,#759,#760,
    #761,#762,#763,#764,#765,#766,#767,#768,#769,#770,#771,#772,#773,
    #774),.UNSPECIFIED.,.F.,.F.,(8,6,6,8),(0.,0.258663055631,
    0.824581407653,1.),.UNSPECIFIED.);
#755 = CARTESIAN_POINT('',(-3.037507858775,1.570796326795));
#756 = CARTESIAN_POINT('',(-3.037377422404,1.605446235659));
#757 = CARTESIAN_POINT('',(-3.037220456963,1.640027979704));
#758 = CARTESIAN_POINT('',(-3.03703718088,1.674563673035));
#759 = CARTESIAN_POINT('',(-3.03682798989,1.709075322033));
#760 = CARTESIAN_POINT('',(-3.036593445208,1.743585515321));
#761 = CARTESIAN_POINT('',(-3.036334261702,1.778118113744));
#762 = CARTESIAN_POINT('',(-3.0354322071,1.888356920761));
#763 = CARTESIAN_POINT('',(-3.034699693652,1.964194783224));
#764 = CARTESIAN_POINT('',(-3.033862399815,2.040555492813));
#765 = CARTESIAN_POINT('',(-3.03293214586,2.117737195237));
#766 = CARTESIAN_POINT('',(-3.031924516384,2.19606268812));
#767 = CARTESIAN_POINT('',(-3.030858499597,2.275885794362));
#768 = CARTESIAN_POINT('',(-3.029414421314,2.383145514019));
#769 = CARTESIAN_POINT('',(-3.029069302251,2.408717583398));
#770 = CARTESIAN_POINT('',(-3.028721464488,2.434495128113));
#771 = CARTESIAN_POINT('',(-3.02837166675,2.460491313159));
#772 = CARTESIAN_POINT('',(-3.028020730956,2.486718906475));
#773 = CARTESIAN_POINT('',(-3.027669542533,2.513190416082));
#774 = CARTESIAN_POINT('',(-3.027319050733,2.539918227223));
#775 = ( GEOMETRIC_REPRESENTATION_CONTEXT(2) 
PARAMETRIC_REPRESENTATION_CONTEXT() REPRESENTATION_CONTEXT('2D SPACE',''
  ) );
#776 = ORIENTED_EDGE('',*,*,#777,.T.);
#777 = EDGE_CURVE('',#704,#361,#778,.T.);
#778 = SURFACE_CURVE('',#779,(#784,#791),.PCURVE_S1.);
#779 = CIRCLE('',#780,6.5);
#780 = AXIS2_PLACEMENT_3D('',#781,#782,#783);
#781 = CARTESIAN_POINT('',(111.,-53.5,-7.771561172376E-16));
#782 = DIRECTION('',(0.,-1.,2.22044604925E-16));
#783 = DIRECTION('',(1.,0.,0.));
#784 = PCURVE('',#125,#785);
#785 = DEFINITIONAL_REPRESENTATION('',(#786),#790);
#786 = LINE('',#787,#788);
#787 = CARTESIAN_POINT('',(0.,0.));
#788 = VECTOR('',#789,1.);
#789 = DIRECTION('',(1.,0.));
#790 = ( GEOMETRIC_REPRESENTATION_CONTEXT(2) 
PARAMETRIC_REPRESENTATION_CONTEXT() REPRESENTATION_CONTEXT('2D SPACE',''
  ) );
#791 = PCURVE('',#430,#792);
#792 = DEFINITIONAL_REPRESENTATION('',(#793),#797);
#793 = CIRCLE('',#794,6.5);
#794 = AXIS2_PLACEMENT_2D('',#795,#796);
#795 = CARTESIAN_POINT('',(0.,0.));
#796 = DIRECTION('',(1.,0.));
#797 = ( GEOMETRIC_REPRESENTATION_CONTEXT(2) 
PARAMETRIC_REPRESENTATION_CONTEXT() REPRESENTATION_CONTEXT('2D SPACE',''
  ) );
#798 = ADVANCED_FACE('',(#799),#100,.T.);
#799 = FACE_BOUND('',#800,.F.);
#800 = EDGE_LOOP('',(#801,#875,#876,#877,#942,#1057,#1086,#1201));
#801 = ORIENTED_EDGE('',*,*,#802,.F.);
#802 = EDGE_CURVE('',#58,#803,#805,.T.);
#803 = VERTEX_POINT('',#804);
#804 = CARTESIAN_POINT('',(108.86794932481,53.5,6.140387603275));
#805 = SURFACE_CURVE('',#806,(#827,#851),.PCURVE_S1.);
#806 = B_SPLINE_CURVE_WITH_KNOTS('',7,(#807,#808,#809,#810,#811,#812,
    #813,#814,#815,#816,#817,#818,#819,#820,#821,#822,#823,#824,#825,
    #826),.UNSPECIFIED.,.F.,.F.,(8,6,6,8),(0.,0.258663055631,
    0.824581407653,1.),.UNSPECIFIED.);
#807 = CARTESIAN_POINT('',(108.,55.19963767997,5.766281297335));
#808 = CARTESIAN_POINT('',(108.,55.129960775456,5.766281297335));
#809 = CARTESIAN_POINT('',(108.00280139207,55.060267560516,
    5.767738765006));
#810 = CARTESIAN_POINT('',(108.00838451233,54.990650551435,
    5.770643477285));
#811 = CARTESIAN_POINT('',(108.01673184864,54.921200689015,
    5.774975410695));
#812 = CARTESIAN_POINT('',(108.02782879159,54.8520076118,5.780705621711)
  );
#813 = CARTESIAN_POINT('',(108.0416643853,54.783159929291,5.787797127129
    ));
#814 = CARTESIAN_POINT('',(108.09447985856,54.565064344458,
    5.814602742869));
#815 = CARTESIAN_POINT('',(108.1437810005,54.417557641194,5.839292278542
    ));
#816 = CARTESIAN_POINT('',(108.20607372904,54.272999704007,
    5.869815234448));
#817 = CARTESIAN_POINT('',(108.28143001653,54.132325694604,
    5.905569837093));
#818 = CARTESIAN_POINT('',(108.37001261112,53.996646991715,
    5.945789889349));
#819 = CARTESIAN_POINT('',(108.47203279464,53.867241119061,
    5.989572628615));
#820 = CARTESIAN_POINT('',(108.62395901887,53.708021214375,
    6.050283298608));
#821 = CARTESIAN_POINT('',(108.66124121442,53.671109904261,
    6.064891803402));
#822 = CARTESIAN_POINT('',(108.69986676157,53.63501339445,6.079711687276
    ));
#823 = CARTESIAN_POINT('',(108.73984477515,53.599788472386,
    6.094708960598));
#824 = CARTESIAN_POINT('',(108.7811824016,53.565497767272,6.109847181067
    ));
#825 = CARTESIAN_POINT('',(108.82388438085,53.532209561152,
    6.125087505782));
#826 = CARTESIAN_POINT('',(108.86795260817,53.4999976,6.140388743315));
#827 = PCURVE('',#100,#828);
#828 = DEFINITIONAL_REPRESENTATION('',(#829),#850);
#829 = B_SPLINE_CURVE_WITH_KNOTS('',7,(#830,#831,#832,#833,#834,#835,
    #836,#837,#838,#839,#840,#841,#842,#843,#844,#845,#846,#847,#848,
    #849),.UNSPECIFIED.,.F.,.F.,(8,6,6,8),(0.,0.258663055631,
    0.824581407653,1.),.UNSPECIFIED.);
#830 = CARTESIAN_POINT('',(-0.104084794815,1.570796326795));
#831 = CARTESIAN_POINT('',(-0.104215231185,1.605446235659));
#832 = CARTESIAN_POINT('',(-0.104372196627,1.640027979704));
#833 = CARTESIAN_POINT('',(-0.10455547271,1.674563673035));
#834 = CARTESIAN_POINT('',(-0.1047646637,1.709075322033));
#835 = CARTESIAN_POINT('',(-0.104999208382,1.743585515321));
#836 = CARTESIAN_POINT('',(-0.105258391888,1.778118113744));
#837 = CARTESIAN_POINT('',(-0.10616044649,1.888356920761));
#838 = CARTESIAN_POINT('',(-0.106892959938,1.964194783224));
#839 = CARTESIAN_POINT('',(-0.107730253775,2.040555492813));
#840 = CARTESIAN_POINT('',(-0.10866050773,2.117737195237));
#841 = CARTESIAN_POINT('',(-0.109668137206,2.19606268812));
#842 = CARTESIAN_POINT('',(-0.110734153992,2.275885794362));
#843 = CARTESIAN_POINT('',(-0.112178232276,2.383145514019));
#844 = CARTESIAN_POINT('',(-0.112523351339,2.408717583398));
#845 = CARTESIAN_POINT('',(-0.112871189102,2.434495128113));
#846 = CARTESIAN_POINT('',(-0.11322098684,2.460491313159));
#847 = CARTESIAN_POINT('',(-0.113571922634,2.486718906475));
#848 = CARTESIAN_POINT('',(-0.113923111057,2.513190416082));
#849 = CARTESIAN_POINT('',(-0.114273602856,2.539918227223));
#850 = ( GEOMETRIC_REPRESENTATION_CONTEXT(2) 
PARAMETRIC_REPRESENTATION_CONTEXT() REPRESENTATION_CONTEXT('2D SPACE',''
  ) );
#851 = PCURVE('',#72,#852);
#852 = DEFINITIONAL_REPRESENTATION('',(#853),#874);
#853 = B_SPLINE_CURVE_WITH_KNOTS('',7,(#854,#855,#856,#857,#858,#859,
    #860,#861,#862,#863,#864,#865,#866,#867,#868,#869,#870,#871,#872,
    #873),.UNSPECIFIED.,.F.,.F.,(8,6,6,8),(0.,0.258663055631,
    0.824581407653,1.),.UNSPECIFIED.);
#854 = CARTESIAN_POINT('',(2.050524964471,5.30036232003));
#855 = CARTESIAN_POINT('',(2.050524964471,5.370039224544));
#856 = CARTESIAN_POINT('',(2.050039143252,5.439732439484));
#857 = CARTESIAN_POINT('',(2.049070903911,5.509349448565));
#858 = CARTESIAN_POINT('',(2.047624066451,5.578799310984));
#859 = CARTESIAN_POINT('',(2.045702679385,5.6479923882));
#860 = CARTESIAN_POINT('',(2.043310831337,5.716840070709));
#861 = CARTESIAN_POINT('',(2.034198754363,5.934935655542));
#862 = CARTESIAN_POINT('',(2.025716144096,6.082442358806));
#863 = CARTESIAN_POINT('',(2.015044649754,6.227000295993));
#864 = CARTESIAN_POINT('',(2.002214709363,6.367674305396));
#865 = CARTESIAN_POINT('',(1.987251956999,6.503353008285));
#866 = CARTESIAN_POINT('',(1.970177658221,6.632758880939));
#867 = CARTESIAN_POINT('',(1.945007297582,6.791978785625));
#868 = CARTESIAN_POINT('',(1.938847112056,6.828890095739));
#869 = CARTESIAN_POINT('',(1.932482600378,6.86498660555));
#870 = CARTESIAN_POINT('',(1.925913949141,6.900211527614));
#871 = CARTESIAN_POINT('',(1.919141641178,6.934502232728));
#872 = CARTESIAN_POINT('',(1.912166496887,6.967790438848));
#873 = CARTESIAN_POINT('',(1.904989715572,7.0000024));
#874 = ( GEOMETRIC_REPRESENTATION_CONTEXT(2) 
PARAMETRIC_REPRESENTATION_CONTEXT() REPRESENTATION_CONTEXT('2D SPACE',''
  ) );
#875 = ORIENTED_EDGE('',*,*,#83,.T.);
#876 = ORIENTED_EDGE('',*,*,#703,.T.);
#877 = ORIENTED_EDGE('',*,*,#878,.T.);
#878 = EDGE_CURVE('',#704,#879,#881,.T.);
#879 = VERTEX_POINT('',#880);
#880 = CARTESIAN_POINT('',(109.21774106302,-53.5,4.132015619716));
#881 = SURFACE_CURVE('',#882,(#900,#921),.PCURVE_S1.);
#882 = B_SPLINE_CURVE_WITH_KNOTS('',6,(#883,#884,#885,#886,#887,#888,
    #889,#890,#891,#892,#893,#894,#895,#896,#897,#898,#899),
  .UNSPECIFIED.,.F.,.F.,(7,5,5,7),(0.,0.629528481232,0.878928569566,1.),
  .UNSPECIFIED.);
#883 = CARTESIAN_POINT('',(108.60625668487,-53.5,7.8));
#884 = CARTESIAN_POINT('',(108.72830386415,-53.5,6.978004767388));
#885 = CARTESIAN_POINT('',(108.85998306715,-53.5,6.157275979819));
#886 = CARTESIAN_POINT('',(108.99935691797,-53.5,5.337681188657));
#887 = CARTESIAN_POINT('',(109.14479919387,-53.5,4.519066442182));
#888 = CARTESIAN_POINT('',(109.29482450013,-53.5,3.70123361869));
#889 = CARTESIAN_POINT('',(109.5087392069,-53.5,2.560144118693));
#890 = CARTESIAN_POINT('',(109.56993862706,-53.5,2.236440403517));
#891 = CARTESIAN_POINT('',(109.63155156023,-53.5,1.912808502484));
#892 = CARTESIAN_POINT('',(109.69349265208,-53.5,1.589234211512));
#893 = CARTESIAN_POINT('',(109.75567780352,-53.5,1.265703070382));
#894 = CARTESIAN_POINT('',(109.84829025408,-53.5,0.78515576895));
#895 = CARTESIAN_POINT('',(109.87859429487,-53.5,0.628117890932));
#896 = CARTESIAN_POINT('',(109.90892677731,-53.5,0.471085054164));
#897 = CARTESIAN_POINT('',(109.93927820451,-53.5,0.314055581048));
#898 = CARTESIAN_POINT('',(109.96963909845,-53.5,0.15702779091));
#899 = CARTESIAN_POINT('',(110.,-53.5,0.));
#900 = PCURVE('',#100,#901);
#901 = DEFINITIONAL_REPRESENTATION('',(#902),#920);
#902 = B_SPLINE_CURVE_WITH_KNOTS('',6,(#903,#904,#905,#906,#907,#908,
    #909,#910,#911,#912,#913,#914,#915,#916,#917,#918,#919),
  .UNSPECIFIED.,.F.,.F.,(7,5,5,7),(0.,0.629528481232,0.878928569566,1.),
  .UNSPECIFIED.);
#903 = CARTESIAN_POINT('',(-2.996818286907,2.370566332692));
#904 = CARTESIAN_POINT('',(-3.011862895496,2.455652702117));
#905 = CARTESIAN_POINT('',(-3.026963515445,2.539013103254));
#906 = CARTESIAN_POINT('',(-3.042110663796,2.621045436011));
#907 = CARTESIAN_POINT('',(-3.057294811683,2.702047772749));
#908 = CARTESIAN_POINT('',(-3.072507100241,2.782280350348));
#909 = CARTESIAN_POINT('',(-3.09377407875,2.893559407853));
#910 = CARTESIAN_POINT('',(-3.099811796368,2.925052095762));
#911 = CARTESIAN_POINT('',(-3.105852097557,2.956476203802));
#912 = CARTESIAN_POINT('',(-3.111894455788,2.987846071886));
#913 = CARTESIAN_POINT('',(-3.117938347531,3.01917569512));
#914 = CARTESIAN_POINT('',(-3.126917755071,3.065674798835));
#915 = CARTESIAN_POINT('',(-3.129852496375,3.080864615028));
#916 = CARTESIAN_POINT('',(-3.1327874165,3.096049744436));
#917 = CARTESIAN_POINT('',(-3.135722455809,3.111231753858));
#918 = CARTESIAN_POINT('',(-3.138657554698,3.126412204822));
#919 = CARTESIAN_POINT('',(-3.14159265359,3.14159265359));
#920 = ( GEOMETRIC_REPRESENTATION_CONTEXT(2) 
PARAMETRIC_REPRESENTATION_CONTEXT() REPRESENTATION_CONTEXT('2D SPACE',''
  ) );
#921 = PCURVE('',#430,#922);
#922 = DEFINITIONAL_REPRESENTATION('',(#923),#941);
#923 = B_SPLINE_CURVE_WITH_KNOTS('',6,(#924,#925,#926,#927,#928,#929,
    #930,#931,#932,#933,#934,#935,#936,#937,#938,#939,#940),
  .UNSPECIFIED.,.F.,.F.,(7,5,5,7),(0.,0.629528481232,0.878928569566,1.),
  .UNSPECIFIED.);
#924 = CARTESIAN_POINT('',(-2.393743315122,7.8));
#925 = CARTESIAN_POINT('',(-2.271696135844,6.978004767388));
#926 = CARTESIAN_POINT('',(-2.14001693285,6.157275979819));
#927 = CARTESIAN_POINT('',(-2.000643082027,5.337681188657));
#928 = CARTESIAN_POINT('',(-1.855200806122,4.519066442182));
#929 = CARTESIAN_POINT('',(-1.705175499866,3.70123361869));
#930 = CARTESIAN_POINT('',(-1.491260793094,2.560144118693));
#931 = CARTESIAN_POINT('',(-1.430061372936,2.236440403517));
#932 = CARTESIAN_POINT('',(-1.368448439764,1.912808502484));
#933 = CARTESIAN_POINT('',(-1.306507347919,1.589234211512));
#934 = CARTESIAN_POINT('',(-1.24432219648,1.265703070382));
#935 = CARTESIAN_POINT('',(-1.151709745916,0.78515576895));
#936 = CARTESIAN_POINT('',(-1.121405705126,0.628117890932));
#937 = CARTESIAN_POINT('',(-1.091073222681,0.471085054164));
#938 = CARTESIAN_POINT('',(-1.060721795483,0.314055581048));
#939 = CARTESIAN_POINT('',(-1.030360901547,0.15702779091));
#940 = CARTESIAN_POINT('',(-1.,7.771561172376E-16));
#941 = ( GEOMETRIC_REPRESENTATION_CONTEXT(2) 
PARAMETRIC_REPRESENTATION_CONTEXT() REPRESENTATION_CONTEXT('2D SPACE',''
  ) );
#942 = ORIENTED_EDGE('',*,*,#943,.T.);
#943 = EDGE_CURVE('',#879,#944,#946,.T.);
#944 = VERTEX_POINT('',#945);
#945 = CARTESIAN_POINT('',(110.,-53.31978994707,4.387482193696));
#946 = SURFACE_CURVE('',#947,(#980,#1016),.PCURVE_S1.);
#947 = B_SPLINE_CURVE_WITH_KNOTS('',6,(#948,#949,#950,#951,#952,#953,
    #954,#955,#956,#957,#958,#959,#960,#961,#962,#963,#964,#965,#966,
    #967,#968,#969,#970,#971,#972,#973,#974,#975,#976,#977,#978,#979),
  .UNSPECIFIED.,.F.,.F.,(7,5,5,5,5,5,7),(0.,0.168767672979,
    0.376825159225,0.591761219383,0.673379397221,0.786161639118,1.),
  .UNSPECIFIED.);
#948 = CARTESIAN_POINT('',(108.,-55.39855593785,3.35410196625));
#949 = CARTESIAN_POINT('',(108.,-55.3163064782,3.35410196625));
#950 = CARTESIAN_POINT('',(108.00404419904,-55.2340306715,3.35771900036)
  );
#951 = CARTESIAN_POINT('',(108.01209677053,-55.15197095514,
    3.364922071549));
#952 = CARTESIAN_POINT('',(108.02410472769,-55.07035012944,
    3.375595653432));
#953 = CARTESIAN_POINT('',(108.04000754661,-54.98937324766,
    3.389561118285));
#954 = CARTESIAN_POINT('',(108.08408140987,-54.81042796971,
    3.427601506871));
#955 = CARTESIAN_POINT('',(108.11424592022,-54.71289568162,
    3.453272603265));
#956 = CARTESIAN_POINT('',(108.15013504206,-54.61696491058,
    3.483204113803));
#957 = CARTESIAN_POINT('',(108.19165810258,-54.52293305918,
    3.516902621684));
#958 = CARTESIAN_POINT('',(108.23875774676,-54.43107783538,
    3.553856240918));
#959 = CARTESIAN_POINT('',(108.34587419808,-54.2493171353,3.634592380664
    ));
#960 = CARTESIAN_POINT('',(108.40625407409,-54.15959800662,
    3.678550741163));
#961 = CARTESIAN_POINT('',(108.47260440755,-54.07279835451,
    3.724901905982));
#962 = CARTESIAN_POINT('',(108.54498960953,-53.98928060363,
    3.773091990071));
#963 = CARTESIAN_POINT('',(108.6234986054,-53.90948565376,3.822557667529
    ));
#964 = CARTESIAN_POINT('',(108.74048079738,-53.80528728851,3.8917826951)
  );
#965 = CARTESIAN_POINT('',(108.77357944447,-53.77722816408,
    3.910935424249));
#966 = CARTESIAN_POINT('',(108.80758746124,-53.74981910878,
    3.930156529562));
#967 = CARTESIAN_POINT('',(108.84251036921,-53.72309542792,
    3.949412589705));
#968 = CARTESIAN_POINT('',(108.87835244466,-53.69709619546,
    3.968668881414));
#969 = CARTESIAN_POINT('',(108.96591860311,-53.63699806379,
    4.014448792141));
#970 = CARTESIAN_POINT('',(109.01847945109,-53.60359821852,4.04093888468
    ));
#971 = CARTESIAN_POINT('',(109.07280802607,-53.57177617776,
    4.067265713309));
#972 = CARTESIAN_POINT('',(109.1288998374,-53.5416630965,4.093326017344)
  );
#973 = CARTESIAN_POINT('',(109.18673195126,-53.51340566869,
    4.119009207788));
#974 = CARTESIAN_POINT('',(109.3591205185,-53.43740316802,4.191960598142
    ));
#975 = CARTESIAN_POINT('',(109.47814440202,-53.3948507477,4.237980150994
    ));
#976 = CARTESIAN_POINT('',(109.60290706622,-53.36065610887,
    4.281414581969));
#977 = CARTESIAN_POINT('',(109.73255443224,-53.33607753703,
    4.321333353447));
#978 = CARTESIAN_POINT('',(109.86566053023,-53.32230945193,
    4.356863386864));
#979 = CARTESIAN_POINT('',(110.,-53.31978994707,4.387482193696));
#980 = PCURVE('',#100,#981);
#981 = DEFINITIONAL_REPRESENTATION('',(#982),#1015);
#982 = B_SPLINE_CURVE_WITH_KNOTS('',6,(#983,#984,#985,#986,#987,#988,
    #989,#990,#991,#992,#993,#994,#995,#996,#997,#998,#999,#1000,#1001,
    #1002,#1003,#1004,#1005,#1006,#1007,#1008,#1009,#1010,#1011,#1012,
    #1013,#1014),.UNSPECIFIED.,.F.,.F.,(7,5,5,5,5,5,7),(0.,
    0.168767672979,0.376825159225,0.591761219383,0.673379397221,
    0.786161639118,1.),.UNSPECIFIED.);
#983 = CARTESIAN_POINT('',(-3.081121535978,1.570796326795));
#984 = CARTESIAN_POINT('',(-3.081031974067,1.61184588798));
#985 = CARTESIAN_POINT('',(-3.080877013287,1.652798979481));
#986 = CARTESIAN_POINT('',(-3.080657039031,1.693659589187));
#987 = CARTESIAN_POINT('',(-3.080373952934,1.734439447387));
#988 = CARTESIAN_POINT('',(-3.080030822447,1.775157689308));
#989 = CARTESIAN_POINT('',(-3.079139281521,1.865994476962));
#990 = CARTESIAN_POINT('',(-3.078561689004,1.916093169995));
#991 = CARTESIAN_POINT('',(-3.077905900104,1.966197209194));
#992 = CARTESIAN_POINT('',(-3.077180746617,2.016385678453));
#993 = CARTESIAN_POINT('',(-3.076395580458,2.066754686359));
#994 = CARTESIAN_POINT('',(-3.074696112127,2.169787483706));
#995 = CARTESIAN_POINT('',(-3.073778599672,2.22246001467));
#996 = CARTESIAN_POINT('',(-3.072817184802,2.275605013875));
#997 = CARTESIAN_POINT('',(-3.071822466488,2.329372058485));
#998 = CARTESIAN_POINT('',(-3.070805537179,2.383918844309));
#999 = CARTESIAN_POINT('',(-3.069387735301,2.460532234173));
#1000 = CARTESIAN_POINT('',(-3.068996017962,2.48175776873));
#1001 = CARTESIAN_POINT('',(-3.068603445663,2.503133010593));
#1002 = CARTESIAN_POINT('',(-3.068210704762,2.524667567246));
#1003 = CARTESIAN_POINT('',(-3.067818515513,2.546370809302));
#1004 = CARTESIAN_POINT('',(-3.066887498573,2.598487722383));
#1005 = CARTESIAN_POINT('',(-3.066349878354,2.629062112903));
#1006 = CARTESIAN_POINT('',(-3.065816738421,2.660000233013));
#1007 = CARTESIAN_POINT('',(-3.065290263723,2.691322515455));
#1008 = CARTESIAN_POINT('',(-3.064772813536,2.723044493769));
#1009 = CARTESIAN_POINT('',(-3.0633076093,2.816100171247));
#1010 = CARTESIAN_POINT('',(-3.062389115817,2.878536995684));
#1011 = CARTESIAN_POINT('',(-3.061529453979,2.942499212078));
#1012 = CARTESIAN_POINT('',(-3.060748664542,3.007870222534));
#1013 = CARTESIAN_POINT('',(-3.060065684777,3.074422918706));
#1014 = CARTESIAN_POINT('',(-3.059491436325,3.14159265359));
#1015 = ( GEOMETRIC_REPRESENTATION_CONTEXT(2) 
PARAMETRIC_REPRESENTATION_CONTEXT() REPRESENTATION_CONTEXT('2D SPACE',''
  ) );
#1016 = PCURVE('',#1017,#1022);
#1017 = CYLINDRICAL_SURFACE('',#1018,4.5);
#1018 = AXIS2_PLACEMENT_3D('',#1019,#1020,#1021);
#1019 = CARTESIAN_POINT('',(111.,-47.,-9.992007221626E-16));
#1020 = DIRECTION('',(0.,-1.,2.22044604925E-16));
#1021 = DIRECTION('',(1.,0.,0.));
#1022 = DEFINITIONAL_REPRESENTATION('',(#1023),#1056);
#1023 = B_SPLINE_CURVE_WITH_KNOTS('',6,(#1024,#1025,#1026,#1027,#1028,
    #1029,#1030,#1031,#1032,#1033,#1034,#1035,#1036,#1037,#1038,#1039,
    #1040,#1041,#1042,#1043,#1044,#1045,#1046,#1047,#1048,#1049,#1050,
    #1051,#1052,#1053,#1054,#1055),.UNSPECIFIED.,.F.,.F.,(7,5,5,5,5,5,7)
  ,(0.,0.168767672979,0.376825159225,0.591761219383,0.673379397221,
    0.786161639118,1.),.UNSPECIFIED.);
#1024 = CARTESIAN_POINT('',(2.300523983022,8.398555937858));
#1025 = CARTESIAN_POINT('',(2.300523983022,8.316306478203));
#1026 = CARTESIAN_POINT('',(2.299318277354,8.234030671504));
#1027 = CARTESIAN_POINT('',(2.296917338963,8.151970955149));
#1028 = CARTESIAN_POINT('',(2.293347171115,8.07035012944));
#1029 = CARTESIAN_POINT('',(2.28864412357,7.989373247668));
#1030 = CARTESIAN_POINT('',(2.275706330169,7.810427969718));
#1031 = CARTESIAN_POINT('',(2.26690445922,7.712895681621));
#1032 = CARTESIAN_POINT('',(2.256520293619,7.61696491058));
#1033 = CARTESIAN_POINT('',(2.244638562679,7.522933059183));
#1034 = CARTESIAN_POINT('',(2.2313374922,7.431077835386));
#1035 = CARTESIAN_POINT('',(2.201529664574,7.249317135302));
#1036 = CARTESIAN_POINT('',(2.184934954014,7.159598006622));
#1037 = CARTESIAN_POINT('',(2.166954438981,7.072798354511));
#1038 = CARTESIAN_POINT('',(2.147638464552,6.989280603639));
#1039 = CARTESIAN_POINT('',(2.127025847725,6.909485653767));
#1040 = CARTESIAN_POINT('',(2.096819203305,6.80528728851));
#1041 = CARTESIAN_POINT('',(2.088321680455,6.777228164081));
#1042 = CARTESIAN_POINT('',(2.079641481612,6.749819108788));
#1043 = CARTESIAN_POINT('',(2.070780059888,6.723095427923));
#1044 = CARTESIAN_POINT('',(2.061739000334,6.697096195463));
#1045 = CARTESIAN_POINT('',(2.039780979405,6.636998063799));
#1046 = CARTESIAN_POINT('',(2.026702674679,6.603598218526));
#1047 = CARTESIAN_POINT('',(2.01328934754,6.571776177767));
#1048 = CARTESIAN_POINT('',(1.99954777154,6.541663096502));
#1049 = CARTESIAN_POINT('',(1.985488046176,6.513405668697));
#1050 = CARTESIAN_POINT('',(1.943890489582,6.437403168027));
#1051 = CARTESIAN_POINT('',(1.915546559489,6.394850747702));
#1052 = CARTESIAN_POINT('',(1.886215540396,6.360656108874));
#1053 = CARTESIAN_POINT('',(1.856102308398,6.336077537036));
#1054 = CARTESIAN_POINT('',(1.825508225928,6.322309451931));
#1055 = CARTESIAN_POINT('',(1.794889419096,6.319789947073));
#1056 = ( GEOMETRIC_REPRESENTATION_CONTEXT(2) 
PARAMETRIC_REPRESENTATION_CONTEXT() REPRESENTATION_CONTEXT('2D SPACE',''
  ) );
#1057 = ORIENTED_EDGE('',*,*,#1058,.F.);
#1058 = EDGE_CURVE('',#1059,#944,#1061,.T.);
#1059 = VERTEX_POINT('',#1060);
#1060 = CARTESIAN_POINT('',(110.,53.319789947073,4.387482193696));
#1061 = SURFACE_CURVE('',#1062,(#1067,#1074),.PCURVE_S1.);
#1062 = CIRCLE('',#1063,53.5);
#1063 = AXIS2_PLACEMENT_3D('',#1064,#1065,#1066);
#1064 = CARTESIAN_POINT('',(110.,0.,0.));
#1065 = DIRECTION('',(1.,0.,0.));
#1066 = DIRECTION('',(-0.,1.,0.));
#1067 = PCURVE('',#100,#1068);
#1068 = DEFINITIONAL_REPRESENTATION('',(#1069),#1073);
#1069 = LINE('',#1070,#1071);
#1070 = CARTESIAN_POINT('',(-0.,3.14159265359));
#1071 = VECTOR('',#1072,1.);
#1072 = DIRECTION('',(-1.,0.));
#1073 = ( GEOMETRIC_REPRESENTATION_CONTEXT(2) 
PARAMETRIC_REPRESENTATION_CONTEXT() REPRESENTATION_CONTEXT('2D SPACE',''
  ) );
#1074 = PCURVE('',#1075,#1080);
#1075 = CYLINDRICAL_SURFACE('',#1076,53.5);
#1076 = AXIS2_PLACEMENT_3D('',#1077,#1078,#1079);
#1077 = CARTESIAN_POINT('',(111.,0.,0.));
#1078 = DIRECTION('',(1.,0.,0.));
#1079 = DIRECTION('',(-0.,1.,0.));
#1080 = DEFINITIONAL_REPRESENTATION('',(#1081),#1085);
#1081 = LINE('',#1082,#1083);
#1082 = CARTESIAN_POINT('',(0.,-1.));
#1083 = VECTOR('',#1084,1.);
#1084 = DIRECTION('',(1.,0.));
#1085 = ( GEOMETRIC_REPRESENTATION_CONTEXT(2) 
PARAMETRIC_REPRESENTATION_CONTEXT() REPRESENTATION_CONTEXT('2D SPACE',''
  ) );
#1086 = ORIENTED_EDGE('',*,*,#1087,.F.);
#1087 = EDGE_CURVE('',#1088,#1059,#1090,.T.);
#1088 = VERTEX_POINT('',#1089);
#1089 = CARTESIAN_POINT('',(109.21774106302,53.5,4.132015619716));
#1090 = SURFACE_CURVE('',#1091,(#1124,#1160),.PCURVE_S1.);
#1091 = B_SPLINE_CURVE_WITH_KNOTS('',6,(#1092,#1093,#1094,#1095,#1096,
    #1097,#1098,#1099,#1100,#1101,#1102,#1103,#1104,#1105,#1106,#1107,
    #1108,#1109,#1110,#1111,#1112,#1113,#1114,#1115,#1116,#1117,#1118,
    #1119,#1120,#1121,#1122,#1123),.UNSPECIFIED.,.F.,.F.,(7,5,5,5,5,5,7)
  ,(0.,0.168767672979,0.376825159224,0.591761219383,0.673379397221,
    0.786161639118,1.),.UNSPECIFIED.);
#1092 = CARTESIAN_POINT('',(108.,55.398555937858,3.35410196625));
#1093 = CARTESIAN_POINT('',(108.,55.316306478203,3.35410196625));
#1094 = CARTESIAN_POINT('',(108.00404419904,55.234030671504,
    3.35771900036));
#1095 = CARTESIAN_POINT('',(108.01209677053,55.151970955149,
    3.364922071549));
#1096 = CARTESIAN_POINT('',(108.02410472769,55.07035012944,
    3.375595653432));
#1097 = CARTESIAN_POINT('',(108.04000754661,54.989373247668,
    3.389561118285));
#1098 = CARTESIAN_POINT('',(108.08408140987,54.810427969718,
    3.427601506871));
#1099 = CARTESIAN_POINT('',(108.11424592022,54.712895681621,
    3.453272603265));
#1100 = CARTESIAN_POINT('',(108.15013504206,54.61696491058,
    3.483204113803));
#1101 = CARTESIAN_POINT('',(108.19165810258,54.522933059184,
    3.516902621684));
#1102 = CARTESIAN_POINT('',(108.23875774676,54.431077835386,
    3.553856240918));
#1103 = CARTESIAN_POINT('',(108.34587419808,54.249317135302,
    3.634592380664));
#1104 = CARTESIAN_POINT('',(108.40625407409,54.159598006622,
    3.678550741163));
#1105 = CARTESIAN_POINT('',(108.47260440755,54.072798354511,
    3.724901905982));
#1106 = CARTESIAN_POINT('',(108.54498960953,53.989280603639,
    3.773091990071));
#1107 = CARTESIAN_POINT('',(108.6234986054,53.909485653767,
    3.822557667529));
#1108 = CARTESIAN_POINT('',(108.74048079738,53.80528728851,3.8917826951)
  );
#1109 = CARTESIAN_POINT('',(108.77357944447,53.777228164081,
    3.910935424249));
#1110 = CARTESIAN_POINT('',(108.80758746124,53.749819108788,
    3.930156529562));
#1111 = CARTESIAN_POINT('',(108.84251036921,53.723095427923,
    3.949412589705));
#1112 = CARTESIAN_POINT('',(108.87835244466,53.697096195463,
    3.968668881414));
#1113 = CARTESIAN_POINT('',(108.96591860311,53.636998063799,
    4.014448792141));
#1114 = CARTESIAN_POINT('',(109.01847945109,53.603598218526,
    4.04093888468));
#1115 = CARTESIAN_POINT('',(109.07280802607,53.571776177767,
    4.067265713309));
#1116 = CARTESIAN_POINT('',(109.1288998374,53.541663096502,
    4.093326017344));
#1117 = CARTESIAN_POINT('',(109.18673195126,53.513405668697,
    4.119009207788));
#1118 = CARTESIAN_POINT('',(109.3591205185,53.437403168027,
    4.191960598142));
#1119 = CARTESIAN_POINT('',(109.47814440202,53.394850747702,
    4.237980150994));
#1120 = CARTESIAN_POINT('',(109.60290706622,53.360656108874,
    4.281414581969));
#1121 = CARTESIAN_POINT('',(109.73255443224,53.336077537036,
    4.321333353447));
#1122 = CARTESIAN_POINT('',(109.86566053023,53.322309451931,
    4.356863386864));
#1123 = CARTESIAN_POINT('',(110.,53.319789947073,4.387482193696));
#1124 = PCURVE('',#100,#1125);
#1125 = DEFINITIONAL_REPRESENTATION('',(#1126),#1159);
#1126 = B_SPLINE_CURVE_WITH_KNOTS('',6,(#1127,#1128,#1129,#1130,#1131,
    #1132,#1133,#1134,#1135,#1136,#1137,#1138,#1139,#1140,#1141,#1142,
    #1143,#1144,#1145,#1146,#1147,#1148,#1149,#1150,#1151,#1152,#1153,
    #1154,#1155,#1156,#1157,#1158),.UNSPECIFIED.,.F.,.F.,(7,5,5,5,5,5,7)
  ,(0.,0.168767672979,0.376825159224,0.591761219383,0.673379397221,
    0.786161639118,1.),.UNSPECIFIED.);
#1127 = CARTESIAN_POINT('',(-6.0471117612E-02,1.570796326795));
#1128 = CARTESIAN_POINT('',(-6.056067952235E-02,1.61184588798));
#1129 = CARTESIAN_POINT('',(-6.071564030267E-02,1.652798979481));
#1130 = CARTESIAN_POINT('',(-6.093561455902E-02,1.693659589187));
#1131 = CARTESIAN_POINT('',(-6.121870065563E-02,1.734439447387));
#1132 = CARTESIAN_POINT('',(-6.156183114287E-02,1.775157689308));
#1133 = CARTESIAN_POINT('',(-6.245337206887E-02,1.865994476962));
#1134 = CARTESIAN_POINT('',(-6.303096458557E-02,1.916093169995));
#1135 = CARTESIAN_POINT('',(-6.368675348577E-02,1.966197209194));
#1136 = CARTESIAN_POINT('',(-6.441190697255E-02,2.016385678453));
#1137 = CARTESIAN_POINT('',(-6.519707313149E-02,2.066754686359));
#1138 = CARTESIAN_POINT('',(-6.689654146321E-02,2.169787483706));
#1139 = CARTESIAN_POINT('',(-6.781405391791E-02,2.22246001467));
#1140 = CARTESIAN_POINT('',(-6.877546878811E-02,2.275605013875));
#1141 = CARTESIAN_POINT('',(-6.9770187102E-02,2.329372058485));
#1142 = CARTESIAN_POINT('',(-7.078711641127E-02,2.383918844309));
#1143 = CARTESIAN_POINT('',(-7.220491828851E-02,2.460532234173));
#1144 = CARTESIAN_POINT('',(-7.259663562826E-02,2.48175776873));
#1145 = CARTESIAN_POINT('',(-7.298920792694E-02,2.503133010593));
#1146 = CARTESIAN_POINT('',(-7.338194882776E-02,2.524667567246));
#1147 = CARTESIAN_POINT('',(-7.377413807699E-02,2.546370809302));
#1148 = CARTESIAN_POINT('',(-7.470515501693E-02,2.598487722383));
#1149 = CARTESIAN_POINT('',(-7.524277523579E-02,2.629062112903));
#1150 = CARTESIAN_POINT('',(-7.577591516894E-02,2.660000233013));
#1151 = CARTESIAN_POINT('',(-7.630238986686E-02,2.691322515455));
#1152 = CARTESIAN_POINT('',(-7.681984005378E-02,2.723044493769));
#1153 = CARTESIAN_POINT('',(-7.828504428961E-02,2.816100171247));
#1154 = CARTESIAN_POINT('',(-7.920353777301E-02,2.878536995684));
#1155 = CARTESIAN_POINT('',(-8.006319961038E-02,2.942499212078));
#1156 = CARTESIAN_POINT('',(-8.084398904744E-02,3.007870222534));
#1157 = CARTESIAN_POINT('',(-8.152696881257E-02,3.074422918706));
#1158 = CARTESIAN_POINT('',(-8.210121726446E-02,3.14159265359));
#1159 = ( GEOMETRIC_REPRESENTATION_CONTEXT(2) 
PARAMETRIC_REPRESENTATION_CONTEXT() REPRESENTATION_CONTEXT('2D SPACE',''
  ) );
#1160 = PCURVE('',#1161,#1166);
#1161 = CYLINDRICAL_SURFACE('',#1162,4.5);
#1162 = AXIS2_PLACEMENT_3D('',#1163,#1164,#1165);
#1163 = CARTESIAN_POINT('',(111.,56.,-9.992007221626E-16));
#1164 = DIRECTION('',(0.,-1.,2.22044604925E-16));
#1165 = DIRECTION('',(1.,0.,0.));
#1166 = DEFINITIONAL_REPRESENTATION('',(#1167),#1200);
#1167 = B_SPLINE_CURVE_WITH_KNOTS('',6,(#1168,#1169,#1170,#1171,#1172,
    #1173,#1174,#1175,#1176,#1177,#1178,#1179,#1180,#1181,#1182,#1183,
    #1184,#1185,#1186,#1187,#1188,#1189,#1190,#1191,#1192,#1193,#1194,
    #1195,#1196,#1197,#1198,#1199),.UNSPECIFIED.,.F.,.F.,(7,5,5,5,5,5,7)
  ,(0.,0.168767672979,0.376825159224,0.591761219383,0.673379397221,
    0.786161639118,1.),.UNSPECIFIED.);
#1168 = CARTESIAN_POINT('',(2.300523983022,0.601444062142));
#1169 = CARTESIAN_POINT('',(2.300523983022,0.683693521797));
#1170 = CARTESIAN_POINT('',(2.299318277354,0.765969328496));
#1171 = CARTESIAN_POINT('',(2.296917338963,0.848029044851));
#1172 = CARTESIAN_POINT('',(2.293347171115,0.92964987056));
#1173 = CARTESIAN_POINT('',(2.28864412357,1.010626752332));
#1174 = CARTESIAN_POINT('',(2.275706330169,1.189572030282));
#1175 = CARTESIAN_POINT('',(2.26690445922,1.287104318379));
#1176 = CARTESIAN_POINT('',(2.256520293619,1.38303508942));
#1177 = CARTESIAN_POINT('',(2.244638562679,1.477066940816));
#1178 = CARTESIAN_POINT('',(2.2313374922,1.568922164614));
#1179 = CARTESIAN_POINT('',(2.201529664574,1.750682864698));
#1180 = CARTESIAN_POINT('',(2.184934954014,1.840401993378));
#1181 = CARTESIAN_POINT('',(2.166954438981,1.927201645489));
#1182 = CARTESIAN_POINT('',(2.147638464552,2.010719396361));
#1183 = CARTESIAN_POINT('',(2.127025847725,2.090514346233));
#1184 = CARTESIAN_POINT('',(2.096819203305,2.19471271149));
#1185 = CARTESIAN_POINT('',(2.088321680455,2.222771835919));
#1186 = CARTESIAN_POINT('',(2.079641481612,2.250180891212));
#1187 = CARTESIAN_POINT('',(2.070780059888,2.276904572077));
#1188 = CARTESIAN_POINT('',(2.061739000334,2.302903804537));
#1189 = CARTESIAN_POINT('',(2.039780979405,2.363001936201));
#1190 = CARTESIAN_POINT('',(2.026702674679,2.396401781474));
#1191 = CARTESIAN_POINT('',(2.01328934754,2.428223822233));
#1192 = CARTESIAN_POINT('',(1.99954777154,2.458336903498));
#1193 = CARTESIAN_POINT('',(1.985488046176,2.486594331303));
#1194 = CARTESIAN_POINT('',(1.943890489582,2.562596831973));
#1195 = CARTESIAN_POINT('',(1.915546559489,2.605149252298));
#1196 = CARTESIAN_POINT('',(1.886215540396,2.639343891126));
#1197 = CARTESIAN_POINT('',(1.856102308398,2.663922462964));
#1198 = CARTESIAN_POINT('',(1.825508225928,2.677690548069));
#1199 = CARTESIAN_POINT('',(1.794889419096,2.680210052927));
#1200 = ( GEOMETRIC_REPRESENTATION_CONTEXT(2) 
PARAMETRIC_REPRESENTATION_CONTEXT() REPRESENTATION_CONTEXT('2D SPACE',''
  ) );
#1201 = ORIENTED_EDGE('',*,*,#1202,.F.);
#1202 = EDGE_CURVE('',#803,#1088,#1203,.T.);
#1203 = SURFACE_CURVE('',#1204,(#1222,#1243),.PCURVE_S1.);
#1204 = B_SPLINE_CURVE_WITH_KNOTS('',6,(#1205,#1206,#1207,#1208,#1209,
    #1210,#1211,#1212,#1213,#1214,#1215,#1216,#1217,#1218,#1219,#1220,
    #1221),.UNSPECIFIED.,.F.,.F.,(7,5,5,7),(0.,0.629528481232,
    0.878928569566,1.),.UNSPECIFIED.);
#1205 = CARTESIAN_POINT('',(108.60625668487,53.5,7.8));
#1206 = CARTESIAN_POINT('',(108.72830386415,53.5,6.978004767389));
#1207 = CARTESIAN_POINT('',(108.85998306715,53.5,6.157275979817));
#1208 = CARTESIAN_POINT('',(108.99935691797,53.5,5.33768118866));
#1209 = CARTESIAN_POINT('',(109.14479919387,53.5,4.519066442181));
#1210 = CARTESIAN_POINT('',(109.29482450013,53.5,3.70123361869));
#1211 = CARTESIAN_POINT('',(109.5087392069,53.5,2.560144118693));
#1212 = CARTESIAN_POINT('',(109.56993862706,53.5,2.236440403517));
#1213 = CARTESIAN_POINT('',(109.63155156023,53.5,1.912808502484));
#1214 = CARTESIAN_POINT('',(109.69349265208,53.5,1.589234211512));
#1215 = CARTESIAN_POINT('',(109.75567780352,53.5,1.265703070382));
#1216 = CARTESIAN_POINT('',(109.84829025408,53.5,0.78515576895));
#1217 = CARTESIAN_POINT('',(109.87859429487,53.5,0.628117890932));
#1218 = CARTESIAN_POINT('',(109.90892677731,53.5,0.471085054164));
#1219 = CARTESIAN_POINT('',(109.93927820451,53.5,0.314055581048));
#1220 = CARTESIAN_POINT('',(109.96963909845,53.5,0.15702779091));
#1221 = CARTESIAN_POINT('',(110.,53.5,0.));
#1222 = PCURVE('',#100,#1223);
#1223 = DEFINITIONAL_REPRESENTATION('',(#1224),#1242);
#1224 = B_SPLINE_CURVE_WITH_KNOTS('',6,(#1225,#1226,#1227,#1228,#1229,
    #1230,#1231,#1232,#1233,#1234,#1235,#1236,#1237,#1238,#1239,#1240,
    #1241),.UNSPECIFIED.,.F.,.F.,(7,5,5,7),(0.,0.629528481232,
    0.878928569566,1.),.UNSPECIFIED.);
#1225 = CARTESIAN_POINT('',(-0.144774366683,2.370566332692));
#1226 = CARTESIAN_POINT('',(-0.129729758094,2.455652702117));
#1227 = CARTESIAN_POINT('',(-0.114629138145,2.539013103255));
#1228 = CARTESIAN_POINT('',(-9.948198979419E-02,2.62104543601));
#1229 = CARTESIAN_POINT('',(-8.429784190704E-02,2.702047772749));
#1230 = CARTESIAN_POINT('',(-6.90855533488E-02,2.782280350348));
#1231 = CARTESIAN_POINT('',(-4.78185748398E-02,2.893559407853));
#1232 = CARTESIAN_POINT('',(-4.178085722173E-02,2.925052095762));
#1233 = CARTESIAN_POINT('',(-3.574055603298E-02,2.956476203802));
#1234 = CARTESIAN_POINT('',(-2.969819780214E-02,2.987846071886));
#1235 = CARTESIAN_POINT('',(-2.365430605915E-02,3.01917569512));
#1236 = CARTESIAN_POINT('',(-1.467489851835E-02,3.065674798835));
#1237 = CARTESIAN_POINT('',(-1.174015721449E-02,3.080864615028));
#1238 = CARTESIAN_POINT('',(-8.805237089815E-03,3.096049744436));
#1239 = CARTESIAN_POINT('',(-5.870197780299E-03,3.111231753858));
#1240 = CARTESIAN_POINT('',(-2.935098891789E-03,3.126412204822));
#1241 = CARTESIAN_POINT('',(0.,3.14159265359));
#1242 = ( GEOMETRIC_REPRESENTATION_CONTEXT(2) 
PARAMETRIC_REPRESENTATION_CONTEXT() REPRESENTATION_CONTEXT('2D SPACE',''
  ) );
#1243 = PCURVE('',#1244,#1249);
#1244 = PLANE('',#1245);
#1245 = AXIS2_PLACEMENT_3D('',#1246,#1247,#1248);
#1246 = CARTESIAN_POINT('',(111.,53.5,7.771561172376E-16));
#1247 = DIRECTION('',(0.,-1.,2.22044604925E-16));
#1248 = DIRECTION('',(1.,0.,0.));
#1249 = DEFINITIONAL_REPRESENTATION('',(#1250),#1268);
#1250 = B_SPLINE_CURVE_WITH_KNOTS('',6,(#1251,#1252,#1253,#1254,#1255,
    #1256,#1257,#1258,#1259,#1260,#1261,#1262,#1263,#1264,#1265,#1266,
    #1267),.UNSPECIFIED.,.F.,.F.,(7,5,5,7),(0.,0.629528481232,
    0.878928569566,1.),.UNSPECIFIED.);
#1251 = CARTESIAN_POINT('',(-2.393743315122,7.8));
#1252 = CARTESIAN_POINT('',(-2.271696135844,6.978004767389));
#1253 = CARTESIAN_POINT('',(-2.14001693285,6.157275979817));
#1254 = CARTESIAN_POINT('',(-2.000643082027,5.33768118866));
#1255 = CARTESIAN_POINT('',(-1.855200806122,4.519066442181));
#1256 = CARTESIAN_POINT('',(-1.705175499866,3.70123361869));
#1257 = CARTESIAN_POINT('',(-1.491260793094,2.560144118693));
#1258 = CARTESIAN_POINT('',(-1.430061372936,2.236440403517));
#1259 = CARTESIAN_POINT('',(-1.368448439764,1.912808502484));
#1260 = CARTESIAN_POINT('',(-1.306507347919,1.589234211512));
#1261 = CARTESIAN_POINT('',(-1.24432219648,1.265703070382));
#1262 = CARTESIAN_POINT('',(-1.151709745916,0.78515576895));
#1263 = CARTESIAN_POINT('',(-1.121405705126,0.628117890932));
#1264 = CARTESIAN_POINT('',(-1.091073222681,0.471085054164));
#1265 = CARTESIAN_POINT('',(-1.060721795483,0.314055581048));
#1266 = CARTESIAN_POINT('',(-1.030360901547,0.15702779091));
#1267 = CARTESIAN_POINT('',(-1.,-7.771561172376E-16));
#1268 = ( GEOMETRIC_REPRESENTATION_CONTEXT(2) 
PARAMETRIC_REPRESENTATION_CONTEXT() REPRESENTATION_CONTEXT('2D SPACE',''
  ) );
#1269 = ADVANCED_FACE('',(#1270),#72,.T.);
#1270 = FACE_BOUND('',#1271,.T.);
#1271 = EDGE_LOOP('',(#1272,#1297,#1319,#1320,#1321,#1322,#1360,#1455,
    #1476,#1550,#1572,#1573));
#1272 = ORIENTED_EDGE('',*,*,#1273,.T.);
#1273 = EDGE_CURVE('',#1274,#1276,#1278,.T.);
#1274 = VERTEX_POINT('',#1275);
#1275 = CARTESIAN_POINT('',(117.5,60.5,-2.369196956129E-15));
#1276 = VERTEX_POINT('',#1277);
#1277 = CARTESIAN_POINT('',(117.5,53.5,-8.148847216539E-16));
#1278 = SEAM_CURVE('',#1279,(#1283,#1290),.PCURVE_S1.);
#1279 = LINE('',#1280,#1281);
#1280 = CARTESIAN_POINT('',(117.5,60.5,-2.369196956129E-15));
#1281 = VECTOR('',#1282,1.);
#1282 = DIRECTION('',(0.,-1.,2.22044604925E-16));
#1283 = PCURVE('',#72,#1284);
#1284 = DEFINITIONAL_REPRESENTATION('',(#1285),#1289);
#1285 = LINE('',#1286,#1287);
#1286 = CARTESIAN_POINT('',(6.28318530718,-0.));
#1287 = VECTOR('',#1288,1.);
#1288 = DIRECTION('',(0.,1.));
#1289 = ( GEOMETRIC_REPRESENTATION_CONTEXT(2) 
PARAMETRIC_REPRESENTATION_CONTEXT() REPRESENTATION_CONTEXT('2D SPACE',''
  ) );
#1290 = PCURVE('',#72,#1291);
#1291 = DEFINITIONAL_REPRESENTATION('',(#1292),#1296);
#1292 = LINE('',#1293,#1294);
#1293 = CARTESIAN_POINT('',(0.,-0.));
#1294 = VECTOR('',#1295,1.);
#1295 = DIRECTION('',(0.,1.));
#1296 = ( GEOMETRIC_REPRESENTATION_CONTEXT(2) 
PARAMETRIC_REPRESENTATION_CONTEXT() REPRESENTATION_CONTEXT('2D SPACE',''
  ) );
#1297 = ORIENTED_EDGE('',*,*,#1298,.F.);
#1298 = EDGE_CURVE('',#803,#1276,#1299,.T.);
#1299 = SURFACE_CURVE('',#1300,(#1305,#1312),.PCURVE_S1.);
#1300 = CIRCLE('',#1301,6.5);
#1301 = AXIS2_PLACEMENT_3D('',#1302,#1303,#1304);
#1302 = CARTESIAN_POINT('',(111.,53.5,7.771561172376E-16));
#1303 = DIRECTION('',(0.,-1.,2.22044604925E-16));
#1304 = DIRECTION('',(1.,0.,0.));
#1305 = PCURVE('',#72,#1306);
#1306 = DEFINITIONAL_REPRESENTATION('',(#1307),#1311);
#1307 = LINE('',#1308,#1309);
#1308 = CARTESIAN_POINT('',(0.,7.));
#1309 = VECTOR('',#1310,1.);
#1310 = DIRECTION('',(1.,0.));
#1311 = ( GEOMETRIC_REPRESENTATION_CONTEXT(2) 
PARAMETRIC_REPRESENTATION_CONTEXT() REPRESENTATION_CONTEXT('2D SPACE',''
  ) );
#1312 = PCURVE('',#1244,#1313);
#1313 = DEFINITIONAL_REPRESENTATION('',(#1314),#1318);
#1314 = CIRCLE('',#1315,6.5);
#1315 = AXIS2_PLACEMENT_2D('',#1316,#1317);
#1316 = CARTESIAN_POINT('',(0.,0.));
#1317 = DIRECTION('',(1.,0.));
#1318 = ( GEOMETRIC_REPRESENTATION_CONTEXT(2) 
PARAMETRIC_REPRESENTATION_CONTEXT() REPRESENTATION_CONTEXT('2D SPACE',''
  ) );
#1319 = ORIENTED_EDGE('',*,*,#802,.F.);
#1320 = ORIENTED_EDGE('',*,*,#57,.F.);
#1321 = ORIENTED_EDGE('',*,*,#139,.F.);
#1322 = ORIENTED_EDGE('',*,*,#1323,.F.);
#1323 = EDGE_CURVE('',#1324,#140,#1326,.T.);
#1324 = VERTEX_POINT('',#1325);
#1325 = CARTESIAN_POINT('',(112.,60.15812497078,6.422616289333));
#1326 = SURFACE_CURVE('',#1327,(#1336,#1348),.PCURVE_S1.);
#1327 = B_SPLINE_CURVE_WITH_KNOTS('',4,(#1328,#1329,#1330,#1331,#1332,
    #1333,#1334,#1335),.UNSPECIFIED.,.F.,.F.,(5,3,5),(0.,0.499999977319,
    1.),.UNSPECIFIED.);
#1328 = CARTESIAN_POINT('',(112.00000240001,60.158125010675,
    6.422615915649));
#1329 = CARTESIAN_POINT('',(111.75104097279,60.153986550165,
    6.461379252581));
#1330 = CARTESIAN_POINT('',(111.50103342665,60.151204106624,
    6.487126331504));
#1331 = CARTESIAN_POINT('',(111.25051746359,60.14981296729,6.5));
#1332 = CARTESIAN_POINT('',(110.74948251368,60.14981296729,6.5));
#1333 = CARTESIAN_POINT('',(110.49896659929,60.151204103981,
    6.487126323917));
#1334 = CARTESIAN_POINT('',(110.24895902884,60.153986550138,
    6.461379252838));
#1335 = CARTESIAN_POINT('',(109.99999759998,60.158125010675,
    6.422615915649));
#1336 = PCURVE('',#72,#1337);
#1337 = DEFINITIONAL_REPRESENTATION('',(#1338),#1347);
#1338 = B_SPLINE_CURVE_WITH_KNOTS('',4,(#1339,#1340,#1341,#1342,#1343,
    #1344,#1345,#1346),.UNSPECIFIED.,.F.,.F.,(5,3,5),(0.,0.499999977319,
    1.),.UNSPECIFIED.);
#1339 = CARTESIAN_POINT('',(1.416336354627,0.341874989325));
#1340 = CARTESIAN_POINT('',(1.455099598527,0.346013449835));
#1341 = CARTESIAN_POINT('',(1.493714044057,0.348795893376));
#1342 = CARTESIAN_POINT('',(1.53225517855,0.35018703271));
#1343 = CARTESIAN_POINT('',(1.609337478536,0.35018703271));
#1344 = CARTESIAN_POINT('',(1.647878624167,0.348795896019));
#1345 = CARTESIAN_POINT('',(1.686493054806,0.346013449862));
#1346 = CARTESIAN_POINT('',(1.725256298963,0.341874989325));
#1347 = ( GEOMETRIC_REPRESENTATION_CONTEXT(2) 
PARAMETRIC_REPRESENTATION_CONTEXT() REPRESENTATION_CONTEXT('2D SPACE',''
  ) );
#1348 = PCURVE('',#251,#1349);
#1349 = DEFINITIONAL_REPRESENTATION('',(#1350),#1359);
#1350 = B_SPLINE_CURVE_WITH_KNOTS('',4,(#1351,#1352,#1353,#1354,#1355,
    #1356,#1357,#1358),.UNSPECIFIED.,.F.,.F.,(5,3,5),(0.,0.499999977319,
    1.),.UNSPECIFIED.);
#1351 = CARTESIAN_POINT('',(0.106359355742,1.0000024));
#1352 = CARTESIAN_POINT('',(0.107003713207,0.751040972786));
#1353 = CARTESIAN_POINT('',(0.107431762373,0.501033426666));
#1354 = CARTESIAN_POINT('',(0.107645789123,0.250517463592));
#1355 = CARTESIAN_POINT('',(0.107645789123,-0.25051748632));
#1356 = CARTESIAN_POINT('',(0.107431762246,-0.501033400724));
#1357 = CARTESIAN_POINT('',(0.107003713212,-0.75104097114));
#1358 = CARTESIAN_POINT('',(0.106359355742,-1.0000024));
#1359 = ( GEOMETRIC_REPRESENTATION_CONTEXT(2) 
PARAMETRIC_REPRESENTATION_CONTEXT() REPRESENTATION_CONTEXT('2D SPACE',''
  ) );
#1360 = ORIENTED_EDGE('',*,*,#1361,.F.);
#1361 = EDGE_CURVE('',#1362,#1324,#1364,.T.);
#1362 = VERTEX_POINT('',#1363);
#1363 = CARTESIAN_POINT('',(114.,58.215118311312,5.766281297335));
#1364 = SURFACE_CURVE('',#1365,(#1393,#1424),.PCURVE_S1.);
#1365 = B_SPLINE_CURVE_WITH_KNOTS('',6,(#1366,#1367,#1368,#1369,#1370,
    #1371,#1372,#1373,#1374,#1375,#1376,#1377,#1378,#1379,#1380,#1381,
    #1382,#1383,#1384,#1385,#1386,#1387,#1388,#1389,#1390,#1391,#1392),
  .UNSPECIFIED.,.F.,.F.,(7,5,5,5,5,7),(0.,0.255265879534,0.499385597262,
    0.672003783914,0.801495422684,1.),.UNSPECIFIED.);
#1366 = CARTESIAN_POINT('',(114.,58.215118311312,5.766281297335));
#1367 = CARTESIAN_POINT('',(114.,58.333316122365,5.766281297335));
#1368 = CARTESIAN_POINT('',(113.99169899128,58.451462632701,
    5.770600024867));
#1369 = CARTESIAN_POINT('',(113.97499719133,58.569063166233,
    5.779289417755));
#1370 = CARTESIAN_POINT('',(113.94976656287,58.685586476915,
    5.79230218498));
#1371 = CARTESIAN_POINT('',(113.91587403078,58.800464398913,
    5.80947035447));
#1372 = CARTESIAN_POINT('',(113.83231789752,59.020785606053,
    5.850645162879));
#1373 = CARTESIAN_POINT('',(113.78341404602,59.126404504522,
    5.874317232681));
#1374 = CARTESIAN_POINT('',(113.72631404134,59.229421985076,
    5.901292506934));
#1375 = CARTESIAN_POINT('',(113.66087159363,59.329224619264,
    5.931232676006));
#1376 = CARTESIAN_POINT('',(113.5869659658,59.425112298914,5.96368974523
    ));
#1377 = CARTESIAN_POINT('',(113.44617030818,59.58074762093,
    6.022478305652));
#1378 = CARTESIAN_POINT('',(113.38357494912,59.642844092972,
    6.047815427535));
#1379 = CARTESIAN_POINT('',(113.31667033621,59.702285981658,
    6.07394843126));
#1380 = CARTESIAN_POINT('',(113.24545155592,59.758735199851,
    6.100651974721));
#1381 = CARTESIAN_POINT('',(113.16996121482,59.811810755076,
    6.127670412377));
#1382 = CARTESIAN_POINT('',(113.03055623791,59.898073218647,
    6.175016075857));
#1383 = CARTESIAN_POINT('',(112.96846551212,59.932913630907,
    6.195327250163));
#1384 = CARTESIAN_POINT('',(112.90408832677,59.965443821259,
    6.215536458755));
#1385 = CARTESIAN_POINT('',(112.83750835521,59.995471226671,
    6.235512595768));
#1386 = CARTESIAN_POINT('',(112.7688514264,60.022798499657,
    6.255118499445));
#1387 = CARTESIAN_POINT('',(112.59013760613,60.084694618632,
    6.303492500364));
#1388 = CARTESIAN_POINT('',(112.47746134118,60.115380893985,
    6.331590190115));
#1389 = CARTESIAN_POINT('',(112.36101263672,60.138555723117,
    6.357982212186));
#1390 = CARTESIAN_POINT('',(112.24176020202,60.153611831635,
    6.382176050815));
#1391 = CARTESIAN_POINT('',(112.12092311399,60.160135058595,
    6.403788586019));
#1392 = CARTESIAN_POINT('',(112.,60.15812497078,6.422616289333));
#1393 = PCURVE('',#72,#1394);
#1394 = DEFINITIONAL_REPRESENTATION('',(#1395),#1423);
#1395 = B_SPLINE_CURVE_WITH_KNOTS('',6,(#1396,#1397,#1398,#1399,#1400,
    #1401,#1402,#1403,#1404,#1405,#1406,#1407,#1408,#1409,#1410,#1411,
    #1412,#1413,#1414,#1415,#1416,#1417,#1418,#1419,#1420,#1421,#1422),
  .UNSPECIFIED.,.F.,.F.,(7,5,5,5,5,7),(0.,0.255265879534,0.499385597262,
    0.672003783914,0.801495422684,1.),.UNSPECIFIED.);
#1396 = CARTESIAN_POINT('',(1.091067689119,2.284881688688));
#1397 = CARTESIAN_POINT('',(1.091067689119,2.166683877635));
#1398 = CARTESIAN_POINT('',(1.092507266387,2.048537367299));
#1399 = CARTESIAN_POINT('',(1.095403726107,1.930936833767));
#1400 = CARTESIAN_POINT('',(1.099771189189,1.814413523085));
#1401 = CARTESIAN_POINT('',(1.105615874448,1.699535601087));
#1402 = CARTESIAN_POINT('',(1.11994670128,1.479214393947));
#1403 = CARTESIAN_POINT('',(1.128305244431,1.373595495478));
#1404 = CARTESIAN_POINT('',(1.138020113662,1.270578014924));
#1405 = CARTESIAN_POINT('',(1.149090288271,1.170775380736));
#1406 = CARTESIAN_POINT('',(1.161506471061,1.074887701086));
#1407 = CARTESIAN_POINT('',(1.184979740282,0.91925237907));
#1408 = CARTESIAN_POINT('',(1.195368182656,0.857155907028));
#1409 = CARTESIAN_POINT('',(1.206417215545,0.797714018342));
#1410 = CARTESIAN_POINT('',(1.218116999474,0.741264800149));
#1411 = CARTESIAN_POINT('',(1.230450699084,0.688189244924));
#1412 = CARTESIAN_POINT('',(1.25310078206,0.601926781353));
#1413 = CARTESIAN_POINT('',(1.263150675498,0.567086369093));
#1414 = CARTESIAN_POINT('',(1.273530232823,0.534556178741));
#1415 = CARTESIAN_POINT('',(1.28422304203,0.504528773329));
#1416 = CARTESIAN_POINT('',(1.295206826205,0.477201500343));
#1417 = CARTESIAN_POINT('',(1.323690673395,0.415305381368));
#1418 = CARTESIAN_POINT('',(1.341552768048,0.384619106015));
#1419 = CARTESIAN_POINT('',(1.359915732514,0.361444276882));
#1420 = CARTESIAN_POINT('',(1.378628484693,0.346388168365));
#1421 = CARTESIAN_POINT('',(1.397509024998,0.339864941405));
#1422 = CARTESIAN_POINT('',(1.416336728311,0.34187502922));
#1423 = ( GEOMETRIC_REPRESENTATION_CONTEXT(2) 
PARAMETRIC_REPRESENTATION_CONTEXT() REPRESENTATION_CONTEXT('2D SPACE',''
  ) );
#1424 = PCURVE('',#611,#1425);
#1425 = DEFINITIONAL_REPRESENTATION('',(#1426),#1454);
#1426 = B_SPLINE_CURVE_WITH_KNOTS('',6,(#1427,#1428,#1429,#1430,#1431,
    #1432,#1433,#1434,#1435,#1436,#1437,#1438,#1439,#1440,#1441,#1442,
    #1443,#1444,#1445,#1446,#1447,#1448,#1449,#1450,#1451,#1452,#1453),
  .UNSPECIFIED.,.F.,.F.,(7,5,5,5,5,7),(0.,0.255265879534,0.499385597262,
    0.672003783914,0.801495422684,1.),.UNSPECIFIED.);
#1427 = CARTESIAN_POINT('',(-9.87292261109E-02,4.712388980385));
#1428 = CARTESIAN_POINT('',(-9.853007005063E-02,4.771200087689));
#1429 = CARTESIAN_POINT('',(-9.840542627966E-02,4.830199945231));
#1430 = CARTESIAN_POINT('',(-9.835634391508E-02,4.889508927436));
#1431 = CARTESIAN_POINT('',(-9.838220598142E-02,4.949238327792));
#1432 = CARTESIAN_POINT('',(-9.848045304839E-02,5.00950279559));
#1433 = CARTESIAN_POINT('',(-9.880605388061E-02,5.128715701477));
#1434 = CARTESIAN_POINT('',(-9.902755718561E-02,5.187597428121));
#1435 = CARTESIAN_POINT('',(-9.930771318285E-02,5.247213407434));
#1436 = CARTESIAN_POINT('',(-9.964145036209E-02,5.307684147558));
#1437 = CARTESIAN_POINT('',(-0.100022163536,5.369134891483));
#1438 = CARTESIAN_POINT('',(-0.100739110861,5.475978983926));
#1439 = CARTESIAN_POINT('',(-0.101055661592,5.520796723912));
#1440 = CARTESIAN_POINT('',(-0.101389058433,5.566229428274));
#1441 = CARTESIAN_POINT('',(-0.101736121557,5.612320746816));
#1442 = CARTESIAN_POINT('',(-0.102093294447,5.659105753978));
#1443 = CARTESIAN_POINT('',(-0.102729332695,5.742249638457));
#1444 = CARTESIAN_POINT('',(-0.103005450515,5.778290753362));
#1445 = CARTESIAN_POINT('',(-0.103283419438,5.81474376995));
#1446 = CARTESIAN_POINT('',(-0.103561450566,5.851609071701));
#1447 = CARTESIAN_POINT('',(-0.103837678529,5.888876653036));
#1448 = CARTESIAN_POINT('',(-0.10452803528,5.984234670989));
#1449 = CARTESIAN_POINT('',(-0.104937418597,6.042867172045));
#1450 = CARTESIAN_POINT('',(-0.105331201323,6.102280737089));
#1451 = CARTESIAN_POINT('',(-0.105702624504,6.162305306818));
#1452 = CARTESIAN_POINT('',(-0.106046391706,6.222723750185));
#1453 = CARTESIAN_POINT('',(-0.106359361954,6.28318530718));
#1454 = ( GEOMETRIC_REPRESENTATION_CONTEXT(2) 
PARAMETRIC_REPRESENTATION_CONTEXT() REPRESENTATION_CONTEXT('2D SPACE',''
  ) );
#1455 = ORIENTED_EDGE('',*,*,#1456,.T.);
#1456 = EDGE_CURVE('',#1362,#1457,#1459,.T.);
#1457 = VERTEX_POINT('',#1458);
#1458 = CARTESIAN_POINT('',(114.,55.19963767997,5.766281297335));
#1459 = SURFACE_CURVE('',#1460,(#1464,#1470),.PCURVE_S1.);
#1460 = LINE('',#1461,#1462);
#1461 = CARTESIAN_POINT('',(114.,60.5,5.766281297335));
#1462 = VECTOR('',#1463,1.);
#1463 = DIRECTION('',(0.,-1.,2.22044604925E-16));
#1464 = PCURVE('',#72,#1465);
#1465 = DEFINITIONAL_REPRESENTATION('',(#1466),#1469);
#1466 = B_SPLINE_CURVE_WITH_KNOTS('',1,(#1467,#1468),.UNSPECIFIED.,.F.,
  .F.,(2,2),(-2.399999999625E-06,7.0000024),.PIECEWISE_BEZIER_KNOTS.);
#1467 = CARTESIAN_POINT('',(1.091067689119,-2.399999998345E-06));
#1468 = CARTESIAN_POINT('',(1.091067689119,7.0000024));
#1469 = ( GEOMETRIC_REPRESENTATION_CONTEXT(2) 
PARAMETRIC_REPRESENTATION_CONTEXT() REPRESENTATION_CONTEXT('2D SPACE',''
  ) );
#1470 = PCURVE('',#536,#1471);
#1471 = DEFINITIONAL_REPRESENTATION('',(#1472),#1475);
#1472 = B_SPLINE_CURVE_WITH_KNOTS('',1,(#1473,#1474),.UNSPECIFIED.,.F.,
  .F.,(2,2),(-2.399999999625E-06,7.0000024),.PIECEWISE_BEZIER_KNOTS.);
#1473 = CARTESIAN_POINT('',(60.5000024,5.766281297335));
#1474 = CARTESIAN_POINT('',(53.4999976,5.766281297335));
#1475 = ( GEOMETRIC_REPRESENTATION_CONTEXT(2) 
PARAMETRIC_REPRESENTATION_CONTEXT() REPRESENTATION_CONTEXT('2D SPACE',''
  ) );
#1476 = ORIENTED_EDGE('',*,*,#1477,.F.);
#1477 = EDGE_CURVE('',#1478,#1457,#1480,.T.);
#1478 = VERTEX_POINT('',#1479);
#1479 = CARTESIAN_POINT('',(113.13205067518,53.5,6.140387603275));
#1480 = SURFACE_CURVE('',#1481,(#1502,#1526),.PCURVE_S1.);
#1481 = B_SPLINE_CURVE_WITH_KNOTS('',7,(#1482,#1483,#1484,#1485,#1486,
    #1487,#1488,#1489,#1490,#1491,#1492,#1493,#1494,#1495,#1496,#1497,
    #1498,#1499,#1500,#1501),.UNSPECIFIED.,.F.,.F.,(8,6,6,8),(0.,
    0.175418470382,0.741336908339,1.),.UNSPECIFIED.);
#1482 = CARTESIAN_POINT('',(113.13204739182,53.4999976,6.140388743315));
#1483 = CARTESIAN_POINT('',(113.17611558851,53.532209538756,
    6.125087516418));
#1484 = CARTESIAN_POINT('',(113.21881753898,53.565497720956,
    6.109847202273));
#1485 = CARTESIAN_POINT('',(113.26015513858,53.599788400836,
    6.094708992187));
#1486 = CARTESIAN_POINT('',(113.30013312724,53.635013296483,
    6.079711728986));
#1487 = CARTESIAN_POINT('',(113.33875865131,53.671109778786,
    6.064891854915));
#1488 = CARTESIAN_POINT('',(113.37604082559,53.708021060395,
    6.050283359549));
#1489 = CARTESIAN_POINT('',(113.52796706597,53.867240943903,
    5.989572688214));
#1490 = CARTESIAN_POINT('',(113.62998728039,53.996646828969,
    5.945789938282));
#1491 = CARTESIAN_POINT('',(113.71856990157,54.132325547395,
    5.905569875601));
#1492 = CARTESIAN_POINT('',(113.79392621146,54.2729995747,5.869815263296
    ));
#1493 = CARTESIAN_POINT('',(113.85621895837,54.417557531521,
    5.83929229892));
#1494 = CARTESIAN_POINT('',(113.90552011474,54.56506425572,
    5.814602756285));
#1495 = CARTESIAN_POINT('',(113.95833560311,54.783159871688,
    5.787797133062));
#1496 = CARTESIAN_POINT('',(113.97217120067,54.852007563557,
    5.780705625706));
#1497 = CARTESIAN_POINT('',(113.98326814669,54.921200650278,
    5.774975413111));
#1498 = CARTESIAN_POINT('',(113.99161548533,54.990650522312,5.7706434785
    ));
#1499 = CARTESIAN_POINT('',(113.99719860714,55.060267541079,
    5.767738765412));
#1500 = CARTESIAN_POINT('',(114.,55.12996076574,5.766281297335));
#1501 = CARTESIAN_POINT('',(114.,55.19963767997,5.766281297335));
#1502 = PCURVE('',#72,#1503);
#1503 = DEFINITIONAL_REPRESENTATION('',(#1504),#1525);
#1504 = B_SPLINE_CURVE_WITH_KNOTS('',7,(#1505,#1506,#1507,#1508,#1509,
    #1510,#1511,#1512,#1513,#1514,#1515,#1516,#1517,#1518,#1519,#1520,
    #1521,#1522,#1523,#1524),.UNSPECIFIED.,.F.,.F.,(8,6,6,8),(0.,
    0.175418470382,0.741336908339,1.),.UNSPECIFIED.);
#1505 = CARTESIAN_POINT('',(1.236602938018,7.0000024));
#1506 = CARTESIAN_POINT('',(1.22942616169,6.967790461244));
#1507 = CARTESIAN_POINT('',(1.222451022117,6.934502279044));
#1508 = CARTESIAN_POINT('',(1.215678718581,6.900211599164));
#1509 = CARTESIAN_POINT('',(1.20911007148,6.864986703517));
#1510 = CARTESIAN_POINT('',(1.202745563656,6.828890221214));
#1511 = CARTESIAN_POINT('',(1.196585381706,6.791978939605));
#1512 = CARTESIAN_POINT('',(1.171415018685,6.632759056097));
#1513 = CARTESIAN_POINT('',(1.154340714895,6.503353171032));
#1514 = CARTESIAN_POINT('',(1.139377958146,6.367674452605));
#1515 = CARTESIAN_POINT('',(1.126548014006,6.227000425301));
#1516 = CARTESIAN_POINT('',(1.115876516554,6.082442468479));
#1517 = CARTESIAN_POINT('',(1.107393903821,5.93493574428));
#1518 = CARTESIAN_POINT('',(1.098281824254,5.716840128312));
#1519 = CARTESIAN_POINT('',(1.095889975545,5.647992436443));
#1520 = CARTESIAN_POINT('',(1.093968587945,5.578799349722));
#1521 = CARTESIAN_POINT('',(1.092521750084,5.509349477688));
#1522 = CARTESIAN_POINT('',(1.091553510474,5.439732458921));
#1523 = CARTESIAN_POINT('',(1.091067689119,5.37003923426));
#1524 = CARTESIAN_POINT('',(1.091067689119,5.30036232003));
#1525 = ( GEOMETRIC_REPRESENTATION_CONTEXT(2) 
PARAMETRIC_REPRESENTATION_CONTEXT() REPRESENTATION_CONTEXT('2D SPACE',''
  ) );
#1526 = PCURVE('',#492,#1527);
#1527 = DEFINITIONAL_REPRESENTATION('',(#1528),#1549);
#1528 = B_SPLINE_CURVE_WITH_KNOTS('',7,(#1529,#1530,#1531,#1532,#1533,
    #1534,#1535,#1536,#1537,#1538,#1539,#1540,#1541,#1542,#1543,#1544,
    #1545,#1546,#1547,#1548),.UNSPECIFIED.,.F.,.F.,(8,6,6,8),(0.,
    0.175418470382,0.741336908339,1.),.UNSPECIFIED.);
#1529 = CARTESIAN_POINT('',(-0.114273602857,3.74326707984));
#1530 = CARTESIAN_POINT('',(-0.113923111301,3.769994872403));
#1531 = CARTESIAN_POINT('',(-0.113571923122,3.796466363954));
#1532 = CARTESIAN_POINT('',(-0.113220987571,3.822693939397));
#1533 = CARTESIAN_POINT('',(-0.112871190075,3.848690106755));
#1534 = CARTESIAN_POINT('',(-0.112523352549,3.874467634099));
#1535 = CARTESIAN_POINT('',(-0.112178233716,3.900039686484));
#1536 = CARTESIAN_POINT('',(-0.110734155442,4.007299404328));
#1537 = CARTESIAN_POINT('',(-0.109668138428,4.087122524459));
#1538 = CARTESIAN_POINT('',(-0.108660508724,4.165448030435));
#1539 = CARTESIAN_POINT('',(-0.107730254554,4.242629745326));
#1540 = CARTESIAN_POINT('',(-0.10689296052,4.318990466919));
#1541 = CARTESIAN_POINT('',(-0.106160446903,4.394828341076));
#1542 = CARTESIAN_POINT('',(-0.105258392105,4.505067164543));
#1543 = CARTESIAN_POINT('',(-0.104999208545,4.539599767798));
#1544 = CARTESIAN_POINT('',(-0.104764663816,4.574109965897));
#1545 = CARTESIAN_POINT('',(-0.104555472787,4.608621619697));
#1546 = CARTESIAN_POINT('',(-0.104372196671,4.643157317831));
#1547 = CARTESIAN_POINT('',(-0.104215231204,4.677739066689));
#1548 = CARTESIAN_POINT('',(-0.104084794815,4.712388980385));
#1549 = ( GEOMETRIC_REPRESENTATION_CONTEXT(2) 
PARAMETRIC_REPRESENTATION_CONTEXT() REPRESENTATION_CONTEXT('2D SPACE',''
  ) );
#1550 = ORIENTED_EDGE('',*,*,#1551,.F.);
#1551 = EDGE_CURVE('',#1276,#1478,#1552,.T.);
#1552 = SURFACE_CURVE('',#1553,(#1558,#1565),.PCURVE_S1.);
#1553 = CIRCLE('',#1554,6.5);
#1554 = AXIS2_PLACEMENT_3D('',#1555,#1556,#1557);
#1555 = CARTESIAN_POINT('',(111.,53.5,7.771561172376E-16));
#1556 = DIRECTION('',(0.,-1.,2.22044604925E-16));
#1557 = DIRECTION('',(1.,0.,0.));
#1558 = PCURVE('',#72,#1559);
#1559 = DEFINITIONAL_REPRESENTATION('',(#1560),#1564);
#1560 = LINE('',#1561,#1562);
#1561 = CARTESIAN_POINT('',(0.,7.));
#1562 = VECTOR('',#1563,1.);
#1563 = DIRECTION('',(1.,0.));
#1564 = ( GEOMETRIC_REPRESENTATION_CONTEXT(2) 
PARAMETRIC_REPRESENTATION_CONTEXT() REPRESENTATION_CONTEXT('2D SPACE',''
  ) );
#1565 = PCURVE('',#1244,#1566);
#1566 = DEFINITIONAL_REPRESENTATION('',(#1567),#1571);
#1567 = CIRCLE('',#1568,6.5);
#1568 = AXIS2_PLACEMENT_2D('',#1569,#1570);
#1569 = CARTESIAN_POINT('',(0.,0.));
#1570 = DIRECTION('',(1.,0.));
#1571 = ( GEOMETRIC_REPRESENTATION_CONTEXT(2) 
PARAMETRIC_REPRESENTATION_CONTEXT() REPRESENTATION_CONTEXT('2D SPACE',''
  ) );
#1572 = ORIENTED_EDGE('',*,*,#1273,.F.);
#1573 = ORIENTED_EDGE('',*,*,#1574,.T.);
#1574 = EDGE_CURVE('',#1274,#1274,#1575,.T.);
#1575 = SURFACE_CURVE('',#1576,(#1581,#1588),.PCURVE_S1.);
#1576 = CIRCLE('',#1577,6.5);
#1577 = AXIS2_PLACEMENT_3D('',#1578,#1579,#1580);
#1578 = CARTESIAN_POINT('',(111.,60.5,-7.771561172376E-16));
#1579 = DIRECTION('',(0.,-1.,2.22044604925E-16));
#1580 = DIRECTION('',(1.,0.,0.));
#1581 = PCURVE('',#72,#1582);
#1582 = DEFINITIONAL_REPRESENTATION('',(#1583),#1587);
#1583 = LINE('',#1584,#1585);
#1584 = CARTESIAN_POINT('',(0.,0.));
#1585 = VECTOR('',#1586,1.);
#1586 = DIRECTION('',(1.,0.));
#1587 = ( GEOMETRIC_REPRESENTATION_CONTEXT(2) 
PARAMETRIC_REPRESENTATION_CONTEXT() REPRESENTATION_CONTEXT('2D SPACE',''
  ) );
#1588 = PCURVE('',#1589,#1594);
#1589 = PLANE('',#1590);
#1590 = AXIS2_PLACEMENT_3D('',#1591,#1592,#1593);
#1591 = CARTESIAN_POINT('',(111.,60.5,-7.771561172376E-16));
#1592 = DIRECTION('',(0.,-1.,2.22044604925E-16));
#1593 = DIRECTION('',(1.,0.,0.));
#1594 = DEFINITIONAL_REPRESENTATION('',(#1595),#1599);
#1595 = CIRCLE('',#1596,6.5);
#1596 = AXIS2_PLACEMENT_2D('',#1597,#1598);
#1597 = CARTESIAN_POINT('',(0.,0.));
#1598 = DIRECTION('',(1.,0.));
#1599 = ( GEOMETRIC_REPRESENTATION_CONTEXT(2) 
PARAMETRIC_REPRESENTATION_CONTEXT() REPRESENTATION_CONTEXT('2D SPACE',''
  ) );
#1600 = ADVANCED_FACE('',(#1601),#251,.T.);
#1601 = FACE_BOUND('',#1602,.T.);
#1602 = EDGE_LOOP('',(#1603,#1625,#1626,#1627));
#1603 = ORIENTED_EDGE('',*,*,#1604,.F.);
#1604 = EDGE_CURVE('',#1324,#548,#1605,.T.);
#1605 = SURFACE_CURVE('',#1606,(#1611,#1618),.PCURVE_S1.);
#1606 = CIRCLE('',#1607,60.5);
#1607 = AXIS2_PLACEMENT_3D('',#1608,#1609,#1610);
#1608 = CARTESIAN_POINT('',(112.,0.,0.));
#1609 = DIRECTION('',(1.,0.,0.));
#1610 = DIRECTION('',(-0.,1.,0.));
#1611 = PCURVE('',#251,#1612);
#1612 = DEFINITIONAL_REPRESENTATION('',(#1613),#1617);
#1613 = LINE('',#1614,#1615);
#1614 = CARTESIAN_POINT('',(0.,1.));
#1615 = VECTOR('',#1616,1.);
#1616 = DIRECTION('',(1.,0.));
#1617 = ( GEOMETRIC_REPRESENTATION_CONTEXT(2) 
PARAMETRIC_REPRESENTATION_CONTEXT() REPRESENTATION_CONTEXT('2D SPACE',''
  ) );
#1618 = PCURVE('',#611,#1619);
#1619 = DEFINITIONAL_REPRESENTATION('',(#1620),#1624);
#1620 = LINE('',#1621,#1622);
#1621 = CARTESIAN_POINT('',(-0.,6.28318530718));
#1622 = VECTOR('',#1623,1.);
#1623 = DIRECTION('',(-1.,0.));
#1624 = ( GEOMETRIC_REPRESENTATION_CONTEXT(2) 
PARAMETRIC_REPRESENTATION_CONTEXT() REPRESENTATION_CONTEXT('2D SPACE',''
  ) );
#1625 = ORIENTED_EDGE('',*,*,#1323,.T.);
#1626 = ORIENTED_EDGE('',*,*,#234,.T.);
#1627 = ORIENTED_EDGE('',*,*,#647,.F.);
#1628 = ADVANCED_FACE('',(#1629),#430,.F.);
#1629 = FACE_BOUND('',#1630,.F.);
#1630 = EDGE_LOOP('',(#1631,#1632,#1633,#1634,#1699,#1723));
#1631 = ORIENTED_EDGE('',*,*,#878,.F.);
#1632 = ORIENTED_EDGE('',*,*,#777,.T.);
#1633 = ORIENTED_EDGE('',*,*,#413,.T.);
#1634 = ORIENTED_EDGE('',*,*,#1635,.T.);
#1635 = EDGE_CURVE('',#414,#1636,#1638,.T.);
#1636 = VERTEX_POINT('',#1637);
#1637 = CARTESIAN_POINT('',(112.78225893697,-53.5,4.132015619716));
#1638 = SURFACE_CURVE('',#1639,(#1657,#1678),.PCURVE_S1.);
#1639 = B_SPLINE_CURVE_WITH_KNOTS('',6,(#1640,#1641,#1642,#1643,#1644,
    #1645,#1646,#1647,#1648,#1649,#1650,#1651,#1652,#1653,#1654,#1655,
    #1656),.UNSPECIFIED.,.F.,.F.,(7,5,5,7),(0.,0.629528481232,
    0.878928569566,1.),.UNSPECIFIED.);
#1640 = CARTESIAN_POINT('',(113.39374331512,-53.5,7.8));
#1641 = CARTESIAN_POINT('',(113.27169613584,-53.5,6.978004767388));
#1642 = CARTESIAN_POINT('',(113.14001693285,-53.5,6.157275979819));
#1643 = CARTESIAN_POINT('',(113.00064308202,-53.5,5.337681188658));
#1644 = CARTESIAN_POINT('',(112.85520080612,-53.5,4.519066442182));
#1645 = CARTESIAN_POINT('',(112.70517549986,-53.5,3.70123361869));
#1646 = CARTESIAN_POINT('',(112.49126079309,-53.5,2.560144118694));
#1647 = CARTESIAN_POINT('',(112.43006137293,-53.5,2.236440403517));
#1648 = CARTESIAN_POINT('',(112.36844843976,-53.5,1.912808502484));
#1649 = CARTESIAN_POINT('',(112.30650734791,-53.5,1.589234211512));
#1650 = CARTESIAN_POINT('',(112.24432219648,-53.5,1.265703070382));
#1651 = CARTESIAN_POINT('',(112.15170974591,-53.5,0.78515576895));
#1652 = CARTESIAN_POINT('',(112.12140570512,-53.5,0.628117890932));
#1653 = CARTESIAN_POINT('',(112.09107322268,-53.5,0.471085054164));
#1654 = CARTESIAN_POINT('',(112.06072179548,-53.5,0.314055581048));
#1655 = CARTESIAN_POINT('',(112.03036090154,-53.5,0.15702779091));
#1656 = CARTESIAN_POINT('',(112.,-53.5,0.));
#1657 = PCURVE('',#430,#1658);
#1658 = DEFINITIONAL_REPRESENTATION('',(#1659),#1677);
#1659 = B_SPLINE_CURVE_WITH_KNOTS('',6,(#1660,#1661,#1662,#1663,#1664,
    #1665,#1666,#1667,#1668,#1669,#1670,#1671,#1672,#1673,#1674,#1675,
    #1676),.UNSPECIFIED.,.F.,.F.,(7,5,5,7),(0.,0.629528481232,
    0.878928569566,1.),.UNSPECIFIED.);
#1660 = CARTESIAN_POINT('',(2.393743315122,7.8));
#1661 = CARTESIAN_POINT('',(2.271696135844,6.978004767388));
#1662 = CARTESIAN_POINT('',(2.14001693285,6.157275979819));
#1663 = CARTESIAN_POINT('',(2.000643082027,5.337681188658));
#1664 = CARTESIAN_POINT('',(1.855200806122,4.519066442182));
#1665 = CARTESIAN_POINT('',(1.705175499866,3.70123361869));
#1666 = CARTESIAN_POINT('',(1.491260793094,2.560144118694));
#1667 = CARTESIAN_POINT('',(1.430061372936,2.236440403517));
#1668 = CARTESIAN_POINT('',(1.368448439764,1.912808502484));
#1669 = CARTESIAN_POINT('',(1.306507347919,1.589234211512));
#1670 = CARTESIAN_POINT('',(1.24432219648,1.265703070382));
#1671 = CARTESIAN_POINT('',(1.151709745916,0.78515576895));
#1672 = CARTESIAN_POINT('',(1.121405705126,0.628117890932));
#1673 = CARTESIAN_POINT('',(1.091073222681,0.471085054164));
#1674 = CARTESIAN_POINT('',(1.060721795483,0.314055581048));
#1675 = CARTESIAN_POINT('',(1.030360901547,0.15702779091));
#1676 = CARTESIAN_POINT('',(1.,7.771561172376E-16));
#1677 = ( GEOMETRIC_REPRESENTATION_CONTEXT(2) 
PARAMETRIC_REPRESENTATION_CONTEXT() REPRESENTATION_CONTEXT('2D SPACE',''
  ) );
#1678 = PCURVE('',#492,#1679);
#1679 = DEFINITIONAL_REPRESENTATION('',(#1680),#1698);
#1680 = B_SPLINE_CURVE_WITH_KNOTS('',6,(#1681,#1682,#1683,#1684,#1685,
    #1686,#1687,#1688,#1689,#1690,#1691,#1692,#1693,#1694,#1695,#1696,
    #1697),.UNSPECIFIED.,.F.,.F.,(7,5,5,7),(0.,0.629528481232,
    0.878928569566,1.),.UNSPECIFIED.);
#1681 = CARTESIAN_POINT('',(-2.996818286907,3.912618974487));
#1682 = CARTESIAN_POINT('',(-3.011862895496,3.827532605063));
#1683 = CARTESIAN_POINT('',(-3.026963515445,3.744172203925));
#1684 = CARTESIAN_POINT('',(-3.042110663796,3.662139871169));
#1685 = CARTESIAN_POINT('',(-3.057294811683,3.581137534431));
#1686 = CARTESIAN_POINT('',(-3.072507100241,3.500904956831));
#1687 = CARTESIAN_POINT('',(-3.09377407875,3.389625899327));
#1688 = CARTESIAN_POINT('',(-3.099811796368,3.358133211417));
#1689 = CARTESIAN_POINT('',(-3.105852097557,3.326709103378));
#1690 = CARTESIAN_POINT('',(-3.111894455788,3.295339235293));
#1691 = CARTESIAN_POINT('',(-3.117938347531,3.26400961206));
#1692 = CARTESIAN_POINT('',(-3.126917755071,3.217510508344));
#1693 = CARTESIAN_POINT('',(-3.129852496375,3.202320692152));
#1694 = CARTESIAN_POINT('',(-3.1327874165,3.187135562743));
#1695 = CARTESIAN_POINT('',(-3.135722455809,3.171953553322));
#1696 = CARTESIAN_POINT('',(-3.138657554698,3.156773102357));
#1697 = CARTESIAN_POINT('',(-3.14159265359,3.14159265359));
#1698 = ( GEOMETRIC_REPRESENTATION_CONTEXT(2) 
PARAMETRIC_REPRESENTATION_CONTEXT() REPRESENTATION_CONTEXT('2D SPACE',''
  ) );
#1699 = ORIENTED_EDGE('',*,*,#1700,.F.);
#1700 = EDGE_CURVE('',#1701,#1636,#1703,.T.);
#1701 = VERTEX_POINT('',#1702);
#1702 = CARTESIAN_POINT('',(115.5,-53.5,-6.580929093826E-16));
#1703 = SURFACE_CURVE('',#1704,(#1709,#1716),.PCURVE_S1.);
#1704 = CIRCLE('',#1705,4.5);
#1705 = AXIS2_PLACEMENT_3D('',#1706,#1707,#1708);
#1706 = CARTESIAN_POINT('',(111.,-53.5,4.440892098501E-16));
#1707 = DIRECTION('',(0.,-1.,2.22044604925E-16));
#1708 = DIRECTION('',(1.,0.,0.));
#1709 = PCURVE('',#430,#1710);
#1710 = DEFINITIONAL_REPRESENTATION('',(#1711),#1715);
#1711 = CIRCLE('',#1712,4.5);
#1712 = AXIS2_PLACEMENT_2D('',#1713,#1714);
#1713 = CARTESIAN_POINT('',(0.,1.221245327088E-15));
#1714 = DIRECTION('',(1.,0.));
#1715 = ( GEOMETRIC_REPRESENTATION_CONTEXT(2) 
PARAMETRIC_REPRESENTATION_CONTEXT() REPRESENTATION_CONTEXT('2D SPACE',''
  ) );
#1716 = PCURVE('',#1017,#1717);
#1717 = DEFINITIONAL_REPRESENTATION('',(#1718),#1722);
#1718 = LINE('',#1719,#1720);
#1719 = CARTESIAN_POINT('',(0.,6.5));
#1720 = VECTOR('',#1721,1.);
#1721 = DIRECTION('',(1.,0.));
#1722 = ( GEOMETRIC_REPRESENTATION_CONTEXT(2) 
PARAMETRIC_REPRESENTATION_CONTEXT() REPRESENTATION_CONTEXT('2D SPACE',''
  ) );
#1723 = ORIENTED_EDGE('',*,*,#1724,.F.);
#1724 = EDGE_CURVE('',#879,#1701,#1725,.T.);
#1725 = SURFACE_CURVE('',#1726,(#1731,#1738),.PCURVE_S1.);
#1726 = CIRCLE('',#1727,4.5);
#1727 = AXIS2_PLACEMENT_3D('',#1728,#1729,#1730);
#1728 = CARTESIAN_POINT('',(111.,-53.5,4.440892098501E-16));
#1729 = DIRECTION('',(0.,-1.,2.22044604925E-16));
#1730 = DIRECTION('',(1.,0.,0.));
#1731 = PCURVE('',#430,#1732);
#1732 = DEFINITIONAL_REPRESENTATION('',(#1733),#1737);
#1733 = CIRCLE('',#1734,4.5);
#1734 = AXIS2_PLACEMENT_2D('',#1735,#1736);
#1735 = CARTESIAN_POINT('',(0.,1.221245327088E-15));
#1736 = DIRECTION('',(1.,0.));
#1737 = ( GEOMETRIC_REPRESENTATION_CONTEXT(2) 
PARAMETRIC_REPRESENTATION_CONTEXT() REPRESENTATION_CONTEXT('2D SPACE',''
  ) );
#1738 = PCURVE('',#1017,#1739);
#1739 = DEFINITIONAL_REPRESENTATION('',(#1740),#1744);
#1740 = LINE('',#1741,#1742);
#1741 = CARTESIAN_POINT('',(0.,6.5));
#1742 = VECTOR('',#1743,1.);
#1743 = DIRECTION('',(1.,0.));
#1744 = ( GEOMETRIC_REPRESENTATION_CONTEXT(2) 
PARAMETRIC_REPRESENTATION_CONTEXT() REPRESENTATION_CONTEXT('2D SPACE',''
  ) );
#1745 = ADVANCED_FACE('',(#1746),#611,.T.);
#1746 = FACE_BOUND('',#1747,.F.);
#1747 = EDGE_LOOP('',(#1748,#1749,#1771,#1772));
#1748 = ORIENTED_EDGE('',*,*,#1361,.F.);
#1749 = ORIENTED_EDGE('',*,*,#1750,.T.);
#1750 = EDGE_CURVE('',#1362,#522,#1751,.T.);
#1751 = SURFACE_CURVE('',#1752,(#1757,#1764),.PCURVE_S1.);
#1752 = CIRCLE('',#1753,58.5);
#1753 = AXIS2_PLACEMENT_3D('',#1754,#1755,#1756);
#1754 = CARTESIAN_POINT('',(114.,0.,0.));
#1755 = DIRECTION('',(1.,0.,0.));
#1756 = DIRECTION('',(-0.,1.,0.));
#1757 = PCURVE('',#611,#1758);
#1758 = DEFINITIONAL_REPRESENTATION('',(#1759),#1763);
#1759 = LINE('',#1760,#1761);
#1760 = CARTESIAN_POINT('',(-0.,4.712388980385));
#1761 = VECTOR('',#1762,1.);
#1762 = DIRECTION('',(-1.,0.));
#1763 = ( GEOMETRIC_REPRESENTATION_CONTEXT(2) 
PARAMETRIC_REPRESENTATION_CONTEXT() REPRESENTATION_CONTEXT('2D SPACE',''
  ) );
#1764 = PCURVE('',#536,#1765);
#1765 = DEFINITIONAL_REPRESENTATION('',(#1766),#1770);
#1766 = CIRCLE('',#1767,58.5);
#1767 = AXIS2_PLACEMENT_2D('',#1768,#1769);
#1768 = CARTESIAN_POINT('',(0.,0.));
#1769 = DIRECTION('',(1.,-0.));
#1770 = ( GEOMETRIC_REPRESENTATION_CONTEXT(2) 
PARAMETRIC_REPRESENTATION_CONTEXT() REPRESENTATION_CONTEXT('2D SPACE',''
  ) );
#1771 = ORIENTED_EDGE('',*,*,#547,.T.);
#1772 = ORIENTED_EDGE('',*,*,#1604,.F.);
#1773 = ADVANCED_FACE('',(#1774),#536,.T.);
#1774 = FACE_BOUND('',#1775,.F.);
#1775 = EDGE_LOOP('',(#1776,#1777,#1778,#1800));
#1776 = ORIENTED_EDGE('',*,*,#1750,.F.);
#1777 = ORIENTED_EDGE('',*,*,#1456,.T.);
#1778 = ORIENTED_EDGE('',*,*,#1779,.T.);
#1779 = EDGE_CURVE('',#1457,#443,#1780,.T.);
#1780 = SURFACE_CURVE('',#1781,(#1786,#1793),.PCURVE_S1.);
#1781 = CIRCLE('',#1782,55.5);
#1782 = AXIS2_PLACEMENT_3D('',#1783,#1784,#1785);
#1783 = CARTESIAN_POINT('',(114.,0.,0.));
#1784 = DIRECTION('',(1.,0.,0.));
#1785 = DIRECTION('',(-0.,1.,0.));
#1786 = PCURVE('',#536,#1787);
#1787 = DEFINITIONAL_REPRESENTATION('',(#1788),#1792);
#1788 = CIRCLE('',#1789,55.5);
#1789 = AXIS2_PLACEMENT_2D('',#1790,#1791);
#1790 = CARTESIAN_POINT('',(0.,0.));
#1791 = DIRECTION('',(1.,-0.));
#1792 = ( GEOMETRIC_REPRESENTATION_CONTEXT(2) 
PARAMETRIC_REPRESENTATION_CONTEXT() REPRESENTATION_CONTEXT('2D SPACE',''
  ) );
#1793 = PCURVE('',#492,#1794);
#1794 = DEFINITIONAL_REPRESENTATION('',(#1795),#1799);
#1795 = LINE('',#1796,#1797);
#1796 = CARTESIAN_POINT('',(-0.,4.712388980385));
#1797 = VECTOR('',#1798,1.);
#1798 = DIRECTION('',(-1.,0.));
#1799 = ( GEOMETRIC_REPRESENTATION_CONTEXT(2) 
PARAMETRIC_REPRESENTATION_CONTEXT() REPRESENTATION_CONTEXT('2D SPACE',''
  ) );
#1800 = ORIENTED_EDGE('',*,*,#521,.T.);
#1801 = ADVANCED_FACE('',(#1802),#492,.T.);
#1802 = FACE_BOUND('',#1803,.F.);
#1803 = EDGE_LOOP('',(#1804,#1805,#1806,#1807,#1872,#1982,#2006,#2114));
#1804 = ORIENTED_EDGE('',*,*,#442,.T.);
#1805 = ORIENTED_EDGE('',*,*,#1779,.F.);
#1806 = ORIENTED_EDGE('',*,*,#1477,.F.);
#1807 = ORIENTED_EDGE('',*,*,#1808,.T.);
#1808 = EDGE_CURVE('',#1478,#1809,#1811,.T.);
#1809 = VERTEX_POINT('',#1810);
#1810 = CARTESIAN_POINT('',(112.78225893697,53.5,4.132015619716));
#1811 = SURFACE_CURVE('',#1812,(#1830,#1851),.PCURVE_S1.);
#1812 = B_SPLINE_CURVE_WITH_KNOTS('',6,(#1813,#1814,#1815,#1816,#1817,
    #1818,#1819,#1820,#1821,#1822,#1823,#1824,#1825,#1826,#1827,#1828,
    #1829),.UNSPECIFIED.,.F.,.F.,(7,5,5,7),(0.,0.629528481232,
    0.878928569566,1.),.UNSPECIFIED.);
#1813 = CARTESIAN_POINT('',(113.39374331512,53.5,7.8));
#1814 = CARTESIAN_POINT('',(113.27169613584,53.5,6.978004767388));
#1815 = CARTESIAN_POINT('',(113.14001693285,53.5,6.157275979818));
#1816 = CARTESIAN_POINT('',(113.00064308202,53.5,5.337681188658));
#1817 = CARTESIAN_POINT('',(112.85520080612,53.5,4.519066442181));
#1818 = CARTESIAN_POINT('',(112.70517549986,53.5,3.70123361869));
#1819 = CARTESIAN_POINT('',(112.49126079309,53.5,2.560144118694));
#1820 = CARTESIAN_POINT('',(112.43006137293,53.5,2.236440403517));
#1821 = CARTESIAN_POINT('',(112.36844843976,53.5,1.912808502484));
#1822 = CARTESIAN_POINT('',(112.30650734791,53.5,1.589234211512));
#1823 = CARTESIAN_POINT('',(112.24432219648,53.5,1.265703070382));
#1824 = CARTESIAN_POINT('',(112.15170974591,53.5,0.78515576895));
#1825 = CARTESIAN_POINT('',(112.12140570512,53.5,0.628117890932));
#1826 = CARTESIAN_POINT('',(112.09107322268,53.5,0.471085054164));
#1827 = CARTESIAN_POINT('',(112.06072179548,53.5,0.314055581048));
#1828 = CARTESIAN_POINT('',(112.03036090154,53.5,0.15702779091));
#1829 = CARTESIAN_POINT('',(112.,53.5,0.));
#1830 = PCURVE('',#492,#1831);
#1831 = DEFINITIONAL_REPRESENTATION('',(#1832),#1850);
#1832 = B_SPLINE_CURVE_WITH_KNOTS('',6,(#1833,#1834,#1835,#1836,#1837,
    #1838,#1839,#1840,#1841,#1842,#1843,#1844,#1845,#1846,#1847,#1848,
    #1849),.UNSPECIFIED.,.F.,.F.,(7,5,5,7),(0.,0.629528481232,
    0.878928569566,1.),.UNSPECIFIED.);
#1833 = CARTESIAN_POINT('',(-0.144774366683,3.912618974487));
#1834 = CARTESIAN_POINT('',(-0.129729758094,3.827532605063));
#1835 = CARTESIAN_POINT('',(-0.114629138145,3.744172203925));
#1836 = CARTESIAN_POINT('',(-9.948198979416E-02,3.662139871169));
#1837 = CARTESIAN_POINT('',(-8.429784190706E-02,3.581137534431));
#1838 = CARTESIAN_POINT('',(-6.90855533488E-02,3.500904956831));
#1839 = CARTESIAN_POINT('',(-4.78185748398E-02,3.389625899327));
#1840 = CARTESIAN_POINT('',(-4.178085722173E-02,3.358133211417));
#1841 = CARTESIAN_POINT('',(-3.574055603298E-02,3.326709103378));
#1842 = CARTESIAN_POINT('',(-2.969819780214E-02,3.295339235293));
#1843 = CARTESIAN_POINT('',(-2.365430605915E-02,3.26400961206));
#1844 = CARTESIAN_POINT('',(-1.467489851835E-02,3.217510508344));
#1845 = CARTESIAN_POINT('',(-1.174015721449E-02,3.202320692152));
#1846 = CARTESIAN_POINT('',(-8.805237089817E-03,3.187135562743));
#1847 = CARTESIAN_POINT('',(-5.8701977803E-03,3.171953553322));
#1848 = CARTESIAN_POINT('',(-2.93509889179E-03,3.156773102357));
#1849 = CARTESIAN_POINT('',(0.,3.14159265359));
#1850 = ( GEOMETRIC_REPRESENTATION_CONTEXT(2) 
PARAMETRIC_REPRESENTATION_CONTEXT() REPRESENTATION_CONTEXT('2D SPACE',''
  ) );
#1851 = PCURVE('',#1244,#1852);
#1852 = DEFINITIONAL_REPRESENTATION('',(#1853),#1871);
#1853 = B_SPLINE_CURVE_WITH_KNOTS('',6,(#1854,#1855,#1856,#1857,#1858,
    #1859,#1860,#1861,#1862,#1863,#1864,#1865,#1866,#1867,#1868,#1869,
    #1870),.UNSPECIFIED.,.F.,.F.,(7,5,5,7),(0.,0.629528481232,
    0.878928569566,1.),.UNSPECIFIED.);
#1854 = CARTESIAN_POINT('',(2.393743315122,7.8));
#1855 = CARTESIAN_POINT('',(2.271696135844,6.978004767388));
#1856 = CARTESIAN_POINT('',(2.14001693285,6.157275979818));
#1857 = CARTESIAN_POINT('',(2.000643082027,5.337681188658));
#1858 = CARTESIAN_POINT('',(1.855200806122,4.519066442181));
#1859 = CARTESIAN_POINT('',(1.705175499866,3.70123361869));
#1860 = CARTESIAN_POINT('',(1.491260793094,2.560144118694));
#1861 = CARTESIAN_POINT('',(1.430061372936,2.236440403517));
#1862 = CARTESIAN_POINT('',(1.368448439764,1.912808502484));
#1863 = CARTESIAN_POINT('',(1.306507347919,1.589234211512));
#1864 = CARTESIAN_POINT('',(1.24432219648,1.265703070382));
#1865 = CARTESIAN_POINT('',(1.151709745916,0.78515576895));
#1866 = CARTESIAN_POINT('',(1.121405705126,0.628117890932));
#1867 = CARTESIAN_POINT('',(1.091073222681,0.471085054164));
#1868 = CARTESIAN_POINT('',(1.060721795483,0.314055581048));
#1869 = CARTESIAN_POINT('',(1.030360901547,0.15702779091));
#1870 = CARTESIAN_POINT('',(1.,-7.771561172376E-16));
#1871 = ( GEOMETRIC_REPRESENTATION_CONTEXT(2) 
PARAMETRIC_REPRESENTATION_CONTEXT() REPRESENTATION_CONTEXT('2D SPACE',''
  ) );
#1872 = ORIENTED_EDGE('',*,*,#1873,.F.);
#1873 = EDGE_CURVE('',#1874,#1809,#1876,.T.);
#1874 = VERTEX_POINT('',#1875);
#1875 = CARTESIAN_POINT('',(112.,53.319789947073,4.387482193696));
#1876 = SURFACE_CURVE('',#1877,(#1910,#1946),.PCURVE_S1.);
#1877 = B_SPLINE_CURVE_WITH_KNOTS('',6,(#1878,#1879,#1880,#1881,#1882,
    #1883,#1884,#1885,#1886,#1887,#1888,#1889,#1890,#1891,#1892,#1893,
    #1894,#1895,#1896,#1897,#1898,#1899,#1900,#1901,#1902,#1903,#1904,
    #1905,#1906,#1907,#1908,#1909),.UNSPECIFIED.,.F.,.F.,(7,5,5,5,5,5,7)
  ,(0.,0.213838264662,0.326620465746,0.408238626575,0.623174715198,
    0.831232295519,1.),.UNSPECIFIED.);
#1878 = CARTESIAN_POINT('',(112.,53.319789947073,4.387482193696));
#1879 = CARTESIAN_POINT('',(112.13433940922,53.322309450795,
    4.356863400663));
#1880 = CARTESIAN_POINT('',(112.26744544786,53.336077524626,
    4.321333385454));
#1881 = CARTESIAN_POINT('',(112.39709275867,53.360656075676,
    4.281414635886));
#1882 = CARTESIAN_POINT('',(112.52185537333,53.394850686132,
    4.237980229197));
#1883 = CARTESIAN_POINT('',(112.64087921355,53.437403072248,
    4.191960701733));
#1884 = CARTESIAN_POINT('',(112.81326772941,53.513405516128,
    4.119009348084));
#1885 = CARTESIAN_POINT('',(112.87109983036,53.541662924926,
    4.093326168816));
#1886 = CARTESIAN_POINT('',(112.92719163016,53.571775986412,
    4.067265875804));
#1887 = CARTESIAN_POINT('',(112.98152019493,53.60359800673,
    4.040939057951));
#1888 = CARTESIAN_POINT('',(113.03408103399,53.636997830991,
    4.014448975851));
#1889 = CARTESIAN_POINT('',(113.12164718485,53.697095929433,
    3.968669079454));
#1890 = CARTESIAN_POINT('',(113.15748926076,53.723095150163,
    3.94941279182));
#1891 = CARTESIAN_POINT('',(113.19241216953,53.749818819274,
    3.93015673551));
#1892 = CARTESIAN_POINT('',(113.22642018745,53.777227862791,
    3.910935633772));
#1893 = CARTESIAN_POINT('',(113.25951883604,53.805286975426,
    3.891782907928));
#1894 = CARTESIAN_POINT('',(113.37650106353,53.909485323511,
    3.822557874222));
#1895 = CARTESIAN_POINT('',(113.45501009108,53.989280270811,
    3.773092186114));
#1896 = CARTESIAN_POINT('',(113.5273953228,54.072798021365,
    3.724902090179));
#1897 = CARTESIAN_POINT('',(113.59374568417,54.159597675016,
    3.678550912579));
#1898 = CARTESIAN_POINT('',(113.6541255864,54.249316806821,
    3.634592538572));
#1899 = CARTESIAN_POINT('',(113.76124210304,54.431077544505,
    3.553856358508));
#1900 = CARTESIAN_POINT('',(113.80834178285,54.522932804226,
    3.516902714276));
#1901 = CARTESIAN_POINT('',(113.84986487404,54.616964694056,
    3.483204183343));
#1902 = CARTESIAN_POINT('',(113.88575402158,54.712895505679,
    3.453272652414));
#1903 = CARTESIAN_POINT('',(113.91591855256,54.810427836139,
    3.427601539009));
#1904 = CARTESIAN_POINT('',(113.95999243852,54.98937317202,
    3.389561131331));
#1905 = CARTESIAN_POINT('',(113.97589526333,55.070350068441,
    3.375595661409));
#1906 = CARTESIAN_POINT('',(113.98790322495,55.151970909153,
    3.364922075587));
#1907 = CARTESIAN_POINT('',(113.99595579944,55.234030640759,
    3.357719001712));
#1908 = CARTESIAN_POINT('',(114.,55.316306462836,3.35410196625));
#1909 = CARTESIAN_POINT('',(114.,55.398555937858,3.35410196625));
#1910 = PCURVE('',#492,#1911);
#1911 = DEFINITIONAL_REPRESENTATION('',(#1912),#1945);
#1912 = B_SPLINE_CURVE_WITH_KNOTS('',6,(#1913,#1914,#1915,#1916,#1917,
    #1918,#1919,#1920,#1921,#1922,#1923,#1924,#1925,#1926,#1927,#1928,
    #1929,#1930,#1931,#1932,#1933,#1934,#1935,#1936,#1937,#1938,#1939,
    #1940,#1941,#1942,#1943,#1944),.UNSPECIFIED.,.F.,.F.,(7,5,5,5,5,5,7)
  ,(0.,0.213838264662,0.326620465746,0.408238626575,0.623174715198,
    0.831232295519,1.),.UNSPECIFIED.);
#1913 = CARTESIAN_POINT('',(-8.210121726446E-02,3.14159265359));
#1914 = CARTESIAN_POINT('',(-8.152696907137E-02,3.208762358203));
#1915 = CARTESIAN_POINT('',(-8.084398966272E-02,3.275315024697));
#1916 = CARTESIAN_POINT('',(-8.006320066497E-02,3.340686006811));
#1917 = CARTESIAN_POINT('',(-7.920353932082E-02,3.404648196332));
#1918 = CARTESIAN_POINT('',(-7.828504635716E-02,3.467084995381));
#1919 = CARTESIAN_POINT('',(-7.681984287846E-02,3.560140638888));
#1920 = CARTESIAN_POINT('',(-7.63023929235E-02,3.591862607595));
#1921 = CARTESIAN_POINT('',(-7.577591845499E-02,3.623184880665));
#1922 = CARTESIAN_POINT('',(-7.524277874668E-02,3.654122991604));
#1923 = CARTESIAN_POINT('',(-7.470515874631E-02,3.684697373119));
#1924 = CARTESIAN_POINT('',(-7.377414210934E-02,3.736814274261));
#1925 = CARTESIAN_POINT('',(-7.338195294794E-02,3.758517513266));
#1926 = CARTESIAN_POINT('',(-7.298921213014E-02,3.780052066875));
#1927 = CARTESIAN_POINT('',(-7.259663990939E-02,3.801427305691));
#1928 = CARTESIAN_POINT('',(-7.220492264225E-02,3.822652837194));
#1929 = CARTESIAN_POINT('',(-7.078712065826E-02,3.899266234828));
#1930 = CARTESIAN_POINT('',(-6.977019114381E-02,3.953813030716));
#1931 = CARTESIAN_POINT('',(-6.877547260024E-02,4.007580084714));
#1932 = CARTESIAN_POINT('',(-6.781405748161E-02,4.060725092714));
#1933 = CARTESIAN_POINT('',(-6.689654476432E-02,4.113397631969));
#1934 = CARTESIAN_POINT('',(-6.519707562878E-02,4.216430461065));
#1935 = CARTESIAN_POINT('',(-6.441190896199E-02,4.266799492239));
#1936 = CARTESIAN_POINT('',(-6.368675500338E-02,4.316987984407));
#1937 = CARTESIAN_POINT('',(-6.303096568068E-02,4.367092046307));
#1938 = CARTESIAN_POINT('',(-6.245337280386E-02,4.417190761963));
#1939 = CARTESIAN_POINT('',(-6.156183146341E-02,4.508027579834));
#1940 = CARTESIAN_POINT('',(-6.121870086719E-02,4.548745829316));
#1941 = CARTESIAN_POINT('',(-6.093561468232E-02,4.589525695089));
#1942 = CARTESIAN_POINT('',(-6.071564036058E-02,4.630386312395));
#1943 = CARTESIAN_POINT('',(-6.056067953908E-02,4.67133941153));
#1944 = CARTESIAN_POINT('',(-6.0471117612E-02,4.712388980385));
#1945 = ( GEOMETRIC_REPRESENTATION_CONTEXT(2) 
PARAMETRIC_REPRESENTATION_CONTEXT() REPRESENTATION_CONTEXT('2D SPACE',''
  ) );
#1946 = PCURVE('',#1161,#1947);
#1947 = DEFINITIONAL_REPRESENTATION('',(#1948),#1981);
#1948 = B_SPLINE_CURVE_WITH_KNOTS('',6,(#1949,#1950,#1951,#1952,#1953,
    #1954,#1955,#1956,#1957,#1958,#1959,#1960,#1961,#1962,#1963,#1964,
    #1965,#1966,#1967,#1968,#1969,#1970,#1971,#1972,#1973,#1974,#1975,
    #1976,#1977,#1978,#1979,#1980),.UNSPECIFIED.,.F.,.F.,(7,5,5,5,5,5,7)
  ,(0.,0.213838264662,0.326620465746,0.408238626575,0.623174715198,
    0.831232295519,1.),.UNSPECIFIED.);
#1949 = CARTESIAN_POINT('',(1.346703234494,2.680210052927));
#1950 = CARTESIAN_POINT('',(1.31608444146,2.677690549205));
#1951 = CARTESIAN_POINT('',(1.28549037275,2.663922475374));
#1952 = CARTESIAN_POINT('',(1.255377153864,2.639343924324));
#1953 = CARTESIAN_POINT('',(1.226046146912,2.605149313868));
#1954 = CARTESIAN_POINT('',(1.197702227813,2.562596927752));
#1955 = CARTESIAN_POINT('',(1.156104684913,2.486594483872));
#1956 = CARTESIAN_POINT('',(1.142044963178,2.458337075074));
#1957 = CARTESIAN_POINT('',(1.128303390533,2.428224013588));
#1958 = CARTESIAN_POINT('',(1.114890066477,2.39640199327));
#1959 = CARTESIAN_POINT('',(1.101811764564,2.363002169009));
#1960 = CARTESIAN_POINT('',(1.079853746605,2.302904070567));
#1961 = CARTESIAN_POINT('',(1.070812687391,2.276904849837));
#1962 = CARTESIAN_POINT('',(1.06195126592,2.250181180726));
#1963 = CARTESIAN_POINT('',(1.053271067245,2.222772137209));
#1964 = CARTESIAN_POINT('',(1.044773544476,2.194713024574));
#1965 = CARTESIAN_POINT('',(1.014566892572,2.090514676489));
#1966 = CARTESIAN_POINT('',(0.993954268535,2.010719729189));
#1967 = CARTESIAN_POINT('',(0.974638287153,1.927201978635));
#1968 = CARTESIAN_POINT('',(0.956657765415,1.840402324984));
#1969 = CARTESIAN_POINT('',(0.940063048383,1.750683193179));
#1970 = CARTESIAN_POINT('',(0.910255203771,1.568922455495));
#1971 = CARTESIAN_POINT('',(0.89695412364,1.477067195774));
#1972 = CARTESIAN_POINT('',(0.885072384183,1.383035305944));
#1973 = CARTESIAN_POINT('',(0.874688211295,1.287104494321));
#1974 = CARTESIAN_POINT('',(0.865886334405,1.189572163861));
#1975 = CARTESIAN_POINT('',(0.852948534413,1.01062682798));
#1976 = CARTESIAN_POINT('',(0.848245485143,0.929649931559));
#1977 = CARTESIAN_POINT('',(0.844675315973,0.848029090847));
#1978 = CARTESIAN_POINT('',(0.842274376686,0.765969359241));
#1979 = CARTESIAN_POINT('',(0.841068670568,0.683693537164));
#1980 = CARTESIAN_POINT('',(0.841068670568,0.601444062142));
#1981 = ( GEOMETRIC_REPRESENTATION_CONTEXT(2) 
PARAMETRIC_REPRESENTATION_CONTEXT() REPRESENTATION_CONTEXT('2D SPACE',''
  ) );
#1982 = ORIENTED_EDGE('',*,*,#1983,.T.);
#1983 = EDGE_CURVE('',#1874,#1984,#1986,.T.);
#1984 = VERTEX_POINT('',#1985);
#1985 = CARTESIAN_POINT('',(112.,-53.31978994707,4.387482193696));
#1986 = SURFACE_CURVE('',#1987,(#1992,#1999),.PCURVE_S1.);
#1987 = CIRCLE('',#1988,53.5);
#1988 = AXIS2_PLACEMENT_3D('',#1989,#1990,#1991);
#1989 = CARTESIAN_POINT('',(112.,0.,0.));
#1990 = DIRECTION('',(1.,0.,0.));
#1991 = DIRECTION('',(-0.,1.,0.));
#1992 = PCURVE('',#492,#1993);
#1993 = DEFINITIONAL_REPRESENTATION('',(#1994),#1998);
#1994 = LINE('',#1995,#1996);
#1995 = CARTESIAN_POINT('',(-0.,3.14159265359));
#1996 = VECTOR('',#1997,1.);
#1997 = DIRECTION('',(-1.,0.));
#1998 = ( GEOMETRIC_REPRESENTATION_CONTEXT(2) 
PARAMETRIC_REPRESENTATION_CONTEXT() REPRESENTATION_CONTEXT('2D SPACE',''
  ) );
#1999 = PCURVE('',#1075,#2000);
#2000 = DEFINITIONAL_REPRESENTATION('',(#2001),#2005);
#2001 = LINE('',#2002,#2003);
#2002 = CARTESIAN_POINT('',(0.,1.));
#2003 = VECTOR('',#2004,1.);
#2004 = DIRECTION('',(1.,0.));
#2005 = ( GEOMETRIC_REPRESENTATION_CONTEXT(2) 
PARAMETRIC_REPRESENTATION_CONTEXT() REPRESENTATION_CONTEXT('2D SPACE',''
  ) );
#2006 = ORIENTED_EDGE('',*,*,#2007,.T.);
#2007 = EDGE_CURVE('',#1984,#1636,#2008,.T.);
#2008 = SURFACE_CURVE('',#2009,(#2042,#2078),.PCURVE_S1.);
#2009 = B_SPLINE_CURVE_WITH_KNOTS('',6,(#2010,#2011,#2012,#2013,#2014,
    #2015,#2016,#2017,#2018,#2019,#2020,#2021,#2022,#2023,#2024,#2025,
    #2026,#2027,#2028,#2029,#2030,#2031,#2032,#2033,#2034,#2035,#2036,
    #2037,#2038,#2039,#2040,#2041),.UNSPECIFIED.,.F.,.F.,(7,5,5,5,5,5,7)
  ,(0.,0.213838264662,0.326620465746,0.408238626576,0.623174715199,
    0.831232295519,1.),.UNSPECIFIED.);
#2010 = CARTESIAN_POINT('',(112.,-53.31978994707,4.387482193696));
#2011 = CARTESIAN_POINT('',(112.13433940922,-53.32230945079,
    4.356863400663));
#2012 = CARTESIAN_POINT('',(112.26744544786,-53.33607752462,
    4.321333385454));
#2013 = CARTESIAN_POINT('',(112.39709275867,-53.36065607567,
    4.281414635886));
#2014 = CARTESIAN_POINT('',(112.52185537333,-53.39485068613,
    4.237980229197));
#2015 = CARTESIAN_POINT('',(112.64087921355,-53.43740307224,
    4.191960701733));
#2016 = CARTESIAN_POINT('',(112.81326772941,-53.51340551612,
    4.119009348084));
#2017 = CARTESIAN_POINT('',(112.87109983036,-53.54166292492,
    4.093326168816));
#2018 = CARTESIAN_POINT('',(112.92719163016,-53.57177598641,
    4.067265875804));
#2019 = CARTESIAN_POINT('',(112.98152019493,-53.60359800673,
    4.040939057951));
#2020 = CARTESIAN_POINT('',(113.03408103399,-53.63699783099,
    4.014448975851));
#2021 = CARTESIAN_POINT('',(113.12164718485,-53.69709592943,
    3.968669079454));
#2022 = CARTESIAN_POINT('',(113.15748926076,-53.72309515016,
    3.94941279182));
#2023 = CARTESIAN_POINT('',(113.19241216953,-53.74981881927,
    3.93015673551));
#2024 = CARTESIAN_POINT('',(113.22642018745,-53.77722786279,
    3.910935633772));
#2025 = CARTESIAN_POINT('',(113.25951883604,-53.80528697542,
    3.891782907928));
#2026 = CARTESIAN_POINT('',(113.37650106353,-53.90948532351,
    3.822557874222));
#2027 = CARTESIAN_POINT('',(113.45501009108,-53.98928027081,
    3.773092186114));
#2028 = CARTESIAN_POINT('',(113.5273953228,-54.07279802136,3.72490209018
    ));
#2029 = CARTESIAN_POINT('',(113.59374568417,-54.15959767501,
    3.678550912579));
#2030 = CARTESIAN_POINT('',(113.6541255864,-54.24931680682,
    3.634592538572));
#2031 = CARTESIAN_POINT('',(113.76124210304,-54.4310775445,
    3.553856358508));
#2032 = CARTESIAN_POINT('',(113.80834178285,-54.52293280422,
    3.516902714276));
#2033 = CARTESIAN_POINT('',(113.84986487404,-54.61696469405,
    3.483204183343));
#2034 = CARTESIAN_POINT('',(113.88575402158,-54.71289550567,
    3.453272652414));
#2035 = CARTESIAN_POINT('',(113.91591855256,-54.81042783613,
    3.427601539009));
#2036 = CARTESIAN_POINT('',(113.95999243852,-54.98937317202,
    3.389561131331));
#2037 = CARTESIAN_POINT('',(113.97589526333,-55.07035006844,
    3.375595661409));
#2038 = CARTESIAN_POINT('',(113.98790322495,-55.15197090915,
    3.364922075587));
#2039 = CARTESIAN_POINT('',(113.99595579944,-55.23403064075,
    3.357719001712));
#2040 = CARTESIAN_POINT('',(114.,-55.31630646283,3.35410196625));
#2041 = CARTESIAN_POINT('',(114.,-55.39855593785,3.35410196625));
#2042 = PCURVE('',#492,#2043);
#2043 = DEFINITIONAL_REPRESENTATION('',(#2044),#2077);
#2044 = B_SPLINE_CURVE_WITH_KNOTS('',6,(#2045,#2046,#2047,#2048,#2049,
    #2050,#2051,#2052,#2053,#2054,#2055,#2056,#2057,#2058,#2059,#2060,
    #2061,#2062,#2063,#2064,#2065,#2066,#2067,#2068,#2069,#2070,#2071,
    #2072,#2073,#2074,#2075,#2076),.UNSPECIFIED.,.F.,.F.,(7,5,5,5,5,5,7)
  ,(0.,0.213838264662,0.326620465746,0.408238626576,0.623174715199,
    0.831232295519,1.),.UNSPECIFIED.);
#2045 = CARTESIAN_POINT('',(-3.059491436325,3.14159265359));
#2046 = CARTESIAN_POINT('',(-3.060065684518,3.208762358203));
#2047 = CARTESIAN_POINT('',(-3.060748663927,3.275315024697));
#2048 = CARTESIAN_POINT('',(-3.061529452925,3.340686006811));
#2049 = CARTESIAN_POINT('',(-3.062389114269,3.404648196332));
#2050 = CARTESIAN_POINT('',(-3.063307607233,3.467084995381));
#2051 = CARTESIAN_POINT('',(-3.064772810711,3.560140638888));
#2052 = CARTESIAN_POINT('',(-3.065290260666,3.591862607595));
#2053 = CARTESIAN_POINT('',(-3.065816735135,3.623184880665));
#2054 = CARTESIAN_POINT('',(-3.066349874843,3.654122991604));
#2055 = CARTESIAN_POINT('',(-3.066887494843,3.684697373119));
#2056 = CARTESIAN_POINT('',(-3.06781851148,3.736814274261));
#2057 = CARTESIAN_POINT('',(-3.068210700642,3.758517513266));
#2058 = CARTESIAN_POINT('',(-3.06860344146,3.780052066875));
#2059 = CARTESIAN_POINT('',(-3.06899601368,3.801427305691));
#2060 = CARTESIAN_POINT('',(-3.069387730948,3.822652837194));
#2061 = CARTESIAN_POINT('',(-3.070805532932,3.899266234828));
#2062 = CARTESIAN_POINT('',(-3.071822462446,3.953813030716));
#2063 = CARTESIAN_POINT('',(-3.07281718099,4.007580084714));
#2064 = CARTESIAN_POINT('',(-3.073778596108,4.060725092714));
#2065 = CARTESIAN_POINT('',(-3.074696108825,4.113397631969));
#2066 = CARTESIAN_POINT('',(-3.076395577961,4.216430461065));
#2067 = CARTESIAN_POINT('',(-3.077180744628,4.266799492239));
#2068 = CARTESIAN_POINT('',(-3.077905898586,4.316987984407));
#2069 = CARTESIAN_POINT('',(-3.078561687909,4.367092046308));
#2070 = CARTESIAN_POINT('',(-3.079139280786,4.417190761963));
#2071 = CARTESIAN_POINT('',(-3.080030822126,4.508027579834));
#2072 = CARTESIAN_POINT('',(-3.080373952723,4.548745829316));
#2073 = CARTESIAN_POINT('',(-3.080657038907,4.589525695089));
#2074 = CARTESIAN_POINT('',(-3.080877013229,4.630386312395));
#2075 = CARTESIAN_POINT('',(-3.081031974051,4.67133941153));
#2076 = CARTESIAN_POINT('',(-3.081121535978,4.712388980385));
#2077 = ( GEOMETRIC_REPRESENTATION_CONTEXT(2) 
PARAMETRIC_REPRESENTATION_CONTEXT() REPRESENTATION_CONTEXT('2D SPACE',''
  ) );
#2078 = PCURVE('',#1017,#2079);
#2079 = DEFINITIONAL_REPRESENTATION('',(#2080),#2113);
#2080 = B_SPLINE_CURVE_WITH_KNOTS('',6,(#2081,#2082,#2083,#2084,#2085,
    #2086,#2087,#2088,#2089,#2090,#2091,#2092,#2093,#2094,#2095,#2096,
    #2097,#2098,#2099,#2100,#2101,#2102,#2103,#2104,#2105,#2106,#2107,
    #2108,#2109,#2110,#2111,#2112),.UNSPECIFIED.,.F.,.F.,(7,5,5,5,5,5,7)
  ,(0.,0.213838264662,0.326620465746,0.408238626576,0.623174715199,
    0.831232295519,1.),.UNSPECIFIED.);
#2081 = CARTESIAN_POINT('',(1.346703234494,6.319789947073));
#2082 = CARTESIAN_POINT('',(1.31608444146,6.322309450795));
#2083 = CARTESIAN_POINT('',(1.28549037275,6.336077524626));
#2084 = CARTESIAN_POINT('',(1.255377153864,6.360656075675));
#2085 = CARTESIAN_POINT('',(1.226046146912,6.394850686132));
#2086 = CARTESIAN_POINT('',(1.197702227813,6.437403072248));
#2087 = CARTESIAN_POINT('',(1.156104684913,6.513405516128));
#2088 = CARTESIAN_POINT('',(1.142044963178,6.541662924926));
#2089 = CARTESIAN_POINT('',(1.128303390533,6.571775986412));
#2090 = CARTESIAN_POINT('',(1.114890066477,6.60359800673));
#2091 = CARTESIAN_POINT('',(1.101811764564,6.636997830991));
#2092 = CARTESIAN_POINT('',(1.079853746605,6.697095929433));
#2093 = CARTESIAN_POINT('',(1.070812687391,6.723095150163));
#2094 = CARTESIAN_POINT('',(1.06195126592,6.749818819274));
#2095 = CARTESIAN_POINT('',(1.053271067245,6.777227862791));
#2096 = CARTESIAN_POINT('',(1.044773544476,6.805286975426));
#2097 = CARTESIAN_POINT('',(1.014566892572,6.909485323511));
#2098 = CARTESIAN_POINT('',(0.993954268535,6.989280270811));
#2099 = CARTESIAN_POINT('',(0.974638287153,7.072798021365));
#2100 = CARTESIAN_POINT('',(0.956657765415,7.159597675016));
#2101 = CARTESIAN_POINT('',(0.940063048383,7.249316806821));
#2102 = CARTESIAN_POINT('',(0.910255203771,7.431077544505));
#2103 = CARTESIAN_POINT('',(0.89695412364,7.522932804226));
#2104 = CARTESIAN_POINT('',(0.885072384183,7.616964694056));
#2105 = CARTESIAN_POINT('',(0.874688211295,7.712895505679));
#2106 = CARTESIAN_POINT('',(0.865886334405,7.810427836139));
#2107 = CARTESIAN_POINT('',(0.852948534413,7.989373172021));
#2108 = CARTESIAN_POINT('',(0.848245485143,8.070350068441));
#2109 = CARTESIAN_POINT('',(0.844675315973,8.151970909153));
#2110 = CARTESIAN_POINT('',(0.842274376686,8.234030640759));
#2111 = CARTESIAN_POINT('',(0.841068670568,8.316306462836));
#2112 = CARTESIAN_POINT('',(0.841068670568,8.398555937858));
#2113 = ( GEOMETRIC_REPRESENTATION_CONTEXT(2) 
PARAMETRIC_REPRESENTATION_CONTEXT() REPRESENTATION_CONTEXT('2D SPACE',''
  ) );
#2114 = ORIENTED_EDGE('',*,*,#1635,.F.);
#2115 = ADVANCED_FACE('',(#2116),#400,.T.);
#2116 = FACE_BOUND('',#2117,.T.);
#2117 = EDGE_LOOP('',(#2118));
#2118 = ORIENTED_EDGE('',*,*,#385,.T.);
#2119 = ADVANCED_FACE('',(#2120),#1244,.T.);
#2120 = FACE_BOUND('',#2121,.T.);
#2121 = EDGE_LOOP('',(#2122,#2123,#2124,#2125,#2126,#2150));
#2122 = ORIENTED_EDGE('',*,*,#1202,.F.);
#2123 = ORIENTED_EDGE('',*,*,#1298,.T.);
#2124 = ORIENTED_EDGE('',*,*,#1551,.T.);
#2125 = ORIENTED_EDGE('',*,*,#1808,.T.);
#2126 = ORIENTED_EDGE('',*,*,#2127,.F.);
#2127 = EDGE_CURVE('',#2128,#1809,#2130,.T.);
#2128 = VERTEX_POINT('',#2129);
#2129 = CARTESIAN_POINT('',(115.5,53.5,-1.546271329083E-15));
#2130 = SURFACE_CURVE('',#2131,(#2136,#2143),.PCURVE_S1.);
#2131 = CIRCLE('',#2132,4.5);
#2132 = AXIS2_PLACEMENT_3D('',#2133,#2134,#2135);
#2133 = CARTESIAN_POINT('',(111.,53.5,-4.440892098501E-16));
#2134 = DIRECTION('',(0.,-1.,2.22044604925E-16));
#2135 = DIRECTION('',(1.,0.,0.));
#2136 = PCURVE('',#1244,#2137);
#2137 = DEFINITIONAL_REPRESENTATION('',(#2138),#2142);
#2138 = CIRCLE('',#2139,4.5);
#2139 = AXIS2_PLACEMENT_2D('',#2140,#2141);
#2140 = CARTESIAN_POINT('',(0.,-1.221245327088E-15));
#2141 = DIRECTION('',(1.,0.));
#2142 = ( GEOMETRIC_REPRESENTATION_CONTEXT(2) 
PARAMETRIC_REPRESENTATION_CONTEXT() REPRESENTATION_CONTEXT('2D SPACE',''
  ) );
#2143 = PCURVE('',#1161,#2144);
#2144 = DEFINITIONAL_REPRESENTATION('',(#2145),#2149);
#2145 = LINE('',#2146,#2147);
#2146 = CARTESIAN_POINT('',(0.,2.5));
#2147 = VECTOR('',#2148,1.);
#2148 = DIRECTION('',(1.,0.));
#2149 = ( GEOMETRIC_REPRESENTATION_CONTEXT(2) 
PARAMETRIC_REPRESENTATION_CONTEXT() REPRESENTATION_CONTEXT('2D SPACE',''
  ) );
#2150 = ORIENTED_EDGE('',*,*,#2151,.F.);
#2151 = EDGE_CURVE('',#1088,#2128,#2152,.T.);
#2152 = SURFACE_CURVE('',#2153,(#2158,#2165),.PCURVE_S1.);
#2153 = CIRCLE('',#2154,4.5);
#2154 = AXIS2_PLACEMENT_3D('',#2155,#2156,#2157);
#2155 = CARTESIAN_POINT('',(111.,53.5,-4.440892098501E-16));
#2156 = DIRECTION('',(0.,-1.,2.22044604925E-16));
#2157 = DIRECTION('',(1.,0.,0.));
#2158 = PCURVE('',#1244,#2159);
#2159 = DEFINITIONAL_REPRESENTATION('',(#2160),#2164);
#2160 = CIRCLE('',#2161,4.5);
#2161 = AXIS2_PLACEMENT_2D('',#2162,#2163);
#2162 = CARTESIAN_POINT('',(0.,-1.221245327088E-15));
#2163 = DIRECTION('',(1.,0.));
#2164 = ( GEOMETRIC_REPRESENTATION_CONTEXT(2) 
PARAMETRIC_REPRESENTATION_CONTEXT() REPRESENTATION_CONTEXT('2D SPACE',''
  ) );
#2165 = PCURVE('',#1161,#2166);
#2166 = DEFINITIONAL_REPRESENTATION('',(#2167),#2171);
#2167 = LINE('',#2168,#2169);
#2168 = CARTESIAN_POINT('',(0.,2.5));
#2169 = VECTOR('',#2170,1.);
#2170 = DIRECTION('',(1.,0.));
#2171 = ( GEOMETRIC_REPRESENTATION_CONTEXT(2) 
PARAMETRIC_REPRESENTATION_CONTEXT() REPRESENTATION_CONTEXT('2D SPACE',''
  ) );
#2172 = ADVANCED_FACE('',(#2173),#1161,.T.);
#2173 = FACE_BOUND('',#2174,.T.);
#2174 = EDGE_LOOP('',(#2175,#2198,#2225,#2226,#2227,#2228,#2270,#2271));
#2175 = ORIENTED_EDGE('',*,*,#2176,.T.);
#2176 = EDGE_CURVE('',#2128,#2177,#2179,.T.);
#2177 = VERTEX_POINT('',#2178);
#2178 = CARTESIAN_POINT('',(115.5,47.,-1.0298139707E-16));
#2179 = SEAM_CURVE('',#2180,(#2184,#2191),.PCURVE_S1.);
#2180 = LINE('',#2181,#2182);
#2181 = CARTESIAN_POINT('',(115.5,56.,-2.101382841395E-15));
#2182 = VECTOR('',#2183,1.);
#2183 = DIRECTION('',(0.,-1.,2.22044604925E-16));
#2184 = PCURVE('',#1161,#2185);
#2185 = DEFINITIONAL_REPRESENTATION('',(#2186),#2190);
#2186 = LINE('',#2187,#2188);
#2187 = CARTESIAN_POINT('',(6.28318530718,-0.));
#2188 = VECTOR('',#2189,1.);
#2189 = DIRECTION('',(0.,1.));
#2190 = ( GEOMETRIC_REPRESENTATION_CONTEXT(2) 
PARAMETRIC_REPRESENTATION_CONTEXT() REPRESENTATION_CONTEXT('2D SPACE',''
  ) );
#2191 = PCURVE('',#1161,#2192);
#2192 = DEFINITIONAL_REPRESENTATION('',(#2193),#2197);
#2193 = LINE('',#2194,#2195);
#2194 = CARTESIAN_POINT('',(0.,-0.));
#2195 = VECTOR('',#2196,1.);
#2196 = DIRECTION('',(0.,1.));
#2197 = ( GEOMETRIC_REPRESENTATION_CONTEXT(2) 
PARAMETRIC_REPRESENTATION_CONTEXT() REPRESENTATION_CONTEXT('2D SPACE',''
  ) );
#2198 = ORIENTED_EDGE('',*,*,#2199,.F.);
#2199 = EDGE_CURVE('',#2177,#2177,#2200,.T.);
#2200 = SURFACE_CURVE('',#2201,(#2206,#2213),.PCURVE_S1.);
#2201 = CIRCLE('',#2202,4.5);
#2202 = AXIS2_PLACEMENT_3D('',#2203,#2204,#2205);
#2203 = CARTESIAN_POINT('',(111.,47.,9.992007221626E-16));
#2204 = DIRECTION('',(0.,-1.,2.22044604925E-16));
#2205 = DIRECTION('',(1.,0.,0.));
#2206 = PCURVE('',#1161,#2207);
#2207 = DEFINITIONAL_REPRESENTATION('',(#2208),#2212);
#2208 = LINE('',#2209,#2210);
#2209 = CARTESIAN_POINT('',(0.,9.));
#2210 = VECTOR('',#2211,1.);
#2211 = DIRECTION('',(1.,0.));
#2212 = ( GEOMETRIC_REPRESENTATION_CONTEXT(2) 
PARAMETRIC_REPRESENTATION_CONTEXT() REPRESENTATION_CONTEXT('2D SPACE',''
  ) );
#2213 = PCURVE('',#2214,#2219);
#2214 = PLANE('',#2215);
#2215 = AXIS2_PLACEMENT_3D('',#2216,#2217,#2218);
#2216 = CARTESIAN_POINT('',(111.,47.,9.992007221626E-16));
#2217 = DIRECTION('',(0.,-1.,2.22044604925E-16));
#2218 = DIRECTION('',(1.,0.,0.));
#2219 = DEFINITIONAL_REPRESENTATION('',(#2220),#2224);
#2220 = CIRCLE('',#2221,4.5);
#2221 = AXIS2_PLACEMENT_2D('',#2222,#2223);
#2222 = CARTESIAN_POINT('',(0.,0.));
#2223 = DIRECTION('',(1.,0.));
#2224 = ( GEOMETRIC_REPRESENTATION_CONTEXT(2) 
PARAMETRIC_REPRESENTATION_CONTEXT() REPRESENTATION_CONTEXT('2D SPACE',''
  ) );
#2225 = ORIENTED_EDGE('',*,*,#2176,.F.);
#2226 = ORIENTED_EDGE('',*,*,#2127,.T.);
#2227 = ORIENTED_EDGE('',*,*,#1873,.F.);
#2228 = ORIENTED_EDGE('',*,*,#2229,.T.);
#2229 = EDGE_CURVE('',#1874,#1059,#2230,.T.);
#2230 = SURFACE_CURVE('',#2231,(#2242,#2256),.PCURVE_S1.);
#2231 = B_SPLINE_CURVE_WITH_KNOTS('',5,(#2232,#2233,#2234,#2235,#2236,
    #2237,#2238,#2239,#2240,#2241),.UNSPECIFIED.,.F.,.F.,(6,4,6),(0.,
    0.500000090451,1.),.UNSPECIFIED.);
#2232 = CARTESIAN_POINT('',(112.00000239901,53.319789992048,
    4.387481647132));
#2233 = CARTESIAN_POINT('',(111.80177890462,53.316072348566,
    4.432661088479));
#2234 = CARTESIAN_POINT('',(111.60220047754,53.313250118858,
    4.466373593701));
#2235 = CARTESIAN_POINT('',(111.40175151012,53.311357911079,
    4.488791201576));
#2236 = CARTESIAN_POINT('',(111.20087990179,53.310411741047,4.5));
#2237 = CARTESIAN_POINT('',(110.79912017088,53.310411741047,4.5));
#2238 = CARTESIAN_POINT('',(110.59824847725,53.311357910498,
    4.488791202266));
#2239 = CARTESIAN_POINT('',(110.39779946201,53.31325011964,
    4.466373592619));
#2240 = CARTESIAN_POINT('',(110.19822107171,53.31607234901,
    4.432661083084));
#2241 = CARTESIAN_POINT('',(109.99999760095,53.319789992049,
    4.387481647118));
#2242 = PCURVE('',#1161,#2243);
#2243 = DEFINITIONAL_REPRESENTATION('',(#2244),#2255);
#2244 = B_SPLINE_CURVE_WITH_KNOTS('',5,(#2245,#2246,#2247,#2248,#2249,
    #2250,#2251,#2252,#2253,#2254),.UNSPECIFIED.,.F.,.F.,(6,4,6),(0.,
    0.500000090451,1.),.UNSPECIFIED.);
#2245 = CARTESIAN_POINT('',(1.34670268793,2.680210007952));
#2246 = CARTESIAN_POINT('',(1.391882020936,2.683927651434));
#2247 = CARTESIAN_POINT('',(1.436788654252,2.686749881142));
#2248 = CARTESIAN_POINT('',(1.481518223448,2.688642088921));
#2249 = CARTESIAN_POINT('',(1.526156348619,2.689588258953));
#2250 = CARTESIAN_POINT('',(1.61543628882,2.689588258953));
#2251 = CARTESIAN_POINT('',(1.660074433301,2.688642089502));
#2252 = CARTESIAN_POINT('',(1.70480401229,2.68674988036));
#2253 = CARTESIAN_POINT('',(1.749710638052,2.68392765099));
#2254 = CARTESIAN_POINT('',(1.794889965673,2.680210007951));
#2255 = ( GEOMETRIC_REPRESENTATION_CONTEXT(2) 
PARAMETRIC_REPRESENTATION_CONTEXT() REPRESENTATION_CONTEXT('2D SPACE',''
  ) );
#2256 = PCURVE('',#1075,#2257);
#2257 = DEFINITIONAL_REPRESENTATION('',(#2258),#2269);
#2258 = B_SPLINE_CURVE_WITH_KNOTS('',5,(#2259,#2260,#2261,#2262,#2263,
    #2264,#2265,#2266,#2267,#2268),.UNSPECIFIED.,.F.,.F.,(6,4,6),(0.,
    0.500000090451,1.),.UNSPECIFIED.);
#2259 = CARTESIAN_POINT('',(8.210120701378E-02,1.0000024));
#2260 = CARTESIAN_POINT('',(8.294853670795E-02,0.801778905609));
#2261 = CARTESIAN_POINT('',(8.358088059308E-02,0.602200474789));
#2262 = CARTESIAN_POINT('',(8.400139149095E-02,0.401751511744));
#2263 = CARTESIAN_POINT('',(8.421164681933E-02,0.200879901794));
#2264 = CARTESIAN_POINT('',(8.421164681933E-02,-0.200879829115));
#2265 = CARTESIAN_POINT('',(8.400139150374E-02,-0.401751524135));
#2266 = CARTESIAN_POINT('',(8.358088057298E-02,-0.602200535549));
#2267 = CARTESIAN_POINT('',(8.294853660676E-02,-0.801778929233));
#2268 = CARTESIAN_POINT('',(8.210120701352E-02,-1.0000024));
#2269 = ( GEOMETRIC_REPRESENTATION_CONTEXT(2) 
PARAMETRIC_REPRESENTATION_CONTEXT() REPRESENTATION_CONTEXT('2D SPACE',''
  ) );
#2270 = ORIENTED_EDGE('',*,*,#1087,.F.);
#2271 = ORIENTED_EDGE('',*,*,#2151,.T.);
#2272 = ADVANCED_FACE('',(#2273),#1075,.F.);
#2273 = FACE_BOUND('',#2274,.F.);
#2274 = EDGE_LOOP('',(#2275,#2276,#2277,#2278));
#2275 = ORIENTED_EDGE('',*,*,#1983,.F.);
#2276 = ORIENTED_EDGE('',*,*,#2229,.T.);
#2277 = ORIENTED_EDGE('',*,*,#1058,.T.);
#2278 = ORIENTED_EDGE('',*,*,#2279,.F.);
#2279 = EDGE_CURVE('',#1984,#944,#2280,.T.);
#2280 = SURFACE_CURVE('',#2281,(#2300,#2322),.PCURVE_S1.);
#2281 = B_SPLINE_CURVE_WITH_KNOTS('',5,(#2282,#2283,#2284,#2285,#2286,
    #2287,#2288,#2289,#2290,#2291,#2292,#2293,#2294,#2295,#2296,#2297,
    #2298,#2299),.UNSPECIFIED.,.F.,.F.,(6,4,4,4,6),(0.,1.2112747222E-06,
    0.499999992083,0.999998864445,1.),.UNSPECIFIED.);
#2282 = CARTESIAN_POINT('',(112.00000240103,-53.3197899921,4.38748164645
    ));
#2283 = CARTESIAN_POINT('',(112.00000192082,-53.31978998309,
    4.387481755899));
#2284 = CARTESIAN_POINT('',(112.00000144061,-53.31978997409,
    4.387481865348));
#2285 = CARTESIAN_POINT('',(112.00000096041,-53.31978996508,
    4.387481974798));
#2286 = CARTESIAN_POINT('',(112.0000004802,-53.31978995607,
    4.387482084247));
#2287 = CARTESIAN_POINT('',(111.80177699729,-53.31607232172,
    4.432661409009));
#2288 = CARTESIAN_POINT('',(111.60219908328,-53.31325010586,
    4.466373755924));
#2289 = CARTESIAN_POINT('',(111.40175054588,-53.31135790583,
    4.488791257395));
#2290 = CARTESIAN_POINT('',(111.20087933068,-53.31041174104,4.5));
#2291 = CARTESIAN_POINT('',(110.79912063253,-53.31041174104,4.5));
#2292 = CARTESIAN_POINT('',(110.59824938366,-53.31135790618,
    4.488791253401));
#2293 = CARTESIAN_POINT('',(110.39780082294,-53.31325010684,
    4.466373744186));
#2294 = CARTESIAN_POINT('',(110.19822288894,-53.3160723233,4.43266139021
    ));
#2295 = CARTESIAN_POINT('',(109.99999939975,-53.31978995833,
    4.387482056886));
#2296 = CARTESIAN_POINT('',(109.99999894956,-53.31978996677,
    4.387481954279));
#2297 = CARTESIAN_POINT('',(109.99999849937,-53.31978997521,
    4.387481851672));
#2298 = CARTESIAN_POINT('',(109.99999804918,-53.31978998366,
    4.387481749064));
#2299 = CARTESIAN_POINT('',(109.999997599,-53.3197899921,4.387481646457)
  );
#2300 = PCURVE('',#1075,#2301);
#2301 = DEFINITIONAL_REPRESENTATION('',(#2302),#2321);
#2302 = B_SPLINE_CURVE_WITH_KNOTS('',5,(#2303,#2304,#2305,#2306,#2307,
    #2308,#2309,#2310,#2311,#2312,#2313,#2314,#2315,#2316,#2317,#2318,
    #2319,#2320),.UNSPECIFIED.,.F.,.F.,(6,4,4,4,6),(0.,1.2112747222E-06,
    0.499999992083,0.999998864445,1.),.UNSPECIFIED.);
#2303 = CARTESIAN_POINT('',(3.059491446589,1.000002401031));
#2304 = CARTESIAN_POINT('',(3.059491444536,1.000001920825));
#2305 = CARTESIAN_POINT('',(3.059491442483,1.000001440618));
#2306 = CARTESIAN_POINT('',(3.059491440431,1.000000960412));
#2307 = CARTESIAN_POINT('',(3.059491438378,1.000000480206));
#2308 = CARTESIAN_POINT('',(3.05864411087,0.801776997291));
#2309 = CARTESIAN_POINT('',(3.058011769954,0.602199083281));
#2310 = CARTESIAN_POINT('',(3.057591261052,0.401750545881));
#2311 = CARTESIAN_POINT('',(3.05738100677,0.200879330682));
#2312 = CARTESIAN_POINT('',(3.05738100677,-0.200879367465));
#2313 = CARTESIAN_POINT('',(3.057591261127,-0.401750616333));
#2314 = CARTESIAN_POINT('',(3.058011770174,-0.602199177051));
#2315 = CARTESIAN_POINT('',(3.058644111222,-0.801777111059));
#2316 = CARTESIAN_POINT('',(3.059491438891,-1.00000060025));
#2317 = CARTESIAN_POINT('',(3.059491440816,-1.000001050437));
#2318 = CARTESIAN_POINT('',(3.05949144274,-1.000001500624));
#2319 = CARTESIAN_POINT('',(3.059491444664,-1.000001950811));
#2320 = CARTESIAN_POINT('',(3.059491446589,-1.000002400998));
#2321 = ( GEOMETRIC_REPRESENTATION_CONTEXT(2) 
PARAMETRIC_REPRESENTATION_CONTEXT() REPRESENTATION_CONTEXT('2D SPACE',''
  ) );
#2322 = PCURVE('',#1017,#2323);
#2323 = DEFINITIONAL_REPRESENTATION('',(#2324),#2343);
#2324 = B_SPLINE_CURVE_WITH_KNOTS('',5,(#2325,#2326,#2327,#2328,#2329,
    #2330,#2331,#2332,#2333,#2334,#2335,#2336,#2337,#2338,#2339,#2340,
    #2341,#2342),.UNSPECIFIED.,.F.,.F.,(6,4,4,4,6),(0.,1.2112747222E-06,
    0.499999992083,0.999998864445,1.),.UNSPECIFIED.);
#2325 = CARTESIAN_POINT('',(1.346702687248,6.319789992104));
#2326 = CARTESIAN_POINT('',(1.346702796697,6.319789983098));
#2327 = CARTESIAN_POINT('',(1.346702906146,6.319789974092));
#2328 = CARTESIAN_POINT('',(1.346703015595,6.319789965085));
#2329 = CARTESIAN_POINT('',(1.346703125044,6.319789956079));
#2330 = CARTESIAN_POINT('',(1.391882449806,6.316072321724));
#2331 = CARTESIAN_POINT('',(1.436788966481,6.313250105865));
#2332 = CARTESIAN_POINT('',(1.481518437055,6.311357905837));
#2333 = CARTESIAN_POINT('',(1.526156475532,6.310411741047));
#2334 = CARTESIAN_POINT('',(1.615436186232,6.310411741047));
#2335 = CARTESIAN_POINT('',(1.660074232177,6.311357906183));
#2336 = CARTESIAN_POINT('',(1.704803708083,6.313250106844));
#2337 = CARTESIAN_POINT('',(1.749710229362,6.3160723233));
#2338 = CARTESIAN_POINT('',(1.794889555906,6.319789958331));
#2339 = CARTESIAN_POINT('',(1.794889658513,6.319789966774));
#2340 = CARTESIAN_POINT('',(1.79488976112,6.319789975217));
#2341 = CARTESIAN_POINT('',(1.794889863727,6.31978998366));
#2342 = CARTESIAN_POINT('',(1.794889966335,6.319789992103));
#2343 = ( GEOMETRIC_REPRESENTATION_CONTEXT(2) 
PARAMETRIC_REPRESENTATION_CONTEXT() REPRESENTATION_CONTEXT('2D SPACE',''
  ) );
#2344 = ADVANCED_FACE('',(#2345),#1017,.T.);
#2345 = FACE_BOUND('',#2346,.T.);
#2346 = EDGE_LOOP('',(#2347,#2348,#2371,#2398,#2399,#2400,#2401,#2402));
#2347 = ORIENTED_EDGE('',*,*,#1700,.F.);
#2348 = ORIENTED_EDGE('',*,*,#2349,.F.);
#2349 = EDGE_CURVE('',#2350,#1701,#2352,.T.);
#2350 = VERTEX_POINT('',#2351);
#2351 = CARTESIAN_POINT('',(115.5,-47.,-2.101382841395E-15));
#2352 = SEAM_CURVE('',#2353,(#2357,#2364),.PCURVE_S1.);
#2353 = LINE('',#2354,#2355);
#2354 = CARTESIAN_POINT('',(115.5,-47.,-2.101382841395E-15));
#2355 = VECTOR('',#2356,1.);
#2356 = DIRECTION('',(0.,-1.,2.22044604925E-16));
#2357 = PCURVE('',#1017,#2358);
#2358 = DEFINITIONAL_REPRESENTATION('',(#2359),#2363);
#2359 = LINE('',#2360,#2361);
#2360 = CARTESIAN_POINT('',(6.28318530718,-0.));
#2361 = VECTOR('',#2362,1.);
#2362 = DIRECTION('',(0.,1.));
#2363 = ( GEOMETRIC_REPRESENTATION_CONTEXT(2) 
PARAMETRIC_REPRESENTATION_CONTEXT() REPRESENTATION_CONTEXT('2D SPACE',''
  ) );
#2364 = PCURVE('',#1017,#2365);
#2365 = DEFINITIONAL_REPRESENTATION('',(#2366),#2370);
#2366 = LINE('',#2367,#2368);
#2367 = CARTESIAN_POINT('',(0.,-0.));
#2368 = VECTOR('',#2369,1.);
#2369 = DIRECTION('',(0.,1.));
#2370 = ( GEOMETRIC_REPRESENTATION_CONTEXT(2) 
PARAMETRIC_REPRESENTATION_CONTEXT() REPRESENTATION_CONTEXT('2D SPACE',''
  ) );
#2371 = ORIENTED_EDGE('',*,*,#2372,.T.);
#2372 = EDGE_CURVE('',#2350,#2350,#2373,.T.);
#2373 = SURFACE_CURVE('',#2374,(#2379,#2386),.PCURVE_S1.);
#2374 = CIRCLE('',#2375,4.5);
#2375 = AXIS2_PLACEMENT_3D('',#2376,#2377,#2378);
#2376 = CARTESIAN_POINT('',(111.,-47.,-9.992007221626E-16));
#2377 = DIRECTION('',(0.,-1.,2.22044604925E-16));
#2378 = DIRECTION('',(1.,0.,0.));
#2379 = PCURVE('',#1017,#2380);
#2380 = DEFINITIONAL_REPRESENTATION('',(#2381),#2385);
#2381 = LINE('',#2382,#2383);
#2382 = CARTESIAN_POINT('',(0.,0.));
#2383 = VECTOR('',#2384,1.);
#2384 = DIRECTION('',(1.,0.));
#2385 = ( GEOMETRIC_REPRESENTATION_CONTEXT(2) 
PARAMETRIC_REPRESENTATION_CONTEXT() REPRESENTATION_CONTEXT('2D SPACE',''
  ) );
#2386 = PCURVE('',#2387,#2392);
#2387 = PLANE('',#2388);
#2388 = AXIS2_PLACEMENT_3D('',#2389,#2390,#2391);
#2389 = CARTESIAN_POINT('',(111.,-47.,-9.992007221626E-16));
#2390 = DIRECTION('',(0.,-1.,2.22044604925E-16));
#2391 = DIRECTION('',(1.,0.,0.));
#2392 = DEFINITIONAL_REPRESENTATION('',(#2393),#2397);
#2393 = CIRCLE('',#2394,4.5);
#2394 = AXIS2_PLACEMENT_2D('',#2395,#2396);
#2395 = CARTESIAN_POINT('',(0.,0.));
#2396 = DIRECTION('',(1.,0.));
#2397 = ( GEOMETRIC_REPRESENTATION_CONTEXT(2) 
PARAMETRIC_REPRESENTATION_CONTEXT() REPRESENTATION_CONTEXT('2D SPACE',''
  ) );
#2398 = ORIENTED_EDGE('',*,*,#2349,.T.);
#2399 = ORIENTED_EDGE('',*,*,#1724,.F.);
#2400 = ORIENTED_EDGE('',*,*,#943,.T.);
#2401 = ORIENTED_EDGE('',*,*,#2279,.F.);
#2402 = ORIENTED_EDGE('',*,*,#2007,.T.);
#2403 = ADVANCED_FACE('',(#2404),#1589,.F.);
#2404 = FACE_BOUND('',#2405,.F.);
#2405 = EDGE_LOOP('',(#2406));
#2406 = ORIENTED_EDGE('',*,*,#1574,.T.);
#2407 = ADVANCED_FACE('',(#2408),#2214,.T.);
#2408 = FACE_BOUND('',#2409,.T.);
#2409 = EDGE_LOOP('',(#2410));
#2410 = ORIENTED_EDGE('',*,*,#2199,.T.);
#2411 = ADVANCED_FACE('',(#2412),#2387,.F.);
#2412 = FACE_BOUND('',#2413,.T.);
#2413 = EDGE_LOOP('',(#2414));
#2414 = ORIENTED_EDGE('',*,*,#2372,.F.);
#2415 = ( GEOMETRIC_REPRESENTATION_CONTEXT(3) 
GLOBAL_UNCERTAINTY_ASSIGNED_CONTEXT((#2419)) 
GLOBAL_UNIT_ASSIGNED_CONTEXT((#2416,#2417,#2418)) REPRESENTATION_CONTEXT
('Context #1','3D Context with UNIT and UNCERTAINTY') );
#2416 = ( LENGTH_UNIT() NAMED_UNIT(*) SI_UNIT(.MILLI.,.METRE.) );
#2417 = ( NAMED_UNIT(*) PLANE_ANGLE_UNIT() SI_UNIT($,.RADIAN.) );
#2418 = ( NAMED_UNIT(*) SI_UNIT($,.STERADIAN.) SOLID_ANGLE_UNIT() );
#2419 = UNCERTAINTY_MEASURE_WITH_UNIT(LENGTH_MEASURE(2.E-07),#2416,
  'distance_accuracy_value','confusion accuracy');
#2420 = PRODUCT_RELATED_PRODUCT_CATEGORY('part',$,(#7));
ENDSEC;
END-ISO-10303-21;
