ISO-10303-21;
HEADER;
FILE_DESCRIPTION(('Open CASCADE Model'),'2;1');
FILE_NAME('Open CASCADE Shape Model','2026-10-06T00:53:43',('Author'),(
    'Open CASCADE'),'Open CASCADE STEP processor 8.0','build123d',
  'Unknown');
FILE_SCHEMA(('AUTOMOTIVE_DESIGN { 1 0 10303 214 1 1 1 1 }'));
ENDSEC;
DATA;
#1 = APPLICATION_PROTOCOL_DEFINITION('international standard',
  'automotive_design',2000,#2);
#2 = APPLICATION_CONTEXT(
  'core data for automotive mechanical design processes');
#3 = SHAPE_DEFINITION_REPRESENTATION(#4,#10);
#4 = PRODUCT_DEFINITION_SHAPE('','',#5);
#5 = PRODUCT_DEFINITION('design','',#6,#9);
#6 = PRODUCT_DEFINITION_FORMATION('','',#7);
#7 = PRODUCT('COMPOUND','COMPOUND','',(#8));
#8 = PRODUCT_CONTEXT('',#2,'mechanical');
#9 = PRODUCT_DEFINITION_CONTEXT('part definition',#2,'design');
#10 = ADVANCED_BREP_SHAPE_REPRESENTATION('',(#11,#15),#1718);
#11 = AXIS2_PLACEMENT_3D('',#12,#13,#14);
#12 = CARTESIAN_POINT('',(0.,0.,0.));
#13 = DIRECTION('',(0.,0.,1.));
#14 = DIRECTION('',(1.,0.,-0.));
#15 = MANIFOLD_SOLID_BREP('',#16);
#16 = CLOSED_SHELL('',(#17,#1686,#1712));
#17 = ADVANCED_FACE('',(#18),#46,.F.);
#18 = FACE_BOUND('',#19,.F.);
#19 = EDGE_LOOP('',(#20,#341,#377,#378,#451,#1043,#1079,#1080));
#20 = ORIENTED_EDGE('',*,*,#21,.F.);
#21 = EDGE_CURVE('',#22,#24,#26,.T.);
#22 = VERTEX_POINT('',#23);
#23 = CARTESIAN_POINT('',(3.2,6.718825806121E-16,-8.));
#24 = VERTEX_POINT('',#25);
#25 = CARTESIAN_POINT('',(1.475,-3.278623954429,-8.));
#26 = SURFACE_CURVE('',#27,(#45,#315),.PCURVE_S1.);
#27 = B_SPLINE_CURVE_WITH_KNOTS('',6,(#28,#29,#30,#31,#32,#33,#34,#35,
    #36,#37,#38,#39,#40,#41,#42,#43,#44),.UNSPECIFIED.,.F.,.F.,(7,5,5,7)
  ,(0.,7.302348795486E-02,0.112399717763,0.139027795289),.UNSPECIFIED.);
#28 = CARTESIAN_POINT('',(3.2,-7.105427357601E-15,-8.));
#29 = CARTESIAN_POINT('',(3.2,-0.336641467547,-8.));
#30 = CARTESIAN_POINT('',(3.164536089826,-0.673408972691,-8.));
#31 = CARTESIAN_POINT('',(3.093565045908,-1.005303409261,-8.));
#32 = CARTESIAN_POINT('',(2.988471686307,-1.327932777728,-8.));
#33 = CARTESIAN_POINT('',(2.851404252285,-1.637377475745,-8.));
#34 = CARTESIAN_POINT('',(2.595928620615,-2.088152286721,-8.));
#35 = CARTESIAN_POINT('',(2.497997235743,-2.241292439436,-8.));
#36 = CARTESIAN_POINT('',(2.392080323234,-2.389161289077,-8.));
#37 = CARTESIAN_POINT('',(2.278660034693,-2.531338709241,-8.));
#38 = CARTESIAN_POINT('',(2.158239633507,-2.667468829519,-8.));
#39 = CARTESIAN_POINT('',(1.945506450729,-2.885013926385,-8.));
#40 = CARTESIAN_POINT('',(1.856715190088,-2.969875050527,-8.));
#41 = CARTESIAN_POINT('',(1.765112160732,-3.051741443432,-8.));
#42 = CARTESIAN_POINT('',(1.670854518974,-3.130533163053,-8.));
#43 = CARTESIAN_POINT('',(1.574098831384,-3.206180762443,-8.));
#44 = CARTESIAN_POINT('',(1.475000002244,-3.278623957499,-8.));
#45 = PCURVE('',#46,#287);
#46 = ( BOUNDED_SURFACE() B_SPLINE_SURFACE(14,3,(
    (#47,#48,#49,#50,#51,#52,#53,#54,#55,#56,#57,#58,#59,#60,#61,#62)
    ,(#63,#64,#65,#66,#67,#68,#69,#70,#71,#72,#73,#74,#75,#76,#77,#78)
    ,(#79,#80,#81,#82,#83,#84,#85,#86,#87,#88,#89,#90,#91,#92,#93,#94)
    ,(#95,#96,#97,#98,#99,#100,#101,#102,#103,#104,#105,#106,#107,#108
      ,#109,#110)
    ,(#111,#112,#113,#114,#115,#116,#117,#118,#119,#120,#121,#122,#123
      ,#124,#125,#126)
    ,(#127,#128,#129,#130,#131,#132,#133,#134,#135,#136,#137,#138,#139
      ,#140,#141,#142)
    ,(#143,#144,#145,#146,#147,#148,#149,#150,#151,#152,#153,#154,#155
      ,#156,#157,#158)
    ,(#159,#160,#161,#162,#163,#164,#165,#166,#167,#168,#169,#170,#171
      ,#172,#173,#174)
    ,(#175,#176,#177,#178,#179,#180,#181,#182,#183,#184,#185,#186,#187
      ,#188,#189,#190)
    ,(#191,#192,#193,#194,#195,#196,#197,#198,#199,#200,#201,#202,#203
      ,#204,#205,#206)
    ,(#207,#208,#209,#210,#211,#212,#213,#214,#215,#216,#217,#218,#219
      ,#220,#221,#222)
    ,(#223,#224,#225,#226,#227,#228,#229,#230,#231,#232,#233,#234,#235
      ,#236,#237,#238)
    ,(#239,#240,#241,#242,#243,#244,#245,#246,#247,#248,#249,#250,#251
      ,#252,#253,#254)
    ,(#255,#256,#257,#258,#259,#260,#261,#262,#263,#264,#265,#266,#267
      ,#268,#269,#270)
    ,(#271,#272,#273,#274,#275,#276,#277,#278,#279,#280,#281,#282,#283
      ,#284,#285,#286
)),.UNSPECIFIED.,.T.,.F.,.F.) B_SPLINE_SURFACE_WITH_KNOTS((1,14,14,1),(4
    ,1,1,1,1,1,1,1,1,1,1,1,1,4),(-1.,0.,1.,2.),(0.,3.142104686045E-02,
    8.182743732441E-02,0.165012827958,0.275119682777,0.368532333937,
    0.460461739274,0.555375670284,0.658391979945,0.764671725459,
    0.830566078559,0.884453584463,0.92477443307,1.),.UNSPECIFIED.) 
GEOMETRIC_REPRESENTATION_ITEM() RATIONAL_B_SPLINE_SURFACE((
    (1.,1.,1.,1.,1.,1.,1.,1.,1.,1.,1.,1.,1.000000000001,0.999999999995
      ,1.000000000019,1.)
    ,(1.,1.,1.,1.,1.,1.,1.,1.,1.,1.,1.,1.,1.000000000001,0.999999999995
      ,1.000000000019,1.)
    ,(1.,1.,1.,1.,1.,1.,1.,1.,1.,1.,1.,1.,1.000000000001,0.999999999995
      ,1.000000000019,1.)
    ,(1.,1.,1.,1.,1.,1.,1.,1.,1.,1.,1.,1.,1.000000000001,0.999999999995
      ,1.000000000019,1.)
    ,(1.,1.,1.,1.,1.,1.,1.,1.,1.,1.,1.,1.,1.000000000001,0.999999999995
      ,1.000000000019,1.)
    ,(1.,1.,1.,1.,1.,1.,1.,1.,1.,1.,1.,1.,1.000000000001,0.999999999995
      ,1.000000000019,1.)
    ,(1.,1.,1.,1.,1.,1.,1.,1.,1.,1.,1.,1.,1.000000000001,0.999999999995
      ,1.000000000019,1.)
    ,(1.,1.,1.,1.,1.,1.,1.,1.,1.,1.,1.,1.,1.000000000001,0.999999999995
      ,1.000000000019,1.)
    ,(1.,1.,1.,1.,1.,1.,1.,1.,1.,1.,1.,1.,1.000000000001,0.999999999995
      ,1.000000000019,1.)
    ,(1.,1.,1.,1.,1.,1.,1.,1.,1.,1.,1.,1.,1.000000000001,0.999999999995
      ,1.000000000019,1.)
    ,(1.,1.,1.,1.,1.,1.,1.,1.,1.,1.,1.,1.,1.000000000001,0.999999999995
      ,1.000000000019,1.)
    ,(1.,1.,1.,1.,1.,1.,1.,1.,1.,1.,1.,1.,1.000000000001,0.999999999995
      ,1.000000000019,1.)
    ,(1.,1.,1.,1.,1.,1.,1.,1.,1.,1.,1.,1.,1.000000000001,0.999999999995
      ,1.000000000019,1.)
    ,(1.,1.,1.,1.,1.,1.,1.,1.,1.,1.,1.,1.,1.000000000001,0.999999999995
      ,1.000000000019,1.)
    ,(1.,1.,1.,1.,1.,1.,1.,1.,1.,1.,1.,1.,1.000000000001,0.999999999995
,1.000000000019,1.))) REPRESENTATION_ITEM('') SURFACE() );
#47 = CARTESIAN_POINT('',(0.55,0.,10.5));
#48 = CARTESIAN_POINT('',(0.880428580103,2.532887827526E-16,
    10.465116992243));
#49 = CARTESIAN_POINT('',(1.754637361142,-2.829592331268E-16,
    10.365009307008));
#50 = CARTESIAN_POINT('',(3.492860183848,-3.19821723762E-15,
    10.050493190363));
#51 = CARTESIAN_POINT('',(6.091076998798,-3.617703038949E-15,
    9.419808591729));
#52 = CARTESIAN_POINT('',(9.115365085466,1.60636131396E-15,7.96121340119
    ));
#53 = CARTESIAN_POINT('',(10.786306374138,2.034012552448E-15,
    4.591866333575));
#54 = CARTESIAN_POINT('',(10.617077408864,-1.681976227642E-15,
    0.949616477242));
#55 = CARTESIAN_POINT('',(9.680209492221,-9.013812239925E-15,
    -2.743129938689));
#56 = CARTESIAN_POINT('',(6.649048716233,2.95844549684E-15,
    -5.683578085262));
#57 = CARTESIAN_POINT('',(3.464360043504,2.855873173277E-15,
    -7.518394899904));
#58 = CARTESIAN_POINT('',(1.547749871981,-4.702173655347E-15,
    -9.757327463711));
#59 = CARTESIAN_POINT('',(1.31239585948,-1.012744022804E-15,
    -11.88958396732));
#60 = CARTESIAN_POINT('',(0.555126940441,-4.168377584971E-16,
    -13.75987572961));
#61 = CARTESIAN_POINT('',(-2.516326323117,-2.252046314611E-14,
    -13.60165756609));
#62 = CARTESIAN_POINT('',(-2.,0.,-13.9));
#63 = CARTESIAN_POINT('',(0.55,0.,10.5));
#64 = CARTESIAN_POINT('',(0.880428580101,0.1284004816,10.465116992243));
#65 = CARTESIAN_POINT('',(1.754637361144,0.458469795209,10.365009307008)
  );
#66 = CARTESIAN_POINT('',(3.492860183847,1.118491688946,10.050493190363)
  );
#67 = CARTESIAN_POINT('',(6.091076998799,2.092937305514,9.419808591729)
  );
#68 = CARTESIAN_POINT('',(9.115365085468,3.154658776638,7.96121340119));
#69 = CARTESIAN_POINT('',(10.786306374139,3.877335955514,4.591866333575)
  );
#70 = CARTESIAN_POINT('',(10.617077408866,3.901781248168,0.949616477242)
  );
#71 = CARTESIAN_POINT('',(9.680209492221,3.658868771364,-2.743129938689)
  );
#72 = CARTESIAN_POINT('',(6.649048716236,2.90085640478,-5.683578085262)
  );
#73 = CARTESIAN_POINT('',(3.464360043504,2.016109062591,-7.518394899904)
  );
#74 = CARTESIAN_POINT('',(1.547749871982,1.284788476469,-9.757327463711)
  );
#75 = CARTESIAN_POINT('',(1.312395859478,1.210506032656,-11.88958396732)
  );
#76 = CARTESIAN_POINT('',(0.55512694045,0.926673433812,-13.75987572961)
  );
#77 = CARTESIAN_POINT('',(-2.516326323155,-0.354391474902,
    -13.60165756609));
#78 = CARTESIAN_POINT('',(-2.,0.,-13.9));
#79 = CARTESIAN_POINT('',(0.55,0.,10.5));
#80 = CARTESIAN_POINT('',(0.809796920456,0.256801010593,10.465116992243)
  );
#81 = CARTESIAN_POINT('',(1.492836018661,0.916939759654,10.365009307008)
  );
#82 = CARTESIAN_POINT('',(2.85281169149,2.236983790758,10.050493190363)
  );
#83 = CARTESIAN_POINT('',(4.904345151263,4.185875383569,9.419808591729)
  );
#84 = CARTESIAN_POINT('',(7.272540216711,6.309318717722,7.96121340119));
#85 = CARTESIAN_POINT('',(8.559741624217,7.754673342236,4.591866333575)
  );
#86 = CARTESIAN_POINT('',(8.379787388593,7.803563936558,0.949616477242)
  );
#87 = CARTESIAN_POINT('',(7.589791867843,7.317738893295,-2.743129938689)
  );
#88 = CARTESIAN_POINT('',(5.083915594567,5.801713880325,-5.683578085262)
  );
#89 = CARTESIAN_POINT('',(2.42316560312,4.032218869364,-7.518394899904)
  );
#90 = CARTESIAN_POINT('',(0.821515314841,2.569577427193,-9.757327463711)
  );
#91 = CARTESIAN_POINT('',(0.589723190764,2.421012512141,-11.88958396732)
  );
#92 = CARTESIAN_POINT('',(-8.539736508337E-03,1.853347209687,
    -13.75987572961));
#93 = CARTESIAN_POINT('',(-2.348869901145,-0.708783080631,
    -13.60165756609));
#94 = CARTESIAN_POINT('',(-2.,0.,-13.9));
#95 = CARTESIAN_POINT('',(0.55,0.,10.5));
#96 = CARTESIAN_POINT('',(0.668531079935,0.352707147927,10.465116992243)
  );
#97 = CARTESIAN_POINT('',(0.969250782633,1.259384480965,10.365009307008)
  );
#98 = CARTESIAN_POINT('',(1.572759056153,3.072418488351,10.050493190363)
  );
#99 = CARTESIAN_POINT('',(2.530860113682,5.749152484553,9.419808591729)
  );
#100 = CARTESIAN_POINT('',(3.586893108719,8.665627152726,7.96121340119)
  );
#101 = CARTESIAN_POINT('',(4.106607939361,10.650770848855,4.591866333575
    ));
#102 = CARTESIAN_POINT('',(3.905205307794,10.717920359094,0.949616477242
    ));
#103 = CARTESIAN_POINT('',(3.408951892094,10.050656764577,
    -2.743129938689));
#104 = CARTESIAN_POINT('',(1.953655474418,7.968449777692,-5.683578085262
    ));
#105 = CARTESIAN_POINT('',(0.340749224272,5.538110671441,-7.518394899904
    ));
#106 = CARTESIAN_POINT('',(-0.630901556368,3.529224139737,
    -9.757327463711));
#107 = CARTESIAN_POINT('',(-0.855579881553,3.325175458834,
    -11.88958396732));
#108 = CARTESIAN_POINT('',(-1.135860835517,2.545507149374,
    -13.75987572961));
#109 = CARTESIAN_POINT('',(-2.013883364049,-0.973488610102,
    -13.60165756609));
#110 = CARTESIAN_POINT('',(-2.,0.,-13.9));
#111 = CARTESIAN_POINT('',(0.55,0.,10.5));
#112 = CARTESIAN_POINT('',(0.477768048495,0.383628118743,10.465116992243
    ));
#113 = CARTESIAN_POINT('',(0.262095826295,1.369791630434,10.365009307008
    ));
#114 = CARTESIAN_POINT('',(-0.156089039095,3.341769883727,
    10.050493190363));
#115 = CARTESIAN_POINT('',(-0.674344018859,6.253166585962,9.419808591729
    ));
#116 = CARTESIAN_POINT('',(-1.390434754326,9.425321437129,7.96121340119)
  );
#117 = CARTESIAN_POINT('',(-1.907150314674,11.584497813582,
    4.591866333575));
#118 = CARTESIAN_POINT('',(-2.137527274737,11.657534156681,
    0.949616477242));
#119 = CARTESIAN_POINT('',(-2.237082462337,10.931773199014,
    -2.743129938689));
#120 = CARTESIAN_POINT('',(-2.273659719907,8.667024231126,
    -5.683578085262));
#121 = CARTESIAN_POINT('',(-2.471352275863,6.02362325457,-7.518394899904
    ));
#122 = CARTESIAN_POINT('',(-2.592554192679,3.838622566505,
    -9.757327463711));
#123 = CARTESIAN_POINT('',(-2.807583093516,3.616685438042,
    -11.88958396732));
#124 = CARTESIAN_POINT('',(-2.658314404656,2.768665519633,
    -13.75987572961));
#125 = CARTESIAN_POINT('',(-1.561811750668,-1.058831969586,
    -13.60165756609));
#126 = CARTESIAN_POINT('',(-2.,0.,-13.9));
#127 = CARTESIAN_POINT('',(0.55,0.,10.5));
#128 = CARTESIAN_POINT('',(0.279716826609,0.328719980595,10.465116992243
    ));
#129 = CARTESIAN_POINT('',(-0.471769311271,1.173735334178,
    10.365009307008));
#130 = CARTESIAN_POINT('',(-1.9502186546,2.863467190252,10.050493190363)
  );
#131 = CARTESIAN_POINT('',(-4.00176364146,5.35815989064,9.419808591729)
  );
#132 = CARTESIAN_POINT('',(-6.557139912794,8.076288802847,7.96121340119)
  );
#133 = CARTESIAN_POINT('',(-8.149804302449,9.926425385263,4.591866333575
    ));
#134 = CARTESIAN_POINT('',(-8.410233607911,9.989008142216,0.949616477242
    ));
#135 = CARTESIAN_POINT('',(-8.098025380668,9.367124301347,
    -2.743129938689));
#136 = CARTESIAN_POINT('',(-6.661771170931,7.426525579883,
    -5.683578085262));
#137 = CARTESIAN_POINT('',(-5.390780650644,5.16147076449,-7.518394899904
    ));
#138 = CARTESIAN_POINT('',(-4.628257060397,3.289206066652,
    -9.757327463711));
#139 = CARTESIAN_POINT('',(-4.833383659558,3.099034478642,
    -11.88958396732));
#140 = CARTESIAN_POINT('',(-4.238563069039,2.372390425494,
    -13.75987572961));
#141 = CARTESIAN_POINT('',(-1.091692654568,-0.907282880242,
    -13.60165756609));
#142 = CARTESIAN_POINT('',(-2.,0.,-13.9));
#143 = CARTESIAN_POINT('',(0.55,0.,10.5));
#144 = CARTESIAN_POINT('',(0.128577898003,0.190508436088,10.465116992243
    ));
#145 = CARTESIAN_POINT('',(-1.032366741054,0.680233925879,
    10.365009307008));
#146 = CARTESIAN_POINT('',(-3.32078451749,1.659511707395,10.050493190363
    ));
#147 = CARTESIAN_POINT('',(-6.541460346745,3.10530153732,9.419808591729)
  );
#148 = CARTESIAN_POINT('',(-10.50144653015,4.680582988839,7.96121340119)
  );
#149 = CARTESIAN_POINT('',(-12.91534480933,5.752822729978,4.591866333575
    ));
#150 = CARTESIAN_POINT('',(-13.19876104453,5.789092332765,0.949616477242
    ));
#151 = CARTESIAN_POINT('',(-12.57215711336,5.428681877312,
    -2.743129938689));
#152 = CARTESIAN_POINT('',(-10.0117744162,4.304015141653,-5.683578085262
    ));
#153 = CARTESIAN_POINT('',(-7.618888476969,2.99131108944,-7.518394899904
    ));
#154 = CARTESIAN_POINT('',(-6.183405166107,1.906247081942,
    -9.757327463711));
#155 = CARTESIAN_POINT('',(-6.380762853182,1.796033848894,
    -11.88958396732));
#156 = CARTESIAN_POINT('',(-5.445178767023,1.374910003791,
    -13.75987572961));
#157 = CARTESIAN_POINT('',(-0.734352161865,-0.525812401858,
    -13.60165756609));
#158 = CARTESIAN_POINT('',(-2.,0.,-13.9));
#159 = CARTESIAN_POINT('',(0.55,0.,10.5));
#160 = CARTESIAN_POINT('',(7.161565741983E-02,9.015900682722E-12,
    10.465116992243));
#161 = CARTESIAN_POINT('',(-1.242970947192,-4.204602596538E-12,
    10.365009307008));
#162 = CARTESIAN_POINT('',(-3.835633455447,-1.48488667284E-11,
    10.050493190363));
#163 = CARTESIAN_POINT('',(-7.498106630689,1.29726159423E-10,
    9.419808591729));
#164 = CARTESIAN_POINT('',(-11.98627324378,1.563827456763E-10,
    7.96121340119));
#165 = CARTESIAN_POINT('',(-14.70950955377,1.38096584355E-10,
    4.591866333575));
#166 = CARTESIAN_POINT('',(-15.0015253473,1.981667712226E-10,
    0.949616477242));
#167 = CARTESIAN_POINT('',(-14.25663036828,1.174761179146E-10,
    -2.743129938689));
#168 = CARTESIAN_POINT('',(-11.27277842969,9.835356228319E-11,
    -5.683578085262));
#169 = CARTESIAN_POINT('',(-8.458388070875,1.157271469937E-10,
    -7.518394899904));
#170 = CARTESIAN_POINT('',(-6.767543310699,-1.738539574267E-11,
    -9.757327463711));
#171 = CARTESIAN_POINT('',(-6.962228499029,-4.231819228715E-12,
    -11.88958396732));
#172 = CARTESIAN_POINT('',(-5.89911750041,2.579104040796E-11,
    -13.75987572961));
#173 = CARTESIAN_POINT('',(-0.597963176047,-1.1422344526E-10,
    -13.60165756609));
#174 = CARTESIAN_POINT('',(-2.,0.,-13.9));
#175 = CARTESIAN_POINT('',(0.55,0.,10.5));
#176 = CARTESIAN_POINT('',(0.128577897998,-0.190508436105,
    10.465116992243));
#177 = CARTESIAN_POINT('',(-1.032366741051,-0.68023392587,
    10.365009307008));
#178 = CARTESIAN_POINT('',(-3.320784517488,-1.659511707369,
    10.050493190363));
#179 = CARTESIAN_POINT('',(-6.541460346753,-3.105301537557,
    9.419808591729));
#180 = CARTESIAN_POINT('',(-10.50144653014,-4.680582989126,7.96121340119
    ));
#181 = CARTESIAN_POINT('',(-12.91534480933,-5.75282273023,4.591866333575
    ));
#182 = CARTESIAN_POINT('',(-13.19876104453,-5.789092333127,
    0.949616477242));
#183 = CARTESIAN_POINT('',(-12.57215711336,-5.428681877527,
    -2.743129938689));
#184 = CARTESIAN_POINT('',(-10.0117744162,-4.304015141835,
    -5.683578085262));
#185 = CARTESIAN_POINT('',(-7.618888476963,-2.991311089649,
    -7.518394899904));
#186 = CARTESIAN_POINT('',(-6.183405166111,-1.906247081914,
    -9.757327463711));
#187 = CARTESIAN_POINT('',(-6.380762853171,-1.796033848879,
    -11.88958396732));
#188 = CARTESIAN_POINT('',(-5.445178767046,-1.374910003867,
    -13.75987572961));
#189 = CARTESIAN_POINT('',(-0.734352161792,0.525812402187,
    -13.60165756609));
#190 = CARTESIAN_POINT('',(-2.,0.,-13.9));
#191 = CARTESIAN_POINT('',(0.55,0.,10.5));
#192 = CARTESIAN_POINT('',(0.279716826611,-0.328719980581,
    10.465116992243));
#193 = CARTESIAN_POINT('',(-0.471769311273,-1.173735334186,
    10.365009307008));
#194 = CARTESIAN_POINT('',(-1.950218654605,-2.86346719027,
    10.050493190363));
#195 = CARTESIAN_POINT('',(-4.001763641447,-5.358159890461,
    9.419808591729));
#196 = CARTESIAN_POINT('',(-6.557139912797,-8.076288802626,7.96121340119
    ));
#197 = CARTESIAN_POINT('',(-8.149804302457,-9.926425385072,
    4.591866333575));
#198 = CARTESIAN_POINT('',(-8.410233607905,-9.989008141942,
    0.949616477242));
#199 = CARTESIAN_POINT('',(-8.098025380668,-9.367124301183,
    -2.743129938689));
#200 = CARTESIAN_POINT('',(-6.661771170932,-7.426525579743,
    -5.683578085262));
#201 = CARTESIAN_POINT('',(-5.390780650648,-5.161470764334,
    -7.518394899904));
#202 = CARTESIAN_POINT('',(-4.628257060399,-3.289206066668,
    -9.757327463711));
#203 = CARTESIAN_POINT('',(-4.833383659553,-3.099034478668,
    -11.88958396732));
#204 = CARTESIAN_POINT('',(-4.238563069088,-2.37239042538,
    -13.75987572961));
#205 = CARTESIAN_POINT('',(-1.091692654329,0.907282879756,
    -13.60165756609));
#206 = CARTESIAN_POINT('',(-2.,0.,-13.9));
#207 = CARTESIAN_POINT('',(0.55,0.,10.5));
#208 = CARTESIAN_POINT('',(0.477768048494,-0.383628118754,
    10.465116992243));
#209 = CARTESIAN_POINT('',(0.262095826297,-1.369791630428,
    10.365009307008));
#210 = CARTESIAN_POINT('',(-0.156089039091,-3.341769883718,
    10.050493190363));
#211 = CARTESIAN_POINT('',(-0.67434401887,-6.253166586072,9.419808591729
    ));
#212 = CARTESIAN_POINT('',(-1.390434754324,-9.425321437268,7.96121340119
    ));
#213 = CARTESIAN_POINT('',(-1.907150314668,-11.58449781369,
    4.591866333575));
#214 = CARTESIAN_POINT('',(-2.137527274742,-11.65753415685,
    0.949616477242));
#215 = CARTESIAN_POINT('',(-2.237082462337,-10.93177319911,
    -2.743129938689));
#216 = CARTESIAN_POINT('',(-2.273659719907,-8.667024231214,
    -5.683578085262));
#217 = CARTESIAN_POINT('',(-2.471352275857,-6.02362325467,
    -7.518394899904));
#218 = CARTESIAN_POINT('',(-2.59255419268,-3.838622566488,
    -9.757327463711));
#219 = CARTESIAN_POINT('',(-2.807583093512,-3.616685438046,
    -11.88958396732));
#220 = CARTESIAN_POINT('',(-2.658314404645,-2.768665519631,
    -13.75987572961));
#221 = CARTESIAN_POINT('',(-1.561811750746,1.05883196959,-13.60165756609
    ));
#222 = CARTESIAN_POINT('',(-2.,0.,-13.9));
#223 = CARTESIAN_POINT('',(0.55,0.,10.5));
#224 = CARTESIAN_POINT('',(0.668531079934,-0.35270714792,10.465116992243
    ));
#225 = CARTESIAN_POINT('',(0.969250782634,-1.25938448097,10.365009307008
    ));
#226 = CARTESIAN_POINT('',(1.57275905615,-3.072418488355,10.050493190363
    ));
#227 = CARTESIAN_POINT('',(2.530860113688,-5.749152484499,9.419808591729
    ));
#228 = CARTESIAN_POINT('',(3.586893108718,-8.665627152657,7.96121340119)
  );
#229 = CARTESIAN_POINT('',(4.106607939358,-10.65077084879,4.591866333575
    ));
#230 = CARTESIAN_POINT('',(3.905205307797,-10.71792035901,0.949616477242
    ));
#231 = CARTESIAN_POINT('',(3.408951892093,-10.05065676452,
    -2.743129938689));
#232 = CARTESIAN_POINT('',(1.953655474419,-7.968449777647,
    -5.683578085262));
#233 = CARTESIAN_POINT('',(0.340749224268,-5.538110671395,
    -7.518394899904));
#234 = CARTESIAN_POINT('',(-0.630901556367,-3.529224139739,
    -9.757327463711));
#235 = CARTESIAN_POINT('',(-0.855579881558,-3.325175458845,
    -11.88958396732));
#236 = CARTESIAN_POINT('',(-1.135860835514,-2.545507149324,
    -13.75987572961));
#237 = CARTESIAN_POINT('',(-2.013883364042,0.973488609887,
    -13.60165756609));
#238 = CARTESIAN_POINT('',(-2.,0.,-13.9));
#239 = CARTESIAN_POINT('',(0.55,0.,10.5));
#240 = CARTESIAN_POINT('',(0.809796920455,-0.256801010597,
    10.465116992243));
#241 = CARTESIAN_POINT('',(1.492836018661,-0.916939759651,
    10.365009307008));
#242 = CARTESIAN_POINT('',(2.852811691491,-2.236983790758,
    10.050493190363));
#243 = CARTESIAN_POINT('',(4.904345151261,-4.185875383588,9.419808591729
    ));
#244 = CARTESIAN_POINT('',(7.272540216711,-6.309318717747,7.96121340119)
  );
#245 = CARTESIAN_POINT('',(8.559741624218,-7.754673342257,4.591866333575
    ));
#246 = CARTESIAN_POINT('',(8.379787388592,-7.803563936588,0.949616477242
    ));
#247 = CARTESIAN_POINT('',(7.589791867844,-7.317738893314,
    -2.743129938689));
#248 = CARTESIAN_POINT('',(5.083915594567,-5.801713880341,
    -5.683578085262));
#249 = CARTESIAN_POINT('',(2.42316560312,-4.032218869382,-7.518394899904
    ));
#250 = CARTESIAN_POINT('',(0.821515314843,-2.56957742719,-9.757327463711
    ));
#251 = CARTESIAN_POINT('',(0.589723190758,-2.421012512146,
    -11.88958396732));
#252 = CARTESIAN_POINT('',(-8.539736479852E-03,-1.853347209674,
    -13.75987572961));
#253 = CARTESIAN_POINT('',(-2.348869901274,0.708783080581,
    -13.60165756609));
#254 = CARTESIAN_POINT('',(-2.,0.,-13.9));
#255 = CARTESIAN_POINT('',(0.55,0.,10.5));
#256 = CARTESIAN_POINT('',(0.880428580101,-0.1284004816,10.465116992243)
  );
#257 = CARTESIAN_POINT('',(1.754637361144,-0.458469795209,
    10.365009307008));
#258 = CARTESIAN_POINT('',(3.492860183847,-1.118491688946,
    10.050493190363));
#259 = CARTESIAN_POINT('',(6.091076998799,-2.09293730551,9.419808591729)
  );
#260 = CARTESIAN_POINT('',(9.115365085468,-3.154658776633,7.96121340119)
  );
#261 = CARTESIAN_POINT('',(10.786306374139,-3.87733595551,4.591866333575
    ));
#262 = CARTESIAN_POINT('',(10.617077408866,-3.901781248162,
    0.949616477242));
#263 = CARTESIAN_POINT('',(9.680209492221,-3.65886877136,-2.743129938689
    ));
#264 = CARTESIAN_POINT('',(6.649048716236,-2.900856404776,
    -5.683578085262));
#265 = CARTESIAN_POINT('',(3.464360043504,-2.016109062586,
    -7.518394899904));
#266 = CARTESIAN_POINT('',(1.547749871982,-1.284788476473,
    -9.757327463711));
#267 = CARTESIAN_POINT('',(1.312395859476,-1.210506032649,
    -11.88958396732));
#268 = CARTESIAN_POINT('',(0.555126940454,-0.926673433839,
    -13.75987572961));
#269 = CARTESIAN_POINT('',(-2.516326323169,0.354391475018,
    -13.60165756609));
#270 = CARTESIAN_POINT('',(-2.,0.,-13.9));
#271 = CARTESIAN_POINT('',(0.55,0.,10.5));
#272 = CARTESIAN_POINT('',(0.880428580103,2.532887827526E-16,
    10.465116992243));
#273 = CARTESIAN_POINT('',(1.754637361142,-2.829592331268E-16,
    10.365009307008));
#274 = CARTESIAN_POINT('',(3.492860183848,-3.19821723762E-15,
    10.050493190363));
#275 = CARTESIAN_POINT('',(6.091076998798,-3.617703038949E-15,
    9.419808591729));
#276 = CARTESIAN_POINT('',(9.115365085466,1.60636131396E-15,
    7.96121340119));
#277 = CARTESIAN_POINT('',(10.786306374138,2.034012552448E-15,
    4.591866333575));
#278 = CARTESIAN_POINT('',(10.617077408864,-1.681976227642E-15,
    0.949616477242));
#279 = CARTESIAN_POINT('',(9.680209492221,-9.013812239925E-15,
    -2.743129938689));
#280 = CARTESIAN_POINT('',(6.649048716233,2.95844549684E-15,
    -5.683578085262));
#281 = CARTESIAN_POINT('',(3.464360043504,2.855873173277E-15,
    -7.518394899904));
#282 = CARTESIAN_POINT('',(1.547749871981,-4.702173655347E-15,
    -9.757327463711));
#283 = CARTESIAN_POINT('',(1.31239585948,-1.012744022804E-15,
    -11.88958396732));
#284 = CARTESIAN_POINT('',(0.555126940441,-4.168377584971E-16,
    -13.75987572961));
#285 = CARTESIAN_POINT('',(-2.516326323117,-2.252046314611E-14,
    -13.60165756609));
#286 = CARTESIAN_POINT('',(-2.,0.,-13.9));
#287 = DEFINITIONAL_REPRESENTATION('',(#288),#314);
#288 = B_SPLINE_CURVE_WITH_KNOTS('',3,(#289,#290,#291,#292,#293,#294,
    #295,#296,#297,#298,#299,#300,#301,#302,#303,#304,#305,#306,#307,
    #308,#309,#310,#311,#312,#313),.UNSPECIFIED.,.F.,.F.,(4,1,1,1,1,1,1,
    1,1,1,1,1,1,1,1,1,1,1,1,1,1,1,4),(0.,6.319445240404E-03,
    1.263889048081E-02,1.895833572121E-02,2.527778096162E-02,
    3.159722620202E-02,3.791667144243E-02,4.423611668283E-02,
    5.055556192324E-02,5.687500716364E-02,6.319445240404E-02,
    6.951389764445E-02,7.583334288485E-02,8.215278812526E-02,
    8.847223336566E-02,9.479167860607E-02,0.101111123846,0.107430569087,
    0.113750014327,0.120069459568,0.126388904808,0.132708350048,
    0.139027795289),.QUASI_UNIFORM_KNOTS.);
#289 = CARTESIAN_POINT('',(1.,0.764671725459));
#290 = CARTESIAN_POINT('',(0.997792041278,0.76467172581));
#291 = CARTESIAN_POINT('',(0.993375886542,0.764671726295));
#292 = CARTESIAN_POINT('',(0.986753564903,0.764671726414));
#293 = CARTESIAN_POINT('',(0.980135905051,0.764671725305));
#294 = CARTESIAN_POINT('',(0.973525206878,0.764671724666));
#295 = CARTESIAN_POINT('',(0.966923561035,0.764671724954));
#296 = CARTESIAN_POINT('',(0.960332861081,0.764671725743));
#297 = CARTESIAN_POINT('',(0.953754868135,0.764671726198));
#298 = CARTESIAN_POINT('',(0.947191258111,0.764671725847));
#299 = CARTESIAN_POINT('',(0.940643657172,0.764671725007));
#300 = CARTESIAN_POINT('',(0.934113722118,0.764671724549));
#301 = CARTESIAN_POINT('',(0.927603042883,0.764671725294));
#302 = CARTESIAN_POINT('',(0.921113711543,0.764671725615));
#303 = CARTESIAN_POINT('',(0.914645423179,0.764671726032));
#304 = CARTESIAN_POINT('',(0.908198962153,0.764671725182));
#305 = CARTESIAN_POINT('',(0.901774889383,0.764671725036));
#306 = CARTESIAN_POINT('',(0.895373595725,0.764671725796));
#307 = CARTESIAN_POINT('',(0.888995314947,0.764671725886));
#308 = CARTESIAN_POINT('',(0.882640170279,0.76467172528));
#309 = CARTESIAN_POINT('',(0.876308089252,0.764671725946));
#310 = CARTESIAN_POINT('',(0.869998798503,0.764671725493));
#311 = CARTESIAN_POINT('',(0.863711930518,0.764671725165));
#312 = CARTESIAN_POINT('',(0.859535278897,0.764671725208));
#313 = CARTESIAN_POINT('',(0.857450520654,0.764671725386));
#314 = ( GEOMETRIC_REPRESENTATION_CONTEXT(2) 
PARAMETRIC_REPRESENTATION_CONTEXT() REPRESENTATION_CONTEXT('2D SPACE',''
  ) );
#315 = PCURVE('',#316,#321);
#316 = PLANE('',#317);
#317 = AXIS2_PLACEMENT_3D('',#318,#319,#320);
#318 = CARTESIAN_POINT('',(-40.,-40.,-8.));
#319 = DIRECTION('',(0.,0.,1.));
#320 = DIRECTION('',(1.,0.,-0.));
#321 = DEFINITIONAL_REPRESENTATION('',(#322),#340);
#322 = B_SPLINE_CURVE_WITH_KNOTS('',6,(#323,#324,#325,#326,#327,#328,
    #329,#330,#331,#332,#333,#334,#335,#336,#337,#338,#339),
  .UNSPECIFIED.,.F.,.F.,(7,5,5,7),(0.,7.302348795486E-02,0.112399717763,
    0.139027795289),.UNSPECIFIED.);
#323 = CARTESIAN_POINT('',(43.2,40.));
#324 = CARTESIAN_POINT('',(43.2,39.663358532453));
#325 = CARTESIAN_POINT('',(43.164536089826,39.326591027309));
#326 = CARTESIAN_POINT('',(43.093565045908,38.994696590739));
#327 = CARTESIAN_POINT('',(42.988471686307,38.672067222272));
#328 = CARTESIAN_POINT('',(42.851404252285,38.362622524255));
#329 = CARTESIAN_POINT('',(42.595928620615,37.911847713279));
#330 = CARTESIAN_POINT('',(42.497997235743,37.758707560564));
#331 = CARTESIAN_POINT('',(42.392080323234,37.610838710923));
#332 = CARTESIAN_POINT('',(42.278660034693,37.468661290759));
#333 = CARTESIAN_POINT('',(42.158239633507,37.332531170481));
#334 = CARTESIAN_POINT('',(41.945506450729,37.114986073615));
#335 = CARTESIAN_POINT('',(41.856715190088,37.030124949473));
#336 = CARTESIAN_POINT('',(41.765112160732,36.948258556568));
#337 = CARTESIAN_POINT('',(41.670854518974,36.869466836947));
#338 = CARTESIAN_POINT('',(41.574098831384,36.793819237557));
#339 = CARTESIAN_POINT('',(41.475000002244,36.721376042501));
#340 = ( GEOMETRIC_REPRESENTATION_CONTEXT(2) 
PARAMETRIC_REPRESENTATION_CONTEXT() REPRESENTATION_CONTEXT('2D SPACE',''
  ) );
#341 = ORIENTED_EDGE('',*,*,#342,.T.);
#342 = EDGE_CURVE('',#22,#343,#345,.T.);
#343 = VERTEX_POINT('',#344);
#344 = CARTESIAN_POINT('',(-2.,0.,-13.9));
#345 = SEAM_CURVE('',#346,(#363,#370),.PCURVE_S1.);
#346 = ( BOUNDED_CURVE() B_SPLINE_CURVE(3,(#347,#348,#349,#350,#351,#352
    ,#353,#354,#355,#356,#357,#358,#359,#360,#361,#362),.UNSPECIFIED.,
.F.,.F.) B_SPLINE_CURVE_WITH_KNOTS((4,1,1,1,1,1,1,1,1,1,1,1,1,4),(0.,
    3.142104686045E-02,8.182743732441E-02,0.165012827958,0.275119682777,
    0.368532333937,0.460461739274,0.555375670284,0.658391979945,
    0.764671725459,0.830566078559,0.884453584463,0.92477443307,1.),
.UNSPECIFIED.) CURVE() GEOMETRIC_REPRESENTATION_ITEM() 
RATIONAL_B_SPLINE_CURVE((1.,1.,1.,1.,1.,1.,1.,1.,1.,1.,1.,1.,
    1.000000000001,0.999999999995,1.000000000019,1.)) 
REPRESENTATION_ITEM('') );
#347 = CARTESIAN_POINT('',(0.55,0.,10.5));
#348 = CARTESIAN_POINT('',(0.880428580103,2.532887827526E-16,
    10.465116992243));
#349 = CARTESIAN_POINT('',(1.754637361142,-2.829592331268E-16,
    10.365009307008));
#350 = CARTESIAN_POINT('',(3.492860183848,-3.19821723762E-15,
    10.050493190363));
#351 = CARTESIAN_POINT('',(6.091076998798,-3.617703038949E-15,
    9.419808591729));
#352 = CARTESIAN_POINT('',(9.115365085466,1.60636131396E-15,
    7.96121340119));
#353 = CARTESIAN_POINT('',(10.786306374138,2.034012552448E-15,
    4.591866333575));
#354 = CARTESIAN_POINT('',(10.617077408864,-1.681976227642E-15,
    0.949616477242));
#355 = CARTESIAN_POINT('',(9.680209492221,-9.013812239925E-15,
    -2.743129938689));
#356 = CARTESIAN_POINT('',(6.649048716233,2.95844549684E-15,
    -5.683578085262));
#357 = CARTESIAN_POINT('',(3.464360043504,2.855873173277E-15,
    -7.518394899904));
#358 = CARTESIAN_POINT('',(1.547749871981,-4.702173655347E-15,
    -9.757327463711));
#359 = CARTESIAN_POINT('',(1.31239585948,-1.012744022804E-15,
    -11.88958396732));
#360 = CARTESIAN_POINT('',(0.555126940441,-4.168377584971E-16,
    -13.75987572961));
#361 = CARTESIAN_POINT('',(-2.516326323117,-2.252046314611E-14,
    -13.60165756609));
#362 = CARTESIAN_POINT('',(-2.,0.,-13.9));
#363 = PCURVE('',#46,#364);
#364 = DEFINITIONAL_REPRESENTATION('',(#365),#369);
#365 = LINE('',#366,#367);
#366 = CARTESIAN_POINT('',(1.,0.));
#367 = VECTOR('',#368,1.);
#368 = DIRECTION('',(0.,1.));
#369 = ( GEOMETRIC_REPRESENTATION_CONTEXT(2) 
PARAMETRIC_REPRESENTATION_CONTEXT() REPRESENTATION_CONTEXT('2D SPACE',''
  ) );
#370 = PCURVE('',#46,#371);
#371 = DEFINITIONAL_REPRESENTATION('',(#372),#376);
#372 = LINE('',#373,#374);
#373 = CARTESIAN_POINT('',(0.,0.));
#374 = VECTOR('',#375,1.);
#375 = DIRECTION('',(0.,1.));
#376 = ( GEOMETRIC_REPRESENTATION_CONTEXT(2) 
PARAMETRIC_REPRESENTATION_CONTEXT() REPRESENTATION_CONTEXT('2D SPACE',''
  ) );
#377 = ORIENTED_EDGE('',*,*,#342,.F.);
#378 = ORIENTED_EDGE('',*,*,#379,.F.);
#379 = EDGE_CURVE('',#380,#22,#382,.T.);
#380 = VERTEX_POINT('',#381);
#381 = CARTESIAN_POINT('',(1.475,3.278623954429,-8.));
#382 = SURFACE_CURVE('',#383,(#401,#430),.PCURVE_S1.);
#383 = B_SPLINE_CURVE_WITH_KNOTS('',6,(#384,#385,#386,#387,#388,#389,
    #390,#391,#392,#393,#394,#395,#396,#397,#398,#399,#400),
  .UNSPECIFIED.,.F.,.F.,(7,5,5,7),(0.860973512814,0.887601339799,
    0.926977199118,1.),.UNSPECIFIED.);
#384 = CARTESIAN_POINT('',(1.475000002244,3.278623957499,-8.));
#385 = CARTESIAN_POINT('',(1.574098831384,3.206180762443,-8.));
#386 = CARTESIAN_POINT('',(1.670854518974,3.130533163053,-8.));
#387 = CARTESIAN_POINT('',(1.765112160732,3.051741443432,-8.));
#388 = CARTESIAN_POINT('',(1.856715190088,2.969875050527,-8.));
#389 = CARTESIAN_POINT('',(1.945506450729,2.885013926385,-8.));
#390 = CARTESIAN_POINT('',(2.158239633507,2.667468829519,-8.));
#391 = CARTESIAN_POINT('',(2.278660034694,2.53133870924,-8.));
#392 = CARTESIAN_POINT('',(2.392080323234,2.389161289077,-8.));
#393 = CARTESIAN_POINT('',(2.497997235743,2.241292439436,-8.));
#394 = CARTESIAN_POINT('',(2.595928620615,2.088152286721,-8.));
#395 = CARTESIAN_POINT('',(2.851404252285,1.637377475745,-8.));
#396 = CARTESIAN_POINT('',(2.988471686307,1.327932777728,-8.));
#397 = CARTESIAN_POINT('',(3.093565045909,1.005303409262,-8.));
#398 = CARTESIAN_POINT('',(3.164536089826,0.67340897269,-8.));
#399 = CARTESIAN_POINT('',(3.2,0.336641467547,-8.));
#400 = CARTESIAN_POINT('',(3.2,0.,-8.));
#401 = PCURVE('',#46,#402);
#402 = DEFINITIONAL_REPRESENTATION('',(#403),#429);
#403 = B_SPLINE_CURVE_WITH_KNOTS('',3,(#404,#405,#406,#407,#408,#409,
    #410,#411,#412,#413,#414,#415,#416,#417,#418,#419,#420,#421,#422,
    #423,#424,#425,#426,#427,#428),.UNSPECIFIED.,.F.,.F.,(4,1,1,1,1,1,1,
    1,1,1,1,1,1,1,1,1,1,1,1,1,1,1,4),(0.860973512814,0.867292898595,
    0.873612284376,0.879931670158,0.886251055939,0.89257044172,
    0.898889827501,0.905209213282,0.911528599063,0.917847984845,
    0.924167370626,0.930486756407,0.936806142188,0.943125527969,
    0.949444913751,0.955764299532,0.962083685313,0.968403071094,
    0.974722456875,0.981041842656,0.987361228438,0.993680614219,1.),
  .QUASI_UNIFORM_KNOTS.);
#404 = CARTESIAN_POINT('',(0.142549479346,0.764671725386));
#405 = CARTESIAN_POINT('',(0.140464721103,0.764671725208));
#406 = CARTESIAN_POINT('',(0.136288069482,0.764671725165));
#407 = CARTESIAN_POINT('',(0.130001201497,0.764671725493));
#408 = CARTESIAN_POINT('',(0.123691910748,0.764671725946));
#409 = CARTESIAN_POINT('',(0.117359829721,0.76467172528));
#410 = CARTESIAN_POINT('',(0.111004685053,0.764671725886));
#411 = CARTESIAN_POINT('',(0.104626404275,0.764671725796));
#412 = CARTESIAN_POINT('',(9.822511061702E-02,0.764671725036));
#413 = CARTESIAN_POINT('',(9.180103784681E-02,0.764671725182));
#414 = CARTESIAN_POINT('',(8.535457682143E-02,0.764671726032));
#415 = CARTESIAN_POINT('',(7.888628845664E-02,0.764671725615));
#416 = CARTESIAN_POINT('',(7.239695711747E-02,0.764671725294));
#417 = CARTESIAN_POINT('',(6.588627788189E-02,0.764671724549));
#418 = CARTESIAN_POINT('',(5.935634282764E-02,0.764671725007));
#419 = CARTESIAN_POINT('',(5.280874188943E-02,0.764671725847));
#420 = CARTESIAN_POINT('',(4.624513186519E-02,0.764671726198));
#421 = CARTESIAN_POINT('',(3.966713891866E-02,0.764671725743));
#422 = CARTESIAN_POINT('',(3.307643896513E-02,0.764671724954));
#423 = CARTESIAN_POINT('',(2.647479312162E-02,0.764671724666));
#424 = CARTESIAN_POINT('',(1.986409494906E-02,0.764671725305));
#425 = CARTESIAN_POINT('',(1.324643509704E-02,0.764671726414));
#426 = CARTESIAN_POINT('',(6.624113457833E-03,0.764671726295));
#427 = CARTESIAN_POINT('',(2.207958721784E-03,0.76467172581));
#428 = CARTESIAN_POINT('',(0.,0.764671725459));
#429 = ( GEOMETRIC_REPRESENTATION_CONTEXT(2) 
PARAMETRIC_REPRESENTATION_CONTEXT() REPRESENTATION_CONTEXT('2D SPACE',''
  ) );
#430 = PCURVE('',#316,#431);
#431 = DEFINITIONAL_REPRESENTATION('',(#432),#450);
#432 = B_SPLINE_CURVE_WITH_KNOTS('',6,(#433,#434,#435,#436,#437,#438,
    #439,#440,#441,#442,#443,#444,#445,#446,#447,#448,#449),
  .UNSPECIFIED.,.F.,.F.,(7,5,5,7),(0.860973512814,0.887601339799,
    0.926977199118,1.),.UNSPECIFIED.);
#433 = CARTESIAN_POINT('',(41.475000002244,43.278623957499));
#434 = CARTESIAN_POINT('',(41.574098831384,43.206180762443));
#435 = CARTESIAN_POINT('',(41.670854518974,43.130533163053));
#436 = CARTESIAN_POINT('',(41.765112160732,43.051741443432));
#437 = CARTESIAN_POINT('',(41.856715190088,42.969875050527));
#438 = CARTESIAN_POINT('',(41.945506450729,42.885013926385));
#439 = CARTESIAN_POINT('',(42.158239633507,42.667468829519));
#440 = CARTESIAN_POINT('',(42.278660034694,42.53133870924));
#441 = CARTESIAN_POINT('',(42.392080323234,42.389161289077));
#442 = CARTESIAN_POINT('',(42.497997235743,42.241292439436));
#443 = CARTESIAN_POINT('',(42.595928620615,42.088152286721));
#444 = CARTESIAN_POINT('',(42.851404252285,41.637377475745));
#445 = CARTESIAN_POINT('',(42.988471686307,41.327932777728));
#446 = CARTESIAN_POINT('',(43.093565045909,41.005303409262));
#447 = CARTESIAN_POINT('',(43.164536089826,40.67340897269));
#448 = CARTESIAN_POINT('',(43.2,40.336641467547));
#449 = CARTESIAN_POINT('',(43.2,40.));
#450 = ( GEOMETRIC_REPRESENTATION_CONTEXT(2) 
PARAMETRIC_REPRESENTATION_CONTEXT() REPRESENTATION_CONTEXT('2D SPACE',''
  ) );
#451 = ORIENTED_EDGE('',*,*,#452,.T.);
#452 = EDGE_CURVE('',#380,#453,#455,.T.);
#453 = VERTEX_POINT('',#454);
#454 = CARTESIAN_POINT('',(1.475,-2.186721617281E-16,10.390344639735));
#455 = SURFACE_CURVE('',#456,(#648,#843),.PCURVE_S1.);
#456 = B_SPLINE_CURVE_WITH_KNOTS('',8,(#457,#458,#459,#460,#461,#462,
    #463,#464,#465,#466,#467,#468,#469,#470,#471,#472,#473,#474,#475,
    #476,#477,#478,#479,#480,#481,#482,#483,#484,#485,#486,#487,#488,
    #489,#490,#491,#492,#493,#494,#495,#496,#497,#498,#499,#500,#501,
    #502,#503,#504,#505,#506,#507,#508,#509,#510,#511,#512,#513,#514,
    #515,#516,#517,#518,#519,#520,#521,#522,#523,#524,#525,#526,#527,
    #528,#529,#530,#531,#532,#533,#534,#535,#536,#537,#538,#539,#540,
    #541,#542,#543,#544,#545,#546,#547,#548,#549,#550,#551,#552,#553,
    #554,#555,#556,#557,#558,#559,#560,#561,#562,#563,#564,#565,#566,
    #567,#568,#569,#570,#571,#572,#573,#574,#575,#576,#577,#578,#579,
    #580,#581,#582,#583,#584,#585,#586,#587,#588,#589,#590,#591,#592,
    #593,#594,#595,#596,#597,#598,#599,#600,#601,#602,#603,#604,#605,
    #606,#607,#608,#609,#610,#611,#612,#613,#614,#615,#616,#617,#618,
    #619,#620,#621,#622,#623,#624,#625,#626,#627,#628,#629,#630,#631,
    #632,#633,#634,#635,#636,#637,#638,#639,#640,#641,#642,#643,#644,
    #645,#646,#647),.UNSPECIFIED.,.F.,.F.,(9,7,7,7,7,7,7,7,7,7,7,7,7,7,7
    ,7,7,7,7,7,7,7,7,7,7,7,7,9),(0.,2.47993197889E-02,7.884174395164E-02
    ,0.116724866161,0.150859074938,0.259063744608,0.278527226682,
    0.292546087503,0.338327182038,0.42785799059,0.462635235375,
    0.51517181471,0.540395825957,0.566891155421,0.59898765034,
    0.675854856179,0.699203008552,0.721465810995,0.780807783603,
    0.810041369079,0.820110479089,0.837989905787,0.895111277955,
    0.916696691312,0.933934089718,0.965633592574,0.985826725371,1.),
  .UNSPECIFIED.);
#457 = CARTESIAN_POINT('',(1.475,3.278623954429,-8.));
#458 = CARTESIAN_POINT('',(1.475,3.339393033993,-7.950644984763));
#459 = CARTESIAN_POINT('',(1.475,3.400203679814,-7.901340885862));
#460 = CARTESIAN_POINT('',(1.475,3.461050927484,-7.852081714866));
#461 = CARTESIAN_POINT('',(1.475,3.521929031888,-7.802860481616));
#462 = CARTESIAN_POINT('',(1.475,3.582831467208,-7.753669194216));
#463 = CARTESIAN_POINT('',(1.475,3.643750926919,-7.704498859041));
#464 = CARTESIAN_POINT('',(1.475,3.704679323792,-7.655339480734));
#465 = CARTESIAN_POINT('',(1.475,3.898382480358,-7.499052359899));
#466 = CARTESIAN_POINT('',(1.475,4.031155121054,-7.391926520087));
#467 = CARTESIAN_POINT('',(1.475,4.163836986245,-7.284686213952));
#468 = CARTESIAN_POINT('',(1.475,4.296319488824,-7.177195592601));
#469 = CARTESIAN_POINT('',(1.475,4.428473250348,-7.069298151801));
#470 = CARTESIAN_POINT('',(1.475,4.560148291793,-6.960816961629));
#471 = CARTESIAN_POINT('',(1.475,4.691175345027,-6.851556261039));
#472 = CARTESIAN_POINT('',(1.475,4.912632049208,-6.664019133948));
#473 = CARTESIAN_POINT('',(1.475,5.003483593097,-6.586248691185));
#474 = CARTESIAN_POINT('',(1.475,5.09385868736,-6.507920931508));
#475 = CARTESIAN_POINT('',(1.475,5.183686417831,-6.428961463129));
#476 = CARTESIAN_POINT('',(1.475,5.272890339385,-6.349294947558));
#477 = CARTESIAN_POINT('',(1.475,5.361389629823,-6.268846387136));
#478 = CARTESIAN_POINT('',(1.475,5.449100243761,-6.187542412554));
#479 = CARTESIAN_POINT('',(1.475,5.614178617044,-6.031220192646));
#480 = CARTESIAN_POINT('',(1.475,5.691710168643,-5.956376735107));
#481 = CARTESIAN_POINT('',(1.475,5.768467912019,-5.880732185104));
#482 = CARTESIAN_POINT('',(1.475,5.844384610803,-5.804237879853));
#483 = CARTESIAN_POINT('',(1.475,5.919395101793,-5.726851571941));
#484 = CARTESIAN_POINT('',(1.475,5.993433923468,-5.648535797091));
#485 = CARTESIAN_POINT('',(1.475,6.066433965821,-5.569257131802));
#486 = CARTESIAN_POINT('',(1.475,6.36626396585,-5.234561389709));
#487 = CARTESIAN_POINT('',(1.475,6.583206548331,-4.970250379181));
#488 = CARTESIAN_POINT('',(1.475,6.788539231947,-4.696535964793));
#489 = CARTESIAN_POINT('',(1.475,6.98166680087,-4.413935481196));
#490 = CARTESIAN_POINT('',(1.475,7.162027990714,-4.123009532509));
#491 = CARTESIAN_POINT('',(1.475,7.329109363542,-3.82436988519));
#492 = CARTESIAN_POINT('',(1.475,7.482468440635,-3.518694251098));
#493 = CARTESIAN_POINT('',(1.475,7.646822473381,-3.150636139967));
#494 = CARTESIAN_POINT('',(1.475,7.67142404177,-3.094321066079));
#495 = CARTESIAN_POINT('',(1.475,7.695568863242,-3.037807046846));
#496 = CARTESIAN_POINT('',(1.475,7.719255126457,-2.981098434108));
#497 = CARTESIAN_POINT('',(1.475,7.742481143681,-2.924199623773));
#498 = CARTESIAN_POINT('',(1.475,7.765245350788,-2.867115055814));
#499 = CARTESIAN_POINT('',(1.475,7.787546307255,-2.809849214268));
#500 = CARTESIAN_POINT('',(1.475,7.825110678229,-2.711032754385));
#501 = CARTESIAN_POINT('',(1.475,7.840625613719,-2.669493923111));
#502 = CARTESIAN_POINT('',(1.475,7.855925658816,-2.627789265019));
#503 = CARTESIAN_POINT('',(1.475,7.871010416344,-2.585918766814));
#504 = CARTESIAN_POINT('',(1.475,7.885878073005,-2.543882171228));
#505 = CARTESIAN_POINT('',(1.475,7.900525471914,-2.501678961334));
#506 = CARTESIAN_POINT('',(1.475,7.914951120461,-2.459309428236));
#507 = CARTESIAN_POINT('',(1.475,7.975566469722,-2.277878998309));
#508 = CARTESIAN_POINT('',(1.475,8.019370520926,-2.138114270066));
#509 = CARTESIAN_POINT('',(1.475,8.060703862292,-1.997584873955));
#510 = CARTESIAN_POINT('',(1.475,8.099688978465,-1.856381986681));
#511 = CARTESIAN_POINT('',(1.475,8.136440803041,-1.714585876378));
#512 = CARTESIAN_POINT('',(1.475,8.17106725806,-1.572266053873));
#513 = CARTESIAN_POINT('',(1.475,8.203669793494,-1.429481423957));
#514 = CARTESIAN_POINT('',(1.475,8.294331132796,-1.006232519306));
#515 = CARTESIAN_POINT('',(1.475,8.346935753515,-0.724627530723));
#516 = CARTESIAN_POINT('',(1.475,8.392876957794,-0.441812997502));
#517 = CARTESIAN_POINT('',(1.475,8.432765131571,-0.158075013637));
#518 = CARTESIAN_POINT('',(1.475,8.467128979858,0.12635774083));
#519 = CARTESIAN_POINT('',(1.475,8.496435102095,0.411311159777));
#520 = CARTESIAN_POINT('',(1.475,8.521100040858,0.69666404956));
#521 = CARTESIAN_POINT('',(1.475,8.549416922288,1.093318255433));
#522 = CARTESIAN_POINT('',(1.475,8.556699305151,1.204334468846));
#523 = CARTESIAN_POINT('',(1.475,8.563311042124,1.315394191483));
#524 = CARTESIAN_POINT('',(1.475,8.569199129049,1.426496398322));
#525 = CARTESIAN_POINT('',(1.475,8.574338594385,1.537635957792));
#526 = CARTESIAN_POINT('',(1.475,8.578676338295,1.64880961287));
#527 = CARTESIAN_POINT('',(1.475,8.582176363838,1.760010805064));
#528 = CARTESIAN_POINT('',(1.475,8.588747396215,2.039251892085));
#529 = CARTESIAN_POINT('',(1.475,8.590687085702,2.207315701758));
#530 = CARTESIAN_POINT('',(1.475,8.590464320484,2.375403079501));
#531 = CARTESIAN_POINT('',(1.475,8.587924780288,2.543482349547));
#532 = CARTESIAN_POINT('',(1.475,8.582908506509,2.711511535952));
#533 = CARTESIAN_POINT('',(1.475,8.575250218955,2.879438383268));
#534 = CARTESIAN_POINT('',(1.475,8.564779632588,3.047200377226));
#535 = CARTESIAN_POINT('',(1.475,8.544860349218,3.29515704907));
#536 = CARTESIAN_POINT('',(1.475,8.537710431144,3.375533900969));
#537 = CARTESIAN_POINT('',(1.475,8.529852617314,3.455846935293));
#538 = CARTESIAN_POINT('',(1.475,8.521267423467,3.536086948233));
#539 = CARTESIAN_POINT('',(1.475,8.511935283811,3.616243917976));
#540 = CARTESIAN_POINT('',(1.475,8.501836551028,3.696307004708));
#541 = CARTESIAN_POINT('',(1.475,8.490951496267,3.776264550617));
#542 = CARTESIAN_POINT('',(1.475,8.466979873202,3.939967610216));
#543 = CARTESIAN_POINT('',(1.475,8.453810421534,4.023701034468));
#544 = CARTESIAN_POINT('',(1.475,8.439726682306,4.107288805833));
#545 = CARTESIAN_POINT('',(1.475,8.424714014702,4.190718007126));
#546 = CARTESIAN_POINT('',(1.475,8.408734102164,4.273966842074));
#547 = CARTESIAN_POINT('',(1.475,8.391785331119,4.357023305889));
#548 = CARTESIAN_POINT('',(1.475,8.373827762974,4.439863072885));
#549 = CARTESIAN_POINT('',(1.475,8.331863318486,4.622538207799));
#550 = CARTESIAN_POINT('',(1.475,8.307384674861,4.722264376755));
#551 = CARTESIAN_POINT('',(1.475,8.281434221732,4.821625239892));
#552 = CARTESIAN_POINT('',(1.475,8.254028637548,4.920598246118));
#553 = CARTESIAN_POINT('',(1.475,8.225182491511,5.019160661084));
#554 = CARTESIAN_POINT('',(1.475,8.194908243576,5.117289567191));
#555 = CARTESIAN_POINT('',(1.475,8.163216244454,5.21496186358));
#556 = CARTESIAN_POINT('',(1.475,8.05084064352,5.544918262102));
#557 = CARTESIAN_POINT('',(1.475,7.963500197446,5.774875726022));
#558 = CARTESIAN_POINT('',(1.475,7.868188046887,6.00176868968));
#559 = CARTESIAN_POINT('',(1.475,7.764934452864,6.225257247986));
#560 = CARTESIAN_POINT('',(1.475,7.653703959306,6.444916942754));
#561 = CARTESIAN_POINT('',(1.475,7.534394609485,6.660238194775));
#562 = CARTESIAN_POINT('',(1.475,7.406808039301,6.870611124622));
#563 = CARTESIAN_POINT('',(1.475,7.229176137267,7.137446304954));
#564 = CARTESIAN_POINT('',(1.475,7.18699565762,7.199083373766));
#565 = CARTESIAN_POINT('',(1.475,7.144006629264,7.260164283382));
#566 = CARTESIAN_POINT('',(1.475,7.100211351495,7.32067386204));
#567 = CARTESIAN_POINT('',(1.475,7.055571793547,7.380562464345));
#568 = CARTESIAN_POINT('',(1.475,7.010117511971,7.439832781432));
#569 = CARTESIAN_POINT('',(1.475,6.963790099672,7.49841572684));
#570 = CARTESIAN_POINT('',(1.475,6.871626734616,7.611505231497));
#571 = CARTESIAN_POINT('',(1.475,6.825866945696,7.666072865864));
#572 = CARTESIAN_POINT('',(1.475,6.779337181422,7.719991151435));
#573 = CARTESIAN_POINT('',(1.475,6.732043629056,7.773243391268));
#574 = CARTESIAN_POINT('',(1.475,6.683993980802,7.82581395088));
#575 = CARTESIAN_POINT('',(1.475,6.635197433809,7.87768825825));
#576 = CARTESIAN_POINT('',(1.475,6.585664690169,7.928852803819));
#577 = CARTESIAN_POINT('',(1.475,6.401447567358,8.113750259894));
#578 = CARTESIAN_POINT('',(1.475,6.262323996104,8.243094417491));
#579 = CARTESIAN_POINT('',(1.475,6.118294529873,8.367065381744));
#580 = CARTESIAN_POINT('',(1.475,5.969662669828,8.485509822293));
#581 = CARTESIAN_POINT('',(1.475,5.816772801134,8.598376024735));
#582 = CARTESIAN_POINT('',(1.475,5.660003144087,8.705704451219));
#583 = CARTESIAN_POINT('',(1.475,5.499756986824,8.807616146862));
#584 = CARTESIAN_POINT('',(1.475,5.256003501233,8.951927779675));
#585 = CARTESIAN_POINT('',(1.475,5.174806152381,8.998291376613));
#586 = CARTESIAN_POINT('',(1.475,5.092906061658,9.043414244197));
#587 = CARTESIAN_POINT('',(1.475,5.010348178231,9.087325366489));
#588 = CARTESIAN_POINT('',(1.475,4.92717621532,9.130057726626));
#589 = CARTESIAN_POINT('',(1.475,4.843432373667,9.171647783258));
#590 = CARTESIAN_POINT('',(1.475,4.759157065026,9.212134946992));
#591 = CARTESIAN_POINT('',(1.475,4.645191305678,9.265140842907));
#592 = CARTESIAN_POINT('',(1.475,4.615945731232,9.278589980415));
#593 = CARTESIAN_POINT('',(1.475,4.586652966075,9.291910608271));
#594 = CARTESIAN_POINT('',(1.475,4.55731405854,9.305104865268));
#595 = CARTESIAN_POINT('',(1.475,4.527930051515,9.318174890067));
#596 = CARTESIAN_POINT('',(1.475,4.498501982442,9.3311228212));
#597 = CARTESIAN_POINT('',(1.475,4.469030883317,9.343950797069));
#598 = CARTESIAN_POINT('',(1.475,4.387112220076,9.379230016531));
#599 = CARTESIAN_POINT('',(1.475,4.33455116199,9.401437466578));
#600 = CARTESIAN_POINT('',(1.475,4.281841378056,9.42329262934));
#601 = CARTESIAN_POINT('',(1.475,4.228996431904,9.44481745324));
#602 = CARTESIAN_POINT('',(1.475,4.176008621679,9.465989475341));
#603 = CARTESIAN_POINT('',(1.475,4.12289372184,9.486837253947));
#604 = CARTESIAN_POINT('',(1.475,4.069650696242,9.507354149425));
#605 = CARTESIAN_POINT('',(1.475,3.845796098378,9.592069697865));
#606 = CARTESIAN_POINT('',(1.475,3.674067028483,9.653300360601));
#607 = CARTESIAN_POINT('',(1.475,3.501247765411,9.71142579088));
#608 = CARTESIAN_POINT('',(1.475,3.327476032814,9.766641213021));
#609 = CARTESIAN_POINT('',(1.475,3.152877290842,9.819149701741));
#610 = CARTESIAN_POINT('',(1.475,2.977563150543,9.869156942916));
#611 = CARTESIAN_POINT('',(1.475,2.801629254418,9.916863799872));
#612 = CARTESIAN_POINT('',(1.475,2.558464431112,9.979685635388));
#613 = CARTESIAN_POINT('',(1.475,2.49169917755,9.996612594508));
#614 = CARTESIAN_POINT('',(1.475,2.424861171204,10.013247498508));
#615 = CARTESIAN_POINT('',(1.475,2.357954535982,10.029599981757));
#616 = CARTESIAN_POINT('',(1.475,2.290983171115,10.045679187378));
#617 = CARTESIAN_POINT('',(1.475,2.22395071135,10.061493577568));
#618 = CARTESIAN_POINT('',(1.475,2.156860487144,10.077050743931));
#619 = CARTESIAN_POINT('',(1.475,2.036095703009,10.104580462453));
#620 = CARTESIAN_POINT('',(1.475,1.982441041621,10.116643980322));
#621 = CARTESIAN_POINT('',(1.475,1.928753822441,10.128554125164));
#622 = CARTESIAN_POINT('',(1.475,1.875028637844,10.140284113466));
#623 = CARTESIAN_POINT('',(1.475,1.821269875262,10.151847119492));
#624 = CARTESIAN_POINT('',(1.475,1.767473292634,10.163220044212));
#625 = CARTESIAN_POINT('',(1.475,1.713640433574,10.174402039432));
#626 = CARTESIAN_POINT('',(1.475,1.560703547939,10.20557366721));
#627 = CARTESIAN_POINT('',(1.475,1.461519346338,10.225081092156));
#628 = CARTESIAN_POINT('',(1.475,1.362207163949,10.243850275772));
#629 = CARTESIAN_POINT('',(1.475,1.262765208863,10.26181797549));
#630 = CARTESIAN_POINT('',(1.475,1.163199750501,10.278910213817));
#631 = CARTESIAN_POINT('',(1.475,1.063525630287,10.295037261874));
#632 = CARTESIAN_POINT('',(1.475,0.963765596494,10.310085698819));
#633 = CARTESIAN_POINT('',(1.475,0.800359235443,10.332713538027));
#634 = CARTESIAN_POINT('',(1.475,0.736748476167,10.341021404508));
#635 = CARTESIAN_POINT('',(1.475,0.673125617696,10.348792858646));
#636 = CARTESIAN_POINT('',(1.475,0.609506121565,10.355984173891));
#637 = CARTESIAN_POINT('',(1.475,0.545907723703,10.362544841579));
#638 = CARTESIAN_POINT('',(1.475,0.482348457343,10.368418527902));
#639 = CARTESIAN_POINT('',(1.475,0.418844020212,10.37354708512));
#640 = CARTESIAN_POINT('',(1.475,0.310877173166,10.380917156161));
#641 = CARTESIAN_POINT('',(1.475,0.266381248892,10.383563472203));
#642 = CARTESIAN_POINT('',(1.475,0.221920266989,10.385798870826));
#643 = CARTESIAN_POINT('',(1.475,0.177494113673,10.387606764067));
#644 = CARTESIAN_POINT('',(1.475,0.133098378484,10.388973086631));
#645 = CARTESIAN_POINT('',(1.475,8.872472819998E-02,10.389887536487));
#646 = CARTESIAN_POINT('',(1.475,4.436228373146E-02,10.390344639735));
#647 = CARTESIAN_POINT('',(1.475,0.,10.390344639735));
#648 = PCURVE('',#46,#649);
#649 = DEFINITIONAL_REPRESENTATION('',(#650),#842);
#650 = B_SPLINE_CURVE_WITH_KNOTS('',8,(#651,#652,#653,#654,#655,#656,
    #657,#658,#659,#660,#661,#662,#663,#664,#665,#666,#667,#668,#669,
    #670,#671,#672,#673,#674,#675,#676,#677,#678,#679,#680,#681,#682,
    #683,#684,#685,#686,#687,#688,#689,#690,#691,#692,#693,#694,#695,
    #696,#697,#698,#699,#700,#701,#702,#703,#704,#705,#706,#707,#708,
    #709,#710,#711,#712,#713,#714,#715,#716,#717,#718,#719,#720,#721,
    #722,#723,#724,#725,#726,#727,#728,#729,#730,#731,#732,#733,#734,
    #735,#736,#737,#738,#739,#740,#741,#742,#743,#744,#745,#746,#747,
    #748,#749,#750,#751,#752,#753,#754,#755,#756,#757,#758,#759,#760,
    #761,#762,#763,#764,#765,#766,#767,#768,#769,#770,#771,#772,#773,
    #774,#775,#776,#777,#778,#779,#780,#781,#782,#783,#784,#785,#786,
    #787,#788,#789,#790,#791,#792,#793,#794,#795,#796,#797,#798,#799,
    #800,#801,#802,#803,#804,#805,#806,#807,#808,#809,#810,#811,#812,
    #813,#814,#815,#816,#817,#818,#819,#820,#821,#822,#823,#824,#825,
    #826,#827,#828,#829,#830,#831,#832,#833,#834,#835,#836,#837,#838,
    #839,#840,#841),.UNSPECIFIED.,.F.,.F.,(9,7,7,7,7,7,7,7,7,7,7,7,7,7,7
    ,7,7,7,7,7,7,7,7,7,7,7,7,9),(0.,2.47993197889E-02,7.884174395164E-02
    ,0.116724866161,0.150859074938,0.259063744608,0.278527226682,
    0.292546087503,0.338327182038,0.42785799059,0.462635235375,
    0.51517181471,0.540395825957,0.566891155421,0.59898765034,
    0.675854856179,0.699203008552,0.721465810995,0.780807783603,
    0.810041369079,0.820110479089,0.837989905787,0.895111277955,
    0.916696691312,0.933934089718,0.965633592574,0.985826725371,1.),
  .UNSPECIFIED.);
#651 = CARTESIAN_POINT('',(0.142549479328,0.764671725459));
#652 = CARTESIAN_POINT('',(0.144295383501,0.762773168978));
#653 = CARTESIAN_POINT('',(0.146016286201,0.760858700535));
#654 = CARTESIAN_POINT('',(0.147712521728,0.758928309819));
#655 = CARTESIAN_POINT('',(0.149384391213,0.75698200001));
#656 = CARTESIAN_POINT('',(0.151032162614,0.755019787776));
#657 = CARTESIAN_POINT('',(0.15265607072,0.753041703274));
#658 = CARTESIAN_POINT('',(0.154256317147,0.75104779015));
#659 = CARTESIAN_POINT('',(0.159269114781,0.744658621373));
#660 = CARTESIAN_POINT('',(0.16259355228,0.740204335821));
#661 = CARTESIAN_POINT('',(0.165808304763,0.735675813946));
#662 = CARTESIAN_POINT('',(0.16891466184,0.731074142851));
#663 = CARTESIAN_POINT('',(0.171913476205,0.72640110734));
#664 = CARTESIAN_POINT('',(0.174805335221,0.72165931582));
#665 = CARTESIAN_POINT('',(0.177590708712,0.716852276427));
#666 = CARTESIAN_POINT('',(0.182148276675,0.708572113976));
#667 = CARTESIAN_POINT('',(0.183974343023,0.705130010176));
#668 = CARTESIAN_POINT('',(0.185748429141,0.701659646475));
#669 = CARTESIAN_POINT('',(0.187470653609,0.698162883251));
#670 = CARTESIAN_POINT('',(0.189141125097,0.694641891801));
#671 = CARTESIAN_POINT('',(0.190759971024,0.691099139376));
#672 = CARTESIAN_POINT('',(0.192327366217,0.687537374228));
#673 = CARTESIAN_POINT('',(0.195209714245,0.680735902509));
#674 = CARTESIAN_POINT('',(0.196534282802,0.677499239133));
#675 = CARTESIAN_POINT('',(0.197817454327,0.67425180901));
#676 = CARTESIAN_POINT('',(0.199059390899,0.670996130361));
#677 = CARTESIAN_POINT('',(0.20026037476,0.667734742127));
#678 = CARTESIAN_POINT('',(0.201420736395,0.664470361614));
#679 = CARTESIAN_POINT('',(0.202540801989,0.661205982155));
#680 = CARTESIAN_POINT('',(0.207045606667,0.647605192317));
#681 = CARTESIAN_POINT('',(0.210071475755,0.6372914702));
#682 = CARTESIAN_POINT('',(0.212745993099,0.627023634267));
#683 = CARTESIAN_POINT('',(0.215111200833,0.616819030649));
#684 = CARTESIAN_POINT('',(0.217203361348,0.606692906218));
#685 = CARTESIAN_POINT('',(0.219053021826,0.596659271083));
#686 = CARTESIAN_POINT('',(0.2206856761,0.586731652507));
#687 = CARTESIAN_POINT('',(0.22238156898,0.575159526884));
#688 = CARTESIAN_POINT('',(0.222633795837,0.573399175403));
#689 = CARTESIAN_POINT('',(0.222879830319,0.571642761023));
#690 = CARTESIAN_POINT('',(0.223119794434,0.569890357926));
#691 = CARTESIAN_POINT('',(0.223353806277,0.56814203926));
#692 = CARTESIAN_POINT('',(0.223581980035,0.566397877141));
#693 = CARTESIAN_POINT('',(0.223804425988,0.56465794265));
#694 = CARTESIAN_POINT('',(0.22417742157,0.561672187749));
#695 = CARTESIAN_POINT('',(0.224330954088,0.560422083457));
#696 = CARTESIAN_POINT('',(0.22448187084,0.559171984312));
#697 = CARTESIAN_POINT('',(0.224630209408,0.557921874293));
#698 = CARTESIAN_POINT('',(0.224775991327,0.556671757798));
#699 = CARTESIAN_POINT('',(0.224919223027,0.555421657996));
#700 = CARTESIAN_POINT('',(0.225059928539,0.554171585712));
#701 = CARTESIAN_POINT('',(0.225649809805,0.548839031624));
#702 = CARTESIAN_POINT('',(0.226072651972,0.544782041773));
#703 = CARTESIAN_POINT('',(0.226469522364,0.540749673365));
#704 = CARTESIAN_POINT('',(0.226842865574,0.536740979502));
#705 = CARTESIAN_POINT('',(0.227194836881,0.532754898007));
#706 = CARTESIAN_POINT('',(0.227527350228,0.528790247098));
#707 = CARTESIAN_POINT('',(0.227842126201,0.524845721053));
#708 = CARTESIAN_POINT('',(0.228724717621,0.513242411147));
#709 = CARTESIAN_POINT('',(0.229246806218,0.505637379858));
#710 = CARTESIAN_POINT('',(0.229718736577,0.498093618839));
#711 = CARTESIAN_POINT('',(0.230149767144,0.490600540572));
#712 = CARTESIAN_POINT('',(0.230547532687,0.483147686412));
#713 = CARTESIAN_POINT('',(0.230918658411,0.475724296057));
#714 = CARTESIAN_POINT('',(0.23126913951,0.468318903282));
#715 = CARTESIAN_POINT('',(0.231734747846,0.458044531649));
#716 = CARTESIAN_POINT('',(0.231862753355,0.455171019606));
#717 = CARTESIAN_POINT('',(0.231988486513,0.452297834128));
#718 = CARTESIAN_POINT('',(0.232111792417,0.449424445065));
#719 = CARTESIAN_POINT('',(0.232232698645,0.446550320511));
#720 = CARTESIAN_POINT('',(0.232351055771,0.443674982234));
#721 = CARTESIAN_POINT('',(0.232466826578,0.440797965724));
#722 = CARTESIAN_POINT('',(0.232750762998,0.433569438613));
#723 = CARTESIAN_POINT('',(0.232915495717,0.42921528698));
#724 = CARTESIAN_POINT('',(0.233073843259,0.424854808872));
#725 = CARTESIAN_POINT('',(0.233225508214,0.420486670658));
#726 = CARTESIAN_POINT('',(0.233370165431,0.416109765474));
#727 = CARTESIAN_POINT('',(0.233507457843,0.411723206335));
#728 = CARTESIAN_POINT('',(0.233636992308,0.407326319241));
#729 = CARTESIAN_POINT('',(0.233816595033,0.400802407059));
#730 = CARTESIAN_POINT('',(0.23387296577,0.398683707163));
#731 = CARTESIAN_POINT('',(0.2339273996,0.396562493471));
#732 = CARTESIAN_POINT('',(0.233979845949,0.394438742073));
#733 = CARTESIAN_POINT('',(0.234030251704,0.392312448272));
#734 = CARTESIAN_POINT('',(0.23407856122,0.390183626585));
#735 = CARTESIAN_POINT('',(0.234124716314,0.388052310742));
#736 = CARTESIAN_POINT('',(0.234214810844,0.383677252902));
#737 = CARTESIAN_POINT('',(0.234258522427,0.381433251834));
#738 = CARTESIAN_POINT('',(0.234299712004,0.37918667278));
#739 = CARTESIAN_POINT('',(0.234338332383,0.376937435092));
#740 = CARTESIAN_POINT('',(0.234374253936,0.374685988675));
#741 = CARTESIAN_POINT('',(0.234407462883,0.372432074657));
#742 = CARTESIAN_POINT('',(0.234437814829,0.370176241273));
#743 = CARTESIAN_POINT('',(0.234498501226,0.365183436109));
#744 = CARTESIAN_POINT('',(0.23452748885,0.362445501338));
#745 = CARTESIAN_POINT('',(0.234552244819,0.359704036998));
#746 = CARTESIAN_POINT('',(0.234572780016,0.356958359162));
#747 = CARTESIAN_POINT('',(0.234589091592,0.354207744363));
#748 = CARTESIAN_POINT('',(0.234601162962,0.351451429602));
#749 = CARTESIAN_POINT('',(0.234608963806,0.348688612342));
#750 = CARTESIAN_POINT('',(0.234620799255,0.339284249475));
#751 = CARTESIAN_POINT('',(0.234604397352,0.332609415058));
#752 = CARTESIAN_POINT('',(0.234562631399,0.325880389934));
#753 = CARTESIAN_POINT('',(0.234494363222,0.319083751336));
#754 = CARTESIAN_POINT('',(0.234397810661,0.312205067558));
#755 = CARTESIAN_POINT('',(0.234270483031,0.305228208354));
#756 = CARTESIAN_POINT('',(0.23410884689,0.298133695917));
#757 = CARTESIAN_POINT('',(0.233846208802,0.288695857532));
#758 = CARTESIAN_POINT('',(0.233781351672,0.286483876737));
#759 = CARTESIAN_POINT('',(0.23371266385,0.284257834849));
#760 = CARTESIAN_POINT('',(0.233640017735,0.2820178354));
#761 = CARTESIAN_POINT('',(0.233563142253,0.279761359984));
#762 = CARTESIAN_POINT('',(0.233481963477,0.27749036104));
#763 = CARTESIAN_POINT('',(0.233396110824,0.275201009886));
#764 = CARTESIAN_POINT('',(0.233218990267,0.2706959463));
#765 = CARTESIAN_POINT('',(0.233128155374,0.268481668135));
#766 = CARTESIAN_POINT('',(0.233032773029,0.266252388592));
#767 = CARTESIAN_POINT('',(0.232932669456,0.264008483639));
#768 = CARTESIAN_POINT('',(0.232827662569,0.261750359387));
#769 = CARTESIAN_POINT('',(0.232717561977,0.259478452084));
#770 = CARTESIAN_POINT('',(0.23260216898,0.257193228119));
#771 = CARTESIAN_POINT('',(0.232159035299,0.248769698694));
#772 = CARTESIAN_POINT('',(0.231797670103,0.242552234136));
#773 = CARTESIAN_POINT('',(0.231393295594,0.236253402932));
#774 = CARTESIAN_POINT('',(0.230941502493,0.229883649571));
#775 = CARTESIAN_POINT('',(0.2304372538,0.223453240843));
#776 = CARTESIAN_POINT('',(0.229874723387,0.216972237091));
#777 = CARTESIAN_POINT('',(0.229247077013,0.210450444305));
#778 = CARTESIAN_POINT('',(0.228200921227,0.200669100368));
#779 = CARTESIAN_POINT('',(0.227837847111,0.197433000998));
#780 = CARTESIAN_POINT('',(0.22745597791,0.194190025299));
#781 = CARTESIAN_POINT('',(0.227054234027,0.190941064035));
#782 = CARTESIAN_POINT('',(0.226631433823,0.187686922323));
#783 = CARTESIAN_POINT('',(0.226186275675,0.184428319557));
#784 = CARTESIAN_POINT('',(0.225717320026,0.181165889326));
#785 = CARTESIAN_POINT('',(0.225052699815,0.176775350045));
#786 = CARTESIAN_POINT('',(0.224879475242,0.175650526808));
#787 = CARTESIAN_POINT('',(0.22470323292,0.174525709892));
#788 = CARTESIAN_POINT('',(0.224523905594,0.173400899584));
#789 = CARTESIAN_POINT('',(0.224341423557,0.172276096191));
#790 = CARTESIAN_POINT('',(0.224155714649,0.171151300037));
#791 = CARTESIAN_POINT('',(0.223966704259,0.170026511464));
#792 = CARTESIAN_POINT('',(0.223432695869,0.166904490479));
#793 = CARTESIAN_POINT('',(0.223080273836,0.164906397632));
#794 = CARTESIAN_POINT('',(0.222716617443,0.162907534249));
#795 = CARTESIAN_POINT('',(0.22234120774,0.160907914507));
#796 = CARTESIAN_POINT('',(0.221953740198,0.158907878049));
#797 = CARTESIAN_POINT('',(0.221553584489,0.156907373262));
#798 = CARTESIAN_POINT('',(0.2211402672,0.154906607502));
#799 = CARTESIAN_POINT('',(0.219348702595,0.146513077056));
#800 = CARTESIAN_POINT('',(0.217843549273,0.140119021755));
#801 = CARTESIAN_POINT('',(0.216179160973,0.133727211924));
#802 = CARTESIAN_POINT('',(0.214329988331,0.127341483568));
#803 = CARTESIAN_POINT('',(0.212264539763,0.120965653582));
#804 = CARTESIAN_POINT('',(0.209941159193,0.114603906583));
#805 = CARTESIAN_POINT('',(0.207298529868,0.108261721161));
#806 = CARTESIAN_POINT('',(0.203085467849,9.956121249752E-02));
#807 = CARTESIAN_POINT('',(0.20187076816,9.71790758721E-02));
#808 = CARTESIAN_POINT('',(0.200591516271,9.480139116084E-02));
#809 = CARTESIAN_POINT('',(0.199241774715,9.242868008779E-02));
#810 = CARTESIAN_POINT('',(0.197814668761,9.006155300513E-02));
#811 = CARTESIAN_POINT('',(0.196302097705,8.770074127701E-02));
#812 = CARTESIAN_POINT('',(0.194694446163,8.534712966332E-02));
#813 = CARTESIAN_POINT('',(0.191611431125,8.112887685082E-02));
#814 = CARTESIAN_POINT('',(0.190174639218,7.926124066254E-02));
#815 = CARTESIAN_POINT('',(0.188664151627,7.739940544517E-02));
#816 = CARTESIAN_POINT('',(0.187072527622,7.554427473238E-02));
#817 = CARTESIAN_POINT('',(0.185392414683,7.369651730859E-02));
#818 = CARTESIAN_POINT('',(0.183614343031,7.1857245049E-02));
#819 = CARTESIAN_POINT('',(0.181728011049,7.002755247044E-02));
#820 = CARTESIAN_POINT('',(0.176030284451,6.486422379398E-02));
#821 = CARTESIAN_POINT('',(0.171931714022,6.155700647662E-02));
#822 = CARTESIAN_POINT('',(0.167349846242,5.829541288135E-02));
#823 = CARTESIAN_POINT('',(0.162184749781,5.509065340765E-02));
#824 = CARTESIAN_POINT('',(0.156315351875,5.195764061736E-02));
#825 = CARTESIAN_POINT('',(0.1495778334,4.891705733383E-02));
#826 = CARTESIAN_POINT('',(0.141752589569,4.599869683075E-02));
#827 = CARTESIAN_POINT('',(0.126758534127,4.149248408173E-02));
#828 = CARTESIAN_POINT('',(0.120382416915,3.980616180157E-02));
#829 = CARTESIAN_POINT('',(0.113402637418,3.819852539112E-02));
#830 = CARTESIAN_POINT('',(0.105752971367,3.668292880192E-02));
#831 = CARTESIAN_POINT('',(9.736925939838E-02,3.527559388152E-02));
#832 = CARTESIAN_POINT('',(8.820415569576E-02,3.399541998599E-02));
#833 = CARTESIAN_POINT('',(7.825056172209E-02,3.286259683216E-02));
#834 = CARTESIAN_POINT('',(6.007983826404E-02,3.121759438015E-02));
#835 = CARTESIAN_POINT('',(5.22293542881E-02,3.062105972414E-02));
#836 = CARTESIAN_POINT('',(4.404424814941E-02,3.011286851102E-02));
#837 = CARTESIAN_POINT('',(3.556190954518E-02,2.969916427548E-02));
#838 = CARTESIAN_POINT('',(2.683860529911E-02,2.938513130938E-02));
#839 = CARTESIAN_POINT('',(1.794788555289E-02,2.917449944789E-02));
#840 = CARTESIAN_POINT('',(8.973953691124E-03,2.906920452941E-02));
#841 = CARTESIAN_POINT('',(0.,2.906920452941E-02));
#842 = ( GEOMETRIC_REPRESENTATION_CONTEXT(2) 
PARAMETRIC_REPRESENTATION_CONTEXT() REPRESENTATION_CONTEXT('2D SPACE',''
  ) );
#843 = PCURVE('',#844,#849);
#844 = PLANE('',#845);
#845 = AXIS2_PLACEMENT_3D('',#846,#847,#848);
#846 = CARTESIAN_POINT('',(1.475,-40.,-8.));
#847 = DIRECTION('',(1.,0.,-0.));
#848 = DIRECTION('',(0.,0.,1.));
#849 = DEFINITIONAL_REPRESENTATION('',(#850),#1042);
#850 = B_SPLINE_CURVE_WITH_KNOTS('',8,(#851,#852,#853,#854,#855,#856,
    #857,#858,#859,#860,#861,#862,#863,#864,#865,#866,#867,#868,#869,
    #870,#871,#872,#873,#874,#875,#876,#877,#878,#879,#880,#881,#882,
    #883,#884,#885,#886,#887,#888,#889,#890,#891,#892,#893,#894,#895,
    #896,#897,#898,#899,#900,#901,#902,#903,#904,#905,#906,#907,#908,
    #909,#910,#911,#912,#913,#914,#915,#916,#917,#918,#919,#920,#921,
    #922,#923,#924,#925,#926,#927,#928,#929,#930,#931,#932,#933,#934,
    #935,#936,#937,#938,#939,#940,#941,#942,#943,#944,#945,#946,#947,
    #948,#949,#950,#951,#952,#953,#954,#955,#956,#957,#958,#959,#960,
    #961,#962,#963,#964,#965,#966,#967,#968,#969,#970,#971,#972,#973,
    #974,#975,#976,#977,#978,#979,#980,#981,#982,#983,#984,#985,#986,
    #987,#988,#989,#990,#991,#992,#993,#994,#995,#996,#997,#998,#999,
    #1000,#1001,#1002,#1003,#1004,#1005,#1006,#1007,#1008,#1009,#1010,
    #1011,#1012,#1013,#1014,#1015,#1016,#1017,#1018,#1019,#1020,#1021,
    #1022,#1023,#1024,#1025,#1026,#1027,#1028,#1029,#1030,#1031,#1032,
    #1033,#1034,#1035,#1036,#1037,#1038,#1039,#1040,#1041),
  .UNSPECIFIED.,.F.,.F.,(9,7,7,7,7,7,7,7,7,7,7,7,7,7,7,7,7,7,7,7,7,7,7,7
    ,7,7,7,9),(0.,2.47993197889E-02,7.884174395164E-02,0.116724866161,
    0.150859074938,0.259063744608,0.278527226682,0.292546087503,
    0.338327182038,0.42785799059,0.462635235375,0.51517181471,
    0.540395825957,0.566891155421,0.59898765034,0.675854856179,
    0.699203008552,0.721465810995,0.780807783603,0.810041369079,
    0.820110479089,0.837989905787,0.895111277955,0.916696691312,
    0.933934089718,0.965633592574,0.985826725371,1.),.UNSPECIFIED.);
#851 = CARTESIAN_POINT('',(0.,-43.27862395442));
#852 = CARTESIAN_POINT('',(4.935501523681E-02,-43.33939303399));
#853 = CARTESIAN_POINT('',(9.865911413816E-02,-43.40020367981));
#854 = CARTESIAN_POINT('',(0.147918285134,-43.46105092748));
#855 = CARTESIAN_POINT('',(0.197139518384,-43.52192903188));
#856 = CARTESIAN_POINT('',(0.246330805784,-43.5828314672));
#857 = CARTESIAN_POINT('',(0.295501140959,-43.64375092691));
#858 = CARTESIAN_POINT('',(0.344660519266,-43.70467932379));
#859 = CARTESIAN_POINT('',(0.500947640101,-43.89838248035));
#860 = CARTESIAN_POINT('',(0.608073479913,-44.03115512105));
#861 = CARTESIAN_POINT('',(0.715313786048,-44.16383698624));
#862 = CARTESIAN_POINT('',(0.822804407399,-44.29631948882));
#863 = CARTESIAN_POINT('',(0.930701848199,-44.42847325034));
#864 = CARTESIAN_POINT('',(1.039183038371,-44.56014829179));
#865 = CARTESIAN_POINT('',(1.148443738961,-44.69117534502));
#866 = CARTESIAN_POINT('',(1.335980866052,-44.9126320492));
#867 = CARTESIAN_POINT('',(1.413751308815,-45.00348359309));
#868 = CARTESIAN_POINT('',(1.492079068492,-45.09385868736));
#869 = CARTESIAN_POINT('',(1.571038536871,-45.18368641783));
#870 = CARTESIAN_POINT('',(1.650705052442,-45.27289033938));
#871 = CARTESIAN_POINT('',(1.731153612864,-45.36138962982));
#872 = CARTESIAN_POINT('',(1.812457587446,-45.44910024376));
#873 = CARTESIAN_POINT('',(1.968779807354,-45.61417861704));
#874 = CARTESIAN_POINT('',(2.043623264893,-45.69171016864));
#875 = CARTESIAN_POINT('',(2.119267814896,-45.76846791201));
#876 = CARTESIAN_POINT('',(2.195762120147,-45.8443846108));
#877 = CARTESIAN_POINT('',(2.273148428059,-45.91939510179));
#878 = CARTESIAN_POINT('',(2.351464202909,-45.99343392346));
#879 = CARTESIAN_POINT('',(2.430742868198,-46.06643396582));
#880 = CARTESIAN_POINT('',(2.765438610291,-46.36626396585));
#881 = CARTESIAN_POINT('',(3.029749620819,-46.58320654833));
#882 = CARTESIAN_POINT('',(3.303464035207,-46.78853923194));
#883 = CARTESIAN_POINT('',(3.586064518804,-46.98166680087));
#884 = CARTESIAN_POINT('',(3.876990467491,-47.16202799071));
#885 = CARTESIAN_POINT('',(4.17563011481,-47.32910936354));
#886 = CARTESIAN_POINT('',(4.481305748902,-47.48246844063));
#887 = CARTESIAN_POINT('',(4.849363860033,-47.64682247338));
#888 = CARTESIAN_POINT('',(4.905678933921,-47.67142404177));
#889 = CARTESIAN_POINT('',(4.962192953154,-47.69556886324));
#890 = CARTESIAN_POINT('',(5.018901565892,-47.71925512645));
#891 = CARTESIAN_POINT('',(5.075800376227,-47.74248114368));
#892 = CARTESIAN_POINT('',(5.132884944186,-47.76524535078));
#893 = CARTESIAN_POINT('',(5.190150785732,-47.78754630725));
#894 = CARTESIAN_POINT('',(5.288967245615,-47.82511067822));
#895 = CARTESIAN_POINT('',(5.330506076889,-47.84062561371));
#896 = CARTESIAN_POINT('',(5.372210734981,-47.85592565881));
#897 = CARTESIAN_POINT('',(5.414081233186,-47.87101041634));
#898 = CARTESIAN_POINT('',(5.456117828772,-47.885878073));
#899 = CARTESIAN_POINT('',(5.498321038666,-47.90052547191));
#900 = CARTESIAN_POINT('',(5.540690571764,-47.91495112046));
#901 = CARTESIAN_POINT('',(5.722121001691,-47.97556646972));
#902 = CARTESIAN_POINT('',(5.861885729934,-48.01937052092));
#903 = CARTESIAN_POINT('',(6.002415126045,-48.06070386229));
#904 = CARTESIAN_POINT('',(6.143618013319,-48.09968897846));
#905 = CARTESIAN_POINT('',(6.285414123622,-48.13644080304));
#906 = CARTESIAN_POINT('',(6.427733946127,-48.17106725806));
#907 = CARTESIAN_POINT('',(6.570518576043,-48.20366979349));
#908 = CARTESIAN_POINT('',(6.993767480694,-48.29433113279));
#909 = CARTESIAN_POINT('',(7.275372469277,-48.34693575351));
#910 = CARTESIAN_POINT('',(7.558187002498,-48.39287695779));
#911 = CARTESIAN_POINT('',(7.841924986363,-48.43276513157));
#912 = CARTESIAN_POINT('',(8.12635774083,-48.46712897985));
#913 = CARTESIAN_POINT('',(8.411311159777,-48.49643510209));
#914 = CARTESIAN_POINT('',(8.69666404956,-48.52110004085));
#915 = CARTESIAN_POINT('',(9.093318255433,-48.54941692228));
#916 = CARTESIAN_POINT('',(9.204334468846,-48.55669930515));
#917 = CARTESIAN_POINT('',(9.315394191483,-48.56331104212));
#918 = CARTESIAN_POINT('',(9.426496398322,-48.56919912904));
#919 = CARTESIAN_POINT('',(9.537635957792,-48.57433859438));
#920 = CARTESIAN_POINT('',(9.64880961287,-48.57867633829));
#921 = CARTESIAN_POINT('',(9.760010805064,-48.58217636383));
#922 = CARTESIAN_POINT('',(10.039251892085,-48.58874739621));
#923 = CARTESIAN_POINT('',(10.207315701758,-48.5906870857));
#924 = CARTESIAN_POINT('',(10.375403079501,-48.59046432048));
#925 = CARTESIAN_POINT('',(10.543482349547,-48.58792478028));
#926 = CARTESIAN_POINT('',(10.711511535952,-48.5829085065));
#927 = CARTESIAN_POINT('',(10.879438383268,-48.57525021895));
#928 = CARTESIAN_POINT('',(11.047200377226,-48.56477963258));
#929 = CARTESIAN_POINT('',(11.29515704907,-48.54486034921));
#930 = CARTESIAN_POINT('',(11.375533900969,-48.53771043114));
#931 = CARTESIAN_POINT('',(11.455846935293,-48.52985261731));
#932 = CARTESIAN_POINT('',(11.536086948233,-48.52126742346));
#933 = CARTESIAN_POINT('',(11.616243917976,-48.51193528381));
#934 = CARTESIAN_POINT('',(11.696307004708,-48.50183655102));
#935 = CARTESIAN_POINT('',(11.776264550617,-48.49095149626));
#936 = CARTESIAN_POINT('',(11.939967610216,-48.4669798732));
#937 = CARTESIAN_POINT('',(12.023701034468,-48.45381042153));
#938 = CARTESIAN_POINT('',(12.107288805833,-48.4397266823));
#939 = CARTESIAN_POINT('',(12.190718007126,-48.4247140147));
#940 = CARTESIAN_POINT('',(12.273966842074,-48.40873410216));
#941 = CARTESIAN_POINT('',(12.357023305889,-48.39178533111));
#942 = CARTESIAN_POINT('',(12.439863072885,-48.37382776297));
#943 = CARTESIAN_POINT('',(12.622538207799,-48.33186331848));
#944 = CARTESIAN_POINT('',(12.722264376755,-48.30738467486));
#945 = CARTESIAN_POINT('',(12.821625239892,-48.28143422173));
#946 = CARTESIAN_POINT('',(12.920598246118,-48.25402863754));
#947 = CARTESIAN_POINT('',(13.019160661084,-48.22518249151));
#948 = CARTESIAN_POINT('',(13.117289567191,-48.19490824357));
#949 = CARTESIAN_POINT('',(13.21496186358,-48.16321624445));
#950 = CARTESIAN_POINT('',(13.544918262102,-48.05084064352));
#951 = CARTESIAN_POINT('',(13.774875726022,-47.96350019744));
#952 = CARTESIAN_POINT('',(14.00176868968,-47.86818804688));
#953 = CARTESIAN_POINT('',(14.225257247986,-47.76493445286));
#954 = CARTESIAN_POINT('',(14.444916942754,-47.6537039593));
#955 = CARTESIAN_POINT('',(14.660238194775,-47.53439460948));
#956 = CARTESIAN_POINT('',(14.870611124622,-47.4068080393));
#957 = CARTESIAN_POINT('',(15.137446304954,-47.22917613726));
#958 = CARTESIAN_POINT('',(15.199083373766,-47.18699565762));
#959 = CARTESIAN_POINT('',(15.260164283382,-47.14400662926));
#960 = CARTESIAN_POINT('',(15.32067386204,-47.10021135149));
#961 = CARTESIAN_POINT('',(15.380562464345,-47.05557179354));
#962 = CARTESIAN_POINT('',(15.439832781432,-47.01011751197));
#963 = CARTESIAN_POINT('',(15.49841572684,-46.96379009967));
#964 = CARTESIAN_POINT('',(15.611505231497,-46.87162673461));
#965 = CARTESIAN_POINT('',(15.666072865864,-46.82586694569));
#966 = CARTESIAN_POINT('',(15.719991151435,-46.77933718142));
#967 = CARTESIAN_POINT('',(15.773243391268,-46.73204362905));
#968 = CARTESIAN_POINT('',(15.82581395088,-46.6839939808));
#969 = CARTESIAN_POINT('',(15.87768825825,-46.6351974338));
#970 = CARTESIAN_POINT('',(15.928852803819,-46.58566469016));
#971 = CARTESIAN_POINT('',(16.113750259894,-46.40144756735));
#972 = CARTESIAN_POINT('',(16.243094417491,-46.2623239961));
#973 = CARTESIAN_POINT('',(16.367065381744,-46.11829452987));
#974 = CARTESIAN_POINT('',(16.485509822293,-45.96966266982));
#975 = CARTESIAN_POINT('',(16.598376024735,-45.81677280113));
#976 = CARTESIAN_POINT('',(16.705704451219,-45.66000314408));
#977 = CARTESIAN_POINT('',(16.807616146862,-45.49975698682));
#978 = CARTESIAN_POINT('',(16.951927779675,-45.25600350123));
#979 = CARTESIAN_POINT('',(16.998291376613,-45.17480615238));
#980 = CARTESIAN_POINT('',(17.043414244197,-45.09290606165));
#981 = CARTESIAN_POINT('',(17.087325366489,-45.01034817823));
#982 = CARTESIAN_POINT('',(17.130057726626,-44.92717621532));
#983 = CARTESIAN_POINT('',(17.171647783258,-44.84343237366));
#984 = CARTESIAN_POINT('',(17.212134946992,-44.75915706502));
#985 = CARTESIAN_POINT('',(17.265140842907,-44.64519130567));
#986 = CARTESIAN_POINT('',(17.278589980415,-44.61594573123));
#987 = CARTESIAN_POINT('',(17.291910608271,-44.58665296607));
#988 = CARTESIAN_POINT('',(17.305104865268,-44.55731405854));
#989 = CARTESIAN_POINT('',(17.318174890067,-44.52793005151));
#990 = CARTESIAN_POINT('',(17.3311228212,-44.49850198244));
#991 = CARTESIAN_POINT('',(17.343950797069,-44.46903088331));
#992 = CARTESIAN_POINT('',(17.379230016531,-44.38711222007));
#993 = CARTESIAN_POINT('',(17.401437466578,-44.33455116199));
#994 = CARTESIAN_POINT('',(17.42329262934,-44.28184137805));
#995 = CARTESIAN_POINT('',(17.44481745324,-44.2289964319));
#996 = CARTESIAN_POINT('',(17.465989475341,-44.17600862167));
#997 = CARTESIAN_POINT('',(17.486837253947,-44.12289372184));
#998 = CARTESIAN_POINT('',(17.507354149425,-44.06965069624));
#999 = CARTESIAN_POINT('',(17.592069697865,-43.84579609837));
#1000 = CARTESIAN_POINT('',(17.653300360601,-43.67406702848));
#1001 = CARTESIAN_POINT('',(17.71142579088,-43.50124776541));
#1002 = CARTESIAN_POINT('',(17.766641213021,-43.32747603281));
#1003 = CARTESIAN_POINT('',(17.819149701741,-43.15287729084));
#1004 = CARTESIAN_POINT('',(17.869156942916,-42.97756315054));
#1005 = CARTESIAN_POINT('',(17.916863799872,-42.80162925441));
#1006 = CARTESIAN_POINT('',(17.979685635388,-42.55846443111));
#1007 = CARTESIAN_POINT('',(17.996612594508,-42.49169917755));
#1008 = CARTESIAN_POINT('',(18.013247498508,-42.4248611712));
#1009 = CARTESIAN_POINT('',(18.029599981757,-42.35795453598));
#1010 = CARTESIAN_POINT('',(18.045679187378,-42.29098317111));
#1011 = CARTESIAN_POINT('',(18.061493577568,-42.22395071135));
#1012 = CARTESIAN_POINT('',(18.077050743931,-42.15686048714));
#1013 = CARTESIAN_POINT('',(18.104580462453,-42.036095703));
#1014 = CARTESIAN_POINT('',(18.116643980322,-41.98244104162));
#1015 = CARTESIAN_POINT('',(18.128554125164,-41.92875382244));
#1016 = CARTESIAN_POINT('',(18.140284113466,-41.87502863784));
#1017 = CARTESIAN_POINT('',(18.151847119492,-41.82126987526));
#1018 = CARTESIAN_POINT('',(18.163220044212,-41.76747329263));
#1019 = CARTESIAN_POINT('',(18.174402039432,-41.71364043357));
#1020 = CARTESIAN_POINT('',(18.20557366721,-41.56070354793));
#1021 = CARTESIAN_POINT('',(18.225081092156,-41.46151934633));
#1022 = CARTESIAN_POINT('',(18.243850275772,-41.36220716394));
#1023 = CARTESIAN_POINT('',(18.26181797549,-41.26276520886));
#1024 = CARTESIAN_POINT('',(18.278910213817,-41.1631997505));
#1025 = CARTESIAN_POINT('',(18.295037261874,-41.06352563028));
#1026 = CARTESIAN_POINT('',(18.310085698819,-40.96376559649));
#1027 = CARTESIAN_POINT('',(18.332713538027,-40.80035923544));
#1028 = CARTESIAN_POINT('',(18.341021404508,-40.73674847616));
#1029 = CARTESIAN_POINT('',(18.348792858646,-40.67312561769));
#1030 = CARTESIAN_POINT('',(18.355984173891,-40.60950612156));
#1031 = CARTESIAN_POINT('',(18.362544841579,-40.5459077237));
#1032 = CARTESIAN_POINT('',(18.368418527902,-40.48234845734));
#1033 = CARTESIAN_POINT('',(18.37354708512,-40.41884402021));
#1034 = CARTESIAN_POINT('',(18.380917156161,-40.31087717316));
#1035 = CARTESIAN_POINT('',(18.383563472203,-40.26638124889));
#1036 = CARTESIAN_POINT('',(18.385798870826,-40.22192026698));
#1037 = CARTESIAN_POINT('',(18.387606764067,-40.17749411367));
#1038 = CARTESIAN_POINT('',(18.388973086631,-40.13309837848));
#1039 = CARTESIAN_POINT('',(18.389887536487,-40.0887247282));
#1040 = CARTESIAN_POINT('',(18.390344639735,-40.04436228373));
#1041 = CARTESIAN_POINT('',(18.390344639735,-40.));
#1042 = ( GEOMETRIC_REPRESENTATION_CONTEXT(2) 
PARAMETRIC_REPRESENTATION_CONTEXT() REPRESENTATION_CONTEXT('2D SPACE',''
  ) );
#1043 = ORIENTED_EDGE('',*,*,#1044,.F.);
#1044 = EDGE_CURVE('',#1045,#453,#1047,.T.);
#1045 = VERTEX_POINT('',#1046);
#1046 = CARTESIAN_POINT('',(0.55,0.,10.5));
#1047 = SEAM_CURVE('',#1048,(#1065,#1072),.PCURVE_S1.);
#1048 = ( BOUNDED_CURVE() B_SPLINE_CURVE(3,(#1049,#1050,#1051,#1052,
    #1053,#1054,#1055,#1056,#1057,#1058,#1059,#1060,#1061,#1062,#1063,
#1064),.UNSPECIFIED.,.F.,.F.) B_SPLINE_CURVE_WITH_KNOTS((4,1,1,1,1,1,1,1
    ,1,1,1,1,1,4),(0.,3.142104686045E-02,8.182743732441E-02,
    0.165012827958,0.275119682777,0.368532333937,0.460461739274,
    0.555375670284,0.658391979945,0.764671725459,0.830566078559,
0.884453584463,0.92477443307,1.),.UNSPECIFIED.) CURVE() 
GEOMETRIC_REPRESENTATION_ITEM() RATIONAL_B_SPLINE_CURVE((1.,1.,1.,1.,1.,
    1.,1.,1.,1.,1.,1.,1.,1.000000000001,0.999999999995,1.000000000019,1.
)) REPRESENTATION_ITEM('') );
#1049 = CARTESIAN_POINT('',(0.55,0.,10.5));
#1050 = CARTESIAN_POINT('',(0.880428580103,2.532887827526E-16,
    10.465116992243));
#1051 = CARTESIAN_POINT('',(1.754637361142,-2.829592331268E-16,
    10.365009307008));
#1052 = CARTESIAN_POINT('',(3.492860183848,-3.19821723762E-15,
    10.050493190363));
#1053 = CARTESIAN_POINT('',(6.091076998798,-3.617703038949E-15,
    9.419808591729));
#1054 = CARTESIAN_POINT('',(9.115365085466,1.60636131396E-15,
    7.96121340119));
#1055 = CARTESIAN_POINT('',(10.786306374138,2.034012552448E-15,
    4.591866333575));
#1056 = CARTESIAN_POINT('',(10.617077408864,-1.681976227642E-15,
    0.949616477242));
#1057 = CARTESIAN_POINT('',(9.680209492221,-9.013812239925E-15,
    -2.743129938689));
#1058 = CARTESIAN_POINT('',(6.649048716233,2.95844549684E-15,
    -5.683578085262));
#1059 = CARTESIAN_POINT('',(3.464360043504,2.855873173277E-15,
    -7.518394899904));
#1060 = CARTESIAN_POINT('',(1.547749871981,-4.702173655347E-15,
    -9.757327463711));
#1061 = CARTESIAN_POINT('',(1.31239585948,-1.012744022804E-15,
    -11.88958396732));
#1062 = CARTESIAN_POINT('',(0.555126940441,-4.168377584971E-16,
    -13.75987572961));
#1063 = CARTESIAN_POINT('',(-2.516326323117,-2.252046314611E-14,
    -13.60165756609));
#1064 = CARTESIAN_POINT('',(-2.,0.,-13.9));
#1065 = PCURVE('',#46,#1066);
#1066 = DEFINITIONAL_REPRESENTATION('',(#1067),#1071);
#1067 = LINE('',#1068,#1069);
#1068 = CARTESIAN_POINT('',(0.,0.));
#1069 = VECTOR('',#1070,1.);
#1070 = DIRECTION('',(0.,1.));
#1071 = ( GEOMETRIC_REPRESENTATION_CONTEXT(2) 
PARAMETRIC_REPRESENTATION_CONTEXT() REPRESENTATION_CONTEXT('2D SPACE',''
  ) );
#1072 = PCURVE('',#46,#1073);
#1073 = DEFINITIONAL_REPRESENTATION('',(#1074),#1078);
#1074 = LINE('',#1075,#1076);
#1075 = CARTESIAN_POINT('',(1.,0.));
#1076 = VECTOR('',#1077,1.);
#1077 = DIRECTION('',(0.,1.));
#1078 = ( GEOMETRIC_REPRESENTATION_CONTEXT(2) 
PARAMETRIC_REPRESENTATION_CONTEXT() REPRESENTATION_CONTEXT('2D SPACE',''
  ) );
#1079 = ORIENTED_EDGE('',*,*,#1044,.T.);
#1080 = ORIENTED_EDGE('',*,*,#1081,.T.);
#1081 = EDGE_CURVE('',#453,#24,#1082,.T.);
#1082 = SURFACE_CURVE('',#1083,(#1282,#1484),.PCURVE_S1.);
#1083 = B_SPLINE_CURVE_WITH_KNOTS('',8,(#1084,#1085,#1086,#1087,#1088,
    #1089,#1090,#1091,#1092,#1093,#1094,#1095,#1096,#1097,#1098,#1099,
    #1100,#1101,#1102,#1103,#1104,#1105,#1106,#1107,#1108,#1109,#1110,
    #1111,#1112,#1113,#1114,#1115,#1116,#1117,#1118,#1119,#1120,#1121,
    #1122,#1123,#1124,#1125,#1126,#1127,#1128,#1129,#1130,#1131,#1132,
    #1133,#1134,#1135,#1136,#1137,#1138,#1139,#1140,#1141,#1142,#1143,
    #1144,#1145,#1146,#1147,#1148,#1149,#1150,#1151,#1152,#1153,#1154,
    #1155,#1156,#1157,#1158,#1159,#1160,#1161,#1162,#1163,#1164,#1165,
    #1166,#1167,#1168,#1169,#1170,#1171,#1172,#1173,#1174,#1175,#1176,
    #1177,#1178,#1179,#1180,#1181,#1182,#1183,#1184,#1185,#1186,#1187,
    #1188,#1189,#1190,#1191,#1192,#1193,#1194,#1195,#1196,#1197,#1198,
    #1199,#1200,#1201,#1202,#1203,#1204,#1205,#1206,#1207,#1208,#1209,
    #1210,#1211,#1212,#1213,#1214,#1215,#1216,#1217,#1218,#1219,#1220,
    #1221,#1222,#1223,#1224,#1225,#1226,#1227,#1228,#1229,#1230,#1231,
    #1232,#1233,#1234,#1235,#1236,#1237,#1238,#1239,#1240,#1241,#1242,
    #1243,#1244,#1245,#1246,#1247,#1248,#1249,#1250,#1251,#1252,#1253,
    #1254,#1255,#1256,#1257,#1258,#1259,#1260,#1261,#1262,#1263,#1264,
    #1265,#1266,#1267,#1268,#1269,#1270,#1271,#1272,#1273,#1274,#1275,
    #1276,#1277,#1278,#1279,#1280,#1281),.UNSPECIFIED.,.F.,.F.,(9,7,7,7,
    7,7,7,7,7,7,7,7,7,7,7,7,7,7,7,7,7,7,7,7,7,7,7,7,9),(0.,
    1.423159713998E-02,3.004287059735E-02,6.197314019019E-02,
    8.338796355853E-02,0.155836975526,0.173772201733,0.187231635925,
    0.227892658937,0.279454538029,0.301787680519,0.325209610084,
    0.402343050315,0.434324860238,0.450508346729,0.511413866417,
    0.541505469807,0.573224083385,0.66264920643,0.702759441222,
    0.712612420686,0.741786419634,0.804910087335,0.835080019674,
    0.850743230718,0.866406498895,0.922519135605,0.955299287279,1.),
  .UNSPECIFIED.);
#1084 = CARTESIAN_POINT('',(1.475,0.,10.390344639735));
#1085 = CARTESIAN_POINT('',(1.475,-4.44052486498E-02,10.390344639735));
#1086 = CARTESIAN_POINT('',(1.475,-8.881065965068E-02,10.389886651283));
#1087 = CARTESIAN_POINT('',(1.475,-0.133227308751,10.388970427902));
#1088 = CARTESIAN_POINT('',(1.475,-0.177666106128,10.38760146746));
#1089 = CARTESIAN_POINT('',(1.475,-0.222135404297,10.385790112271));
#1090 = CARTESIAN_POINT('',(1.475,-0.266639615342,10.383550477255));
#1091 = CARTESIAN_POINT('',(1.475,-0.311178837474,10.380899206169));
#1092 = CARTESIAN_POINT('',(1.475,-0.405267389891,10.374470900564));
#1093 = CARTESIAN_POINT('',(1.475,-0.454825133861,10.37060167828));
#1094 = CARTESIAN_POINT('',(1.475,-0.504417940903,10.366271455115));
#1095 = CARTESIAN_POINT('',(1.475,-0.554038861898,10.361507395891));
#1096 = CARTESIAN_POINT('',(1.475,-0.603679676349,10.356336559731));
#1097 = CARTESIAN_POINT('',(1.475,-0.653331711336,10.350784489829));
#1098 = CARTESIAN_POINT('',(1.475,-0.702986583617,10.344874597432));
#1099 = CARTESIAN_POINT('',(1.475,-0.852903732641,10.326014259135));
#1100 = CARTESIAN_POINT('',(1.475,-0.953146410173,10.312028979421));
#1101 = CARTESIAN_POINT('',(1.475,-1.053328299551,10.296846403917));
#1102 = CARTESIAN_POINT('',(1.475,-1.153415807976,10.280603206826));
#1103 = CARTESIAN_POINT('',(1.475,-1.253386030357,10.263405217308));
#1104 = CARTESIAN_POINT('',(1.475,-1.353227900942,10.245337369086));
#1105 = CARTESIAN_POINT('',(1.475,-1.452941220425,10.226471636388));
#1106 = CARTESIAN_POINT('',(1.475,-1.619334979814,10.193719296134));
#1107 = CARTESIAN_POINT('',(1.475,-1.686074689908,10.18023956574));
#1108 = CARTESIAN_POINT('',(1.475,-1.752758149563,10.166449910474));
#1109 = CARTESIAN_POINT('',(1.475,-1.819383193118,10.1523574573));
#1110 = CARTESIAN_POINT('',(1.475,-1.885955451601,10.137997375277));
#1111 = CARTESIAN_POINT('',(1.475,-1.952469560875,10.123358277372));
#1112 = CARTESIAN_POINT('',(1.475,-2.018932661541,10.108477663818));
#1113 = CARTESIAN_POINT('',(1.475,-2.31001654257,10.042186722636));
#1114 = CARTESIAN_POINT('',(1.475,-2.534069300506,9.988219204028));
#1115 = CARTESIAN_POINT('',(1.475,-2.757407760681,9.93120393542));
#1116 = CARTESIAN_POINT('',(1.475,-2.979877356384,9.870759322991));
#1117 = CARTESIAN_POINT('',(1.475,-3.201287557662,9.806476296036));
#1118 = CARTESIAN_POINT('',(1.475,-3.421418143751,9.737943047453));
#1119 = CARTESIAN_POINT('',(1.475,-3.640019288473,9.664744001397));
#1120 = CARTESIAN_POINT('',(1.475,-3.910488303818,9.567117172477));
#1121 = CARTESIAN_POINT('',(1.475,-3.964046757292,9.547435363788));
#1122 = CARTESIAN_POINT('',(1.475,-4.017489193593,9.527438308857));
#1123 = CARTESIAN_POINT('',(1.475,-4.070811020244,9.507120315932));
#1124 = CARTESIAN_POINT('',(1.475,-4.124007512872,9.486475835128));
#1125 = CARTESIAN_POINT('',(1.475,-4.177073815214,9.465499458435));
#1126 = CARTESIAN_POINT('',(1.475,-4.230004939113,9.444185919711));
#1127 = CARTESIAN_POINT('',(1.475,-4.322412473689,9.40627854879));
#1128 = CARTESIAN_POINT('',(1.475,-4.361959518478,9.389830254386));
#1129 = CARTESIAN_POINT('',(1.475,-4.401436163401,9.373183861224));
#1130 = CARTESIAN_POINT('',(1.475,-4.440839883338,9.356333667393));
#1131 = CARTESIAN_POINT('',(1.475,-4.480167903771,9.339273498011));
#1132 = CARTESIAN_POINT('',(1.475,-4.51941789069,9.321998431824));
#1133 = CARTESIAN_POINT('',(1.475,-4.558587790154,9.30450437572));
#1134 = CARTESIAN_POINT('',(1.475,-4.715756937189,9.233256629577));
#1135 = CARTESIAN_POINT('',(1.475,-4.832940374602,9.177742326011));
#1136 = CARTESIAN_POINT('',(1.475,-4.949125636842,9.120127697738));
#1137 = CARTESIAN_POINT('',(1.475,-5.064205260265,9.060305879396));
#1138 = CARTESIAN_POINT('',(1.475,-5.17806527539,8.998180719512));
#1139 = CARTESIAN_POINT('',(1.475,-5.290586671809,8.933669481037));
#1140 = CARTESIAN_POINT('',(1.475,-5.401646863081,8.866705541886));
#1141 = CARTESIAN_POINT('',(1.475,-5.64994451643,8.709153853155));
#1142 = CARTESIAN_POINT('',(1.475,-5.786231071583,8.617037319921));
#1143 = CARTESIAN_POINT('',(1.475,-5.919710228148,8.520803229984));
#1144 = CARTESIAN_POINT('',(1.475,-6.05012526467,8.420404527745));
#1145 = CARTESIAN_POINT('',(1.475,-6.177237989815,8.315841289577));
#1146 = CARTESIAN_POINT('',(1.475,-6.30083252794,8.207165560452));
#1147 = CARTESIAN_POINT('',(1.475,-6.420718227585,8.094485105418));
#1148 = CARTESIAN_POINT('',(1.475,-6.586980933204,7.927497859196));
#1149 = CARTESIAN_POINT('',(1.475,-6.636505678975,7.876307408185));
#1150 = CARTESIAN_POINT('',(1.475,-6.685293740406,7.824407200222));
#1151 = CARTESIAN_POINT('',(1.475,-6.733334434087,7.771810773431));
#1152 = CARTESIAN_POINT('',(1.475,-6.780618583029,7.718532726722));
#1153 = CARTESIAN_POINT('',(1.475,-6.827138516657,7.664588719798));
#1154 = CARTESIAN_POINT('',(1.475,-6.872888070816,7.609995473145));
#1155 = CARTESIAN_POINT('',(1.475,-6.965029705819,7.496853743878));
#1156 = CARTESIAN_POINT('',(1.475,-7.011345431021,7.43824410077));
#1157 = CARTESIAN_POINT('',(1.475,-7.056788203948,7.378947567815));
#1158 = CARTESIAN_POINT('',(1.475,-7.10141643677,7.319033560301));
#1159 = CARTESIAN_POINT('',(1.475,-7.145199822452,7.258498329094));
#1160 = CARTESIAN_POINT('',(1.475,-7.188177254384,7.197392588172));
#1161 = CARTESIAN_POINT('',(1.475,-7.230345907353,7.135730787303));
#1162 = CARTESIAN_POINT('',(1.475,-7.40796797685,6.868728861393));
#1163 = CARTESIAN_POINT('',(1.475,-7.535551616115,6.658211324726));
#1164 = CARTESIAN_POINT('',(1.475,-7.654851326801,6.442744976661));
#1165 = CARTESIAN_POINT('',(1.475,-7.766064738037,6.222940821392));
#1166 = CARTESIAN_POINT('',(1.475,-7.869293665197,5.999308652114));
#1167 = CARTESIAN_POINT('',(1.475,-7.964573548085,5.772272398999));
#1168 = CARTESIAN_POINT('',(1.475,-8.051873898875,5.542170928224));
#1169 = CARTESIAN_POINT('',(1.475,-8.16394898821,5.212689060716));
#1170 = CARTESIAN_POINT('',(1.475,-8.195406951757,5.115644381168));
#1171 = CARTESIAN_POINT('',(1.475,-8.225465413947,5.018149382126));
#1172 = CARTESIAN_POINT('',(1.475,-8.254114198163,4.920226715458));
#1173 = CARTESIAN_POINT('',(1.475,-8.28134107376,4.821898853075));
#1174 = CARTESIAN_POINT('',(1.475,-8.307131756065,4.723188086922));
#1175 = CARTESIAN_POINT('',(1.475,-8.331469906373,4.624116528986));
#1176 = CARTESIAN_POINT('',(1.475,-8.36590844193,4.474402293101));
#1177 = CARTESIAN_POINT('',(1.475,-8.377108051918,4.423986627796));
#1178 = CARTESIAN_POINT('',(1.475,-8.387936203665,4.37346052494));
#1179 = CARTESIAN_POINT('',(1.475,-8.398401246125,4.322827681469));
#1180 = CARTESIAN_POINT('',(1.475,-8.408506836855,4.272090404387));
#1181 = CARTESIAN_POINT('',(1.475,-8.418255524735,4.221250726982));
#1182 = CARTESIAN_POINT('',(1.475,-8.427654081793,4.170311945485));
#1183 = CARTESIAN_POINT('',(1.475,-8.470772088057,3.927206440167));
#1184 = CARTESIAN_POINT('',(1.475,-8.499843282751,3.734257447912));
#1185 = CARTESIAN_POINT('',(1.475,-8.52419534483,3.540624901327));
#1186 = CARTESIAN_POINT('',(1.475,-8.54410914873,3.346479519985));
#1187 = CARTESIAN_POINT('',(1.475,-8.559864342494,3.151966425617));
#1188 = CARTESIAN_POINT('',(1.475,-8.571734709204,2.95720466773));
#1189 = CARTESIAN_POINT('',(1.475,-8.579985181818,2.762286917265));
#1190 = CARTESIAN_POINT('',(1.475,-8.587284207304,2.470931886271));
#1191 = CARTESIAN_POINT('',(1.475,-8.588876420012,2.374563931496));
#1192 = CARTESIAN_POINT('',(1.475,-8.589677880851,2.278184213569));
#1193 = CARTESIAN_POINT('',(1.475,-8.589718725275,2.181800551178));
#1194 = CARTESIAN_POINT('',(1.475,-8.589028492902,2.085419832078));
#1195 = CARTESIAN_POINT('',(1.475,-8.587636127513,1.989048013095));
#1196 = CARTESIAN_POINT('',(1.475,-8.585569977049,1.892690120122));
#1197 = CARTESIAN_POINT('',(1.475,-8.579998966282,1.694801416296));
#1198 = CARTESIAN_POINT('',(1.475,-8.57642254705,1.593272849773));
#1199 = CARTESIAN_POINT('',(1.475,-8.572160151604,1.491769519188));
#1200 = CARTESIAN_POINT('',(1.475,-8.567245534129,1.39029524861));
#1201 = CARTESIAN_POINT('',(1.475,-8.561708295466,1.288853502262));
#1202 = CARTESIAN_POINT('',(1.475,-8.555578275844,1.187446918317));
#1203 = CARTESIAN_POINT('',(1.475,-8.548888658745,1.086076945093));
#1204 = CARTESIAN_POINT('',(1.475,-8.521302251749,0.699056928669));
#1205 = CARTESIAN_POINT('',(1.475,-8.496670778075,0.413698956142));
#1206 = CARTESIAN_POINT('',(1.475,-8.46740060317,0.128739693008));
#1207 = CARTESIAN_POINT('',(1.475,-8.433075447137,-0.155699830184));
#1208 = CARTESIAN_POINT('',(1.475,-8.393229016049,-0.439445745541));
#1209 = CARTESIAN_POINT('',(1.475,-8.347332960058,-0.722269689142));
#1210 = CARTESIAN_POINT('',(1.475,-8.29477731207,-1.003885966106));
#1211 = CARTESIAN_POINT('',(1.475,-8.207960994915,-1.40956476061));
#1212 = CARTESIAN_POINT('',(1.475,-8.179595537174,-1.534862823793));
#1213 = CARTESIAN_POINT('',(1.475,-8.149682732441,-1.659808445662));
#1214 = CARTESIAN_POINT('',(1.475,-8.118154737162,-1.784362433613));
#1215 = CARTESIAN_POINT('',(1.475,-8.084939864839,-1.908479604444));
#1216 = CARTESIAN_POINT('',(1.475,-8.049962285338,-2.032108703073));
#1217 = CARTESIAN_POINT('',(1.475,-8.01314172419,-2.155192321237));
#1218 = CARTESIAN_POINT('',(1.475,-7.964874673908,-2.307752371429));
#1219 = CARTESIAN_POINT('',(1.475,-7.955252447251,-2.337761483099));
#1220 = CARTESIAN_POINT('',(1.475,-7.945525746819,-2.367693203949));
#1221 = CARTESIAN_POINT('',(1.475,-7.935693861797,-2.397546602645));
#1222 = CARTESIAN_POINT('',(1.475,-7.925756105675,-2.427320763792));
#1223 = CARTESIAN_POINT('',(1.475,-7.915711816244,-2.457014787933));
#1224 = CARTESIAN_POINT('',(1.475,-7.9055603556,-2.486627791549));
#1225 = CARTESIAN_POINT('',(1.475,-7.864924185335,-2.603598522248));
#1226 = CARTESIAN_POINT('',(1.475,-7.833485279785,-2.690668916694));
#1227 = CARTESIAN_POINT('',(1.475,-7.800987744016,-2.777354299791));
#1228 = CARTESIAN_POINT('',(1.475,-7.767435586469,-2.863639085603));
#1229 = CARTESIAN_POINT('',(1.475,-7.732833473511,-2.949507892867));
#1230 = CARTESIAN_POINT('',(1.475,-7.697186729424,-3.034945544992));
#1231 = CARTESIAN_POINT('',(1.475,-7.660501336414,-3.119937070056));
#1232 = CARTESIAN_POINT('',(1.475,-7.541174939469,-3.38736629678));
#1233 = CARTESIAN_POINT('',(1.475,-7.454733648983,-3.568108813579));
#1234 = CARTESIAN_POINT('',(1.475,-7.363527694589,-3.746543941221));
#1235 = CARTESIAN_POINT('',(1.475,-7.267636584335,-3.922528867877));
#1236 = CARTESIAN_POINT('',(1.475,-7.16715023271,-4.095928474443));
#1237 = CARTESIAN_POINT('',(1.475,-7.062167490493,-4.2666145291));
#1238 = CARTESIAN_POINT('',(1.475,-6.952794674585,-4.43446488188));
#1239 = CARTESIAN_POINT('',(1.475,-6.784824849067,-4.678175487543));
#1240 = CARTESIAN_POINT('',(1.475,-6.729528117796,-4.756314228216));
#1241 = CARTESIAN_POINT('',(1.475,-6.673266071285,-4.83376637465));
#1242 = CARTESIAN_POINT('',(1.475,-6.616051064918,-4.910519755526));
#1243 = CARTESIAN_POINT('',(1.475,-6.557895642216,-4.986562534798));
#1244 = CARTESIAN_POINT('',(1.475,-6.498812534838,-5.061883211694));
#1245 = CARTESIAN_POINT('',(1.475,-6.438814662585,-5.136470620716));
#1246 = CARTESIAN_POINT('',(1.475,-6.346298152373,-5.248650887461));
#1247 = CARTESIAN_POINT('',(1.475,-6.314456913986,-5.28676441946));
#1248 = CARTESIAN_POINT('',(1.475,-6.282392664131,-5.324654982304));
#1249 = CARTESIAN_POINT('',(1.475,-6.250106454113,-5.362322900931));
#1250 = CARTESIAN_POINT('',(1.475,-6.21759921766,-5.399768451165));
#1251 = CARTESIAN_POINT('',(1.475,-6.184871847933,-5.436991940329));
#1252 = CARTESIAN_POINT('',(1.475,-6.15192527454,-5.473993787859));
#1253 = CARTESIAN_POINT('',(1.475,-6.085595685579,-5.547555558139));
#1254 = CARTESIAN_POINT('',(1.475,-6.052212268481,-5.584117328228));
#1255 = CARTESIAN_POINT('',(1.475,-6.018610353618,-5.620469515447));
#1256 = CARTESIAN_POINT('',(1.475,-5.984789956374,-5.656621717842));
#1257 = CARTESIAN_POINT('',(1.475,-5.950751043146,-5.692583532245));
#1258 = CARTESIAN_POINT('',(1.475,-5.916493531349,-5.728364554272));
#1259 = CARTESIAN_POINT('',(1.475,-5.882017289412,-5.763974378326));
#1260 = CARTESIAN_POINT('',(1.475,-5.723029015257,-5.926413531243));
#1261 = CARTESIAN_POINT('',(1.475,-5.59627089805,-6.050978631253));
#1262 = CARTESIAN_POINT('',(1.475,-5.467335326279,-6.173303948714));
#1263 = CARTESIAN_POINT('',(1.475,-5.336516468409,-6.293611555006));
#1264 = CARTESIAN_POINT('',(1.475,-5.204100463345,-6.412143357971));
#1265 = CARTESIAN_POINT('',(1.475,-5.070353851847,-6.529148397529));
#1266 = CARTESIAN_POINT('',(1.475,-4.935515096271,-6.644873620699));
#1267 = CARTESIAN_POINT('',(1.475,-4.720500171074,-6.826555091273));
#1268 = CARTESIAN_POINT('',(1.475,-4.640910229921,-6.893195321106));
#1269 = CARTESIAN_POINT('',(1.475,-4.561061422899,-6.959525744123));
#1270 = CARTESIAN_POINT('',(1.475,-4.480993228234,-7.025591152502));
#1271 = CARTESIAN_POINT('',(1.475,-4.400742423898,-7.091434066812));
#1272 = CARTESIAN_POINT('',(1.475,-4.320342966834,-7.15709459078));
#1273 = CARTESIAN_POINT('',(1.475,-4.239825872186,-7.222610266052));
#1274 = CARTESIAN_POINT('',(1.475,-4.049299512627,-7.377206473969));
#1275 = CARTESIAN_POINT('',(1.475,-3.939214081777,-7.46619172723));
#1276 = CARTESIAN_POINT('',(1.475,-3.829034159132,-7.555059970678));
#1277 = CARTESIAN_POINT('',(1.475,-3.718822664064,-7.64388897427));
#1278 = CARTESIAN_POINT('',(1.475,-3.608634076156,-7.732745993985));
#1279 = CARTESIAN_POINT('',(1.475,-3.498514435206,-7.821687771825));
#1280 = CARTESIAN_POINT('',(1.475,-3.388501341222,-7.910760535814));
#1281 = CARTESIAN_POINT('',(1.475,-3.278623954429,-8.));
#1282 = PCURVE('',#46,#1283);
#1283 = DEFINITIONAL_REPRESENTATION('',(#1284),#1483);
#1284 = B_SPLINE_CURVE_WITH_KNOTS('',8,(#1285,#1286,#1287,#1288,#1289,
    #1290,#1291,#1292,#1293,#1294,#1295,#1296,#1297,#1298,#1299,#1300,
    #1301,#1302,#1303,#1304,#1305,#1306,#1307,#1308,#1309,#1310,#1311,
    #1312,#1313,#1314,#1315,#1316,#1317,#1318,#1319,#1320,#1321,#1322,
    #1323,#1324,#1325,#1326,#1327,#1328,#1329,#1330,#1331,#1332,#1333,
    #1334,#1335,#1336,#1337,#1338,#1339,#1340,#1341,#1342,#1343,#1344,
    #1345,#1346,#1347,#1348,#1349,#1350,#1351,#1352,#1353,#1354,#1355,
    #1356,#1357,#1358,#1359,#1360,#1361,#1362,#1363,#1364,#1365,#1366,
    #1367,#1368,#1369,#1370,#1371,#1372,#1373,#1374,#1375,#1376,#1377,
    #1378,#1379,#1380,#1381,#1382,#1383,#1384,#1385,#1386,#1387,#1388,
    #1389,#1390,#1391,#1392,#1393,#1394,#1395,#1396,#1397,#1398,#1399,
    #1400,#1401,#1402,#1403,#1404,#1405,#1406,#1407,#1408,#1409,#1410,
    #1411,#1412,#1413,#1414,#1415,#1416,#1417,#1418,#1419,#1420,#1421,
    #1422,#1423,#1424,#1425,#1426,#1427,#1428,#1429,#1430,#1431,#1432,
    #1433,#1434,#1435,#1436,#1437,#1438,#1439,#1440,#1441,#1442,#1443,
    #1444,#1445,#1446,#1447,#1448,#1449,#1450,#1451,#1452,#1453,#1454,
    #1455,#1456,#1457,#1458,#1459,#1460,#1461,#1462,#1463,#1464,#1465,
    #1466,#1467,#1468,#1469,#1470,#1471,#1472,#1473,#1474,#1475,#1476,
    #1477,#1478,#1479,#1480,#1481,#1482),.UNSPECIFIED.,.F.,.F.,(9,7,7,7,
    7,7,7,7,7,7,7,7,7,7,7,7,7,7,7,7,7,7,7,7,7,7,7,7,9),(0.,
    1.423159713998E-02,3.004287059735E-02,6.197314019019E-02,
    8.338796355853E-02,0.155836975526,0.173772201733,0.187231635925,
    0.227892658937,0.279454538029,0.301787680519,0.325209610084,
    0.402343050315,0.434324860238,0.450508346729,0.511413866417,
    0.541505469807,0.573224083385,0.66264920643,0.702759441222,
    0.712612420686,0.741786419634,0.804910087335,0.835080019674,
    0.850743230718,0.866406498895,0.922519135605,0.955299287279,1.),
  .UNSPECIFIED.);
#1285 = CARTESIAN_POINT('',(1.,2.906920452942E-02));
#1286 = CARTESIAN_POINT('',(0.991017355025,2.906920452942E-02));
#1287 = CARTESIAN_POINT('',(0.982034731653,2.917470344932E-02));
#1288 = CARTESIAN_POINT('',(0.973135562435,2.938574364601E-02));
#1289 = CARTESIAN_POINT('',(0.964404296685,2.970038151661E-02));
#1290 = CARTESIAN_POINT('',(0.955914677735,3.011487280649E-02));
#1291 = CARTESIAN_POINT('',(0.947723085647,3.062401409401E-02));
#1292 = CARTESIAN_POINT('',(0.939866945385,3.122164045178E-02));
#1293 = CARTESIAN_POINT('',(0.924037111118,3.265635654906E-02));
#1294 = CARTESIAN_POINT('',(0.91614686565,3.351266748958E-02));
#1295 = CARTESIAN_POINT('',(0.90872802935,3.446126363237E-02));
#1296 = CARTESIAN_POINT('',(0.901785015605,3.549265120612E-02));
#1297 = CARTESIAN_POINT('',(0.895304603768,3.659761269291E-02));
#1298 = CARTESIAN_POINT('',(0.889263010285,3.776770975114E-02));
#1299 = CARTESIAN_POINT('',(0.883631513034,3.899546751052E-02));
#1300 = CARTESIAN_POINT('',(0.867776666675,4.285667346819E-02));
#1301 = CARTESIAN_POINT('',(0.858725538298,4.564706215464E-02));
#1302 = CARTESIAN_POINT('',(0.850976696332,4.859128628058E-02));
#1303 = CARTESIAN_POINT('',(0.844267134485,5.165078174805E-02));
#1304 = CARTESIAN_POINT('',(0.83839723782,5.479903573909E-02));
#1305 = CARTESIAN_POINT('',(0.833221408187,5.801730155719E-02));
#1306 = CARTESIAN_POINT('',(0.828616542946,6.129133733819E-02));
#1307 = CARTESIAN_POINT('',(0.821724846378,6.683736861978E-02));
#1308 = CARTESIAN_POINT('',(0.819174104753,6.908411091592E-02));
#1309 = CARTESIAN_POINT('',(0.81681111578,7.134795688212E-02));
#1310 = CARTESIAN_POINT('',(0.814613241543,7.362642973044E-02));
#1311 = CARTESIAN_POINT('',(0.812560942606,7.591728413785E-02));
#1312 = CARTESIAN_POINT('',(0.810638898962,7.821901509928E-02));
#1313 = CARTESIAN_POINT('',(0.808832861451,8.052997488399E-02));
#1314 = CARTESIAN_POINT('',(0.801375717575,9.069486528017E-02));
#1315 = CARTESIAN_POINT('',(0.796818518195,9.863348092555E-02));
#1316 = CARTESIAN_POINT('',(0.793028818072,0.106625195725));
#1317 = CARTESIAN_POINT('',(0.789810473812,0.114653815981));
#1318 = CARTESIAN_POINT('',(0.7870379997,0.122708365011));
#1319 = CARTESIAN_POINT('',(0.784617427745,0.130779374644));
#1320 = CARTESIAN_POINT('',(0.782492289674,0.138860143409));
#1321 = CARTESIAN_POINT('',(0.780149852086,0.148944368545));
#1322 = CARTESIAN_POINT('',(0.779700229145,0.150945521348));
#1323 = CARTESIAN_POINT('',(0.779265120869,0.1529466649));
#1324 = CARTESIAN_POINT('',(0.778843894232,0.154947679309));
#1325 = CARTESIAN_POINT('',(0.77843596277,0.156948442606));
#1326 = CARTESIAN_POINT('',(0.778040786584,0.158948830748));
#1327 = CARTESIAN_POINT('',(0.777657872337,0.160948717613));
#1328 = CARTESIAN_POINT('',(0.777008283118,0.164448311436));
#1329 = CARTESIAN_POINT('',(0.776736376625,0.165948650312));
#1330 = CARTESIAN_POINT('',(0.776470867365,0.167448959963));
#1331 = CARTESIAN_POINT('',(0.776211554316,0.168949249509));
#1332 = CARTESIAN_POINT('',(0.775958243156,0.170449531422));
#1333 = CARTESIAN_POINT('',(0.775710755405,0.171949804985));
#1334 = CARTESIAN_POINT('',(0.775468925419,0.173450060634));
#1335 = CARTESIAN_POINT('',(0.774518600259,0.1794825521));
#1336 = CARTESIAN_POINT('',(0.773855585685,0.184009192326));
#1337 = CARTESIAN_POINT('',(0.773239050797,0.188528878063));
#1338 = CARTESIAN_POINT('',(0.772665104194,0.193039949518));
#1339 = CARTESIAN_POINT('',(0.772130366501,0.197540436381));
#1340 = CARTESIAN_POINT('',(0.771631883078,0.202028059296));
#1341 = CARTESIAN_POINT('',(0.77116703673,0.206500231331));
#1342 = CARTESIAN_POINT('',(0.770183646174,0.216601918975));
#1343 = CARTESIAN_POINT('',(0.769684072085,0.222220823365));
#1344 = CARTESIAN_POINT('',(0.76923002858,0.227804222327));
#1345 = CARTESIAN_POINT('',(0.768817424073,0.233345494402));
#1346 = CARTESIAN_POINT('',(0.768442674295,0.238837975325));
#1347 = CARTESIAN_POINT('',(0.768102611049,0.244274977019));
#1348 = CARTESIAN_POINT('',(0.767794410405,0.249649797176));
#1349 = CARTESIAN_POINT('',(0.767394752537,0.257253888581));
#1350 = CARTESIAN_POINT('',(0.767279462061,0.259539223197));
#1351 = CARTESIAN_POINT('',(0.767169461933,0.261811226898));
#1352 = CARTESIAN_POINT('',(0.767064553493,0.264069433483));
#1353 = CARTESIAN_POINT('',(0.766964546389,0.266313406953));
#1354 = CARTESIAN_POINT('',(0.766869258573,0.268542741515));
#1355 = CARTESIAN_POINT('',(0.766778516305,0.270757061582));
#1356 = CARTESIAN_POINT('',(0.766601581653,0.275262185835));
#1357 = CARTESIAN_POINT('',(0.766515822554,0.277551544419));
#1358 = CARTESIAN_POINT('',(0.766434733587,0.279822573214));
#1359 = CARTESIAN_POINT('',(0.766357944527,0.282079109762));
#1360 = CARTESIAN_POINT('',(0.766285383871,0.284319142388));
#1361 = CARTESIAN_POINT('',(0.766216778113,0.286545255251));
#1362 = CARTESIAN_POINT('',(0.76615200149,0.288757305766));
#1363 = CARTESIAN_POINT('',(0.765889639802,0.298197684134));
#1364 = CARTESIAN_POINT('',(0.76572820374,0.305294739467));
#1365 = CARTESIAN_POINT('',(0.765601083444,0.31227416567));
#1366 = CARTESIAN_POINT('',(0.765504747675,0.319155420465));
#1367 = CARTESIAN_POINT('',(0.765436706758,0.325954646426));
#1368 = CARTESIAN_POINT('',(0.765395180119,0.332686304989));
#1369 = CARTESIAN_POINT('',(0.765379032716,0.339363857094));
#1370 = CARTESIAN_POINT('',(0.765391230606,0.348752839368));
#1371 = CARTESIAN_POINT('',(0.765399063371,0.351497531012));
#1372 = CARTESIAN_POINT('',(0.765411110747,0.354235817187));
#1373 = CARTESIAN_POINT('',(0.765427343174,0.35696848423));
#1374 = CARTESIAN_POINT('',(0.76544774447,0.359696280024));
#1375 = CARTESIAN_POINT('',(0.765472311831,0.362419913996));
#1376 = CARTESIAN_POINT('',(0.765501055831,0.365140057125));
#1377 = CARTESIAN_POINT('',(0.765550671096,0.369232346727));
#1378 = CARTESIAN_POINT('',(0.76556842808,0.370607317211));
#1379 = CARTESIAN_POINT('',(0.765587267786,0.371982336809));
#1380 = CARTESIAN_POINT('',(0.765607160743,0.373357328225));
#1381 = CARTESIAN_POINT('',(0.765628093418,0.374732309086));
#1382 = CARTESIAN_POINT('',(0.765650056373,0.376107317866));
#1383 = CARTESIAN_POINT('',(0.765673026781,0.377482307244));
#1384 = CARTESIAN_POINT('',(0.765787189981,0.384032007317));
#1385 = CARTESIAN_POINT('',(0.765891254683,0.389193443244));
#1386 = CARTESIAN_POINT('',(0.76600824606,0.394340368984));
#1387 = CARTESIAN_POINT('',(0.766137322246,0.399472182945));
#1388 = CARTESIAN_POINT('',(0.766277730339,0.40458888573));
#1389 = CARTESIAN_POINT('',(0.766428797551,0.409691061152));
#1390 = CARTESIAN_POINT('',(0.766589924048,0.414779875326));
#1391 = CARTESIAN_POINT('',(0.766844892291,0.422365596295));
#1392 = CARTESIAN_POINT('',(0.766931531154,0.424871231905));
#1393 = CARTESIAN_POINT('',(0.767020429627,0.427374192391));
#1394 = CARTESIAN_POINT('',(0.767111526042,0.429874689485));
#1395 = CARTESIAN_POINT('',(0.767204761527,0.432372954933));
#1396 = CARTESIAN_POINT('',(0.767300080009,0.434869240488));
#1397 = CARTESIAN_POINT('',(0.767397428208,0.437363817913));
#1398 = CARTESIAN_POINT('',(0.76760145357,0.442484941727));
#1399 = CARTESIAN_POINT('',(0.76770834889,0.445111324667));
#1400 = CARTESIAN_POINT('',(0.767817387668,0.447736470202));
#1401 = CARTESIAN_POINT('',(0.767928500345,0.450360736523));
#1402 = CARTESIAN_POINT('',(0.768041641857,0.452984502545));
#1403 = CARTESIAN_POINT('',(0.7681567635,0.455608164862));
#1404 = CARTESIAN_POINT('',(0.76827379313,0.458232137146));
#1405 = CARTESIAN_POINT('',(0.768727938315,0.468256819413));
#1406 = CARTESIAN_POINT('',(0.769078276423,0.475662151191));
#1407 = CARTESIAN_POINT('',(0.769449222636,0.483085409333));
#1408 = CARTESIAN_POINT('',(0.769846768771,0.490538061469));
#1409 = CARTESIAN_POINT('',(0.770277535439,0.498030869389));
#1410 = CARTESIAN_POINT('',(0.770749151175,0.505574293412));
#1411 = CARTESIAN_POINT('',(0.77127086569,0.513178922955));
#1412 = CARTESIAN_POINT('',(0.772116131155,0.524299335784));
#1413 = CARTESIAN_POINT('',(0.772390288618,0.527757126317));
#1414 = CARTESIAN_POINT('',(0.772677928347,0.53123025675));
#1415 = CARTESIAN_POINT('',(0.772980197633,0.534719609287));
#1416 = CARTESIAN_POINT('',(0.77329835615,0.538225999498));
#1417 = CARTESIAN_POINT('',(0.773633799772,0.541750179318));
#1418 = CARTESIAN_POINT('',(0.773988084379,0.545292840039));
#1419 = CARTESIAN_POINT('',(0.774455034403,0.549729556542));
#1420 = CARTESIAN_POINT('',(0.774548239146,0.55060449614));
#1421 = CARTESIAN_POINT('',(0.77464258419,0.551479434342));
#1422 = CARTESIAN_POINT('',(0.774738089952,0.552354371204));
#1423 = CARTESIAN_POINT('',(0.774834776983,0.553229306594));
#1424 = CARTESIAN_POINT('',(0.774932665963,0.554104240191));
#1425 = CARTESIAN_POINT('',(0.775031777706,0.554979171484));
#1426 = CARTESIAN_POINT('',(0.77542927878,0.558444702658));
#1427 = CARTESIAN_POINT('',(0.775738468791,0.561045533143));
#1428 = CARTESIAN_POINT('',(0.776060034872,0.563656361839));
#1429 = CARTESIAN_POINT('',(0.776394328128,0.566276953699));
#1430 = CARTESIAN_POINT('',(0.776741719082,0.568907068024));
#1431 = CARTESIAN_POINT('',(0.777102597682,0.571546458456));
#1432 = CARTESIAN_POINT('',(0.777477373294,0.574194872983));
#1433 = CARTESIAN_POINT('',(0.778708371903,0.582601386));
#1434 = CARTESIAN_POINT('',(0.779617350392,0.588391810264));
#1435 = CARTESIAN_POINT('',(0.78059775916,0.594220647144));
#1436 = CARTESIAN_POINT('',(0.781654436447,0.600085203298));
#1437 = CARTESIAN_POINT('',(0.782792752215,0.605982723578));
#1438 = CARTESIAN_POINT('',(0.784018650612,0.611910342967));
#1439 = CARTESIAN_POINT('',(0.785338692438,0.617865038536));
#1440 = CARTESIAN_POINT('',(0.787439457664,0.6267010236));
#1441 = CARTESIAN_POINT('',(0.788141975555,0.629563925865));
#1442 = CARTESIAN_POINT('',(0.788868440427,0.632431946079));
#1443 = CARTESIAN_POINT('',(0.789619676523,0.635304731546));
#1444 = CARTESIAN_POINT('',(0.790396543193,0.638181918974));
#1445 = CARTESIAN_POINT('',(0.791199934895,0.641063134473));
#1446 = CARTESIAN_POINT('',(0.79203078119,0.643947993559));
#1447 = CARTESIAN_POINT('',(0.793336148436,0.648335509172));
#1448 = CARTESIAN_POINT('',(0.793789645564,0.649834902216));
#1449 = CARTESIAN_POINT('',(0.794250671342,0.651334273704));
#1450 = CARTESIAN_POINT('',(0.794719365857,0.652833624209));
#1451 = CARTESIAN_POINT('',(0.795195874237,0.654332957231));
#1452 = CARTESIAN_POINT('',(0.795680344799,0.65583227496));
#1453 = CARTESIAN_POINT('',(0.796172927217,0.657331574053));
#1454 = CARTESIAN_POINT('',(0.797174615943,0.660330114227));
#1455 = CARTESIAN_POINT('',(0.79768372213,0.66182936778));
#1456 = CARTESIAN_POINT('',(0.798201217209,0.66332860149));
#1457 = CARTESIAN_POINT('',(0.798727233439,0.664827814758));
#1458 = CARTESIAN_POINT('',(0.79926190735,0.666327006966));
#1459 = CARTESIAN_POINT('',(0.799805379746,0.667826177472));
#1460 = CARTESIAN_POINT('',(0.800357795708,0.669325325614));
#1461 = CARTESIAN_POINT('',(0.802930873529,0.676194968575));
#1462 = CARTESIAN_POINT('',(0.805053566717,0.681550308114));
#1463 = CARTESIAN_POINT('',(0.807288786429,0.686878824058));
#1464 = CARTESIAN_POINT('',(0.809637440685,0.692169725362));
#1465 = CARTESIAN_POINT('',(0.812100053527,0.697413492894));
#1466 = CARTESIAN_POINT('',(0.814676934321,0.702602136431));
#1467 = CARTESIAN_POINT('',(0.817368406071,0.707729290946));
#1468 = CARTESIAN_POINT('',(0.821814716564,0.715746630622));
#1469 = CARTESIAN_POINT('',(0.823493621393,0.71868041708));
#1470 = CARTESIAN_POINT('',(0.825211906304,0.72159051341));
#1471 = CARTESIAN_POINT('',(0.826969671624,0.724476058816));
#1472 = CARTESIAN_POINT('',(0.828767032091,0.727336323266));
#1473 = CARTESIAN_POINT('',(0.830604130006,0.730170700876));
#1474 = CARTESIAN_POINT('',(0.832481148388,0.7329787033));
#1475 = CARTESIAN_POINT('',(0.837012684252,0.739552609435));
#1476 = CARTESIAN_POINT('',(0.839701773055,0.743295429215));
#1477 = CARTESIAN_POINT('',(0.842466036881,0.746987550684));
#1478 = CARTESIAN_POINT('',(0.84530620661,0.750628314984));
#1479 = CARTESIAN_POINT('',(0.848223297651,0.754217266173));
#1480 = CARTESIAN_POINT('',(0.851218609941,0.757754151231));
#1481 = CARTESIAN_POINT('',(0.85429372795,0.761238920054));
#1482 = CARTESIAN_POINT('',(0.857450520672,0.764671725459));
#1483 = ( GEOMETRIC_REPRESENTATION_CONTEXT(2) 
PARAMETRIC_REPRESENTATION_CONTEXT() REPRESENTATION_CONTEXT('2D SPACE',''
  ) );
#1484 = PCURVE('',#844,#1485);
#1485 = DEFINITIONAL_REPRESENTATION('',(#1486),#1685);
#1486 = B_SPLINE_CURVE_WITH_KNOTS('',8,(#1487,#1488,#1489,#1490,#1491,
    #1492,#1493,#1494,#1495,#1496,#1497,#1498,#1499,#1500,#1501,#1502,
    #1503,#1504,#1505,#1506,#1507,#1508,#1509,#1510,#1511,#1512,#1513,
    #1514,#1515,#1516,#1517,#1518,#1519,#1520,#1521,#1522,#1523,#1524,
    #1525,#1526,#1527,#1528,#1529,#1530,#1531,#1532,#1533,#1534,#1535,
    #1536,#1537,#1538,#1539,#1540,#1541,#1542,#1543,#1544,#1545,#1546,
    #1547,#1548,#1549,#1550,#1551,#1552,#1553,#1554,#1555,#1556,#1557,
    #1558,#1559,#1560,#1561,#1562,#1563,#1564,#1565,#1566,#1567,#1568,
    #1569,#1570,#1571,#1572,#1573,#1574,#1575,#1576,#1577,#1578,#1579,
    #1580,#1581,#1582,#1583,#1584,#1585,#1586,#1587,#1588,#1589,#1590,
    #1591,#1592,#1593,#1594,#1595,#1596,#1597,#1598,#1599,#1600,#1601,
    #1602,#1603,#1604,#1605,#1606,#1607,#1608,#1609,#1610,#1611,#1612,
    #1613,#1614,#1615,#1616,#1617,#1618,#1619,#1620,#1621,#1622,#1623,
    #1624,#1625,#1626,#1627,#1628,#1629,#1630,#1631,#1632,#1633,#1634,
    #1635,#1636,#1637,#1638,#1639,#1640,#1641,#1642,#1643,#1644,#1645,
    #1646,#1647,#1648,#1649,#1650,#1651,#1652,#1653,#1654,#1655,#1656,
    #1657,#1658,#1659,#1660,#1661,#1662,#1663,#1664,#1665,#1666,#1667,
    #1668,#1669,#1670,#1671,#1672,#1673,#1674,#1675,#1676,#1677,#1678,
    #1679,#1680,#1681,#1682,#1683,#1684),.UNSPECIFIED.,.F.,.F.,(9,7,7,7,
    7,7,7,7,7,7,7,7,7,7,7,7,7,7,7,7,7,7,7,7,7,7,7,7,9),(0.,
    1.423159713998E-02,3.004287059735E-02,6.197314019019E-02,
    8.338796355853E-02,0.155836975526,0.173772201733,0.187231635925,
    0.227892658937,0.279454538029,0.301787680519,0.325209610084,
    0.402343050315,0.434324860238,0.450508346729,0.511413866417,
    0.541505469807,0.573224083385,0.66264920643,0.702759441222,
    0.712612420686,0.741786419634,0.804910087335,0.835080019674,
    0.850743230718,0.866406498895,0.922519135605,0.955299287279,1.),
  .UNSPECIFIED.);
#1487 = CARTESIAN_POINT('',(18.390344639735,-40.));
#1488 = CARTESIAN_POINT('',(18.390344639735,-39.95559475135));
#1489 = CARTESIAN_POINT('',(18.389886651283,-39.91118934034));
#1490 = CARTESIAN_POINT('',(18.388970427902,-39.86677269124));
#1491 = CARTESIAN_POINT('',(18.38760146746,-39.82233389387));
#1492 = CARTESIAN_POINT('',(18.385790112271,-39.7778645957));
#1493 = CARTESIAN_POINT('',(18.383550477255,-39.73336038465));
#1494 = CARTESIAN_POINT('',(18.380899206169,-39.68882116252));
#1495 = CARTESIAN_POINT('',(18.374470900564,-39.5947326101));
#1496 = CARTESIAN_POINT('',(18.37060167828,-39.54517486613));
#1497 = CARTESIAN_POINT('',(18.366271455115,-39.49558205909));
#1498 = CARTESIAN_POINT('',(18.361507395891,-39.4459611381));
#1499 = CARTESIAN_POINT('',(18.356336559731,-39.39632032365));
#1500 = CARTESIAN_POINT('',(18.350784489829,-39.34666828866));
#1501 = CARTESIAN_POINT('',(18.344874597432,-39.29701341638));
#1502 = CARTESIAN_POINT('',(18.326014259135,-39.14709626735));
#1503 = CARTESIAN_POINT('',(18.312028979421,-39.04685358982));
#1504 = CARTESIAN_POINT('',(18.296846403917,-38.94667170044));
#1505 = CARTESIAN_POINT('',(18.280603206826,-38.84658419202));
#1506 = CARTESIAN_POINT('',(18.263405217308,-38.74661396964));
#1507 = CARTESIAN_POINT('',(18.245337369086,-38.64677209905));
#1508 = CARTESIAN_POINT('',(18.226471636388,-38.54705877957));
#1509 = CARTESIAN_POINT('',(18.193719296134,-38.38066502018));
#1510 = CARTESIAN_POINT('',(18.18023956574,-38.31392531009));
#1511 = CARTESIAN_POINT('',(18.166449910474,-38.24724185043));
#1512 = CARTESIAN_POINT('',(18.1523574573,-38.18061680688));
#1513 = CARTESIAN_POINT('',(18.137997375277,-38.11404454839));
#1514 = CARTESIAN_POINT('',(18.123358277372,-38.04753043912));
#1515 = CARTESIAN_POINT('',(18.108477663818,-37.98106733845));
#1516 = CARTESIAN_POINT('',(18.042186722636,-37.68998345743));
#1517 = CARTESIAN_POINT('',(17.988219204028,-37.46593069949));
#1518 = CARTESIAN_POINT('',(17.93120393542,-37.24259223931));
#1519 = CARTESIAN_POINT('',(17.870759322991,-37.02012264361));
#1520 = CARTESIAN_POINT('',(17.806476296036,-36.79871244233));
#1521 = CARTESIAN_POINT('',(17.737943047453,-36.57858185624));
#1522 = CARTESIAN_POINT('',(17.664744001397,-36.35998071152));
#1523 = CARTESIAN_POINT('',(17.567117172477,-36.08951169618));
#1524 = CARTESIAN_POINT('',(17.547435363788,-36.0359532427));
#1525 = CARTESIAN_POINT('',(17.527438308857,-35.9825108064));
#1526 = CARTESIAN_POINT('',(17.507120315932,-35.92918897975));
#1527 = CARTESIAN_POINT('',(17.486475835128,-35.87599248712));
#1528 = CARTESIAN_POINT('',(17.465499458435,-35.82292618478));
#1529 = CARTESIAN_POINT('',(17.444185919711,-35.76999506088));
#1530 = CARTESIAN_POINT('',(17.40627854879,-35.67758752631));
#1531 = CARTESIAN_POINT('',(17.389830254386,-35.63804048152));
#1532 = CARTESIAN_POINT('',(17.373183861224,-35.59856383659));
#1533 = CARTESIAN_POINT('',(17.356333667393,-35.55916011666));
#1534 = CARTESIAN_POINT('',(17.339273498011,-35.51983209622));
#1535 = CARTESIAN_POINT('',(17.321998431824,-35.48058210931));
#1536 = CARTESIAN_POINT('',(17.30450437572,-35.44141220984));
#1537 = CARTESIAN_POINT('',(17.233256629577,-35.28424306281));
#1538 = CARTESIAN_POINT('',(17.177742326011,-35.16705962539));
#1539 = CARTESIAN_POINT('',(17.120127697738,-35.05087436315));
#1540 = CARTESIAN_POINT('',(17.060305879396,-34.93579473973));
#1541 = CARTESIAN_POINT('',(16.998180719512,-34.82193472461));
#1542 = CARTESIAN_POINT('',(16.933669481037,-34.70941332819));
#1543 = CARTESIAN_POINT('',(16.866705541886,-34.59835313691));
#1544 = CARTESIAN_POINT('',(16.709153853155,-34.35005548357));
#1545 = CARTESIAN_POINT('',(16.617037319921,-34.21376892841));
#1546 = CARTESIAN_POINT('',(16.520803229984,-34.08028977185));
#1547 = CARTESIAN_POINT('',(16.420404527745,-33.94987473533));
#1548 = CARTESIAN_POINT('',(16.315841289577,-33.82276201018));
#1549 = CARTESIAN_POINT('',(16.207165560452,-33.69916747206));
#1550 = CARTESIAN_POINT('',(16.094485105418,-33.57928177241));
#1551 = CARTESIAN_POINT('',(15.927497859196,-33.41301906679));
#1552 = CARTESIAN_POINT('',(15.876307408185,-33.36349432102));
#1553 = CARTESIAN_POINT('',(15.824407200222,-33.31470625959));
#1554 = CARTESIAN_POINT('',(15.771810773431,-33.26666556591));
#1555 = CARTESIAN_POINT('',(15.718532726722,-33.21938141697));
#1556 = CARTESIAN_POINT('',(15.664588719798,-33.17286148334));
#1557 = CARTESIAN_POINT('',(15.609995473145,-33.12711192918));
#1558 = CARTESIAN_POINT('',(15.496853743878,-33.03497029418));
#1559 = CARTESIAN_POINT('',(15.43824410077,-32.98865456897));
#1560 = CARTESIAN_POINT('',(15.378947567815,-32.94321179605));
#1561 = CARTESIAN_POINT('',(15.319033560301,-32.89858356323));
#1562 = CARTESIAN_POINT('',(15.258498329094,-32.85480017754));
#1563 = CARTESIAN_POINT('',(15.197392588172,-32.81182274561));
#1564 = CARTESIAN_POINT('',(15.135730787303,-32.76965409264));
#1565 = CARTESIAN_POINT('',(14.868728861393,-32.59203202315));
#1566 = CARTESIAN_POINT('',(14.658211324726,-32.46444838388));
#1567 = CARTESIAN_POINT('',(14.442744976661,-32.34514867319));
#1568 = CARTESIAN_POINT('',(14.222940821392,-32.23393526196));
#1569 = CARTESIAN_POINT('',(13.999308652114,-32.1307063348));
#1570 = CARTESIAN_POINT('',(13.772272398999,-32.03542645191));
#1571 = CARTESIAN_POINT('',(13.542170928224,-31.94812610112));
#1572 = CARTESIAN_POINT('',(13.212689060716,-31.83605101179));
#1573 = CARTESIAN_POINT('',(13.115644381168,-31.80459304824));
#1574 = CARTESIAN_POINT('',(13.018149382126,-31.77453458605));
#1575 = CARTESIAN_POINT('',(12.920226715458,-31.74588580183));
#1576 = CARTESIAN_POINT('',(12.821898853075,-31.71865892624));
#1577 = CARTESIAN_POINT('',(12.723188086922,-31.69286824393));
#1578 = CARTESIAN_POINT('',(12.624116528986,-31.66853009362));
#1579 = CARTESIAN_POINT('',(12.474402293101,-31.63409155807));
#1580 = CARTESIAN_POINT('',(12.423986627796,-31.62289194808));
#1581 = CARTESIAN_POINT('',(12.37346052494,-31.61206379633));
#1582 = CARTESIAN_POINT('',(12.322827681469,-31.60159875387));
#1583 = CARTESIAN_POINT('',(12.272090404387,-31.59149316314));
#1584 = CARTESIAN_POINT('',(12.221250726982,-31.58174447526));
#1585 = CARTESIAN_POINT('',(12.170311945485,-31.5723459182));
#1586 = CARTESIAN_POINT('',(11.927206440167,-31.52922791194));
#1587 = CARTESIAN_POINT('',(11.734257447912,-31.50015671724));
#1588 = CARTESIAN_POINT('',(11.540624901327,-31.47580465517));
#1589 = CARTESIAN_POINT('',(11.346479519985,-31.45589085127));
#1590 = CARTESIAN_POINT('',(11.151966425617,-31.4401356575));
#1591 = CARTESIAN_POINT('',(10.95720466773,-31.42826529079));
#1592 = CARTESIAN_POINT('',(10.762286917265,-31.42001481818));
#1593 = CARTESIAN_POINT('',(10.470931886271,-31.41271579269));
#1594 = CARTESIAN_POINT('',(10.374563931496,-31.41112357998));
#1595 = CARTESIAN_POINT('',(10.278184213569,-31.41032211914));
#1596 = CARTESIAN_POINT('',(10.181800551178,-31.41028127472));
#1597 = CARTESIAN_POINT('',(10.085419832078,-31.41097150709));
#1598 = CARTESIAN_POINT('',(9.989048013095,-31.41236387248));
#1599 = CARTESIAN_POINT('',(9.892690120122,-31.41443002295));
#1600 = CARTESIAN_POINT('',(9.694801416296,-31.42000103371));
#1601 = CARTESIAN_POINT('',(9.593272849773,-31.42357745295));
#1602 = CARTESIAN_POINT('',(9.491769519188,-31.42783984839));
#1603 = CARTESIAN_POINT('',(9.39029524861,-31.43275446587));
#1604 = CARTESIAN_POINT('',(9.288853502262,-31.43829170453));
#1605 = CARTESIAN_POINT('',(9.187446918317,-31.44442172415));
#1606 = CARTESIAN_POINT('',(9.086076945093,-31.45111134125));
#1607 = CARTESIAN_POINT('',(8.699056928669,-31.47869774825));
#1608 = CARTESIAN_POINT('',(8.413698956142,-31.50332922192));
#1609 = CARTESIAN_POINT('',(8.128739693008,-31.53259939683));
#1610 = CARTESIAN_POINT('',(7.844300169816,-31.56692455286));
#1611 = CARTESIAN_POINT('',(7.560554254459,-31.60677098395));
#1612 = CARTESIAN_POINT('',(7.277730310858,-31.65266703994));
#1613 = CARTESIAN_POINT('',(6.996114033894,-31.70522268793));
#1614 = CARTESIAN_POINT('',(6.59043523939,-31.79203900508));
#1615 = CARTESIAN_POINT('',(6.465137176207,-31.82040446282));
#1616 = CARTESIAN_POINT('',(6.340191554338,-31.85031726755));
#1617 = CARTESIAN_POINT('',(6.215637566387,-31.88184526283));
#1618 = CARTESIAN_POINT('',(6.091520395556,-31.91506013516));
#1619 = CARTESIAN_POINT('',(5.967891296927,-31.95003771466));
#1620 = CARTESIAN_POINT('',(5.844807678763,-31.98685827581));
#1621 = CARTESIAN_POINT('',(5.692247628571,-32.03512532609));
#1622 = CARTESIAN_POINT('',(5.662238516901,-32.04474755274));
#1623 = CARTESIAN_POINT('',(5.632306796051,-32.05447425318));
#1624 = CARTESIAN_POINT('',(5.602453397355,-32.0643061382));
#1625 = CARTESIAN_POINT('',(5.572679236208,-32.07424389432));
#1626 = CARTESIAN_POINT('',(5.542985212067,-32.08428818375));
#1627 = CARTESIAN_POINT('',(5.513372208451,-32.0944396444));
#1628 = CARTESIAN_POINT('',(5.396401477752,-32.13507581466));
#1629 = CARTESIAN_POINT('',(5.309331083306,-32.16651472021));
#1630 = CARTESIAN_POINT('',(5.222645700209,-32.19901225598));
#1631 = CARTESIAN_POINT('',(5.136360914397,-32.23256441353));
#1632 = CARTESIAN_POINT('',(5.050492107133,-32.26716652648));
#1633 = CARTESIAN_POINT('',(4.965054455008,-32.30281327057));
#1634 = CARTESIAN_POINT('',(4.880062929944,-32.33949866358));
#1635 = CARTESIAN_POINT('',(4.61263370322,-32.45882506053));
#1636 = CARTESIAN_POINT('',(4.431891186421,-32.54526635101));
#1637 = CARTESIAN_POINT('',(4.253456058779,-32.63647230541));
#1638 = CARTESIAN_POINT('',(4.077471132123,-32.73236341566));
#1639 = CARTESIAN_POINT('',(3.904071525557,-32.83284976729));
#1640 = CARTESIAN_POINT('',(3.7333854709,-32.9378325095));
#1641 = CARTESIAN_POINT('',(3.56553511812,-33.04720532541));
#1642 = CARTESIAN_POINT('',(3.321824512457,-33.21517515093));
#1643 = CARTESIAN_POINT('',(3.243685771784,-33.2704718822));
#1644 = CARTESIAN_POINT('',(3.16623362535,-33.32673392871));
#1645 = CARTESIAN_POINT('',(3.089480244474,-33.38394893508));
#1646 = CARTESIAN_POINT('',(3.013437465202,-33.44210435778));
#1647 = CARTESIAN_POINT('',(2.938116788306,-33.50118746516));
#1648 = CARTESIAN_POINT('',(2.863529379284,-33.56118533741));
#1649 = CARTESIAN_POINT('',(2.751349112539,-33.65370184762));
#1650 = CARTESIAN_POINT('',(2.71323558054,-33.68554308601));
#1651 = CARTESIAN_POINT('',(2.675345017696,-33.71760733586));
#1652 = CARTESIAN_POINT('',(2.637677099069,-33.74989354588));
#1653 = CARTESIAN_POINT('',(2.600231548835,-33.78240078234));
#1654 = CARTESIAN_POINT('',(2.563008059671,-33.81512815206));
#1655 = CARTESIAN_POINT('',(2.526006212141,-33.84807472546));
#1656 = CARTESIAN_POINT('',(2.452444441861,-33.91440431442));
#1657 = CARTESIAN_POINT('',(2.415882671772,-33.94778773151));
#1658 = CARTESIAN_POINT('',(2.379530484553,-33.98138964638));
#1659 = CARTESIAN_POINT('',(2.343378282158,-34.01521004362));
#1660 = CARTESIAN_POINT('',(2.307416467755,-34.04924895685));
#1661 = CARTESIAN_POINT('',(2.271635445728,-34.08350646865));
#1662 = CARTESIAN_POINT('',(2.236025621674,-34.11798271058));
#1663 = CARTESIAN_POINT('',(2.073586468757,-34.27697098474));
#1664 = CARTESIAN_POINT('',(1.949021368747,-34.40372910195));
#1665 = CARTESIAN_POINT('',(1.826696051286,-34.53266467372));
#1666 = CARTESIAN_POINT('',(1.706388444994,-34.66348353159));
#1667 = CARTESIAN_POINT('',(1.587856642029,-34.79589953665));
#1668 = CARTESIAN_POINT('',(1.470851602471,-34.92964614815));
#1669 = CARTESIAN_POINT('',(1.355126379301,-35.06448490372));
#1670 = CARTESIAN_POINT('',(1.173444908727,-35.27949982892));
#1671 = CARTESIAN_POINT('',(1.106804678894,-35.35908977007));
#1672 = CARTESIAN_POINT('',(1.040474255877,-35.4389385771));
#1673 = CARTESIAN_POINT('',(0.974408847498,-35.51900677176));
#1674 = CARTESIAN_POINT('',(0.908565933188,-35.5992575761));
#1675 = CARTESIAN_POINT('',(0.84290540922,-35.67965703316));
#1676 = CARTESIAN_POINT('',(0.777389733948,-35.76017412781));
#1677 = CARTESIAN_POINT('',(0.622793526031,-35.95070048737));
#1678 = CARTESIAN_POINT('',(0.53380827277,-36.06078591822));
#1679 = CARTESIAN_POINT('',(0.444940029322,-36.17096584086));
#1680 = CARTESIAN_POINT('',(0.35611102573,-36.28117733593));
#1681 = CARTESIAN_POINT('',(0.267254006015,-36.39136592384));
#1682 = CARTESIAN_POINT('',(0.178312228175,-36.50148556479));
#1683 = CARTESIAN_POINT('',(8.923946418602E-02,-36.61149865877));
#1684 = CARTESIAN_POINT('',(0.,-36.72137604557));
#1685 = ( GEOMETRIC_REPRESENTATION_CONTEXT(2) 
PARAMETRIC_REPRESENTATION_CONTEXT() REPRESENTATION_CONTEXT('2D SPACE',''
  ) );
#1686 = ADVANCED_FACE('',(#1687),#844,.T.);
#1687 = FACE_BOUND('',#1688,.T.);
#1688 = EDGE_LOOP('',(#1689,#1690,#1711));
#1689 = ORIENTED_EDGE('',*,*,#1081,.T.);
#1690 = ORIENTED_EDGE('',*,*,#1691,.T.);
#1691 = EDGE_CURVE('',#24,#380,#1692,.T.);
#1692 = SURFACE_CURVE('',#1693,(#1697,#1704),.PCURVE_S1.);
#1693 = LINE('',#1694,#1695);
#1694 = CARTESIAN_POINT('',(1.475,-40.,-8.));
#1695 = VECTOR('',#1696,1.);
#1696 = DIRECTION('',(-0.,1.,0.));
#1697 = PCURVE('',#844,#1698);
#1698 = DEFINITIONAL_REPRESENTATION('',(#1699),#1703);
#1699 = LINE('',#1700,#1701);
#1700 = CARTESIAN_POINT('',(0.,0.));
#1701 = VECTOR('',#1702,1.);
#1702 = DIRECTION('',(0.,-1.));
#1703 = ( GEOMETRIC_REPRESENTATION_CONTEXT(2) 
PARAMETRIC_REPRESENTATION_CONTEXT() REPRESENTATION_CONTEXT('2D SPACE',''
  ) );
#1704 = PCURVE('',#316,#1705);
#1705 = DEFINITIONAL_REPRESENTATION('',(#1706),#1710);
#1706 = LINE('',#1707,#1708);
#1707 = CARTESIAN_POINT('',(41.475,0.));
#1708 = VECTOR('',#1709,1.);
#1709 = DIRECTION('',(0.,1.));
#1710 = ( GEOMETRIC_REPRESENTATION_CONTEXT(2) 
PARAMETRIC_REPRESENTATION_CONTEXT() REPRESENTATION_CONTEXT('2D SPACE',''
  ) );
#1711 = ORIENTED_EDGE('',*,*,#452,.T.);
#1712 = ADVANCED_FACE('',(#1713),#316,.T.);
#1713 = FACE_BOUND('',#1714,.T.);
#1714 = EDGE_LOOP('',(#1715,#1716,#1717));
#1715 = ORIENTED_EDGE('',*,*,#21,.F.);
#1716 = ORIENTED_EDGE('',*,*,#379,.F.);
#1717 = ORIENTED_EDGE('',*,*,#1691,.F.);
#1718 = ( GEOMETRIC_REPRESENTATION_CONTEXT(3) 
GLOBAL_UNCERTAINTY_ASSIGNED_CONTEXT((#1722)) 
GLOBAL_UNIT_ASSIGNED_CONTEXT((#1719,#1720,#1721)) REPRESENTATION_CONTEXT
('Context #1','3D Context with UNIT and UNCERTAINTY') );
#1719 = ( LENGTH_UNIT() NAMED_UNIT(*) SI_UNIT(.MILLI.,.METRE.) );
#1720 = ( NAMED_UNIT(*) PLANE_ANGLE_UNIT() SI_UNIT($,.RADIAN.) );
#1721 = ( NAMED_UNIT(*) SI_UNIT($,.STERADIAN.) SOLID_ANGLE_UNIT() );
#1722 = UNCERTAINTY_MEASURE_WITH_UNIT(LENGTH_MEASURE(2.E-06),#1719,
  'distance_accuracy_value','confusion accuracy');
#1723 = PRODUCT_RELATED_PRODUCT_CATEGORY('part',$,(#7));
ENDSEC;
END-ISO-10303-21;
