ISO-10303-21;
HEADER;
FILE_DESCRIPTION(('Open CASCADE Model'),'2;1');
FILE_NAME('Open CASCADE Shape Model','2026-10-04T12:19:07',('Author'),(
    'Open CASCADE'),'Open CASCADE STEP processor 8.0','build123d',
  'Unknown');
FILE_SCHEMA(('AUTOMOTIVE_DESIGN { 1 0 10303 214 1 1 1 1 }'));
ENDSEC;
DATA;
#1 = APPLICATION_PROTOCOL_DEFINITION('international standard',
  'automotive_design',2000,#2);
#2 = APPLICATION_CONTEXT(
  'core data for automotive mechanical design processes');
#3 = SHAPE_DEFINITION_REPRESENTATION(#4,#10);
#4 = PRODUCT_DEFINITION_SHAPE('','',#5);
#5 = PRODUCT_DEFINITION('design','',#6,#9);
#6 = PRODUCT_DEFINITION_FORMATION('','',#7);
#7 = PRODUCT('COMPOUND','COMPOUND','',(#8));
#8 = PRODUCT_CONTEXT('',#2,'mechanical');
#9 = PRODUCT_DEFINITION_CONTEXT('part definition',#2,'design');
#10 = ADVANCED_BREP_SHAPE_REPRESENTATION('',(#11,#15),#2704);
#11 = AXIS2_PLACEMENT_3D('',#12,#13,#14);
#12 = CARTESIAN_POINT('',(0.,0.,0.));
#13 = DIRECTION('',(0.,0.,1.));
#14 = DIRECTION('',(1.,0.,-0.));
#15 = MANIFOLD_SOLID_BREP('',#16);
#16 = CLOSED_SHELL('',(#17,#1830,#2614,#2668,#2694,#2700));
#17 = ADVANCED_FACE('',(#18),#94,.F.);
#18 = FACE_BOUND('',#19,.F.);
#19 = EDGE_LOOP('',(#20,#522,#847,#1523,#1584,#1623));
#20 = ORIENTED_EDGE('',*,*,#21,.T.);
#21 = EDGE_CURVE('',#22,#24,#26,.T.);
#22 = VERTEX_POINT('',#23);
#23 = CARTESIAN_POINT('',(8.562406850472,5.208828454728,3.147988656999)
  );
#24 = VERTEX_POINT('',#25);
#25 = CARTESIAN_POINT('',(10.565067908898,1.141689730608E-15,
    4.131678907818));
#26 = SURFACE_CURVE('',#27,(#93,#448),.PCURVE_S1.);
#27 = B_SPLINE_CURVE_WITH_KNOTS('',8,(#28,#29,#30,#31,#32,#33,#34,#35,
    #36,#37,#38,#39,#40,#41,#42,#43,#44,#45,#46,#47,#48,#49,#50,#51,#52,
    #53,#54,#55,#56,#57,#58,#59,#60,#61,#62,#63,#64,#65,#66,#67,#68,#69,
    #70,#71,#72,#73,#74,#75,#76,#77,#78,#79,#80,#81,#82,#83,#84,#85,#86,
    #87,#88,#89,#90,#91,#92),.UNSPECIFIED.,.F.,.F.,(9,7,7,7,7,7,7,7,7,9)
  ,(0.,0.14214096734,0.19751904868,0.260375911572,0.372746089822,
    0.526716844306,0.737618083285,0.879535347666,0.942308628844,1.),
  .UNSPECIFIED.);
#28 = CARTESIAN_POINT('',(8.562406850472,5.208828454728,3.147988656999)
  );
#29 = CARTESIAN_POINT('',(8.558517891938,5.205193326239,3.28326376351));
#30 = CARTESIAN_POINT('',(8.557413911598,5.19529986719,3.418545154996));
#31 = CARTESIAN_POINT('',(8.559046895831,5.179081053945,3.553462305908)
  );
#32 = CARTESIAN_POINT('',(8.563361317844,5.156474604698,3.68762718311));
#33 = CARTESIAN_POINT('',(8.570297333271,5.12742944298,3.820633916099));
#34 = CARTESIAN_POINT('',(8.579793381809,5.091913896216,3.952059051284)
  );
#35 = CARTESIAN_POINT('',(8.591788194893,5.049925629333,4.081462390321)
  );
#36 = CARTESIAN_POINT('',(8.611845697463,4.982637992592,4.257838755456)
  );
#37 = CARTESIAN_POINT('',(8.617869988605,4.962691434382,4.307186409726)
  );
#38 = CARTESIAN_POINT('',(8.624306117368,4.941637286928,4.356429429276)
  );
#39 = CARTESIAN_POINT('',(8.631150335148,4.919435142869,4.405563896957)
  );
#40 = CARTESIAN_POINT('',(8.638438114673,4.896064234581,4.454589310246)
  );
#41 = CARTESIAN_POINT('',(8.64615121698,4.871463130125,4.503499877935));
#42 = CARTESIAN_POINT('',(8.654326335345,4.845597917659,4.552293375929)
  );
#43 = CARTESIAN_POINT('',(8.672809699962,4.787565402808,4.65620591699));
#44 = CARTESIAN_POINT('',(8.683145592384,4.755369325922,4.710662025809)
  );
#45 = CARTESIAN_POINT('',(8.693992063898,4.721848804013,4.764283096125)
  );
#46 = CARTESIAN_POINT('',(8.705348882753,4.687025910522,4.817021449919)
  );
#47 = CARTESIAN_POINT('',(8.71721464713,4.650924799576,4.868830188685));
#48 = CARTESIAN_POINT('',(8.72958678514,4.613571705991,4.91966319343));
#49 = CARTESIAN_POINT('',(8.742461554826,4.574994945268,4.969475124676)
  );
#50 = CARTESIAN_POINT('',(8.779740248539,4.464127417758,5.10536592696));
#51 = CARTESIAN_POINT('',(8.805238387358,4.389212846384,5.18910912036));
#52 = CARTESIAN_POINT('',(8.832298966101,4.310659005075,5.269192983477)
  );
#53 = CARTESIAN_POINT('',(8.860882323018,4.228660923505,5.34537610542));
#54 = CARTESIAN_POINT('',(8.890938743286,4.143431047474,5.417434589267)
  );
#55 = CARTESIAN_POINT('',(8.922408573161,4.055199430967,5.485162957737)
  );
#56 = CARTESIAN_POINT('',(8.95522233413,3.964213928212,5.548375058863));
#57 = CARTESIAN_POINT('',(9.035995546369,3.742661992651,5.687103250023)
  );
#58 = CARTESIAN_POINT('',(9.085072679601,3.609890572676,5.75852501877));
#59 = CARTESIAN_POINT('',(9.136324704748,3.473118074468,5.820733976537)
  );
#60 = CARTESIAN_POINT('',(9.189524677577,3.333056980214,5.873402417998)
  );
#61 = CARTESIAN_POINT('',(9.244426267851,3.190432354303,5.916294648819)
  );
#62 = CARTESIAN_POINT('',(9.300762268687,3.045976040451,5.949258083393)
  );
#63 = CARTESIAN_POINT('',(9.358241589063,2.900423007285,5.972222025339)
  );
#64 = CARTESIAN_POINT('',(9.496405379573,2.554645476126,6.002986352661)
  );
#65 = CARTESIAN_POINT('',(9.577843494876,2.354026666564,6.002047404391)
  );
#66 = CARTESIAN_POINT('',(9.660042679305,2.154541568331,5.982408360837)
  );
#67 = CARTESIAN_POINT('',(9.742160462654,1.95792000151,5.94441163033));
#68 = CARTESIAN_POINT('',(9.823319324029,1.765736613035,5.888628321162)
  );
#69 = CARTESIAN_POINT('',(9.902643167293,1.579421673426,5.815829268547)
  );
#70 = CARTESIAN_POINT('',(9.979305156844,1.400270893807,5.726984786638)
  );
#71 = CARTESIAN_POINT('',(10.10184180825,1.11449586567,5.553459701537));
#72 = CARTESIAN_POINT('',(10.149596111343,1.003289524707,5.476906509315)
  );
#73 = CARTESIAN_POINT('',(10.195593392595,0.896164005848,5.393936308778)
  );
#74 = CARTESIAN_POINT('',(10.239632797612,0.793415147717,5.304910053525)
  );
#75 = CARTESIAN_POINT('',(10.281535340461,0.695302729416,5.210204965283)
  );
#76 = CARTESIAN_POINT('',(10.321142993988,0.602054562537,5.110209131247)
  );
#77 = CARTESIAN_POINT('',(10.358316486298,0.513869192746,5.005317708999)
  );
#78 = CARTESIAN_POINT('',(10.408242956991,0.39422563504,4.847546357811)
  );
#79 = CARTESIAN_POINT('',(10.422814915373,0.359129956144,4.7990368834));
#80 = CARTESIAN_POINT('',(10.436687952547,0.325532393411,4.750409528869)
  );
#81 = CARTESIAN_POINT('',(10.449896494338,0.293349103779,4.701668690328)
  );
#82 = CARTESIAN_POINT('',(10.462469828575,0.262508441435,4.652817379861)
  );
#83 = CARTESIAN_POINT('',(10.474432815285,0.232949217284,4.603858658456)
  );
#84 = CARTESIAN_POINT('',(10.485806596887,0.204618958416,4.554797068935)
  );
#85 = CARTESIAN_POINT('',(10.506537469318,0.152523088025,4.460462651328)
  );
#86 = CARTESIAN_POINT('',(10.516071833694,0.128349774667,4.41479933224)
  );
#87 = CARTESIAN_POINT('',(10.525212706983,0.10495927816,4.368669515358)
  );
#88 = CARTESIAN_POINT('',(10.533961001947,8.235870885327E-02,
    4.322092273178));
#89 = CARTESIAN_POINT('',(10.542318238636,6.05552367936E-02,
    4.275086346952));
#90 = CARTESIAN_POINT('',(10.550286544391,3.955609172332E-02,
    4.227670146684));
#91 = CARTESIAN_POINT('',(10.557868653839,1.936856308071E-02,
    4.179861751134));
#92 = CARTESIAN_POINT('',(10.565067908898,2.557235873915E-15,
    4.131678907818));
#93 = PCURVE('',#94,#380);
#94 = ( BOUNDED_SURFACE() B_SPLINE_SURFACE(14,3,(
    (#95,#96,#97,#98,#99,#100,#101,#102,#103,#104,#105,#106,#107,#108
      ,#109,#110,#111,#112,#113)
    ,(#114,#115,#116,#117,#118,#119,#120,#121,#122,#123,#124,#125,#126
      ,#127,#128,#129,#130,#131,#132)
    ,(#133,#134,#135,#136,#137,#138,#139,#140,#141,#142,#143,#144,#145
      ,#146,#147,#148,#149,#150,#151)
    ,(#152,#153,#154,#155,#156,#157,#158,#159,#160,#161,#162,#163,#164
      ,#165,#166,#167,#168,#169,#170)
    ,(#171,#172,#173,#174,#175,#176,#177,#178,#179,#180,#181,#182,#183
      ,#184,#185,#186,#187,#188,#189)
    ,(#190,#191,#192,#193,#194,#195,#196,#197,#198,#199,#200,#201,#202
      ,#203,#204,#205,#206,#207,#208)
    ,(#209,#210,#211,#212,#213,#214,#215,#216,#217,#218,#219,#220,#221
      ,#222,#223,#224,#225,#226,#227)
    ,(#228,#229,#230,#231,#232,#233,#234,#235,#236,#237,#238,#239,#240
      ,#241,#242,#243,#244,#245,#246)
    ,(#247,#248,#249,#250,#251,#252,#253,#254,#255,#256,#257,#258,#259
      ,#260,#261,#262,#263,#264,#265)
    ,(#266,#267,#268,#269,#270,#271,#272,#273,#274,#275,#276,#277,#278
      ,#279,#280,#281,#282,#283,#284)
    ,(#285,#286,#287,#288,#289,#290,#291,#292,#293,#294,#295,#296,#297
      ,#298,#299,#300,#301,#302,#303)
    ,(#304,#305,#306,#307,#308,#309,#310,#311,#312,#313,#314,#315,#316
      ,#317,#318,#319,#320,#321,#322)
    ,(#323,#324,#325,#326,#327,#328,#329,#330,#331,#332,#333,#334,#335
      ,#336,#337,#338,#339,#340,#341)
    ,(#342,#343,#344,#345,#346,#347,#348,#349,#350,#351,#352,#353,#354
      ,#355,#356,#357,#358,#359,#360)
    ,(#361,#362,#363,#364,#365,#366,#367,#368,#369,#370,#371,#372,#373
      ,#374,#375,#376,#377,#378,#379
)),.UNSPECIFIED.,.T.,.F.,.F.) B_SPLINE_SURFACE_WITH_KNOTS((15,15),(4,1,1
    ,1,1,1,1,1,1,1,1,1,1,1,1,1,4),(0.,1.),(0.,2.281225169726E-02,
    5.940820827125E-02,0.119802315352,0.199741895241,0.267561179539,
    0.334303600384,0.403212841167,0.478004556267,0.55516558517,
    0.603006084407,0.660967568876,0.793900099767,0.907849212515,
    0.937775870003,0.967288772236,1.),.UNSPECIFIED.) 
GEOMETRIC_REPRESENTATION_ITEM() RATIONAL_B_SPLINE_SURFACE((
    (1.,1.,1.,1.,1.,1.,1.,1.,1.,1.,1.,1.,1.,1.,1.,1.,1.000000000001
      ,0.999999999997,1.)
    ,(1.,1.,1.,1.,1.,1.,1.,1.,1.,1.,1.,1.,1.,1.,1.,1.,1.000000000001
      ,0.999999999997,1.)
    ,(1.,1.,1.,1.,1.,1.,1.,1.,1.,1.,1.,1.,1.,1.,1.,1.,1.000000000001
      ,0.999999999997,1.)
    ,(1.,1.,1.,1.,1.,1.,1.,1.,1.,1.,1.,1.,1.,1.,1.,1.,1.000000000001
      ,0.999999999997,1.)
    ,(1.,1.,1.,1.,1.,1.,1.,1.,1.,1.,1.,1.,1.,1.,1.,1.,1.000000000001
      ,0.999999999997,1.)
    ,(1.,1.,1.,1.,1.,1.,1.,1.,1.,1.,1.,1.,1.,1.,1.,1.,1.000000000001
      ,0.999999999997,1.)
    ,(1.,1.,1.,1.,1.,1.,1.,1.,1.,1.,1.,1.,1.,1.,1.,1.,1.000000000001
      ,0.999999999997,1.)
    ,(1.,1.,1.,1.,1.,1.,1.,1.,1.,1.,1.,1.,1.,1.,1.,1.,1.000000000001
      ,0.999999999997,1.)
    ,(1.,1.,1.,1.,1.,1.,1.,1.,1.,1.,1.,1.,1.,1.,1.,1.,1.000000000001
      ,0.999999999997,1.)
    ,(1.,1.,1.,1.,1.,1.,1.,1.,1.,1.,1.,1.,1.,1.,1.,1.,1.000000000001
      ,0.999999999997,1.)
    ,(1.,1.,1.,1.,1.,1.,1.,1.,1.,1.,1.,1.,1.,1.,1.,1.,1.000000000001
      ,0.999999999997,1.)
    ,(1.,1.,1.,1.,1.,1.,1.,1.,1.,1.,1.,1.,1.,1.,1.,1.,1.000000000001
      ,0.999999999997,1.)
    ,(1.,1.,1.,1.,1.,1.,1.,1.,1.,1.,1.,1.,1.,1.,1.,1.,1.000000000001
      ,0.999999999997,1.)
    ,(1.,1.,1.,1.,1.,1.,1.,1.,1.,1.,1.,1.,1.,1.,1.,1.,1.000000000001
      ,0.999999999997,1.)
    ,(1.,1.,1.,1.,1.,1.,1.,1.,1.,1.,1.,1.,1.,1.,1.,1.,1.000000000001
,0.999999999997,1.))) REPRESENTATION_ITEM('') SURFACE() );
#95 = CARTESIAN_POINT('',(0.55,0.,10.5));
#96 = CARTESIAN_POINT('',(0.880755484267,2.533657007718E-16,
    10.465851618406));
#97 = CARTESIAN_POINT('',(1.754392801628,-2.83018477292E-16,
    10.364460023639));
#98 = CARTESIAN_POINT('',(3.492994576744,-3.198172879543E-15,
    10.050792984172));
#99 = CARTESIAN_POINT('',(6.091013576255,-3.617810351262E-15,
    9.419682147982));
#100 = CARTESIAN_POINT('',(9.115401853445,1.606800800231E-15,
    7.961221038362));
#101 = CARTESIAN_POINT('',(10.786235093761,2.032677859105E-15,
    4.591935540492));
#102 = CARTESIAN_POINT('',(10.617331179415,-1.676995753067E-15,
    0.94933027648));
#103 = CARTESIAN_POINT('',(9.6791953469,-9.033786585335E-15,
    -2.741973863256));
#104 = CARTESIAN_POINT('',(6.653245376012,3.04112374244E-15,
    -5.688365883761));
#105 = CARTESIAN_POINT('',(3.450797359509,2.588670117671E-15,
    -7.502920897746));
#106 = CARTESIAN_POINT('',(1.360046605447,-4.933636674856E-15,
    -10.0511452812));
#107 = CARTESIAN_POINT('',(1.107383687774,1.377360515108E-15,
    -14.36734268558));
#108 = CARTESIAN_POINT('',(1.014635513492,-4.273176485234E-15,
    -19.67254106564));
#109 = CARTESIAN_POINT('',(1.282881253428,-3.759843060776E-16,
    -24.47859307312));
#110 = CARTESIAN_POINT('',(0.750981997264,-4.610060488746E-16,
    -27.60926017245));
#111 = CARTESIAN_POINT('',(-0.447329755607,-1.327333694398E-15,
    -28.55920357452));
#112 = CARTESIAN_POINT('',(-1.675490796678,-1.292902760074E-15,
    -28.63950981624));
#113 = CARTESIAN_POINT('',(-2.,0.,-28.7));
#114 = CARTESIAN_POINT('',(0.55,0.,10.5));
#115 = CARTESIAN_POINT('',(0.880755484273,0.128301642172,10.465851618406
    ));
#116 = CARTESIAN_POINT('',(1.754392801623,0.458543641324,10.364460023639
    ));
#117 = CARTESIAN_POINT('',(3.492994576746,1.118451777146,10.050792984172
    ));
#118 = CARTESIAN_POINT('',(6.091013576255,2.092951244886,9.419682147982)
  );
#119 = CARTESIAN_POINT('',(9.115401853446,3.15467207859,7.961221038362)
  );
#120 = CARTESIAN_POINT('',(10.786235093762,3.877282810344,4.591935540492
    ));
#121 = CARTESIAN_POINT('',(10.617331179416,3.901983418341,0.94933027648)
  );
#122 = CARTESIAN_POINT('',(9.679195346899,3.658056822333,-2.741973863256
    ));
#123 = CARTESIAN_POINT('',(6.653245376015,2.904217593137,-5.688365883761
    ));
#124 = CARTESIAN_POINT('',(3.450797359509,2.005246150008,-7.502920897746
    ));
#125 = CARTESIAN_POINT('',(1.360046605447,1.226705754476,-10.0511452812)
  );
#126 = CARTESIAN_POINT('',(1.107383687775,1.056487051761,-14.36734268558
    ));
#127 = CARTESIAN_POINT('',(1.01463551349,1.047956715047,-19.67254106564)
  );
#128 = CARTESIAN_POINT('',(1.282881253432,1.15503797755,-24.47859307312)
  );
#129 = CARTESIAN_POINT('',(0.750981997261,0.923732778189,-27.60926017245
    ));
#130 = CARTESIAN_POINT('',(-0.447329755591,0.507099556421,
    -28.55920357452));
#131 = CARTESIAN_POINT('',(-1.675490796716,0.101833669631,
    -28.63950981624));
#132 = CARTESIAN_POINT('',(-2.,0.,-28.7));
#133 = CARTESIAN_POINT('',(0.55,0.,10.5));
#134 = CARTESIAN_POINT('',(0.810022875565,0.256603331708,10.465851618406
    ));
#135 = CARTESIAN_POINT('',(1.492666985098,0.917087451904,10.364460023639
    ));
#136 = CARTESIAN_POINT('',(2.852904544581,2.236903967148,10.050792984172
    ));
#137 = CARTESIAN_POINT('',(4.904301595602,4.185903262317,9.419682147982)
  );
#138 = CARTESIAN_POINT('',(7.272564316533,6.309345321631,7.961221038362)
  );
#139 = CARTESIAN_POINT('',(8.55969637523,7.754567051876,4.591935540492)
  );
#140 = CARTESIAN_POINT('',(8.379947785207,7.803968276978,0.94933027648)
  );
#141 = CARTESIAN_POINT('',(7.589151089596,7.316114994933,-2.741973863256
    ));
#142 = CARTESIAN_POINT('',(5.086567148001,5.80843625828,-5.688365883761)
  );
#143 = CARTESIAN_POINT('',(2.414596379509,4.010493040188,-7.502920897746
    ));
#144 = CARTESIAN_POINT('',(0.658076651248,2.453411961767,-10.0511452812)
  );
#145 = CARTESIAN_POINT('',(0.41392127468,2.112974493494,-14.36734268558)
  );
#146 = CARTESIAN_POINT('',(0.36675340649,2.095913816923,-19.67254106564)
  );
#147 = CARTESIAN_POINT('',(0.570445224167,2.310076381457,-24.47859307312
    ));
#148 = CARTESIAN_POINT('',(0.154278202473,1.847465897351,-27.60926017245
    ));
#149 = CARTESIAN_POINT('',(-0.784082955342,1.014199300038,
    -28.55920357452));
#150 = CARTESIAN_POINT('',(-1.746022440716,0.203667376824,
    -28.63950981624));
#151 = CARTESIAN_POINT('',(-2.,0.,-28.7));
#152 = CARTESIAN_POINT('',(0.55,0.,10.5));
#153 = CARTESIAN_POINT('',(0.668555371092,0.352435642944,10.465851618406
    ));
#154 = CARTESIAN_POINT('',(0.969232625865,1.259587331067,10.364460023639
    ));
#155 = CARTESIAN_POINT('',(1.5727689254,3.072308853436,10.050792984172)
  );
#156 = CARTESIAN_POINT('',(2.530856249972,5.749190775031,9.419682147982)
  );
#157 = CARTESIAN_POINT('',(3.586891881692,8.665663692258,7.961221038362)
  );
#158 = CARTESIAN_POINT('',(4.106614753714,10.650624862788,4.591935540492
    ));
#159 = CARTESIAN_POINT('',(3.905178945574,10.718475706426,0.94933027648)
  );
#160 = CARTESIAN_POINT('',(3.409057894577,10.048426397342,
    -2.741973863256));
#161 = CARTESIAN_POINT('',(1.95321662155,7.977682727166,-5.688365883761)
  );
#162 = CARTESIAN_POINT('',(0.342167547349,5.508271009879,-7.502920897746
    ));
#163 = CARTESIAN_POINT('',(-0.745803351372,3.369674962326,-10.0511452812
    ));
#164 = CARTESIAN_POINT('',(-0.972981313507,2.90209608406,-14.36734268558
    ));
#165 = CARTESIAN_POINT('',(-0.928970601805,2.878663845356,
    -19.67254106564));
#166 = CARTESIAN_POINT('',(-0.854388208415,3.172808588616,
    -24.47859307312));
#167 = CARTESIAN_POINT('',(-1.039096809214,2.537429373903,
    -27.60926017245));
#168 = CARTESIAN_POINT('',(-1.457570908594,1.392967035885,
    -28.55920357452));
#169 = CARTESIAN_POINT('',(-1.887082069976,0.279729972366,
    -28.63950981624));
#170 = CARTESIAN_POINT('',(-2.,0.,-28.7));
#171 = CARTESIAN_POINT('',(0.55,0.,10.5));
#172 = CARTESIAN_POINT('',(0.477519002565,0.383332811589,10.465851618406
    ));
#173 = CARTESIAN_POINT('',(0.262282168921,1.370012263903,10.364460023639
    ));
#174 = CARTESIAN_POINT('',(-0.156191644366,3.34165063739,10.050792984172
    ));
#175 = CARTESIAN_POINT('',(-0.674294101983,6.253208233271,9.419682147982
    ));
#176 = CARTESIAN_POINT('',(-1.390470224566,9.425361179993,7.961221038362
    ));
#177 = CARTESIAN_POINT('',(-1.907073193291,11.584339029274,
    4.591935540492));
#178 = CARTESIAN_POINT('',(-2.137805800454,11.658138189952,0.94933027648
    ));
#179 = CARTESIAN_POINT('',(-2.235968161359,10.929347300952,
    -2.741973863256));
#180 = CARTESIAN_POINT('',(-2.278271215687,8.677066610641,
    -5.688365883761));
#181 = CARTESIAN_POINT('',(-2.456448844616,5.991167623048,
    -7.502920897746));
#182 = CARTESIAN_POINT('',(-2.641941578763,3.66508610393,-10.0511452812)
  );
#183 = CARTESIAN_POINT('',(-2.846031685503,3.156515731842,
    -14.36734268558));
#184 = CARTESIAN_POINT('',(-2.678964588296,3.131029246258,
    -19.67254106564));
#185 = CARTESIAN_POINT('',(-2.778732493037,3.450960937914,
    -24.47859307312));
#186 = CARTESIAN_POINT('',(-2.650840123483,2.75987958539,-27.60926017245
    ));
#187 = CARTESIAN_POINT('',(-2.367167644238,1.515085040398,
    -28.55920357452));
#188 = CARTESIAN_POINT('',(-2.077592961319,0.304253213141,
    -28.63950981624));
#189 = CARTESIAN_POINT('',(-2.,0.,-28.7));
#190 = CARTESIAN_POINT('',(0.55,0.,10.5));
#191 = CARTESIAN_POINT('',(0.279186725086,0.328466940318,10.465851618406
    ));
#192 = CARTESIAN_POINT('',(-0.471372693689,1.173924388704,
    10.364460023639));
#193 = CARTESIAN_POINT('',(-1.950436917179,2.863365011466,
    10.050792984172));
#194 = CARTESIAN_POINT('',(-4.001658376506,5.358195577032,9.419682147982
    ));
#195 = CARTESIAN_POINT('',(-6.557210820921,8.076322857371,7.961221038362
    ));
#196 = CARTESIAN_POINT('',(-8.149654192127,9.926289327523,4.591935540492
    ));
#197 = CARTESIAN_POINT('',(-8.410774018556,9.989525721078,0.94933027648)
  );
#198 = CARTESIAN_POINT('',(-8.095863877668,9.365045618569,
    -2.741973863256));
#199 = CARTESIAN_POINT('',(-6.670716313872,7.435130608133,
    -5.688365883761));
#200 = CARTESIAN_POINT('',(-5.361871776939,5.133660460595,
    -7.502920897746));
#201 = CARTESIAN_POINT('',(-4.609549154828,3.140507627132,-10.0511452812
    ));
#202 = CARTESIAN_POINT('',(-4.790104396567,2.704728197424,
    -14.36734268558));
#203 = CARTESIAN_POINT('',(-4.495092257619,2.682889555641,
    -19.67254106564));
#204 = CARTESIAN_POINT('',(-4.775863292918,2.957029886694,
    -24.47859307312));
#205 = CARTESIAN_POINT('',(-4.323543519587,2.364862009299,
    -27.60926017245));
#206 = CARTESIAN_POINT('',(-3.31116686114,1.29823310838,-28.55920357452)
  );
#207 = CARTESIAN_POINT('',(-2.275311642442,0.260705890499,
    -28.63950981624));
#208 = CARTESIAN_POINT('',(-2.,0.,-28.7));
#209 = CARTESIAN_POINT('',(0.55,0.,10.5));
#210 = CARTESIAN_POINT('',(0.127828322041,0.190361787546,10.465851618406
    ));
#211 = CARTESIAN_POINT('',(-1.031805922824,0.680343491719,
    10.364460023639));
#212 = CARTESIAN_POINT('',(-3.321093083635,1.659452490064,
    10.050792984172));
#213 = CARTESIAN_POINT('',(-6.541311951193,3.105322219234,9.419682147982
    ));
#214 = CARTESIAN_POINT('',(-10.50154469017,4.680602725012,7.961221038362
    ));
#215 = CARTESIAN_POINT('',(-12.91513899122,5.752743878223,4.591935540492
    ));
#216 = CARTESIAN_POINT('',(-13.19950114738,5.78939229366,0.94933027648)
  );
#217 = CARTESIAN_POINT('',(-12.56919715672,5.427477184478,
    -2.741973863256));
#218 = CARTESIAN_POINT('',(-10.02402379037,4.309002153612,
    -5.688365883761));
#219 = CARTESIAN_POINT('',(-7.579301022213,2.975193731765,
    -7.502920897746));
#220 = CARTESIAN_POINT('',(-6.112874364498,1.820069457127,-10.0511452812
    ));
#221 = CARTESIAN_POINT('',(-6.274672197912,1.56751511736,-14.36734268558
    ));
#222 = CARTESIAN_POINT('',(-5.882364377985,1.554858614185,
    -19.67254106564));
#223 = CARTESIAN_POINT('',(-6.301279635978,1.713735618386,
    -24.47859307312));
#224 = CARTESIAN_POINT('',(-5.601165695775,1.370546938383,
    -27.60926017245));
#225 = CARTESIAN_POINT('',(-4.032201129182,0.75238614558,-28.55920357452
    ));
#226 = CARTESIAN_POINT('',(-2.426326474804,0.151091124393,
    -28.63950981624));
#227 = CARTESIAN_POINT('',(-2.,0.,-28.7));
#228 = CARTESIAN_POINT('',(0.55,0.,10.5));
#229 = CARTESIAN_POINT('',(7.078937657473E-02,8.80071143837E-12,
    10.465851618406));
#230 = CARTESIAN_POINT('',(-1.24235273995,-4.043683321414E-12,
    10.364460023639));
#231 = CARTESIAN_POINT('',(-3.835973596758,-1.493684272485E-11,
    10.050792984172));
#232 = CARTESIAN_POINT('',(-7.497943054949,1.297643537042E-10,
    9.419682147982));
#233 = CARTESIAN_POINT('',(-11.986381424,1.563751181328E-10,
    7.961221038362));
#234 = CARTESIAN_POINT('',(-14.70928274942,1.380928013349E-10,
    4.591935540492));
#235 = CARTESIAN_POINT('',(-15.00234090436,1.981890395002E-10,
    0.94933027648));
#236 = CARTESIAN_POINT('',(-14.25336864437,1.173844018135E-10,
    -2.741973863256));
#237 = CARTESIAN_POINT('',(-11.28627662534,9.873393804081E-11,
    -5.688365883761));
#238 = CARTESIAN_POINT('',(-8.414764682553,1.144976598034E-10,
    -7.502920897746));
#239 = CARTESIAN_POINT('',(-6.67730930696,-2.973732142516E-11,
    -10.0511452812));
#240 = CARTESIAN_POINT('',(-6.832997802889,2.073450319813E-11,
    -14.36734268558));
#241 = CARTESIAN_POINT('',(-6.403607380691,-6.067314583866E-12,
    -19.67254106564));
#242 = CARTESIAN_POINT('',(-6.874569028435,2.180896817526E-13,
    -24.47859307312));
#243 = CARTESIAN_POINT('',(-6.081322154643,-3.280092986022E-15,
    -27.60926017245));
#244 = CARTESIAN_POINT('',(-4.303178970023,-2.102566847889E-13,
    -28.55920357452));
#245 = CARTESIAN_POINT('',(-2.483085781756,5.391778055525E-14,
    -28.63950981624));
#246 = CARTESIAN_POINT('',(-2.,0.,-28.7));
#247 = CARTESIAN_POINT('',(0.55,0.,10.5));
#248 = CARTESIAN_POINT('',(0.127828322023,-0.190361787558,
    10.465851618406));
#249 = CARTESIAN_POINT('',(-1.031805922811,-0.680343491715,
    10.364460023639));
#250 = CARTESIAN_POINT('',(-3.321093083639,-1.659452490035,
    10.050792984172));
#251 = CARTESIAN_POINT('',(-6.541311951199,-3.105322219472,
    9.419682147982));
#252 = CARTESIAN_POINT('',(-10.50154469017,-4.680602725299,
    7.961221038362));
#253 = CARTESIAN_POINT('',(-12.91513899122,-5.752743878475,
    4.591935540492));
#254 = CARTESIAN_POINT('',(-13.19950114738,-5.789392294022,0.94933027648
    ));
#255 = CARTESIAN_POINT('',(-12.56919715672,-5.427477184693,
    -2.741973863256));
#256 = CARTESIAN_POINT('',(-10.02402379037,-4.309002153794,
    -5.688365883761));
#257 = CARTESIAN_POINT('',(-7.579301022209,-2.975193731974,
    -7.502920897746));
#258 = CARTESIAN_POINT('',(-6.112874364499,-1.820069457072,
    -10.0511452812));
#259 = CARTESIAN_POINT('',(-6.274672197906,-1.567515117398,
    -14.36734268558));
#260 = CARTESIAN_POINT('',(-5.882364377978,-1.554858614175,
    -19.67254106564));
#261 = CARTESIAN_POINT('',(-6.301279635994,-1.713735618384,
    -24.47859307312));
#262 = CARTESIAN_POINT('',(-5.601165695772,-1.370546938385,
    -27.60926017245));
#263 = CARTESIAN_POINT('',(-4.032201129181,-0.75238614557,
    -28.55920357452));
#264 = CARTESIAN_POINT('',(-2.426326474821,-0.151091124417,
    -28.63950981624));
#265 = CARTESIAN_POINT('',(-2.,0.,-28.7));
#266 = CARTESIAN_POINT('',(0.55,0.,10.5));
#267 = CARTESIAN_POINT('',(0.2791867251,-0.328466940308,10.465851618406)
  );
#268 = CARTESIAN_POINT('',(-0.4713726937,-1.173924388709,10.364460023639
    ));
#269 = CARTESIAN_POINT('',(-1.950436917179,-2.863365011486,
    10.050792984172));
#270 = CARTESIAN_POINT('',(-4.001658376496,-5.358195576852,
    9.419682147982));
#271 = CARTESIAN_POINT('',(-6.557210820924,-8.076322857151,
    7.961221038362));
#272 = CARTESIAN_POINT('',(-8.149654192135,-9.926289327333,
    4.591935540492));
#273 = CARTESIAN_POINT('',(-8.410774018551,-9.989525720804,0.94933027648
    ));
#274 = CARTESIAN_POINT('',(-8.095863877668,-9.365045618405,
    -2.741973863256));
#275 = CARTESIAN_POINT('',(-6.670716313873,-7.435130607993,
    -5.688365883761));
#276 = CARTESIAN_POINT('',(-5.361871776944,-5.133660460437,
    -7.502920897746));
#277 = CARTESIAN_POINT('',(-4.609549154826,-3.140507627172,
    -10.0511452812));
#278 = CARTESIAN_POINT('',(-4.790104396576,-2.704728197393,
    -14.36734268558));
#279 = CARTESIAN_POINT('',(-4.495092257634,-2.682889555651,
    -19.67254106564));
#280 = CARTESIAN_POINT('',(-4.775863292887,-2.957029886692,
    -24.47859307312));
#281 = CARTESIAN_POINT('',(-4.323543519599,-2.3648620093,-27.60926017245
    ));
#282 = CARTESIAN_POINT('',(-3.311166861116,-1.298233108377,
    -28.55920357452));
#283 = CARTESIAN_POINT('',(-2.275311642476,-0.260705890506,
    -28.63950981624));
#284 = CARTESIAN_POINT('',(-2.,0.,-28.7));
#285 = CARTESIAN_POINT('',(0.55,0.,10.5));
#286 = CARTESIAN_POINT('',(0.477519002564,-0.383332811599,
    10.465851618406));
#287 = CARTESIAN_POINT('',(0.262282168922,-1.370012263897,
    10.364460023639));
#288 = CARTESIAN_POINT('',(-0.156191644361,-3.34165063738,
    10.050792984172));
#289 = CARTESIAN_POINT('',(-0.674294101993,-6.253208233382,
    9.419682147982));
#290 = CARTESIAN_POINT('',(-1.390470224563,-9.425361180131,
    7.961221038362));
#291 = CARTESIAN_POINT('',(-1.907073193285,-11.58433902939,
    4.591935540492));
#292 = CARTESIAN_POINT('',(-2.137805800459,-11.65813819012,0.94933027648
    ));
#293 = CARTESIAN_POINT('',(-2.235968161358,-10.92934730105,
    -2.741973863256));
#294 = CARTESIAN_POINT('',(-2.278271215687,-8.677066610729,
    -5.688365883761));
#295 = CARTESIAN_POINT('',(-2.456448844611,-5.991167623145,
    -7.502920897746));
#296 = CARTESIAN_POINT('',(-2.641941578765,-3.665086103906,
    -10.0511452812));
#297 = CARTESIAN_POINT('',(-2.846031685495,-3.156515731862,
    -14.36734268558));
#298 = CARTESIAN_POINT('',(-2.678964588286,-3.131029246253,
    -19.67254106564));
#299 = CARTESIAN_POINT('',(-2.778732493056,-3.45096093791,
    -24.47859307312));
#300 = CARTESIAN_POINT('',(-2.65084012348,-2.759879585394,
    -27.60926017245));
#301 = CARTESIAN_POINT('',(-2.367167644227,-1.515085040381,
    -28.55920357452));
#302 = CARTESIAN_POINT('',(-2.077592961364,-0.304253213183,
    -28.63950981624));
#303 = CARTESIAN_POINT('',(-2.,0.,-28.7));
#304 = CARTESIAN_POINT('',(0.55,0.,10.5));
#305 = CARTESIAN_POINT('',(0.668555371088,-0.352435642933,
    10.465851618406));
#306 = CARTESIAN_POINT('',(0.969232625868,-1.259587331073,
    10.364460023639));
#307 = CARTESIAN_POINT('',(1.572768925395,-3.072308853438,
    10.050792984172));
#308 = CARTESIAN_POINT('',(2.530856249979,-5.749190774978,9.419682147982
    ));
#309 = CARTESIAN_POINT('',(3.586891881691,-8.665663692189,7.961221038362
    ));
#310 = CARTESIAN_POINT('',(4.106614753711,-10.65062486273,4.591935540492
    ));
#311 = CARTESIAN_POINT('',(3.905178945577,-10.71847570634,0.94933027648)
  );
#312 = CARTESIAN_POINT('',(3.409057894576,-10.04842639729,
    -2.741973863256));
#313 = CARTESIAN_POINT('',(1.95321662155,-7.977682727122,-5.688365883761
    ));
#314 = CARTESIAN_POINT('',(0.342167547346,-5.508271009832,
    -7.502920897746));
#315 = CARTESIAN_POINT('',(-0.745803351372,-3.369674962338,
    -10.0511452812));
#316 = CARTESIAN_POINT('',(-0.972981313512,-2.902096084049,
    -14.36734268558));
#317 = CARTESIAN_POINT('',(-0.928970601811,-2.878663845359,
    -19.67254106564));
#318 = CARTESIAN_POINT('',(-0.854388208404,-3.172808588617,
    -24.47859307312));
#319 = CARTESIAN_POINT('',(-1.039096809215,-2.537429373902,
    -27.60926017245));
#320 = CARTESIAN_POINT('',(-1.457570908602,-1.392967035889,
    -28.55920357452));
#321 = CARTESIAN_POINT('',(-1.887082069943,-0.279729972356,
    -28.63950981624));
#322 = CARTESIAN_POINT('',(-2.,0.,-28.7));
#323 = CARTESIAN_POINT('',(0.55,0.,10.5));
#324 = CARTESIAN_POINT('',(0.810022875558,-0.256603331712,
    10.465851618406));
#325 = CARTESIAN_POINT('',(1.492666985103,-0.917087451902,
    10.364460023639));
#326 = CARTESIAN_POINT('',(2.85290454458,-2.236903967148,10.050792984172
    ));
#327 = CARTESIAN_POINT('',(4.9043015956,-4.185903262336,9.419682147982)
  );
#328 = CARTESIAN_POINT('',(7.272564316533,-6.309345321656,7.961221038362
    ));
#329 = CARTESIAN_POINT('',(8.559696375231,-7.754567051897,4.591935540492
    ));
#330 = CARTESIAN_POINT('',(8.379947785206,-7.803968277008,0.94933027648)
  );
#331 = CARTESIAN_POINT('',(7.589151089597,-7.316114994951,
    -2.741973863256));
#332 = CARTESIAN_POINT('',(5.086567148001,-5.808436258296,
    -5.688365883761));
#333 = CARTESIAN_POINT('',(2.41459637951,-4.010493040205,-7.502920897746
    ));
#334 = CARTESIAN_POINT('',(0.658076651248,-2.453411961763,-10.0511452812
    ));
#335 = CARTESIAN_POINT('',(0.413921274682,-2.112974493498,
    -14.36734268558));
#336 = CARTESIAN_POINT('',(0.366753406492,-2.095913816923,
    -19.67254106564));
#337 = CARTESIAN_POINT('',(0.570445224161,-2.310076381454,
    -24.47859307312));
#338 = CARTESIAN_POINT('',(0.154278202474,-1.847465897353,
    -27.60926017245));
#339 = CARTESIAN_POINT('',(-0.78408295534,-1.014199300028,
    -28.55920357452));
#340 = CARTESIAN_POINT('',(-1.746022440727,-0.203667376849,
    -28.63950981624));
#341 = CARTESIAN_POINT('',(-2.,0.,-28.7));
#342 = CARTESIAN_POINT('',(0.55,0.,10.5));
#343 = CARTESIAN_POINT('',(0.880755484281,-0.128301642176,
    10.465851618406));
#344 = CARTESIAN_POINT('',(1.754392801618,-0.45854364132,10.364460023639
    ));
#345 = CARTESIAN_POINT('',(3.492994576749,-1.118451777149,
    10.050792984172));
#346 = CARTESIAN_POINT('',(6.091013576254,-2.092951244881,9.419682147982
    ));
#347 = CARTESIAN_POINT('',(9.115401853447,-3.154672078585,7.961221038362
    ));
#348 = CARTESIAN_POINT('',(10.786235093762,-3.87728281034,4.591935540492
    ));
#349 = CARTESIAN_POINT('',(10.617331179417,-3.901983418334,0.94933027648
    ));
#350 = CARTESIAN_POINT('',(9.679195346899,-3.658056822328,
    -2.741973863256));
#351 = CARTESIAN_POINT('',(6.653245376015,-2.904217593133,
    -5.688365883761));
#352 = CARTESIAN_POINT('',(3.450797359509,-2.005246150004,
    -7.502920897746));
#353 = CARTESIAN_POINT('',(1.360046605447,-1.226705754477,-10.0511452812
    ));
#354 = CARTESIAN_POINT('',(1.107383687774,-1.05648705176,-14.36734268558
    ));
#355 = CARTESIAN_POINT('',(1.014635513491,-1.047956715048,
    -19.67254106564));
#356 = CARTESIAN_POINT('',(1.28288125343,-1.155037977549,-24.47859307312
    ));
#357 = CARTESIAN_POINT('',(0.750981997263,-0.92373277819,-27.60926017245
    ));
#358 = CARTESIAN_POINT('',(-0.447329755603,-0.507099556418,
    -28.55920357452));
#359 = CARTESIAN_POINT('',(-1.675490796686,-0.101833669638,
    -28.63950981624));
#360 = CARTESIAN_POINT('',(-2.,0.,-28.7));
#361 = CARTESIAN_POINT('',(0.55,0.,10.5));
#362 = CARTESIAN_POINT('',(0.880755484259,-7.531069299779E-17,
    10.465851618406));
#363 = CARTESIAN_POINT('',(1.754392801633,-1.17166819048E-15,
    10.364460023639));
#364 = CARTESIAN_POINT('',(3.492994576741,1.089214797476E-15,
    10.050792984172));
#365 = CARTESIAN_POINT('',(6.091013576256,6.888075352294E-15,
    9.419682147982));
#366 = CARTESIAN_POINT('',(9.115401853444,-8.78625510739E-15,
    7.961221038362));
#367 = CARTESIAN_POINT('',(10.786235093761,-3.130731904233E-15,
    4.591935540492));
#368 = CARTESIAN_POINT('',(10.617331179415,1.235653439736E-15,
    0.94933027648));
#369 = CARTESIAN_POINT('',(9.6791953469,-1.703523026228E-15,
    -2.741973863256));
#370 = CARTESIAN_POINT('',(6.653245376012,1.096806681417E-14,
    -5.688365883761));
#371 = CARTESIAN_POINT('',(3.450797359509,-3.26521891089E-15,
    -7.502920897746));
#372 = CARTESIAN_POINT('',(1.360046605447,-2.013606515891E-15,
    -10.0511452812));
#373 = CARTESIAN_POINT('',(1.107383687774,1.497544222954E-15,
    -14.36734268558));
#374 = CARTESIAN_POINT('',(1.01463551349,6.85267247566E-15,
    -19.67254106564));
#375 = CARTESIAN_POINT('',(1.282881253431,3.335175763739E-15,
    -24.47859307312));
#376 = CARTESIAN_POINT('',(0.750981997262,-1.267890465111E-16,
    -27.60926017245));
#377 = CARTESIAN_POINT('',(-0.447329755596,3.068787648565E-16,
    -28.55920357452));
#378 = CARTESIAN_POINT('',(-1.675490796705,1.15186338394E-15,
    -28.63950981624));
#379 = CARTESIAN_POINT('',(-2.,0.,-28.7));
#380 = DEFINITIONAL_REPRESENTATION('',(#381),#447);
#381 = B_SPLINE_CURVE_WITH_KNOTS('',8,(#382,#383,#384,#385,#386,#387,
    #388,#389,#390,#391,#392,#393,#394,#395,#396,#397,#398,#399,#400,
    #401,#402,#403,#404,#405,#406,#407,#408,#409,#410,#411,#412,#413,
    #414,#415,#416,#417,#418,#419,#420,#421,#422,#423,#424,#425,#426,
    #427,#428,#429,#430,#431,#432,#433,#434,#435,#436,#437,#438,#439,
    #440,#441,#442,#443,#444,#445,#446),.UNSPECIFIED.,.F.,.F.,(9,7,7,7,7
    ,7,7,7,7,9),(0.,0.14214096734,0.19751904868,0.260375911572,
    0.372746089822,0.526716844306,0.737618083285,0.879535347666,
    0.942308628844,1.),.UNSPECIFIED.);
#382 = CARTESIAN_POINT('',(0.103526531592,0.293798911462));
#383 = CARTESIAN_POINT('',(0.103591926737,0.291218392278));
#384 = CARTESIAN_POINT('',(0.103538771135,0.288630043777));
#385 = CARTESIAN_POINT('',(0.103365832521,0.28604000111));
#386 = CARTESIAN_POINT('',(0.103071730144,0.283454811368));
#387 = CARTESIAN_POINT('',(0.10265494278,0.280881499022));
#388 = CARTESIAN_POINT('',(0.102113885362,0.278327623992));
#389 = CARTESIAN_POINT('',(0.101447054244,0.27580133236));
#390 = CARTESIAN_POINT('',(0.100343971716,0.272341322656));
#391 = CARTESIAN_POINT('',(0.100013719222,0.271371407687));
#392 = CARTESIAN_POINT('',(9.966183472959E-02,0.270401608338));
#393 = CARTESIAN_POINT('',(9.928760859483E-02,0.26943208589));
#394 = CARTESIAN_POINT('',(9.889017626292E-02,0.268462548538));
#395 = CARTESIAN_POINT('',(9.846864136838E-02,0.267493383299));
#396 = CARTESIAN_POINT('',(9.802188768753E-02,0.266524371716));
#397 = CARTESIAN_POINT('',(9.701160297439E-02,0.264455937406));
#398 = CARTESIAN_POINT('',(9.644655346063E-02,0.263369060658));
#399 = CARTESIAN_POINT('',(9.585354357758E-02,0.262295870693));
#400 = CARTESIAN_POINT('',(9.52326205364E-02,0.26123730931));
#401 = CARTESIAN_POINT('',(9.45838840256E-02,0.260194331656));
#402 = CARTESIAN_POINT('',(9.390748621105E-02,0.259167906224));
#403 = CARTESIAN_POINT('',(9.320363173597E-02,0.258159014855));
#404 = CARTESIAN_POINT('',(9.116566124119E-02,0.255398167171));
#405 = CARTESIAN_POINT('',(8.977177051179E-02,0.253686819461));
#406 = CARTESIAN_POINT('',(8.829249242398E-02,0.252040349325));
#407 = CARTESIAN_POINT('',(8.672998778282E-02,0.250464504903));
#408 = CARTESIAN_POINT('',(8.508706162382E-02,0.248964971486));
#409 = CARTESIAN_POINT('',(8.336723352955E-02,0.247547300245));
#410 = CARTESIAN_POINT('',(8.157480794617E-02,0.246216836964));
#411 = CARTESIAN_POINT('',(7.716654079998E-02,0.243282075528));
#412 = CARTESIAN_POINT('',(7.449108435819E-02,0.241758442097));
#413 = CARTESIAN_POINT('',(7.170195184676E-02,0.24042089919));
#414 = CARTESIAN_POINT('',(6.881461540657E-02,0.239280790105));
#415 = CARTESIAN_POINT('',(6.584653648443E-02,0.238347353258));
#416 = CARTESIAN_POINT('',(6.281686253681E-02,0.23762738426));
#417 = CARTESIAN_POINT('',(5.97459266001E-02,0.237124859543));
#418 = CARTESIAN_POINT('',(5.242014031102E-02,0.23645104992));
#419 = CARTESIAN_POINT('',(4.814572061737E-02,0.236470805427));
#420 = CARTESIAN_POINT('',(4.388465162398E-02,0.23690229122));
#421 = CARTESIAN_POINT('',(3.968882971161E-02,0.237736728327));
#422 = CARTESIAN_POINT('',(3.560533230214E-02,0.238955260505));
#423 = CARTESIAN_POINT('',(3.167406009798E-02,0.240531657448));
#424 = CARTESIAN_POINT('',(2.792684339298E-02,0.242435204813));
#425 = CARTESIAN_POINT('',(2.200748460129E-02,0.246111027917));
#426 = CARTESIAN_POINT('',(1.972050723414E-02,0.247722922906));
#427 = CARTESIAN_POINT('',(1.75347715935E-02,0.249458313519));
#428 = CARTESIAN_POINT('',(1.545572989119E-02,0.251307146439));
#429 = CARTESIAN_POINT('',(1.34873302114E-02,0.253259510149));
#430 = CARTESIAN_POINT('',(1.163227402604E-02,0.255305868238));
#431 = CARTESIAN_POINT('',(9.892263795115E-03,0.257437171836));
#432 = CARTESIAN_POINT('',(7.54989773673E-03,0.260621358756));
#433 = CARTESIAN_POINT('',(6.865445201912E-03,0.261597582417));
#434 = CARTESIAN_POINT('',(6.212617516632E-03,0.262573488134));
#435 = CARTESIAN_POINT('',(5.589464013412E-03,0.263549097519));
#436 = CARTESIAN_POINT('',(4.994308512873E-03,0.264524459291));
#437 = CARTESIAN_POINT('',(4.425708948491E-03,0.265499620695));
#438 = CARTESIAN_POINT('',(3.882416991359E-03,0.266474598924));
#439 = CARTESIAN_POINT('',(2.88628124358E-03,0.268345193455));
#440 = CARTESIAN_POINT('',(2.425396988227E-03,0.26924888554));
#441 = CARTESIAN_POINT('',(1.980684195183E-03,0.270160027239));
#442 = CARTESIAN_POINT('',(1.552146905252E-03,0.271078229386));
#443 = CARTESIAN_POINT('',(1.13979391373E-03,0.272003115217));
#444 = CARTESIAN_POINT('',(7.436387704077E-04,0.272934320372));
#445 = CARTESIAN_POINT('',(3.63699779571E-04,0.273871492893));
#446 = CARTESIAN_POINT('',(0.,0.274814293222));
#447 = ( GEOMETRIC_REPRESENTATION_CONTEXT(2) 
PARAMETRIC_REPRESENTATION_CONTEXT() REPRESENTATION_CONTEXT('2D SPACE',''
  ) );
#448 = PCURVE('',#449,#454);
#449 = CONICAL_SURFACE('',#450,3.2,3.997868712329E-02);
#450 = AXIS2_PLACEMENT_3D('',#451,#452,#453);
#451 = CARTESIAN_POINT('',(3.132583516611,-1.04406140757,0.87752783887)
  );
#452 = DIRECTION('',(-0.841854120847,-0.461015351893,-0.280618040282));
#453 = DIRECTION('',(-0.480314622866,0.877096267842,-1.387778780781E-17)
  );
#454 = DEFINITIONAL_REPRESENTATION('',(#455),#521);
#455 = B_SPLINE_CURVE_WITH_KNOTS('',8,(#456,#457,#458,#459,#460,#461,
    #462,#463,#464,#465,#466,#467,#468,#469,#470,#471,#472,#473,#474,
    #475,#476,#477,#478,#479,#480,#481,#482,#483,#484,#485,#486,#487,
    #488,#489,#490,#491,#492,#493,#494,#495,#496,#497,#498,#499,#500,
    #501,#502,#503,#504,#505,#506,#507,#508,#509,#510,#511,#512,#513,
    #514,#515,#516,#517,#518,#519,#520),.UNSPECIFIED.,.F.,.F.,(9,7,7,7,7
    ,7,7,7,7,9),(0.,0.14214096734,0.19751904868,0.260375911572,
    0.372746089822,0.526716844306,0.737618083285,0.879535347666,
    0.942308628844,1.),.UNSPECIFIED.);
#456 = CARTESIAN_POINT('',(0.,-8.090929634617));
#457 = CARTESIAN_POINT('',(-4.564334988192E-02,-8.123940484098));
#458 = CARTESIAN_POINT('',(-9.13916311757E-02,-8.15641245616));
#459 = CARTESIAN_POINT('',(-0.137272226641,-8.18817025526));
#460 = CARTESIAN_POINT('',(-0.183308698924,-8.219029533972));
#461 = CARTESIAN_POINT('',(-0.229521144461,-8.248802470446));
#462 = CARTESIAN_POINT('',(-0.275925914576,-8.27730380963));
#463 = CARTESIAN_POINT('',(-0.322534703778,-8.304357368228));
#464 = CARTESIAN_POINT('',(-0.387593402473,-8.339716615826));
#465 = CARTESIAN_POINT('',(-0.405966487263,-8.349440362631));
#466 = CARTESIAN_POINT('',(-0.424484635358,-8.358970838598));
#467 = CARTESIAN_POINT('',(-0.44316259501,-8.368285160317));
#468 = CARTESIAN_POINT('',(-0.462013124838,-8.377403475433));
#469 = CARTESIAN_POINT('',(-0.481055457591,-8.386280483222));
#470 = CARTESIAN_POINT('',(-0.500305807768,-8.394930816064));
#471 = CARTESIAN_POINT('',(-0.541891648826,-8.412896966112));
#472 = CARTESIAN_POINT('',(-0.564041549599,-8.422036760564));
#473 = CARTESIAN_POINT('',(-0.586231347019,-8.430761471771));
#474 = CARTESIAN_POINT('',(-0.60845912872,-8.439067701516));
#475 = CARTESIAN_POINT('',(-0.630722927242,-8.446952244529));
#476 = CARTESIAN_POINT('',(-0.653020720038,-8.454412088486));
#477 = CARTESIAN_POINT('',(-0.675350429468,-8.461444414011));
#478 = CARTESIAN_POINT('',(-0.737682332112,-8.479849414354));
#479 = CARTESIAN_POINT('',(-0.777751769896,-8.490278210928));
#480 = CARTESIAN_POINT('',(-0.817903496556,-8.499317720588));
#481 = CARTESIAN_POINT('',(-0.858124458217,-8.506956721348));
#482 = CARTESIAN_POINT('',(-0.898402331869,-8.513188471841));
#483 = CARTESIAN_POINT('',(-0.93872457051,-8.518011150104));
#484 = CARTESIAN_POINT('',(-0.979077448287,-8.521428292366));
#485 = CARTESIAN_POINT('',(-1.074757277925,-8.526218343544));
#486 = CARTESIAN_POINT('',(-1.130106620062,-8.526366704273));
#487 = CARTESIAN_POINT('',(-1.1854482358,-8.523916167271));
#488 = CARTESIAN_POINT('',(-1.240749155701,-8.5189121838));
#489 = CARTESIAN_POINT('',(-1.295983023709,-8.511415505466));
#490 = CARTESIAN_POINT('',(-1.351125356072,-8.50149575597));
#491 = CARTESIAN_POINT('',(-1.406149372609,-8.489226872273));
#492 = CARTESIAN_POINT('',(-1.53618465808,-8.454764903706));
#493 = CARTESIAN_POINT('',(-1.611093140081,-8.430572079758));
#494 = CARTESIAN_POINT('',(-1.685664492637,-8.402295039225));
#495 = CARTESIAN_POINT('',(-1.75985583177,-8.370118104663));
#496 = CARTESIAN_POINT('',(-1.833635816289,-8.33418873119));
#497 = CARTESIAN_POINT('',(-1.906974922085,-8.294645060597));
#498 = CARTESIAN_POINT('',(-1.979841488466,-8.251660648302));
#499 = CARTESIAN_POINT('',(-2.100874117481,-8.174377688763));
#500 = CARTESIAN_POINT('',(-2.149334783751,-8.14182980842));
#501 = CARTESIAN_POINT('',(-2.197566386929,-8.107883365341));
#502 = CARTESIAN_POINT('',(-2.245567847469,-8.072606945662));
#503 = CARTESIAN_POINT('',(-2.293341363691,-8.036075486718));
#504 = CARTESIAN_POINT('',(-2.340891359491,-7.998369881607));
#505 = CARTESIAN_POINT('',(-2.388223741552,-7.959575304654));
#506 = CARTESIAN_POINT('',(-2.456188492243,-7.902175105506));
#507 = CARTESIAN_POINT('',(-2.476665366703,-7.884650288318));
#508 = CARTESIAN_POINT('',(-2.496811179004,-7.867194656694));
#509 = CARTESIAN_POINT('',(-2.516656609364,-7.849799772843));
#510 = CARTESIAN_POINT('',(-2.536228302011,-7.832458108271));
#511 = CARTESIAN_POINT('',(-2.555549238574,-7.815163241351));
#512 = CARTESIAN_POINT('',(-2.574639111467,-7.797910054897));
#513 = CARTESIAN_POINT('',(-2.610862180241,-7.764873489861));
#514 = CARTESIAN_POINT('',(-2.628184199481,-7.748941814122));
#515 = CARTESIAN_POINT('',(-2.645482313232,-7.732908859178));
#516 = CARTESIAN_POINT('',(-2.662758211188,-7.71678402351));
#517 = CARTESIAN_POINT('',(-2.680013714494,-7.700577151412));
#518 = CARTESIAN_POINT('',(-2.697250775745,-7.684298532997));
#519 = CARTESIAN_POINT('',(-2.714471478986,-7.667958904192));
#520 = CARTESIAN_POINT('',(-2.731678039713,-7.651569446739));
#521 = ( GEOMETRIC_REPRESENTATION_CONTEXT(2) 
PARAMETRIC_REPRESENTATION_CONTEXT() REPRESENTATION_CONTEXT('2D SPACE',''
  ) );
#522 = ORIENTED_EDGE('',*,*,#523,.F.);
#523 = EDGE_CURVE('',#524,#24,#526,.T.);
#524 = VERTEX_POINT('',#525);
#525 = CARTESIAN_POINT('',(1.725,-4.825215666636E-16,10.354656752328));
#526 = SURFACE_CURVE('',#527,(#547,#554),.PCURVE_S1.);
#527 = ( BOUNDED_CURVE() B_SPLINE_CURVE(3,(#528,#529,#530,#531,#532,#533
    ,#534,#535,#536,#537,#538,#539,#540,#541,#542,#543,#544,#545,#546),
.UNSPECIFIED.,.F.,.F.) B_SPLINE_CURVE_WITH_KNOTS((4,1,1,1,1,1,1,1,1,1,1,
    1,1,1,1,1,4),(0.,2.281225169726E-02,5.940820827125E-02,
    0.119802315352,0.199741895241,0.267561179539,0.334303600384,
    0.403212841167,0.478004556267,0.55516558517,0.603006084407,
    0.660967568876,0.793900099767,0.907849212515,0.937775870003,
0.967288772236,1.),.UNSPECIFIED.) CURVE() GEOMETRIC_REPRESENTATION_ITEM(
) RATIONAL_B_SPLINE_CURVE((1.,1.,1.,1.,1.,1.,1.,1.,1.,1.,1.,1.,1.,1.,1.,
1.,1.000000000001,0.999999999997,1.)) REPRESENTATION_ITEM('') );
#528 = CARTESIAN_POINT('',(0.55,0.,10.5));
#529 = CARTESIAN_POINT('',(0.880755484267,2.533657007718E-16,
    10.465851618406));
#530 = CARTESIAN_POINT('',(1.754392801628,-2.83018477292E-16,
    10.364460023639));
#531 = CARTESIAN_POINT('',(3.492994576744,-3.198172879543E-15,
    10.050792984172));
#532 = CARTESIAN_POINT('',(6.091013576255,-3.617810351262E-15,
    9.419682147982));
#533 = CARTESIAN_POINT('',(9.115401853445,1.606800800231E-15,
    7.961221038362));
#534 = CARTESIAN_POINT('',(10.786235093761,2.032677859105E-15,
    4.591935540492));
#535 = CARTESIAN_POINT('',(10.617331179415,-1.676995753067E-15,
    0.94933027648));
#536 = CARTESIAN_POINT('',(9.6791953469,-9.033786585335E-15,
    -2.741973863256));
#537 = CARTESIAN_POINT('',(6.653245376012,3.04112374244E-15,
    -5.688365883761));
#538 = CARTESIAN_POINT('',(3.450797359509,2.588670117671E-15,
    -7.502920897746));
#539 = CARTESIAN_POINT('',(1.360046605447,-4.933636674856E-15,
    -10.0511452812));
#540 = CARTESIAN_POINT('',(1.107383687774,1.377360515108E-15,
    -14.36734268558));
#541 = CARTESIAN_POINT('',(1.014635513492,-4.273176485234E-15,
    -19.67254106564));
#542 = CARTESIAN_POINT('',(1.282881253428,-3.759843060776E-16,
    -24.47859307312));
#543 = CARTESIAN_POINT('',(0.750981997264,-4.610060488746E-16,
    -27.60926017245));
#544 = CARTESIAN_POINT('',(-0.447329755607,-1.327333694398E-15,
    -28.55920357452));
#545 = CARTESIAN_POINT('',(-1.675490796678,-1.292902760074E-15,
    -28.63950981624));
#546 = CARTESIAN_POINT('',(-2.,0.,-28.7));
#547 = PCURVE('',#94,#548);
#548 = DEFINITIONAL_REPRESENTATION('',(#549),#553);
#549 = LINE('',#550,#551);
#550 = CARTESIAN_POINT('',(0.,0.));
#551 = VECTOR('',#552,1.);
#552 = DIRECTION('',(0.,1.));
#553 = ( GEOMETRIC_REPRESENTATION_CONTEXT(2) 
PARAMETRIC_REPRESENTATION_CONTEXT() REPRESENTATION_CONTEXT('2D SPACE',''
  ) );
#554 = PCURVE('',#555,#841);
#555 = ( BOUNDED_SURFACE() B_SPLINE_SURFACE(14,3,(
    (#556,#557,#558,#559,#560,#561,#562,#563,#564,#565,#566,#567,#568
      ,#569,#570,#571,#572,#573,#574)
    ,(#575,#576,#577,#578,#579,#580,#581,#582,#583,#584,#585,#586,#587
      ,#588,#589,#590,#591,#592,#593)
    ,(#594,#595,#596,#597,#598,#599,#600,#601,#602,#603,#604,#605,#606
      ,#607,#608,#609,#610,#611,#612)
    ,(#613,#614,#615,#616,#617,#618,#619,#620,#621,#622,#623,#624,#625
      ,#626,#627,#628,#629,#630,#631)
    ,(#632,#633,#634,#635,#636,#637,#638,#639,#640,#641,#642,#643,#644
      ,#645,#646,#647,#648,#649,#650)
    ,(#651,#652,#653,#654,#655,#656,#657,#658,#659,#660,#661,#662,#663
      ,#664,#665,#666,#667,#668,#669)
    ,(#670,#671,#672,#673,#674,#675,#676,#677,#678,#679,#680,#681,#682
      ,#683,#684,#685,#686,#687,#688)
    ,(#689,#690,#691,#692,#693,#694,#695,#696,#697,#698,#699,#700,#701
      ,#702,#703,#704,#705,#706,#707)
    ,(#708,#709,#710,#711,#712,#713,#714,#715,#716,#717,#718,#719,#720
      ,#721,#722,#723,#724,#725,#726)
    ,(#727,#728,#729,#730,#731,#732,#733,#734,#735,#736,#737,#738,#739
      ,#740,#741,#742,#743,#744,#745)
    ,(#746,#747,#748,#749,#750,#751,#752,#753,#754,#755,#756,#757,#758
      ,#759,#760,#761,#762,#763,#764)
    ,(#765,#766,#767,#768,#769,#770,#771,#772,#773,#774,#775,#776,#777
      ,#778,#779,#780,#781,#782,#783)
    ,(#784,#785,#786,#787,#788,#789,#790,#791,#792,#793,#794,#795,#796
      ,#797,#798,#799,#800,#801,#802)
    ,(#803,#804,#805,#806,#807,#808,#809,#810,#811,#812,#813,#814,#815
      ,#816,#817,#818,#819,#820,#821)
    ,(#822,#823,#824,#825,#826,#827,#828,#829,#830,#831,#832,#833,#834
      ,#835,#836,#837,#838,#839,#840
)),.UNSPECIFIED.,.T.,.F.,.F.) B_SPLINE_SURFACE_WITH_KNOTS((15,15),(4,1,1
    ,1,1,1,1,1,1,1,1,1,1,1,1,1,4),(0.,1.),(0.,2.281225169726E-02,
    5.940820827125E-02,0.119802315352,0.199741895241,0.267561179539,
    0.334303600384,0.403212841167,0.478004556267,0.55516558517,
    0.603006084407,0.660967568876,0.793900099767,0.907849212515,
    0.937775870003,0.967288772236,1.),.UNSPECIFIED.) 
GEOMETRIC_REPRESENTATION_ITEM() RATIONAL_B_SPLINE_SURFACE((
    (1.,1.,1.,1.,1.,1.,1.,1.,1.,1.,1.,1.,1.,1.,1.,1.,1.000000000001
      ,0.999999999997,1.)
    ,(1.,1.,1.,1.,1.,1.,1.,1.,1.,1.,1.,1.,1.,1.,1.,1.,1.000000000001
      ,0.999999999997,1.)
    ,(1.,1.,1.,1.,1.,1.,1.,1.,1.,1.,1.,1.,1.,1.,1.,1.,1.000000000001
      ,0.999999999997,1.)
    ,(1.,1.,1.,1.,1.,1.,1.,1.,1.,1.,1.,1.,1.,1.,1.,1.,1.000000000001
      ,0.999999999997,1.)
    ,(1.,1.,1.,1.,1.,1.,1.,1.,1.,1.,1.,1.,1.,1.,1.,1.,1.000000000001
      ,0.999999999997,1.)
    ,(1.,1.,1.,1.,1.,1.,1.,1.,1.,1.,1.,1.,1.,1.,1.,1.,1.000000000001
      ,0.999999999997,1.)
    ,(1.,1.,1.,1.,1.,1.,1.,1.,1.,1.,1.,1.,1.,1.,1.,1.,1.000000000001
      ,0.999999999997,1.)
    ,(1.,1.,1.,1.,1.,1.,1.,1.,1.,1.,1.,1.,1.,1.,1.,1.,1.000000000001
      ,0.999999999997,1.)
    ,(1.,1.,1.,1.,1.,1.,1.,1.,1.,1.,1.,1.,1.,1.,1.,1.,1.000000000001
      ,0.999999999997,1.)
    ,(1.,1.,1.,1.,1.,1.,1.,1.,1.,1.,1.,1.,1.,1.,1.,1.,1.000000000001
      ,0.999999999997,1.)
    ,(1.,1.,1.,1.,1.,1.,1.,1.,1.,1.,1.,1.,1.,1.,1.,1.,1.000000000001
      ,0.999999999997,1.)
    ,(1.,1.,1.,1.,1.,1.,1.,1.,1.,1.,1.,1.,1.,1.,1.,1.,1.000000000001
      ,0.999999999997,1.)
    ,(1.,1.,1.,1.,1.,1.,1.,1.,1.,1.,1.,1.,1.,1.,1.,1.,1.000000000001
      ,0.999999999997,1.)
    ,(1.,1.,1.,1.,1.,1.,1.,1.,1.,1.,1.,1.,1.,1.,1.,1.,1.000000000001
      ,0.999999999997,1.)
    ,(1.,1.,1.,1.,1.,1.,1.,1.,1.,1.,1.,1.,1.,1.,1.,1.,1.000000000001
,0.999999999997,1.))) REPRESENTATION_ITEM('') SURFACE() );
#556 = CARTESIAN_POINT('',(0.55,0.,10.5));
#557 = CARTESIAN_POINT('',(0.880755484267,2.533657007718E-16,
    10.465851618406));
#558 = CARTESIAN_POINT('',(1.754392801628,-2.83018477292E-16,
    10.364460023639));
#559 = CARTESIAN_POINT('',(3.492994576744,-3.198172879543E-15,
    10.050792984172));
#560 = CARTESIAN_POINT('',(6.091013576255,-3.617810351262E-15,
    9.419682147982));
#561 = CARTESIAN_POINT('',(9.115401853445,1.606800800231E-15,
    7.961221038362));
#562 = CARTESIAN_POINT('',(10.786235093761,2.032677859105E-15,
    4.591935540492));
#563 = CARTESIAN_POINT('',(10.617331179415,-1.676995753067E-15,
    0.94933027648));
#564 = CARTESIAN_POINT('',(9.6791953469,-9.033786585335E-15,
    -2.741973863256));
#565 = CARTESIAN_POINT('',(6.653245376012,3.04112374244E-15,
    -5.688365883761));
#566 = CARTESIAN_POINT('',(3.450797359509,2.588670117671E-15,
    -7.502920897746));
#567 = CARTESIAN_POINT('',(1.360046605447,-4.933636674856E-15,
    -10.0511452812));
#568 = CARTESIAN_POINT('',(1.107383687774,1.377360515108E-15,
    -14.36734268558));
#569 = CARTESIAN_POINT('',(1.014635513492,-4.273176485234E-15,
    -19.67254106564));
#570 = CARTESIAN_POINT('',(1.282881253428,-3.759843060776E-16,
    -24.47859307312));
#571 = CARTESIAN_POINT('',(0.750981997264,-4.610060488746E-16,
    -27.60926017245));
#572 = CARTESIAN_POINT('',(-0.447329755607,-1.327333694398E-15,
    -28.55920357452));
#573 = CARTESIAN_POINT('',(-1.675490796678,-1.292902760074E-15,
    -28.63950981624));
#574 = CARTESIAN_POINT('',(-2.,0.,-28.7));
#575 = CARTESIAN_POINT('',(0.55,0.,10.5));
#576 = CARTESIAN_POINT('',(0.880755484273,0.128301642172,10.465851618406
    ));
#577 = CARTESIAN_POINT('',(1.754392801623,0.458543641324,10.364460023639
    ));
#578 = CARTESIAN_POINT('',(3.492994576746,1.118451777146,10.050792984172
    ));
#579 = CARTESIAN_POINT('',(6.091013576255,2.092951244886,9.419682147982)
  );
#580 = CARTESIAN_POINT('',(9.115401853446,3.15467207859,7.961221038362)
  );
#581 = CARTESIAN_POINT('',(10.786235093762,3.877282810344,4.591935540492
    ));
#582 = CARTESIAN_POINT('',(10.617331179416,3.901983418341,0.94933027648)
  );
#583 = CARTESIAN_POINT('',(9.679195346899,3.658056822333,-2.741973863256
    ));
#584 = CARTESIAN_POINT('',(6.653245376015,2.904217593137,-5.688365883761
    ));
#585 = CARTESIAN_POINT('',(3.450797359509,2.005246150008,-7.502920897746
    ));
#586 = CARTESIAN_POINT('',(1.360046605447,1.226705754476,-10.0511452812)
  );
#587 = CARTESIAN_POINT('',(1.107383687775,1.056487051761,-14.36734268558
    ));
#588 = CARTESIAN_POINT('',(1.01463551349,1.047956715047,-19.67254106564)
  );
#589 = CARTESIAN_POINT('',(1.282881253432,1.15503797755,-24.47859307312)
  );
#590 = CARTESIAN_POINT('',(0.750981997261,0.923732778189,-27.60926017245
    ));
#591 = CARTESIAN_POINT('',(-0.447329755591,0.507099556421,
    -28.55920357452));
#592 = CARTESIAN_POINT('',(-1.675490796716,0.101833669631,
    -28.63950981624));
#593 = CARTESIAN_POINT('',(-2.,0.,-28.7));
#594 = CARTESIAN_POINT('',(0.55,0.,10.5));
#595 = CARTESIAN_POINT('',(0.810022875565,0.256603331708,10.465851618406
    ));
#596 = CARTESIAN_POINT('',(1.492666985098,0.917087451904,10.364460023639
    ));
#597 = CARTESIAN_POINT('',(2.852904544581,2.236903967148,10.050792984172
    ));
#598 = CARTESIAN_POINT('',(4.904301595602,4.185903262317,9.419682147982)
  );
#599 = CARTESIAN_POINT('',(7.272564316533,6.309345321631,7.961221038362)
  );
#600 = CARTESIAN_POINT('',(8.55969637523,7.754567051876,4.591935540492)
  );
#601 = CARTESIAN_POINT('',(8.379947785207,7.803968276978,0.94933027648)
  );
#602 = CARTESIAN_POINT('',(7.589151089596,7.316114994933,-2.741973863256
    ));
#603 = CARTESIAN_POINT('',(5.086567148001,5.80843625828,-5.688365883761)
  );
#604 = CARTESIAN_POINT('',(2.414596379509,4.010493040188,-7.502920897746
    ));
#605 = CARTESIAN_POINT('',(0.658076651248,2.453411961767,-10.0511452812)
  );
#606 = CARTESIAN_POINT('',(0.41392127468,2.112974493494,-14.36734268558)
  );
#607 = CARTESIAN_POINT('',(0.36675340649,2.095913816923,-19.67254106564)
  );
#608 = CARTESIAN_POINT('',(0.570445224167,2.310076381457,-24.47859307312
    ));
#609 = CARTESIAN_POINT('',(0.154278202473,1.847465897351,-27.60926017245
    ));
#610 = CARTESIAN_POINT('',(-0.784082955342,1.014199300038,
    -28.55920357452));
#611 = CARTESIAN_POINT('',(-1.746022440716,0.203667376824,
    -28.63950981624));
#612 = CARTESIAN_POINT('',(-2.,0.,-28.7));
#613 = CARTESIAN_POINT('',(0.55,0.,10.5));
#614 = CARTESIAN_POINT('',(0.668555371092,0.352435642944,10.465851618406
    ));
#615 = CARTESIAN_POINT('',(0.969232625865,1.259587331067,10.364460023639
    ));
#616 = CARTESIAN_POINT('',(1.5727689254,3.072308853436,10.050792984172)
  );
#617 = CARTESIAN_POINT('',(2.530856249972,5.749190775031,9.419682147982)
  );
#618 = CARTESIAN_POINT('',(3.586891881692,8.665663692258,7.961221038362)
  );
#619 = CARTESIAN_POINT('',(4.106614753714,10.650624862788,4.591935540492
    ));
#620 = CARTESIAN_POINT('',(3.905178945574,10.718475706426,0.94933027648)
  );
#621 = CARTESIAN_POINT('',(3.409057894577,10.048426397342,
    -2.741973863256));
#622 = CARTESIAN_POINT('',(1.95321662155,7.977682727166,-5.688365883761)
  );
#623 = CARTESIAN_POINT('',(0.342167547349,5.508271009879,-7.502920897746
    ));
#624 = CARTESIAN_POINT('',(-0.745803351372,3.369674962326,-10.0511452812
    ));
#625 = CARTESIAN_POINT('',(-0.972981313507,2.90209608406,-14.36734268558
    ));
#626 = CARTESIAN_POINT('',(-0.928970601805,2.878663845356,
    -19.67254106564));
#627 = CARTESIAN_POINT('',(-0.854388208415,3.172808588616,
    -24.47859307312));
#628 = CARTESIAN_POINT('',(-1.039096809214,2.537429373903,
    -27.60926017245));
#629 = CARTESIAN_POINT('',(-1.457570908594,1.392967035885,
    -28.55920357452));
#630 = CARTESIAN_POINT('',(-1.887082069976,0.279729972366,
    -28.63950981624));
#631 = CARTESIAN_POINT('',(-2.,0.,-28.7));
#632 = CARTESIAN_POINT('',(0.55,0.,10.5));
#633 = CARTESIAN_POINT('',(0.477519002565,0.383332811589,10.465851618406
    ));
#634 = CARTESIAN_POINT('',(0.262282168921,1.370012263903,10.364460023639
    ));
#635 = CARTESIAN_POINT('',(-0.156191644366,3.34165063739,10.050792984172
    ));
#636 = CARTESIAN_POINT('',(-0.674294101983,6.253208233271,9.419682147982
    ));
#637 = CARTESIAN_POINT('',(-1.390470224566,9.425361179993,7.961221038362
    ));
#638 = CARTESIAN_POINT('',(-1.907073193291,11.584339029274,
    4.591935540492));
#639 = CARTESIAN_POINT('',(-2.137805800454,11.658138189952,0.94933027648
    ));
#640 = CARTESIAN_POINT('',(-2.235968161359,10.929347300952,
    -2.741973863256));
#641 = CARTESIAN_POINT('',(-2.278271215687,8.677066610641,
    -5.688365883761));
#642 = CARTESIAN_POINT('',(-2.456448844616,5.991167623048,
    -7.502920897746));
#643 = CARTESIAN_POINT('',(-2.641941578763,3.66508610393,-10.0511452812)
  );
#644 = CARTESIAN_POINT('',(-2.846031685503,3.156515731842,
    -14.36734268558));
#645 = CARTESIAN_POINT('',(-2.678964588296,3.131029246258,
    -19.67254106564));
#646 = CARTESIAN_POINT('',(-2.778732493037,3.450960937914,
    -24.47859307312));
#647 = CARTESIAN_POINT('',(-2.650840123483,2.75987958539,-27.60926017245
    ));
#648 = CARTESIAN_POINT('',(-2.367167644238,1.515085040398,
    -28.55920357452));
#649 = CARTESIAN_POINT('',(-2.077592961319,0.304253213141,
    -28.63950981624));
#650 = CARTESIAN_POINT('',(-2.,0.,-28.7));
#651 = CARTESIAN_POINT('',(0.55,0.,10.5));
#652 = CARTESIAN_POINT('',(0.279186725086,0.328466940318,10.465851618406
    ));
#653 = CARTESIAN_POINT('',(-0.471372693689,1.173924388704,
    10.364460023639));
#654 = CARTESIAN_POINT('',(-1.950436917179,2.863365011466,
    10.050792984172));
#655 = CARTESIAN_POINT('',(-4.001658376506,5.358195577032,9.419682147982
    ));
#656 = CARTESIAN_POINT('',(-6.557210820921,8.076322857371,7.961221038362
    ));
#657 = CARTESIAN_POINT('',(-8.149654192127,9.926289327523,4.591935540492
    ));
#658 = CARTESIAN_POINT('',(-8.410774018556,9.989525721078,0.94933027648)
  );
#659 = CARTESIAN_POINT('',(-8.095863877668,9.365045618569,
    -2.741973863256));
#660 = CARTESIAN_POINT('',(-6.670716313872,7.435130608133,
    -5.688365883761));
#661 = CARTESIAN_POINT('',(-5.361871776939,5.133660460595,
    -7.502920897746));
#662 = CARTESIAN_POINT('',(-4.609549154828,3.140507627132,-10.0511452812
    ));
#663 = CARTESIAN_POINT('',(-4.790104396567,2.704728197424,
    -14.36734268558));
#664 = CARTESIAN_POINT('',(-4.495092257619,2.682889555641,
    -19.67254106564));
#665 = CARTESIAN_POINT('',(-4.775863292918,2.957029886694,
    -24.47859307312));
#666 = CARTESIAN_POINT('',(-4.323543519587,2.364862009299,
    -27.60926017245));
#667 = CARTESIAN_POINT('',(-3.31116686114,1.29823310838,-28.55920357452)
  );
#668 = CARTESIAN_POINT('',(-2.275311642442,0.260705890499,
    -28.63950981624));
#669 = CARTESIAN_POINT('',(-2.,0.,-28.7));
#670 = CARTESIAN_POINT('',(0.55,0.,10.5));
#671 = CARTESIAN_POINT('',(0.127828322041,0.190361787546,10.465851618406
    ));
#672 = CARTESIAN_POINT('',(-1.031805922824,0.680343491719,
    10.364460023639));
#673 = CARTESIAN_POINT('',(-3.321093083635,1.659452490064,
    10.050792984172));
#674 = CARTESIAN_POINT('',(-6.541311951193,3.105322219234,9.419682147982
    ));
#675 = CARTESIAN_POINT('',(-10.50154469017,4.680602725012,7.961221038362
    ));
#676 = CARTESIAN_POINT('',(-12.91513899122,5.752743878223,4.591935540492
    ));
#677 = CARTESIAN_POINT('',(-13.19950114738,5.78939229366,0.94933027648)
  );
#678 = CARTESIAN_POINT('',(-12.56919715672,5.427477184478,
    -2.741973863256));
#679 = CARTESIAN_POINT('',(-10.02402379037,4.309002153612,
    -5.688365883761));
#680 = CARTESIAN_POINT('',(-7.579301022213,2.975193731765,
    -7.502920897746));
#681 = CARTESIAN_POINT('',(-6.112874364498,1.820069457127,-10.0511452812
    ));
#682 = CARTESIAN_POINT('',(-6.274672197912,1.56751511736,-14.36734268558
    ));
#683 = CARTESIAN_POINT('',(-5.882364377985,1.554858614185,
    -19.67254106564));
#684 = CARTESIAN_POINT('',(-6.301279635978,1.713735618386,
    -24.47859307312));
#685 = CARTESIAN_POINT('',(-5.601165695775,1.370546938383,
    -27.60926017245));
#686 = CARTESIAN_POINT('',(-4.032201129182,0.75238614558,-28.55920357452
    ));
#687 = CARTESIAN_POINT('',(-2.426326474804,0.151091124393,
    -28.63950981624));
#688 = CARTESIAN_POINT('',(-2.,0.,-28.7));
#689 = CARTESIAN_POINT('',(0.55,0.,10.5));
#690 = CARTESIAN_POINT('',(7.078937657473E-02,8.80071143837E-12,
    10.465851618406));
#691 = CARTESIAN_POINT('',(-1.24235273995,-4.043683321414E-12,
    10.364460023639));
#692 = CARTESIAN_POINT('',(-3.835973596758,-1.493684272485E-11,
    10.050792984172));
#693 = CARTESIAN_POINT('',(-7.497943054949,1.297643537042E-10,
    9.419682147982));
#694 = CARTESIAN_POINT('',(-11.986381424,1.563751181328E-10,
    7.961221038362));
#695 = CARTESIAN_POINT('',(-14.70928274942,1.380928013349E-10,
    4.591935540492));
#696 = CARTESIAN_POINT('',(-15.00234090436,1.981890395002E-10,
    0.94933027648));
#697 = CARTESIAN_POINT('',(-14.25336864437,1.173844018135E-10,
    -2.741973863256));
#698 = CARTESIAN_POINT('',(-11.28627662534,9.873393804081E-11,
    -5.688365883761));
#699 = CARTESIAN_POINT('',(-8.414764682553,1.144976598034E-10,
    -7.502920897746));
#700 = CARTESIAN_POINT('',(-6.67730930696,-2.973732142516E-11,
    -10.0511452812));
#701 = CARTESIAN_POINT('',(-6.832997802889,2.073450319813E-11,
    -14.36734268558));
#702 = CARTESIAN_POINT('',(-6.403607380691,-6.067314583866E-12,
    -19.67254106564));
#703 = CARTESIAN_POINT('',(-6.874569028435,2.180896817526E-13,
    -24.47859307312));
#704 = CARTESIAN_POINT('',(-6.081322154643,-3.280092986022E-15,
    -27.60926017245));
#705 = CARTESIAN_POINT('',(-4.303178970023,-2.102566847889E-13,
    -28.55920357452));
#706 = CARTESIAN_POINT('',(-2.483085781756,5.391778055525E-14,
    -28.63950981624));
#707 = CARTESIAN_POINT('',(-2.,0.,-28.7));
#708 = CARTESIAN_POINT('',(0.55,0.,10.5));
#709 = CARTESIAN_POINT('',(0.127828322023,-0.190361787558,
    10.465851618406));
#710 = CARTESIAN_POINT('',(-1.031805922811,-0.680343491715,
    10.364460023639));
#711 = CARTESIAN_POINT('',(-3.321093083639,-1.659452490035,
    10.050792984172));
#712 = CARTESIAN_POINT('',(-6.541311951199,-3.105322219472,
    9.419682147982));
#713 = CARTESIAN_POINT('',(-10.50154469017,-4.680602725299,
    7.961221038362));
#714 = CARTESIAN_POINT('',(-12.91513899122,-5.752743878475,
    4.591935540492));
#715 = CARTESIAN_POINT('',(-13.19950114738,-5.789392294022,0.94933027648
    ));
#716 = CARTESIAN_POINT('',(-12.56919715672,-5.427477184693,
    -2.741973863256));
#717 = CARTESIAN_POINT('',(-10.02402379037,-4.309002153794,
    -5.688365883761));
#718 = CARTESIAN_POINT('',(-7.579301022209,-2.975193731974,
    -7.502920897746));
#719 = CARTESIAN_POINT('',(-6.112874364499,-1.820069457072,
    -10.0511452812));
#720 = CARTESIAN_POINT('',(-6.274672197906,-1.567515117398,
    -14.36734268558));
#721 = CARTESIAN_POINT('',(-5.882364377978,-1.554858614175,
    -19.67254106564));
#722 = CARTESIAN_POINT('',(-6.301279635994,-1.713735618384,
    -24.47859307312));
#723 = CARTESIAN_POINT('',(-5.601165695772,-1.370546938385,
    -27.60926017245));
#724 = CARTESIAN_POINT('',(-4.032201129181,-0.75238614557,
    -28.55920357452));
#725 = CARTESIAN_POINT('',(-2.426326474821,-0.151091124417,
    -28.63950981624));
#726 = CARTESIAN_POINT('',(-2.,0.,-28.7));
#727 = CARTESIAN_POINT('',(0.55,0.,10.5));
#728 = CARTESIAN_POINT('',(0.2791867251,-0.328466940308,10.465851618406)
  );
#729 = CARTESIAN_POINT('',(-0.4713726937,-1.173924388709,10.364460023639
    ));
#730 = CARTESIAN_POINT('',(-1.950436917179,-2.863365011486,
    10.050792984172));
#731 = CARTESIAN_POINT('',(-4.001658376496,-5.358195576852,
    9.419682147982));
#732 = CARTESIAN_POINT('',(-6.557210820924,-8.076322857151,
    7.961221038362));
#733 = CARTESIAN_POINT('',(-8.149654192135,-9.926289327333,
    4.591935540492));
#734 = CARTESIAN_POINT('',(-8.410774018551,-9.989525720804,0.94933027648
    ));
#735 = CARTESIAN_POINT('',(-8.095863877668,-9.365045618405,
    -2.741973863256));
#736 = CARTESIAN_POINT('',(-6.670716313873,-7.435130607993,
    -5.688365883761));
#737 = CARTESIAN_POINT('',(-5.361871776944,-5.133660460437,
    -7.502920897746));
#738 = CARTESIAN_POINT('',(-4.609549154826,-3.140507627172,
    -10.0511452812));
#739 = CARTESIAN_POINT('',(-4.790104396576,-2.704728197393,
    -14.36734268558));
#740 = CARTESIAN_POINT('',(-4.495092257634,-2.682889555651,
    -19.67254106564));
#741 = CARTESIAN_POINT('',(-4.775863292887,-2.957029886692,
    -24.47859307312));
#742 = CARTESIAN_POINT('',(-4.323543519599,-2.3648620093,-27.60926017245
    ));
#743 = CARTESIAN_POINT('',(-3.311166861116,-1.298233108377,
    -28.55920357452));
#744 = CARTESIAN_POINT('',(-2.275311642476,-0.260705890506,
    -28.63950981624));
#745 = CARTESIAN_POINT('',(-2.,0.,-28.7));
#746 = CARTESIAN_POINT('',(0.55,0.,10.5));
#747 = CARTESIAN_POINT('',(0.477519002564,-0.383332811599,
    10.465851618406));
#748 = CARTESIAN_POINT('',(0.262282168922,-1.370012263897,
    10.364460023639));
#749 = CARTESIAN_POINT('',(-0.156191644361,-3.34165063738,
    10.050792984172));
#750 = CARTESIAN_POINT('',(-0.674294101993,-6.253208233382,
    9.419682147982));
#751 = CARTESIAN_POINT('',(-1.390470224563,-9.425361180131,
    7.961221038362));
#752 = CARTESIAN_POINT('',(-1.907073193285,-11.58433902939,
    4.591935540492));
#753 = CARTESIAN_POINT('',(-2.137805800459,-11.65813819012,0.94933027648
    ));
#754 = CARTESIAN_POINT('',(-2.235968161358,-10.92934730105,
    -2.741973863256));
#755 = CARTESIAN_POINT('',(-2.278271215687,-8.677066610729,
    -5.688365883761));
#756 = CARTESIAN_POINT('',(-2.456448844611,-5.991167623145,
    -7.502920897746));
#757 = CARTESIAN_POINT('',(-2.641941578765,-3.665086103906,
    -10.0511452812));
#758 = CARTESIAN_POINT('',(-2.846031685495,-3.156515731862,
    -14.36734268558));
#759 = CARTESIAN_POINT('',(-2.678964588286,-3.131029246253,
    -19.67254106564));
#760 = CARTESIAN_POINT('',(-2.778732493056,-3.45096093791,
    -24.47859307312));
#761 = CARTESIAN_POINT('',(-2.65084012348,-2.759879585394,
    -27.60926017245));
#762 = CARTESIAN_POINT('',(-2.367167644227,-1.515085040381,
    -28.55920357452));
#763 = CARTESIAN_POINT('',(-2.077592961364,-0.304253213183,
    -28.63950981624));
#764 = CARTESIAN_POINT('',(-2.,0.,-28.7));
#765 = CARTESIAN_POINT('',(0.55,0.,10.5));
#766 = CARTESIAN_POINT('',(0.668555371088,-0.352435642933,
    10.465851618406));
#767 = CARTESIAN_POINT('',(0.969232625868,-1.259587331073,
    10.364460023639));
#768 = CARTESIAN_POINT('',(1.572768925395,-3.072308853438,
    10.050792984172));
#769 = CARTESIAN_POINT('',(2.530856249979,-5.749190774978,9.419682147982
    ));
#770 = CARTESIAN_POINT('',(3.586891881691,-8.665663692189,7.961221038362
    ));
#771 = CARTESIAN_POINT('',(4.106614753711,-10.65062486273,4.591935540492
    ));
#772 = CARTESIAN_POINT('',(3.905178945577,-10.71847570634,0.94933027648)
  );
#773 = CARTESIAN_POINT('',(3.409057894576,-10.04842639729,
    -2.741973863256));
#774 = CARTESIAN_POINT('',(1.95321662155,-7.977682727122,-5.688365883761
    ));
#775 = CARTESIAN_POINT('',(0.342167547346,-5.508271009832,
    -7.502920897746));
#776 = CARTESIAN_POINT('',(-0.745803351372,-3.369674962338,
    -10.0511452812));
#777 = CARTESIAN_POINT('',(-0.972981313512,-2.902096084049,
    -14.36734268558));
#778 = CARTESIAN_POINT('',(-0.928970601811,-2.878663845359,
    -19.67254106564));
#779 = CARTESIAN_POINT('',(-0.854388208404,-3.172808588617,
    -24.47859307312));
#780 = CARTESIAN_POINT('',(-1.039096809215,-2.537429373902,
    -27.60926017245));
#781 = CARTESIAN_POINT('',(-1.457570908602,-1.392967035889,
    -28.55920357452));
#782 = CARTESIAN_POINT('',(-1.887082069943,-0.279729972356,
    -28.63950981624));
#783 = CARTESIAN_POINT('',(-2.,0.,-28.7));
#784 = CARTESIAN_POINT('',(0.55,0.,10.5));
#785 = CARTESIAN_POINT('',(0.810022875558,-0.256603331712,
    10.465851618406));
#786 = CARTESIAN_POINT('',(1.492666985103,-0.917087451902,
    10.364460023639));
#787 = CARTESIAN_POINT('',(2.85290454458,-2.236903967148,10.050792984172
    ));
#788 = CARTESIAN_POINT('',(4.9043015956,-4.185903262336,9.419682147982)
  );
#789 = CARTESIAN_POINT('',(7.272564316533,-6.309345321656,7.961221038362
    ));
#790 = CARTESIAN_POINT('',(8.559696375231,-7.754567051897,4.591935540492
    ));
#791 = CARTESIAN_POINT('',(8.379947785206,-7.803968277008,0.94933027648)
  );
#792 = CARTESIAN_POINT('',(7.589151089597,-7.316114994951,
    -2.741973863256));
#793 = CARTESIAN_POINT('',(5.086567148001,-5.808436258296,
    -5.688365883761));
#794 = CARTESIAN_POINT('',(2.41459637951,-4.010493040205,-7.502920897746
    ));
#795 = CARTESIAN_POINT('',(0.658076651248,-2.453411961763,-10.0511452812
    ));
#796 = CARTESIAN_POINT('',(0.413921274682,-2.112974493498,
    -14.36734268558));
#797 = CARTESIAN_POINT('',(0.366753406492,-2.095913816923,
    -19.67254106564));
#798 = CARTESIAN_POINT('',(0.570445224161,-2.310076381454,
    -24.47859307312));
#799 = CARTESIAN_POINT('',(0.154278202474,-1.847465897353,
    -27.60926017245));
#800 = CARTESIAN_POINT('',(-0.78408295534,-1.014199300028,
    -28.55920357452));
#801 = CARTESIAN_POINT('',(-1.746022440727,-0.203667376849,
    -28.63950981624));
#802 = CARTESIAN_POINT('',(-2.,0.,-28.7));
#803 = CARTESIAN_POINT('',(0.55,0.,10.5));
#804 = CARTESIAN_POINT('',(0.880755484281,-0.128301642176,
    10.465851618406));
#805 = CARTESIAN_POINT('',(1.754392801618,-0.45854364132,10.364460023639
    ));
#806 = CARTESIAN_POINT('',(3.492994576749,-1.118451777149,
    10.050792984172));
#807 = CARTESIAN_POINT('',(6.091013576254,-2.092951244881,9.419682147982
    ));
#808 = CARTESIAN_POINT('',(9.115401853447,-3.154672078585,7.961221038362
    ));
#809 = CARTESIAN_POINT('',(10.786235093762,-3.87728281034,4.591935540492
    ));
#810 = CARTESIAN_POINT('',(10.617331179417,-3.901983418334,0.94933027648
    ));
#811 = CARTESIAN_POINT('',(9.679195346899,-3.658056822328,
    -2.741973863256));
#812 = CARTESIAN_POINT('',(6.653245376015,-2.904217593133,
    -5.688365883761));
#813 = CARTESIAN_POINT('',(3.450797359509,-2.005246150004,
    -7.502920897746));
#814 = CARTESIAN_POINT('',(1.360046605447,-1.226705754477,-10.0511452812
    ));
#815 = CARTESIAN_POINT('',(1.107383687774,-1.05648705176,-14.36734268558
    ));
#816 = CARTESIAN_POINT('',(1.014635513491,-1.047956715048,
    -19.67254106564));
#817 = CARTESIAN_POINT('',(1.28288125343,-1.155037977549,-24.47859307312
    ));
#818 = CARTESIAN_POINT('',(0.750981997263,-0.92373277819,-27.60926017245
    ));
#819 = CARTESIAN_POINT('',(-0.447329755603,-0.507099556418,
    -28.55920357452));
#820 = CARTESIAN_POINT('',(-1.675490796686,-0.101833669638,
    -28.63950981624));
#821 = CARTESIAN_POINT('',(-2.,0.,-28.7));
#822 = CARTESIAN_POINT('',(0.55,0.,10.5));
#823 = CARTESIAN_POINT('',(0.880755484259,-7.531069299779E-17,
    10.465851618406));
#824 = CARTESIAN_POINT('',(1.754392801633,-1.17166819048E-15,
    10.364460023639));
#825 = CARTESIAN_POINT('',(3.492994576741,1.089214797476E-15,
    10.050792984172));
#826 = CARTESIAN_POINT('',(6.091013576256,6.888075352294E-15,
    9.419682147982));
#827 = CARTESIAN_POINT('',(9.115401853444,-8.78625510739E-15,
    7.961221038362));
#828 = CARTESIAN_POINT('',(10.786235093761,-3.130731904233E-15,
    4.591935540492));
#829 = CARTESIAN_POINT('',(10.617331179415,1.235653439736E-15,
    0.94933027648));
#830 = CARTESIAN_POINT('',(9.6791953469,-1.703523026228E-15,
    -2.741973863256));
#831 = CARTESIAN_POINT('',(6.653245376012,1.096806681417E-14,
    -5.688365883761));
#832 = CARTESIAN_POINT('',(3.450797359509,-3.26521891089E-15,
    -7.502920897746));
#833 = CARTESIAN_POINT('',(1.360046605447,-2.013606515891E-15,
    -10.0511452812));
#834 = CARTESIAN_POINT('',(1.107383687774,1.497544222954E-15,
    -14.36734268558));
#835 = CARTESIAN_POINT('',(1.01463551349,6.85267247566E-15,
    -19.67254106564));
#836 = CARTESIAN_POINT('',(1.282881253431,3.335175763739E-15,
    -24.47859307312));
#837 = CARTESIAN_POINT('',(0.750981997262,-1.267890465111E-16,
    -27.60926017245));
#838 = CARTESIAN_POINT('',(-0.447329755596,3.068787648565E-16,
    -28.55920357452));
#839 = CARTESIAN_POINT('',(-1.675490796705,1.15186338394E-15,
    -28.63950981624));
#840 = CARTESIAN_POINT('',(-2.,0.,-28.7));
#841 = DEFINITIONAL_REPRESENTATION('',(#842),#846);
#842 = LINE('',#843,#844);
#843 = CARTESIAN_POINT('',(1.,0.));
#844 = VECTOR('',#845,1.);
#845 = DIRECTION('',(0.,1.));
#846 = ( GEOMETRIC_REPRESENTATION_CONTEXT(2) 
PARAMETRIC_REPRESENTATION_CONTEXT() REPRESENTATION_CONTEXT('2D SPACE',''
  ) );
#847 = ORIENTED_EDGE('',*,*,#848,.F.);
#848 = EDGE_CURVE('',#849,#524,#851,.T.);
#849 = VERTEX_POINT('',#850);
#850 = CARTESIAN_POINT('',(1.725,3.082028946146,-8.));
#851 = SURFACE_CURVE('',#852,(#1072,#1295),.PCURVE_S1.);
#852 = B_SPLINE_CURVE_WITH_KNOTS('',8,(#853,#854,#855,#856,#857,#858,
    #859,#860,#861,#862,#863,#864,#865,#866,#867,#868,#869,#870,#871,
    #872,#873,#874,#875,#876,#877,#878,#879,#880,#881,#882,#883,#884,
    #885,#886,#887,#888,#889,#890,#891,#892,#893,#894,#895,#896,#897,
    #898,#899,#900,#901,#902,#903,#904,#905,#906,#907,#908,#909,#910,
    #911,#912,#913,#914,#915,#916,#917,#918,#919,#920,#921,#922,#923,
    #924,#925,#926,#927,#928,#929,#930,#931,#932,#933,#934,#935,#936,
    #937,#938,#939,#940,#941,#942,#943,#944,#945,#946,#947,#948,#949,
    #950,#951,#952,#953,#954,#955,#956,#957,#958,#959,#960,#961,#962,
    #963,#964,#965,#966,#967,#968,#969,#970,#971,#972,#973,#974,#975,
    #976,#977,#978,#979,#980,#981,#982,#983,#984,#985,#986,#987,#988,
    #989,#990,#991,#992,#993,#994,#995,#996,#997,#998,#999,#1000,#1001,
    #1002,#1003,#1004,#1005,#1006,#1007,#1008,#1009,#1010,#1011,#1012,
    #1013,#1014,#1015,#1016,#1017,#1018,#1019,#1020,#1021,#1022,#1023,
    #1024,#1025,#1026,#1027,#1028,#1029,#1030,#1031,#1032,#1033,#1034,
    #1035,#1036,#1037,#1038,#1039,#1040,#1041,#1042,#1043,#1044,#1045,
    #1046,#1047,#1048,#1049,#1050,#1051,#1052,#1053,#1054,#1055,#1056,
    #1057,#1058,#1059,#1060,#1061,#1062,#1063,#1064,#1065,#1066,#1067,
    #1068,#1069,#1070,#1071),.UNSPECIFIED.,.F.,.F.,(9,7,7,7,7,7,7,7,7,7,
    7,7,7,7,7,7,7,7,7,7,7,7,7,7,7,7,7,7,7,7,7,9),(0.,2.3053251231E-02,
    4.60496596931E-02,7.788393753159E-02,0.143918456187,0.161121492694,
    0.214230222128,0.27120541775,0.285755767606,0.330286025347,
    0.419343331635,0.45336102954,0.50401417157,0.528407710491,
    0.553881558101,0.575399434862,0.585459868521,0.6592374497,
    0.670741923515,0.678795055192,0.691450268124,0.705255928568,
    0.76831997728,0.799393070416,0.811134322,0.832480160059,
    0.899422454213,0.915012388653,0.939446901117,0.977440196599,
    0.9861995179,1.),.UNSPECIFIED.);
#853 = CARTESIAN_POINT('',(1.725,3.082028946146,-8.));
#854 = CARTESIAN_POINT('',(1.725,3.141342285122,-7.954035529733));
#855 = CARTESIAN_POINT('',(1.725,3.200674410567,-7.908094621398));
#856 = CARTESIAN_POINT('',(1.725,3.260024266103,-7.862175972134));
#857 = CARTESIAN_POINT('',(1.725,3.319389915143,-7.81627712989));
#858 = CARTESIAN_POINT('',(1.725,3.378768540887,-7.770394493429));
#859 = CARTESIAN_POINT('',(1.725,3.438156446327,-7.724523312327));
#860 = CARTESIAN_POINT('',(1.725,3.497549054246,-7.67865768697));
#861 = CARTESIAN_POINT('',(1.725,3.616186316742,-7.587036545433));
#862 = CARTESIAN_POINT('',(1.725,3.675431003116,-7.541281110309));
#863 = CARTESIAN_POINT('',(1.725,3.734669613666,-7.495517307237));
#864 = CARTESIAN_POINT('',(1.725,3.793895985853,-7.449737169757));
#865 = CARTESIAN_POINT('',(1.725,3.853103147266,-7.403931720905));
#866 = CARTESIAN_POINT('',(1.725,3.912283315622,-7.35809097321));
#867 = CARTESIAN_POINT('',(1.725,3.971427898769,-7.312203928694));
#868 = CARTESIAN_POINT('',(1.725,4.112339963771,-7.202655732629));
#869 = CARTESIAN_POINT('',(1.725,4.194065917318,-7.138941402496));
#870 = CARTESIAN_POINT('',(1.725,4.27568078525,-7.075083620409));
#871 = CARTESIAN_POINT('',(1.725,4.357156581928,-7.011047048992));
#872 = CARTESIAN_POINT('',(1.725,4.438462010727,-6.946793113301));
#873 = CARTESIAN_POINT('',(1.725,4.519562568642,-6.882280132567));
#874 = CARTESIAN_POINT('',(1.725,4.600420650869,-6.817463451941));
#875 = CARTESIAN_POINT('',(1.725,4.84813409867,-6.617116461403));
#876 = CARTESIAN_POINT('',(1.725,5.014040102386,-6.480437709764));
#877 = CARTESIAN_POINT('',(1.725,5.178371407483,-6.341821919456));
#878 = CARTESIAN_POINT('',(1.725,5.340697522599,-6.20080516414));
#879 = CARTESIAN_POINT('',(1.725,5.500512289976,-6.056910269471));
#880 = CARTESIAN_POINT('',(1.725,5.657256846572,-5.909672179234));
#881 = CARTESIAN_POINT('',(1.725,5.810352980361,-5.758675409138));
#882 = CARTESIAN_POINT('',(1.725,5.998036098083,-5.563204926339));
#883 = CARTESIAN_POINT('',(1.725,6.036537645723,-5.522529806398));
#884 = CARTESIAN_POINT('',(1.725,6.074750599913,-5.481582009513));
#885 = CARTESIAN_POINT('',(1.725,6.112633704424,-5.440328361035));
#886 = CARTESIAN_POINT('',(1.725,6.150226529918,-5.398808811278));
#887 = CARTESIAN_POINT('',(1.725,6.187499271854,-5.357002651978));
#888 = CARTESIAN_POINT('',(1.725,6.224460403463,-5.314921757753));
#889 = CARTESIAN_POINT('',(1.725,6.374229949982,-5.141809746479));
#890 = CARTESIAN_POINT('',(1.725,6.484337628754,-5.008439415229));
#891 = CARTESIAN_POINT('',(1.725,6.591349785754,-4.872532201231));
#892 = CARTESIAN_POINT('',(1.725,6.695192458988,-4.734167668906));
#893 = CARTESIAN_POINT('',(1.725,6.795795410696,-4.593428683121));
#894 = CARTESIAN_POINT('',(1.725,6.893092349777,-4.450401545525));
#895 = CARTESIAN_POINT('',(1.725,6.987021154214,-4.305176130885));
#896 = CARTESIAN_POINT('',(1.725,7.174615903539,-3.999789866087));
#897 = CARTESIAN_POINT('',(1.725,7.267766032271,-3.839309599681));
#898 = CARTESIAN_POINT('',(1.725,7.356902811883,-3.676521706247));
#899 = CARTESIAN_POINT('',(1.725,7.441962267819,-3.511545340563));
#900 = CARTESIAN_POINT('',(1.725,7.522888585058,-3.344502554524));
#901 = CARTESIAN_POINT('',(1.725,7.599634574385,-3.175518521542));
#902 = CARTESIAN_POINT('',(1.725,7.672162138666,-3.004721760946));
#903 = CARTESIAN_POINT('',(1.725,7.757880268116,-2.788197010472));
#904 = CARTESIAN_POINT('',(1.725,7.775072192457,-2.743961276566));
#905 = CARTESIAN_POINT('',(1.725,7.792016282985,-2.699536847932));
#906 = CARTESIAN_POINT('',(1.725,7.808711709274,-2.654923802616));
#907 = CARTESIAN_POINT('',(1.725,7.82515710036,-2.610122059572));
#908 = CARTESIAN_POINT('',(1.725,7.841350113062,-2.565131266471));
#909 = CARTESIAN_POINT('',(1.725,7.857288507911,-2.519951125191));
#910 = CARTESIAN_POINT('',(1.725,7.920973129793,-2.335733814137));
#911 = CARTESIAN_POINT('',(1.725,7.966307774524,-2.195966616247));
#912 = CARTESIAN_POINT('',(1.725,8.009109530683,-2.055388474674));
#913 = CARTESIAN_POINT('',(1.725,8.04950328453,-1.914095684077));
#914 = CARTESIAN_POINT('',(1.725,8.087606431997,-1.772173061422));
#915 = CARTESIAN_POINT('',(1.725,8.123529365914,-1.62969408698));
#916 = CARTESIAN_POINT('',(1.725,8.157375963231,-1.486721045327));
#917 = CARTESIAN_POINT('',(1.725,8.252977993623,-1.056483744041));
#918 = CARTESIAN_POINT('',(1.725,8.308789712142,-0.767931558518));
#919 = CARTESIAN_POINT('',(1.725,8.357468147786,-0.47803997763));
#920 = CARTESIAN_POINT('',(1.725,8.399679536489,-0.187130100359));
#921 = CARTESIAN_POINT('',(1.725,8.435998650106,0.104542452217));
#922 = CARTESIAN_POINT('',(1.725,8.466931166511,0.396784181202));
#923 = CARTESIAN_POINT('',(1.725,8.492927189812,0.689461789402));
#924 = CARTESIAN_POINT('',(1.725,8.522582627453,1.094435724129));
#925 = CARTESIAN_POINT('',(1.725,8.530121917946,1.206417806079));
#926 = CARTESIAN_POINT('',(1.725,8.53697186161,1.318445798872));
#927 = CARTESIAN_POINT('',(1.725,8.543078603457,1.430518592402));
#928 = CARTESIAN_POINT('',(1.725,8.548416010918,1.542630908093));
#929 = CARTESIAN_POINT('',(1.725,8.552930036583,1.654779302215));
#930 = CARTESIAN_POINT('',(1.725,8.55658352055,1.766956979125));
#931 = CARTESIAN_POINT('',(1.725,8.563420251371,2.046225742749));
#932 = CARTESIAN_POINT('',(1.725,8.565500289294,2.213341205442));
#933 = CARTESIAN_POINT('',(1.725,8.565424504487,2.380482137206));
#934 = CARTESIAN_POINT('',(1.725,8.563041133411,2.547617008881));
#935 = CARTESIAN_POINT('',(1.725,8.558192846798,2.7147041562));
#936 = CARTESIAN_POINT('',(1.725,8.55071706511,2.881691799816));
#937 = CARTESIAN_POINT('',(1.725,8.540446273986,3.048518065332));
#938 = CARTESIAN_POINT('',(1.725,8.520833215624,3.295338826399));
#939 = CARTESIAN_POINT('',(1.725,8.513770078322,3.375511886496));
#940 = CARTESIAN_POINT('',(1.725,8.505999664716,3.455621818737));
#941 = CARTESIAN_POINT('',(1.725,8.497502628873,3.535659444647));
#942 = CARTESIAN_POINT('',(1.725,8.488259542006,3.615614772151));
#943 = CARTESIAN_POINT('',(1.725,8.478250892472,3.695476995574));
#944 = CARTESIAN_POINT('',(1.725,8.467457085774,3.775234495644));
#945 = CARTESIAN_POINT('',(1.725,8.44374613811,3.938042189223));
#946 = CARTESIAN_POINT('',(1.725,8.430756041969,4.021081556531));
#947 = CARTESIAN_POINT('',(1.725,8.416866844492,4.103979135693));
#948 = CARTESIAN_POINT('',(1.725,8.402054378671,4.186718908224));
#949 = CARTESIAN_POINT('',(1.725,8.386298346456,4.269284851501));
#950 = CARTESIAN_POINT('',(1.725,8.369577888233,4.351659612062));
#951 = CARTESIAN_POINT('',(1.725,8.351868548711,4.433823518796));
#952 = CARTESIAN_POINT('',(1.725,8.317344240908,4.584968086639));
#953 = CARTESIAN_POINT('',(1.725,8.300819696412,4.654014820259));
#954 = CARTESIAN_POINT('',(1.725,8.283585791907,4.722890444231));
#955 = CARTESIAN_POINT('',(1.725,8.265648285557,4.791587391693));
#956 = CARTESIAN_POINT('',(1.725,8.247012458765,4.860098096823));
#957 = CARTESIAN_POINT('',(1.725,8.227683116178,4.928414994834));
#958 = CARTESIAN_POINT('',(1.725,8.207664585683,4.996530521975));
#959 = CARTESIAN_POINT('',(1.725,8.177280865442,5.09618605559));
#960 = CARTESIAN_POINT('',(1.725,8.167451200092,5.127889319581));
#961 = CARTESIAN_POINT('',(1.725,8.157472115233,5.159546126577));
#962 = CARTESIAN_POINT('',(1.725,8.147343980318,5.191155688867));
#963 = CARTESIAN_POINT('',(1.725,8.137067141385,5.222717211954));
#964 = CARTESIAN_POINT('',(1.725,8.126641921049,5.254229894559));
#965 = CARTESIAN_POINT('',(1.725,8.116068618508,5.285692928617));
#966 = CARTESIAN_POINT('',(1.725,8.026724905987,5.547467684526));
#967 = CARTESIAN_POINT('',(1.725,7.940171362423,5.775063588095));
#968 = CARTESIAN_POINT('',(1.725,7.845777775731,5.999641300246));
#969 = CARTESIAN_POINT('',(1.725,7.743572913283,6.220869430895));
#970 = CARTESIAN_POINT('',(1.725,7.633522466686,6.438334808344));
#971 = CARTESIAN_POINT('',(1.725,7.515528188403,6.651541588176));
#972 = CARTESIAN_POINT('',(1.725,7.389400257475,6.859896721537));
#973 = CARTESIAN_POINT('',(1.725,7.233783450989,7.094285582153));
#974 = CARTESIAN_POINT('',(1.725,7.2126478957,7.125672814842));
#975 = CARTESIAN_POINT('',(1.725,7.191371300046,7.156825381149));
#976 = CARTESIAN_POINT('',(1.725,7.169955607179,7.187740232075));
#977 = CARTESIAN_POINT('',(1.725,7.148402758078,7.218414318627));
#978 = CARTESIAN_POINT('',(1.725,7.126714691555,7.248844591825));
#979 = CARTESIAN_POINT('',(1.725,7.10489334425,7.279028002698));
#980 = CARTESIAN_POINT('',(1.725,7.067573765088,7.329914952014));
#981 = CARTESIAN_POINT('',(1.725,7.052142519776,7.350745945232));
#982 = CARTESIAN_POINT('',(1.725,7.036647578191,7.371453436151));
#983 = CARTESIAN_POINT('',(1.725,7.021089603225,7.392036378987));
#984 = CARTESIAN_POINT('',(1.725,7.005469257171,7.412493727962));
#985 = CARTESIAN_POINT('',(1.725,6.989787201721,7.432824437301));
#986 = CARTESIAN_POINT('',(1.725,6.974044097966,7.453027461233));
#987 = CARTESIAN_POINT('',(1.725,6.933405975732,7.504647798381));
#988 = CARTESIAN_POINT('',(1.725,6.908424025476,7.535873011555));
#989 = CARTESIAN_POINT('',(1.725,6.883294137873,7.566778235813));
#990 = CARTESIAN_POINT('',(1.725,6.85801856164,7.59736650664));
#991 = CARTESIAN_POINT('',(1.725,6.83259966385,7.627641089518));
#992 = CARTESIAN_POINT('',(1.725,6.807038766883,7.657604635649));
#993 = CARTESIAN_POINT('',(1.725,6.781336570438,7.687259456628));
#994 = CARTESIAN_POINT('',(1.725,6.727304581433,7.748626451075));
#995 = CARTESIAN_POINT('',(1.725,6.698948247652,7.780280297559));
#996 = CARTESIAN_POINT('',(1.725,6.670428134876,7.811574066007));
#997 = CARTESIAN_POINT('',(1.725,6.641746216105,7.842511364901));
#998 = CARTESIAN_POINT('',(1.725,6.612904459739,7.873095802681));
#999 = CARTESIAN_POINT('',(1.725,6.583904829573,7.903330987738));
#1000 = CARTESIAN_POINT('',(1.725,6.554749284803,7.933220528422));
#1001 = CARTESIAN_POINT('',(1.725,6.391554404183,8.097740588516));
#1002 = CARTESIAN_POINT('',(1.725,6.252463511707,8.227585187859));
#1003 = CARTESIAN_POINT('',(1.725,6.108424097547,8.352033719868));
#1004 = CARTESIAN_POINT('',(1.725,5.959740230265,8.470927533332));
#1005 = CARTESIAN_POINT('',(1.725,5.806757763732,8.584210222589));
#1006 = CARTESIAN_POINT('',(1.725,5.649857225371,8.691918126754));
#1007 = CARTESIAN_POINT('',(1.725,5.489444880951,8.794168542617));
#1008 = CARTESIAN_POINT('',(1.725,5.245380370691,8.938928481358));
#1009 = CARTESIAN_POINT('',(1.725,5.164061976528,8.985434914287));
#1010 = CARTESIAN_POINT('',(1.725,5.082033058749,9.030689016638));
#1011 = CARTESIAN_POINT('',(1.725,4.999338917737,9.074719393342));
#1012 = CARTESIAN_POINT('',(1.725,4.916023602197,9.117558644833));
#1013 = CARTESIAN_POINT('',(1.725,4.832129622421,9.159242824258));
#1014 = CARTESIAN_POINT('',(1.725,4.747697663556,9.19981089469));
#1015 = CARTESIAN_POINT('',(1.725,4.630674208264,9.2542270867));
#1016 = CARTESIAN_POINT('',(1.725,4.598518649819,9.268992891112));
#1017 = CARTESIAN_POINT('',(1.725,4.566300882024,9.283604374513));
#1018 = CARTESIAN_POINT('',(1.725,4.534022151769,9.298064311498));
#1019 = CARTESIAN_POINT('',(1.725,4.501683694336,9.312375476306));
#1020 = CARTESIAN_POINT('',(1.725,4.469286733402,9.326540642823));
#1021 = CARTESIAN_POINT('',(1.725,4.436832481036,9.340562584581));
#1022 = CARTESIAN_POINT('',(1.725,4.345217661564,9.379680910812));
#1023 = CARTESIAN_POINT('',(1.725,4.285917035345,9.404457634239));
#1024 = CARTESIAN_POINT('',(1.725,4.226430809188,9.428789794189));
#1025 = CARTESIAN_POINT('',(1.725,4.166775334664,9.452701682792));
#1026 = CARTESIAN_POINT('',(1.725,4.106942596896,9.476168500863));
#1027 = CARTESIAN_POINT('',(1.725,4.046952918363,9.499226078926));
#1028 = CARTESIAN_POINT('',(1.725,3.986805506377,9.521866910073));
#1029 = CARTESIAN_POINT('',(1.725,3.737414983746,9.613839684058));
#1030 = CARTESIAN_POINT('',(1.725,3.546863252437,9.679590115587));
#1031 = CARTESIAN_POINT('',(1.725,3.355044589561,9.741602209365));
#1032 = CARTESIAN_POINT('',(1.725,3.162133628093,9.800130704437));
#1033 = CARTESIAN_POINT('',(1.725,2.968288167176,9.855436202693));
#1034 = CARTESIAN_POINT('',(1.725,2.773646144633,9.907774413789));
#1035 = CARTESIAN_POINT('',(1.725,2.578320449003,9.957376207755));
#1036 = CARTESIAN_POINT('',(1.725,2.336762445295,10.015373968773));
#1037 = CARTESIAN_POINT('',(1.725,2.291100882342,10.026190502332));
#1038 = CARTESIAN_POINT('',(1.725,2.245408015857,10.036870337968));
#1039 = CARTESIAN_POINT('',(1.725,2.199684919091,10.047415467159));
#1040 = CARTESIAN_POINT('',(1.725,2.153932604926,10.05782761087));
#1041 = CARTESIAN_POINT('',(1.725,2.108152025876,10.068108219549));
#1042 = CARTESIAN_POINT('',(1.725,2.062344074085,10.078258473132));
#1043 = CARTESIAN_POINT('',(1.725,1.944671980669,10.103985155665));
#1044 = CARTESIAN_POINT('',(1.725,1.872769178916,10.119372305673));
#1045 = CARTESIAN_POINT('',(1.725,1.800806890683,10.134456182698));
#1046 = CARTESIAN_POINT('',(1.725,1.728773394989,10.149171477494));
#1047 = CARTESIAN_POINT('',(1.725,1.656678511934,10.163543985315));
#1048 = CARTESIAN_POINT('',(1.725,1.584514356853,10.177518381843));
#1049 = CARTESIAN_POINT('',(1.725,1.512284993004,10.191085600247));
#1050 = CARTESIAN_POINT('',(1.725,1.327577670251,10.224625196574));
#1051 = CARTESIAN_POINT('',(1.725,1.215010853978,10.243974872887));
#1052 = CARTESIAN_POINT('',(1.725,1.102285783858,10.262159304905));
#1053 = CARTESIAN_POINT('',(1.725,0.989413129213,10.279052370771));
#1054 = CARTESIAN_POINT('',(1.725,0.87641863161,10.294507063634));
#1055 = CARTESIAN_POINT('',(1.725,0.763339719066,10.308338919201));
#1056 = CARTESIAN_POINT('',(1.725,0.650218210455,10.320323431756));
#1057 = CARTESIAN_POINT('',(1.725,0.511007735944,10.33252673606));
#1058 = CARTESIAN_POINT('',(1.725,0.484926104273,10.334703185037));
#1059 = CARTESIAN_POINT('',(1.725,0.458845140784,10.336766968176));
#1060 = CARTESIAN_POINT('',(1.725,0.432765335897,10.33871541144));
#1061 = CARTESIAN_POINT('',(1.725,0.406687103737,10.340545935473));
#1062 = CARTESIAN_POINT('',(1.725,0.380610782142,10.342256055595));
#1063 = CARTESIAN_POINT('',(1.725,0.354536632655,10.343843381801));
#1064 = CARTESIAN_POINT('',(1.725,0.2873882219,10.347609401709));
#1065 = CARTESIAN_POINT('',(1.725,0.246317289547,10.349602812604));
#1066 = CARTESIAN_POINT('',(1.725,0.20525288978,10.351277093154));
#1067 = CARTESIAN_POINT('',(1.725,0.164194854283,10.352624724992));
#1068 = CARTESIAN_POINT('',(1.725,0.123142223737,10.353639696763));
#1069 = CARTESIAN_POINT('',(1.725,8.20934714629E-02,10.354317771223));
#1070 = CARTESIAN_POINT('',(1.725,4.104672705196E-02,10.354656752328));
#1071 = CARTESIAN_POINT('',(1.725,0.,10.354656752328));
#1072 = PCURVE('',#94,#1073);
#1073 = DEFINITIONAL_REPRESENTATION('',(#1074),#1294);
#1074 = B_SPLINE_CURVE_WITH_KNOTS('',8,(#1075,#1076,#1077,#1078,#1079,
    #1080,#1081,#1082,#1083,#1084,#1085,#1086,#1087,#1088,#1089,#1090,
    #1091,#1092,#1093,#1094,#1095,#1096,#1097,#1098,#1099,#1100,#1101,
    #1102,#1103,#1104,#1105,#1106,#1107,#1108,#1109,#1110,#1111,#1112,
    #1113,#1114,#1115,#1116,#1117,#1118,#1119,#1120,#1121,#1122,#1123,
    #1124,#1125,#1126,#1127,#1128,#1129,#1130,#1131,#1132,#1133,#1134,
    #1135,#1136,#1137,#1138,#1139,#1140,#1141,#1142,#1143,#1144,#1145,
    #1146,#1147,#1148,#1149,#1150,#1151,#1152,#1153,#1154,#1155,#1156,
    #1157,#1158,#1159,#1160,#1161,#1162,#1163,#1164,#1165,#1166,#1167,
    #1168,#1169,#1170,#1171,#1172,#1173,#1174,#1175,#1176,#1177,#1178,
    #1179,#1180,#1181,#1182,#1183,#1184,#1185,#1186,#1187,#1188,#1189,
    #1190,#1191,#1192,#1193,#1194,#1195,#1196,#1197,#1198,#1199,#1200,
    #1201,#1202,#1203,#1204,#1205,#1206,#1207,#1208,#1209,#1210,#1211,
    #1212,#1213,#1214,#1215,#1216,#1217,#1218,#1219,#1220,#1221,#1222,
    #1223,#1224,#1225,#1226,#1227,#1228,#1229,#1230,#1231,#1232,#1233,
    #1234,#1235,#1236,#1237,#1238,#1239,#1240,#1241,#1242,#1243,#1244,
    #1245,#1246,#1247,#1248,#1249,#1250,#1251,#1252,#1253,#1254,#1255,
    #1256,#1257,#1258,#1259,#1260,#1261,#1262,#1263,#1264,#1265,#1266,
    #1267,#1268,#1269,#1270,#1271,#1272,#1273,#1274,#1275,#1276,#1277,
    #1278,#1279,#1280,#1281,#1282,#1283,#1284,#1285,#1286,#1287,#1288,
    #1289,#1290,#1291,#1292,#1293),.UNSPECIFIED.,.F.,.F.,(9,7,7,7,7,7,7,
    7,7,7,7,7,7,7,7,7,7,7,7,7,7,7,7,7,7,7,7,7,7,7,7,9),(0.,
    2.3053251231E-02,4.60496596931E-02,7.788393753159E-02,0.143918456187
    ,0.161121492694,0.214230222128,0.27120541775,0.285755767606,
    0.330286025347,0.419343331635,0.45336102954,0.50401417157,
    0.528407710491,0.553881558101,0.575399434862,0.585459868521,
    0.6592374497,0.670741923515,0.678795055192,0.691450268124,
    0.705255928568,0.76831997728,0.799393070416,0.811134322,
    0.832480160059,0.899422454213,0.915012388653,0.939446901117,
    0.977440196599,0.9861995179,1.),.UNSPECIFIED.);
#1075 = CARTESIAN_POINT('',(0.131131386499,0.55516558517));
#1076 = CARTESIAN_POINT('',(0.132929891283,0.553896527129));
#1077 = CARTESIAN_POINT('',(0.134703170076,0.552616301816));
#1078 = CARTESIAN_POINT('',(0.136451604707,0.551324953597));
#1079 = CARTESIAN_POINT('',(0.138175542203,0.550022528171));
#1080 = CARTESIAN_POINT('',(0.139875294784,0.548709072567));
#1081 = CARTESIAN_POINT('',(0.141551139868,0.547384635149));
#1082 = CARTESIAN_POINT('',(0.143203320066,0.546049265614));
#1083 = CARTESIAN_POINT('',(0.146456750336,0.543360083835));
#1084 = CARTESIAN_POINT('',(0.148058124026,0.542006329879));
#1085 = CARTESIAN_POINT('',(0.149636374009,0.540641804485));
#1086 = CARTESIAN_POINT('',(0.15119169173,0.539266569316));
#1087 = CARTESIAN_POINT('',(0.152724250323,0.537880696334));
#1088 = CARTESIAN_POINT('',(0.154234204613,0.5364842678));
#1089 = CARTESIAN_POINT('',(0.155721691114,0.535077376272));
#1090 = CARTESIAN_POINT('',(0.15921503933,0.531698201579));
#1091 = CARTESIAN_POINT('',(0.161200420418,0.529716436279));
#1092 = CARTESIAN_POINT('',(0.163143308193,0.527715102396));
#1093 = CARTESIAN_POINT('',(0.165043985632,0.525694535906));
#1094 = CARTESIAN_POINT('',(0.166902695073,0.523655140396));
#1095 = CARTESIAN_POINT('',(0.168719651494,0.521597392386));
#1096 = CARTESIAN_POINT('',(0.170495055807,0.51952184666));
#1097 = CARTESIAN_POINT('',(0.175826089698,0.513088199016));
#1098 = CARTESIAN_POINT('',(0.179244829319,0.508673793851));
#1099 = CARTESIAN_POINT('',(0.182487569895,0.504191143259));
#1100 = CARTESIAN_POINT('',(0.185555660703,0.499647754635));
#1101 = CARTESIAN_POINT('',(0.188450361317,0.495053619676));
#1102 = CARTESIAN_POINT('',(0.191173432057,0.490421083626));
#1103 = CARTESIAN_POINT('',(0.193727510975,0.485764389696));
#1104 = CARTESIAN_POINT('',(0.196738588789,0.479883464437));
#1105 = CARTESIAN_POINT('',(0.197349637833,0.4786675082));
#1106 = CARTESIAN_POINT('',(0.197949658751,0.477451040872));
#1107 = CARTESIAN_POINT('',(0.198538128531,0.476235271758));
#1108 = CARTESIAN_POINT('',(0.199116056009,0.475019048414));
#1109 = CARTESIAN_POINT('',(0.199683123028,0.473803233454));
#1110 = CARTESIAN_POINT('',(0.200239739559,0.472587581917));
#1111 = CARTESIAN_POINT('',(0.202472565025,0.467620344676));
#1112 = CARTESIAN_POINT('',(0.20406087845,0.46387136108));
#1113 = CARTESIAN_POINT('',(0.205556659472,0.460127505803));
#1114 = CARTESIAN_POINT('',(0.206965253342,0.456390818308));
#1115 = CARTESIAN_POINT('',(0.208291669431,0.452663201916));
#1116 = CARTESIAN_POINT('',(0.209540578897,0.448946446687));
#1117 = CARTESIAN_POINT('',(0.210716312333,0.445242252307));
#1118 = CARTESIAN_POINT('',(0.213009962162,0.437593607074));
#1119 = CARTESIAN_POINT('',(0.214117453651,0.433651252839));
#1120 = CARTESIAN_POINT('',(0.215150263499,0.42972722127));
#1121 = CARTESIAN_POINT('',(0.216112902849,0.425823396888));
#1122 = CARTESIAN_POINT('',(0.217009486975,0.421941539558));
#1123 = CARTESIAN_POINT('',(0.217843759873,0.418083308334));
#1124 = CARTESIAN_POINT('',(0.218619118842,0.414250285289));
#1125 = CARTESIAN_POINT('',(0.219522390464,0.409471948417));
#1126 = CARTESIAN_POINT('',(0.219702831145,0.408499900244));
#1127 = CARTESIAN_POINT('',(0.219879988102,0.407527860726));
#1128 = CARTESIAN_POINT('',(0.220053904655,0.406555823487));
#1129 = CARTESIAN_POINT('',(0.220224616341,0.405583786414));
#1130 = CARTESIAN_POINT('',(0.220392145565,0.40461175551));
#1131 = CARTESIAN_POINT('',(0.220556515017,0.403639736079));
#1132 = CARTESIAN_POINT('',(0.221211318795,0.399692901851));
#1133 = CARTESIAN_POINT('',(0.221672867354,0.396736133978));
#1134 = CARTESIAN_POINT('',(0.222105492709,0.393796928912));
#1135 = CARTESIAN_POINT('',(0.222511892337,0.390874704972));
#1136 = CARTESIAN_POINT('',(0.222894445868,0.387968776996));
#1137 = CARTESIAN_POINT('',(0.223255266956,0.385078355836));
#1138 = CARTESIAN_POINT('',(0.223596255139,0.382202547867));
#1139 = CARTESIAN_POINT('',(0.224564909584,0.373616173987));
#1140 = CARTESIAN_POINT('',(0.225138200604,0.367947249169));
#1141 = CARTESIAN_POINT('',(0.225652866488,0.362325182164));
#1142 = CARTESIAN_POINT('',(0.226119742882,0.356741973665));
#1143 = CARTESIAN_POINT('',(0.226547700332,0.351189676957));
#1144 = CARTESIAN_POINT('',(0.226944395933,0.345660065699));
#1145 = CARTESIAN_POINT('',(0.227316731675,0.340144315454));
#1146 = CARTESIAN_POINT('',(0.227806348677,0.332527397176));
#1147 = CARTESIAN_POINT('',(0.227939074692,0.330422775654));
#1148 = CARTESIAN_POINT('',(0.228069169723,0.328318396025));
#1149 = CARTESIAN_POINT('',(0.228196456026,0.326213859147));
#1150 = CARTESIAN_POINT('',(0.228320952189,0.324108770417));
#1151 = CARTESIAN_POINT('',(0.228442485349,0.322002770569));
#1152 = CARTESIAN_POINT('',(0.228561003052,0.319895514013));
#1153 = CARTESIAN_POINT('',(0.228848210966,0.314646558486));
#1154 = CARTESIAN_POINT('',(0.229013095293,0.311502983733));
#1155 = CARTESIAN_POINT('',(0.229170719714,0.308354829851));
#1156 = CARTESIAN_POINT('',(0.2293207307,0.305201145317));
#1157 = CARTESIAN_POINT('',(0.229462742383,0.302041140586));
#1158 = CARTESIAN_POINT('',(0.229596331602,0.298874183219));
#1159 = CARTESIAN_POINT('',(0.229721032967,0.295699793007));
#1160 = CARTESIAN_POINT('',(0.229891860535,0.290985174536));
#1161 = CARTESIAN_POINT('',(0.229945206405,0.289450923814));
#1162 = CARTESIAN_POINT('',(0.229996314249,0.287914853955));
#1163 = CARTESIAN_POINT('',(0.230045123827,0.286376947855));
#1164 = CARTESIAN_POINT('',(0.23009157193,0.28483720228));
#1165 = CARTESIAN_POINT('',(0.230135592382,0.283295627872));
#1166 = CARTESIAN_POINT('',(0.230177116036,0.281752249146));
#1167 = CARTESIAN_POINT('',(0.230256750696,0.278593530519));
#1168 = CARTESIAN_POINT('',(0.230294628265,0.27697803692));
#1169 = CARTESIAN_POINT('',(0.230329624614,0.275360652766));
#1170 = CARTESIAN_POINT('',(0.230361646153,0.273741474907));
#1171 = CARTESIAN_POINT('',(0.230390608629,0.272120566825));
#1172 = CARTESIAN_POINT('',(0.230416420565,0.270498025574));
#1173 = CARTESIAN_POINT('',(0.230438971622,0.268874030128));
#1174 = CARTESIAN_POINT('',(0.230474389563,0.265875747515));
#1175 = CARTESIAN_POINT('',(0.230488224126,0.264501821321));
#1176 = CARTESIAN_POINT('',(0.230499679514,0.26312675265));
#1177 = CARTESIAN_POINT('',(0.23050875649,0.261750381891));
#1178 = CARTESIAN_POINT('',(0.230515452168,0.260372543072));
#1179 = CARTESIAN_POINT('',(0.230519760014,0.258993063865));
#1180 = CARTESIAN_POINT('',(0.230521669841,0.257611765582));
#1181 = CARTESIAN_POINT('',(0.2305209331,0.255581716186));
#1182 = CARTESIAN_POINT('',(0.230520171138,0.254934530951));
#1183 = CARTESIAN_POINT('',(0.230518880496,0.25428688856));
#1184 = CARTESIAN_POINT('',(0.230517059544,0.253638769776));
#1185 = CARTESIAN_POINT('',(0.230514706452,0.252990155039));
#1186 = CARTESIAN_POINT('',(0.230511819194,0.252341024467));
#1187 = CARTESIAN_POINT('',(0.230508395547,0.25169135785));
#1188 = CARTESIAN_POINT('',(0.230475374656,0.246272762246));
#1189 = CARTESIAN_POINT('',(0.230417347235,0.241475544867));
#1190 = CARTESIAN_POINT('',(0.230329397583,0.236639966551));
#1191 = CARTESIAN_POINT('',(0.230209964132,0.231756618424));
#1192 = CARTESIAN_POINT('',(0.230056723784,0.226815423995));
#1193 = CARTESIAN_POINT('',(0.229866502804,0.221805160618));
#1194 = CARTESIAN_POINT('',(0.229634873455,0.216712359056));
#1195 = CARTESIAN_POINT('',(0.229311425049,0.210708786427));
#1196 = CARTESIAN_POINT('',(0.229266752619,0.209898910428));
#1197 = CARTESIAN_POINT('',(0.229221029732,0.209089035092));
#1198 = CARTESIAN_POINT('',(0.229174244986,0.208279160438));
#1199 = CARTESIAN_POINT('',(0.229126386515,0.20746928649));
#1200 = CARTESIAN_POINT('',(0.229077441985,0.206659413273));
#1201 = CARTESIAN_POINT('',(0.229027398594,0.20584954081));
#1202 = CARTESIAN_POINT('',(0.228940434209,0.204472758955));
#1203 = CARTESIAN_POINT('',(0.228904080389,0.203905849161));
#1204 = CARTESIAN_POINT('',(0.228867177056,0.20333893976));
#1205 = CARTESIAN_POINT('',(0.228829719527,0.202772030761));
#1206 = CARTESIAN_POINT('',(0.228791702988,0.202205122173));
#1207 = CARTESIAN_POINT('',(0.228753122501,0.201638214006));
#1208 = CARTESIAN_POINT('',(0.228713972996,0.201071306273));
#1209 = CARTESIAN_POINT('',(0.228611824851,0.199613524134));
#1210 = CARTESIAN_POINT('',(0.228547986429,0.198722710631));
#1211 = CARTESIAN_POINT('',(0.228482706522,0.197831850131));
#1212 = CARTESIAN_POINT('',(0.228415969184,0.196940976114));
#1213 = CARTESIAN_POINT('',(0.228347758411,0.196050128828));
#1214 = CARTESIAN_POINT('',(0.228278053193,0.195159298134));
#1215 = CARTESIAN_POINT('',(0.228206829228,0.194268444275));
#1216 = CARTESIAN_POINT('',(0.228054690803,0.192405764517));
#1217 = CARTESIAN_POINT('',(0.227973483459,0.191433934051));
#1218 = CARTESIAN_POINT('',(0.227890417179,0.19046210521));
#1219 = CARTESIAN_POINT('',(0.227805462678,0.189490278061));
#1220 = CARTESIAN_POINT('',(0.227718589473,0.188518452676));
#1221 = CARTESIAN_POINT('',(0.227629765883,0.187546629131));
#1222 = CARTESIAN_POINT('',(0.227538959027,0.186574807507));
#1223 = CARTESIAN_POINT('',(0.227022115284,0.181163730524));
#1224 = CARTESIAN_POINT('',(0.22654968733,0.176658435268));
#1225 = CARTESIAN_POINT('',(0.226024158439,0.172095009254));
#1226 = CARTESIAN_POINT('',(0.225440218119,0.167481269689));
#1227 = CARTESIAN_POINT('',(0.224791817498,0.162824941683));
#1228 = CARTESIAN_POINT('',(0.224071988062,0.158133642008));
#1229 = CARTESIAN_POINT('',(0.223272599546,0.1534148488));
#1230 = CARTESIAN_POINT('',(0.221946251794,0.146340848105));
#1231 = CARTESIAN_POINT('',(0.221486767743,0.144000747678));
#1232 = CARTESIAN_POINT('',(0.2210044259,0.141656312929));
#1233 = CARTESIAN_POINT('',(0.22049794983,0.139308241298));
#1234 = CARTESIAN_POINT('',(0.219965945374,0.136957171007));
#1235 = CARTESIAN_POINT('',(0.219406880454,0.134603681404));
#1236 = CARTESIAN_POINT('',(0.218819064873,0.132248293306));
#1237 = CARTESIAN_POINT('',(0.217966948913,0.129000921926));
#1238 = CARTESIAN_POINT('',(0.217728952641,0.128110386934));
#1239 = CARTESIAN_POINT('',(0.217486538064,0.127219864936));
#1240 = CARTESIAN_POINT('',(0.217239597589,0.126329356528));
#1241 = CARTESIAN_POINT('',(0.216988019274,0.125438862346));
#1242 = CARTESIAN_POINT('',(0.216731686825,0.124548383061));
#1243 = CARTESIAN_POINT('',(0.216470479598,0.123657919381));
#1244 = CARTESIAN_POINT('',(0.215720302776,0.121148620396));
#1245 = CARTESIAN_POINT('',(0.215219721591,0.119529535477));
#1246 = CARTESIAN_POINT('',(0.21470178488,0.117910307315));
#1247 = CARTESIAN_POINT('',(0.214165721723,0.116291014574));
#1248 = CARTESIAN_POINT('',(0.213610732872,0.11467198788));
#1249 = CARTESIAN_POINT('',(0.21303587531,0.113053228077));
#1250 = CARTESIAN_POINT('',(0.212440167665,0.11143496584));
#1251 = CARTESIAN_POINT('',(0.20988546033,0.104744308527));
#1252 = CARTESIAN_POINT('',(0.207732216117,9.967784312617E-02));
#1253 = CARTESIAN_POINT('',(0.205330433943,9.462231088125E-02));
#1254 = CARTESIAN_POINT('',(0.202633655781,8.958296002944E-02));
#1255 = CARTESIAN_POINT('',(0.199584216729,8.456542409203E-02));
#1256 = CARTESIAN_POINT('',(0.196104167061,7.957656437815E-02));
#1257 = CARTESIAN_POINT('',(0.192074202635,7.462664493136E-02));
#1258 = CARTESIAN_POINT('',(0.186188898469,6.859314041743E-02));
#1259 = CARTESIAN_POINT('',(0.18503679997,6.745650054231E-02));
#1260 = CARTESIAN_POINT('',(0.183841915891,6.632313350052E-02));
#1261 = CARTESIAN_POINT('',(0.182601539259,6.519328667366E-02));
#1262 = CARTESIAN_POINT('',(0.181312648393,6.406724161831E-02));
#1263 = CARTESIAN_POINT('',(0.179971906901,6.294531406595E-02));
#1264 = CARTESIAN_POINT('',(0.17857566368,6.182785392305E-02));
#1265 = CARTESIAN_POINT('',(0.174838379328,5.897142459727E-02));
#1266 = CARTESIAN_POINT('',(0.172410600897,5.723954493686E-02));
#1267 = CARTESIAN_POINT('',(0.169821289938,5.552103072346E-02));
#1268 = CARTESIAN_POINT('',(0.167050752164,5.381822564947E-02));
#1269 = CARTESIAN_POINT('',(0.164078476055,5.213313632952E-02));
#1270 = CARTESIAN_POINT('',(0.160878466814,5.046885282713E-02));
#1271 = CARTESIAN_POINT('',(0.157421484868,4.882871956957E-02));
#1272 = CARTESIAN_POINT('',(0.14784453569,4.471106127369E-02));
#1273 = CARTESIAN_POINT('',(0.141311763191,4.227400944885E-02));
#1274 = CARTESIAN_POINT('',(0.13394439605,3.992163392298E-02));
#1275 = CARTESIAN_POINT('',(0.125586993747,3.767556341688E-02));
#1276 = CARTESIAN_POINT('',(0.116054040644,3.556291425746E-02));
#1277 = CARTESIAN_POINT('',(0.105130595685,3.362136858314E-02));
#1278 = CARTESIAN_POINT('',(9.263917210545E-02,3.190078430033E-02));
#1279 = CARTESIAN_POINT('',(7.540448059607E-02,3.011846175107E-02));
#1280 = CARTESIAN_POINT('',(7.209509390722E-02,2.979899779727E-02));
#1281 = CARTESIAN_POINT('',(6.870582419367E-02,2.949464204864E-02));
#1282 = CARTESIAN_POINT('',(6.523792984772E-02,2.920602303823E-02));
#1283 = CARTESIAN_POINT('',(6.169342400822E-02,2.893375213425E-02));
#1284 = CARTESIAN_POINT('',(5.807507456064E-02,2.867842354008E-02));
#1285 = CARTESIAN_POINT('',(5.438640413705E-02,2.844061429428E-02));
#1286 = CARTESIAN_POINT('',(4.47160647093E-02,2.787469531895E-02));
#1287 = CARTESIAN_POINT('',(3.863679158943E-02,2.757334906832E-02));
#1288 = CARTESIAN_POINT('',(3.241035168196E-02,2.731897669508E-02));
#1289 = CARTESIAN_POINT('',(2.605932300542E-02,2.711342971361E-02));
#1290 = CARTESIAN_POINT('',(1.96110542565E-02,2.695820350518E-02));
#1291 = CARTESIAN_POINT('',(1.309633839504E-02,2.685436084679E-02));
#1292 = CARTESIAN_POINT('',(6.548086229101E-03,2.680245544005E-02));
#1293 = CARTESIAN_POINT('',(0.,2.680245544005E-02));
#1294 = ( GEOMETRIC_REPRESENTATION_CONTEXT(2) 
PARAMETRIC_REPRESENTATION_CONTEXT() REPRESENTATION_CONTEXT('2D SPACE',''
  ) );
#1295 = PCURVE('',#1296,#1301);
#1296 = PLANE('',#1297);
#1297 = AXIS2_PLACEMENT_3D('',#1298,#1299,#1300);
#1298 = CARTESIAN_POINT('',(1.725,-40.,-8.));
#1299 = DIRECTION('',(1.,0.,-0.));
#1300 = DIRECTION('',(0.,0.,1.));
#1301 = DEFINITIONAL_REPRESENTATION('',(#1302),#1522);
#1302 = B_SPLINE_CURVE_WITH_KNOTS('',8,(#1303,#1304,#1305,#1306,#1307,
    #1308,#1309,#1310,#1311,#1312,#1313,#1314,#1315,#1316,#1317,#1318,
    #1319,#1320,#1321,#1322,#1323,#1324,#1325,#1326,#1327,#1328,#1329,
    #1330,#1331,#1332,#1333,#1334,#1335,#1336,#1337,#1338,#1339,#1340,
    #1341,#1342,#1343,#1344,#1345,#1346,#1347,#1348,#1349,#1350,#1351,
    #1352,#1353,#1354,#1355,#1356,#1357,#1358,#1359,#1360,#1361,#1362,
    #1363,#1364,#1365,#1366,#1367,#1368,#1369,#1370,#1371,#1372,#1373,
    #1374,#1375,#1376,#1377,#1378,#1379,#1380,#1381,#1382,#1383,#1384,
    #1385,#1386,#1387,#1388,#1389,#1390,#1391,#1392,#1393,#1394,#1395,
    #1396,#1397,#1398,#1399,#1400,#1401,#1402,#1403,#1404,#1405,#1406,
    #1407,#1408,#1409,#1410,#1411,#1412,#1413,#1414,#1415,#1416,#1417,
    #1418,#1419,#1420,#1421,#1422,#1423,#1424,#1425,#1426,#1427,#1428,
    #1429,#1430,#1431,#1432,#1433,#1434,#1435,#1436,#1437,#1438,#1439,
    #1440,#1441,#1442,#1443,#1444,#1445,#1446,#1447,#1448,#1449,#1450,
    #1451,#1452,#1453,#1454,#1455,#1456,#1457,#1458,#1459,#1460,#1461,
    #1462,#1463,#1464,#1465,#1466,#1467,#1468,#1469,#1470,#1471,#1472,
    #1473,#1474,#1475,#1476,#1477,#1478,#1479,#1480,#1481,#1482,#1483,
    #1484,#1485,#1486,#1487,#1488,#1489,#1490,#1491,#1492,#1493,#1494,
    #1495,#1496,#1497,#1498,#1499,#1500,#1501,#1502,#1503,#1504,#1505,
    #1506,#1507,#1508,#1509,#1510,#1511,#1512,#1513,#1514,#1515,#1516,
    #1517,#1518,#1519,#1520,#1521),.UNSPECIFIED.,.F.,.F.,(9,7,7,7,7,7,7,
    7,7,7,7,7,7,7,7,7,7,7,7,7,7,7,7,7,7,7,7,7,7,7,7,9),(0.,
    2.3053251231E-02,4.60496596931E-02,7.788393753159E-02,0.143918456187
    ,0.161121492694,0.214230222128,0.27120541775,0.285755767606,
    0.330286025347,0.419343331635,0.45336102954,0.50401417157,
    0.528407710491,0.553881558101,0.575399434862,0.585459868521,
    0.6592374497,0.670741923515,0.678795055192,0.691450268124,
    0.705255928568,0.76831997728,0.799393070416,0.811134322,
    0.832480160059,0.899422454213,0.915012388653,0.939446901117,
    0.977440196599,0.9861995179,1.),.UNSPECIFIED.);
#1303 = CARTESIAN_POINT('',(0.,-43.08202894614));
#1304 = CARTESIAN_POINT('',(4.596447026719E-02,-43.14134228512));
#1305 = CARTESIAN_POINT('',(9.190537860176E-02,-43.20067441056));
#1306 = CARTESIAN_POINT('',(0.137824027866,-43.2600242661));
#1307 = CARTESIAN_POINT('',(0.18372287011,-43.31938991514));
#1308 = CARTESIAN_POINT('',(0.229605506571,-43.37876854088));
#1309 = CARTESIAN_POINT('',(0.275476687673,-43.43815644632));
#1310 = CARTESIAN_POINT('',(0.32134231303,-43.49754905424));
#1311 = CARTESIAN_POINT('',(0.412963454567,-43.61618631674));
#1312 = CARTESIAN_POINT('',(0.458718889691,-43.67543100311));
#1313 = CARTESIAN_POINT('',(0.504482692763,-43.73466961366));
#1314 = CARTESIAN_POINT('',(0.550262830243,-43.79389598585));
#1315 = CARTESIAN_POINT('',(0.596068279095,-43.85310314726));
#1316 = CARTESIAN_POINT('',(0.64190902679,-43.91228331562));
#1317 = CARTESIAN_POINT('',(0.687796071306,-43.97142789876));
#1318 = CARTESIAN_POINT('',(0.797344267371,-44.11233996377));
#1319 = CARTESIAN_POINT('',(0.861058597504,-44.19406591731));
#1320 = CARTESIAN_POINT('',(0.924916379591,-44.27568078525));
#1321 = CARTESIAN_POINT('',(0.988952951008,-44.35715658192));
#1322 = CARTESIAN_POINT('',(1.053206886699,-44.43846201072));
#1323 = CARTESIAN_POINT('',(1.117719867433,-44.51956256864));
#1324 = CARTESIAN_POINT('',(1.182536548059,-44.60042065086));
#1325 = CARTESIAN_POINT('',(1.382883538597,-44.84813409867));
#1326 = CARTESIAN_POINT('',(1.519562290236,-45.01404010238));
#1327 = CARTESIAN_POINT('',(1.658178080544,-45.17837140748));
#1328 = CARTESIAN_POINT('',(1.79919483586,-45.34069752259));
#1329 = CARTESIAN_POINT('',(1.943089730529,-45.50051228997));
#1330 = CARTESIAN_POINT('',(2.090327820766,-45.65725684657));
#1331 = CARTESIAN_POINT('',(2.241324590862,-45.81035298036));
#1332 = CARTESIAN_POINT('',(2.436795073661,-45.99803609808));
#1333 = CARTESIAN_POINT('',(2.477470193602,-46.03653764572));
#1334 = CARTESIAN_POINT('',(2.518417990487,-46.07475059991));
#1335 = CARTESIAN_POINT('',(2.559671638965,-46.11263370442));
#1336 = CARTESIAN_POINT('',(2.601191188722,-46.15022652991));
#1337 = CARTESIAN_POINT('',(2.642997348022,-46.18749927185));
#1338 = CARTESIAN_POINT('',(2.685078242247,-46.22446040346));
#1339 = CARTESIAN_POINT('',(2.858190253521,-46.37422994998));
#1340 = CARTESIAN_POINT('',(2.991560584771,-46.48433762875));
#1341 = CARTESIAN_POINT('',(3.127467798769,-46.59134978575));
#1342 = CARTESIAN_POINT('',(3.265832331094,-46.69519245898));
#1343 = CARTESIAN_POINT('',(3.406571316879,-46.79579541069));
#1344 = CARTESIAN_POINT('',(3.549598454475,-46.89309234977));
#1345 = CARTESIAN_POINT('',(3.694823869115,-46.98702115421));
#1346 = CARTESIAN_POINT('',(4.000210133913,-47.17461590353));
#1347 = CARTESIAN_POINT('',(4.160690400319,-47.26776603227));
#1348 = CARTESIAN_POINT('',(4.323478293753,-47.35690281188));
#1349 = CARTESIAN_POINT('',(4.488454659437,-47.44196226781));
#1350 = CARTESIAN_POINT('',(4.655497445476,-47.52288858505));
#1351 = CARTESIAN_POINT('',(4.824481478458,-47.59963457438));
#1352 = CARTESIAN_POINT('',(4.995278239054,-47.67216213866));
#1353 = CARTESIAN_POINT('',(5.211802989528,-47.75788026811));
#1354 = CARTESIAN_POINT('',(5.256038723434,-47.77507219245));
#1355 = CARTESIAN_POINT('',(5.300463152068,-47.79201628298));
#1356 = CARTESIAN_POINT('',(5.345076197384,-47.80871170927));
#1357 = CARTESIAN_POINT('',(5.389877940428,-47.82515710036));
#1358 = CARTESIAN_POINT('',(5.434868733529,-47.84135011306));
#1359 = CARTESIAN_POINT('',(5.480048874809,-47.85728850791));
#1360 = CARTESIAN_POINT('',(5.664266185863,-47.92097312979));
#1361 = CARTESIAN_POINT('',(5.804033383753,-47.96630777452));
#1362 = CARTESIAN_POINT('',(5.944611525326,-48.00910953068));
#1363 = CARTESIAN_POINT('',(6.085904315923,-48.04950328453));
#1364 = CARTESIAN_POINT('',(6.227826938578,-48.08760643199));
#1365 = CARTESIAN_POINT('',(6.37030591302,-48.12352936591));
#1366 = CARTESIAN_POINT('',(6.513278954673,-48.15737596323));
#1367 = CARTESIAN_POINT('',(6.943516255959,-48.25297799362));
#1368 = CARTESIAN_POINT('',(7.232068441482,-48.30878971214));
#1369 = CARTESIAN_POINT('',(7.52196002237,-48.35746814778));
#1370 = CARTESIAN_POINT('',(7.812869899641,-48.39967953648));
#1371 = CARTESIAN_POINT('',(8.104542452217,-48.4359986501));
#1372 = CARTESIAN_POINT('',(8.396784181202,-48.46693116651));
#1373 = CARTESIAN_POINT('',(8.689461789402,-48.49292718981));
#1374 = CARTESIAN_POINT('',(9.094435724129,-48.52258262745));
#1375 = CARTESIAN_POINT('',(9.206417806079,-48.53012191794));
#1376 = CARTESIAN_POINT('',(9.318445798872,-48.53697186161));
#1377 = CARTESIAN_POINT('',(9.430518592402,-48.54307860345));
#1378 = CARTESIAN_POINT('',(9.542630908093,-48.54841601091));
#1379 = CARTESIAN_POINT('',(9.654779302215,-48.55293003658));
#1380 = CARTESIAN_POINT('',(9.766956979125,-48.55658352055));
#1381 = CARTESIAN_POINT('',(10.046225742749,-48.56342025137));
#1382 = CARTESIAN_POINT('',(10.213341205442,-48.56550028929));
#1383 = CARTESIAN_POINT('',(10.380482137206,-48.56542450448));
#1384 = CARTESIAN_POINT('',(10.547617008881,-48.56304113341));
#1385 = CARTESIAN_POINT('',(10.7147041562,-48.55819284679));
#1386 = CARTESIAN_POINT('',(10.881691799816,-48.55071706511));
#1387 = CARTESIAN_POINT('',(11.048518065332,-48.54044627398));
#1388 = CARTESIAN_POINT('',(11.295338826399,-48.52083321562));
#1389 = CARTESIAN_POINT('',(11.375511886496,-48.51377007832));
#1390 = CARTESIAN_POINT('',(11.455621818737,-48.50599966471));
#1391 = CARTESIAN_POINT('',(11.535659444647,-48.49750262887));
#1392 = CARTESIAN_POINT('',(11.615614772151,-48.488259542));
#1393 = CARTESIAN_POINT('',(11.695476995574,-48.47825089247));
#1394 = CARTESIAN_POINT('',(11.775234495644,-48.46745708577));
#1395 = CARTESIAN_POINT('',(11.938042189223,-48.44374613811));
#1396 = CARTESIAN_POINT('',(12.021081556531,-48.43075604196));
#1397 = CARTESIAN_POINT('',(12.103979135693,-48.41686684449));
#1398 = CARTESIAN_POINT('',(12.186718908224,-48.40205437867));
#1399 = CARTESIAN_POINT('',(12.269284851501,-48.38629834645));
#1400 = CARTESIAN_POINT('',(12.351659612062,-48.36957788823));
#1401 = CARTESIAN_POINT('',(12.433823518796,-48.35186854871));
#1402 = CARTESIAN_POINT('',(12.584968086639,-48.3173442409));
#1403 = CARTESIAN_POINT('',(12.654014820259,-48.30081969641));
#1404 = CARTESIAN_POINT('',(12.722890444231,-48.2835857919));
#1405 = CARTESIAN_POINT('',(12.791587391693,-48.26564828555));
#1406 = CARTESIAN_POINT('',(12.860098096823,-48.24701245876));
#1407 = CARTESIAN_POINT('',(12.928414994834,-48.22768311617));
#1408 = CARTESIAN_POINT('',(12.996530521975,-48.20766458568));
#1409 = CARTESIAN_POINT('',(13.09618605559,-48.17728086544));
#1410 = CARTESIAN_POINT('',(13.127889319581,-48.16745120009));
#1411 = CARTESIAN_POINT('',(13.159546126577,-48.15747211523));
#1412 = CARTESIAN_POINT('',(13.191155688867,-48.14734398031));
#1413 = CARTESIAN_POINT('',(13.222717211954,-48.13706714138));
#1414 = CARTESIAN_POINT('',(13.254229894559,-48.12664192104));
#1415 = CARTESIAN_POINT('',(13.285692928617,-48.1160686185));
#1416 = CARTESIAN_POINT('',(13.547467684526,-48.02672490598));
#1417 = CARTESIAN_POINT('',(13.775063588095,-47.94017136242));
#1418 = CARTESIAN_POINT('',(13.999641300246,-47.84577777573));
#1419 = CARTESIAN_POINT('',(14.220869430895,-47.74357291328));
#1420 = CARTESIAN_POINT('',(14.438334808344,-47.63352246668));
#1421 = CARTESIAN_POINT('',(14.651541588176,-47.5155281884));
#1422 = CARTESIAN_POINT('',(14.859896721537,-47.38940025747));
#1423 = CARTESIAN_POINT('',(15.094285582153,-47.23378345098));
#1424 = CARTESIAN_POINT('',(15.125672814842,-47.2126478957));
#1425 = CARTESIAN_POINT('',(15.156825381149,-47.19137130004));
#1426 = CARTESIAN_POINT('',(15.187740232075,-47.16995560717));
#1427 = CARTESIAN_POINT('',(15.218414318627,-47.14840275807));
#1428 = CARTESIAN_POINT('',(15.248844591825,-47.12671469155));
#1429 = CARTESIAN_POINT('',(15.279028002698,-47.10489334425));
#1430 = CARTESIAN_POINT('',(15.329914952014,-47.06757376508));
#1431 = CARTESIAN_POINT('',(15.350745945232,-47.05214251977));
#1432 = CARTESIAN_POINT('',(15.371453436151,-47.03664757819));
#1433 = CARTESIAN_POINT('',(15.392036378987,-47.02108960322));
#1434 = CARTESIAN_POINT('',(15.412493727962,-47.00546925717));
#1435 = CARTESIAN_POINT('',(15.432824437301,-46.98978720172));
#1436 = CARTESIAN_POINT('',(15.453027461233,-46.97404409796));
#1437 = CARTESIAN_POINT('',(15.504647798381,-46.93340597573));
#1438 = CARTESIAN_POINT('',(15.535873011555,-46.90842402547));
#1439 = CARTESIAN_POINT('',(15.566778235813,-46.88329413787));
#1440 = CARTESIAN_POINT('',(15.59736650664,-46.85801856164));
#1441 = CARTESIAN_POINT('',(15.627641089518,-46.83259966385));
#1442 = CARTESIAN_POINT('',(15.657604635649,-46.80703876688));
#1443 = CARTESIAN_POINT('',(15.687259456628,-46.78133657043));
#1444 = CARTESIAN_POINT('',(15.748626451075,-46.72730458143));
#1445 = CARTESIAN_POINT('',(15.780280297559,-46.69894824765));
#1446 = CARTESIAN_POINT('',(15.811574066007,-46.67042813487));
#1447 = CARTESIAN_POINT('',(15.842511364901,-46.6417462161));
#1448 = CARTESIAN_POINT('',(15.873095802681,-46.61290445973));
#1449 = CARTESIAN_POINT('',(15.903330987738,-46.58390482957));
#1450 = CARTESIAN_POINT('',(15.933220528422,-46.5547492848));
#1451 = CARTESIAN_POINT('',(16.097740588516,-46.39155440418));
#1452 = CARTESIAN_POINT('',(16.227585187859,-46.2524635117));
#1453 = CARTESIAN_POINT('',(16.352033719868,-46.10842409754));
#1454 = CARTESIAN_POINT('',(16.470927533332,-45.95974023026));
#1455 = CARTESIAN_POINT('',(16.584210222589,-45.80675776373));
#1456 = CARTESIAN_POINT('',(16.691918126754,-45.64985722537));
#1457 = CARTESIAN_POINT('',(16.794168542617,-45.48944488095));
#1458 = CARTESIAN_POINT('',(16.938928481358,-45.24538037069));
#1459 = CARTESIAN_POINT('',(16.985434914287,-45.16406197652));
#1460 = CARTESIAN_POINT('',(17.030689016638,-45.08203305874));
#1461 = CARTESIAN_POINT('',(17.074719393342,-44.99933891773));
#1462 = CARTESIAN_POINT('',(17.117558644833,-44.91602360219));
#1463 = CARTESIAN_POINT('',(17.159242824258,-44.83212962242));
#1464 = CARTESIAN_POINT('',(17.19981089469,-44.74769766355));
#1465 = CARTESIAN_POINT('',(17.2542270867,-44.63067420826));
#1466 = CARTESIAN_POINT('',(17.268992891112,-44.59851864981));
#1467 = CARTESIAN_POINT('',(17.283604374513,-44.56630088202));
#1468 = CARTESIAN_POINT('',(17.298064311498,-44.53402215176));
#1469 = CARTESIAN_POINT('',(17.312375476306,-44.50168369433));
#1470 = CARTESIAN_POINT('',(17.326540642823,-44.4692867334));
#1471 = CARTESIAN_POINT('',(17.340562584581,-44.43683248103));
#1472 = CARTESIAN_POINT('',(17.379680910812,-44.34521766156));
#1473 = CARTESIAN_POINT('',(17.404457634239,-44.28591703534));
#1474 = CARTESIAN_POINT('',(17.428789794189,-44.22643080918));
#1475 = CARTESIAN_POINT('',(17.452701682792,-44.16677533466));
#1476 = CARTESIAN_POINT('',(17.476168500863,-44.10694259689));
#1477 = CARTESIAN_POINT('',(17.499226078926,-44.04695291836));
#1478 = CARTESIAN_POINT('',(17.521866910073,-43.98680550637));
#1479 = CARTESIAN_POINT('',(17.613839684058,-43.73741498374));
#1480 = CARTESIAN_POINT('',(17.679590115587,-43.54686325243));
#1481 = CARTESIAN_POINT('',(17.741602209365,-43.35504458956));
#1482 = CARTESIAN_POINT('',(17.800130704437,-43.16213362809));
#1483 = CARTESIAN_POINT('',(17.855436202693,-42.96828816717));
#1484 = CARTESIAN_POINT('',(17.907774413789,-42.77364614463));
#1485 = CARTESIAN_POINT('',(17.957376207755,-42.578320449));
#1486 = CARTESIAN_POINT('',(18.015373968773,-42.33676244529));
#1487 = CARTESIAN_POINT('',(18.026190502332,-42.29110088234));
#1488 = CARTESIAN_POINT('',(18.036870337968,-42.24540801585));
#1489 = CARTESIAN_POINT('',(18.047415467159,-42.19968491909));
#1490 = CARTESIAN_POINT('',(18.05782761087,-42.15393260492));
#1491 = CARTESIAN_POINT('',(18.068108219549,-42.10815202587));
#1492 = CARTESIAN_POINT('',(18.078258473132,-42.06234407408));
#1493 = CARTESIAN_POINT('',(18.103985155665,-41.94467198066));
#1494 = CARTESIAN_POINT('',(18.119372305673,-41.87276917891));
#1495 = CARTESIAN_POINT('',(18.134456182698,-41.80080689068));
#1496 = CARTESIAN_POINT('',(18.149171477494,-41.72877339498));
#1497 = CARTESIAN_POINT('',(18.163543985315,-41.65667851193));
#1498 = CARTESIAN_POINT('',(18.177518381843,-41.58451435685));
#1499 = CARTESIAN_POINT('',(18.191085600247,-41.512284993));
#1500 = CARTESIAN_POINT('',(18.224625196574,-41.32757767025));
#1501 = CARTESIAN_POINT('',(18.243974872887,-41.21501085397));
#1502 = CARTESIAN_POINT('',(18.262159304905,-41.10228578385));
#1503 = CARTESIAN_POINT('',(18.279052370771,-40.98941312921));
#1504 = CARTESIAN_POINT('',(18.294507063634,-40.87641863161));
#1505 = CARTESIAN_POINT('',(18.308338919201,-40.76333971906));
#1506 = CARTESIAN_POINT('',(18.320323431756,-40.65021821045));
#1507 = CARTESIAN_POINT('',(18.33252673606,-40.51100773594));
#1508 = CARTESIAN_POINT('',(18.334703185037,-40.48492610427));
#1509 = CARTESIAN_POINT('',(18.336766968176,-40.45884514078));
#1510 = CARTESIAN_POINT('',(18.33871541144,-40.43276533589));
#1511 = CARTESIAN_POINT('',(18.340545935473,-40.40668710373));
#1512 = CARTESIAN_POINT('',(18.342256055595,-40.38061078214));
#1513 = CARTESIAN_POINT('',(18.343843381801,-40.35453663265));
#1514 = CARTESIAN_POINT('',(18.347609401709,-40.2873882219));
#1515 = CARTESIAN_POINT('',(18.349602812604,-40.24631728954));
#1516 = CARTESIAN_POINT('',(18.351277093154,-40.20525288978));
#1517 = CARTESIAN_POINT('',(18.352624724992,-40.16419485428));
#1518 = CARTESIAN_POINT('',(18.353639696763,-40.12314222373));
#1519 = CARTESIAN_POINT('',(18.354317771223,-40.08209347146));
#1520 = CARTESIAN_POINT('',(18.354656752328,-40.04104672705));
#1521 = CARTESIAN_POINT('',(18.354656752328,-40.));
#1522 = ( GEOMETRIC_REPRESENTATION_CONTEXT(2) 
PARAMETRIC_REPRESENTATION_CONTEXT() REPRESENTATION_CONTEXT('2D SPACE',''
  ) );
#1523 = ORIENTED_EDGE('',*,*,#1524,.T.);
#1524 = EDGE_CURVE('',#849,#1525,#1527,.T.);
#1525 = VERTEX_POINT('',#1526);
#1526 = CARTESIAN_POINT('',(3.2,6.718825806121E-16,-8.));
#1527 = SURFACE_CURVE('',#1528,(#1543,#1561),.PCURVE_S1.);
#1528 = B_SPLINE_CURVE_WITH_KNOTS('',7,(#1529,#1530,#1531,#1532,#1533,
    #1534,#1535,#1536,#1537,#1538,#1539,#1540,#1541,#1542),
  .UNSPECIFIED.,.F.,.F.,(8,6,8),(0.,0.366187290315,1.),.UNSPECIFIED.);
#1529 = CARTESIAN_POINT('',(1.725,3.082028946146,-8.));
#1530 = CARTESIAN_POINT('',(1.865914606242,2.96291784355,-8.));
#1531 = CARTESIAN_POINT('',(2.001094042594,2.837017468899,-8.));
#1532 = CARTESIAN_POINT('',(2.130052723651,2.704555609682,-8.));
#1533 = CARTESIAN_POINT('',(2.252302361318,2.565800745144,-8.));
#1534 = CARTESIAN_POINT('',(2.367360256503,2.421068910614,-8.));
#1535 = CARTESIAN_POINT('',(2.474757590815,2.270730561827,-8.));
#1536 = CARTESIAN_POINT('',(2.745903340759,1.846048638991,-8.));
#1537 = CARTESIAN_POINT('',(2.893583456144,1.561202789499,-8.));
#1538 = CARTESIAN_POINT('',(3.014562721855,1.263136608422,-8.));
#1539 = CARTESIAN_POINT('',(3.10684924205,0.954660551175,-8.));
#1540 = CARTESIAN_POINT('',(3.168965106102,0.638915870445,-8.));
#1541 = CARTESIAN_POINT('',(3.2,0.319389266312,-8.));
#1542 = CARTESIAN_POINT('',(3.2,0.,-8.));
#1543 = PCURVE('',#94,#1544);
#1544 = DEFINITIONAL_REPRESENTATION('',(#1545),#1560);
#1545 = B_SPLINE_CURVE_WITH_KNOTS('',7,(#1546,#1547,#1548,#1549,#1550,
    #1551,#1552,#1553,#1554,#1555,#1556,#1557,#1558,#1559),
  .UNSPECIFIED.,.F.,.F.,(8,6,8),(0.,0.366187290315,1.),.UNSPECIFIED.);
#1546 = CARTESIAN_POINT('',(0.131131386499,0.55516558517));
#1547 = CARTESIAN_POINT('',(0.12448736714,0.55516558517));
#1548 = CARTESIAN_POINT('',(0.117814169988,0.55516558517));
#1549 = CARTESIAN_POINT('',(0.111111119435,0.55516558517));
#1550 = CARTESIAN_POINT('',(0.104377817217,0.55516558517));
#1551 = CARTESIAN_POINT('',(9.761430536513E-02,0.55516558517));
#1552 = CARTESIAN_POINT('',(9.082122914353E-02,0.55516558517));
#1553 = CARTESIAN_POINT('',(7.219352325654E-02,0.55516558517));
#1554 = CARTESIAN_POINT('',(6.029506527371E-02,0.55516558517));
#1555 = CARTESIAN_POINT('',(4.832298417965E-02,0.55516558517));
#1556 = CARTESIAN_POINT('',(3.629027642522E-02,0.55516558517));
#1557 = CARTESIAN_POINT('',(2.421109465597E-02,0.55516558517));
#1558 = CARTESIAN_POINT('',(1.210294773905E-02,0.55516558517));
#1559 = CARTESIAN_POINT('',(0.,0.55516558517));
#1560 = ( GEOMETRIC_REPRESENTATION_CONTEXT(2) 
PARAMETRIC_REPRESENTATION_CONTEXT() REPRESENTATION_CONTEXT('2D SPACE',''
  ) );
#1561 = PCURVE('',#1562,#1567);
#1562 = PLANE('',#1563);
#1563 = AXIS2_PLACEMENT_3D('',#1564,#1565,#1566);
#1564 = CARTESIAN_POINT('',(1.725,-40.,-8.));
#1565 = DIRECTION('',(0.,0.,1.));
#1566 = DIRECTION('',(1.,0.,-0.));
#1567 = DEFINITIONAL_REPRESENTATION('',(#1568),#1583);
#1568 = B_SPLINE_CURVE_WITH_KNOTS('',7,(#1569,#1570,#1571,#1572,#1573,
    #1574,#1575,#1576,#1577,#1578,#1579,#1580,#1581,#1582),
  .UNSPECIFIED.,.F.,.F.,(8,6,8),(0.,0.366187290315,1.),.UNSPECIFIED.);
#1569 = CARTESIAN_POINT('',(0.,43.082028946146));
#1570 = CARTESIAN_POINT('',(0.140914606242,42.96291784355));
#1571 = CARTESIAN_POINT('',(0.276094042594,42.837017468899));
#1572 = CARTESIAN_POINT('',(0.405052723651,42.704555609682));
#1573 = CARTESIAN_POINT('',(0.527302361318,42.565800745144));
#1574 = CARTESIAN_POINT('',(0.642360256503,42.421068910614));
#1575 = CARTESIAN_POINT('',(0.749757590815,42.270730561827));
#1576 = CARTESIAN_POINT('',(1.020903340759,41.846048638991));
#1577 = CARTESIAN_POINT('',(1.168583456144,41.561202789499));
#1578 = CARTESIAN_POINT('',(1.289562721855,41.263136608422));
#1579 = CARTESIAN_POINT('',(1.38184924205,40.954660551175));
#1580 = CARTESIAN_POINT('',(1.443965106102,40.638915870445));
#1581 = CARTESIAN_POINT('',(1.475,40.319389266312));
#1582 = CARTESIAN_POINT('',(1.475,40.));
#1583 = ( GEOMETRIC_REPRESENTATION_CONTEXT(2) 
PARAMETRIC_REPRESENTATION_CONTEXT() REPRESENTATION_CONTEXT('2D SPACE',''
  ) );
#1584 = ORIENTED_EDGE('',*,*,#1585,.F.);
#1585 = EDGE_CURVE('',#1586,#1525,#1588,.T.);
#1586 = VERTEX_POINT('',#1587);
#1587 = CARTESIAN_POINT('',(10.587015457634,-1.220490836836E-15,
    1.690192558615));
#1588 = SURFACE_CURVE('',#1589,(#1609,#1616),.PCURVE_S1.);
#1589 = ( BOUNDED_CURVE() B_SPLINE_CURVE(3,(#1590,#1591,#1592,#1593,
    #1594,#1595,#1596,#1597,#1598,#1599,#1600,#1601,#1602,#1603,#1604,
    #1605,#1606,#1607,#1608),.UNSPECIFIED.,.F.,.F.) 
B_SPLINE_CURVE_WITH_KNOTS((4,1,1,1,1,1,1,1,1,1,1,1,1,1,1,1,4),(0.,
    2.281225169726E-02,5.940820827125E-02,0.119802315352,0.199741895241,
    0.267561179539,0.334303600384,0.403212841167,0.478004556267,
    0.55516558517,0.603006084407,0.660967568876,0.793900099767,
    0.907849212515,0.937775870003,0.967288772236,1.),.UNSPECIFIED.) 
CURVE() GEOMETRIC_REPRESENTATION_ITEM() RATIONAL_B_SPLINE_CURVE((1.,1.,
    1.,1.,1.,1.,1.,1.,1.,1.,1.,1.,1.,1.,1.,1.,1.000000000001,
0.999999999997,1.)) REPRESENTATION_ITEM('') );
#1590 = CARTESIAN_POINT('',(0.55,0.,10.5));
#1591 = CARTESIAN_POINT('',(0.880755484267,2.533657007718E-16,
    10.465851618406));
#1592 = CARTESIAN_POINT('',(1.754392801628,-2.83018477292E-16,
    10.364460023639));
#1593 = CARTESIAN_POINT('',(3.492994576744,-3.198172879543E-15,
    10.050792984172));
#1594 = CARTESIAN_POINT('',(6.091013576255,-3.617810351262E-15,
    9.419682147982));
#1595 = CARTESIAN_POINT('',(9.115401853445,1.606800800231E-15,
    7.961221038362));
#1596 = CARTESIAN_POINT('',(10.786235093761,2.032677859105E-15,
    4.591935540492));
#1597 = CARTESIAN_POINT('',(10.617331179415,-1.676995753067E-15,
    0.94933027648));
#1598 = CARTESIAN_POINT('',(9.6791953469,-9.033786585335E-15,
    -2.741973863256));
#1599 = CARTESIAN_POINT('',(6.653245376012,3.04112374244E-15,
    -5.688365883761));
#1600 = CARTESIAN_POINT('',(3.450797359509,2.588670117671E-15,
    -7.502920897746));
#1601 = CARTESIAN_POINT('',(1.360046605447,-4.933636674856E-15,
    -10.0511452812));
#1602 = CARTESIAN_POINT('',(1.107383687774,1.377360515108E-15,
    -14.36734268558));
#1603 = CARTESIAN_POINT('',(1.014635513492,-4.273176485234E-15,
    -19.67254106564));
#1604 = CARTESIAN_POINT('',(1.282881253428,-3.759843060776E-16,
    -24.47859307312));
#1605 = CARTESIAN_POINT('',(0.750981997264,-4.610060488746E-16,
    -27.60926017245));
#1606 = CARTESIAN_POINT('',(-0.447329755607,-1.327333694398E-15,
    -28.55920357452));
#1607 = CARTESIAN_POINT('',(-1.675490796678,-1.292902760074E-15,
    -28.63950981624));
#1608 = CARTESIAN_POINT('',(-2.,0.,-28.7));
#1609 = PCURVE('',#94,#1610);
#1610 = DEFINITIONAL_REPRESENTATION('',(#1611),#1615);
#1611 = LINE('',#1612,#1613);
#1612 = CARTESIAN_POINT('',(0.,0.));
#1613 = VECTOR('',#1614,1.);
#1614 = DIRECTION('',(0.,1.));
#1615 = ( GEOMETRIC_REPRESENTATION_CONTEXT(2) 
PARAMETRIC_REPRESENTATION_CONTEXT() REPRESENTATION_CONTEXT('2D SPACE',''
  ) );
#1616 = PCURVE('',#555,#1617);
#1617 = DEFINITIONAL_REPRESENTATION('',(#1618),#1622);
#1618 = LINE('',#1619,#1620);
#1619 = CARTESIAN_POINT('',(1.,0.));
#1620 = VECTOR('',#1621,1.);
#1621 = DIRECTION('',(0.,1.));
#1622 = ( GEOMETRIC_REPRESENTATION_CONTEXT(2) 
PARAMETRIC_REPRESENTATION_CONTEXT() REPRESENTATION_CONTEXT('2D SPACE',''
  ) );
#1623 = ORIENTED_EDGE('',*,*,#1624,.T.);
#1624 = EDGE_CURVE('',#1586,#22,#1625,.T.);
#1625 = SURFACE_CURVE('',#1626,(#1692,#1761),.PCURVE_S1.);
#1626 = B_SPLINE_CURVE_WITH_KNOTS('',8,(#1627,#1628,#1629,#1630,#1631,
    #1632,#1633,#1634,#1635,#1636,#1637,#1638,#1639,#1640,#1641,#1642,
    #1643,#1644,#1645,#1646,#1647,#1648,#1649,#1650,#1651,#1652,#1653,
    #1654,#1655,#1656,#1657,#1658,#1659,#1660,#1661,#1662,#1663,#1664,
    #1665,#1666,#1667,#1668,#1669,#1670,#1671,#1672,#1673,#1674,#1675,
    #1676,#1677,#1678,#1679,#1680,#1681,#1682,#1683,#1684,#1685,#1686,
    #1687,#1688,#1689,#1690,#1691),.UNSPECIFIED.,.F.,.F.,(9,7,7,7,7,7,7,
    7,7,9),(0.,6.485733865153E-02,9.880529200715E-02,0.142851682502,
    0.389243118754,0.541746198101,0.616666848192,0.691603169786,
    0.910030173231,1.),.UNSPECIFIED.);
#1627 = CARTESIAN_POINT('',(10.587015457634,2.966638007597E-16,
    1.690192558615));
#1628 = CARTESIAN_POINT('',(10.579995930104,3.026832021605E-02,
    1.622030474554));
#1629 = CARTESIAN_POINT('',(10.57254242187,6.268661793125E-02,
    1.554751242957));
#1630 = CARTESIAN_POINT('',(10.564657094076,9.723761185554E-02,
    1.488454035571));
#1631 = CARTESIAN_POINT('',(10.55633984496,0.133895090174,1.423235847711
    ));
#1632 = CARTESIAN_POINT('',(10.547588629092,0.172623600761,
    1.359191187965));
#1633 = CARTESIAN_POINT('',(10.538399776601,0.213378141399,
    1.296411767906));
#1634 = CARTESIAN_POINT('',(10.528768312414,0.256103849986,
    1.234986191803));
#1635 = CARTESIAN_POINT('',(10.513412132012,0.324097118712,
    1.143601187949));
#1636 = CARTESIAN_POINT('',(10.508012593846,0.347981023671,
    1.112596203259));
#1637 = CARTESIAN_POINT('',(10.502489406564,0.372378637198,
    1.081996903821));
#1638 = CARTESIAN_POINT('',(10.496841856664,0.397280490007,
    1.051814848995));
#1639 = CARTESIAN_POINT('',(10.491068771555,0.422676415967,
    1.022060945926));
#1640 = CARTESIAN_POINT('',(10.48516851956,0.448555552103,0.992745449549
    ));
#1641 = CARTESIAN_POINT('',(10.479139009913,0.474906338591,
    0.963877962585));
#1642 = CARTESIAN_POINT('',(10.464983579588,0.536501875417,
    0.898605679697));
#1643 = CARTESIAN_POINT('',(10.456767019832,0.572060410004,
    0.862513049852));
#1644 = CARTESIAN_POINT('',(10.448322148133,0.608365199648,
    0.827208697477));
#1645 = CARTESIAN_POINT('',(10.439643639789,0.645389164175,
    0.792710487521));
#1646 = CARTESIAN_POINT('',(10.430726710757,0.683105066108,
    0.759034998424));
#1647 = CARTESIAN_POINT('',(10.421567117654,0.721485510671,
    0.726197522109));
#1648 = CARTESIAN_POINT('',(10.412161157755,0.760502945786,
    0.694212063988));
#1649 = CARTESIAN_POINT('',(10.348493757547,1.021797849427,
    0.489004906685));
#1650 = CARTESIAN_POINT('',(10.286708736334,1.262393373914,
    0.342092029805));
#1651 = CARTESIAN_POINT('',(10.216580926487,1.517224322621,
    0.224419551308));
#1652 = CARTESIAN_POINT('',(10.138083311749,1.781685286532,
    0.137128985973));
#1653 = CARTESIAN_POINT('',(10.051795392798,2.051473751862,
    8.089928347671E-02));
#1654 = CARTESIAN_POINT('',(9.958667491272,2.322515493312,
    5.587239323669E-02));
#1655 = CARTESIAN_POINT('',(9.85997741526,2.591007650491,
    6.177601109502E-02));
#1656 = CARTESIAN_POINT('',(9.693803683315,3.015834553189,0.120232105839
    ));
#1657 = CARTESIAN_POINT('',(9.628749017378,3.175946046472,0.15415502115)
  );
#1658 = CARTESIAN_POINT('',(9.562555686762,3.332902817708,0.19948496894)
  );
#1659 = CARTESIAN_POINT('',(9.495652397824,3.485906537023,0.255985769403
    ));
#1660 = CARTESIAN_POINT('',(9.428514628138,3.634209284567,0.323357235326
    ));
#1661 = CARTESIAN_POINT('',(9.361664067965,3.777115457215,0.401233662074
    ));
#1662 = CARTESIAN_POINT('',(9.295664031837,3.913985655532,0.489175916774
    ));
#1663 = CARTESIAN_POINT('',(9.19939759817,4.108234250878,0.634547016209)
  );
#1664 = CARTESIAN_POINT('',(9.169559263874,4.167551331843,0.682434786375
    ));
#1665 = CARTESIAN_POINT('',(9.141349734603,4.222913618067,0.730261225021
    ));
#1666 = CARTESIAN_POINT('',(9.11456851111,4.274878216598,0.778034806985)
  );
#1667 = CARTESIAN_POINT('',(9.089058052743,4.323872750501,0.825788983432
    ));
#1668 = CARTESIAN_POINT('',(9.064700563402,4.370221304945,0.873549401216
    ));
#1669 = CARTESIAN_POINT('',(9.041414208417,4.414163086212,0.921311052278
    ));
#1670 = CARTESIAN_POINT('',(8.996878658892,4.497573223776,1.016749634542
    ));
#1671 = CARTESIAN_POINT('',(8.975611105209,4.537077149949,1.064467787768
    ));
#1672 = CARTESIAN_POINT('',(8.955278729453,4.574572050904,1.112172016323
    ));
#1673 = CARTESIAN_POINT('',(8.935812267712,4.610218491509,1.159862514981
    ));
#1674 = CARTESIAN_POINT('',(8.917158731061,4.644151954228,1.207543383526
    ));
#1675 = CARTESIAN_POINT('',(8.899275247738,4.67648601268,1.255218001473)
  );
#1676 = CARTESIAN_POINT('',(8.882120172393,4.707313866925,1.302885221891
    ));
#1677 = CARTESIAN_POINT('',(8.81769327288,4.822411551759,1.489436971007)
  );
#1678 = CARTESIAN_POINT('',(8.773486116242,4.899847648883,1.634479749647
    ));
#1679 = CARTESIAN_POINT('',(8.733362801252,4.968731869231,1.784950127221
    ));
#1680 = CARTESIAN_POINT('',(8.697557504938,5.028831545718,1.94011756017)
  );
#1681 = CARTESIAN_POINT('',(8.666220552204,5.079952307428,2.099246987272
    ));
#1682 = CARTESIAN_POINT('',(8.639426747965,5.121923501801,2.261606051886
    ));
#1683 = CARTESIAN_POINT('',(8.617188853782,5.154588758094,2.426469471653
    ));
#1684 = CARTESIAN_POINT('',(8.592180391359,5.187363072398,2.661763941894
    ));
#1685 = CARTESIAN_POINT('',(8.585652219471,5.195320874661,2.73071154174)
  );
#1686 = CARTESIAN_POINT('',(8.579889518566,5.201664845297,2.799913747876
    ));
#1687 = CARTESIAN_POINT('',(8.574888911124,5.206384832196,2.869320705331
    ));
#1688 = CARTESIAN_POINT('',(8.570645979033,5.20947083834,2.938882282482)
  );
#1689 = CARTESIAN_POINT('',(8.567155425762,5.210913075438,3.008548042051
    ));
#1690 = CARTESIAN_POINT('',(8.56441123853,5.210702017552,3.078267212095)
  );
#1691 = CARTESIAN_POINT('',(8.562406850472,5.208828454728,3.147988656999
    ));
#1692 = PCURVE('',#94,#1693);
#1693 = DEFINITIONAL_REPRESENTATION('',(#1694),#1760);
#1694 = B_SPLINE_CURVE_WITH_KNOTS('',8,(#1695,#1696,#1697,#1698,#1699,
    #1700,#1701,#1702,#1703,#1704,#1705,#1706,#1707,#1708,#1709,#1710,
    #1711,#1712,#1713,#1714,#1715,#1716,#1717,#1718,#1719,#1720,#1721,
    #1722,#1723,#1724,#1725,#1726,#1727,#1728,#1729,#1730,#1731,#1732,
    #1733,#1734,#1735,#1736,#1737,#1738,#1739,#1740,#1741,#1742,#1743,
    #1744,#1745,#1746,#1747,#1748,#1749,#1750,#1751,#1752,#1753,#1754,
    #1755,#1756,#1757,#1758,#1759),.UNSPECIFIED.,.F.,.F.,(9,7,7,7,7,7,7,
    7,7,9),(0.,6.485733865153E-02,9.880529200715E-02,0.142851682502,
    0.389243118754,0.541746198101,0.616666848192,0.691603169786,
    0.910030173231,1.),.UNSPECIFIED.);
#1695 = CARTESIAN_POINT('',(0.,0.321337124994));
#1696 = CARTESIAN_POINT('',(5.580544155965E-04,0.322617473775));
#1697 = CARTESIAN_POINT('',(1.156034630337E-03,0.32388102357));
#1698 = CARTESIAN_POINT('',(1.793741401787E-03,0.325126024458));
#1699 = CARTESIAN_POINT('',(2.47082067795E-03,0.326350756648));
#1700 = CARTESIAN_POINT('',(3.18675506455E-03,0.327553534919));
#1701 = CARTESIAN_POINT('',(3.940855292331E-03,0.328732713053));
#1702 = CARTESIAN_POINT('',(4.732251684348E-03,0.32988668828));
#1703 = CARTESIAN_POINT('',(5.993089928852E-03,0.331603919507));
#1704 = CARTESIAN_POINT('',(6.436227236534E-03,0.332186617867));
#1705 = CARTESIAN_POINT('',(6.889155680537E-03,0.332761776827));
#1706 = CARTESIAN_POINT('',(7.351720575402E-03,0.333329184217));
#1707 = CARTESIAN_POINT('',(7.823754415972E-03,0.333888639655));
#1708 = CARTESIAN_POINT('',(8.305076877389E-03,0.334439954551));
#1709 = CARTESIAN_POINT('',(8.795494815101E-03,0.334982952105));
#1710 = CARTESIAN_POINT('',(9.942637811191E-03,0.336210983791));
#1711 = CARTESIAN_POINT('',(1.0605435082E-02,0.336890224744));
#1712 = CARTESIAN_POINT('',(1.128274265324E-02,0.337554837374));
#1713 = CARTESIAN_POINT('',(1.19741051E-02,0.338204489665));
#1714 = CARTESIAN_POINT('',(1.267906299655E-02,0.33883887037));
#1715 = CARTESIAN_POINT('',(1.339715291627E-02,0.339457689012));
#1716 = CARTESIAN_POINT('',(1.412790743173E-02,0.340060675884));
#1717 = CARTESIAN_POINT('',(1.902683576575E-02,0.343930680891));
#1718 = CARTESIAN_POINT('',(2.356176193679E-02,0.346708439204));
#1719 = CARTESIAN_POINT('',(2.839590514051E-02,0.348940388013));
#1720 = CARTESIAN_POINT('',(3.344956135581E-02,0.350600820707));
#1721 = CARTESIAN_POINT('',(3.864548425433E-02,0.351672054426));
#1722 = CARTESIAN_POINT('',(4.390702271514E-02,0.352148674887));
#1723 = CARTESIAN_POINT('',(4.916031691495E-02,0.352035794601));
#1724 = CARTESIAN_POINT('',(5.753724720073E-02,0.350923708907));
#1725 = CARTESIAN_POINT('',(6.071008962218E-02,0.350278568964));
#1726 = CARTESIAN_POINT('',(6.383616954356E-02,0.349417019636));
#1727 = CARTESIAN_POINT('',(6.689918044119E-02,0.34834420888));
#1728 = CARTESIAN_POINT('',(6.988353677836E-02,0.347066656854));
#1729 = CARTESIAN_POINT('',(7.277443314559E-02,0.345592143818));
#1730 = CARTESIAN_POINT('',(7.55579196749E-02,0.34392969743));
#1731 = CARTESIAN_POINT('',(7.952929019108E-02,0.34118572819));
#1732 = CARTESIAN_POINT('',(8.074558545815E-02,0.340282416606));
#1733 = CARTESIAN_POINT('',(8.188385610038E-02,0.339380810834));
#1734 = CARTESIAN_POINT('',(8.295498590269E-02,0.338480698167));
#1735 = CARTESIAN_POINT('',(8.396735661494E-02,0.337581396899));
#1736 = CARTESIAN_POINT('',(8.492731381396E-02,0.336682375525));
#1737 = CARTESIAN_POINT('',(8.583950787642E-02,0.33578368126));
#1738 = CARTESIAN_POINT('',(8.757489372935E-02,0.333988486733));
#1739 = CARTESIAN_POINT('',(8.839882202264E-02,0.333091210414));
#1740 = CARTESIAN_POINT('',(8.918271296807E-02,0.332194447993));
#1741 = CARTESIAN_POINT('',(8.992977995329E-02,0.331298170016));
#1742 = CARTESIAN_POINT('',(9.064270388829E-02,0.330402261848));
#1743 = CARTESIAN_POINT('',(9.132372558443E-02,0.329506619656));
#1744 = CARTESIAN_POINT('',(9.197472675554E-02,0.328611235626));
#1745 = CARTESIAN_POINT('',(9.441187310345E-02,0.325107354435));
#1746 = CARTESIAN_POINT('',(9.60665742485E-02,0.322383804572));
#1747 = CARTESIAN_POINT('',(9.755521641624E-02,0.319558249187));
#1748 = CARTESIAN_POINT('',(9.887328175434E-02,0.316643313025));
#1749 = CARTESIAN_POINT('',(0.100017476761,0.313651402884));
#1750 = CARTESIAN_POINT('',(0.100985331696,0.310594638073));
#1751 = CARTESIAN_POINT('',(0.101774812256,0.307484864341));
#1752 = CARTESIAN_POINT('',(0.102634843978,0.303035811457));
#1753 = CARTESIAN_POINT('',(0.102855149486,0.301730840549));
#1754 = CARTESIAN_POINT('',(0.103044722388,0.30041964488));
#1755 = CARTESIAN_POINT('',(0.103203423301,0.299103034705));
#1756 = CARTESIAN_POINT('',(0.103331108842,0.297781826339));
#1757 = CARTESIAN_POINT('',(0.103427629352,0.296456844317));
#1758 = CARTESIAN_POINT('',(0.103492826618,0.295128923544));
#1759 = CARTESIAN_POINT('',(0.103526531592,0.293798911462));
#1760 = ( GEOMETRIC_REPRESENTATION_CONTEXT(2) 
PARAMETRIC_REPRESENTATION_CONTEXT() REPRESENTATION_CONTEXT('2D SPACE',''
  ) );
#1761 = PCURVE('',#449,#1762);
#1762 = DEFINITIONAL_REPRESENTATION('',(#1763),#1829);
#1763 = B_SPLINE_CURVE_WITH_KNOTS('',8,(#1764,#1765,#1766,#1767,#1768,
    #1769,#1770,#1771,#1772,#1773,#1774,#1775,#1776,#1777,#1778,#1779,
    #1780,#1781,#1782,#1783,#1784,#1785,#1786,#1787,#1788,#1789,#1790,
    #1791,#1792,#1793,#1794,#1795,#1796,#1797,#1798,#1799,#1800,#1801,
    #1802,#1803,#1804,#1805,#1806,#1807,#1808,#1809,#1810,#1811,#1812,
    #1813,#1814,#1815,#1816,#1817,#1818,#1819,#1820,#1821,#1822,#1823,
    #1824,#1825,#1826,#1827,#1828),.UNSPECIFIED.,.F.,.F.,(9,7,7,7,7,7,7,
    7,7,9),(0.,6.485733865153E-02,9.880529200715E-02,0.142851682502,
    0.389243118754,0.541746198101,0.616666848192,0.691603169786,
    0.910030173231,1.),.UNSPECIFIED.);
#1764 = CARTESIAN_POINT('',(-3.56330248227,-6.984920966395));
#1765 = CARTESIAN_POINT('',(-3.588668594143,-6.973838198062));
#1766 = CARTESIAN_POINT('',(-3.614111852778,-6.963628998248));
#1767 = CARTESIAN_POINT('',(-3.639625701936,-6.954315048759));
#1768 = CARTESIAN_POINT('',(-3.665203511845,-6.945911398515));
#1769 = CARTESIAN_POINT('',(-3.690838369029,-6.938426502402));
#1770 = CARTESIAN_POINT('',(-3.716522866143,-6.931862260133));
#1771 = CARTESIAN_POINT('',(-3.742248891802,-6.926214055107));
#1772 = CARTESIAN_POINT('',(-3.781490078602,-6.918988051371));
#1773 = CARTESIAN_POINT('',(-3.794981904729,-6.916752716721));
#1774 = CARTESIAN_POINT('',(-3.808481723818,-6.914763957691));
#1775 = CARTESIAN_POINT('',(-3.821988399155,-6.913020051894));
#1776 = CARTESIAN_POINT('',(-3.835500832286,-6.911518386178));
#1777 = CARTESIAN_POINT('',(-3.849017963023,-6.910255456631));
#1778 = CARTESIAN_POINT('',(-3.862538769437,-6.909226868574));
#1779 = CARTESIAN_POINT('',(-3.893608577251,-6.907389969199));
#1780 = CARTESIAN_POINT('',(-3.911159394283,-6.906737611788));
#1781 = CARTESIAN_POINT('',(-3.928712646887,-6.906458288945));
#1782 = CARTESIAN_POINT('',(-3.946266463143,-6.906540046896));
#1783 = CARTESIAN_POINT('',(-3.963819171284,-6.906970953491));
#1784 = CARTESIAN_POINT('',(-3.981369299694,-6.907739098196));
#1785 = CARTESIAN_POINT('',(-3.998915576913,-6.908832592099));
#1786 = CARTESIAN_POINT('',(-4.114581648207,-6.918110060486));
#1787 = CARTESIAN_POINT('',(-4.212488938389,-6.935787912554));
#1788 = CARTESIAN_POINT('',(-4.310058702097,-6.961210486029));
#1789 = CARTESIAN_POINT('',(-4.407300243835,-6.992552202544));
#1790 = CARTESIAN_POINT('',(-4.504234775459,-7.028507917756));
#1791 = CARTESIAN_POINT('',(-4.600907859804,-7.06803921701));
#1792 = CARTESIAN_POINT('',(-4.697367204647,-7.110392237829));
#1793 = CARTESIAN_POINT('',(-4.853233664444,-7.182753755604));
#1794 = CARTESIAN_POINT('',(-4.912762451204,-7.211320455438));
#1795 = CARTESIAN_POINT('',(-4.972233699195,-7.240675209525));
#1796 = CARTESIAN_POINT('',(-5.031651891623,-7.270744607435));
#1797 = CARTESIAN_POINT('',(-5.091020248394,-7.301499891445));
#1798 = CARTESIAN_POINT('',(-5.150338193931,-7.332956941611));
#1799 = CARTESIAN_POINT('',(-5.209598387648,-7.365171985033));
#1800 = CARTESIAN_POINT('',(-5.29785927679,-7.414475028727));
#1801 = CARTESIAN_POINT('',(-5.325518266093,-7.430139761212));
#1802 = CARTESIAN_POINT('',(-5.351997365194,-7.4453352781));
#1803 = CARTESIAN_POINT('',(-5.377485785587,-7.460152001367));
#1804 = CARTESIAN_POINT('',(-5.402132382569,-7.474663832564));
#1805 = CARTESIAN_POINT('',(-5.426050443083,-7.488928209767));
#1806 = CARTESIAN_POINT('',(-5.449319748905,-7.502985112538));
#1807 = CARTESIAN_POINT('',(-5.494656822638,-7.530727818489));
#1808 = CARTESIAN_POINT('',(-5.516744018626,-7.544426131851));
#1809 = CARTESIAN_POINT('',(-5.538311656487,-7.557981629622));
#1810 = CARTESIAN_POINT('',(-5.559415618728,-7.57141007922));
#1811 = CARTESIAN_POINT('',(-5.580102760553,-7.584730481668));
#1812 = CARTESIAN_POINT('',(-5.600412294888,-7.597960052733));
#1813 = CARTESIAN_POINT('',(-5.620377144711,-7.611106377912));
#1814 = CARTESIAN_POINT('',(-5.697287770497,-7.662279912988));
#1815 = CARTESIAN_POINT('',(-5.754427589586,-7.701464785865));
#1816 = CARTESIAN_POINT('',(-5.811446234917,-7.741668193358));
#1817 = CARTESIAN_POINT('',(-5.868359601929,-7.782775011562));
#1818 = CARTESIAN_POINT('',(-5.925192852981,-7.824615912701));
#1819 = CARTESIAN_POINT('',(-5.981978643827,-7.866969685667));
#1820 = CARTESIAN_POINT('',(-6.038756515879,-7.909571457204));
#1821 = CARTESIAN_POINT('',(-6.118976284654,-7.969655315227));
#1822 = CARTESIAN_POINT('',(-6.142386052308,-7.987176156183));
#1823 = CARTESIAN_POINT('',(-6.165806194524,-8.004668858003));
#1824 = CARTESIAN_POINT('',(-6.189240185111,-8.022111906825));
#1825 = CARTESIAN_POINT('',(-6.212691533006,-8.039482906628));
#1826 = CARTESIAN_POINT('',(-6.236163780866,-8.056758732341));
#1827 = CARTESIAN_POINT('',(-6.259660503643,-8.073915682953));
#1828 = CARTESIAN_POINT('',(-6.28318530718,-8.090929634617));
#1829 = ( GEOMETRIC_REPRESENTATION_CONTEXT(2) 
PARAMETRIC_REPRESENTATION_CONTEXT() REPRESENTATION_CONTEXT('2D SPACE',''
  ) );
#1830 = ADVANCED_FACE('',(#1831),#555,.F.);
#1831 = FACE_BOUND('',#1832,.F.);
#1832 = EDGE_LOOP('',(#1833,#2504,#2505,#2559,#2560));
#1833 = ORIENTED_EDGE('',*,*,#1834,.F.);
#1834 = EDGE_CURVE('',#524,#1835,#1837,.T.);
#1835 = VERTEX_POINT('',#1836);
#1836 = CARTESIAN_POINT('',(1.725,-3.082028946146,-8.));
#1837 = SURFACE_CURVE('',#1838,(#2058,#2281),.PCURVE_S1.);
#1838 = B_SPLINE_CURVE_WITH_KNOTS('',8,(#1839,#1840,#1841,#1842,#1843,
    #1844,#1845,#1846,#1847,#1848,#1849,#1850,#1851,#1852,#1853,#1854,
    #1855,#1856,#1857,#1858,#1859,#1860,#1861,#1862,#1863,#1864,#1865,
    #1866,#1867,#1868,#1869,#1870,#1871,#1872,#1873,#1874,#1875,#1876,
    #1877,#1878,#1879,#1880,#1881,#1882,#1883,#1884,#1885,#1886,#1887,
    #1888,#1889,#1890,#1891,#1892,#1893,#1894,#1895,#1896,#1897,#1898,
    #1899,#1900,#1901,#1902,#1903,#1904,#1905,#1906,#1907,#1908,#1909,
    #1910,#1911,#1912,#1913,#1914,#1915,#1916,#1917,#1918,#1919,#1920,
    #1921,#1922,#1923,#1924,#1925,#1926,#1927,#1928,#1929,#1930,#1931,
    #1932,#1933,#1934,#1935,#1936,#1937,#1938,#1939,#1940,#1941,#1942,
    #1943,#1944,#1945,#1946,#1947,#1948,#1949,#1950,#1951,#1952,#1953,
    #1954,#1955,#1956,#1957,#1958,#1959,#1960,#1961,#1962,#1963,#1964,
    #1965,#1966,#1967,#1968,#1969,#1970,#1971,#1972,#1973,#1974,#1975,
    #1976,#1977,#1978,#1979,#1980,#1981,#1982,#1983,#1984,#1985,#1986,
    #1987,#1988,#1989,#1990,#1991,#1992,#1993,#1994,#1995,#1996,#1997,
    #1998,#1999,#2000,#2001,#2002,#2003,#2004,#2005,#2006,#2007,#2008,
    #2009,#2010,#2011,#2012,#2013,#2014,#2015,#2016,#2017,#2018,#2019,
    #2020,#2021,#2022,#2023,#2024,#2025,#2026,#2027,#2028,#2029,#2030,
    #2031,#2032,#2033,#2034,#2035,#2036,#2037,#2038,#2039,#2040,#2041,
    #2042,#2043,#2044,#2045,#2046,#2047,#2048,#2049,#2050,#2051,#2052,
    #2053,#2054,#2055,#2056,#2057),.UNSPECIFIED.,.F.,.F.,(9,7,7,7,7,7,7,
    7,7,7,7,7,7,7,7,7,7,7,7,7,7,7,7,7,7,7,7,7,7,7,7,9),(0.,
    1.344399322165E-02,3.48879336404E-02,7.936505296975E-02,
    0.102409666923,0.142681746864,0.171896498496,0.182305399013,
    0.263466289668,0.286600115311,0.300052211975,0.312383305934,
    0.407912356702,0.439286367581,0.469021316356,0.500352967493,
    0.537281509688,0.575765166871,0.666109823752,0.696419549746,
    0.707640469391,0.726183742736,0.783785684687,0.824690124418,
    0.84555606253,0.8559779357,0.866399652368,0.883875125516,
    0.919909370484,0.953039393483,0.977435199987,1.),.UNSPECIFIED.);
#1839 = CARTESIAN_POINT('',(1.725,0.,10.354656752329));
#1840 = CARTESIAN_POINT('',(1.725,-4.10478647849E-02,10.354656752329));
#1841 = CARTESIAN_POINT('',(1.725,-8.209574676203E-02,10.354317752434));
#1842 = CARTESIAN_POINT('',(1.725,-0.123145636801,10.353639640382));
#1843 = CARTESIAN_POINT('',(1.725,-0.164199405509,10.352624612464));
#1844 = CARTESIAN_POINT('',(1.725,-0.205258579633,10.351276906393));
#1845 = CARTESIAN_POINT('',(1.725,-0.246324118455,10.349602534172));
#1846 = CARTESIAN_POINT('',(1.725,-0.287396190202,10.347609014961));
#1847 = CARTESIAN_POINT('',(1.725,-0.393995329293,10.341630244074));
#1848 = CARTESIAN_POINT('',(1.725,-0.459532161371,10.337165572347));
#1849 = CARTESIAN_POINT('',(1.725,-0.525080284557,10.331946273626));
#1850 = CARTESIAN_POINT('',(1.725,-0.590633386205,10.326014753067));
#1851 = CARTESIAN_POINT('',(1.725,-0.656183302018,10.319415655898));
#1852 = CARTESIAN_POINT('',(1.725,-0.721720639563,10.312192492865));
#1853 = CARTESIAN_POINT('',(1.725,-0.787235724409,10.304385875359));
#1854 = CARTESIAN_POINT('',(1.725,-0.988541273533,10.278709314087));
#1855 = CARTESIAN_POINT('',(1.725,-1.124221227557,10.259037669477));
#1856 = CARTESIAN_POINT('',(1.725,-1.259722764066,10.237349787537));
#1857 = CARTESIAN_POINT('',(1.725,-1.395009115081,10.213909679517));
#1858 = CARTESIAN_POINT('',(1.725,-1.530057135198,10.188920227668));
#1859 = CARTESIAN_POINT('',(1.725,-1.664860411175,10.162544223353));
#1860 = CARTESIAN_POINT('',(1.725,-1.799428658046,10.13492257936));
#1861 = CARTESIAN_POINT('',(1.725,-2.003405691395,10.091275777988));
#1862 = CARTESIAN_POINT('',(1.725,-2.072961856132,10.076078880681));
#1863 = CARTESIAN_POINT('',(1.725,-2.142458540016,10.060593244099));
#1864 = CARTESIAN_POINT('',(1.725,-2.211888615806,10.044794402108));
#1865 = CARTESIAN_POINT('',(1.725,-2.281253166337,10.028700096623));
#1866 = CARTESIAN_POINT('',(1.725,-2.350545224454,10.01228620977));
#1867 = CARTESIAN_POINT('',(1.725,-2.419762438608,9.99555397502));
#1868 = CARTESIAN_POINT('',(1.725,-2.609723482351,9.948675382993));
#1869 = CARTESIAN_POINT('',(1.725,-2.730303371336,9.917853672239));
#1870 = CARTESIAN_POINT('',(1.725,-2.850617905664,9.88598094432));
#1871 = CARTESIAN_POINT('',(1.725,-2.970641086233,9.853005077157));
#1872 = CARTESIAN_POINT('',(1.725,-3.090343357539,9.818869538242));
#1873 = CARTESIAN_POINT('',(1.725,-3.209692018898,9.783515033991));
#1874 = CARTESIAN_POINT('',(1.725,-3.328651635658,9.746881159086));
#1875 = CARTESIAN_POINT('',(1.725,-3.533172230254,9.681361043678));
#1876 = CARTESIAN_POINT('',(1.725,-3.61893488519,9.653109346329));
#1877 = CARTESIAN_POINT('',(1.725,-3.704457656812,9.624130031559));
#1878 = CARTESIAN_POINT('',(1.725,-3.789724765964,9.594400267568));
#1879 = CARTESIAN_POINT('',(1.725,-3.874719477467,9.563897499362));
#1880 = CARTESIAN_POINT('',(1.725,-3.959424164835,9.532599635145));
#1881 = CARTESIAN_POINT('',(1.725,-4.043820374989,9.500485232708));
#1882 = CARTESIAN_POINT('',(1.725,-4.157841598086,9.455793405514));
#1883 = CARTESIAN_POINT('',(1.725,-4.187749681871,9.443948176652));
#1884 = CARTESIAN_POINT('',(1.725,-4.217613022567,9.431996406636));
#1885 = CARTESIAN_POINT('',(1.725,-4.247431635911,9.419937059422));
#1886 = CARTESIAN_POINT('',(1.725,-4.277205510289,9.407769259826));
#1887 = CARTESIAN_POINT('',(1.725,-4.306934441881,9.395491897833));
#1888 = CARTESIAN_POINT('',(1.725,-4.336617869798,9.383103232902));
#1889 = CARTESIAN_POINT('',(1.725,-4.597340832453,9.273113441191));
#1890 = CARTESIAN_POINT('',(1.725,-4.825570324492,9.168713001412));
#1891 = CARTESIAN_POINT('',(1.725,-5.050249302721,9.056533932134));
#1892 = CARTESIAN_POINT('',(1.725,-5.270576871499,8.935794649117));
#1893 = CARTESIAN_POINT('',(1.725,-5.485678377625,8.805852159302));
#1894 = CARTESIAN_POINT('',(1.725,-5.694644432086,8.666268250995));
#1895 = CARTESIAN_POINT('',(1.725,-5.8965757001,8.516886945619));
#1896 = CARTESIAN_POINT('',(1.725,-6.145947026518,8.312612726022));
#1897 = CARTESIAN_POINT('',(1.725,-6.200622420004,8.266522450352));
#1898 = CARTESIAN_POINT('',(1.725,-6.254641058491,8.219656443863));
#1899 = CARTESIAN_POINT('',(1.725,-6.307985546868,8.172020462578));
#1900 = CARTESIAN_POINT('',(1.725,-6.360639676322,8.123621958705));
#1901 = CARTESIAN_POINT('',(1.725,-6.41258842433,8.074470080637));
#1902 = CARTESIAN_POINT('',(1.725,-6.463817954669,8.024575672951));
#1903 = CARTESIAN_POINT('',(1.725,-6.543679521628,7.9445136777));
#1904 = CARTESIAN_POINT('',(1.725,-6.572889863708,7.914735112543));
#1905 = CARTESIAN_POINT('',(1.725,-6.60194469689,7.884611971181));
#1906 = CARTESIAN_POINT('',(1.725,-6.630842069458,7.854140643893));
#1907 = CARTESIAN_POINT('',(1.725,-6.659580024738,7.823317520994));
#1908 = CARTESIAN_POINT('',(1.725,-6.688156601092,7.792138992836));
#1909 = CARTESIAN_POINT('',(1.725,-6.716569831927,7.760601449802));
#1910 = CARTESIAN_POINT('',(1.725,-6.770711677874,7.699459449423));
#1911 = CARTESIAN_POINT('',(1.725,-6.796466609843,7.669912892865));
#1912 = CARTESIAN_POINT('',(1.725,-6.822081212112,7.64005891704));
#1913 = CARTESIAN_POINT('',(1.725,-6.847553934223,7.609894701877));
#1914 = CARTESIAN_POINT('',(1.725,-6.872883130352,7.579417385919));
#1915 = CARTESIAN_POINT('',(1.725,-6.898067184925,7.548624149404));
#1916 = CARTESIAN_POINT('',(1.725,-6.923104638238,7.517512297348));
#1917 = CARTESIAN_POINT('',(1.725,-7.140814748179,7.242568074528));
#1918 = CARTESIAN_POINT('',(1.725,-7.318714802308,6.987499270537));
#1919 = CARTESIAN_POINT('',(1.725,-7.4829092487,6.723037314028));
#1920 = CARTESIAN_POINT('',(1.725,-7.633908490593,6.450729270245));
#1921 = CARTESIAN_POINT('',(1.725,-7.772047498663,6.171820809005));
#1922 = CARTESIAN_POINT('',(1.725,-7.897461416035,5.887241289183));
#1923 = CARTESIAN_POINT('',(1.725,-8.010166934757,5.597662100159));
#1924 = CARTESIAN_POINT('',(1.725,-8.142776200501,5.206835653961));
#1925 = CARTESIAN_POINT('',(1.725,-8.174163318124,5.109738384697));
#1926 = CARTESIAN_POINT('',(1.725,-8.204144592706,5.012190134168));
#1927 = CARTESIAN_POINT('',(1.725,-8.232709749116,4.914213718249));
#1928 = CARTESIAN_POINT('',(1.725,-8.259846452523,4.815831785254));
#1929 = CARTESIAN_POINT('',(1.725,-8.285540308389,4.71706681593));
#1930 = CARTESIAN_POINT('',(1.725,-8.309774862474,4.61794112346));
#1931 = CARTESIAN_POINT('',(1.725,-8.354099466422,4.424208862516));
#1932 = CARTESIAN_POINT('',(1.725,-8.374335663716,4.329636584242));
#1933 = CARTESIAN_POINT('',(1.725,-8.393262474131,4.234787466943));
#1934 = CARTESIAN_POINT('',(1.725,-8.41092750475,4.139694130155));
#1935 = CARTESIAN_POINT('',(1.725,-8.427346675413,4.04437785514));
#1936 = CARTESIAN_POINT('',(1.725,-8.44256700018,3.948867243733));
#1937 = CARTESIAN_POINT('',(1.725,-8.456615561322,3.853182339125));
#1938 = CARTESIAN_POINT('',(1.725,-8.483134673413,3.65636023098));
#1939 = CARTESIAN_POINT('',(1.725,-8.495479602501,3.555206298202));
#1940 = CARTESIAN_POINT('',(1.725,-8.506603003682,3.453906338121));
#1941 = CARTESIAN_POINT('',(1.725,-8.516544595079,3.352482121941));
#1942 = CARTESIAN_POINT('',(1.725,-8.525343868085,3.25095346987));
#1943 = CARTESIAN_POINT('',(1.725,-8.533039937863,3.149338236195));
#1944 = CARTESIAN_POINT('',(1.725,-8.539671393855,3.047652294366));
#1945 = CARTESIAN_POINT('',(1.725,-8.551882105494,2.825992054475));
#1946 = CARTESIAN_POINT('',(1.725,-8.557061712141,2.705996424896));
#1947 = CARTESIAN_POINT('',(1.725,-8.560877234547,2.585945224709));
#1948 = CARTESIAN_POINT('',(1.725,-8.563389503384,2.465858453754));
#1949 = CARTESIAN_POINT('',(1.725,-8.564657915672,2.345753520333));
#1950 = CARTESIAN_POINT('',(1.725,-8.564740434776,2.225645241212));
#1951 = CARTESIAN_POINT('',(1.725,-8.563693590412,2.105545841618));
#1952 = CARTESIAN_POINT('',(1.725,-8.559362043747,1.860327286904));
#1953 = CARTESIAN_POINT('',(1.725,-8.55598513909,1.735210526165));
#1954 = CARTESIAN_POINT('',(1.725,-8.55150303738,1.610125897606));
#1955 = CARTESIAN_POINT('',(1.725,-8.545978569311,1.485082269329));
#1956 = CARTESIAN_POINT('',(1.725,-8.539468956313,1.360087166155));
#1957 = CARTESIAN_POINT('',(1.725,-8.53203092198,1.235146176973));
#1958 = CARTESIAN_POINT('',(1.725,-8.523724350148,1.110262483956));
#1959 = CARTESIAN_POINT('',(1.725,-8.493182111475,0.692399476519));
#1960 = CARTESIAN_POINT('',(1.725,-8.467229287997,0.399722102751));
#1961 = CARTESIAN_POINT('',(1.725,-8.436343406151,0.107479584168));
#1962 = CARTESIAN_POINT('',(1.725,-8.400074744498,-0.184195009347));
#1963 = CARTESIAN_POINT('',(1.725,-8.357918070322,-0.475108517327));
#1964 = CARTESIAN_POINT('',(1.725,-8.309299130094,-0.765005772312));
#1965 = CARTESIAN_POINT('',(1.725,-8.253552301262,-1.053566251843));
#1966 = CARTESIAN_POINT('',(1.725,-8.168531142524,-1.436628908465));
#1967 = CARTESIAN_POINT('',(1.725,-8.146282600806,-1.532660414295));
#1968 = CARTESIAN_POINT('',(1.725,-8.123114547077,-1.628477742185));
#1969 = CARTESIAN_POINT('',(1.725,-8.098996333347,-1.724062786322));
#1970 = CARTESIAN_POINT('',(1.725,-8.073895896799,-1.819395409255));
#1971 = CARTESIAN_POINT('',(1.725,-8.04777975978,-1.914453441889));
#1972 = CARTESIAN_POINT('',(1.725,-8.02061302981,-2.009212683485));
#1973 = CARTESIAN_POINT('',(1.725,-7.981899664158,-2.138607256441));
#1974 = CARTESIAN_POINT('',(1.725,-7.971305991277,-2.173472796283));
#1975 = CARTESIAN_POINT('',(1.725,-7.960577358073,-2.208242153565));
#1976 = CARTESIAN_POINT('',(1.725,-7.949712731291,-2.242913960529));
#1977 = CARTESIAN_POINT('',(1.725,-7.938711067282,-2.277486849283));
#1978 = CARTESIAN_POINT('',(1.725,-7.927571312,-2.311959451799));
#1979 = CARTESIAN_POINT('',(1.725,-7.916292401008,-2.346330399916));
#1980 = CARTESIAN_POINT('',(1.725,-7.886002412025,-2.437228220941));
#1981 = CARTESIAN_POINT('',(1.725,-7.866701927393,-2.493715108544));
#1982 = CARTESIAN_POINT('',(1.725,-7.846969683987,-2.550052942321));
#1983 = CARTESIAN_POINT('',(1.725,-7.826767010816,-2.606225681935));
#1984 = CARTESIAN_POINT('',(1.725,-7.806149323158,-2.662246277242));
#1985 = CARTESIAN_POINT('',(1.725,-7.785074024531,-2.718096708235));
#1986 = CARTESIAN_POINT('',(1.725,-7.763563734223,-2.773779028866));
#1987 = CARTESIAN_POINT('',(1.725,-7.673425947758,-3.00171384341));
#1988 = CARTESIAN_POINT('',(1.725,-7.600995382093,-3.172463310759));
#1989 = CARTESIAN_POINT('',(1.725,-7.524349612792,-3.341403352657));
#1990 = CARTESIAN_POINT('',(1.725,-7.443526579052,-3.508405592502));
#1991 = CARTESIAN_POINT('',(1.725,-7.358573303414,-3.673344987139));
#1992 = CARTESIAN_POINT('',(1.725,-7.269545427521,-3.836099603633));
#1993 = CARTESIAN_POINT('',(1.725,-7.176506747874,-3.996550396043));
#1994 = CARTESIAN_POINT('',(1.725,-7.010662486478,-4.266802070027));
#1995 = CARTESIAN_POINT('',(1.725,-6.939809187079,-4.37780343067));
#1996 = CARTESIAN_POINT('',(1.725,-6.866994335872,-4.487543926657));
#1997 = CARTESIAN_POINT('',(1.725,-6.79224481927,-4.595983542238));
#1998 = CARTESIAN_POINT('',(1.725,-6.715588927612,-4.703083383381));
#1999 = CARTESIAN_POINT('',(1.725,-6.637056355158,-4.808805677772));
#2000 = CARTESIAN_POINT('',(1.725,-6.556678200094,-4.913113774814));
#2001 = CARTESIAN_POINT('',(1.725,-6.432560043005,-5.06844166761));
#2002 = CARTESIAN_POINT('',(1.725,-6.390161278013,-5.12053398032));
#2003 = CARTESIAN_POINT('',(1.725,-6.347294951671,-5.172244377394));
#2004 = CARTESIAN_POINT('',(1.725,-6.303965421407,-5.223568240691));
#2005 = CARTESIAN_POINT('',(1.725,-6.260177119959,-5.274501040297));
#2006 = CARTESIAN_POINT('',(1.725,-6.215934555379,-5.325038334517));
#2007 = CARTESIAN_POINT('',(1.725,-6.17124231103,-5.375175769883));
#2008 = CARTESIAN_POINT('',(1.725,-6.103560415523,-5.449749290085));
#2009 = CARTESIAN_POINT('',(1.725,-6.080906779691,-5.474487337606));
#2010 = CARTESIAN_POINT('',(1.725,-6.05814329621,-5.499121832844));
#2011 = CARTESIAN_POINT('',(1.725,-6.035270053133,-5.523653362418));
#2012 = CARTESIAN_POINT('',(1.725,-6.012287592585,-5.548084029247));
#2013 = CARTESIAN_POINT('',(1.725,-5.989196434893,-5.572416991368));
#2014 = CARTESIAN_POINT('',(1.725,-5.965996602729,-5.596656000753));
#2015 = CARTESIAN_POINT('',(1.725,-5.919378037778,-5.64495352086));
#2016 = CARTESIAN_POINT('',(1.725,-5.895960115918,-5.66901119957));
#2017 = CARTESIAN_POINT('',(1.725,-5.872433517252,-5.692981033409));
#2018 = CARTESIAN_POINT('',(1.725,-5.848798364721,-5.716866077168));
#2019 = CARTESIAN_POINT('',(1.725,-5.825054766613,-5.740669385279));
#2020 = CARTESIAN_POINT('',(1.725,-5.801202816566,-5.764394011809));
#2021 = CARTESIAN_POINT('',(1.725,-5.777242593563,-5.788043010465));
#2022 = CARTESIAN_POINT('',(1.725,-5.712815433715,-5.851153148652));
#2023 = CARTESIAN_POINT('',(1.725,-5.672205757161,-5.890430483341));
#2024 = CARTESIAN_POINT('',(1.725,-5.63135560454,-5.929458388629));
#2025 = CARTESIAN_POINT('',(1.725,-5.590275295279,-5.968244082305));
#2026 = CARTESIAN_POINT('',(1.725,-5.548974995971,-6.006795049981));
#2027 = CARTESIAN_POINT('',(1.725,-5.507464720371,-6.045119045087));
#2028 = CARTESIAN_POINT('',(1.725,-5.4657543294,-6.083224088878));
#2029 = CARTESIAN_POINT('',(1.725,-5.337454518306,-6.199256293417));
#2030 = CARTESIAN_POINT('',(1.725,-5.250246680109,-6.276497227764));
#2031 = CARTESIAN_POINT('',(1.725,-5.162313418896,-6.352914411696));
#2032 = CARTESIAN_POINT('',(1.725,-5.073734912617,-6.428582193244));
#2033 = CARTESIAN_POINT('',(1.725,-4.984587190667,-6.503575053983));
#2034 = CARTESIAN_POINT('',(1.725,-4.894941209735,-6.577966532785));
#2035 = CARTESIAN_POINT('',(1.725,-4.80486192965,-6.651828149568));
#2036 = CARTESIAN_POINT('',(1.725,-4.631243137902,-6.792712735511));
#2037 = CARTESIAN_POINT('',(1.725,-4.547762798516,-6.859806249544));
#2038 = CARTESIAN_POINT('',(1.725,-4.464012109616,-6.926562012067));
#2039 = CARTESIAN_POINT('',(1.725,-4.380033402282,-6.993030001254));
#2040 = CARTESIAN_POINT('',(1.725,-4.295865468178,-7.059256866707));
#2041 = CARTESIAN_POINT('',(1.725,-4.211543427604,-7.125285763639));
#2042 = CARTESIAN_POINT('',(1.725,-4.127098597553,-7.191156187057));
#2043 = CARTESIAN_POINT('',(1.725,-3.980305843876,-7.30531808529));
#2044 = CARTESIAN_POINT('',(1.725,-3.918001796567,-7.353665611835));
#2045 = CARTESIAN_POINT('',(1.725,-3.855657331752,-7.401960575683));
#2046 = CARTESIAN_POINT('',(1.725,-3.793282565582,-7.450215922049));
#2047 = CARTESIAN_POINT('',(1.725,-3.730886616446,-7.498443351256));
#2048 = CARTESIAN_POINT('',(1.725,-3.668477604964,-7.546653318733));
#2049 = CARTESIAN_POINT('',(1.725,-3.606062653993,-7.594855035018));
#2050 = CARTESIAN_POINT('',(1.725,-3.485917610344,-7.687640179137));
#2051 = CARTESIAN_POINT('',(1.725,-3.428187466741,-7.732223576764));
#2052 = CARTESIAN_POINT('',(1.725,-3.370462362132,-7.776812991598));
#2053 = CARTESIAN_POINT('',(1.725,-3.312746413277,-7.821413728352));
#2054 = CARTESIAN_POINT('',(1.725,-3.25504294938,-7.866030063486));
#2055 = CARTESIAN_POINT('',(1.725,-3.19735451209,-7.910665245209));
#2056 = CARTESIAN_POINT('',(1.725,-3.139682855499,-7.955321493478));
#2057 = CARTESIAN_POINT('',(1.725,-3.082028946146,-8.));
#2058 = PCURVE('',#555,#2059);
#2059 = DEFINITIONAL_REPRESENTATION('',(#2060),#2280);
#2060 = B_SPLINE_CURVE_WITH_KNOTS('',8,(#2061,#2062,#2063,#2064,#2065,
    #2066,#2067,#2068,#2069,#2070,#2071,#2072,#2073,#2074,#2075,#2076,
    #2077,#2078,#2079,#2080,#2081,#2082,#2083,#2084,#2085,#2086,#2087,
    #2088,#2089,#2090,#2091,#2092,#2093,#2094,#2095,#2096,#2097,#2098,
    #2099,#2100,#2101,#2102,#2103,#2104,#2105,#2106,#2107,#2108,#2109,
    #2110,#2111,#2112,#2113,#2114,#2115,#2116,#2117,#2118,#2119,#2120,
    #2121,#2122,#2123,#2124,#2125,#2126,#2127,#2128,#2129,#2130,#2131,
    #2132,#2133,#2134,#2135,#2136,#2137,#2138,#2139,#2140,#2141,#2142,
    #2143,#2144,#2145,#2146,#2147,#2148,#2149,#2150,#2151,#2152,#2153,
    #2154,#2155,#2156,#2157,#2158,#2159,#2160,#2161,#2162,#2163,#2164,
    #2165,#2166,#2167,#2168,#2169,#2170,#2171,#2172,#2173,#2174,#2175,
    #2176,#2177,#2178,#2179,#2180,#2181,#2182,#2183,#2184,#2185,#2186,
    #2187,#2188,#2189,#2190,#2191,#2192,#2193,#2194,#2195,#2196,#2197,
    #2198,#2199,#2200,#2201,#2202,#2203,#2204,#2205,#2206,#2207,#2208,
    #2209,#2210,#2211,#2212,#2213,#2214,#2215,#2216,#2217,#2218,#2219,
    #2220,#2221,#2222,#2223,#2224,#2225,#2226,#2227,#2228,#2229,#2230,
    #2231,#2232,#2233,#2234,#2235,#2236,#2237,#2238,#2239,#2240,#2241,
    #2242,#2243,#2244,#2245,#2246,#2247,#2248,#2249,#2250,#2251,#2252,
    #2253,#2254,#2255,#2256,#2257,#2258,#2259,#2260,#2261,#2262,#2263,
    #2264,#2265,#2266,#2267,#2268,#2269,#2270,#2271,#2272,#2273,#2274,
    #2275,#2276,#2277,#2278,#2279),.UNSPECIFIED.,.F.,.F.,(9,7,7,7,7,7,7,
    7,7,7,7,7,7,7,7,7,7,7,7,7,7,7,7,7,7,7,7,7,7,7,7,9),(0.,
    1.344399322165E-02,3.48879336404E-02,7.936505296975E-02,
    0.102409666923,0.142681746864,0.171896498496,0.182305399013,
    0.263466289668,0.286600115311,0.300052211975,0.312383305934,
    0.407912356702,0.439286367581,0.469021316356,0.500352967493,
    0.537281509688,0.575765166871,0.666109823752,0.696419549746,
    0.707640469391,0.726183742736,0.783785684687,0.824690124418,
    0.84555606253,0.8559779357,0.866399652368,0.883875125516,
    0.919909370484,0.953039393483,0.977435199987,1.),.UNSPECIFIED.);
#2061 = CARTESIAN_POINT('',(1.,2.680245544002E-02));
#2062 = CARTESIAN_POINT('',(0.993451732271,2.680245544003E-02));
#2063 = CARTESIAN_POINT('',(0.986903298608,2.685436372348E-02));
#2064 = CARTESIAN_POINT('',(0.980388404061,2.695821213941E-02));
#2065 = CARTESIAN_POINT('',(0.973939962137,2.711344692355E-02));
#2066 = CARTESIAN_POINT('',(0.967588768214,2.731900518122E-02));
#2067 = CARTESIAN_POINT('',(0.961362172971,2.757339137016E-02));
#2068 = CARTESIAN_POINT('',(0.955282755797,2.787475378336E-02));
#2069 = CARTESIAN_POINT('',(0.939931025514,2.877318145402E-02));
#2070 = CARTESIAN_POINT('',(0.930911499433,2.943952294359E-02));
#2071 = CARTESIAN_POINT('',(0.922379268895,3.021143583472E-02));
#2072 = CARTESIAN_POINT('',(0.914368382773,3.107877323792E-02));
#2073 = CARTESIAN_POINT('',(0.906883692923,3.203110932702E-02));
#2074 = CARTESIAN_POINT('',(0.899909103566,3.305860357005E-02));
#2075 = CARTESIAN_POINT('',(0.893416467019,3.415241090423E-02));
#2076 = CARTESIAN_POINT('',(0.874844711583,3.769448480387E-02));
#2077 = CARTESIAN_POINT('',(0.864256171202,4.033556960684E-02));
#2078 = CARTESIAN_POINT('',(0.855318620246,4.3157900629E-02));
#2079 = CARTESIAN_POINT('',(0.847671059383,4.61117433822E-02));
#2080 = CARTESIAN_POINT('',(0.841046142224,4.916421010503E-02));
#2081 = CARTESIAN_POINT('',(0.835258268282,5.229286203562E-02));
#2082 = CARTESIAN_POINT('',(0.830145332526,5.548050468111E-02));
#2083 = CARTESIAN_POINT('',(0.823235035151,6.039140712742E-02));
#2084 = CARTESIAN_POINT('',(0.821027147682,6.208000396719E-02));
#2085 = CARTESIAN_POINT('',(0.818953585822,6.377944738227E-02));
#2086 = CARTESIAN_POINT('',(0.817001397213,6.5488620394E-02));
#2087 = CARTESIAN_POINT('',(0.815158573778,6.720624904641E-02));
#2088 = CARTESIAN_POINT('',(0.813415627266,6.893157644934E-02));
#2089 = CARTESIAN_POINT('',(0.811763757497,7.066374769243E-02));
#2090 = CARTESIAN_POINT('',(0.807454860802,7.544005088287E-02));
#2091 = CARTESIAN_POINT('',(0.804969351613,7.849685714288E-02));
#2092 = CARTESIAN_POINT('',(0.802699543824,8.156906700917E-02));
#2093 = CARTESIAN_POINT('',(0.80061464991,8.465398311857E-02));
#2094 = CARTESIAN_POINT('',(0.798690788426,8.774950570416E-02));
#2095 = CARTESIAN_POINT('',(0.7969092487,9.085395458554E-02));
#2096 = CARTESIAN_POINT('',(0.795254755537,9.39658911591E-02));
#2097 = CARTESIAN_POINT('',(0.792595823828,9.934588052001E-02));
#2098 = CARTESIAN_POINT('',(0.791537722629,0.101611034325));
#2099 = CARTESIAN_POINT('',(0.790534489193,0.103878895184));
#2100 = CARTESIAN_POINT('',(0.789581863516,0.106148988861));
#2101 = CARTESIAN_POINT('',(0.788676165997,0.108420864653));
#2102 = CARTESIAN_POINT('',(0.787814196724,0.11069408655));
#2103 = CARTESIAN_POINT('',(0.786993134773,0.112968224381));
#2104 = CARTESIAN_POINT('',(0.785931570897,0.116053267735));
#2105 = CARTESIAN_POINT('',(0.785657604138,0.116863667989));
#2106 = CARTESIAN_POINT('',(0.785388412464,0.117674052319));
#2107 = CARTESIAN_POINT('',(0.785123878842,0.118484422065));
#2108 = CARTESIAN_POINT('',(0.784863892644,0.119294775892));
#2109 = CARTESIAN_POINT('',(0.784608348326,0.120105112354));
#2110 = CARTESIAN_POINT('',(0.784357144121,0.120915432454));
#2111 = CARTESIAN_POINT('',(0.782184543182,0.128043937076));
#2112 = CARTESIAN_POINT('',(0.780516945267,0.134360659931));
#2113 = CARTESIAN_POINT('',(0.779063380865,0.140668174182));
#2114 = CARTESIAN_POINT('',(0.777791283061,0.14695630606));
#2115 = CARTESIAN_POINT('',(0.776675670777,0.153212456752));
#2116 = CARTESIAN_POINT('',(0.775696461821,0.159421625413));
#2117 = CARTESIAN_POINT('',(0.774836952346,0.165566443067));
#2118 = CARTESIAN_POINT('',(0.773868690588,0.173354759974));
#2119 = CARTESIAN_POINT('',(0.773662523033,0.175075521552));
#2120 = CARTESIAN_POINT('',(0.773464639092,0.176789075387));
#2121 = CARTESIAN_POINT('',(0.773274731408,0.178495004329));
#2122 = CARTESIAN_POINT('',(0.773092506227,0.180192900804));
#2123 = CARTESIAN_POINT('',(0.772917683403,0.181882366809));
#2124 = CARTESIAN_POINT('',(0.772749996392,0.183563013918));
#2125 = CARTESIAN_POINT('',(0.772495686206,0.186206394965));
#2126 = CARTESIAN_POINT('',(0.772404208118,0.187178324643));
#2127 = CARTESIAN_POINT('',(0.772314723553,0.18815025239));
#2128 = CARTESIAN_POINT('',(0.77222719928,0.189122178286));
#2129 = CARTESIAN_POINT('',(0.772141603276,0.190094102407));
#2130 = CARTESIAN_POINT('',(0.772057904734,0.191066024824));
#2131 = CARTESIAN_POINT('',(0.771976074054,0.192037945604));
#2132 = CARTESIAN_POINT('',(0.771822757545,0.19390079114));
#2133 = CARTESIAN_POINT('',(0.77175097821,0.19479171219));
#2134 = CARTESIAN_POINT('',(0.771680722144,0.195682636842));
#2135 = CARTESIAN_POINT('',(0.771611968337,0.196573563595));
#2136 = CARTESIAN_POINT('',(0.771544696911,0.19746448663));
#2137 = CARTESIAN_POINT('',(0.771478888573,0.198355401882));
#2138 = CARTESIAN_POINT('',(0.771414524058,0.199246313106));
#2139 = CARTESIAN_POINT('',(0.770863983312,0.20703923745));
#2140 = CARTESIAN_POINT('',(0.770477085637,0.213725929574));
#2141 = CARTESIAN_POINT('',(0.770168468537,0.220248618792));
#2142 = CARTESIAN_POINT('',(0.769926496395,0.22663749164));
#2143 = CARTESIAN_POINT('',(0.769742583752,0.232918044915));
#2144 = CARTESIAN_POINT('',(0.769611351575,0.239111621822));
#2145 = CARTESIAN_POINT('',(0.769529064245,0.245239306815));
#2146 = CARTESIAN_POINT('',(0.769482338562,0.253321665581));
#2147 = CARTESIAN_POINT('',(0.769475870039,0.25531465426));
#2148 = CARTESIAN_POINT('',(0.769474417977,0.25730303891));
#2149 = CARTESIAN_POINT('',(0.769477931611,0.2592873857));
#2150 = CARTESIAN_POINT('',(0.769486376322,0.261268232969));
#2151 = CARTESIAN_POINT('',(0.769499733645,0.263246091217));
#2152 = CARTESIAN_POINT('',(0.769518001264,0.265221443112));
#2153 = CARTESIAN_POINT('',(0.769563173165,0.269064953379));
#2154 = CARTESIAN_POINT('',(0.769589590177,0.270933365448));
#2155 = CARTESIAN_POINT('',(0.769620320016,0.272799877152));
#2156 = CARTESIAN_POINT('',(0.769655158637,0.274664074297));
#2157 = CARTESIAN_POINT('',(0.769694026432,0.276526051615));
#2158 = CARTESIAN_POINT('',(0.769736740055,0.278385489816));
#2159 = CARTESIAN_POINT('',(0.769783196587,0.280242413074));
#2160 = CARTESIAN_POINT('',(0.769886025944,0.28405063711));
#2161 = CARTESIAN_POINT('',(0.769942798377,0.286001651527));
#2162 = CARTESIAN_POINT('',(0.770003442448,0.287949730338));
#2163 = CARTESIAN_POINT('',(0.770067824342,0.289894855372));
#2164 = CARTESIAN_POINT('',(0.770135817838,0.291837041372));
#2165 = CARTESIAN_POINT('',(0.770207303916,0.293776335713));
#2166 = CARTESIAN_POINT('',(0.770282170379,0.295712818114));
#2167 = CARTESIAN_POINT('',(0.770452411194,0.299925821397));
#2168 = CARTESIAN_POINT('',(0.770549058388,0.302201277526));
#2169 = CARTESIAN_POINT('',(0.770650081932,0.304473153047));
#2170 = CARTESIAN_POINT('',(0.770755320232,0.306741672369));
#2171 = CARTESIAN_POINT('',(0.770864621215,0.309007099999));
#2172 = CARTESIAN_POINT('',(0.770977842333,0.311269740538));
#2173 = CARTESIAN_POINT('',(0.771094850561,0.313529938683));
#2174 = CARTESIAN_POINT('',(0.771341275904,0.318141313379));
#2175 = CARTESIAN_POINT('',(0.771471004858,0.32049229861));
#2176 = CARTESIAN_POINT('',(0.771604574493,0.32284146989));
#2177 = CARTESIAN_POINT('',(0.771741835398,0.325189290907));
#2178 = CARTESIAN_POINT('',(0.77188267278,0.327536256442));
#2179 = CARTESIAN_POINT('',(0.77202697065,0.329882893103));
#2180 = CARTESIAN_POINT('',(0.772174586366,0.332229762092));
#2181 = CARTESIAN_POINT('',(0.772679555644,0.340088967095));
#2182 = CARTESIAN_POINT('',(0.773051680364,0.345604533391));
#2183 = CARTESIAN_POINT('',(0.773448113577,0.351133894459));
#2184 = CARTESIAN_POINT('',(0.773875751908,0.356685875521));
#2185 = CARTESIAN_POINT('',(0.774342245276,0.362268703953));
#2186 = CARTESIAN_POINT('',(0.774856454552,0.367890327839));
#2187 = CARTESIAN_POINT('',(0.775429201835,0.373558748252));
#2188 = CARTESIAN_POINT('',(0.776290741757,0.381202581332));
#2189 = CARTESIAN_POINT('',(0.776515314012,0.383128937996));
#2190 = CARTESIAN_POINT('',(0.776748538103,0.38506172347));
#2191 = CARTESIAN_POINT('',(0.776990969702,0.387001209797));
#2192 = CARTESIAN_POINT('',(0.77724321214,0.388947652831));
#2193 = CARTESIAN_POINT('',(0.777505916401,0.390901292246));
#2194 = CARTESIAN_POINT('',(0.777779781132,0.392862351527));
#2195 = CARTESIAN_POINT('',(0.778171347685,0.395559862527));
#2196 = CARTESIAN_POINT('',(0.778278623438,0.396288684569));
#2197 = CARTESIAN_POINT('',(0.778387409373,0.39701750401));
#2198 = CARTESIAN_POINT('',(0.778497735753,0.397746320754));
#2199 = CARTESIAN_POINT('',(0.778609633628,0.398475134699));
#2200 = CARTESIAN_POINT('',(0.778723134832,0.399203945738));
#2201 = CARTESIAN_POINT('',(0.778838271982,0.399932753757));
#2202 = CARTESIAN_POINT('',(0.77914810854,0.401865954408));
#2203 = CARTESIAN_POINT('',(0.779346176386,0.403073291412));
#2204 = CARTESIAN_POINT('',(0.779549395358,0.404283532186));
#2205 = CARTESIAN_POINT('',(0.77975834578,0.40549695519));
#2206 = CARTESIAN_POINT('',(0.779972436638,0.406713077228));
#2207 = CARTESIAN_POINT('',(0.780192303121,0.407932197032));
#2208 = CARTESIAN_POINT('',(0.780417773726,0.409154084107));
#2209 = CARTESIAN_POINT('',(0.781367399046,0.414182956837));
#2210 = CARTESIAN_POINT('',(0.782141516869,0.418013905387));
#2211 = CARTESIAN_POINT('',(0.782974452661,0.421870060793));
#2212 = CARTESIAN_POINT('',(0.783869595518,0.425749844126));
#2213 = CARTESIAN_POINT('',(0.784830680343,0.429651599614));
#2214 = CARTESIAN_POINT('',(0.785861812392,0.433573570887));
#2215 = CARTESIAN_POINT('',(0.78696749182,0.437513877215));
#2216 = CARTESIAN_POINT('',(0.788994237455,0.444280169668));
#2217 = CARTESIAN_POINT('',(0.789875915969,0.447098085259));
#2218 = CARTESIAN_POINT('',(0.790799434939,0.449923531574));
#2219 = CARTESIAN_POINT('',(0.791766669088,0.452755767835));
#2220 = CARTESIAN_POINT('',(0.792779606695,0.455594017448));
#2221 = CARTESIAN_POINT('',(0.793840349592,0.458437468));
#2222 = CARTESIAN_POINT('',(0.794951113166,0.461285271256));
#2223 = CARTESIAN_POINT('',(0.796707546988,0.465591017631));
#2224 = CARTESIAN_POINT('',(0.797314490134,0.46704639417));
#2225 = CARTESIAN_POINT('',(0.797935365466,0.468502554818));
#2226 = CARTESIAN_POINT('',(0.798570490044,0.469959378444));
#2227 = CARTESIAN_POINT('',(0.799220188314,0.471416740751));
#2228 = CARTESIAN_POINT('',(0.799884792117,0.472874514272));
#2229 = CARTESIAN_POINT('',(0.800564640679,0.474332568373));
#2230 = CARTESIAN_POINT('',(0.801607430772,0.476519094261));
#2231 = CARTESIAN_POINT('',(0.801958637883,0.477247392097));
#2232 = CARTESIAN_POINT('',(0.802313770735,0.477975689382));
#2233 = CARTESIAN_POINT('',(0.802672879391,0.478703986314));
#2234 = CARTESIAN_POINT('',(0.803036004289,0.479432270587));
#2235 = CARTESIAN_POINT('',(0.803403185343,0.480160531308));
#2236 = CARTESIAN_POINT('',(0.803774471038,0.480888772918));
#2237 = CARTESIAN_POINT('',(0.804525378394,0.482345274372));
#2238 = CARTESIAN_POINT('',(0.80490498706,0.483073508785));
#2239 = CARTESIAN_POINT('',(0.805288801773,0.483801732175));
#2240 = CARTESIAN_POINT('',(0.805676871851,0.48452994436));
#2241 = CARTESIAN_POINT('',(0.806069247692,0.485258145155));
#2242 = CARTESIAN_POINT('',(0.806465980772,0.485986334375));
#2243 = CARTESIAN_POINT('',(0.806867123646,0.486714511831));
#2244 = CARTESIAN_POINT('',(0.807952863782,0.488663688905));
#2245 = CARTESIAN_POINT('',(0.808644649202,0.489883053253));
#2246 = CARTESIAN_POINT('',(0.809348134134,0.491100506033));
#2247 = CARTESIAN_POINT('',(0.810063363772,0.49231579328));
#2248 = CARTESIAN_POINT('',(0.810790380586,0.493528671407));
#2249 = CARTESIAN_POINT('',(0.811529224322,0.494738907206));
#2250 = CARTESIAN_POINT('',(0.812279931999,0.495946277848));
#2251 = CARTESIAN_POINT('',(0.814615023409,0.499633810659));
#2252 = CARTESIAN_POINT('',(0.81623808109,0.502103940411));
#2253 = CARTESIAN_POINT('',(0.817912044347,0.504559135731));
#2254 = CARTESIAN_POINT('',(0.819637189773,0.506997743867));
#2255 = CARTESIAN_POINT('',(0.821413761254,0.509418288373));
#2256 = CARTESIAN_POINT('',(0.823241994075,0.511819473758));
#2257 = CARTESIAN_POINT('',(0.825122139027,0.514200190135));
#2258 = CARTESIAN_POINT('',(0.828831094192,0.518728692848));
#2259 = CARTESIAN_POINT('',(0.830651806018,0.520879758778));
#2260 = CARTESIAN_POINT('',(0.832516840891,0.523011985232));
#2261 = CARTESIAN_POINT('',(0.834426416328,0.525124738752));
#2262 = CARTESIAN_POINT('',(0.836380764072,0.527217476779));
#2263 = CARTESIAN_POINT('',(0.838380145695,0.529289741576));
#2264 = CARTESIAN_POINT('',(0.840424868211,0.531341154143));
#2265 = CARTESIAN_POINT('',(0.844054621338,0.534866417176));
#2266 = CARTESIAN_POINT('',(0.845618727353,0.536349945876));
#2267 = CARTESIAN_POINT('',(0.847207753332,0.537821872362));
#2268 = CARTESIAN_POINT('',(0.848821857463,0.539282087422));
#2269 = CARTESIAN_POINT('',(0.850461220519,0.540730494516));
#2270 = CARTESIAN_POINT('',(0.852126045865,0.542167009769));
#2271 = CARTESIAN_POINT('',(0.853816559451,0.54359156198));
#2272 = CARTESIAN_POINT('',(0.857120633459,0.546310606959));
#2273 = CARTESIAN_POINT('',(0.858730454479,0.547606831922));
#2274 = CARTESIAN_POINT('',(0.860362667431,0.548892721179));
#2275 = CARTESIAN_POINT('',(0.862017498194,0.550168229477));
#2276 = CARTESIAN_POINT('',(0.86369520398,0.551433312621));
#2277 = CARTESIAN_POINT('',(0.865396073327,0.552687927484));
#2278 = CARTESIAN_POINT('',(0.867120426102,0.553932032001));
#2279 = CARTESIAN_POINT('',(0.868868613501,0.55516558517));
#2280 = ( GEOMETRIC_REPRESENTATION_CONTEXT(2) 
PARAMETRIC_REPRESENTATION_CONTEXT() REPRESENTATION_CONTEXT('2D SPACE',''
  ) );
#2281 = PCURVE('',#1296,#2282);
#2282 = DEFINITIONAL_REPRESENTATION('',(#2283),#2503);
#2283 = B_SPLINE_CURVE_WITH_KNOTS('',8,(#2284,#2285,#2286,#2287,#2288,
    #2289,#2290,#2291,#2292,#2293,#2294,#2295,#2296,#2297,#2298,#2299,
    #2300,#2301,#2302,#2303,#2304,#2305,#2306,#2307,#2308,#2309,#2310,
    #2311,#2312,#2313,#2314,#2315,#2316,#2317,#2318,#2319,#2320,#2321,
    #2322,#2323,#2324,#2325,#2326,#2327,#2328,#2329,#2330,#2331,#2332,
    #2333,#2334,#2335,#2336,#2337,#2338,#2339,#2340,#2341,#2342,#2343,
    #2344,#2345,#2346,#2347,#2348,#2349,#2350,#2351,#2352,#2353,#2354,
    #2355,#2356,#2357,#2358,#2359,#2360,#2361,#2362,#2363,#2364,#2365,
    #2366,#2367,#2368,#2369,#2370,#2371,#2372,#2373,#2374,#2375,#2376,
    #2377,#2378,#2379,#2380,#2381,#2382,#2383,#2384,#2385,#2386,#2387,
    #2388,#2389,#2390,#2391,#2392,#2393,#2394,#2395,#2396,#2397,#2398,
    #2399,#2400,#2401,#2402,#2403,#2404,#2405,#2406,#2407,#2408,#2409,
    #2410,#2411,#2412,#2413,#2414,#2415,#2416,#2417,#2418,#2419,#2420,
    #2421,#2422,#2423,#2424,#2425,#2426,#2427,#2428,#2429,#2430,#2431,
    #2432,#2433,#2434,#2435,#2436,#2437,#2438,#2439,#2440,#2441,#2442,
    #2443,#2444,#2445,#2446,#2447,#2448,#2449,#2450,#2451,#2452,#2453,
    #2454,#2455,#2456,#2457,#2458,#2459,#2460,#2461,#2462,#2463,#2464,
    #2465,#2466,#2467,#2468,#2469,#2470,#2471,#2472,#2473,#2474,#2475,
    #2476,#2477,#2478,#2479,#2480,#2481,#2482,#2483,#2484,#2485,#2486,
    #2487,#2488,#2489,#2490,#2491,#2492,#2493,#2494,#2495,#2496,#2497,
    #2498,#2499,#2500,#2501,#2502),.UNSPECIFIED.,.F.,.F.,(9,7,7,7,7,7,7,
    7,7,7,7,7,7,7,7,7,7,7,7,7,7,7,7,7,7,7,7,7,7,7,7,9),(0.,
    1.344399322165E-02,3.48879336404E-02,7.936505296975E-02,
    0.102409666923,0.142681746864,0.171896498496,0.182305399013,
    0.263466289668,0.286600115311,0.300052211975,0.312383305934,
    0.407912356702,0.439286367581,0.469021316356,0.500352967493,
    0.537281509688,0.575765166871,0.666109823752,0.696419549746,
    0.707640469391,0.726183742736,0.783785684687,0.824690124418,
    0.84555606253,0.8559779357,0.866399652368,0.883875125516,
    0.919909370484,0.953039393483,0.977435199987,1.),.UNSPECIFIED.);
#2284 = CARTESIAN_POINT('',(18.354656752329,-40.));
#2285 = CARTESIAN_POINT('',(18.354656752329,-39.95895213521));
#2286 = CARTESIAN_POINT('',(18.354317752434,-39.91790425323));
#2287 = CARTESIAN_POINT('',(18.353639640382,-39.87685436319));
#2288 = CARTESIAN_POINT('',(18.352624612464,-39.83580059449));
#2289 = CARTESIAN_POINT('',(18.351276906393,-39.79474142036));
#2290 = CARTESIAN_POINT('',(18.349602534172,-39.75367588154));
#2291 = CARTESIAN_POINT('',(18.347609014961,-39.71260380979));
#2292 = CARTESIAN_POINT('',(18.341630244074,-39.6060046707));
#2293 = CARTESIAN_POINT('',(18.337165572347,-39.54046783862));
#2294 = CARTESIAN_POINT('',(18.331946273626,-39.47491971544));
#2295 = CARTESIAN_POINT('',(18.326014753067,-39.40936661379));
#2296 = CARTESIAN_POINT('',(18.319415655898,-39.34381669798));
#2297 = CARTESIAN_POINT('',(18.312192492865,-39.27827936043));
#2298 = CARTESIAN_POINT('',(18.304385875359,-39.21276427559));
#2299 = CARTESIAN_POINT('',(18.278709314087,-39.01145872646));
#2300 = CARTESIAN_POINT('',(18.259037669477,-38.87577877244));
#2301 = CARTESIAN_POINT('',(18.237349787537,-38.74027723593));
#2302 = CARTESIAN_POINT('',(18.213909679517,-38.60499088491));
#2303 = CARTESIAN_POINT('',(18.188920227668,-38.4699428648));
#2304 = CARTESIAN_POINT('',(18.162544223353,-38.33513958882));
#2305 = CARTESIAN_POINT('',(18.13492257936,-38.20057134195));
#2306 = CARTESIAN_POINT('',(18.091275777988,-37.9965943086));
#2307 = CARTESIAN_POINT('',(18.076078880681,-37.92703814386));
#2308 = CARTESIAN_POINT('',(18.060593244099,-37.85754145998));
#2309 = CARTESIAN_POINT('',(18.044794402108,-37.78811138419));
#2310 = CARTESIAN_POINT('',(18.028700096623,-37.71874683366));
#2311 = CARTESIAN_POINT('',(18.01228620977,-37.64945477554));
#2312 = CARTESIAN_POINT('',(17.99555397502,-37.58023756139));
#2313 = CARTESIAN_POINT('',(17.948675382993,-37.39027651764));
#2314 = CARTESIAN_POINT('',(17.917853672239,-37.26969662866));
#2315 = CARTESIAN_POINT('',(17.88598094432,-37.14938209433));
#2316 = CARTESIAN_POINT('',(17.853005077157,-37.02935891376));
#2317 = CARTESIAN_POINT('',(17.818869538242,-36.90965664246));
#2318 = CARTESIAN_POINT('',(17.783515033991,-36.7903079811));
#2319 = CARTESIAN_POINT('',(17.746881159086,-36.67134836434));
#2320 = CARTESIAN_POINT('',(17.681361043678,-36.46682776974));
#2321 = CARTESIAN_POINT('',(17.653109346329,-36.38106511481));
#2322 = CARTESIAN_POINT('',(17.624130031559,-36.29554234318));
#2323 = CARTESIAN_POINT('',(17.594400267568,-36.21027523403));
#2324 = CARTESIAN_POINT('',(17.563897499362,-36.12528052253));
#2325 = CARTESIAN_POINT('',(17.532599635145,-36.04057583516));
#2326 = CARTESIAN_POINT('',(17.500485232708,-35.95617962501));
#2327 = CARTESIAN_POINT('',(17.455793405514,-35.84215840191));
#2328 = CARTESIAN_POINT('',(17.443948176652,-35.81225031812));
#2329 = CARTESIAN_POINT('',(17.431996406636,-35.78238697743));
#2330 = CARTESIAN_POINT('',(17.419937059422,-35.75256836408));
#2331 = CARTESIAN_POINT('',(17.407769259826,-35.72279448971));
#2332 = CARTESIAN_POINT('',(17.395491897833,-35.69306555811));
#2333 = CARTESIAN_POINT('',(17.383103232902,-35.6633821302));
#2334 = CARTESIAN_POINT('',(17.273113441191,-35.40265916754));
#2335 = CARTESIAN_POINT('',(17.168713001412,-35.1744296755));
#2336 = CARTESIAN_POINT('',(17.056533932134,-34.94975069727));
#2337 = CARTESIAN_POINT('',(16.935794649117,-34.7294231285));
#2338 = CARTESIAN_POINT('',(16.805852159302,-34.51432162237));
#2339 = CARTESIAN_POINT('',(16.666268250995,-34.30535556791));
#2340 = CARTESIAN_POINT('',(16.516886945619,-34.1034242999));
#2341 = CARTESIAN_POINT('',(16.312612726022,-33.85405297348));
#2342 = CARTESIAN_POINT('',(16.266522450352,-33.79937757999));
#2343 = CARTESIAN_POINT('',(16.219656443863,-33.7453589415));
#2344 = CARTESIAN_POINT('',(16.172020462578,-33.69201445313));
#2345 = CARTESIAN_POINT('',(16.123621958705,-33.63936032367));
#2346 = CARTESIAN_POINT('',(16.074470080637,-33.58741157567));
#2347 = CARTESIAN_POINT('',(16.024575672951,-33.53618204533));
#2348 = CARTESIAN_POINT('',(15.9445136777,-33.45632047837));
#2349 = CARTESIAN_POINT('',(15.914735112543,-33.42711013629));
#2350 = CARTESIAN_POINT('',(15.884611971181,-33.39805530311));
#2351 = CARTESIAN_POINT('',(15.854140643893,-33.36915793054));
#2352 = CARTESIAN_POINT('',(15.823317520994,-33.34041997526));
#2353 = CARTESIAN_POINT('',(15.792138992836,-33.3118433989));
#2354 = CARTESIAN_POINT('',(15.760601449802,-33.28343016807));
#2355 = CARTESIAN_POINT('',(15.699459449423,-33.22928832212));
#2356 = CARTESIAN_POINT('',(15.669912892865,-33.20353339015));
#2357 = CARTESIAN_POINT('',(15.64005891704,-33.17791878788));
#2358 = CARTESIAN_POINT('',(15.609894701877,-33.15244606577));
#2359 = CARTESIAN_POINT('',(15.579417385919,-33.12711686964));
#2360 = CARTESIAN_POINT('',(15.548624149404,-33.10193281507));
#2361 = CARTESIAN_POINT('',(15.517512297348,-33.07689536176));
#2362 = CARTESIAN_POINT('',(15.242568074528,-32.85918525182));
#2363 = CARTESIAN_POINT('',(14.987499270537,-32.68128519769));
#2364 = CARTESIAN_POINT('',(14.723037314028,-32.5170907513));
#2365 = CARTESIAN_POINT('',(14.450729270245,-32.3660915094));
#2366 = CARTESIAN_POINT('',(14.171820809005,-32.22795250133));
#2367 = CARTESIAN_POINT('',(13.887241289183,-32.10253858396));
#2368 = CARTESIAN_POINT('',(13.597662100159,-31.98983306524));
#2369 = CARTESIAN_POINT('',(13.206835653961,-31.85722379949));
#2370 = CARTESIAN_POINT('',(13.109738384697,-31.82583668187));
#2371 = CARTESIAN_POINT('',(13.012190134168,-31.79585540729));
#2372 = CARTESIAN_POINT('',(12.914213718249,-31.76729025088));
#2373 = CARTESIAN_POINT('',(12.815831785254,-31.74015354747));
#2374 = CARTESIAN_POINT('',(12.71706681593,-31.71445969161));
#2375 = CARTESIAN_POINT('',(12.61794112346,-31.69022513752));
#2376 = CARTESIAN_POINT('',(12.424208862516,-31.64590053357));
#2377 = CARTESIAN_POINT('',(12.329636584242,-31.62566433628));
#2378 = CARTESIAN_POINT('',(12.234787466943,-31.60673752586));
#2379 = CARTESIAN_POINT('',(12.139694130155,-31.58907249525));
#2380 = CARTESIAN_POINT('',(12.04437785514,-31.57265332458));
#2381 = CARTESIAN_POINT('',(11.948867243733,-31.55743299982));
#2382 = CARTESIAN_POINT('',(11.853182339125,-31.54338443867));
#2383 = CARTESIAN_POINT('',(11.65636023098,-31.51686532658));
#2384 = CARTESIAN_POINT('',(11.555206298202,-31.50452039749));
#2385 = CARTESIAN_POINT('',(11.453906338121,-31.49339699631));
#2386 = CARTESIAN_POINT('',(11.352482121941,-31.48345540492));
#2387 = CARTESIAN_POINT('',(11.25095346987,-31.47465613191));
#2388 = CARTESIAN_POINT('',(11.149338236195,-31.46696006213));
#2389 = CARTESIAN_POINT('',(11.047652294366,-31.46032860614));
#2390 = CARTESIAN_POINT('',(10.825992054475,-31.4481178945));
#2391 = CARTESIAN_POINT('',(10.705996424896,-31.44293828785));
#2392 = CARTESIAN_POINT('',(10.585945224709,-31.43912276545));
#2393 = CARTESIAN_POINT('',(10.465858453754,-31.43661049661));
#2394 = CARTESIAN_POINT('',(10.345753520333,-31.43534208432));
#2395 = CARTESIAN_POINT('',(10.225645241212,-31.43525956522));
#2396 = CARTESIAN_POINT('',(10.105545841618,-31.43630640958));
#2397 = CARTESIAN_POINT('',(9.860327286904,-31.44063795625));
#2398 = CARTESIAN_POINT('',(9.735210526165,-31.44401486091));
#2399 = CARTESIAN_POINT('',(9.610125897606,-31.44849696262));
#2400 = CARTESIAN_POINT('',(9.485082269329,-31.45402143068));
#2401 = CARTESIAN_POINT('',(9.360087166155,-31.46053104368));
#2402 = CARTESIAN_POINT('',(9.235146176973,-31.46796907802));
#2403 = CARTESIAN_POINT('',(9.110262483956,-31.47627564985));
#2404 = CARTESIAN_POINT('',(8.692399476519,-31.50681788852));
#2405 = CARTESIAN_POINT('',(8.399722102751,-31.532770712));
#2406 = CARTESIAN_POINT('',(8.107479584168,-31.56365659384));
#2407 = CARTESIAN_POINT('',(7.815804990653,-31.5999252555));
#2408 = CARTESIAN_POINT('',(7.524891482673,-31.64208192967));
#2409 = CARTESIAN_POINT('',(7.234994227688,-31.6907008699));
#2410 = CARTESIAN_POINT('',(6.946433748157,-31.74644769873));
#2411 = CARTESIAN_POINT('',(6.563371091535,-31.83146885747));
#2412 = CARTESIAN_POINT('',(6.467339585705,-31.85371739919));
#2413 = CARTESIAN_POINT('',(6.371522257815,-31.87688545292));
#2414 = CARTESIAN_POINT('',(6.275937213678,-31.90100366665));
#2415 = CARTESIAN_POINT('',(6.180604590745,-31.9261041032));
#2416 = CARTESIAN_POINT('',(6.085546558111,-31.95222024022));
#2417 = CARTESIAN_POINT('',(5.990787316515,-31.97938697019));
#2418 = CARTESIAN_POINT('',(5.861392743559,-32.01810033584));
#2419 = CARTESIAN_POINT('',(5.826527203717,-32.02869400872));
#2420 = CARTESIAN_POINT('',(5.791757846435,-32.03942264192));
#2421 = CARTESIAN_POINT('',(5.757086039471,-32.0502872687));
#2422 = CARTESIAN_POINT('',(5.722513150717,-32.06128893271));
#2423 = CARTESIAN_POINT('',(5.688040548201,-32.072428688));
#2424 = CARTESIAN_POINT('',(5.653669600084,-32.08370759899));
#2425 = CARTESIAN_POINT('',(5.562771779059,-32.11399758797));
#2426 = CARTESIAN_POINT('',(5.506284891456,-32.1332980726));
#2427 = CARTESIAN_POINT('',(5.449947057679,-32.15303031601));
#2428 = CARTESIAN_POINT('',(5.393774318065,-32.17323298918));
#2429 = CARTESIAN_POINT('',(5.337753722758,-32.19385067684));
#2430 = CARTESIAN_POINT('',(5.281903291765,-32.21492597546));
#2431 = CARTESIAN_POINT('',(5.226220971134,-32.23643626577));
#2432 = CARTESIAN_POINT('',(4.99828615659,-32.32657405224));
#2433 = CARTESIAN_POINT('',(4.827536689241,-32.3990046179));
#2434 = CARTESIAN_POINT('',(4.658596647343,-32.4756503872));
#2435 = CARTESIAN_POINT('',(4.491594407498,-32.55647342094));
#2436 = CARTESIAN_POINT('',(4.326655012861,-32.64142669658));
#2437 = CARTESIAN_POINT('',(4.163900396367,-32.73045457247));
#2438 = CARTESIAN_POINT('',(4.003449603957,-32.82349325212));
#2439 = CARTESIAN_POINT('',(3.733197929973,-32.98933751352));
#2440 = CARTESIAN_POINT('',(3.62219656933,-33.06019081292));
#2441 = CARTESIAN_POINT('',(3.512456073343,-33.13300566412));
#2442 = CARTESIAN_POINT('',(3.404016457762,-33.20775518073));
#2443 = CARTESIAN_POINT('',(3.296916616619,-33.28441107238));
#2444 = CARTESIAN_POINT('',(3.191194322228,-33.36294364484));
#2445 = CARTESIAN_POINT('',(3.086886225186,-33.4433217999));
#2446 = CARTESIAN_POINT('',(2.93155833239,-33.56743995699));
#2447 = CARTESIAN_POINT('',(2.87946601968,-33.60983872198));
#2448 = CARTESIAN_POINT('',(2.827755622606,-33.65270504832));
#2449 = CARTESIAN_POINT('',(2.776431759309,-33.69603457859));
#2450 = CARTESIAN_POINT('',(2.725498959703,-33.73982288004));
#2451 = CARTESIAN_POINT('',(2.674961665483,-33.78406544462));
#2452 = CARTESIAN_POINT('',(2.624824230117,-33.82875768897));
#2453 = CARTESIAN_POINT('',(2.550250709915,-33.89643958447));
#2454 = CARTESIAN_POINT('',(2.525512662394,-33.9190932203));
#2455 = CARTESIAN_POINT('',(2.500878167156,-33.94185670379));
#2456 = CARTESIAN_POINT('',(2.476346637582,-33.96472994686));
#2457 = CARTESIAN_POINT('',(2.451915970753,-33.98771240741));
#2458 = CARTESIAN_POINT('',(2.427583008632,-34.0108035651));
#2459 = CARTESIAN_POINT('',(2.403343999247,-34.03400339727));
#2460 = CARTESIAN_POINT('',(2.35504647914,-34.08062196222));
#2461 = CARTESIAN_POINT('',(2.33098880043,-34.10403988408));
#2462 = CARTESIAN_POINT('',(2.307018966591,-34.12756648274));
#2463 = CARTESIAN_POINT('',(2.283133922832,-34.15120163527));
#2464 = CARTESIAN_POINT('',(2.259330614721,-34.17494523338));
#2465 = CARTESIAN_POINT('',(2.235605988191,-34.19879718343));
#2466 = CARTESIAN_POINT('',(2.211956989535,-34.22275740643));
#2467 = CARTESIAN_POINT('',(2.148846851348,-34.28718456628));
#2468 = CARTESIAN_POINT('',(2.109569516659,-34.32779424283));
#2469 = CARTESIAN_POINT('',(2.070541611371,-34.36864439546));
#2470 = CARTESIAN_POINT('',(2.031755917695,-34.40972470472));
#2471 = CARTESIAN_POINT('',(1.993204950019,-34.45102500402));
#2472 = CARTESIAN_POINT('',(1.954880954913,-34.49253527962));
#2473 = CARTESIAN_POINT('',(1.916775911122,-34.5342456706));
#2474 = CARTESIAN_POINT('',(1.800743706583,-34.66254548169));
#2475 = CARTESIAN_POINT('',(1.723502772236,-34.74975331989));
#2476 = CARTESIAN_POINT('',(1.647085588304,-34.8376865811));
#2477 = CARTESIAN_POINT('',(1.571417806756,-34.92626508738));
#2478 = CARTESIAN_POINT('',(1.496424946017,-35.01541280933));
#2479 = CARTESIAN_POINT('',(1.422033467215,-35.10505879026));
#2480 = CARTESIAN_POINT('',(1.348171850432,-35.19513807035));
#2481 = CARTESIAN_POINT('',(1.207287264489,-35.36875686209));
#2482 = CARTESIAN_POINT('',(1.140193750456,-35.45223720148));
#2483 = CARTESIAN_POINT('',(1.073437987933,-35.53598789038));
#2484 = CARTESIAN_POINT('',(1.006969998746,-35.61996659771));
#2485 = CARTESIAN_POINT('',(0.940743133293,-35.70413453182));
#2486 = CARTESIAN_POINT('',(0.874714236361,-35.78845657239));
#2487 = CARTESIAN_POINT('',(0.808843812943,-35.87290140244));
#2488 = CARTESIAN_POINT('',(0.69468191471,-36.01969415612));
#2489 = CARTESIAN_POINT('',(0.646334388165,-36.08199820343));
#2490 = CARTESIAN_POINT('',(0.598039424317,-36.14434266824));
#2491 = CARTESIAN_POINT('',(0.549784077951,-36.20671743441));
#2492 = CARTESIAN_POINT('',(0.501556648744,-36.26911338355));
#2493 = CARTESIAN_POINT('',(0.453346681267,-36.33152239503));
#2494 = CARTESIAN_POINT('',(0.405144964982,-36.393937346));
#2495 = CARTESIAN_POINT('',(0.312359820863,-36.51408238965));
#2496 = CARTESIAN_POINT('',(0.267776423236,-36.57181253325));
#2497 = CARTESIAN_POINT('',(0.223187008402,-36.62953763786));
#2498 = CARTESIAN_POINT('',(0.178586271648,-36.68725358672));
#2499 = CARTESIAN_POINT('',(0.133969936514,-36.74495705062));
#2500 = CARTESIAN_POINT('',(8.933475479088E-02,-36.80264548791));
#2501 = CARTESIAN_POINT('',(4.467850652172E-02,-36.8603171445));
#2502 = CARTESIAN_POINT('',(0.,-36.91797105385));
#2503 = ( GEOMETRIC_REPRESENTATION_CONTEXT(2) 
PARAMETRIC_REPRESENTATION_CONTEXT() REPRESENTATION_CONTEXT('2D SPACE',''
  ) );
#2504 = ORIENTED_EDGE('',*,*,#523,.T.);
#2505 = ORIENTED_EDGE('',*,*,#2506,.T.);
#2506 = EDGE_CURVE('',#24,#1586,#2507,.T.);
#2507 = SURFACE_CURVE('',#2508,(#2523,#2541),.PCURVE_S1.);
#2508 = B_SPLINE_CURVE_WITH_KNOTS('',7,(#2509,#2510,#2511,#2512,#2513,
    #2514,#2515,#2516,#2517,#2518,#2519,#2520,#2521,#2522),
  .UNSPECIFIED.,.F.,.F.,(8,6,8),(0.,0.673121670867,1.),.UNSPECIFIED.);
#2509 = CARTESIAN_POINT('',(10.565067908898,-1.798561299893E-14,
    4.131678907818));
#2510 = CARTESIAN_POINT('',(10.597931319242,-8.841429163652E-02,
    3.911732185749));
#2511 = CARTESIAN_POINT('',(10.62262735573,-0.159347312325,
    3.683967548965));
#2512 = CARTESIAN_POINT('',(10.639546049889,-0.212191210735,
    3.449934954806));
#2513 = CARTESIAN_POINT('',(10.64921176697,-0.245984358657,
    3.211291441941));
#2514 = CARTESIAN_POINT('',(10.652288898215,-0.259551903349,
    2.969858064498));
#2515 = CARTESIAN_POINT('',(10.649427894039,-0.251558350398,
    2.72766498718));
#2516 = CARTESIAN_POINT('',(10.637009089615,-0.205810713335,
    2.370202568858));
#2517 = CARTESIAN_POINT('',(10.631654745131,-0.185486198018,
    2.253776137091));
#2518 = CARTESIAN_POINT('',(10.625059450185,-0.159663751106,
    2.138089109374));
#2519 = CARTESIAN_POINT('',(10.617270130535,-0.128238666974,
    2.023492740549));
#2520 = CARTESIAN_POINT('',(10.608321377327,-9.114452902355E-02,
    1.910368828011));
#2521 = CARTESIAN_POINT('',(10.59823371731,-4.837332351068E-02,
    1.799125810274));
#2522 = CARTESIAN_POINT('',(10.587015457634,-1.498801083244E-14,
    1.690192558615));
#2523 = PCURVE('',#555,#2524);
#2524 = DEFINITIONAL_REPRESENTATION('',(#2525),#2540);
#2525 = B_SPLINE_CURVE_WITH_KNOTS('',7,(#2526,#2527,#2528,#2529,#2530,
    #2531,#2532,#2533,#2534,#2535,#2536,#2537,#2538,#2539),
  .UNSPECIFIED.,.F.,.F.,(8,6,8),(0.,0.673121670867,1.),.UNSPECIFIED.);
#2526 = CARTESIAN_POINT('',(1.,0.274814293222));
#2527 = CARTESIAN_POINT('',(0.998339770573,0.279118021017));
#2528 = CARTESIAN_POINT('',(0.99702612554,0.28353857521));
#2529 = CARTESIAN_POINT('',(0.996058839461,0.288046441288));
#2530 = CARTESIAN_POINT('',(0.995446942622,0.292612415496));
#2531 = CARTESIAN_POINT('',(0.995206589942,0.297206062643));
#2532 = CARTESIAN_POINT('',(0.995360064454,0.301794189347));
#2533 = CARTESIAN_POINT('',(0.996207605252,0.308544698222));
#2534 = CARTESIAN_POINT('',(0.996582876881,0.310739954742));
#2535 = CARTESIAN_POINT('',(0.997058766115,0.31291847424));
#2536 = CARTESIAN_POINT('',(0.997637396076,0.315074275918));
#2537 = CARTESIAN_POINT('',(0.998320324062,0.317200797419));
#2538 = CARTESIAN_POINT('',(0.999108145196,0.319290935271));
#2539 = CARTESIAN_POINT('',(1.,0.321337124994));
#2540 = ( GEOMETRIC_REPRESENTATION_CONTEXT(2) 
PARAMETRIC_REPRESENTATION_CONTEXT() REPRESENTATION_CONTEXT('2D SPACE',''
  ) );
#2541 = PCURVE('',#449,#2542);
#2542 = DEFINITIONAL_REPRESENTATION('',(#2543),#2558);
#2543 = B_SPLINE_CURVE_WITH_KNOTS('',7,(#2544,#2545,#2546,#2547,#2548,
    #2549,#2550,#2551,#2552,#2553,#2554,#2555,#2556,#2557),
  .UNSPECIFIED.,.F.,.F.,(8,6,8),(0.,0.673121670867,1.),.UNSPECIFIED.);
#2544 = CARTESIAN_POINT('',(-2.731678039713,-7.651569446739));
#2545 = CARTESIAN_POINT('',(-2.810223147672,-7.576754280277));
#2546 = CARTESIAN_POINT('',(-2.888414823323,-7.50092866285));
#2547 = CARTESIAN_POINT('',(-2.966578296573,-7.425136118891));
#2548 = CARTESIAN_POINT('',(-3.044979434606,-7.350726407759));
#2549 = CARTESIAN_POINT('',(-3.123877647916,-7.279311495751));
#2550 = CARTESIAN_POINT('',(-3.203535958825,-7.212624351495));
#2551 = CARTESIAN_POINT('',(-3.32339037,-7.12294948951));
#2552 = CARTESIAN_POINT('',(-3.362792095952,-7.095140469003));
#2553 = CARTESIAN_POINT('',(-3.402429514711,-7.06902887022));
#2554 = CARTESIAN_POINT('',(-3.442307378117,-7.04480103715));
#2555 = CARTESIAN_POINT('',(-3.482422956761,-7.022623848801));
#2556 = CARTESIAN_POINT('',(-3.522763624246,-7.002632895374));
#2557 = CARTESIAN_POINT('',(-3.56330248227,-6.984920966395));
#2558 = ( GEOMETRIC_REPRESENTATION_CONTEXT(2) 
PARAMETRIC_REPRESENTATION_CONTEXT() REPRESENTATION_CONTEXT('2D SPACE',''
  ) );
#2559 = ORIENTED_EDGE('',*,*,#1585,.T.);
#2560 = ORIENTED_EDGE('',*,*,#2561,.T.);
#2561 = EDGE_CURVE('',#1525,#1835,#2562,.T.);
#2562 = SURFACE_CURVE('',#2563,(#2578,#2596),.PCURVE_S1.);
#2563 = B_SPLINE_CURVE_WITH_KNOTS('',7,(#2564,#2565,#2566,#2567,#2568,
    #2569,#2570,#2571,#2572,#2573,#2574,#2575,#2576,#2577),
  .UNSPECIFIED.,.F.,.F.,(8,6,8),(0.,0.633812709685,1.),.UNSPECIFIED.);
#2564 = CARTESIAN_POINT('',(3.2,-1.42108547152E-14,-8.));
#2565 = CARTESIAN_POINT('',(3.2,-0.319389266311,-8.));
#2566 = CARTESIAN_POINT('',(3.168965106101,-0.638915870449,-8.));
#2567 = CARTESIAN_POINT('',(3.106849242051,-0.954660551169,-8.));
#2568 = CARTESIAN_POINT('',(3.014562721853,-1.263136608428,-8.));
#2569 = CARTESIAN_POINT('',(2.893583456145,-1.561202789497,-8.));
#2570 = CARTESIAN_POINT('',(2.745903340759,-1.846048638991,-8.));
#2571 = CARTESIAN_POINT('',(2.474757590815,-2.270730561828,-8.));
#2572 = CARTESIAN_POINT('',(2.367360256503,-2.421068910614,-8.));
#2573 = CARTESIAN_POINT('',(2.252302361318,-2.565800745144,-8.));
#2574 = CARTESIAN_POINT('',(2.130052723651,-2.704555609682,-8.));
#2575 = CARTESIAN_POINT('',(2.001094042594,-2.837017468899,-8.));
#2576 = CARTESIAN_POINT('',(1.865914606242,-2.96291784355,-8.));
#2577 = CARTESIAN_POINT('',(1.725,-3.082028946146,-8.));
#2578 = PCURVE('',#555,#2579);
#2579 = DEFINITIONAL_REPRESENTATION('',(#2580),#2595);
#2580 = B_SPLINE_CURVE_WITH_KNOTS('',7,(#2581,#2582,#2583,#2584,#2585,
    #2586,#2587,#2588,#2589,#2590,#2591,#2592,#2593,#2594),
  .UNSPECIFIED.,.F.,.F.,(8,6,8),(0.,0.633812709685,1.),.UNSPECIFIED.);
#2581 = CARTESIAN_POINT('',(1.,0.55516558517));
#2582 = CARTESIAN_POINT('',(0.987897052261,0.55516558517));
#2583 = CARTESIAN_POINT('',(0.975788905344,0.55516558517));
#2584 = CARTESIAN_POINT('',(0.963709723575,0.55516558517));
#2585 = CARTESIAN_POINT('',(0.95167701582,0.55516558517));
#2586 = CARTESIAN_POINT('',(0.939704934726,0.55516558517));
#2587 = CARTESIAN_POINT('',(0.927806476743,0.55516558517));
#2588 = CARTESIAN_POINT('',(0.909178770856,0.55516558517));
#2589 = CARTESIAN_POINT('',(0.902385694635,0.55516558517));
#2590 = CARTESIAN_POINT('',(0.895622182783,0.55516558517));
#2591 = CARTESIAN_POINT('',(0.888888880565,0.55516558517));
#2592 = CARTESIAN_POINT('',(0.882185830012,0.55516558517));
#2593 = CARTESIAN_POINT('',(0.87551263286,0.55516558517));
#2594 = CARTESIAN_POINT('',(0.868868613501,0.55516558517));
#2595 = ( GEOMETRIC_REPRESENTATION_CONTEXT(2) 
PARAMETRIC_REPRESENTATION_CONTEXT() REPRESENTATION_CONTEXT('2D SPACE',''
  ) );
#2596 = PCURVE('',#1562,#2597);
#2597 = DEFINITIONAL_REPRESENTATION('',(#2598),#2613);
#2598 = B_SPLINE_CURVE_WITH_KNOTS('',7,(#2599,#2600,#2601,#2602,#2603,
    #2604,#2605,#2606,#2607,#2608,#2609,#2610,#2611,#2612),
  .UNSPECIFIED.,.F.,.F.,(8,6,8),(0.,0.633812709685,1.),.UNSPECIFIED.);
#2599 = CARTESIAN_POINT('',(1.475,40.));
#2600 = CARTESIAN_POINT('',(1.475,39.680610733689));
#2601 = CARTESIAN_POINT('',(1.443965106101,39.361084129551));
#2602 = CARTESIAN_POINT('',(1.381849242051,39.045339448831));
#2603 = CARTESIAN_POINT('',(1.289562721853,38.736863391572));
#2604 = CARTESIAN_POINT('',(1.168583456145,38.438797210503));
#2605 = CARTESIAN_POINT('',(1.020903340759,38.153951361009));
#2606 = CARTESIAN_POINT('',(0.749757590815,37.729269438172));
#2607 = CARTESIAN_POINT('',(0.642360256503,37.578931089386));
#2608 = CARTESIAN_POINT('',(0.527302361318,37.434199254856));
#2609 = CARTESIAN_POINT('',(0.405052723651,37.295444390318));
#2610 = CARTESIAN_POINT('',(0.276094042594,37.162982531101));
#2611 = CARTESIAN_POINT('',(0.140914606242,37.03708215645));
#2612 = CARTESIAN_POINT('',(0.,36.917971053854));
#2613 = ( GEOMETRIC_REPRESENTATION_CONTEXT(2) 
PARAMETRIC_REPRESENTATION_CONTEXT() REPRESENTATION_CONTEXT('2D SPACE',''
  ) );
#2614 = ADVANCED_FACE('',(#2615),#449,.T.);
#2615 = FACE_BOUND('',#2616,.T.);
#2616 = EDGE_LOOP('',(#2617,#2618,#2638,#2665,#2666,#2667));
#2617 = ORIENTED_EDGE('',*,*,#1624,.T.);
#2618 = ORIENTED_EDGE('',*,*,#2619,.T.);
#2619 = EDGE_CURVE('',#22,#2620,#2622,.T.);
#2620 = VERTEX_POINT('',#2621);
#2621 = CARTESIAN_POINT('',(10.20624378106,6.021961661311,3.683708241694
    ));
#2622 = SEAM_CURVE('',#2623,(#2626,#2632),.PCURVE_S1.);
#2623 = B_SPLINE_CURVE_WITH_KNOTS('',1,(#2624,#2625),.UNSPECIFIED.,.F.,
  .F.,(2,2),(0.,1.),.PIECEWISE_BEZIER_KNOTS.);
#2624 = CARTESIAN_POINT('',(1.595576723441,1.762646649523,0.87752783887)
  );
#2625 = CARTESIAN_POINT('',(10.20624378106,6.021961661311,3.683708241694
    ));
#2626 = PCURVE('',#449,#2627);
#2627 = DEFINITIONAL_REPRESENTATION('',(#2628),#2631);
#2628 = B_SPLINE_CURVE_WITH_KNOTS('',1,(#2629,#2630),.UNSPECIFIED.,.F.,
  .F.,(2,2),(0.,1.),.PIECEWISE_BEZIER_KNOTS.);
#2629 = CARTESIAN_POINT('',(0.,0.));
#2630 = CARTESIAN_POINT('',(0.,-10.));
#2631 = ( GEOMETRIC_REPRESENTATION_CONTEXT(2) 
PARAMETRIC_REPRESENTATION_CONTEXT() REPRESENTATION_CONTEXT('2D SPACE',''
  ) );
#2632 = PCURVE('',#449,#2633);
#2633 = DEFINITIONAL_REPRESENTATION('',(#2634),#2637);
#2634 = B_SPLINE_CURVE_WITH_KNOTS('',1,(#2635,#2636),.UNSPECIFIED.,.F.,
  .F.,(2,2),(0.,1.),.PIECEWISE_BEZIER_KNOTS.);
#2635 = CARTESIAN_POINT('',(-6.28318530718,0.));
#2636 = CARTESIAN_POINT('',(-6.28318530718,-10.));
#2637 = ( GEOMETRIC_REPRESENTATION_CONTEXT(2) 
PARAMETRIC_REPRESENTATION_CONTEXT() REPRESENTATION_CONTEXT('2D SPACE',''
  ) );
#2638 = ORIENTED_EDGE('',*,*,#2639,.F.);
#2639 = EDGE_CURVE('',#2620,#2620,#2640,.T.);
#2640 = SURFACE_CURVE('',#2641,(#2646,#2653),.PCURVE_S1.);
#2641 = CIRCLE('',#2642,2.8);
#2642 = AXIS2_PLACEMENT_3D('',#2643,#2644,#2645);
#2643 = CARTESIAN_POINT('',(11.551124725083,3.566092111355,
    3.683708241694));
#2644 = DIRECTION('',(0.841854120847,0.461015351893,0.280618040282));
#2645 = DIRECTION('',(-0.480314622866,0.877096267842,-1.387778780781E-17
    ));
#2646 = PCURVE('',#449,#2647);
#2647 = DEFINITIONAL_REPRESENTATION('',(#2648),#2652);
#2648 = LINE('',#2649,#2650);
#2649 = CARTESIAN_POINT('',(-0.,-10.));
#2650 = VECTOR('',#2651,1.);
#2651 = DIRECTION('',(-1.,-0.));
#2652 = ( GEOMETRIC_REPRESENTATION_CONTEXT(2) 
PARAMETRIC_REPRESENTATION_CONTEXT() REPRESENTATION_CONTEXT('2D SPACE',''
  ) );
#2653 = PCURVE('',#2654,#2659);
#2654 = PLANE('',#2655);
#2655 = AXIS2_PLACEMENT_3D('',#2656,#2657,#2658);
#2656 = CARTESIAN_POINT('',(11.551124725083,3.566092111355,
    3.683708241694));
#2657 = DIRECTION('',(0.841854120847,0.461015351893,0.280618040282));
#2658 = DIRECTION('',(-0.480314622866,0.877096267842,-1.387778780781E-17
    ));
#2659 = DEFINITIONAL_REPRESENTATION('',(#2660),#2664);
#2660 = CIRCLE('',#2661,2.8);
#2661 = AXIS2_PLACEMENT_2D('',#2662,#2663);
#2662 = CARTESIAN_POINT('',(0.,0.));
#2663 = DIRECTION('',(1.,-1.443540395077E-17));
#2664 = ( GEOMETRIC_REPRESENTATION_CONTEXT(2) 
PARAMETRIC_REPRESENTATION_CONTEXT() REPRESENTATION_CONTEXT('2D SPACE',''
  ) );
#2665 = ORIENTED_EDGE('',*,*,#2619,.F.);
#2666 = ORIENTED_EDGE('',*,*,#21,.T.);
#2667 = ORIENTED_EDGE('',*,*,#2506,.T.);
#2668 = ADVANCED_FACE('',(#2669),#1562,.F.);
#2669 = FACE_BOUND('',#2670,.F.);
#2670 = EDGE_LOOP('',(#2671,#2692,#2693));
#2671 = ORIENTED_EDGE('',*,*,#2672,.F.);
#2672 = EDGE_CURVE('',#1835,#849,#2673,.T.);
#2673 = SURFACE_CURVE('',#2674,(#2678,#2685),.PCURVE_S1.);
#2674 = LINE('',#2675,#2676);
#2675 = CARTESIAN_POINT('',(1.725,-40.,-8.));
#2676 = VECTOR('',#2677,1.);
#2677 = DIRECTION('',(-0.,1.,0.));
#2678 = PCURVE('',#1562,#2679);
#2679 = DEFINITIONAL_REPRESENTATION('',(#2680),#2684);
#2680 = LINE('',#2681,#2682);
#2681 = CARTESIAN_POINT('',(0.,0.));
#2682 = VECTOR('',#2683,1.);
#2683 = DIRECTION('',(0.,1.));
#2684 = ( GEOMETRIC_REPRESENTATION_CONTEXT(2) 
PARAMETRIC_REPRESENTATION_CONTEXT() REPRESENTATION_CONTEXT('2D SPACE',''
  ) );
#2685 = PCURVE('',#1296,#2686);
#2686 = DEFINITIONAL_REPRESENTATION('',(#2687),#2691);
#2687 = LINE('',#2688,#2689);
#2688 = CARTESIAN_POINT('',(0.,0.));
#2689 = VECTOR('',#2690,1.);
#2690 = DIRECTION('',(0.,-1.));
#2691 = ( GEOMETRIC_REPRESENTATION_CONTEXT(2) 
PARAMETRIC_REPRESENTATION_CONTEXT() REPRESENTATION_CONTEXT('2D SPACE',''
  ) );
#2692 = ORIENTED_EDGE('',*,*,#2561,.F.);
#2693 = ORIENTED_EDGE('',*,*,#1524,.F.);
#2694 = ADVANCED_FACE('',(#2695),#1296,.F.);
#2695 = FACE_BOUND('',#2696,.F.);
#2696 = EDGE_LOOP('',(#2697,#2698,#2699));
#2697 = ORIENTED_EDGE('',*,*,#1834,.T.);
#2698 = ORIENTED_EDGE('',*,*,#2672,.T.);
#2699 = ORIENTED_EDGE('',*,*,#848,.T.);
#2700 = ADVANCED_FACE('',(#2701),#2654,.T.);
#2701 = FACE_BOUND('',#2702,.T.);
#2702 = EDGE_LOOP('',(#2703));
#2703 = ORIENTED_EDGE('',*,*,#2639,.T.);
#2704 = ( GEOMETRIC_REPRESENTATION_CONTEXT(3) 
GLOBAL_UNCERTAINTY_ASSIGNED_CONTEXT((#2708)) 
GLOBAL_UNIT_ASSIGNED_CONTEXT((#2705,#2706,#2707)) REPRESENTATION_CONTEXT
('Context #1','3D Context with UNIT and UNCERTAINTY') );
#2705 = ( LENGTH_UNIT() NAMED_UNIT(*) SI_UNIT(.MILLI.,.METRE.) );
#2706 = ( NAMED_UNIT(*) PLANE_ANGLE_UNIT() SI_UNIT($,.RADIAN.) );
#2707 = ( NAMED_UNIT(*) SI_UNIT($,.STERADIAN.) SOLID_ANGLE_UNIT() );
#2708 = UNCERTAINTY_MEASURE_WITH_UNIT(LENGTH_MEASURE(5.E-06),#2705,
  'distance_accuracy_value','confusion accuracy');
#2709 = PRODUCT_RELATED_PRODUCT_CATEGORY('part',$,(#7));
ENDSEC;
END-ISO-10303-21;
