ISO-10303-21;
HEADER;
FILE_DESCRIPTION(('Open CASCADE Model'),'2;1');
FILE_NAME('Open CASCADE Shape Model','2026-10-06T00:54:08',('Author'),(
    'Open CASCADE'),'Open CASCADE STEP processor 8.0','build123d',
  'Unknown');
FILE_SCHEMA(('AUTOMOTIVE_DESIGN { 1 0 10303 214 1 1 1 1 }'));
ENDSEC;
DATA;
#1 = APPLICATION_PROTOCOL_DEFINITION('international standard',
  'automotive_design',2000,#2);
#2 = APPLICATION_CONTEXT(
  'core data for automotive mechanical design processes');
#3 = SHAPE_DEFINITION_REPRESENTATION(#4,#10);
#4 = PRODUCT_DEFINITION_SHAPE('','',#5);
#5 = PRODUCT_DEFINITION('design','',#6,#9);
#6 = PRODUCT_DEFINITION_FORMATION('','',#7);
#7 = PRODUCT('COMPOUND','COMPOUND','',(#8));
#8 = PRODUCT_CONTEXT('',#2,'mechanical');
#9 = PRODUCT_DEFINITION_CONTEXT('part definition',#2,'design');
#10 = ADVANCED_BREP_SHAPE_REPRESENTATION('',(#11,#15),#1504);
#11 = AXIS2_PLACEMENT_3D('',#12,#13,#14);
#12 = CARTESIAN_POINT('',(0.,0.,0.));
#13 = DIRECTION('',(0.,0.,1.));
#14 = DIRECTION('',(1.,0.,-0.));
#15 = MANIFOLD_SOLID_BREP('',#16);
#16 = CLOSED_SHELL('',(#17,#751,#1500));
#17 = ADVANCED_FACE('',(#18),#183,.F.);
#18 = FACE_BOUND('',#19,.F.);
#19 = EDGE_LOOP('',(#20));
#20 = ORIENTED_EDGE('',*,*,#21,.F.);
#21 = EDGE_CURVE('',#22,#22,#24,.T.);
#22 = VERTEX_POINT('',#23);
#23 = CARTESIAN_POINT('',(9.814600737976,1.7763568394E-16,-1.8));
#24 = SURFACE_CURVE('',#25,(#182,#583),.PCURVE_S1.);
#25 = B_SPLINE_CURVE_WITH_KNOTS('',8,(#26,#27,#28,#29,#30,#31,#32,#33,
    #34,#35,#36,#37,#38,#39,#40,#41,#42,#43,#44,#45,#46,#47,#48,#49,#50,
    #51,#52,#53,#54,#55,#56,#57,#58,#59,#60,#61,#62,#63,#64,#65,#66,#67,
    #68,#69,#70,#71,#72,#73,#74,#75,#76,#77,#78,#79,#80,#81,#82,#83,#84,
    #85,#86,#87,#88,#89,#90,#91,#92,#93,#94,#95,#96,#97,#98,#99,#100,
    #101,#102,#103,#104,#105,#106,#107,#108,#109,#110,#111,#112,#113,
    #114,#115,#116,#117,#118,#119,#120,#121,#122,#123,#124,#125,#126,
    #127,#128,#129,#130,#131,#132,#133,#134,#135,#136,#137,#138,#139,
    #140,#141,#142,#143,#144,#145,#146,#147,#148,#149,#150,#151,#152,
    #153,#154,#155,#156,#157,#158,#159,#160,#161,#162,#163,#164,#165,
    #166,#167,#168,#169,#170,#171,#172,#173,#174,#175,#176,#177,#178,
    #179,#180,#181),.UNSPECIFIED.,.T.,.F.,(9,7,7,7,7,7,7,7,7,7,7,7,7,7,7
    ,7,7,7,7,7,7,7,9),(0.,4.220453722647E-02,7.199562573572E-02,
    0.117814707581,0.159530076156,0.285041194046,0.404953963332,
    0.432695017048,0.466088446787,0.478457697211,0.485567194479,
    0.4999580374,0.517580576773,0.526618797901,0.545323267931,
    0.573721083543,0.600936122665,0.714584436912,0.83360860633,
    0.873840332299,0.919528092387,0.954245011017,1.),.UNSPECIFIED.);
#26 = CARTESIAN_POINT('',(9.814600737976,-3.330669073875E-15,-1.8));
#27 = CARTESIAN_POINT('',(9.814600737976,-5.1135753266E-02,
    -1.800000000001));
#28 = CARTESIAN_POINT('',(9.812452777272,-0.102290989931,-1.80395169534)
  );
#29 = CARTESIAN_POINT('',(9.80815443012,-0.153033717384,-1.811860039288)
  );
#30 = CARTESIAN_POINT('',(9.801764771155,-0.202992205139,-1.823598540638
    ));
#31 = CARTESIAN_POINT('',(9.7933845622,-0.251854756493,-1.838948461373)
  );
#32 = CARTESIAN_POINT('',(9.783141107395,-0.299367901636,-1.857630849931
    ));
#33 = CARTESIAN_POINT('',(9.771177776658,-0.345333012223,-1.879331410086
    ));
#34 = CARTESIAN_POINT('',(9.748098018314,-0.420849200309,-1.920932211932
    ));
#35 = CARTESIAN_POINT('',(9.737762803412,-0.451266433828,-1.939493035705
    ));
#36 = CARTESIAN_POINT('',(9.726690715611,-0.480814620857,-1.95929406497)
  );
#37 = CARTESIAN_POINT('',(9.714928979045,-0.509468094478,-1.980230411924
    ));
#38 = CARTESIAN_POINT('',(9.70252290852,-0.537212281855,-2.002200944441)
  );
#39 = CARTESIAN_POINT('',(9.689514938913,-0.564042048128,-2.025110317777
    ));
#40 = CARTESIAN_POINT('',(9.675943654566,-0.589960040314,-2.048871006268
    ));
#41 = CARTESIAN_POINT('',(9.640155549587,-0.653448412742,-2.111139452002
    ));
#42 = CARTESIAN_POINT('',(9.617221556135,-0.689775879524,-2.15069338952)
  );
#43 = CARTESIAN_POINT('',(9.593161134188,-0.723998214192,-2.191787773016
    ));
#44 = CARTESIAN_POINT('',(9.568080789168,-0.756168086464,-2.23417462458)
  );
#45 = CARTESIAN_POINT('',(9.542072872484,-0.786347461149,-2.277637207385
    ));
#46 = CARTESIAN_POINT('',(9.515215217952,-0.814605006152,-2.321989870098
    ));
#47 = CARTESIAN_POINT('',(9.487570778216,-0.841013500489,-2.367077891291
    ));
#48 = CARTESIAN_POINT('',(9.433345868737,-0.888074702155,-2.454383759345
    ));
#49 = CARTESIAN_POINT('',(9.406895957612,-0.909026164913,-2.496487755619
    ));
#50 = CARTESIAN_POINT('',(9.379885695833,-0.928558095707,-2.538995635216
    ));
#51 = CARTESIAN_POINT('',(9.352320764396,-0.946712142375,-2.581798569362
    ));
#52 = CARTESIAN_POINT('',(9.324279719,-0.963553778173,-2.624853821253));
#53 = CARTESIAN_POINT('',(9.295769245606,-0.979120204677,-2.668079144792
    ));
#54 = CARTESIAN_POINT('',(9.26683145548,-0.9934614146,-2.711431117842));
#55 = CARTESIAN_POINT('',(9.149205676122,-1.046203641795,-2.885542226127
    ));
#56 = CARTESIAN_POINT('',(9.057346032197,-1.075032785042,-3.01683362691)
  );
#57 = CARTESIAN_POINT('',(8.96254562194,-1.094320361171,-3.147680125555)
  );
#58 = CARTESIAN_POINT('',(8.865353642853,-1.104874156069,-3.277362609861
    ));
#59 = CARTESIAN_POINT('',(8.766262751962,-1.107297708857,-3.405368738364
    ));
#60 = CARTESIAN_POINT('',(8.665704231799,-1.102033102379,-3.531341468632
    ));
#61 = CARTESIAN_POINT('',(8.56404024542,-1.08931852248,-3.655054207244)
  );
#62 = CARTESIAN_POINT('',(8.363699166027,-1.049852284219,-3.8922522748)
  );
#63 = CARTESIAN_POINT('',(8.265341120114,-1.023799737516,-4.005651842891
    ));
#64 = CARTESIAN_POINT('',(8.166670319786,-0.991001813292,-4.116589867015
    ));
#65 = CARTESIAN_POINT('',(8.068016235427,-0.951221830638,-4.224896181565
    ));
#66 = CARTESIAN_POINT('',(7.969851410917,-0.904124922923,-4.330259140735
    ));
#67 = CARTESIAN_POINT('',(7.872948736049,-0.849007953562,-4.432101194084
    ));
#68 = CARTESIAN_POINT('',(7.778259810349,-0.785093295899,-4.529712783026
    ));
#69 = CARTESIAN_POINT('',(7.666476208291,-0.692972044092,-4.643022503781
    ));
#70 = CARTESIAN_POINT('',(7.645692856544,-0.675088763739,-4.664002371175
    ));
#71 = CARTESIAN_POINT('',(7.625151400901,-0.656606582894,-4.684654359473
    ));
#72 = CARTESIAN_POINT('',(7.604879964079,-0.637501418866,-4.704954868557
    ));
#73 = CARTESIAN_POINT('',(7.584911790862,-0.617747922345,-4.724875578877
    ));
#74 = CARTESIAN_POINT('',(7.565285703089,-0.597319023976,-4.744383103527
    ));
#75 = CARTESIAN_POINT('',(7.546046554655,-0.576185480923,-4.76343864031)
  );
#76 = CARTESIAN_POINT('',(7.504614049049,-0.52798923429,-4.80433809141)
  );
#77 = CARTESIAN_POINT('',(7.482626719433,-0.500606453361,-4.825949918591
    ));
#78 = CARTESIAN_POINT('',(7.46136493353,-0.472103324271,-4.846763721909)
  );
#79 = CARTESIAN_POINT('',(7.440938274231,-0.442423971937,-4.866683139131
    ));
#80 = CARTESIAN_POINT('',(7.421484743235,-0.411522157394,-4.885585656402
    ));
#81 = CARTESIAN_POINT('',(7.403169275839,-0.379364305564,-4.903324410453
    ));
#82 = CARTESIAN_POINT('',(7.386180698739,-0.345933806006,-4.919730965861
    ));
#83 = CARTESIAN_POINT('',(7.365002979303,-0.298384399886,-4.940133764616
    ));
#84 = CARTESIAN_POINT('',(7.359490432916,-0.285360650485,-4.945439164613
    ));
#85 = CARTESIAN_POINT('',(7.354200395066,-0.27216687022,-4.950525486409)
  );
#86 = CARTESIAN_POINT('',(7.349144277111,-0.258805603054,-4.955382478721
    ));
#87 = CARTESIAN_POINT('',(7.344333808343,-0.245280521186,-4.95999959248)
  );
#88 = CARTESIAN_POINT('',(7.339780845986,-0.231596541105,-4.964366153414
    ));
#89 = CARTESIAN_POINT('',(7.335497185178,-0.217759939645,-4.968471534611
    ));
#90 = CARTESIAN_POINT('',(7.329193662779,-0.195742314537,-4.974508886348
    ));
#91 = CARTESIAN_POINT('',(7.326985721455,-0.187658324166,-4.97662273535)
  );
#92 = CARTESIAN_POINT('',(7.324872775368,-0.179527995275,-4.978644864555
    ));
#93 = CARTESIAN_POINT('',(7.322856983038,-0.171352992715,-4.980573326626
    ));
#94 = CARTESIAN_POINT('',(7.320940431135,-0.163135149834,-4.982406238444
    ));
#95 = CARTESIAN_POINT('',(7.319125134474,-0.154876468485,-4.984141781103
    ));
#96 = CARTESIAN_POINT('',(7.317413036017,-0.146579119022,-4.985778199912
    ));
#97 = CARTESIAN_POINT('',(7.31255310401,-0.121376643969,-4.990422131479)
  );
#98 = CARTESIAN_POINT('',(7.309730397787,-0.104357847325,-4.993117676172
    ));
#99 = CARTESIAN_POINT('',(7.307353474181,-8.720991889992E-02,
    -4.995386345248));
#100 = CARTESIAN_POINT('',(7.305435616527,-6.995541547504E-02,
    -4.99721612847));
#101 = CARTESIAN_POINT('',(7.303987393759,-5.261858256287E-02,
    -4.998597470034));
#102 = CARTESIAN_POINT('',(7.303016248643,-3.522535488882E-02,
    -4.999523640016));
#103 = CARTESIAN_POINT('',(7.30252608602,-1.78033568724E-02,
    -4.999991105808));
#104 = CARTESIAN_POINT('',(7.302505564455,2.095181977235E-02,
    -5.000010677012));
#105 = CARTESIAN_POINT('',(7.303215471726,4.228860380274E-02,
    -4.999333637677));
#106 = CARTESIAN_POINT('',(7.30464692848,6.35734883924E-02,
    -4.997968487573));
#107 = CARTESIAN_POINT('',(7.306791232288,8.475596696101E-02,
    -4.995923099003));
#108 = CARTESIAN_POINT('',(7.309631903073,0.105789912612,-4.993212369409
    ));
#109 = CARTESIAN_POINT('',(7.313145953513,0.126633503803,-4.989857076217
    ));
#110 = CARTESIAN_POINT('',(7.317305159438,0.147249150026,-4.98588273168)
  );
#111 = CARTESIAN_POINT('',(7.32452487392,0.17804268313,-4.978977509598)
  );
#112 = CARTESIAN_POINT('',(7.32713388588,0.188413939387,-4.97648118186)
  );
#113 = CARTESIAN_POINT('',(7.329900064802,0.198713198199,-4.973833337706
    ));
#114 = CARTESIAN_POINT('',(7.332819031023,0.208936890252,-4.971037928787
    ));
#115 = CARTESIAN_POINT('',(7.335886326532,0.219081864961,-4.968098975204
    ));
#116 = CARTESIAN_POINT('',(7.339097414969,0.22914539047,-4.965020565511)
  );
#117 = CARTESIAN_POINT('',(7.342447681626,0.239125153656,-4.961806856714
    ));
#118 = CARTESIAN_POINT('',(7.353144077758,0.269494972681,-4.9515400946)
  );
#119 = CARTESIAN_POINT('',(7.360931599143,0.289602634351,-4.944056864563
    ));
#120 = CARTESIAN_POINT('',(7.369254574197,0.309326897694,-4.936048735905
    ));
#121 = CARTESIAN_POINT('',(7.378073269305,0.328657931255,-4.927551411589
    ));
#122 = CARTESIAN_POINT('',(7.387349427272,0.347590769763,-4.918599224147
    ));
#123 = CARTESIAN_POINT('',(7.397047053963,0.366124664334,-4.909224414025
    ));
#124 = CARTESIAN_POINT('',(7.407133204947,0.384262432671,-4.899456407933
    ));
#125 = CARTESIAN_POINT('',(7.433437617122,0.428954530353,-4.873933294951
    ));
#126 = CARTESIAN_POINT('',(7.450121307002,0.454993544098,-4.857702363728
    ));
#127 = CARTESIAN_POINT('',(7.467528692829,0.480151233623,-4.840718073659
    ));
#128 = CARTESIAN_POINT('',(7.485570455655,0.504454780313,-4.82305960876)
  );
#129 = CARTESIAN_POINT('',(7.504168967895,0.527933805045,-4.804795585014
    ));
#130 = CARTESIAN_POINT('',(7.523258154695,0.550620009434,-4.785984068454
    ));
#131 = CARTESIAN_POINT('',(7.542783355302,0.572546817065,-4.766672593253
    ));
#132 = CARTESIAN_POINT('',(7.581789430748,0.614068135295,-4.727947375891
    ));
#133 = CARTESIAN_POINT('',(7.601234747384,0.63371806789,-4.708574881074)
  );
#134 = CARTESIAN_POINT('',(7.620996686477,0.652727340424,-4.688815495828
    ));
#135 = CARTESIAN_POINT('',(7.6410397571,0.671121873089,-4.668699624807)
  );
#136 = CARTESIAN_POINT('',(7.661333058494,0.68892539987,-4.648253559283)
  );
#137 = CARTESIAN_POINT('',(7.681849913289,0.706159890044,-4.627499759562
    ));
#138 = CARTESIAN_POINT('',(7.702567500731,0.722845969681,-4.606457137414
    ));
#139 = CARTESIAN_POINT('',(7.810739371553,0.806475531908,-4.496127885205
    ));
#140 = CARTESIAN_POINT('',(7.901055277511,0.864634607232,-4.402473342329
    ));
#141 = CARTESIAN_POINT('',(7.993149669026,0.915058225068,-4.305178439082
    ));
#142 = CARTESIAN_POINT('',(8.086259232983,0.958406639324,-4.204807014638
    ));
#143 = CARTESIAN_POINT('',(8.179773755223,0.995221846825,-4.101804818986
    ));
#144 = CARTESIAN_POINT('',(8.273289379325,1.02578475917,-3.99643658537)
  );
#145 = CARTESIAN_POINT('',(8.366516341634,1.050275706408,-3.88885668508)
  );
#146 = CARTESIAN_POINT('',(8.556445640895,1.087956897342,-3.664107473259
    ));
#147 = CARTESIAN_POINT('',(8.652912245892,1.100520776489,-3.546951796742
    ));
#148 = CARTESIAN_POINT('',(8.748406552385,1.106386674428,-3.427750717153
    ));
#149 = CARTESIAN_POINT('',(8.842614937863,1.105363486381,-3.306702443005
    ));
#150 = CARTESIAN_POINT('',(8.935175307683,1.09709812418,-3.184101035724)
  );
#151 = CARTESIAN_POINT('',(9.025680760324,1.081103390003,-3.06035665854)
  );
#152 = CARTESIAN_POINT('',(9.113682032594,1.056725761031,-2.936032944374
    ));
#153 = CARTESIAN_POINT('',(9.227395541705,1.011611340115,-2.769988633035
    ));
#154 = CARTESIAN_POINT('',(9.25577048878,0.999149902062,-2.728077853534)
  );
#155 = CARTESIAN_POINT('',(9.283773826496,0.985589196705,-2.686238278742
    ));
#156 = CARTESIAN_POINT('',(9.311377009092,0.970890122285,-2.644508786661
    ));
#157 = CARTESIAN_POINT('',(9.338555601327,0.955013356689,-2.60293997497)
  );
#158 = CARTESIAN_POINT('',(9.365280131331,0.937916318975,-2.561588671376
    ));
#159 = CARTESIAN_POINT('',(9.391510363558,0.919551079911,-2.520515017334
    ));
#160 = CARTESIAN_POINT('',(9.44641267457,0.8775226725,-2.433559940875));
#161 = CARTESIAN_POINT('',(9.474928155607,0.853483132558,-2.387790538393
    ));
#162 = CARTESIAN_POINT('',(9.502723821668,0.827682062526,-2.342598128233
    ));
#163 = CARTESIAN_POINT('',(9.529746380573,0.800048712384,-2.298115741982
    ));
#164 = CARTESIAN_POINT('',(9.555930194642,0.770513603076,-2.254502350137
    ));
#165 = CARTESIAN_POINT('',(9.581197282139,0.739009915819,-2.211943728062
    ));
#166 = CARTESIAN_POINT('',(9.605457318708,0.705474881399,-2.170653321946
    ));
#167 = CARTESIAN_POINT('',(9.64619895381,0.642781654457,-2.100645189091)
  );
#168 = CARTESIAN_POINT('',(9.663145873745,0.614511310283,-2.071295553015
    ));
#169 = CARTESIAN_POINT('',(9.679403274513,0.585016679602,-2.042929996691
    ));
#170 = CARTESIAN_POINT('',(9.694917181412,0.554282142338,-2.015672392998
    ));
#171 = CARTESIAN_POINT('',(9.709626247558,0.522302853613,-1.989661678125
    ));
#172 = CARTESIAN_POINT('',(9.723463232302,0.489087681653,-1.965048832168
    ));
#173 = CARTESIAN_POINT('',(9.736356479641,0.454662145711,-1.941993859727
    ));
#174 = CARTESIAN_POINT('',(9.763881884002,0.372164648318,-1.892549568309
    ));
#175 = CARTESIAN_POINT('',(9.777776837966,0.323195181241,-1.867406768298
    ));
#176 = CARTESIAN_POINT('',(9.789720354781,0.272321069694,-1.845657407726
    ));
#177 = CARTESIAN_POINT('',(9.799525808337,0.219767142637,-1.827711273095
    ));
#178 = CARTESIAN_POINT('',(9.807023515426,0.165833485107,-1.813940815633
    ));
#179 = CARTESIAN_POINT('',(9.812075983075,0.110901723471,-1.804644844827
    ));
#180 = CARTESIAN_POINT('',(9.814600737971,5.543905189255E-02,
    -1.80000000001));
#181 = CARTESIAN_POINT('',(9.814600737976,2.109423746788E-14,-1.8));
#182 = PCURVE('',#183,#424);
#183 = ( BOUNDED_SURFACE() B_SPLINE_SURFACE(14,3,(
    (#184,#185,#186,#187,#188,#189,#190,#191,#192,#193,#194,#195,#196
      ,#197,#198,#199)
    ,(#200,#201,#202,#203,#204,#205,#206,#207,#208,#209,#210,#211,#212
      ,#213,#214,#215)
    ,(#216,#217,#218,#219,#220,#221,#222,#223,#224,#225,#226,#227,#228
      ,#229,#230,#231)
    ,(#232,#233,#234,#235,#236,#237,#238,#239,#240,#241,#242,#243,#244
      ,#245,#246,#247)
    ,(#248,#249,#250,#251,#252,#253,#254,#255,#256,#257,#258,#259,#260
      ,#261,#262,#263)
    ,(#264,#265,#266,#267,#268,#269,#270,#271,#272,#273,#274,#275,#276
      ,#277,#278,#279)
    ,(#280,#281,#282,#283,#284,#285,#286,#287,#288,#289,#290,#291,#292
      ,#293,#294,#295)
    ,(#296,#297,#298,#299,#300,#301,#302,#303,#304,#305,#306,#307,#308
      ,#309,#310,#311)
    ,(#312,#313,#314,#315,#316,#317,#318,#319,#320,#321,#322,#323,#324
      ,#325,#326,#327)
    ,(#328,#329,#330,#331,#332,#333,#334,#335,#336,#337,#338,#339,#340
      ,#341,#342,#343)
    ,(#344,#345,#346,#347,#348,#349,#350,#351,#352,#353,#354,#355,#356
      ,#357,#358,#359)
    ,(#360,#361,#362,#363,#364,#365,#366,#367,#368,#369,#370,#371,#372
      ,#373,#374,#375)
    ,(#376,#377,#378,#379,#380,#381,#382,#383,#384,#385,#386,#387,#388
      ,#389,#390,#391)
    ,(#392,#393,#394,#395,#396,#397,#398,#399,#400,#401,#402,#403,#404
      ,#405,#406,#407)
    ,(#408,#409,#410,#411,#412,#413,#414,#415,#416,#417,#418,#419,#420
      ,#421,#422,#423
)),.UNSPECIFIED.,.T.,.F.,.F.) B_SPLINE_SURFACE_WITH_KNOTS((1,14,14,1),(4
    ,1,1,1,1,1,1,1,1,1,1,1,1,4),(-1.,0.,1.,2.),(0.,3.142104686045E-02,
    8.182743732441E-02,0.165012827958,0.275119682777,0.368532333937,
    0.460461739274,0.555375670284,0.658391979945,0.764671725459,
    0.830566078559,0.884453584463,0.92477443307,1.),.UNSPECIFIED.) 
GEOMETRIC_REPRESENTATION_ITEM() RATIONAL_B_SPLINE_SURFACE((
    (1.,1.,1.,1.,1.,1.,1.,1.,1.,1.,1.,1.,1.000000000001,0.999999999995
      ,1.000000000019,1.)
    ,(1.,1.,1.,1.,1.,1.,1.,1.,1.,1.,1.,1.,1.000000000001,0.999999999995
      ,1.000000000019,1.)
    ,(1.,1.,1.,1.,1.,1.,1.,1.,1.,1.,1.,1.,1.000000000001,0.999999999995
      ,1.000000000019,1.)
    ,(1.,1.,1.,1.,1.,1.,1.,1.,1.,1.,1.,1.,1.000000000001,0.999999999995
      ,1.000000000019,1.)
    ,(1.,1.,1.,1.,1.,1.,1.,1.,1.,1.,1.,1.,1.000000000001,0.999999999995
      ,1.000000000019,1.)
    ,(1.,1.,1.,1.,1.,1.,1.,1.,1.,1.,1.,1.,1.000000000001,0.999999999995
      ,1.000000000019,1.)
    ,(1.,1.,1.,1.,1.,1.,1.,1.,1.,1.,1.,1.,1.000000000001,0.999999999995
      ,1.000000000019,1.)
    ,(1.,1.,1.,1.,1.,1.,1.,1.,1.,1.,1.,1.,1.000000000001,0.999999999995
      ,1.000000000019,1.)
    ,(1.,1.,1.,1.,1.,1.,1.,1.,1.,1.,1.,1.,1.000000000001,0.999999999995
      ,1.000000000019,1.)
    ,(1.,1.,1.,1.,1.,1.,1.,1.,1.,1.,1.,1.,1.000000000001,0.999999999995
      ,1.000000000019,1.)
    ,(1.,1.,1.,1.,1.,1.,1.,1.,1.,1.,1.,1.,1.000000000001,0.999999999995
      ,1.000000000019,1.)
    ,(1.,1.,1.,1.,1.,1.,1.,1.,1.,1.,1.,1.,1.000000000001,0.999999999995
      ,1.000000000019,1.)
    ,(1.,1.,1.,1.,1.,1.,1.,1.,1.,1.,1.,1.,1.000000000001,0.999999999995
      ,1.000000000019,1.)
    ,(1.,1.,1.,1.,1.,1.,1.,1.,1.,1.,1.,1.,1.000000000001,0.999999999995
      ,1.000000000019,1.)
    ,(1.,1.,1.,1.,1.,1.,1.,1.,1.,1.,1.,1.,1.000000000001,0.999999999995
,1.000000000019,1.))) REPRESENTATION_ITEM('') SURFACE() );
#184 = CARTESIAN_POINT('',(0.5533,0.,10.563));
#185 = CARTESIAN_POINT('',(0.885711151583,2.548085154491E-16,
    10.527907694197));
#186 = CARTESIAN_POINT('',(1.765165185309,-2.846569885256E-16,
    10.42719936285));
#187 = CARTESIAN_POINT('',(3.513817344951,-3.217406541046E-15,
    10.110796149505));
#188 = CARTESIAN_POINT('',(6.12762346079,-3.639409257182E-15,
    9.476327443279));
#189 = CARTESIAN_POINT('',(9.170057275979,1.615999481843E-15,
    8.008980681597));
#190 = CARTESIAN_POINT('',(10.851024212383,2.046216627762E-15,
    4.619417531576));
#191 = CARTESIAN_POINT('',(10.680779873317,-1.692068085008E-15,
    0.955314176105));
#192 = CARTESIAN_POINT('',(9.738290749175,-9.067895113364E-15,
    -2.759588718321));
#193 = CARTESIAN_POINT('',(6.688943008531,2.976196169821E-15,
    -5.717679553773));
#194 = CARTESIAN_POINT('',(3.485146203765,2.873008412317E-15,
    -7.563505269303));
#195 = CARTESIAN_POINT('',(1.557036371213,-4.730386697279E-15,
    -9.815871428494));
#196 = CARTESIAN_POINT('',(1.320270234636,-1.018820486941E-15,
    -11.96092147113));
#197 = CARTESIAN_POINT('',(0.558457702084,-4.193387850481E-16,
    -13.84243498399));
#198 = CARTESIAN_POINT('',(-2.531424281055,-2.265558592499E-14,
    -13.68326751149));
#199 = CARTESIAN_POINT('',(-2.012,0.,-13.9834));
#200 = CARTESIAN_POINT('',(0.5533,0.,10.563));
#201 = CARTESIAN_POINT('',(0.885711151581,0.129170884489,10.527907694197
    ));
#202 = CARTESIAN_POINT('',(1.765165185311,0.46122061398,10.42719936285)
  );
#203 = CARTESIAN_POINT('',(3.51381734495,1.125202639079,10.110796149505)
  );
#204 = CARTESIAN_POINT('',(6.127623460792,2.105494929347,9.476327443279)
  );
#205 = CARTESIAN_POINT('',(9.17005727598,3.173586729298,8.008980681597)
  );
#206 = CARTESIAN_POINT('',(10.851024212384,3.900599971247,4.619417531576
    ));
#207 = CARTESIAN_POINT('',(10.680779873319,3.925191935657,0.955314176105
    ));
#208 = CARTESIAN_POINT('',(9.738290749174,3.680821983992,-2.759588718321
    ));
#209 = CARTESIAN_POINT('',(6.688943008533,2.918261543208,-5.717679553773
    ));
#210 = CARTESIAN_POINT('',(3.485146203765,2.028205716967,-7.563505269303
    ));
#211 = CARTESIAN_POINT('',(1.557036371214,1.292497207328,-9.815871428494
    ));
#212 = CARTESIAN_POINT('',(1.320270234634,1.217769068852,-11.96092147113
    ));
#213 = CARTESIAN_POINT('',(0.558457702092,0.932233474415,-13.84243498399
    ));
#214 = CARTESIAN_POINT('',(-2.531424281094,-0.356517823751,
    -13.68326751149));
#215 = CARTESIAN_POINT('',(-2.012,0.,-13.9834));
#216 = CARTESIAN_POINT('',(0.5533,0.,10.563));
#217 = CARTESIAN_POINT('',(0.814655701979,0.258341816656,10.527907694197
    ));
#218 = CARTESIAN_POINT('',(1.501793034773,0.922441398212,10.42719936285)
  );
#219 = CARTESIAN_POINT('',(2.869928561639,2.250405693503,10.110796149505
    ));
#220 = CARTESIAN_POINT('',(4.933771222171,4.21099063587,9.476327443279)
  );
#221 = CARTESIAN_POINT('',(7.316175458011,6.347174630028,8.008980681597)
  );
#222 = CARTESIAN_POINT('',(8.611100073963,7.801201382289,4.619417531576)
  );
#223 = CARTESIAN_POINT('',(8.430066112924,7.850385320178,0.955314176105)
  );
#224 = CARTESIAN_POINT('',(7.63533061905,7.361645326655,-2.759588718321)
  );
#225 = CARTESIAN_POINT('',(5.114419088134,5.836524163607,-5.717679553773
    ));
#226 = CARTESIAN_POINT('',(2.437704596739,4.056412182581,-7.563505269303
    ));
#227 = CARTESIAN_POINT('',(0.82644440673,2.584994891757,-9.815871428494)
  );
#228 = CARTESIAN_POINT('',(0.593261529908,2.435538587214,-11.96092147113
    ));
#229 = CARTESIAN_POINT('',(-8.590974927387E-03,1.864467292945,
    -13.84243498399));
#230 = CARTESIAN_POINT('',(-2.362963120552,-0.713035779115,
    -13.68326751149));
#231 = CARTESIAN_POINT('',(-2.012,0.,-13.9834));
#232 = CARTESIAN_POINT('',(0.5533,0.,10.563));
#233 = CARTESIAN_POINT('',(0.672542266414,0.354823390814,10.527907694197
    ));
#234 = CARTESIAN_POINT('',(0.975066287329,1.266940787851,10.42719936285)
  );
#235 = CARTESIAN_POINT('',(1.58219561049,3.090852999281,10.110796149505)
  );
#236 = CARTESIAN_POINT('',(2.546045274364,5.78364739946,9.476327443279)
  );
#237 = CARTESIAN_POINT('',(3.608414467371,8.717620915642,8.008980681597)
  );
#238 = CARTESIAN_POINT('',(4.131247586997,10.714675473948,4.619417531576
    ));
#239 = CARTESIAN_POINT('',(3.928636539641,10.782227881248,0.955314176105
    ));
#240 = CARTESIAN_POINT('',(3.429405603446,10.110960705164,
    -2.759588718321));
#241 = CARTESIAN_POINT('',(1.965377407265,8.016260476358,-5.717679553773
    ));
#242 = CARTESIAN_POINT('',(0.342793719618,5.57133933547,-7.563505269303)
  );
#243 = CARTESIAN_POINT('',(-0.634686965706,3.550399484575,
    -9.815871428494));
#244 = CARTESIAN_POINT('',(-0.860713360842,3.345126511587,
    -11.96092147113));
#245 = CARTESIAN_POINT('',(-1.14267600053,2.56078019227,-13.84243498399)
  );
#246 = CARTESIAN_POINT('',(-2.025966664234,-0.979329541762,
    -13.68326751149));
#247 = CARTESIAN_POINT('',(-2.012,0.,-13.9834));
#248 = CARTESIAN_POINT('',(0.5533,0.,10.563));
#249 = CARTESIAN_POINT('',(0.480634656786,0.385929887455,10.527907694197
    ));
#250 = CARTESIAN_POINT('',(0.263668401253,1.378010380217,10.42719936285)
  );
#251 = CARTESIAN_POINT('',(-0.15702557333,3.36182050303,10.110796149505)
  );
#252 = CARTESIAN_POINT('',(-0.678390082973,6.290685585477,9.476327443279
    ));
#253 = CARTESIAN_POINT('',(-1.398777362852,9.481873365752,8.008980681597
    ));
#254 = CARTESIAN_POINT('',(-1.918593216562,11.654004800463,
    4.619417531576));
#255 = CARTESIAN_POINT('',(-2.150352438385,11.727479361621,
    0.955314176105));
#256 = CARTESIAN_POINT('',(-2.250504957111,10.997363838208,
    -2.759588718321));
#257 = CARTESIAN_POINT('',(-2.287301678227,8.719026376513,
    -5.717679553773));
#258 = CARTESIAN_POINT('',(-2.486180389518,6.059764994098,
    -7.563505269303));
#259 = CARTESIAN_POINT('',(-2.608109517835,3.861654301904,
    -9.815871428494));
#260 = CARTESIAN_POINT('',(-2.824428592077,3.63838555067,-11.96092147113
    ));
#261 = CARTESIAN_POINT('',(-2.674264291084,2.78527751275,-13.84243498399
    ));
#262 = CARTESIAN_POINT('',(-1.571182621172,-1.065184961404,
    -13.68326751149));
#263 = CARTESIAN_POINT('',(-2.012,0.,-13.9834));
#264 = CARTESIAN_POINT('',(0.5533,0.,10.563));
#265 = CARTESIAN_POINT('',(0.281395127568,0.330692300479,10.527907694197
    ));
#266 = CARTESIAN_POINT('',(-0.474599927138,1.180777746183,10.42719936285
    ));
#267 = CARTESIAN_POINT('',(-1.961919966528,2.880647993393,
    10.110796149505));
#268 = CARTESIAN_POINT('',(-4.025774223308,5.390308849984,9.476327443279
    ));
#269 = CARTESIAN_POINT('',(-6.596482752271,8.124746535664,8.008980681597
    ));
#270 = CARTESIAN_POINT('',(-8.198703128264,9.985983937574,4.619417531576
    ));
#271 = CARTESIAN_POINT('',(-8.460695009558,10.04894219107,0.955314176105
    ));
#272 = CARTESIAN_POINT('',(-8.146613532952,9.423327047155,
    -2.759588718321));
#273 = CARTESIAN_POINT('',(-6.701741797957,7.471084733363,
    -5.717679553773));
#274 = CARTESIAN_POINT('',(-5.423125334548,5.192439589077,
    -7.563505269303));
#275 = CARTESIAN_POINT('',(-4.656026602759,3.308941303052,
    -9.815871428494));
#276 = CARTESIAN_POINT('',(-4.862383961516,3.117628685513,
    -11.96092147113));
#277 = CARTESIAN_POINT('',(-4.263994447453,2.386624768047,
    -13.84243498399));
#278 = CARTESIAN_POINT('',(-1.098242810495,-0.912726577524,
    -13.68326751149));
#279 = CARTESIAN_POINT('',(-2.012,0.,-13.9834));
#280 = CARTESIAN_POINT('',(0.5533,0.,10.563));
#281 = CARTESIAN_POINT('',(0.129349365391,0.191651486704,10.527907694197
    ));
#282 = CARTESIAN_POINT('',(-1.038560941501,0.684315329434,10.42719936285
    ));
#283 = CARTESIAN_POINT('',(-3.340709224595,1.669468777639,
    10.110796149505));
#284 = CARTESIAN_POINT('',(-6.580709108825,3.123933346544,9.476327443279
    ));
#285 = CARTESIAN_POINT('',(-10.56445520933,4.708666486772,8.008980681597
    ));
#286 = CARTESIAN_POINT('',(-12.99283687819,5.787339666357,4.619417531576
    ));
#287 = CARTESIAN_POINT('',(-13.27795361079,5.823826886762,0.955314176105
    ));
#288 = CARTESIAN_POINT('',(-12.64759005604,5.461253968576,
    -2.759588718321));
#289 = CARTESIAN_POINT('',(-10.07184506269,4.329839232503,
    -5.717679553773));
#290 = CARTESIAN_POINT('',(-7.664601807831,3.009258955976,
    -7.563505269303));
#291 = CARTESIAN_POINT('',(-6.220505597104,1.917684564434,
    -9.815871428494));
#292 = CARTESIAN_POINT('',(-6.419047430301,1.806810051988,
    -11.96092147113));
#293 = CARTESIAN_POINT('',(-5.477849839626,1.383159463814,
    -13.84243498399));
#294 = CARTESIAN_POINT('',(-0.738758274836,-0.528967276269,
    -13.68326751149));
#295 = CARTESIAN_POINT('',(-2.012,0.,-13.9834));
#296 = CARTESIAN_POINT('',(0.5533,0.,10.563));
#297 = CARTESIAN_POINT('',(7.204535136435E-02,9.069996086819E-12,
    10.527907694197));
#298 = CARTESIAN_POINT('',(-1.250428772875,-4.229830212117E-12,
    10.42719936285));
#299 = CARTESIAN_POINT('',(-3.85864725618,-1.493795992877E-11,
    10.110796149505));
#300 = CARTESIAN_POINT('',(-7.543095270473,1.305045163795E-10,
    9.476327443279));
#301 = CARTESIAN_POINT('',(-12.05819088324,1.573210421503E-10,
    8.008980681597));
#302 = CARTESIAN_POINT('',(-14.7977666111,1.389251638611E-10,
    4.619417531576));
#303 = CARTESIAN_POINT('',(-15.09153449938,1.9935577185E-10,
    0.955314176105));
#304 = CARTESIAN_POINT('',(-14.34217015049,1.181809746221E-10,
    -2.759588718321));
#305 = CARTESIAN_POINT('',(-11.34041510027,9.894368365689E-11,
    -5.717679553773));
#306 = CARTESIAN_POINT('',(-8.5091383993,1.164215098757E-10,
    -7.563505269303));
#307 = CARTESIAN_POINT('',(-6.808148570563,-1.748970811712E-11,
    -9.815871428494));
#308 = CARTESIAN_POINT('',(-7.004001870023,-4.257210144088E-12,
    -11.96092147113));
#309 = CARTESIAN_POINT('',(-5.934512205413,2.594578665041E-11,
    -13.84243498399));
#310 = CARTESIAN_POINT('',(-0.601550955104,-1.149087859315E-10,
    -13.68326751149));
#311 = CARTESIAN_POINT('',(-2.012,0.,-13.9834));
#312 = CARTESIAN_POINT('',(0.5533,0.,10.563));
#313 = CARTESIAN_POINT('',(0.129349365386,-0.191651486722,
    10.527907694197));
#314 = CARTESIAN_POINT('',(-1.038560941497,-0.684315329426,
    10.42719936285));
#315 = CARTESIAN_POINT('',(-3.340709224593,-1.669468777613,
    10.110796149505));
#316 = CARTESIAN_POINT('',(-6.580709108833,-3.123933346782,
    9.476327443279));
#317 = CARTESIAN_POINT('',(-10.56445520933,-4.708666487061,
    8.008980681597));
#318 = CARTESIAN_POINT('',(-12.99283687818,-5.787339666611,
    4.619417531576));
#319 = CARTESIAN_POINT('',(-13.2779536108,-5.823826887126,0.955314176105
    ));
#320 = CARTESIAN_POINT('',(-12.64759005604,-5.461253968793,
    -2.759588718321));
#321 = CARTESIAN_POINT('',(-10.07184506269,-4.329839232686,
    -5.717679553773));
#322 = CARTESIAN_POINT('',(-7.664601807825,-3.009258956187,
    -7.563505269303));
#323 = CARTESIAN_POINT('',(-6.220505597108,-1.917684564405,
    -9.815871428494));
#324 = CARTESIAN_POINT('',(-6.41904743029,-1.806810051972,
    -11.96092147113));
#325 = CARTESIAN_POINT('',(-5.477849839649,-1.38315946389,
    -13.84243498399));
#326 = CARTESIAN_POINT('',(-0.738758274763,0.5289672766,-13.68326751149)
  );
#327 = CARTESIAN_POINT('',(-2.012,0.,-13.9834));
#328 = CARTESIAN_POINT('',(0.5533,0.,10.563));
#329 = CARTESIAN_POINT('',(0.281395127571,-0.330692300465,
    10.527907694197));
#330 = CARTESIAN_POINT('',(-0.47459992714,-1.180777746191,10.42719936285
    ));
#331 = CARTESIAN_POINT('',(-1.961919966532,-2.880647993412,
    10.110796149505));
#332 = CARTESIAN_POINT('',(-4.025774223296,-5.390308849803,
    9.476327443279));
#333 = CARTESIAN_POINT('',(-6.596482752274,-8.124746535442,
    8.008980681597));
#334 = CARTESIAN_POINT('',(-8.198703128271,-9.985983937383,
    4.619417531576));
#335 = CARTESIAN_POINT('',(-8.460695009552,-10.04894219079,
    0.955314176105));
#336 = CARTESIAN_POINT('',(-8.146613532952,-9.42332704699,
    -2.759588718321));
#337 = CARTESIAN_POINT('',(-6.701741797958,-7.471084733221,
    -5.717679553773));
#338 = CARTESIAN_POINT('',(-5.423125334552,-5.19243958892,
    -7.563505269303));
#339 = CARTESIAN_POINT('',(-4.656026602761,-3.308941303068,
    -9.815871428494));
#340 = CARTESIAN_POINT('',(-4.86238396151,-3.11762868554,-11.96092147113
    ));
#341 = CARTESIAN_POINT('',(-4.263994447502,-2.386624767933,
    -13.84243498399));
#342 = CARTESIAN_POINT('',(-1.098242810255,0.912726577035,
    -13.68326751149));
#343 = CARTESIAN_POINT('',(-2.012,0.,-13.9834));
#344 = CARTESIAN_POINT('',(0.5533,0.,10.563));
#345 = CARTESIAN_POINT('',(0.480634656785,-0.385929887467,
    10.527907694197));
#346 = CARTESIAN_POINT('',(0.263668401254,-1.37801038021,10.42719936285)
  );
#347 = CARTESIAN_POINT('',(-0.157025573325,-3.36182050302,
    10.110796149505));
#348 = CARTESIAN_POINT('',(-0.678390082983,-6.290685585588,
    9.476327443279));
#349 = CARTESIAN_POINT('',(-1.39877736285,-9.481873365891,8.008980681597
    ));
#350 = CARTESIAN_POINT('',(-1.918593216556,-11.65400480058,
    4.619417531576));
#351 = CARTESIAN_POINT('',(-2.15035243839,-11.72747936179,0.955314176105
    ));
#352 = CARTESIAN_POINT('',(-2.250504957111,-10.99736383831,
    -2.759588718321));
#353 = CARTESIAN_POINT('',(-2.287301678227,-8.719026376602,
    -5.717679553773));
#354 = CARTESIAN_POINT('',(-2.486180389512,-6.059764994198,
    -7.563505269303));
#355 = CARTESIAN_POINT('',(-2.608109517836,-3.861654301887,
    -9.815871428494));
#356 = CARTESIAN_POINT('',(-2.824428592074,-3.638385550674,
    -11.96092147113));
#357 = CARTESIAN_POINT('',(-2.674264291073,-2.785277512749,
    -13.84243498399));
#358 = CARTESIAN_POINT('',(-1.57118262125,1.065184961408,-13.68326751149
    ));
#359 = CARTESIAN_POINT('',(-2.012,0.,-13.9834));
#360 = CARTESIAN_POINT('',(0.5533,0.,10.563));
#361 = CARTESIAN_POINT('',(0.672542266414,-0.354823390807,
    10.527907694197));
#362 = CARTESIAN_POINT('',(0.975066287329,-1.266940787855,10.42719936285
    ));
#363 = CARTESIAN_POINT('',(1.582195610487,-3.090852999285,
    10.110796149505));
#364 = CARTESIAN_POINT('',(2.54604527437,-5.783647399406,9.476327443279)
  );
#365 = CARTESIAN_POINT('',(3.60841446737,-8.717620915573,8.008980681597)
  );
#366 = CARTESIAN_POINT('',(4.131247586994,-10.71467547389,4.619417531576
    ));
#367 = CARTESIAN_POINT('',(3.928636539644,-10.78222788116,0.955314176105
    ));
#368 = CARTESIAN_POINT('',(3.429405603445,-10.11096070511,
    -2.759588718321));
#369 = CARTESIAN_POINT('',(1.965377407265,-8.016260476313,
    -5.717679553773));
#370 = CARTESIAN_POINT('',(0.342793719614,-5.571339335424,
    -7.563505269303));
#371 = CARTESIAN_POINT('',(-0.634686965705,-3.550399484578,
    -9.815871428494));
#372 = CARTESIAN_POINT('',(-0.860713360848,-3.345126511598,
    -11.96092147113));
#373 = CARTESIAN_POINT('',(-1.142676000527,-2.56078019222,
    -13.84243498399));
#374 = CARTESIAN_POINT('',(-2.025966664227,0.979329541546,
    -13.68326751149));
#375 = CARTESIAN_POINT('',(-2.012,0.,-13.9834));
#376 = CARTESIAN_POINT('',(0.5533,0.,10.563));
#377 = CARTESIAN_POINT('',(0.814655701978,-0.25834181666,10.527907694197
    ));
#378 = CARTESIAN_POINT('',(1.501793034773,-0.922441398209,10.42719936285
    ));
#379 = CARTESIAN_POINT('',(2.86992856164,-2.250405693502,10.110796149505
    ));
#380 = CARTESIAN_POINT('',(4.933771222168,-4.210990635889,9.476327443279
    ));
#381 = CARTESIAN_POINT('',(7.316175458011,-6.347174630054,8.008980681597
    ));
#382 = CARTESIAN_POINT('',(8.611100073964,-7.80120138231,4.619417531576)
  );
#383 = CARTESIAN_POINT('',(8.430066112923,-7.850385320208,0.955314176105
    ));
#384 = CARTESIAN_POINT('',(7.635330619051,-7.361645326673,
    -2.759588718321));
#385 = CARTESIAN_POINT('',(5.114419088134,-5.836524163623,
    -5.717679553773));
#386 = CARTESIAN_POINT('',(2.437704596739,-4.056412182599,
    -7.563505269303));
#387 = CARTESIAN_POINT('',(0.826444406732,-2.584994891753,
    -9.815871428494));
#388 = CARTESIAN_POINT('',(0.593261529902,-2.435538587219,
    -11.96092147113));
#389 = CARTESIAN_POINT('',(-8.590974898731E-03,-1.864467292933,
    -13.84243498399));
#390 = CARTESIAN_POINT('',(-2.362963120682,0.713035779065,
    -13.68326751149));
#391 = CARTESIAN_POINT('',(-2.012,0.,-13.9834));
#392 = CARTESIAN_POINT('',(0.5533,0.,10.563));
#393 = CARTESIAN_POINT('',(0.885711151582,-0.129170884489,
    10.527907694197));
#394 = CARTESIAN_POINT('',(1.76516518531,-0.46122061398,10.42719936285)
  );
#395 = CARTESIAN_POINT('',(3.51381734495,-1.12520263908,10.110796149505)
  );
#396 = CARTESIAN_POINT('',(6.127623460792,-2.105494929343,9.476327443279
    ));
#397 = CARTESIAN_POINT('',(9.17005727598,-3.173586729293,8.008980681597)
  );
#398 = CARTESIAN_POINT('',(10.851024212384,-3.900599971243,
    4.619417531576));
#399 = CARTESIAN_POINT('',(10.680779873319,-3.925191935651,
    0.955314176105));
#400 = CARTESIAN_POINT('',(9.738290749174,-3.680821983988,
    -2.759588718321));
#401 = CARTESIAN_POINT('',(6.688943008534,-2.918261543205,
    -5.717679553773));
#402 = CARTESIAN_POINT('',(3.485146203765,-2.028205716962,
    -7.563505269303));
#403 = CARTESIAN_POINT('',(1.557036371214,-1.292497207331,
    -9.815871428494));
#404 = CARTESIAN_POINT('',(1.320270234633,-1.217769068844,
    -11.96092147113));
#405 = CARTESIAN_POINT('',(0.558457702096,-0.932233474442,
    -13.84243498399));
#406 = CARTESIAN_POINT('',(-2.531424281108,0.356517823868,
    -13.68326751149));
#407 = CARTESIAN_POINT('',(-2.012,0.,-13.9834));
#408 = CARTESIAN_POINT('',(0.5533,0.,10.563));
#409 = CARTESIAN_POINT('',(0.885711151583,2.548085154491E-16,
    10.527907694197));
#410 = CARTESIAN_POINT('',(1.765165185309,-2.846569885256E-16,
    10.42719936285));
#411 = CARTESIAN_POINT('',(3.513817344951,-3.217406541046E-15,
    10.110796149505));
#412 = CARTESIAN_POINT('',(6.12762346079,-3.639409257182E-15,
    9.476327443279));
#413 = CARTESIAN_POINT('',(9.170057275979,1.615999481843E-15,
    8.008980681597));
#414 = CARTESIAN_POINT('',(10.851024212383,2.046216627762E-15,
    4.619417531576));
#415 = CARTESIAN_POINT('',(10.680779873317,-1.692068085008E-15,
    0.955314176105));
#416 = CARTESIAN_POINT('',(9.738290749175,-9.067895113364E-15,
    -2.759588718321));
#417 = CARTESIAN_POINT('',(6.688943008531,2.976196169821E-15,
    -5.717679553773));
#418 = CARTESIAN_POINT('',(3.485146203765,2.873008412317E-15,
    -7.563505269303));
#419 = CARTESIAN_POINT('',(1.557036371213,-4.730386697279E-15,
    -9.815871428494));
#420 = CARTESIAN_POINT('',(1.320270234636,-1.018820486941E-15,
    -11.96092147113));
#421 = CARTESIAN_POINT('',(0.558457702084,-4.193387850481E-16,
    -13.84243498399));
#422 = CARTESIAN_POINT('',(-2.531424281055,-2.265558592499E-14,
    -13.68326751149));
#423 = CARTESIAN_POINT('',(-2.012,0.,-13.9834));
#424 = DEFINITIONAL_REPRESENTATION('',(#425),#582);
#425 = B_SPLINE_CURVE_WITH_KNOTS('',8,(#426,#427,#428,#429,#430,#431,
    #432,#433,#434,#435,#436,#437,#438,#439,#440,#441,#442,#443,#444,
    #445,#446,#447,#448,#449,#450,#451,#452,#453,#454,#455,#456,#457,
    #458,#459,#460,#461,#462,#463,#464,#465,#466,#467,#468,#469,#470,
    #471,#472,#473,#474,#475,#476,#477,#478,#479,#480,#481,#482,#483,
    #484,#485,#486,#487,#488,#489,#490,#491,#492,#493,#494,#495,#496,
    #497,#498,#499,#500,#501,#502,#503,#504,#505,#506,#507,#508,#509,
    #510,#511,#512,#513,#514,#515,#516,#517,#518,#519,#520,#521,#522,
    #523,#524,#525,#526,#527,#528,#529,#530,#531,#532,#533,#534,#535,
    #536,#537,#538,#539,#540,#541,#542,#543,#544,#545,#546,#547,#548,
    #549,#550,#551,#552,#553,#554,#555,#556,#557,#558,#559,#560,#561,
    #562,#563,#564,#565,#566,#567,#568,#569,#570,#571,#572,#573,#574,
    #575,#576,#577,#578,#579,#580,#581),.UNSPECIFIED.,.T.,.F.,(9,7,7,7,7
    ,7,7,7,7,7,7,7,7,7,7,7,7,7,7,7,7,7,9),(0.,4.220453722647E-02,
    7.199562573572E-02,0.117814707581,0.159530076156,0.285041194046,
    0.404953963332,0.432695017048,0.466088446787,0.478457697211,
    0.485567194479,0.4999580374,0.517580576773,0.526618797901,
    0.545323267931,0.573721083543,0.600936122665,0.714584436912,
    0.83360860633,0.873840332299,0.919528092387,0.954245011017,1.),
  .UNSPECIFIED.);
#426 = CARTESIAN_POINT('',(1.,0.534886973719));
#427 = CARTESIAN_POINT('',(0.999013493659,0.534886973719));
#428 = CARTESIAN_POINT('',(0.998026611729,0.534997568437));
#429 = CARTESIAN_POINT('',(0.997047165383,0.535218892161));
#430 = CARTESIAN_POINT('',(0.99608180497,0.535547556942));
#431 = CARTESIAN_POINT('',(0.995136082244,0.535977725424));
#432 = CARTESIAN_POINT('',(0.994214520025,0.536501970932));
#433 = CARTESIAN_POINT('',(0.993320689273,0.537111924818));
#434 = CARTESIAN_POINT('',(0.991847844942,0.538283495682));
#435 = CARTESIAN_POINT('',(0.991253272266,0.538806798477));
#436 = CARTESIAN_POINT('',(0.990674253196,0.539365787022));
#437 = CARTESIAN_POINT('',(0.990111240614,0.539957676373));
#438 = CARTESIAN_POINT('',(0.989564491218,0.540579783841));
#439 = CARTESIAN_POINT('',(0.989034094104,0.541229583746));
#440 = CARTESIAN_POINT('',(0.988519999357,0.541904762177));
#441 = CARTESIAN_POINT('',(0.987256188847,0.54367758856));
#442 = CARTESIAN_POINT('',(0.986528710883,0.544806803278));
#443 = CARTESIAN_POINT('',(0.985838857415,0.545983569692));
#444 = CARTESIAN_POINT('',(0.985185692984,0.547201364786));
#445 = CARTESIAN_POINT('',(0.984568138217,0.54845449188));
#446 = CARTESIAN_POINT('',(0.983985006057,0.549738083786));
#447 = CARTESIAN_POINT('',(0.983435037991,0.551048105956));
#448 = CARTESIAN_POINT('',(0.982445245163,0.553595202554));
#449 = CARTESIAN_POINT('',(0.982000069598,0.554828047062));
#450 = CARTESIAN_POINT('',(0.981580443435,0.556077374387));
#451 = CARTESIAN_POINT('',(0.981185664196,0.557340641995));
#452 = CARTESIAN_POINT('',(0.980814625873,0.558616258522));
#453 = CARTESIAN_POINT('',(0.980466728086,0.559902281448));
#454 = CARTESIAN_POINT('',(0.980141148941,0.561197386866));
#455 = CARTESIAN_POINT('',(0.978922832661,0.566420633832));
#456 = CARTESIAN_POINT('',(0.978205353002,0.570408440613));
#457 = CARTESIAN_POINT('',(0.977664928738,0.574434791503));
#458 = CARTESIAN_POINT('',(0.977289872419,0.578478906979));
#459 = CARTESIAN_POINT('',(0.977072734592,0.582524953992));
#460 = CARTESIAN_POINT('',(0.977009413839,0.586561004683));
#461 = CARTESIAN_POINT('',(0.977100100828,0.590578628936));
#462 = CARTESIAN_POINT('',(0.977590392751,0.598386358809));
#463 = CARTESIAN_POINT('',(0.977975460038,0.602168878961));
#464 = CARTESIAN_POINT('',(0.978510219891,0.605918521355));
#465 = CARTESIAN_POINT('',(0.979205044897,0.609627936815));
#466 = CARTESIAN_POINT('',(0.980073215182,0.613284578739));
#467 = CARTESIAN_POINT('',(0.981137408752,0.616865337494));
#468 = CARTESIAN_POINT('',(0.982422865186,0.62034090775));
#469 = CARTESIAN_POINT('',(0.984347808021,0.624422107267));
#470 = CARTESIAN_POINT('',(0.984724173583,0.625179914037));
#471 = CARTESIAN_POINT('',(0.985115887291,0.625927973583));
#472 = CARTESIAN_POINT('',(0.985523613998,0.62666533534));
#473 = CARTESIAN_POINT('',(0.98594805198,0.627390864518));
#474 = CARTESIAN_POINT('',(0.986389940449,0.628103226145));
#475 = CARTESIAN_POINT('',(0.986850067052,0.628800869129));
#476 = CARTESIAN_POINT('',(0.987906124773,0.63030193734));
#477 = CARTESIAN_POINT('',(0.988510390895,0.631097618404));
#478 = CARTESIAN_POINT('',(0.989143717131,0.631866245352));
#479 = CARTESIAN_POINT('',(0.98980757732,0.632603986393));
#480 = CARTESIAN_POINT('',(0.990503207722,0.633305989311));
#481 = CARTESIAN_POINT('',(0.991231502486,0.633966436791));
#482 = CARTESIAN_POINT('',(0.991992872617,0.63457865387));
#483 = CARTESIAN_POINT('',(0.993081246287,0.635341442582));
#484 = CARTESIAN_POINT('',(0.993379876753,0.635539952795));
#485 = CARTESIAN_POINT('',(0.993682918766,0.635730411681));
#486 = CARTESIAN_POINT('',(0.993990305046,0.635912414471));
#487 = CARTESIAN_POINT('',(0.994301939074,0.636085544856));
#488 = CARTESIAN_POINT('',(0.994617692068,0.636249381772));
#489 = CARTESIAN_POINT('',(0.994937399948,0.636403506165));
#490 = CARTESIAN_POINT('',(0.995446776231,0.63663027586));
#491 = CARTESIAN_POINT('',(0.995633931282,0.63670970031));
#492 = CARTESIAN_POINT('',(0.995822286485,0.636785701851));
#493 = CARTESIAN_POINT('',(0.99601179852,0.636858203748));
#494 = CARTESIAN_POINT('',(0.996202419726,0.636927131806));
#495 = CARTESIAN_POINT('',(0.996394098097,0.636992414372));
#496 = CARTESIAN_POINT('',(0.99658677729,0.637053982337));
#497 = CARTESIAN_POINT('',(0.99717231537,0.637228739527));
#498 = CARTESIAN_POINT('',(0.997568112732,0.637330228226));
#499 = CARTESIAN_POINT('',(0.997967251792,0.637415680657));
#500 = CARTESIAN_POINT('',(0.99836914875,0.63748462411));
#501 = CARTESIAN_POINT('',(0.998773174648,0.637536682416));
#502 = CARTESIAN_POINT('',(0.999178657092,0.63757159064));
#503 = CARTESIAN_POINT('',(0.999584881979,0.63758920976));
#504 = CARTESIAN_POINT('',(1.000488530226,0.637589947416));
#505 = CARTESIAN_POINT('',(1.000986038728,0.637564429451));
#506 = CARTESIAN_POINT('',(1.001482209009,0.637512975219));
#507 = CARTESIAN_POINT('',(1.001975735227,0.637435894553));
#508 = CARTESIAN_POINT('',(1.002465419924,0.637333774058));
#509 = CARTESIAN_POINT('',(1.002950176529,0.637207431808));
#510 = CARTESIAN_POINT('',(1.003429031867,0.637057872045));
#511 = CARTESIAN_POINT('',(1.004143256944,0.636798213437));
#512 = CARTESIAN_POINT('',(1.004383624574,0.63670437268));
#513 = CARTESIAN_POINT('',(1.004622127835,0.636604870584));
#514 = CARTESIAN_POINT('',(1.004858673831,0.636499862861));
#515 = CARTESIAN_POINT('',(1.005093180489,0.636389507964));
#516 = CARTESIAN_POINT('',(1.005325576556,0.636273967083));
#517 = CARTESIAN_POINT('',(1.005555801599,0.636153404146));
#518 = CARTESIAN_POINT('',(1.006255657889,0.635768434377));
#519 = CARTESIAN_POINT('',(1.006717971484,0.635488091846));
#520 = CARTESIAN_POINT('',(1.00717033946,0.635188393405));
#521 = CARTESIAN_POINT('',(1.00761250131,0.634870748722));
#522 = CARTESIAN_POINT('',(1.008044325155,0.634536513882));
#523 = CARTESIAN_POINT('',(1.008465789534,0.634186963317));
#524 = CARTESIAN_POINT('',(1.008876965208,0.63382326174));
#525 = CARTESIAN_POINT('',(1.009886858127,0.632874325451));
#526 = CARTESIAN_POINT('',(1.010472204549,0.632272094109));
#527 = CARTESIAN_POINT('',(1.011034644334,0.631643308946));
#528 = CARTESIAN_POINT('',(1.011574885957,0.630991112891));
#529 = CARTESIAN_POINT('',(1.012093718731,0.630318229476));
#530 = CARTESIAN_POINT('',(1.012591993274,0.629626967421));
#531 = CARTESIAN_POINT('',(1.013070601987,0.62891922522));
#532 = CARTESIAN_POINT('',(1.013971163868,0.627503868098));
#533 = CARTESIAN_POINT('',(1.014394567123,0.626797603657));
#534 = CARTESIAN_POINT('',(1.014801432572,0.626079098046));
#535 = CARTESIAN_POINT('',(1.015192464761,0.62534956962));
#536 = CARTESIAN_POINT('',(1.015568317393,0.624610072297));
#537 = CARTESIAN_POINT('',(1.015929601219,0.62386150841));
#538 = CARTESIAN_POINT('',(1.016276891931,0.623104641565));
#539 = CARTESIAN_POINT('',(1.018004858752,0.619147471022));
#540 = CARTESIAN_POINT('',(1.019162601043,0.615825564217));
#541 = CARTESIAN_POINT('',(1.020127057457,0.612415672096));
#542 = CARTESIAN_POINT('',(1.020919474284,0.608941086112));
#543 = CARTESIAN_POINT('',(1.021557721708,0.605419758656));
#544 = CARTESIAN_POINT('',(1.022052985446,0.601862392102));
#545 = CARTESIAN_POINT('',(1.022413656641,0.598275569039));
#546 = CARTESIAN_POINT('',(1.022884221372,0.590875627766));
#547 = CARTESIAN_POINT('',(1.022980992391,0.587067291286));
#548 = CARTESIAN_POINT('',(1.022938952376,0.58324188626));
#549 = CARTESIAN_POINT('',(1.022758556099,0.579406779288));
#550 = CARTESIAN_POINT('',(1.022436810309,0.575571859962));
#551 = CARTESIAN_POINT('',(1.021967918784,0.571749913984));
#552 = CARTESIAN_POINT('',(1.021342631241,0.567957393991));
#553 = CARTESIAN_POINT('',(1.020276177741,0.562952134887));
#554 = CARTESIAN_POINT('',(1.019987206021,0.561693904205));
#555 = CARTESIAN_POINT('',(1.019678123976,0.560442849963));
#556 = CARTESIAN_POINT('',(1.019348302832,0.55920008706));
#557 = CARTESIAN_POINT('',(1.018997103904,0.557966968186));
#558 = CARTESIAN_POINT('',(1.018623824848,0.5567450277));
#559 = CARTESIAN_POINT('',(1.018227661532,0.555535958427));
#560 = CARTESIAN_POINT('',(1.017331050804,0.55298568724));
#561 = CARTESIAN_POINT('',(1.01682383972,0.551649053985));
#562 = CARTESIAN_POINT('',(1.016284975334,0.550334679197));
#563 = CARTESIAN_POINT('',(1.015713245392,0.549046025529));
#564 = CARTESIAN_POINT('',(1.015107457342,0.547787251803));
#565 = CARTESIAN_POINT('',(1.014466454563,0.54656322938));
#566 = CARTESIAN_POINT('',(1.013789132588,0.545379558527));
#567 = CARTESIAN_POINT('',(1.012531391005,0.543378628548));
#568 = CARTESIAN_POINT('',(1.011966861384,0.54254181493));
#569 = CARTESIAN_POINT('',(1.011380443717,0.541734921889));
#570 = CARTESIAN_POINT('',(1.010771857957,0.540961216749));
#571 = CARTESIAN_POINT('',(1.010141016514,0.540224374211));
#572 = CARTESIAN_POINT('',(1.00948807402,0.539528394367));
#573 = CARTESIAN_POINT('',(1.008813477089,0.538877520715));
#574 = CARTESIAN_POINT('',(1.007201432105,0.537483595418));
#575 = CARTESIAN_POINT('',(1.006247849998,0.536776358015));
#576 = CARTESIAN_POINT('',(1.005260152576,0.536165761386));
#577 = CARTESIAN_POINT('',(1.004242388526,0.535662712945));
#578 = CARTESIAN_POINT('',(1.003199910044,0.535277124495));
#579 = CARTESIAN_POINT('',(1.002139505509,0.535016967856));
#580 = CARTESIAN_POINT('',(1.001069525193,0.53488697372));
#581 = CARTESIAN_POINT('',(1.000000000003,0.534886973719));
#582 = ( GEOMETRIC_REPRESENTATION_CONTEXT(2) 
PARAMETRIC_REPRESENTATION_CONTEXT() REPRESENTATION_CONTEXT('2D SPACE',''
  ) );
#583 = PCURVE('',#584,#592);
#584 = SURFACE_OF_LINEAR_EXTRUSION('',#585,#590);
#585 = ELLIPSE('',#586,1.6,1.1);
#586 = AXIS2_PLACEMENT_3D('',#587,#588,#589);
#587 = CARTESIAN_POINT('',(2.6,0.,-3.4));
#588 = DIRECTION('',(1.,0.,-0.));
#589 = DIRECTION('',(0.,1.110223024625E-16,1.));
#590 = VECTOR('',#591,1.);
#591 = DIRECTION('',(-1.,0.,-0.));
#592 = DEFINITIONAL_REPRESENTATION('',(#593),#750);
#593 = B_SPLINE_CURVE_WITH_KNOTS('',8,(#594,#595,#596,#597,#598,#599,
    #600,#601,#602,#603,#604,#605,#606,#607,#608,#609,#610,#611,#612,
    #613,#614,#615,#616,#617,#618,#619,#620,#621,#622,#623,#624,#625,
    #626,#627,#628,#629,#630,#631,#632,#633,#634,#635,#636,#637,#638,
    #639,#640,#641,#642,#643,#644,#645,#646,#647,#648,#649,#650,#651,
    #652,#653,#654,#655,#656,#657,#658,#659,#660,#661,#662,#663,#664,
    #665,#666,#667,#668,#669,#670,#671,#672,#673,#674,#675,#676,#677,
    #678,#679,#680,#681,#682,#683,#684,#685,#686,#687,#688,#689,#690,
    #691,#692,#693,#694,#695,#696,#697,#698,#699,#700,#701,#702,#703,
    #704,#705,#706,#707,#708,#709,#710,#711,#712,#713,#714,#715,#716,
    #717,#718,#719,#720,#721,#722,#723,#724,#725,#726,#727,#728,#729,
    #730,#731,#732,#733,#734,#735,#736,#737,#738,#739,#740,#741,#742,
    #743,#744,#745,#746,#747,#748,#749),.UNSPECIFIED.,.F.,.F.,(9,7,7,7,7
    ,7,7,7,7,7,7,7,7,7,7,7,7,7,7,7,7,7,9),(0.,4.220453722647E-02,
    7.199562573572E-02,0.117814707581,0.159530076156,0.285041194046,
    0.404953963332,0.432695017048,0.466088446787,0.478457697211,
    0.485567194479,0.4999580374,0.517580576773,0.526618797901,
    0.545323267931,0.573721083543,0.600936122665,0.714584436912,
    0.83360860633,0.873840332299,0.919528092387,0.954245011017,1.),
  .UNSPECIFIED.);
#594 = CARTESIAN_POINT('',(0.,-7.214600737976));
#595 = CARTESIAN_POINT('',(4.648704842363E-02,-7.214600737976));
#596 = CARTESIAN_POINT('',(9.299172043246E-02,-7.212452777272));
#597 = CARTESIAN_POINT('',(0.139274790359,-7.20815443012));
#598 = CARTESIAN_POINT('',(0.185151180764,-7.201764771155));
#599 = CARTESIAN_POINT('',(0.230474374621,-7.1933845622));
#600 = CARTESIAN_POINT('',(0.275125458148,-7.183141107395));
#601 = CARTESIAN_POINT('',(0.319006794266,-7.171177776658));
#602 = CARTESIAN_POINT('',(0.392416581462,-7.148098018314));
#603 = CARTESIAN_POINT('',(0.422384730016,-7.137762803412));
#604 = CARTESIAN_POINT('',(0.451931474034,-7.126690715611));
#605 = CARTESIAN_POINT('',(0.481049439094,-7.114928979045));
#606 = CARTESIAN_POINT('',(0.509736606614,-7.10252290852));
#607 = CARTESIAN_POINT('',(0.537995745771,-7.089514938913));
#608 = CARTESIAN_POINT('',(0.565833845422,-7.075943654566));
#609 = CARTESIAN_POINT('',(0.635445706506,-7.040155549587));
#610 = CARTESIAN_POINT('',(0.676648336181,-7.017221556135));
#611 = CARTESIAN_POINT('',(0.716916706951,-6.993161134188));
#612 = CARTESIAN_POINT('',(0.756296139357,-6.968080789168));
#613 = CARTESIAN_POINT('',(0.794831625104,-6.942072872484));
#614 = CARTESIAN_POINT('',(0.832569449592,-6.915215217952));
#615 = CARTESIAN_POINT('',(0.86955881445,-6.887570778216));
#616 = CARTESIAN_POINT('',(0.93889743341,-6.833345868737));
#617 = CARTESIAN_POINT('',(0.971358208418,-6.806895957612));
#618 = CARTESIAN_POINT('',(1.003276372721,-6.779885695834));
#619 = CARTESIAN_POINT('',(1.034668594236,-6.752320764394));
#620 = CARTESIAN_POINT('',(1.065590882742,-6.724279719001));
#621 = CARTESIAN_POINT('',(1.096058943835,-6.695769245606));
#622 = CARTESIAN_POINT('',(1.126110609581,-6.66683145548));
#623 = CARTESIAN_POINT('',(1.24502499842,-6.549205676122));
#624 = CARTESIAN_POINT('',(1.330683945742,-6.457346032196));
#625 = CARTESIAN_POINT('',(1.413671850258,-6.36254562194));
#626 = CARTESIAN_POINT('',(1.494600179065,-6.265353642853));
#627 = CARTESIAN_POINT('',(1.573997335318,-6.166262751961));
#628 = CARTESIAN_POINT('',(1.652372281003,-6.065704231799));
#629 = CARTESIAN_POINT('',(1.730241537728,-5.96404024542));
#630 = CARTESIAN_POINT('',(1.882770105113,-5.763699166027));
#631 = CARTESIAN_POINT('',(1.957228099398,-5.665341120114));
#632 = CARTESIAN_POINT('',(2.032258354896,-5.566670319788));
#633 = CARTESIAN_POINT('',(2.108457380616,-5.468016235425));
#634 = CARTESIAN_POINT('',(2.186377030901,-5.369851410919));
#635 = CARTESIAN_POINT('',(2.266810584592,-5.272948736048));
#636 = CARTESIAN_POINT('',(2.350571513542,-5.178259810349));
#637 = CARTESIAN_POINT('',(2.460247228246,-5.066476208291));
#638 = CARTESIAN_POINT('',(2.481127983406,-5.045692856544));
#639 = CARTESIAN_POINT('',(2.502305551617,-5.025151400901));
#640 = CARTESIAN_POINT('',(2.523801889792,-5.004879964079));
#641 = CARTESIAN_POINT('',(2.545639787865,-4.984911790862));
#642 = CARTESIAN_POINT('',(2.567843567222,-4.965285703089));
#643 = CARTESIAN_POINT('',(2.590439779124,-4.946046554655));
#644 = CARTESIAN_POINT('',(2.641166083032,-4.904614049049));
#645 = CARTESIAN_POINT('',(2.669474424911,-4.882626719433));
#646 = CARTESIAN_POINT('',(2.698443618437,-4.86136493353));
#647 = CARTESIAN_POINT('',(2.728125408487,-4.840938274231));
#648 = CARTESIAN_POINT('',(2.758563714926,-4.821484743235));
#649 = CARTESIAN_POINT('',(2.789794650515,-4.803169275839));
#650 = CARTESIAN_POINT('',(2.821845436935,-4.786180698739));
#651 = CARTESIAN_POINT('',(2.866913802115,-4.765002979303));
#652 = CARTESIAN_POINT('',(2.87920796929,-4.759490432916));
#653 = CARTESIAN_POINT('',(2.891614399925,-4.754200395066));
#654 = CARTESIAN_POINT('',(2.904132038267,-4.749144277111));
#655 = CARTESIAN_POINT('',(2.916759010537,-4.744333808343));
#656 = CARTESIAN_POINT('',(2.929492542127,-4.739780845986));
#657 = CARTESIAN_POINT('',(2.942328874792,-4.735497185178));
#658 = CARTESIAN_POINT('',(2.962697460923,-4.729193662779));
#659 = CARTESIAN_POINT('',(2.97016408261,-4.726985721455));
#660 = CARTESIAN_POINT('',(2.977662109566,-4.724872775368));
#661 = CARTESIAN_POINT('',(2.985190478398,-4.722856983038));
#662 = CARTESIAN_POINT('',(2.99274800166,-4.720940431135));
#663 = CARTESIAN_POINT('',(3.000333367856,-4.719125134474));
#664 = CARTESIAN_POINT('',(3.007945141435,-4.717413036017));
#665 = CARTESIAN_POINT('',(3.031039595367,-4.71255310401));
#666 = CARTESIAN_POINT('',(3.046600294537,-4.709730397787));
#667 = CARTESIAN_POINT('',(3.062249537169,-4.707353474181));
#668 = CARTESIAN_POINT('',(3.077971997213,-4.705435616527));
#669 = CARTESIAN_POINT('',(3.093751222136,-4.703987393759));
#670 = CARTESIAN_POINT('',(3.109569509369,-4.703016248643));
#671 = CARTESIAN_POINT('',(3.125407782744,-4.70252608602));
#672 = CARTESIAN_POINT('',(3.160639763636,-4.702505564455));
#673 = CARTESIAN_POINT('',(3.180036665231,-4.703215471726));
#674 = CARTESIAN_POINT('',(3.199397411507,-4.70464692848));
#675 = CARTESIAN_POINT('',(3.218687150304,-4.706791232288));
#676 = CARTESIAN_POINT('',(3.237874570784,-4.709631903073));
#677 = CARTESIAN_POINT('',(3.256931534701,-4.713145953513));
#678 = CARTESIAN_POINT('',(3.27583270767,-4.717305159438));
#679 = CARTESIAN_POINT('',(3.304157548851,-4.72452487392));
#680 = CARTESIAN_POINT('',(3.313713597577,-4.72713388588));
#681 = CARTESIAN_POINT('',(3.323220740415,-4.729900064802));
#682 = CARTESIAN_POINT('',(3.332676687094,-4.732819031023));
#683 = CARTESIAN_POINT('',(3.342079453266,-4.735886326532));
#684 = CARTESIAN_POINT('',(3.351427360507,-4.739097414969));
#685 = CARTESIAN_POINT('',(3.360719036316,-4.742447681626));
#686 = CARTESIAN_POINT('',(3.3890638276,-4.753144077758));
#687 = CARTESIAN_POINT('',(3.40792772905,-4.760931599143));
#688 = CARTESIAN_POINT('',(3.426537077052,-4.769254574197));
#689 = CARTESIAN_POINT('',(3.444887546048,-4.778073269305));
#690 = CARTESIAN_POINT('',(3.462978153797,-4.787349427272));
#691 = CARTESIAN_POINT('',(3.480810888817,-4.797047053963));
#692 = CARTESIAN_POINT('',(3.498390337838,-4.807133204947));
#693 = CARTESIAN_POINT('',(3.542038875189,-4.833437617122));
#694 = CARTESIAN_POINT('',(3.567780627458,-4.850121307002));
#695 = CARTESIAN_POINT('',(3.592976395607,-4.867528692829));
#696 = CARTESIAN_POINT('',(3.617653843169,-4.885570455655));
#697 = CARTESIAN_POINT('',(3.641841019282,-4.904168967895));
#698 = CARTESIAN_POINT('',(3.665566906332,-4.923258154695));
#699 = CARTESIAN_POINT('',(3.688861967588,-4.942783355302));
#700 = CARTESIAN_POINT('',(3.733701767361,-4.981789430748));
#701 = CARTESIAN_POINT('',(3.755275004565,-5.001234747384));
#702 = CARTESIAN_POINT('',(3.776504523005,-5.020996686477));
#703 = CARTESIAN_POINT('',(3.797413791455,-5.0410397571));
#704 = CARTESIAN_POINT('',(3.818024209103,-5.061333058494));
#705 = CARTESIAN_POINT('',(3.838355683745,-5.081849913289));
#706 = CARTESIAN_POINT('',(3.858427209979,-5.102567500731));
#707 = CARTESIAN_POINT('',(3.961067288129,-5.210739371553));
#708 = CARTESIAN_POINT('',(4.039554956633,-5.301055277511));
#709 = CARTESIAN_POINT('',(4.115225220974,-5.393149669024));
#710 = CARTESIAN_POINT('',(4.188784038098,-5.486259232985));
#711 = CARTESIAN_POINT('',(4.260872722044,-5.579773755222));
#712 = CARTESIAN_POINT('',(4.331969815249,-5.673289379326));
#713 = CARTESIAN_POINT('',(4.402568333635,-5.766516341634));
#714 = CARTESIAN_POINT('',(4.54715318551,-5.956445640895));
#715 = CARTESIAN_POINT('',(4.620996461478,-6.052912245892));
#716 = CARTESIAN_POINT('',(4.695257165853,-6.148406552385));
#717 = CARTESIAN_POINT('',(4.770377594713,-6.242614937863));
#718 = CARTESIAN_POINT('',(4.846790418497,-6.335175307683));
#719 = CARTESIAN_POINT('',(4.924944448706,-6.425680760324));
#720 = CARTESIAN_POINT('',(5.005353666105,-6.513682032594));
#721 = CARTESIAN_POINT('',(5.11694168105,-6.627395541705));
#722 = CARTESIAN_POINT('',(5.14546623535,-6.65577048878));
#723 = CARTESIAN_POINT('',(5.174350810976,-6.683773826495));
#724 = CARTESIAN_POINT('',(5.203623470522,-6.711377009092));
#725 = CARTESIAN_POINT('',(5.233309590333,-6.738555601327));
#726 = CARTESIAN_POINT('',(5.263437037567,-6.765280131331));
#727 = CARTESIAN_POINT('',(5.294039722666,-6.791510363558));
#728 = CARTESIAN_POINT('',(5.360473238362,-6.84641267457));
#729 = CARTESIAN_POINT('',(5.396443463743,-6.874928155607));
#730 = CARTESIAN_POINT('',(5.433107082442,-6.902723821668));
#731 = CARTESIAN_POINT('',(5.470510334344,-6.929746380573));
#732 = CARTESIAN_POINT('',(5.508698288673,-6.955930194642));
#733 = CARTESIAN_POINT('',(5.54771668009,-6.981197282139));
#734 = CARTESIAN_POINT('',(5.587613744802,-7.005457318708));
#735 = CARTESIAN_POINT('',(5.65946640929,-7.04619895381));
#736 = CARTESIAN_POINT('',(5.691022552074,-7.063145873745));
#737 = CARTESIAN_POINT('',(5.723132168917,-7.079403274513));
#738 = CARTESIAN_POINT('',(5.755811743304,-7.094917181412));
#739 = CARTESIAN_POINT('',(5.789071818446,-7.109626247558));
#740 = CARTESIAN_POINT('',(5.82291625743,-7.123463232302));
#741 = CARTESIAN_POINT('',(5.857341503368,-7.136356479641));
#742 = CARTESIAN_POINT('',(5.93845644961,-7.163881884002));
#743 = CARTESIAN_POINT('',(5.985603414541,-7.177776837966));
#744 = CARTESIAN_POINT('',(6.033693427503,-7.189720354781));
#745 = CARTESIAN_POINT('',(6.082616024174,-7.199525808337));
#746 = CARTESIAN_POINT('',(6.13223224614,-7.207023515426));
#747 = CARTESIAN_POINT('',(6.182365722413,-7.212075983075));
#748 = CARTESIAN_POINT('',(6.232786169095,-7.214600737971));
#749 = CARTESIAN_POINT('',(6.28318530718,-7.214600737976));
#750 = ( GEOMETRIC_REPRESENTATION_CONTEXT(2) 
PARAMETRIC_REPRESENTATION_CONTEXT() REPRESENTATION_CONTEXT('2D SPACE',''
  ) );
#751 = ADVANCED_FACE('',(#752),#584,.F.);
#752 = FACE_BOUND('',#753,.F.);
#753 = EDGE_LOOP('',(#754,#1477,#1498,#1499));
#754 = ORIENTED_EDGE('',*,*,#755,.F.);
#755 = EDGE_CURVE('',#756,#756,#758,.T.);
#756 = VERTEX_POINT('',#757);
#757 = CARTESIAN_POINT('',(9.75138052811,1.7763568394E-16,-1.8));
#758 = SURFACE_CURVE('',#759,(#916,#1076),.PCURVE_S1.);
#759 = B_SPLINE_CURVE_WITH_KNOTS('',8,(#760,#761,#762,#763,#764,#765,
    #766,#767,#768,#769,#770,#771,#772,#773,#774,#775,#776,#777,#778,
    #779,#780,#781,#782,#783,#784,#785,#786,#787,#788,#789,#790,#791,
    #792,#793,#794,#795,#796,#797,#798,#799,#800,#801,#802,#803,#804,
    #805,#806,#807,#808,#809,#810,#811,#812,#813,#814,#815,#816,#817,
    #818,#819,#820,#821,#822,#823,#824,#825,#826,#827,#828,#829,#830,
    #831,#832,#833,#834,#835,#836,#837,#838,#839,#840,#841,#842,#843,
    #844,#845,#846,#847,#848,#849,#850,#851,#852,#853,#854,#855,#856,
    #857,#858,#859,#860,#861,#862,#863,#864,#865,#866,#867,#868,#869,
    #870,#871,#872,#873,#874,#875,#876,#877,#878,#879,#880,#881,#882,
    #883,#884,#885,#886,#887,#888,#889,#890,#891,#892,#893,#894,#895,
    #896,#897,#898,#899,#900,#901,#902,#903,#904,#905,#906,#907,#908,
    #909,#910,#911,#912,#913,#914,#915),.UNSPECIFIED.,.T.,.F.,(9,7,7,7,7
    ,7,7,7,7,7,7,7,7,7,7,7,7,7,7,7,7,7,9),(0.,4.236513438643E-02,
    7.179797238533E-02,0.117551993713,0.159138927425,0.285299940005,
    0.405395918723,0.432690637957,0.466082923489,0.478439824969,
    0.485538896116,0.499902731764,0.517489081882,0.526511093253,
    0.544853080317,0.573187303659,0.600475677956,0.71476215674,
    0.833677131537,0.873618769125,0.918987489747,0.954357108801,1.),
  .UNSPECIFIED.);
#760 = CARTESIAN_POINT('',(9.75138052811,8.881784197001E-16,-1.8));
#761 = CARTESIAN_POINT('',(9.751380528102,-5.143693876512E-02,
    -1.800000000016));
#762 = CARTESIAN_POINT('',(9.749197283292,-0.102893722502,
    -1.803998386052));
#763 = CARTESIAN_POINT('',(9.744828311282,-0.153929125459,
    -1.812000221914));
#764 = CARTESIAN_POINT('',(9.738334625083,-0.204164228209,
    -1.823875356533));
#765 = CARTESIAN_POINT('',(9.729820077281,-0.253282073314,
    -1.839399155946));
#766 = CARTESIAN_POINT('',(9.719415598644,-0.301025694998,
    -1.858285729591));
#767 = CARTESIAN_POINT('',(9.707268331159,-0.347194522825,
    -1.880213650924));
#768 = CARTESIAN_POINT('',(9.683994989038,-0.42251671491,-1.921956029981
    ));
#769 = CARTESIAN_POINT('',(9.67368439824,-0.452576916545,-1.940380785523
    ));
#770 = CARTESIAN_POINT('',(9.662650850778,-0.481783169368,
    -1.960014823171));
#771 = CARTESIAN_POINT('',(9.650940351154,-0.51011108037,-1.980756309437
    ));
#772 = CARTESIAN_POINT('',(9.638597018458,-0.537546880618,
    -2.002507114495));
#773 = CARTESIAN_POINT('',(9.62566216411,-0.56408584741,-2.02517473352)
  );
#774 = CARTESIAN_POINT('',(9.6121733696,-0.589730726411,-2.048674208021)
  );
#775 = CARTESIAN_POINT('',(9.576385000653,-0.652979251234,
    -2.110636305127));
#776 = CARTESIAN_POINT('',(9.553353408016,-0.689318608923,-2.15016003183
    ));
#777 = CARTESIAN_POINT('',(9.529189814164,-0.723549739564,
    -2.191221081211));
#778 = CARTESIAN_POINT('',(9.504001345186,-0.755725963282,
    -2.233570869868));
#779 = CARTESIAN_POINT('',(9.477880870689,-0.785909832386,
    -2.276992192705));
#780 = CARTESIAN_POINT('',(9.450906649079,-0.814170556126,
    -2.321299038567));
#781 = CARTESIAN_POINT('',(9.423141972838,-0.840581425436,
    -2.366336405878));
#782 = CARTESIAN_POINT('',(9.368723969268,-0.887609321752,
    -2.453466789549));
#783 = CARTESIAN_POINT('',(9.342204417402,-0.908530358754,
    -2.495445813285));
#784 = CARTESIAN_POINT('',(9.315120733795,-0.928035267557,
    -2.537820578813));
#785 = CARTESIAN_POINT('',(9.287485173066,-0.946169475307,
    -2.580489387888));
#786 = CARTESIAN_POINT('',(9.259376446482,-0.962996292635,
    -2.623407167041));
#787 = CARTESIAN_POINT('',(9.230796221884,-0.978553191788,
    -2.666491345508));
#788 = CARTESIAN_POINT('',(9.201791025111,-0.992890536183,
    -2.709700244935));
#789 = CARTESIAN_POINT('',(9.083163752747,-1.045967213097,
    -2.884308621316));
#790 = CARTESIAN_POINT('',(8.990319399161,-1.075000059254,
    -3.016231740363));
#791 = CARTESIAN_POINT('',(8.894497347398,-1.094393826086,
    -3.147685092848));
#792 = CARTESIAN_POINT('',(8.79625710453,-1.104973545166,-3.277943321504
    ));
#793 = CARTESIAN_POINT('',(8.696100030056,-1.107354424966,
    -3.406491407214));
#794 = CARTESIAN_POINT('',(8.594464455535,-1.101986710539,
    -3.532971838321));
#795 = CARTESIAN_POINT('',(8.491717704336,-1.089112059213,
    -3.657159457532));
#796 = CARTESIAN_POINT('',(8.2896154276,-1.049287915627,-3.894803546561)
  );
#797 = CARTESIAN_POINT('',(8.190585780953,-1.023092782588,
    -4.008193414383));
#798 = CARTESIAN_POINT('',(8.091247773299,-0.990146403238,-4.11911396147
    ));
#799 = CARTESIAN_POINT('',(7.991932307187,-0.95020798239,-4.227397091898
    ));
#800 = CARTESIAN_POINT('',(7.893114390676,-0.90293896653,-4.332732868285
    ));
#801 = CARTESIAN_POINT('',(7.795574286538,-0.847625145027,
    -4.434542528446));
#802 = CARTESIAN_POINT('',(7.700270574147,-0.78348102128,-4.532116704647
    ));
#803 = CARTESIAN_POINT('',(7.58815747992,-0.691291340499,-4.64498746125)
  );
#804 = CARTESIAN_POINT('',(7.567609060426,-0.673659835314,
    -4.665590743498));
#805 = CARTESIAN_POINT('',(7.547296631934,-0.655446635672,
    -4.685876762151));
#806 = CARTESIAN_POINT('',(7.527247252092,-0.63662850348,-4.705822939975
    ));
#807 = CARTESIAN_POINT('',(7.507492848786,-0.617180974686,
    -4.725402239077));
#808 = CARTESIAN_POINT('',(7.488070648402,-0.597077927998,
    -4.744582835046));
#809 = CARTESIAN_POINT('',(7.469023604091,-0.576291153599,
    -4.763327791104));
#810 = CARTESIAN_POINT('',(7.427617765395,-0.52848537324,-4.803942458529
    ));
#811 = CARTESIAN_POINT('',(7.405479066069,-0.501122207934,
    -4.825565543724));
#812 = CARTESIAN_POINT('',(7.384065987168,-0.472635696352,
    -4.846395033102));
#813 = CARTESIAN_POINT('',(7.363488537882,-0.442968876667,-4.86633476936
    ));
#814 = CARTESIAN_POINT('',(7.34388556811,-0.412074293664,-4.885262209334
    ));
#815 = CARTESIAN_POINT('',(7.325423340608,-0.379916987479,
    -4.903030171944));
#816 = CARTESIAN_POINT('',(7.308292582656,-0.346478732214,
    -4.919469517372));
#817 = CARTESIAN_POINT('',(7.286935428367,-0.298917072156,
    -4.939915141008));
#818 = CARTESIAN_POINT('',(7.28137904586,-0.28589802416,-4.945228934025)
  );
#819 = CARTESIAN_POINT('',(7.276045882233,-0.272707830152,
    -4.950324315089));
#820 = CARTESIAN_POINT('',(7.270947476852,-0.259348958893,
    -4.955190977944));
#821 = CARTESIAN_POINT('',(7.266095703519,-0.245825016392,
    -4.959818305286));
#822 = CARTESIAN_POINT('',(7.261502578067,-0.232140864104,
    -4.964195542528));
#823 = CARTESIAN_POINT('',(7.257180065944,-0.21830273713,-4.968311971576
    ));
#824 = CARTESIAN_POINT('',(7.250818798385,-0.196284303782,
    -4.974366111747));
#825 = CARTESIAN_POINT('',(7.248590877183,-0.188202001505,
    -4.976485603912));
#826 = CARTESIAN_POINT('',(7.246458388484,-0.180072945746,-4.97851353253
    ));
#827 = CARTESIAN_POINT('',(7.244423523076,-0.171898797727,
    -4.980447932553));
#828 = CARTESIAN_POINT('',(7.242488400249,-0.16368138973,-4.982286902452
    ));
#829 = CARTESIAN_POINT('',(7.24065506779,-0.155422725101,-4.984028604212
    ));
#830 = CARTESIAN_POINT('',(7.238925501986,-0.14712497825,-4.985671263333
    ));
#831 = CARTESIAN_POINT('',(7.234015916966,-0.121926999376,
    -4.990332968126));
#832 = CARTESIAN_POINT('',(7.231162527433,-0.104911941638,
    -4.993040577621));
#833 = CARTESIAN_POINT('',(7.228757287272,-8.77662449391E-02,
    -4.995321749509));
#834 = CARTESIAN_POINT('',(7.226813729826,-7.051255678886E-02,
    -4.997164317978));
#835 = CARTESIAN_POINT('',(7.225342649164,-5.317525139299E-02,
    -4.998558579843));
#836 = CARTESIAN_POINT('',(7.224351675717,-3.57804323554E-02,
    -4.99949767517));
#837 = CARTESIAN_POINT('',(7.22384485191,-1.835593537801E-02,
    -4.99997796791));
#838 = CARTESIAN_POINT('',(7.223794483498,2.040246882937E-02,
    -5.000025699367));
#839 = CARTESIAN_POINT('',(7.224492564154,4.174037008682E-02,
    -4.999364157255));
#840 = CARTESIAN_POINT('',(7.22591694294,6.302693510313E-02,
    -4.998014371241));
#841 = CARTESIAN_POINT('',(7.228058913707,8.421122951269E-02,
    -4.995984171714));
#842 = CARTESIAN_POINT('',(7.230901864372,0.105246746453,-4.993288489185
    ));
#843 = CARTESIAN_POINT('',(7.234422570299,0.126091330724,-4.989948195079
    ));
#844 = CARTESIAN_POINT('',(7.238592487689,0.146707102951,-4.985988942511
    ));
#845 = CARTESIAN_POINT('',(7.245834610057,0.177501864178,-4.979106347912
    ));
#846 = CARTESIAN_POINT('',(7.24845269829,0.187875020989,-4.976617274977)
  );
#847 = CARTESIAN_POINT('',(7.251228957341,0.198175840105,-4.973976696782
    ));
#848 = CARTESIAN_POINT('',(7.254158954389,0.208400731558,-4.971188590003
    ));
#849 = CARTESIAN_POINT('',(7.257238178122,0.218546529481,-4.968256999481
    ));
#850 = CARTESIAN_POINT('',(7.260462038736,0.228610492112,-4.965186038229
    ));
#851 = CARTESIAN_POINT('',(7.263825867932,0.238590301784,-4.961979887425
    ));
#852 = CARTESIAN_POINT('',(7.274438581857,0.268598346362,-4.951858402382
    ));
#853 = CARTESIAN_POINT('',(7.282111069545,0.288355862657,-4.944532895396
    ));
#854 = CARTESIAN_POINT('',(7.29030362496,0.307742035018,-4.936700930092)
  );
#855 = CARTESIAN_POINT('',(7.298978154299,0.32674749548,-4.928396541084)
  );
#856 = CARTESIAN_POINT('',(7.308097965637,0.345367479191,-4.919652469363
    ));
#857 = CARTESIAN_POINT('',(7.317628507583,0.363601216683,-4.910499488701
    ));
#858 = CARTESIAN_POINT('',(7.327538107946,0.381451326146,-4.900965732049
    ));
#859 = CARTESIAN_POINT('',(7.353649026588,0.425913309646,-4.875798645463
    ));
#860 = CARTESIAN_POINT('',(7.37033329882,0.451994922044,-4.859675370864)
  );
#861 = CARTESIAN_POINT('',(7.387748952055,0.477192481854,-4.842796733114
    ));
#862 = CARTESIAN_POINT('',(7.405805427772,0.501533320713,-4.825242576563
    ));
#863 = CARTESIAN_POINT('',(7.424424053543,0.525047291393,-4.807082062461
    ));
#864 = CARTESIAN_POINT('',(7.443537910636,0.547766396252,-4.788373680484
    ));
#865 = CARTESIAN_POINT('',(7.463091701599,0.569724415698,-4.769165260253
    ));
#866 = CARTESIAN_POINT('',(7.502255159576,0.611404955373,-4.730548795122
    ));
#867 = CARTESIAN_POINT('',(7.521832513608,0.631176317314,-4.711177827411
    ));
#868 = CARTESIAN_POINT('',(7.541732170764,0.650299852635,-4.691416604803
    ));
#869 = CARTESIAN_POINT('',(7.561917757878,0.668802106743,-4.671296123046
    ));
#870 = CARTESIAN_POINT('',(7.582357656209,0.686707377187,-4.650843140708
    ));
#871 = CARTESIAN_POINT('',(7.603024619854,0.704038150583,-4.630080471342
    ));
#872 = CARTESIAN_POINT('',(7.623895394147,0.720815539523,-4.609027275636
    ));
#873 = CARTESIAN_POINT('',(7.733130557567,0.8050919925,-4.498375853201)
  );
#874 = CARTESIAN_POINT('',(7.824414656673,0.863673912077,-4.404361609797
    ));
#875 = CARTESIAN_POINT('',(7.917506768045,0.914434750941,-4.306675879333
    ));
#876 = CARTESIAN_POINT('',(8.011630459187,0.958047198194,-4.205887458996
    ));
#877 = CARTESIAN_POINT('',(8.106163801916,0.995066858665,-4.102447009023
    ));
#878 = CARTESIAN_POINT('',(8.200697356606,1.025778895753,-3.996619752777
    ));
#879 = CARTESIAN_POINT('',(8.294937641661,1.050366941522,-3.888559218756
    ));
#880 = CARTESIAN_POINT('',(8.486292390061,1.088011313038,-3.663524374397
    ));
#881 = CARTESIAN_POINT('',(8.58317687789,1.100523542854,-3.546591753111)
  );
#882 = CARTESIAN_POINT('',(8.679090518858,1.106364268767,-3.427613089871
    ));
#883 = CARTESIAN_POINT('',(8.773720578396,1.105341461896,-3.306782866426
    ));
#884 = CARTESIAN_POINT('',(8.866705726735,1.097101466357,-3.184390599584
    ));
#885 = CARTESIAN_POINT('',(8.957639633525,1.081156362818,-3.060840954814
    ));
#886 = CARTESIAN_POINT('',(9.046073283377,1.056851234031,-2.936691021549
    ));
#887 = CARTESIAN_POINT('',(9.160188506667,1.011932223187,-2.77110457014)
  );
#888 = CARTESIAN_POINT('',(9.188533930067,0.999589351263,-2.729503158018
    ));
#889 = CARTESIAN_POINT('',(9.216512093332,0.986163155995,-2.687967911771
    ));
#890 = CARTESIAN_POINT('',(9.244097020389,0.971615850478,-2.646537911531
    ));
#891 = CARTESIAN_POINT('',(9.271262787127,0.955908043857,-2.605261062459
    ));
#892 = CARTESIAN_POINT('',(9.297979912989,0.938997615968,-2.56419229626)
  );
#893 = CARTESIAN_POINT('',(9.324212816036,0.920838734198,-2.523392702532
    ));
#894 = CARTESIAN_POINT('',(9.37913845614,0.87928570734,-2.436982030351)
  );
#895 = CARTESIAN_POINT('',(9.407676967455,0.855519858196,-2.391479247786
    ));
#896 = CARTESIAN_POINT('',(9.435503935708,0.830016686989,-2.346533123568
    ));
#897 = CARTESIAN_POINT('',(9.462567224683,0.802706285003,-2.302273467454
    ));
#898 = CARTESIAN_POINT('',(9.488802707,0.77351980589,-2.258855229012));
#899 = CARTESIAN_POINT('',(9.514134242934,0.742390736759,-2.216459392337
    ));
#900 = CARTESIAN_POINT('',(9.538473659243,0.709256169284,-2.17529387076)
  );
#901 = CARTESIAN_POINT('',(9.57984422704,0.646617505619,-2.104644551455)
  );
#902 = CARTESIAN_POINT('',(9.597300093177,0.617928213714,-2.074592001935
    ));
#903 = CARTESIAN_POINT('',(9.61404059962,0.587963953381,-2.045548792396)
  );
#904 = CARTESIAN_POINT('',(9.630008841447,0.556707351795,-2.017644921069
    ));
#905 = CARTESIAN_POINT('',(9.645139786879,0.524152324799,-1.991027061274
    ));
#906 = CARTESIAN_POINT('',(9.65936168333,0.490307066803,-1.965855986448)
  );
#907 = CARTESIAN_POINT('',(9.672597818216,0.45519761081,-1.942302703928)
  );
#908 = CARTESIAN_POINT('',(9.700474521659,0.371995349777,-1.892463769182
    ));
#909 = CARTESIAN_POINT('',(9.714419520138,0.323054714657,-1.867348157581
    ));
#910 = CARTESIAN_POINT('',(9.726406757087,0.272207835892,-1.845619973034
    ));
#911 = CARTESIAN_POINT('',(9.736248645239,0.219679344976,-1.827689611564
    ));
#912 = CARTESIAN_POINT('',(9.743774562639,0.165769315577,-1.813930228857
    ));
#913 = CARTESIAN_POINT('',(9.748846193199,0.11085961311,-1.80464131929)
  );
#914 = CARTESIAN_POINT('',(9.75138052811,5.541800047984E-02,-1.8));
#915 = CARTESIAN_POINT('',(9.75138052811,1.110223024625E-15,-1.8));
#916 = PCURVE('',#584,#917);
#917 = DEFINITIONAL_REPRESENTATION('',(#918),#1075);
#918 = B_SPLINE_CURVE_WITH_KNOTS('',8,(#919,#920,#921,#922,#923,#924,
    #925,#926,#927,#928,#929,#930,#931,#932,#933,#934,#935,#936,#937,
    #938,#939,#940,#941,#942,#943,#944,#945,#946,#947,#948,#949,#950,
    #951,#952,#953,#954,#955,#956,#957,#958,#959,#960,#961,#962,#963,
    #964,#965,#966,#967,#968,#969,#970,#971,#972,#973,#974,#975,#976,
    #977,#978,#979,#980,#981,#982,#983,#984,#985,#986,#987,#988,#989,
    #990,#991,#992,#993,#994,#995,#996,#997,#998,#999,#1000,#1001,#1002,
    #1003,#1004,#1005,#1006,#1007,#1008,#1009,#1010,#1011,#1012,#1013,
    #1014,#1015,#1016,#1017,#1018,#1019,#1020,#1021,#1022,#1023,#1024,
    #1025,#1026,#1027,#1028,#1029,#1030,#1031,#1032,#1033,#1034,#1035,
    #1036,#1037,#1038,#1039,#1040,#1041,#1042,#1043,#1044,#1045,#1046,
    #1047,#1048,#1049,#1050,#1051,#1052,#1053,#1054,#1055,#1056,#1057,
    #1058,#1059,#1060,#1061,#1062,#1063,#1064,#1065,#1066,#1067,#1068,
    #1069,#1070,#1071,#1072,#1073,#1074),.UNSPECIFIED.,.F.,.F.,(9,7,7,7,
    7,7,7,7,7,7,7,7,7,7,7,7,7,7,7,7,7,7,9),(0.,4.236513438643E-02,
    7.179797238533E-02,0.117551993713,0.159138927425,0.285299940005,
    0.405395918723,0.432690637957,0.466082923489,0.478439824969,
    0.485538896116,0.499902731764,0.517489081882,0.526511093253,
    0.544853080317,0.573187303659,0.600475677956,0.71476215674,
    0.833677131537,0.873618769125,0.918987489747,0.954357108801,1.),
  .UNSPECIFIED.);
#919 = CARTESIAN_POINT('',(0.,-7.15138052811));
#920 = CARTESIAN_POINT('',(4.676085342284E-02,-7.151380528102));
#921 = CARTESIAN_POINT('',(9.353965437483E-02,-7.149197283292));
#922 = CARTESIAN_POINT('',(0.140091526532,-7.144828311282));
#923 = CARTESIAN_POINT('',(0.18622755421,-7.138334625083));
#924 = CARTESIAN_POINT('',(0.23179858744,-7.129820077281));
#925 = CARTESIAN_POINT('',(0.276683884145,-7.119415598644));
#926 = CARTESIAN_POINT('',(0.320784589432,-7.107268331159));
#927 = CARTESIAN_POINT('',(0.394060933006,-7.083994989038));
#928 = CARTESIAN_POINT('',(0.423697533439,-7.07368439824));
#929 = CARTESIAN_POINT('',(0.452919247396,-7.062650850778));
#930 = CARTESIAN_POINT('',(0.481719138156,-7.050940351154));
#931 = CARTESIAN_POINT('',(0.510095399622,-7.038597018458));
#932 = CARTESIAN_POINT('',(0.538050817775,-7.02566216411));
#933 = CARTESIAN_POINT('',(0.565592232127,-7.0121733696));
#934 = CARTESIAN_POINT('',(0.634916274987,-6.976385000653));
#935 = CARTESIAN_POINT('',(0.676116238927,-6.953353408016));
#936 = CARTESIAN_POINT('',(0.716377537287,-6.929189814164));
#937 = CARTESIAN_POINT('',(0.755745767062,-6.904001345186));
#938 = CARTESIAN_POINT('',(0.794266117066,-6.877880870689));
#939 = CARTESIAN_POINT('',(0.831985011052,-6.850906649079));
#940 = CARTESIAN_POINT('',(0.868951750833,-6.823141972838));
#941 = CARTESIAN_POINT('',(0.938185390852,-6.768723969268));
#942 = CARTESIAN_POINT('',(0.970566852254,-6.742204417403));
#943 = CARTESIAN_POINT('',(1.002402480401,-6.715120733795));
#944 = CARTESIAN_POINT('',(1.033714228941,-6.687485173067));
#945 = CARTESIAN_POINT('',(1.064555478524,-6.659376446482));
#946 = CARTESIAN_POINT('',(1.094941642986,-6.630796221884));
#947 = CARTESIAN_POINT('',(1.124911367644,-6.601791025111));
#948 = CARTESIAN_POINT('',(1.244232857144,-6.483163752747));
#949 = CARTESIAN_POINT('',(1.33031608445,-6.390319399161));
#950 = CARTESIAN_POINT('',(1.413685942436,-6.294497347398));
#951 = CARTESIAN_POINT('',(1.4949655332,-6.19625710453));
#952 = CARTESIAN_POINT('',(1.574692380727,-6.096100030056));
#953 = CARTESIAN_POINT('',(1.653383890404,-5.994464455535));
#954 = CARTESIAN_POINT('',(1.731564445432,-5.891717704336));
#955 = CARTESIAN_POINT('',(1.88444069448,-5.6896154276));
#956 = CARTESIAN_POINT('',(1.958933812925,-5.590585780952));
#957 = CARTESIAN_POINT('',(2.034006804517,-5.491247773299));
#958 = CARTESIAN_POINT('',(2.110260213557,-5.391932307187));
#959 = CARTESIAN_POINT('',(2.188249086609,-5.293114390677));
#960 = CARTESIAN_POINT('',(2.268776000691,-5.195574286538));
#961 = CARTESIAN_POINT('',(2.352660617462,-5.100270574147));
#962 = CARTESIAN_POINT('',(2.462206965908,-4.98815747992));
#963 = CARTESIAN_POINT('',(2.482762097452,-4.967609060426));
#964 = CARTESIAN_POINT('',(2.503606889083,-4.947296631934));
#965 = CARTESIAN_POINT('',(2.524762494869,-4.927247252092));
#966 = CARTESIAN_POINT('',(2.546250882619,-4.907492848786));
#967 = CARTESIAN_POINT('',(2.568095491088,-4.888070648402));
#968 = CARTESIAN_POINT('',(2.590321887183,-4.869023604091));
#969 = CARTESIAN_POINT('',(2.640651899956,-4.827617765395));
#970 = CARTESIAN_POINT('',(2.668947951255,-4.805479066069));
#971 = CARTESIAN_POINT('',(2.697908078178,-4.784065987168));
#972 = CARTESIAN_POINT('',(2.727584874745,-4.763488537882));
#973 = CARTESIAN_POINT('',(2.758023167264,-4.74388556811));
#974 = CARTESIAN_POINT('',(2.789260083856,-4.725423340608));
#975 = CARTESIAN_POINT('',(2.821324054126,-4.708292582656));
#976 = CARTESIAN_POINT('',(2.866410682768,-4.686935428367));
#977 = CARTESIAN_POINT('',(2.878702151703,-4.68137904586));
#978 = CARTESIAN_POINT('',(2.891106884338,-4.676045882233));
#979 = CARTESIAN_POINT('',(2.903623877247,-4.670947476852));
#980 = CARTESIAN_POINT('',(2.916251300916,-4.666095703519));
#981 = CARTESIAN_POINT('',(2.928986415639,-4.661502578067));
#982 = CARTESIAN_POINT('',(2.941825487424,-4.657180065944));
#983 = CARTESIAN_POINT('',(2.962196741962,-4.650818798385));
#984 = CARTESIAN_POINT('',(2.969662478363,-4.648590877183));
#985 = CARTESIAN_POINT('',(2.977159976491,-4.646458388484));
#986 = CARTESIAN_POINT('',(2.984688173616,-4.644423523076));
#987 = CARTESIAN_POINT('',(2.992245880873,-4.642488400249));
#988 = CARTESIAN_POINT('',(2.999831783269,-4.64065506779));
#989 = CARTESIAN_POINT('',(3.007444439676,-4.638925501986));
#990 = CARTESIAN_POINT('',(3.030536237522,-4.634015916966));
#991 = CARTESIAN_POINT('',(3.046094378109,-4.631162527433));
#992 = CARTESIAN_POINT('',(3.061742311685,-4.628757287272));
#993 = CARTESIAN_POINT('',(3.077464615768,-4.626813729826));
#994 = CARTESIAN_POINT('',(3.093244712168,-4.625342649164));
#995 = CARTESIAN_POINT('',(3.109064740857,-4.624351675717));
#996 = CARTESIAN_POINT('',(3.124905433831,-4.62384485191));
#997 = CARTESIAN_POINT('',(3.160140359376,-4.623794483498));
#998 = CARTESIAN_POINT('',(3.179538067355,-4.624492564154));
#999 = CARTESIAN_POINT('',(3.198899918021,-4.62591694294));
#1000 = CARTESIAN_POINT('',(3.218190675593,-4.628058913707));
#1001 = CARTESIAN_POINT('',(3.237378689868,-4.630901864372));
#1002 = CARTESIAN_POINT('',(3.256435522695,-4.634422570299));
#1003 = CARTESIAN_POINT('',(3.275335574443,-4.638592487689));
#1004 = CARTESIAN_POINT('',(3.3036593678,-4.645834610057));
#1005 = CARTESIAN_POINT('',(3.31321638178,-4.64845269829));
#1006 = CARTESIAN_POINT('',(3.322724131925,-4.651228957341));
#1007 = CARTESIAN_POINT('',(3.332180308121,-4.654158954389));
#1008 = CARTESIAN_POINT('',(3.341582910624,-4.657238178122));
#1009 = CARTESIAN_POINT('',(3.350930250066,-4.660462038736));
#1010 = CARTESIAN_POINT('',(3.360220947452,-4.663825867932));
#1011 = CARTESIAN_POINT('',(3.388224839647,-4.674438581857));
#1012 = CARTESIAN_POINT('',(3.406756177526,-4.682111069545));
#1013 = CARTESIAN_POINT('',(3.425040274707,-4.69030362496));
#1014 = CARTESIAN_POINT('',(3.443072980838,-4.698978154299));
#1015 = CARTESIAN_POINT('',(3.460853317867,-4.708097965637));
#1016 = CARTESIAN_POINT('',(3.478383129607,-4.717628507583));
#1017 = CARTESIAN_POINT('',(3.495666731297,-4.727538107946));
#1018 = CARTESIAN_POINT('',(3.539039420028,-4.753649026588));
#1019 = CARTESIAN_POINT('',(3.564790359333,-4.77033329882));
#1020 = CARTESIAN_POINT('',(3.589991299341,-4.787748952055));
#1021 = CARTESIAN_POINT('',(3.614670047751,-4.805805427772));
#1022 = CARTESIAN_POINT('',(3.638854845394,-4.824424053543));
#1023 = CARTESIAN_POINT('',(3.662574913938,-4.843537910636));
#1024 = CARTESIAN_POINT('',(3.68586100358,-4.863091701599));
#1025 = CARTESIAN_POINT('',(3.730786168344,-4.902255159576));
#1026 = CARTESIAN_POINT('',(3.752450244865,-4.921832513608));
#1027 = CARTESIAN_POINT('',(3.773764891347,-4.941732170764));
#1028 = CARTESIAN_POINT('',(3.794754102027,-4.961917757878));
#1029 = CARTESIAN_POINT('',(3.815439743307,-4.982357656209));
#1030 = CARTESIAN_POINT('',(3.835842152725,-5.003024619854));
#1031 = CARTESIAN_POINT('',(3.855980737918,-5.023895394147));
#1032 = CARTESIAN_POINT('',(3.959191985137,-5.133130557567));
#1033 = CARTESIAN_POINT('',(4.038096769037,-5.224414656673));
#1034 = CARTESIAN_POINT('',(4.11413995729,-5.317506768045));
#1035 = CARTESIAN_POINT('',(4.188039631368,-5.411630459187));
#1036 = CARTESIAN_POINT('',(4.260451127518,-5.506163801916));
#1037 = CARTESIAN_POINT('',(4.331860268306,-5.600697356606));
#1038 = CARTESIAN_POINT('',(4.402768597975,-5.694937641661));
#1039 = CARTESIAN_POINT('',(4.547518976352,-5.886292390061));
#1040 = CARTESIAN_POINT('',(4.621218921637,-5.98317687789));
#1041 = CARTESIAN_POINT('',(4.695341799077,-6.079090518857));
#1042 = CARTESIAN_POINT('',(4.770328870844,-6.173720578396));
#1043 = CARTESIAN_POINT('',(4.846612330799,-6.266705726735));
#1044 = CARTESIAN_POINT('',(4.92464094323,-6.357639633525));
#1045 = CARTESIAN_POINT('',(5.004929219494,-6.446073283377));
#1046 = CARTESIAN_POINT('',(5.116185825481,-6.560188506667));
#1047 = CARTESIAN_POINT('',(5.14449046058,-6.588533930067));
#1048 = CARTESIAN_POINT('',(5.173151451201,-6.616512093332));
#1049 = CARTESIAN_POINT('',(5.20219537388,-6.644097020389));
#1050 = CARTESIAN_POINT('',(5.231648226855,-6.671262787127));
#1051 = CARTESIAN_POINT('',(5.261537697158,-6.697979912989));
#1052 = CARTESIAN_POINT('',(5.291895059189,-6.724212816036));
#1053 = CARTESIAN_POINT('',(5.357801866331,-6.77913845614));
#1054 = CARTESIAN_POINT('',(5.393489412143,-6.807676967455));
#1055 = CARTESIAN_POINT('',(5.429862954728,-6.835503935708));
#1056 = CARTESIAN_POINT('',(5.466967877756,-6.862567224683));
#1057 = CARTESIAN_POINT('',(5.504848549694,-6.888802707));
#1058 = CARTESIAN_POINT('',(5.543550135174,-6.914134242934));
#1059 = CARTESIAN_POINT('',(5.583120406359,-6.938473659243));
#1060 = CARTESIAN_POINT('',(5.655178600046,-6.97984422704));
#1061 = CARTESIAN_POINT('',(5.687299075237,-6.997300093177));
#1062 = CARTESIAN_POINT('',(5.719996927411,-7.01404059962));
#1063 = CARTESIAN_POINT('',(5.753289728397,-7.030008841447));
#1064 = CARTESIAN_POINT('',(5.787188915303,-7.045139786879));
#1065 = CARTESIAN_POINT('',(5.821699305895,-7.05936168333));
#1066 = CARTESIAN_POINT('',(5.856817888357,-7.072597818216));
#1067 = CARTESIAN_POINT('',(5.938619180946,-7.100474521659));
#1068 = CARTESIAN_POINT('',(5.985735913584,-7.114419520138));
#1069 = CARTESIAN_POINT('',(6.033798663273,-7.126406757087));
#1070 = CARTESIAN_POINT('',(6.082696729631,-7.136248645239));
#1071 = CARTESIAN_POINT('',(6.132290802759,-7.143774562639));
#1072 = CARTESIAN_POINT('',(6.182404005432,-7.148846193199));
#1073 = CARTESIAN_POINT('',(6.232805306743,-7.15138052811));
#1074 = CARTESIAN_POINT('',(6.28318530718,-7.15138052811));
#1075 = ( GEOMETRIC_REPRESENTATION_CONTEXT(2) 
PARAMETRIC_REPRESENTATION_CONTEXT() REPRESENTATION_CONTEXT('2D SPACE',''
  ) );
#1076 = PCURVE('',#1077,#1318);
#1077 = ( BOUNDED_SURFACE() B_SPLINE_SURFACE(14,3,(
    (#1078,#1079,#1080,#1081,#1082,#1083,#1084,#1085,#1086,#1087,#1088
      ,#1089,#1090,#1091,#1092,#1093)
    ,(#1094,#1095,#1096,#1097,#1098,#1099,#1100,#1101,#1102,#1103,#1104
      ,#1105,#1106,#1107,#1108,#1109)
    ,(#1110,#1111,#1112,#1113,#1114,#1115,#1116,#1117,#1118,#1119,#1120
      ,#1121,#1122,#1123,#1124,#1125)
    ,(#1126,#1127,#1128,#1129,#1130,#1131,#1132,#1133,#1134,#1135,#1136
      ,#1137,#1138,#1139,#1140,#1141)
    ,(#1142,#1143,#1144,#1145,#1146,#1147,#1148,#1149,#1150,#1151,#1152
      ,#1153,#1154,#1155,#1156,#1157)
    ,(#1158,#1159,#1160,#1161,#1162,#1163,#1164,#1165,#1166,#1167,#1168
      ,#1169,#1170,#1171,#1172,#1173)
    ,(#1174,#1175,#1176,#1177,#1178,#1179,#1180,#1181,#1182,#1183,#1184
      ,#1185,#1186,#1187,#1188,#1189)
    ,(#1190,#1191,#1192,#1193,#1194,#1195,#1196,#1197,#1198,#1199,#1200
      ,#1201,#1202,#1203,#1204,#1205)
    ,(#1206,#1207,#1208,#1209,#1210,#1211,#1212,#1213,#1214,#1215,#1216
      ,#1217,#1218,#1219,#1220,#1221)
    ,(#1222,#1223,#1224,#1225,#1226,#1227,#1228,#1229,#1230,#1231,#1232
      ,#1233,#1234,#1235,#1236,#1237)
    ,(#1238,#1239,#1240,#1241,#1242,#1243,#1244,#1245,#1246,#1247,#1248
      ,#1249,#1250,#1251,#1252,#1253)
    ,(#1254,#1255,#1256,#1257,#1258,#1259,#1260,#1261,#1262,#1263,#1264
      ,#1265,#1266,#1267,#1268,#1269)
    ,(#1270,#1271,#1272,#1273,#1274,#1275,#1276,#1277,#1278,#1279,#1280
      ,#1281,#1282,#1283,#1284,#1285)
    ,(#1286,#1287,#1288,#1289,#1290,#1291,#1292,#1293,#1294,#1295,#1296
      ,#1297,#1298,#1299,#1300,#1301)
    ,(#1302,#1303,#1304,#1305,#1306,#1307,#1308,#1309,#1310,#1311,#1312
      ,#1313,#1314,#1315,#1316,#1317
)),.UNSPECIFIED.,.T.,.F.,.F.) B_SPLINE_SURFACE_WITH_KNOTS((1,14,14,1),(4
    ,1,1,1,1,1,1,1,1,1,1,1,1,4),(-1.,0.,1.,2.),(0.,3.142104686045E-02,
    8.182743732441E-02,0.165012827958,0.275119682777,0.368532333937,
    0.460461739274,0.555375670284,0.658391979945,0.764671725459,
    0.830566078559,0.884453584463,0.92477443307,1.),.UNSPECIFIED.) 
GEOMETRIC_REPRESENTATION_ITEM() RATIONAL_B_SPLINE_SURFACE((
    (1.,1.,1.,1.,1.,1.,1.,1.,1.,1.,1.,1.,1.000000000001,0.999999999995
      ,1.000000000019,1.)
    ,(1.,1.,1.,1.,1.,1.,1.,1.,1.,1.,1.,1.,1.000000000001,0.999999999995
      ,1.000000000019,1.)
    ,(1.,1.,1.,1.,1.,1.,1.,1.,1.,1.,1.,1.,1.000000000001,0.999999999995
      ,1.000000000019,1.)
    ,(1.,1.,1.,1.,1.,1.,1.,1.,1.,1.,1.,1.,1.000000000001,0.999999999995
      ,1.000000000019,1.)
    ,(1.,1.,1.,1.,1.,1.,1.,1.,1.,1.,1.,1.,1.000000000001,0.999999999995
      ,1.000000000019,1.)
    ,(1.,1.,1.,1.,1.,1.,1.,1.,1.,1.,1.,1.,1.000000000001,0.999999999995
      ,1.000000000019,1.)
    ,(1.,1.,1.,1.,1.,1.,1.,1.,1.,1.,1.,1.,1.000000000001,0.999999999995
      ,1.000000000019,1.)
    ,(1.,1.,1.,1.,1.,1.,1.,1.,1.,1.,1.,1.,1.000000000001,0.999999999995
      ,1.000000000019,1.)
    ,(1.,1.,1.,1.,1.,1.,1.,1.,1.,1.,1.,1.,1.000000000001,0.999999999995
      ,1.000000000019,1.)
    ,(1.,1.,1.,1.,1.,1.,1.,1.,1.,1.,1.,1.,1.000000000001,0.999999999995
      ,1.000000000019,1.)
    ,(1.,1.,1.,1.,1.,1.,1.,1.,1.,1.,1.,1.,1.000000000001,0.999999999995
      ,1.000000000019,1.)
    ,(1.,1.,1.,1.,1.,1.,1.,1.,1.,1.,1.,1.,1.000000000001,0.999999999995
      ,1.000000000019,1.)
    ,(1.,1.,1.,1.,1.,1.,1.,1.,1.,1.,1.,1.,1.000000000001,0.999999999995
      ,1.000000000019,1.)
    ,(1.,1.,1.,1.,1.,1.,1.,1.,1.,1.,1.,1.,1.000000000001,0.999999999995
      ,1.000000000019,1.)
    ,(1.,1.,1.,1.,1.,1.,1.,1.,1.,1.,1.,1.,1.000000000001,0.999999999995
,1.000000000019,1.))) REPRESENTATION_ITEM('') SURFACE() );
#1078 = CARTESIAN_POINT('',(0.55,0.,10.5));
#1079 = CARTESIAN_POINT('',(0.880428580103,2.532887827526E-16,
    10.465116992243));
#1080 = CARTESIAN_POINT('',(1.754637361142,-2.829592331268E-16,
    10.365009307008));
#1081 = CARTESIAN_POINT('',(3.492860183848,-3.19821723762E-15,
    10.050493190363));
#1082 = CARTESIAN_POINT('',(6.091076998798,-3.617703038949E-15,
    9.419808591729));
#1083 = CARTESIAN_POINT('',(9.115365085466,1.60636131396E-15,
    7.96121340119));
#1084 = CARTESIAN_POINT('',(10.786306374138,2.034012552448E-15,
    4.591866333575));
#1085 = CARTESIAN_POINT('',(10.617077408864,-1.681976227642E-15,
    0.949616477242));
#1086 = CARTESIAN_POINT('',(9.680209492221,-9.013812239925E-15,
    -2.743129938689));
#1087 = CARTESIAN_POINT('',(6.649048716233,2.95844549684E-15,
    -5.683578085262));
#1088 = CARTESIAN_POINT('',(3.464360043504,2.855873173277E-15,
    -7.518394899904));
#1089 = CARTESIAN_POINT('',(1.547749871981,-4.702173655347E-15,
    -9.757327463711));
#1090 = CARTESIAN_POINT('',(1.31239585948,-1.012744022804E-15,
    -11.88958396732));
#1091 = CARTESIAN_POINT('',(0.555126940441,-4.168377584971E-16,
    -13.75987572961));
#1092 = CARTESIAN_POINT('',(-2.516326323117,-2.252046314611E-14,
    -13.60165756609));
#1093 = CARTESIAN_POINT('',(-2.,0.,-13.9));
#1094 = CARTESIAN_POINT('',(0.55,0.,10.5));
#1095 = CARTESIAN_POINT('',(0.880428580101,0.1284004816,10.465116992243)
  );
#1096 = CARTESIAN_POINT('',(1.754637361144,0.458469795209,
    10.365009307008));
#1097 = CARTESIAN_POINT('',(3.492860183847,1.118491688946,
    10.050493190363));
#1098 = CARTESIAN_POINT('',(6.091076998799,2.092937305514,9.419808591729
    ));
#1099 = CARTESIAN_POINT('',(9.115365085468,3.154658776638,7.96121340119)
  );
#1100 = CARTESIAN_POINT('',(10.786306374139,3.877335955514,
    4.591866333575));
#1101 = CARTESIAN_POINT('',(10.617077408866,3.901781248168,
    0.949616477242));
#1102 = CARTESIAN_POINT('',(9.680209492221,3.658868771364,
    -2.743129938689));
#1103 = CARTESIAN_POINT('',(6.649048716236,2.90085640478,-5.683578085262
    ));
#1104 = CARTESIAN_POINT('',(3.464360043504,2.016109062591,
    -7.518394899904));
#1105 = CARTESIAN_POINT('',(1.547749871982,1.284788476469,
    -9.757327463711));
#1106 = CARTESIAN_POINT('',(1.312395859478,1.210506032656,
    -11.88958396732));
#1107 = CARTESIAN_POINT('',(0.55512694045,0.926673433812,-13.75987572961
    ));
#1108 = CARTESIAN_POINT('',(-2.516326323155,-0.354391474902,
    -13.60165756609));
#1109 = CARTESIAN_POINT('',(-2.,0.,-13.9));
#1110 = CARTESIAN_POINT('',(0.55,0.,10.5));
#1111 = CARTESIAN_POINT('',(0.809796920456,0.256801010593,
    10.465116992243));
#1112 = CARTESIAN_POINT('',(1.492836018661,0.916939759654,
    10.365009307008));
#1113 = CARTESIAN_POINT('',(2.85281169149,2.236983790758,10.050493190363
    ));
#1114 = CARTESIAN_POINT('',(4.904345151263,4.185875383569,9.419808591729
    ));
#1115 = CARTESIAN_POINT('',(7.272540216711,6.309318717722,7.96121340119)
  );
#1116 = CARTESIAN_POINT('',(8.559741624217,7.754673342236,4.591866333575
    ));
#1117 = CARTESIAN_POINT('',(8.379787388593,7.803563936558,0.949616477242
    ));
#1118 = CARTESIAN_POINT('',(7.589791867843,7.317738893295,
    -2.743129938689));
#1119 = CARTESIAN_POINT('',(5.083915594567,5.801713880325,
    -5.683578085262));
#1120 = CARTESIAN_POINT('',(2.42316560312,4.032218869364,-7.518394899904
    ));
#1121 = CARTESIAN_POINT('',(0.821515314841,2.569577427193,
    -9.757327463711));
#1122 = CARTESIAN_POINT('',(0.589723190764,2.421012512141,
    -11.88958396732));
#1123 = CARTESIAN_POINT('',(-8.539736508337E-03,1.853347209687,
    -13.75987572961));
#1124 = CARTESIAN_POINT('',(-2.348869901145,-0.708783080631,
    -13.60165756609));
#1125 = CARTESIAN_POINT('',(-2.,0.,-13.9));
#1126 = CARTESIAN_POINT('',(0.55,0.,10.5));
#1127 = CARTESIAN_POINT('',(0.668531079935,0.352707147927,
    10.465116992243));
#1128 = CARTESIAN_POINT('',(0.969250782633,1.259384480965,
    10.365009307008));
#1129 = CARTESIAN_POINT('',(1.572759056153,3.072418488351,
    10.050493190363));
#1130 = CARTESIAN_POINT('',(2.530860113682,5.749152484553,9.419808591729
    ));
#1131 = CARTESIAN_POINT('',(3.586893108719,8.665627152726,7.96121340119)
  );
#1132 = CARTESIAN_POINT('',(4.106607939361,10.650770848855,
    4.591866333575));
#1133 = CARTESIAN_POINT('',(3.905205307794,10.717920359094,
    0.949616477242));
#1134 = CARTESIAN_POINT('',(3.408951892094,10.050656764577,
    -2.743129938689));
#1135 = CARTESIAN_POINT('',(1.953655474418,7.968449777692,
    -5.683578085262));
#1136 = CARTESIAN_POINT('',(0.340749224272,5.538110671441,
    -7.518394899904));
#1137 = CARTESIAN_POINT('',(-0.630901556368,3.529224139737,
    -9.757327463711));
#1138 = CARTESIAN_POINT('',(-0.855579881553,3.325175458834,
    -11.88958396732));
#1139 = CARTESIAN_POINT('',(-1.135860835517,2.545507149374,
    -13.75987572961));
#1140 = CARTESIAN_POINT('',(-2.013883364049,-0.973488610102,
    -13.60165756609));
#1141 = CARTESIAN_POINT('',(-2.,0.,-13.9));
#1142 = CARTESIAN_POINT('',(0.55,0.,10.5));
#1143 = CARTESIAN_POINT('',(0.477768048495,0.383628118743,
    10.465116992243));
#1144 = CARTESIAN_POINT('',(0.262095826295,1.369791630434,
    10.365009307008));
#1145 = CARTESIAN_POINT('',(-0.156089039095,3.341769883727,
    10.050493190363));
#1146 = CARTESIAN_POINT('',(-0.674344018859,6.253166585962,
    9.419808591729));
#1147 = CARTESIAN_POINT('',(-1.390434754326,9.425321437129,7.96121340119
    ));
#1148 = CARTESIAN_POINT('',(-1.907150314674,11.584497813582,
    4.591866333575));
#1149 = CARTESIAN_POINT('',(-2.137527274737,11.657534156681,
    0.949616477242));
#1150 = CARTESIAN_POINT('',(-2.237082462337,10.931773199014,
    -2.743129938689));
#1151 = CARTESIAN_POINT('',(-2.273659719907,8.667024231126,
    -5.683578085262));
#1152 = CARTESIAN_POINT('',(-2.471352275863,6.02362325457,
    -7.518394899904));
#1153 = CARTESIAN_POINT('',(-2.592554192679,3.838622566505,
    -9.757327463711));
#1154 = CARTESIAN_POINT('',(-2.807583093516,3.616685438042,
    -11.88958396732));
#1155 = CARTESIAN_POINT('',(-2.658314404656,2.768665519633,
    -13.75987572961));
#1156 = CARTESIAN_POINT('',(-1.561811750668,-1.058831969586,
    -13.60165756609));
#1157 = CARTESIAN_POINT('',(-2.,0.,-13.9));
#1158 = CARTESIAN_POINT('',(0.55,0.,10.5));
#1159 = CARTESIAN_POINT('',(0.279716826609,0.328719980595,
    10.465116992243));
#1160 = CARTESIAN_POINT('',(-0.471769311271,1.173735334178,
    10.365009307008));
#1161 = CARTESIAN_POINT('',(-1.9502186546,2.863467190252,10.050493190363
    ));
#1162 = CARTESIAN_POINT('',(-4.00176364146,5.35815989064,9.419808591729)
  );
#1163 = CARTESIAN_POINT('',(-6.557139912794,8.076288802847,7.96121340119
    ));
#1164 = CARTESIAN_POINT('',(-8.149804302449,9.926425385263,
    4.591866333575));
#1165 = CARTESIAN_POINT('',(-8.410233607911,9.989008142216,
    0.949616477242));
#1166 = CARTESIAN_POINT('',(-8.098025380668,9.367124301347,
    -2.743129938689));
#1167 = CARTESIAN_POINT('',(-6.661771170931,7.426525579883,
    -5.683578085262));
#1168 = CARTESIAN_POINT('',(-5.390780650644,5.16147076449,
    -7.518394899904));
#1169 = CARTESIAN_POINT('',(-4.628257060397,3.289206066652,
    -9.757327463711));
#1170 = CARTESIAN_POINT('',(-4.833383659558,3.099034478642,
    -11.88958396732));
#1171 = CARTESIAN_POINT('',(-4.238563069039,2.372390425494,
    -13.75987572961));
#1172 = CARTESIAN_POINT('',(-1.091692654568,-0.907282880242,
    -13.60165756609));
#1173 = CARTESIAN_POINT('',(-2.,0.,-13.9));
#1174 = CARTESIAN_POINT('',(0.55,0.,10.5));
#1175 = CARTESIAN_POINT('',(0.128577898003,0.190508436088,
    10.465116992243));
#1176 = CARTESIAN_POINT('',(-1.032366741054,0.680233925879,
    10.365009307008));
#1177 = CARTESIAN_POINT('',(-3.32078451749,1.659511707395,
    10.050493190363));
#1178 = CARTESIAN_POINT('',(-6.541460346745,3.10530153732,9.419808591729
    ));
#1179 = CARTESIAN_POINT('',(-10.50144653015,4.680582988839,7.96121340119
    ));
#1180 = CARTESIAN_POINT('',(-12.91534480933,5.752822729978,
    4.591866333575));
#1181 = CARTESIAN_POINT('',(-13.19876104453,5.789092332765,
    0.949616477242));
#1182 = CARTESIAN_POINT('',(-12.57215711336,5.428681877312,
    -2.743129938689));
#1183 = CARTESIAN_POINT('',(-10.0117744162,4.304015141653,
    -5.683578085262));
#1184 = CARTESIAN_POINT('',(-7.618888476969,2.99131108944,
    -7.518394899904));
#1185 = CARTESIAN_POINT('',(-6.183405166107,1.906247081942,
    -9.757327463711));
#1186 = CARTESIAN_POINT('',(-6.380762853182,1.796033848894,
    -11.88958396732));
#1187 = CARTESIAN_POINT('',(-5.445178767023,1.374910003791,
    -13.75987572961));
#1188 = CARTESIAN_POINT('',(-0.734352161865,-0.525812401858,
    -13.60165756609));
#1189 = CARTESIAN_POINT('',(-2.,0.,-13.9));
#1190 = CARTESIAN_POINT('',(0.55,0.,10.5));
#1191 = CARTESIAN_POINT('',(7.161565741983E-02,9.015900682722E-12,
    10.465116992243));
#1192 = CARTESIAN_POINT('',(-1.242970947192,-4.204602596538E-12,
    10.365009307008));
#1193 = CARTESIAN_POINT('',(-3.835633455447,-1.48488667284E-11,
    10.050493190363));
#1194 = CARTESIAN_POINT('',(-7.498106630689,1.29726159423E-10,
    9.419808591729));
#1195 = CARTESIAN_POINT('',(-11.98627324378,1.563827456763E-10,
    7.96121340119));
#1196 = CARTESIAN_POINT('',(-14.70950955377,1.38096584355E-10,
    4.591866333575));
#1197 = CARTESIAN_POINT('',(-15.0015253473,1.981667712226E-10,
    0.949616477242));
#1198 = CARTESIAN_POINT('',(-14.25663036828,1.174761179146E-10,
    -2.743129938689));
#1199 = CARTESIAN_POINT('',(-11.27277842969,9.835356228319E-11,
    -5.683578085262));
#1200 = CARTESIAN_POINT('',(-8.458388070875,1.157271469937E-10,
    -7.518394899904));
#1201 = CARTESIAN_POINT('',(-6.767543310699,-1.738539574267E-11,
    -9.757327463711));
#1202 = CARTESIAN_POINT('',(-6.962228499029,-4.231819228715E-12,
    -11.88958396732));
#1203 = CARTESIAN_POINT('',(-5.89911750041,2.579104040796E-11,
    -13.75987572961));
#1204 = CARTESIAN_POINT('',(-0.597963176047,-1.1422344526E-10,
    -13.60165756609));
#1205 = CARTESIAN_POINT('',(-2.,0.,-13.9));
#1206 = CARTESIAN_POINT('',(0.55,0.,10.5));
#1207 = CARTESIAN_POINT('',(0.128577897998,-0.190508436105,
    10.465116992243));
#1208 = CARTESIAN_POINT('',(-1.032366741051,-0.68023392587,
    10.365009307008));
#1209 = CARTESIAN_POINT('',(-3.320784517488,-1.659511707369,
    10.050493190363));
#1210 = CARTESIAN_POINT('',(-6.541460346753,-3.105301537557,
    9.419808591729));
#1211 = CARTESIAN_POINT('',(-10.50144653014,-4.680582989126,
    7.96121340119));
#1212 = CARTESIAN_POINT('',(-12.91534480933,-5.75282273023,
    4.591866333575));
#1213 = CARTESIAN_POINT('',(-13.19876104453,-5.789092333127,
    0.949616477242));
#1214 = CARTESIAN_POINT('',(-12.57215711336,-5.428681877527,
    -2.743129938689));
#1215 = CARTESIAN_POINT('',(-10.0117744162,-4.304015141835,
    -5.683578085262));
#1216 = CARTESIAN_POINT('',(-7.618888476963,-2.991311089649,
    -7.518394899904));
#1217 = CARTESIAN_POINT('',(-6.183405166111,-1.906247081914,
    -9.757327463711));
#1218 = CARTESIAN_POINT('',(-6.380762853171,-1.796033848879,
    -11.88958396732));
#1219 = CARTESIAN_POINT('',(-5.445178767046,-1.374910003867,
    -13.75987572961));
#1220 = CARTESIAN_POINT('',(-0.734352161792,0.525812402187,
    -13.60165756609));
#1221 = CARTESIAN_POINT('',(-2.,0.,-13.9));
#1222 = CARTESIAN_POINT('',(0.55,0.,10.5));
#1223 = CARTESIAN_POINT('',(0.279716826611,-0.328719980581,
    10.465116992243));
#1224 = CARTESIAN_POINT('',(-0.471769311273,-1.173735334186,
    10.365009307008));
#1225 = CARTESIAN_POINT('',(-1.950218654605,-2.86346719027,
    10.050493190363));
#1226 = CARTESIAN_POINT('',(-4.001763641447,-5.358159890461,
    9.419808591729));
#1227 = CARTESIAN_POINT('',(-6.557139912797,-8.076288802626,
    7.96121340119));
#1228 = CARTESIAN_POINT('',(-8.149804302457,-9.926425385072,
    4.591866333575));
#1229 = CARTESIAN_POINT('',(-8.410233607905,-9.989008141942,
    0.949616477242));
#1230 = CARTESIAN_POINT('',(-8.098025380668,-9.367124301183,
    -2.743129938689));
#1231 = CARTESIAN_POINT('',(-6.661771170932,-7.426525579743,
    -5.683578085262));
#1232 = CARTESIAN_POINT('',(-5.390780650648,-5.161470764334,
    -7.518394899904));
#1233 = CARTESIAN_POINT('',(-4.628257060399,-3.289206066668,
    -9.757327463711));
#1234 = CARTESIAN_POINT('',(-4.833383659553,-3.099034478668,
    -11.88958396732));
#1235 = CARTESIAN_POINT('',(-4.238563069088,-2.37239042538,
    -13.75987572961));
#1236 = CARTESIAN_POINT('',(-1.091692654329,0.907282879756,
    -13.60165756609));
#1237 = CARTESIAN_POINT('',(-2.,0.,-13.9));
#1238 = CARTESIAN_POINT('',(0.55,0.,10.5));
#1239 = CARTESIAN_POINT('',(0.477768048494,-0.383628118754,
    10.465116992243));
#1240 = CARTESIAN_POINT('',(0.262095826297,-1.369791630428,
    10.365009307008));
#1241 = CARTESIAN_POINT('',(-0.156089039091,-3.341769883718,
    10.050493190363));
#1242 = CARTESIAN_POINT('',(-0.67434401887,-6.253166586072,
    9.419808591729));
#1243 = CARTESIAN_POINT('',(-1.390434754324,-9.425321437268,
    7.96121340119));
#1244 = CARTESIAN_POINT('',(-1.907150314668,-11.58449781369,
    4.591866333575));
#1245 = CARTESIAN_POINT('',(-2.137527274742,-11.65753415685,
    0.949616477242));
#1246 = CARTESIAN_POINT('',(-2.237082462337,-10.93177319911,
    -2.743129938689));
#1247 = CARTESIAN_POINT('',(-2.273659719907,-8.667024231214,
    -5.683578085262));
#1248 = CARTESIAN_POINT('',(-2.471352275857,-6.02362325467,
    -7.518394899904));
#1249 = CARTESIAN_POINT('',(-2.59255419268,-3.838622566488,
    -9.757327463711));
#1250 = CARTESIAN_POINT('',(-2.807583093512,-3.616685438046,
    -11.88958396732));
#1251 = CARTESIAN_POINT('',(-2.658314404645,-2.768665519631,
    -13.75987572961));
#1252 = CARTESIAN_POINT('',(-1.561811750746,1.05883196959,
    -13.60165756609));
#1253 = CARTESIAN_POINT('',(-2.,0.,-13.9));
#1254 = CARTESIAN_POINT('',(0.55,0.,10.5));
#1255 = CARTESIAN_POINT('',(0.668531079934,-0.35270714792,
    10.465116992243));
#1256 = CARTESIAN_POINT('',(0.969250782634,-1.25938448097,
    10.365009307008));
#1257 = CARTESIAN_POINT('',(1.57275905615,-3.072418488355,
    10.050493190363));
#1258 = CARTESIAN_POINT('',(2.530860113688,-5.749152484499,
    9.419808591729));
#1259 = CARTESIAN_POINT('',(3.586893108718,-8.665627152657,7.96121340119
    ));
#1260 = CARTESIAN_POINT('',(4.106607939358,-10.65077084879,
    4.591866333575));
#1261 = CARTESIAN_POINT('',(3.905205307797,-10.71792035901,
    0.949616477242));
#1262 = CARTESIAN_POINT('',(3.408951892093,-10.05065676452,
    -2.743129938689));
#1263 = CARTESIAN_POINT('',(1.953655474419,-7.968449777647,
    -5.683578085262));
#1264 = CARTESIAN_POINT('',(0.340749224268,-5.538110671395,
    -7.518394899904));
#1265 = CARTESIAN_POINT('',(-0.630901556367,-3.529224139739,
    -9.757327463711));
#1266 = CARTESIAN_POINT('',(-0.855579881558,-3.325175458845,
    -11.88958396732));
#1267 = CARTESIAN_POINT('',(-1.135860835514,-2.545507149324,
    -13.75987572961));
#1268 = CARTESIAN_POINT('',(-2.013883364042,0.973488609887,
    -13.60165756609));
#1269 = CARTESIAN_POINT('',(-2.,0.,-13.9));
#1270 = CARTESIAN_POINT('',(0.55,0.,10.5));
#1271 = CARTESIAN_POINT('',(0.809796920455,-0.256801010597,
    10.465116992243));
#1272 = CARTESIAN_POINT('',(1.492836018661,-0.916939759651,
    10.365009307008));
#1273 = CARTESIAN_POINT('',(2.852811691491,-2.236983790758,
    10.050493190363));
#1274 = CARTESIAN_POINT('',(4.904345151261,-4.185875383588,
    9.419808591729));
#1275 = CARTESIAN_POINT('',(7.272540216711,-6.309318717747,7.96121340119
    ));
#1276 = CARTESIAN_POINT('',(8.559741624218,-7.754673342257,
    4.591866333575));
#1277 = CARTESIAN_POINT('',(8.379787388592,-7.803563936588,
    0.949616477242));
#1278 = CARTESIAN_POINT('',(7.589791867844,-7.317738893314,
    -2.743129938689));
#1279 = CARTESIAN_POINT('',(5.083915594567,-5.801713880341,
    -5.683578085262));
#1280 = CARTESIAN_POINT('',(2.42316560312,-4.032218869382,
    -7.518394899904));
#1281 = CARTESIAN_POINT('',(0.821515314843,-2.56957742719,
    -9.757327463711));
#1282 = CARTESIAN_POINT('',(0.589723190758,-2.421012512146,
    -11.88958396732));
#1283 = CARTESIAN_POINT('',(-8.539736479852E-03,-1.853347209674,
    -13.75987572961));
#1284 = CARTESIAN_POINT('',(-2.348869901274,0.708783080581,
    -13.60165756609));
#1285 = CARTESIAN_POINT('',(-2.,0.,-13.9));
#1286 = CARTESIAN_POINT('',(0.55,0.,10.5));
#1287 = CARTESIAN_POINT('',(0.880428580101,-0.1284004816,10.465116992243
    ));
#1288 = CARTESIAN_POINT('',(1.754637361144,-0.458469795209,
    10.365009307008));
#1289 = CARTESIAN_POINT('',(3.492860183847,-1.118491688946,
    10.050493190363));
#1290 = CARTESIAN_POINT('',(6.091076998799,-2.09293730551,9.419808591729
    ));
#1291 = CARTESIAN_POINT('',(9.115365085468,-3.154658776633,7.96121340119
    ));
#1292 = CARTESIAN_POINT('',(10.786306374139,-3.87733595551,
    4.591866333575));
#1293 = CARTESIAN_POINT('',(10.617077408866,-3.901781248162,
    0.949616477242));
#1294 = CARTESIAN_POINT('',(9.680209492221,-3.65886877136,
    -2.743129938689));
#1295 = CARTESIAN_POINT('',(6.649048716236,-2.900856404776,
    -5.683578085262));
#1296 = CARTESIAN_POINT('',(3.464360043504,-2.016109062586,
    -7.518394899904));
#1297 = CARTESIAN_POINT('',(1.547749871982,-1.284788476473,
    -9.757327463711));
#1298 = CARTESIAN_POINT('',(1.312395859476,-1.210506032649,
    -11.88958396732));
#1299 = CARTESIAN_POINT('',(0.555126940454,-0.926673433839,
    -13.75987572961));
#1300 = CARTESIAN_POINT('',(-2.516326323169,0.354391475018,
    -13.60165756609));
#1301 = CARTESIAN_POINT('',(-2.,0.,-13.9));
#1302 = CARTESIAN_POINT('',(0.55,0.,10.5));
#1303 = CARTESIAN_POINT('',(0.880428580103,2.532887827526E-16,
    10.465116992243));
#1304 = CARTESIAN_POINT('',(1.754637361142,-2.829592331268E-16,
    10.365009307008));
#1305 = CARTESIAN_POINT('',(3.492860183848,-3.19821723762E-15,
    10.050493190363));
#1306 = CARTESIAN_POINT('',(6.091076998798,-3.617703038949E-15,
    9.419808591729));
#1307 = CARTESIAN_POINT('',(9.115365085466,1.60636131396E-15,
    7.96121340119));
#1308 = CARTESIAN_POINT('',(10.786306374138,2.034012552448E-15,
    4.591866333575));
#1309 = CARTESIAN_POINT('',(10.617077408864,-1.681976227642E-15,
    0.949616477242));
#1310 = CARTESIAN_POINT('',(9.680209492221,-9.013812239925E-15,
    -2.743129938689));
#1311 = CARTESIAN_POINT('',(6.649048716233,2.95844549684E-15,
    -5.683578085262));
#1312 = CARTESIAN_POINT('',(3.464360043504,2.855873173277E-15,
    -7.518394899904));
#1313 = CARTESIAN_POINT('',(1.547749871981,-4.702173655347E-15,
    -9.757327463711));
#1314 = CARTESIAN_POINT('',(1.31239585948,-1.012744022804E-15,
    -11.88958396732));
#1315 = CARTESIAN_POINT('',(0.555126940441,-4.168377584971E-16,
    -13.75987572961));
#1316 = CARTESIAN_POINT('',(-2.516326323117,-2.252046314611E-14,
    -13.60165756609));
#1317 = CARTESIAN_POINT('',(-2.,0.,-13.9));
#1318 = DEFINITIONAL_REPRESENTATION('',(#1319),#1476);
#1319 = B_SPLINE_CURVE_WITH_KNOTS('',8,(#1320,#1321,#1322,#1323,#1324,
    #1325,#1326,#1327,#1328,#1329,#1330,#1331,#1332,#1333,#1334,#1335,
    #1336,#1337,#1338,#1339,#1340,#1341,#1342,#1343,#1344,#1345,#1346,
    #1347,#1348,#1349,#1350,#1351,#1352,#1353,#1354,#1355,#1356,#1357,
    #1358,#1359,#1360,#1361,#1362,#1363,#1364,#1365,#1366,#1367,#1368,
    #1369,#1370,#1371,#1372,#1373,#1374,#1375,#1376,#1377,#1378,#1379,
    #1380,#1381,#1382,#1383,#1384,#1385,#1386,#1387,#1388,#1389,#1390,
    #1391,#1392,#1393,#1394,#1395,#1396,#1397,#1398,#1399,#1400,#1401,
    #1402,#1403,#1404,#1405,#1406,#1407,#1408,#1409,#1410,#1411,#1412,
    #1413,#1414,#1415,#1416,#1417,#1418,#1419,#1420,#1421,#1422,#1423,
    #1424,#1425,#1426,#1427,#1428,#1429,#1430,#1431,#1432,#1433,#1434,
    #1435,#1436,#1437,#1438,#1439,#1440,#1441,#1442,#1443,#1444,#1445,
    #1446,#1447,#1448,#1449,#1450,#1451,#1452,#1453,#1454,#1455,#1456,
    #1457,#1458,#1459,#1460,#1461,#1462,#1463,#1464,#1465,#1466,#1467,
    #1468,#1469,#1470,#1471,#1472,#1473,#1474,#1475),.UNSPECIFIED.,.T.,
  .F.,(9,7,7,7,7,7,7,7,7,7,7,7,7,7,7,7,7,7,7,7,7,7,9),(0.,
    4.236513438643E-02,7.179797238533E-02,0.117551993713,0.159138927425,
    0.285299940005,0.405395918723,0.432690637957,0.466082923489,
    0.478439824969,0.485538896116,0.499902731764,0.517489081882,
    0.526511093253,0.544853080317,0.573187303659,0.600475677956,
    0.71476215674,0.833677131537,0.873618769125,0.918987489747,
    0.954357108801,1.),.UNSPECIFIED.);
#1320 = CARTESIAN_POINT('',(0.999999999995,0.535189323465));
#1321 = CARTESIAN_POINT('',(0.99900140789,0.535189323465));
#1322 = CARTESIAN_POINT('',(0.998002430832,0.535301968246));
#1323 = CARTESIAN_POINT('',(0.997011093445,0.535527395852));
#1324 = CARTESIAN_POINT('',(0.996034212719,0.535862098257));
#1325 = CARTESIAN_POINT('',(0.995077465277,0.536300043102));
#1326 = CARTESIAN_POINT('',(0.994145461905,0.536833571362));
#1327 = CARTESIAN_POINT('',(0.993241829327,0.537454070923));
#1328 = CARTESIAN_POINT('',(0.991763115927,0.538637602731));
#1329 = CARTESIAN_POINT('',(0.991171653358,0.539160596973));
#1330 = CARTESIAN_POINT('',(0.990595560325,0.539718638823));
#1331 = CARTESIAN_POINT('',(0.990035269355,0.5403090076));
#1332 = CARTESIAN_POINT('',(0.989491024064,0.54092908404));
#1333 = CARTESIAN_POINT('',(0.988962906519,0.541576402428));
#1334 = CARTESIAN_POINT('',(0.988450864604,0.542248702724));
#1335 = CARTESIAN_POINT('',(0.987183501365,0.544024811326));
#1336 = CARTESIAN_POINT('',(0.986450926732,0.545160874701));
#1337 = CARTESIAN_POINT('',(0.985756241403,0.546344760718));
#1338 = CARTESIAN_POINT('',(0.985098492092,0.547569889812));
#1339 = CARTESIAN_POINT('',(0.984476582267,0.548830517405));
#1340 = CARTESIAN_POINT('',(0.983889308122,0.550121736375));
#1341 = CARTESIAN_POINT('',(0.983335394529,0.551439479514));
#1342 = CARTESIAN_POINT('',(0.982339196667,0.553999427864));
#1343 = CARTESIAN_POINT('',(0.981891437488,0.55523733676));
#1344 = CARTESIAN_POINT('',(0.98146930555,0.556491674701));
#1345 = CARTESIAN_POINT('',(0.981072023894,0.557759999489));
#1346 = CARTESIAN_POINT('',(0.980698524148,0.5590406533));
#1347 = CARTESIAN_POINT('',(0.98034819182,0.560331716457));
#1348 = CARTESIAN_POINT('',(0.980020196997,0.561631861876));
#1349 = CARTESIAN_POINT('',(0.978784628436,0.566907940925));
#1350 = CARTESIAN_POINT('',(0.978055749334,0.570944594813));
#1351 = CARTESIAN_POINT('',(0.977506730145,0.575020273205));
#1352 = CARTESIAN_POINT('',(0.977125571517,0.579113864618));
#1353 = CARTESIAN_POINT('',(0.976904655656,0.583209322306));
#1354 = CARTESIAN_POINT('',(0.976839808771,0.587294589553));
#1355 = CARTESIAN_POINT('',(0.97693128006,0.591361188348));
#1356 = CARTESIAN_POINT('',(0.977427218383,0.599250166269));
#1357 = CARTESIAN_POINT('',(0.97781584461,0.603065075326));
#1358 = CARTESIAN_POINT('',(0.978355559225,0.606847078739));
#1359 = CARTESIAN_POINT('',(0.979056992012,0.610588826981));
#1360 = CARTESIAN_POINT('',(0.979933712609,0.614277717971));
#1361 = CARTESIAN_POINT('',(0.981008971169,0.617890369875));
#1362 = CARTESIAN_POINT('',(0.982308554022,0.621397183949));
#1363 = CARTESIAN_POINT('',(0.984250263594,0.625501232592));
#1364 = CARTESIAN_POINT('',(0.984624277053,0.626252500172));
#1365 = CARTESIAN_POINT('',(0.985013348591,0.626994264706));
#1366 = CARTESIAN_POINT('',(0.98541812599,0.627725607867));
#1367 = CARTESIAN_POINT('',(0.985839289679,0.628445435459));
#1368 = CARTESIAN_POINT('',(0.986277559978,0.62915246232));
#1369 = CARTESIAN_POINT('',(0.986733704353,0.629845197218));
#1370 = CARTESIAN_POINT('',(0.987789463006,0.631349838037));
#1371 = CARTESIAN_POINT('',(0.988398126878,0.632153454268));
#1372 = CARTESIAN_POINT('',(0.989036220822,0.632929956406));
#1373 = CARTESIAN_POINT('',(0.989705261992,0.633675482555));
#1374 = CARTESIAN_POINT('',(0.990406531587,0.634385131122));
#1375 = CARTESIAN_POINT('',(0.99114096963,0.635053014141));
#1376 = CARTESIAN_POINT('',(0.991909033104,0.635672361744));
#1377 = CARTESIAN_POINT('',(0.993007108783,0.636444134334));
#1378 = CARTESIAN_POINT('',(0.993308224363,0.636644881126));
#1379 = CARTESIAN_POINT('',(0.993613824782,0.636837526232));
#1380 = CARTESIAN_POINT('',(0.993923844007,0.63702165866));
#1381 = CARTESIAN_POINT('',(0.994238186248,0.637196855239));
#1382 = CARTESIAN_POINT('',(0.994556722836,0.637362687513));
#1383 = CARTESIAN_POINT('',(0.994879289095,0.637518728632));
#1384 = CARTESIAN_POINT('',(0.995393194334,0.637748340869));
#1385 = CARTESIAN_POINT('',(0.995581969588,0.637828752375));
#1386 = CARTESIAN_POINT('',(0.995771967776,0.637905714015));
#1387 = CARTESIAN_POINT('',(0.995963145234,0.637979147585));
#1388 = CARTESIAN_POINT('',(0.996155453848,0.638048977421));
#1389 = CARTESIAN_POINT('',(0.99634884105,0.638115130397));
#1390 = CARTESIAN_POINT('',(0.996543249825,0.63817753593));
#1391 = CARTESIAN_POINT('',(0.997133916397,0.638354673562));
#1392 = CARTESIAN_POINT('',(0.997533171901,0.638457611972));
#1393 = CARTESIAN_POINT('',(0.997935841598,0.638544374983));
#1394 = CARTESIAN_POINT('',(0.998341333519,0.638614479008));
#1395 = CARTESIAN_POINT('',(0.998749009065,0.638667538285));
#1396 = CARTESIAN_POINT('',(0.999158184735,0.638703280078));
#1397 = CARTESIAN_POINT('',(0.999568133847,0.638721559875));
#1398 = CARTESIAN_POINT('',(1.000480015616,0.63872337653));
#1399 = CARTESIAN_POINT('',(1.000982044202,0.638698198579));
#1400 = CARTESIAN_POINT('',(1.001482736148,0.638646825163));
#1401 = CARTESIAN_POINT('',(1.001980761544,0.638569567523));
#1402 = CARTESIAN_POINT('',(1.002474901054,0.638467019405));
#1403 = CARTESIAN_POINT('',(1.002964048526,0.638340010737));
#1404 = CARTESIAN_POINT('',(1.003447213593,0.63818956132));
#1405 = CARTESIAN_POINT('',(1.004167877458,0.637928223562));
#1406 = CARTESIAN_POINT('',(1.004410444318,0.637833741106));
#1407 = CARTESIAN_POINT('',(1.004651119427,0.637733542648));
#1408 = CARTESIAN_POINT('',(1.004889808412,0.63762778644));
#1409 = CARTESIAN_POINT('',(1.005126427973,0.637516633492));
#1410 = CARTESIAN_POINT('',(1.005360905873,0.637400247568));
#1411 = CARTESIAN_POINT('',(1.005593180944,0.637278795186));
#1412 = CARTESIAN_POINT('',(1.006290844172,0.636895573617));
#1413 = CARTESIAN_POINT('',(1.006749147365,0.636618463343));
#1414 = CARTESIAN_POINT('',(1.007197721797,0.636322496536));
#1415 = CARTESIAN_POINT('',(1.007636316648,0.636009030313));
#1416 = CARTESIAN_POINT('',(1.008064803947,0.635679370714));
#1417 = CARTESIAN_POINT('',(1.00848316138,0.635334746239));
#1418 = CARTESIAN_POINT('',(1.008891455093,0.634976281384));
#1419 = CARTESIAN_POINT('',(1.009905210086,0.634031378329));
#1420 = CARTESIAN_POINT('',(1.010496774806,0.633427263186));
#1421 = CARTESIAN_POINT('',(1.011065130817,0.63279625774));
#1422 = CARTESIAN_POINT('',(1.011610996832,0.632141562341));
#1423 = CARTESIAN_POINT('',(1.01213517577,0.631465949147));
#1424 = CARTESIAN_POINT('',(1.01263853441,0.630771766557));
#1425 = CARTESIAN_POINT('',(1.013121983048,0.630060943655));
#1426 = CARTESIAN_POINT('',(1.014033783038,0.628635841257));
#1427 = CARTESIAN_POINT('',(1.014463427747,0.627922788983));
#1428 = CARTESIAN_POINT('',(1.014876178721,0.627197276501));
#1429 = CARTESIAN_POINT('',(1.015272764398,0.626460557973));
#1430 = CARTESIAN_POINT('',(1.015653860442,0.625713716501));
#1431 = CARTESIAN_POINT('',(1.016020097969,0.624957677582));
#1432 = CARTESIAN_POINT('',(1.016372071776,0.624193222557));
#1433 = CARTESIAN_POINT('',(1.018127086105,0.620186864344));
#1434 = CARTESIAN_POINT('',(1.01930154189,0.616821154612));
#1435 = CARTESIAN_POINT('',(1.020278624431,0.613366349598));
#1436 = CARTESIAN_POINT('',(1.021080243439,0.60984618992));
#1437 = CARTESIAN_POINT('',(1.021724899677,0.606279000516));
#1438 = CARTESIAN_POINT('',(1.022224102447,0.602675610218));
#1439 = CARTESIAN_POINT('',(1.02258650182,0.599042645653));
#1440 = CARTESIAN_POINT('',(1.023054716133,0.591572722782));
#1441 = CARTESIAN_POINT('',(1.02314909767,0.587740947402));
#1442 = CARTESIAN_POINT('',(1.023104271965,0.583892228965));
#1443 = CARTESIAN_POINT('',(1.022920706987,0.580033868698));
#1444 = CARTESIAN_POINT('',(1.022595404222,0.576175689357));
#1445 = CARTESIAN_POINT('',(1.022122539616,0.572330407689));
#1446 = CARTESIAN_POINT('',(1.021492799582,0.568514408461));
#1447 = CARTESIAN_POINT('',(1.020421282995,0.563485475463));
#1448 = CARTESIAN_POINT('',(1.02013248744,0.562227158579));
#1449 = CARTESIAN_POINT('',(1.019823761071,0.560975897541));
#1450 = CARTESIAN_POINT('',(1.01949449388,0.559732797812));
#1451 = CARTESIAN_POINT('',(1.019144041868,0.55849916916));
#1452 = CARTESIAN_POINT('',(1.018771706452,0.55727651099));
#1453 = CARTESIAN_POINT('',(1.018376715494,0.556066511223));
#1454 = CARTESIAN_POINT('',(1.017482936779,0.553513312664));
#1455 = CARTESIAN_POINT('',(1.016977431188,0.552174601868));
#1456 = CARTESIAN_POINT('',(1.016440532389,0.550857729734));
#1457 = CARTESIAN_POINT('',(1.015871035883,0.549566095924));
#1458 = CARTESIAN_POINT('',(1.015267753235,0.5483037788));
#1459 = CARTESIAN_POINT('',(1.014629526457,0.547075552805));
#1460 = CARTESIAN_POINT('',(1.01395524239,0.545886905854));
#1461 = CARTESIAN_POINT('',(1.012689240729,0.543853087382));
#1462 = CARTESIAN_POINT('',(1.012112188848,0.542990134244));
#1463 = CARTESIAN_POINT('',(1.011512214965,0.54215815426));
#1464 = CARTESIAN_POINT('',(1.010889006614,0.541360599045));
#1465 = CARTESIAN_POINT('',(1.010242453774,0.54060137303));
#1466 = CARTESIAN_POINT('',(1.009572698895,0.539884760847));
#1467 = CARTESIAN_POINT('',(1.008880198529,0.539215323909));
#1468 = CARTESIAN_POINT('',(1.007243893173,0.537800835973));
#1469 = CARTESIAN_POINT('',(1.006284756594,0.53708963403));
#1470 = CARTESIAN_POINT('',(1.005291282228,0.536475560321));
#1471 = CARTESIAN_POINT('',(1.004267538252,0.535969607179));
#1472 = CARTESIAN_POINT('',(1.00321890665,0.535581767527));
#1473 = CARTESIAN_POINT('',(1.002152218015,0.535320081786));
#1474 = CARTESIAN_POINT('',(1.00107588008,0.535189323465));
#1475 = CARTESIAN_POINT('',(1.,0.535189323465));
#1476 = ( GEOMETRIC_REPRESENTATION_CONTEXT(2) 
PARAMETRIC_REPRESENTATION_CONTEXT() REPRESENTATION_CONTEXT('2D SPACE',''
  ) );
#1477 = ORIENTED_EDGE('',*,*,#1478,.T.);
#1478 = EDGE_CURVE('',#756,#22,#1479,.T.);
#1479 = SEAM_CURVE('',#1480,(#1484,#1491),.PCURVE_S1.);
#1480 = LINE('',#1481,#1482);
#1481 = CARTESIAN_POINT('',(2.6,1.7763568394E-16,-1.8));
#1482 = VECTOR('',#1483,1.);
#1483 = DIRECTION('',(1.,0.,0.));
#1484 = PCURVE('',#584,#1485);
#1485 = DEFINITIONAL_REPRESENTATION('',(#1486),#1490);
#1486 = LINE('',#1487,#1488);
#1487 = CARTESIAN_POINT('',(6.28318530718,0.));
#1488 = VECTOR('',#1489,1.);
#1489 = DIRECTION('',(0.,-1.));
#1490 = ( GEOMETRIC_REPRESENTATION_CONTEXT(2) 
PARAMETRIC_REPRESENTATION_CONTEXT() REPRESENTATION_CONTEXT('2D SPACE',''
  ) );
#1491 = PCURVE('',#584,#1492);
#1492 = DEFINITIONAL_REPRESENTATION('',(#1493),#1497);
#1493 = LINE('',#1494,#1495);
#1494 = CARTESIAN_POINT('',(0.,0.));
#1495 = VECTOR('',#1496,1.);
#1496 = DIRECTION('',(0.,-1.));
#1497 = ( GEOMETRIC_REPRESENTATION_CONTEXT(2) 
PARAMETRIC_REPRESENTATION_CONTEXT() REPRESENTATION_CONTEXT('2D SPACE',''
  ) );
#1498 = ORIENTED_EDGE('',*,*,#21,.T.);
#1499 = ORIENTED_EDGE('',*,*,#1478,.F.);
#1500 = ADVANCED_FACE('',(#1501),#1077,.T.);
#1501 = FACE_BOUND('',#1502,.T.);
#1502 = EDGE_LOOP('',(#1503));
#1503 = ORIENTED_EDGE('',*,*,#755,.F.);
#1504 = ( GEOMETRIC_REPRESENTATION_CONTEXT(3) 
GLOBAL_UNCERTAINTY_ASSIGNED_CONTEXT((#1508)) 
GLOBAL_UNIT_ASSIGNED_CONTEXT((#1505,#1506,#1507)) REPRESENTATION_CONTEXT
('Context #1','3D Context with UNIT and UNCERTAINTY') );
#1505 = ( LENGTH_UNIT() NAMED_UNIT(*) SI_UNIT(.MILLI.,.METRE.) );
#1506 = ( NAMED_UNIT(*) PLANE_ANGLE_UNIT() SI_UNIT($,.RADIAN.) );
#1507 = ( NAMED_UNIT(*) SI_UNIT($,.STERADIAN.) SOLID_ANGLE_UNIT() );
#1508 = UNCERTAINTY_MEASURE_WITH_UNIT(LENGTH_MEASURE(5.E-06),#1505,
  'distance_accuracy_value','confusion accuracy');
#1509 = PRODUCT_RELATED_PRODUCT_CATEGORY('part',$,(#7));
ENDSEC;
END-ISO-10303-21;
