  0
SECTION
  2
HEADER
  9
$ACADVER
  1
AC1024
  9
$ACADMAINTVER
 70
6
  9
$DWGCODEPAGE
  3
ANSI_1252
  9
$LASTSAVEDBY
  1
ezdxf
  9
$INSBASE
 10
0.0
 20
0.0
 30
0.0
  9
$EXTMIN
 10
1e+20
 20
1e+20
 30
1e+20
  9
$EXTMAX
 10
-1e+20
 20
-1e+20
 30
-1e+20
  9
$LIMMIN
 10
0.0
 20
0.0
  9
$LIMMAX
 10
420.0
 20
297.0
  9
$ORTHOMODE
 70
0
  9
$REGENMODE
 70
1
  9
$FILLMODE
 70
1
  9
$QTEXTMODE
 70
0
  9
$MIRRTEXT
 70
1
  9
$LTSCALE
 40
1.0
  9
$ATTMODE
 70
1
  9
$TEXTSIZE
 40
2.5
  9
$TRACEWID
 40
1.0
  9
$TEXTSTYLE
  7
Standard
  9
$CLAYER
  8
0
  9
$CELTYPE
  6
ByLayer
  9
$CECOLOR
 62
256
  9
$CELTSCALE
 40
1.0
  9
$DISPSILH
 70
0
  9
$DIMSCALE
 40
1.0
  9
$DIMASZ
 40
2.5
  9
$DIMEXO
 40
0.625
  9
$DIMDLI
 40
3.75
  9
$DIMRND
 40
0.0
  9
$DIMDLE
 40
0.0
  9
$DIMEXE
 40
1.25
  9
$DIMTP
 40
0.0
  9
$DIMTM
 40
0.0
  9
$DIMTXT
 40
2.5
  9
$DIMCEN
 40
2.5
  9
$DIMTSZ
 40
0.0
  9
$DIMTOL
 70
0
  9
$DIMLIM
 70
0
  9
$DIMTIH
 70
0
  9
$DIMTOH
 70
0
  9
$DIMSE1
 70
0
  9
$DIMSE2
 70
0
  9
$DIMTAD
 70
1
  9
$DIMZIN
 70
8
  9
$DIMBLK
  1

  9
$DIMASO
 70
1
  9
$DIMSHO
 70
1
  9
$DIMPOST
  1

  9
$DIMAPOST
  1

  9
$DIMALT
 70
0
  9
$DIMALTD
 70
3
  9
$DIMALTF
 40
0.03937007874
  9
$DIMLFAC
 40
1.0
  9
$DIMTOFL
 70
1
  9
$DIMTVP
 40
0.0
  9
$DIMTIX
 70
0
  9
$DIMSOXD
 70
0
  9
$DIMSAH
 70
0
  9
$DIMBLK1
  1

  9
$DIMBLK2
  1

  9
$DIMSTYLE
  2
ISO-25
  9
$DIMCLRD
 70
0
  9
$DIMCLRE
 70
0
  9
$DIMCLRT
 70
0
  9
$DIMTFAC
 40
1.0
  9
$DIMGAP
 40
0.625
  9
$DIMJUST
 70
0
  9
$DIMSD1
 70
0
  9
$DIMSD2
 70
0
  9
$DIMTOLJ
 70
0
  9
$DIMTZIN
 70
8
  9
$DIMALTZ
 70
0
  9
$DIMALTTZ
 70
0
  9
$DIMUPT
 70
0
  9
$DIMDEC
 70
2
  9
$DIMTDEC
 70
2
  9
$DIMALTU
 70
2
  9
$DIMALTTD
 70
3
  9
$DIMTXSTY
  7
Standard
  9
$DIMAUNIT
 70
0
  9
$DIMADEC
 70
0
  9
$DIMALTRND
 40
0.0
  9
$DIMAZIN
 70
0
  9
$DIMDSEP
 70
44
  9
$DIMATFIT
 70
3
  9
$DIMFRAC
 70
0
  9
$DIMLDRBLK
  1

  9
$DIMLUNIT
 70
2
  9
$DIMLWD
 70
-2
  9
$DIMLWE
 70
-2
  9
$DIMTMOVE
 70
0
  9
$DIMFXL
 40
1.0
  9
$DIMFXLON
 70
0
  9
$DIMJOGANG
 40
0.785398163397
  9
$DIMTFILL
 70
0
  9
$DIMTFILLCLR
 70
0
  9
$DIMARCSYM
 70
0
  9
$DIMLTYPE
  6

  9
$DIMLTEX1
  6

  9
$DIMLTEX2
  6

  9
$DIMTXTDIRECTION
 70
0
  9
$LUNITS
 70
2
  9
$LUPREC
 70
4
  9
$SKETCHINC
 40
1.0
  9
$FILLETRAD
 40
10.0
  9
$AUNITS
 70
0
  9
$AUPREC
 70
2
  9
$MENU
  1
.
  9
$ELEVATION
 40
0.0
  9
$PELEVATION
 40
0.0
  9
$THICKNESS
 40
0.0
  9
$LIMCHECK
 70
0
  9
$CHAMFERA
 40
0.0
  9
$CHAMFERB
 40
0.0
  9
$CHAMFERC
 40
0.0
  9
$CHAMFERD
 40
0.0
  9
$SKPOLY
 70
0
  9
$TDCREATE
 40
2461325.0267592594
  9
$TDUCREATE
 40
2458532.153996898
  9
$TDUPDATE
 40
2461325.0267592594
  9
$TDUUPDATE
 40
2458532.1544311
  9
$TDINDWG
 40
0.0
  9
$TDUSRTIMER
 40
0.0
  9
$USRTIMER
 70
1
  9
$ANGBASE
 50
0.0
  9
$ANGDIR
 70
0
  9
$PDMODE
 70
0
  9
$PDSIZE
 40
0.0
  9
$PLINEWID
 40
0.0
  9
$SPLFRAME
 70
0
  9
$SPLINETYPE
 70
6
  9
$SPLINESEGS
 70
8
  9
$HANDSEED
  5
34D
  9
$SURFTAB1
 70
6
  9
$SURFTAB2
 70
6
  9
$SURFTYPE
 70
6
  9
$SURFU
 70
6
  9
$SURFV
 70
6
  9
$UCSBASE
  2

  9
$UCSNAME
  2

  9
$UCSORG
 10
0.0
 20
0.0
 30
0.0
  9
$UCSXDIR
 10
1.0
 20
0.0
 30
0.0
  9
$UCSYDIR
 10
0.0
 20
1.0
 30
0.0
  9
$UCSORTHOREF
  2

  9
$UCSORTHOVIEW
 70
0
  9
$UCSORGTOP
 10
0.0
 20
0.0
 30
0.0
  9
$UCSORGBOTTOM
 10
0.0
 20
0.0
 30
0.0
  9
$UCSORGLEFT
 10
0.0
 20
0.0
 30
0.0
  9
$UCSORGRIGHT
 10
0.0
 20
0.0
 30
0.0
  9
$UCSORGFRONT
 10
0.0
 20
0.0
 30
0.0
  9
$UCSORGBACK
 10
0.0
 20
0.0
 30
0.0
  9
$PUCSBASE
  2

  9
$PUCSNAME
  2

  9
$PUCSORG
 10
0.0
 20
0.0
 30
0.0
  9
$PUCSXDIR
 10
1.0
 20
0.0
 30
0.0
  9
$PUCSYDIR
 10
0.0
 20
1.0
 30
0.0
  9
$PUCSORTHOREF
  2

  9
$PUCSORTHOVIEW
 70
0
  9
$PUCSORGTOP
 10
0.0
 20
0.0
 30
0.0
  9
$PUCSORGBOTTOM
 10
0.0
 20
0.0
 30
0.0
  9
$PUCSORGLEFT
 10
0.0
 20
0.0
 30
0.0
  9
$PUCSORGRIGHT
 10
0.0
 20
0.0
 30
0.0
  9
$PUCSORGFRONT
 10
0.0
 20
0.0
 30
0.0
  9
$PUCSORGBACK
 10
0.0
 20
0.0
 30
0.0
  9
$USERI1
 70
0
  9
$USERI2
 70
0
  9
$USERI3
 70
0
  9
$USERI4
 70
0
  9
$USERI5
 70
0
  9
$USERR1
 40
0.0
  9
$USERR2
 40
0.0
  9
$USERR3
 40
0.0
  9
$USERR4
 40
0.0
  9
$USERR5
 40
0.0
  9
$WORLDVIEW
 70
1
  9
$SHADEDGE
 70
3
  9
$SHADEDIF
 70
70
  9
$TILEMODE
 70
1
  9
$MAXACTVP
 70
64
  9
$PINSBASE
 10
0.0
 20
0.0
 30
0.0
  9
$PLIMCHECK
 70
0
  9
$PEXTMIN
 10
1e+20
 20
1e+20
 30
1e+20
  9
$PEXTMAX
 10
-1e+20
 20
-1e+20
 30
-1e+20
  9
$PLIMMIN
 10
0.0
 20
0.0
  9
$PLIMMAX
 10
420.0
 20
297.0
  9
$UNITMODE
 70
0
  9
$VISRETAIN
 70
1
  9
$PLINEGEN
 70
0
  9
$PSLTSCALE
 70
1
  9
$TREEDEPTH
 70
3020
  9
$CMLSTYLE
  2
Standard
  9
$CMLJUST
 70
0
  9
$CMLSCALE
 40
20.0
  9
$PROXYGRAPHICS
 70
1
  9
$MEASUREMENT
 70
1
  9
$CELWEIGHT
370
-1
  9
$ENDCAPS
280
0
  9
$JOINSTYLE
280
0
  9
$LWDISPLAY
290
0
  9
$INSUNITS
 70
4
  9
$HYPERLINKBASE
  1

  9
$STYLESHEET
  1

  9
$XEDIT
290
1
  9
$CEPSNTYPE
380
0
  9
$PSTYLEMODE
290
1
  9
$FINGERPRINTGUID
  2
{45EC7EB9-1932-41BB-BE42-3FEEE59A5544}
  9
$VERSIONGUID
  2
{D89DDF8B-F6BC-47F8-8398-E17C6517BCD3}
  9
$EXTNAMES
290
1
  9
$PSVPSCALE
 40
0.0
  9
$OLESTARTUP
290
0
  9
$SORTENTS
280
127
  9
$INDEXCTL
280
0
  9
$HIDETEXT
280
1
  9
$XCLIPFRAME
280
1
  9
$HALOGAP
280
0
  9
$OBSCOLOR
 70
257
  9
$OBSLTYPE
280
0
  9
$INTERSECTIONDISPLAY
280
0
  9
$INTERSECTIONCOLOR
 70
257
  9
$DIMASSOC
280
2
  9
$PROJECTNAME
  1

  9
$CAMERADISPLAY
290
0
  9
$LENSLENGTH
 40
50.0
  9
$CAMERAHEIGHT
 40
0.0
  9
$STEPSPERSEC
 40
24.0
  9
$STEPSIZE
 40
100.0
  9
$3DDWFPREC
 40
2.0
  9
$PSOLWIDTH
 40
0.005
  9
$PSOLHEIGHT
 40
0.08
  9
$LOFTANG1
 40
1.570796326795
  9
$LOFTANG2
 40
1.570796326795
  9
$LOFTMAG1
 40
0.0
  9
$LOFTMAG2
 40
0.0
  9
$LOFTPARAM
 70
7
  9
$LOFTNORMALS
280
1
  9
$LATITUDE
 40
37.795
  9
$LONGITUDE
 40
-122.394
  9
$NORTHDIRECTION
 40
0.0
  9
$TIMEZONE
 70
-8000
  9
$LIGHTGLYPHDISPLAY
280
1
  9
$TILEMODELIGHTSYNCH
280
1
  9
$CMATERIAL
347
20
  9
$SOLIDHIST
280
0
  9
$SHOWHIST
280
1
  9
$DWFFRAME
280
2
  9
$DGNFRAME
280
2
  9
$REALWORLDSCALE
290
1
  9
$INTERFERECOLOR
 62
256
  9
$CSHADOW
280
0
  9
$SHADOWPLANELOCATION
 40
0.0
  0
ENDSEC
  0
SECTION
  2
CLASSES
  0
CLASS
  1
ACDBDICTIONARYWDFLT
  2
AcDbDictionaryWithDefault
  3
ObjectDBX Classes
 90
0
 91
0
280
0
281
0
  0
CLASS
  1
SUN
  2
AcDbSun
  3
SCENEOE
 90
1153
 91
0
280
0
281
0
  0
CLASS
  1
VISUALSTYLE
  2
AcDbVisualStyle
  3
ObjectDBX Classes
 90
4095
 91
0
280
0
281
0
  0
CLASS
  1
MATERIAL
  2
AcDbMaterial
  3
ObjectDBX Classes
 90
1153
 91
0
280
0
281
0
  0
CLASS
  1
SCALE
  2
AcDbScale
  3
ObjectDBX Classes
 90
1153
 91
0
280
0
281
0
  0
CLASS
  1
TABLESTYLE
  2
AcDbTableStyle
  3
ObjectDBX Classes
 90
4095
 91
0
280
0
281
0
  0
CLASS
  1
MLEADERSTYLE
  2
AcDbMLeaderStyle
  3
ACDB_MLEADERSTYLE_CLASS
 90
4095
 91
0
280
0
281
0
  0
CLASS
  1
DICTIONARYVAR
  2
AcDbDictionaryVar
  3
ObjectDBX Classes
 90
0
 91
0
280
0
281
0
  0
CLASS
  1
CELLSTYLEMAP
  2
AcDbCellStyleMap
  3
ObjectDBX Classes
 90
1152
 91
0
280
0
281
0
  0
CLASS
  1
MENTALRAYRENDERSETTINGS
  2
AcDbMentalRayRenderSettings
  3
SCENEOE
 90
1024
 91
0
280
0
281
0
  0
CLASS
  1
ACDBDETAILVIEWSTYLE
  2
AcDbDetailViewStyle
  3
ObjectDBX Classes
 90
1025
 91
0
280
0
281
0
  0
CLASS
  1
ACDBSECTIONVIEWSTYLE
  2
AcDbSectionViewStyle
  3
ObjectDBX Classes
 90
1025
 91
0
280
0
281
0
  0
CLASS
  1
RASTERVARIABLES
  2
AcDbRasterVariables
  3
ISM
 90
0
 91
0
280
0
281
0
  0
CLASS
  1
LAYOUT
  2
AcDbLayout
  3
ObjectDBX Classes
 90
0
 91
0
280
0
281
0
  0
CLASS
  1
ACDBPLACEHOLDER
  2
AcDbPlaceHolder
  3
ObjectDBX Classes
 90
0
 91
0
280
0
281
0
  0
ENDSEC
  0
SECTION
  2
TABLES
  0
TABLE
  2
VPORT
  5
8
330
0
100
AcDbSymbolTable
 70
1
  0
VPORT
  5
23
330
8
100
AcDbSymbolTableRecord
100
AcDbViewportTableRecord
  2
*Active
 70
0
 10
0.0
 20
0.0
 11
1.0
 21
1.0
 12
0.0
 22
0.0
 13
0.0
 23
0.0
 14
0.5
 24
0.5
 15
0.5
 25
0.5
 16
0.0
 26
0.0
 36
1.0
 17
0.0
 27
0.0
 37
0.0
 40
1000.0
 41
1.34
 42
50.0
 43
0.0
 44
0.0
 50
0.0
 51
0.0
 71
0
 72
1000
 73
1
 74
3
 75
0
 76
0
 77
0
 78
0
281
0
 65
0
146
0.0
  0
ENDTAB
  0
TABLE
  2
LTYPE
  5
2
330
0
100
AcDbSymbolTable
 70
3
  0
LTYPE
  5
24
330
2
100
AcDbSymbolTableRecord
100
AcDbLinetypeTableRecord
  2
ByBlock
 70
0
  3

 72
65
 73
0
 40
0.0
  0
LTYPE
  5
25
330
2
100
AcDbSymbolTableRecord
100
AcDbLinetypeTableRecord
  2
ByLayer
 70
0
  3

 72
65
 73
0
 40
0.0
  0
LTYPE
  5
26
330
2
100
AcDbSymbolTableRecord
100
AcDbLinetypeTableRecord
  2
Continuous
 70
0
  3

 72
65
 73
0
 40
0.0
  0
ENDTAB
  0
TABLE
  2
LAYER
  5
1
330
0
100
AcDbSymbolTable
 70
4
  0
LAYER
  5
27
330
1
100
AcDbSymbolTableRecord
100
AcDbLayerTableRecord
  2
0
 70
0
 62
7
  6
Continuous
370
-3
390
13
347
21
  0
LAYER
  5
28
330
1
100
AcDbSymbolTableRecord
100
AcDbLayerTableRecord
  2
Defpoints
 70
0
 62
7
  6
Continuous
290
0
370
-3
390
13
347
21
  0
LAYER
  5
30
330
1
100
AcDbSymbolTableRecord
100
AcDbLayerTableRecord
  2
CUT_OUTSIDE
 70
0
 62
1
  6
Continuous
370
-3
390
13
347
21
  0
LAYER
  5
32
330
1
100
AcDbSymbolTableRecord
100
AcDbLayerTableRecord
  2
CUT_INSIDE
 70
0
 62
5
  6
Continuous
370
-3
390
13
347
21
  0
ENDTAB
  0
TABLE
  2
STYLE
  5
5
330
0
100
AcDbSymbolTable
 70
1
  0
STYLE
  5
29
330
5
100
AcDbSymbolTableRecord
100
AcDbTextStyleTableRecord
  2
Standard
 70
0
 40
0.0
 41
1.0
 50
0.0
 71
0
 42
2.5
  3
txt
  4

  0
ENDTAB
  0
TABLE
  2
VIEW
  5
7
330
0
100
AcDbSymbolTable
 70
0
  0
ENDTAB
  0
TABLE
  2
UCS
  5
6
330
0
100
AcDbSymbolTable
 70
0
  0
ENDTAB
  0
TABLE
  2
APPID
  5
3
330
0
100
AcDbSymbolTable
 70
3
  0
APPID
  5
2A
330
3
100
AcDbSymbolTableRecord
100
AcDbRegAppTableRecord
  2
ACAD
 70
0
  0
APPID
  5
34A
330
3
100
AcDbSymbolTableRecord
100
AcDbRegAppTableRecord
  2
HATCHBACKGROUNDCOLOR
 70
0
  0
APPID
  5
34B
330
3
100
AcDbSymbolTableRecord
100
AcDbRegAppTableRecord
  2
EZDXF
 70
0
  0
ENDTAB
  0
TABLE
  2
DIMSTYLE
  5
4
330
0
100
AcDbSymbolTable
 70
1
100
AcDbDimStyleTable
  0
DIMSTYLE
105
2B
330
4
100
AcDbSymbolTableRecord
100
AcDbDimStyleTableRecord
  2
Standard
 70
0
 40
1.0
 41
2.5
 42
0.625
 43
3.75
 44
1.25
 45
0.0
 46
0.0
 47
0.0
 48
0.0
 49
2.5
140
2.5
141
2.5
142
0.0
143
0.03937007874
144
1.0
145
0.0
146
1.0
147
0.625
148
0.0
 69
0
 70
0
 71
0
 72
0
 73
0
 74
0
 75
0
 76
0
 77
1
 78
8
 79
3
170
0
171
3
172
1
173
0
174
0
175
0
176
0
177
0
178
0
179
2
271
2
272
2
273
2
274
3
275
0
276
0
277
2
278
44
279
0
280
0
281
0
282
0
283
0
284
8
285
0
286
0
288
0
289
3
290
0
371
-2
372
-2
  0
ENDTAB
  0
TABLE
  2
BLOCK_RECORD
  5
9
330
0
100
AcDbSymbolTable
 70
2
  0
BLOCK_RECORD
  5
17
330
9
100
AcDbSymbolTableRecord
100
AcDbBlockTableRecord
  2
*Model_Space
340
1A
 70
0
280
1
281
0
  0
BLOCK_RECORD
  5
1B
330
9
100
AcDbSymbolTableRecord
100
AcDbBlockTableRecord
  2
*Paper_Space
340
1E
 70
0
280
1
281
0
  0
ENDTAB
  0
ENDSEC
  0
SECTION
  2
BLOCKS
  0
BLOCK
  5
18
330
17
100
AcDbEntity
  8
0
100
AcDbBlockBegin
  2
*Model_Space
 70
0
 10
0.0
 20
0.0
 30
0.0
  3
*Model_Space
  1

  0
ENDBLK
  5
19
330
17
100
AcDbEntity
  8
0
100
AcDbBlockEnd
  0
BLOCK
  5
1C
330
1B
100
AcDbEntity
  8
0
100
AcDbBlockBegin
  2
*Paper_Space
 70
0
 10
0.0
 20
0.0
 30
0.0
  3
*Paper_Space
  1

  0
ENDBLK
  5
1D
330
1B
100
AcDbEntity
  8
0
100
AcDbBlockEnd
  0
ENDSEC
  0
SECTION
  2
ENTITIES
  0
LWPOLYLINE
  5
2F
330
17
100
AcDbEntity
  8
SHEET_EDGE
100
AcDbPolyline
 90
4
 70
1
 10
0.0
 20
0.0
 10
1525.0
 20
0.0
 10
1525.0
 20
1525.0
 10
0.0
 20
1525.0
  0
LWPOLYLINE
  5
31
330
17
100
AcDbEntity
  8
CUT_OUTSIDE
100
AcDbPolyline
 90
5
 70
1
 10
15.0
 20
856.0
 10
15.0
 20
15.0
 10
536.0
 20
15.0
 10
536.0
 20
856.0
 10
15.0
 20
856.0
  0
LWPOLYLINE
  5
33
330
17
100
AcDbEntity
  8
CUT_INSIDE
100
AcDbPolyline
 90
21
 70
1
 10
63.13267552558372
 20
57.0
 10
44.18458178155444
 20
57.0
 10
43.158521351577434
 20
56.81907786235772
 10
42.25621895249482
 20
56.298133329356936
 10
41.586505570201126
 20
55.5
 10
41.23015852251782
 20
54.52094453300079
 10
41.23015852251782
 20
53.479055466999206
 10
41.586505570201126
 20
52.5
 10
42.25621895249482
 20
51.701866670643064
 10
43.158521351577434
 20
51.18092213764228
 10
44.18458178155444
 20
51.0
 10
63.13267552558372
 20
51.0
 10
64.15873595556073
 20
51.18092213764228
 10
65.06103835464334
 20
51.701866670643064
 10
65.73075173693704
 20
52.5
 10
66.08709878462034
 20
53.47905546699921
 10
66.08709878462034
 20
54.520944533000794
 10
65.73075173693704
 20
55.5
 10
65.06103835464334
 20
56.298133329356936
 10
64.15873595556073
 20
56.81907786235772
 10
63.13267552558372
 20
57.0
  0
LWPOLYLINE
  5
34
330
17
100
AcDbEntity
  8
CUT_INSIDE
100
AcDbPolyline
 90
21
 70
1
 10
64.75271164972642
 20
85.0
 10
44.19505713638805
 20
85.0
 10
43.16899670641104
 20
84.81907786235773
 10
42.266694307328436
 20
84.29813332935693
 10
41.596980925034735
 20
83.5
 10
41.24063387735143
 20
82.52094453300079
 10
41.24063387735143
 20
81.47905546699921
 10
41.596980925034735
 20
80.5
 10
42.266694307328436
 20
79.70186667064307
 10
43.16899670641104
 20
79.18092213764227
 10
44.19505713638805
 20
79.0
 10
64.75271164972642
 20
79.0
 10
65.77877207970342
 20
79.18092213764227
 10
66.68107447878603
 20
79.70186667064307
 10
67.35078786107974
 20
80.5
 10
67.70713490876304
 20
81.47905546699921
 10
67.70713490876304
 20
82.52094453300079
 10
67.35078786107974
 20
83.5
 10
66.68107447878603
 20
84.29813332935693
 10
65.77877207970342
 20
84.81907786235773
 10
64.75271164972642
 20
85.0
  0
LWPOLYLINE
  5
35
330
17
100
AcDbEntity
  8
CUT_INSIDE
100
AcDbPolyline
 90
21
 70
1
 10
98.11487850124179
 20
43.0
 10
49.95235017721602
 20
43.0
 10
48.92628974723901
 20
42.81907786235772
 10
48.023987348156396
 20
42.298133329356936
 10
47.3542739658627
 20
41.5
 10
46.99792691817939
 20
40.52094453300079
 10
46.99792691817939
 20
39.479055466999206
 10
47.3542739658627
 20
38.5
 10
48.023987348156396
 20
37.701866670643064
 10
48.92628974723901
 20
37.18092213764228
 10
49.95235017721602
 20
37.0
 10
98.11487850124179
 20
37.0
 10
99.1409389312188
 20
37.18092213764228
 10
100.04324133030141
 20
37.701866670643064
 10
100.7129547125951
 20
38.5
 10
101.06930176027842
 20
39.47905546699921
 10
101.06930176027842
 20
40.520944533000794
 10
100.7129547125951
 20
41.5
 10
100.04324133030141
 20
42.298133329356936
 10
99.1409389312188
 20
42.81907786235772
 10
98.11487850124179
 20
43.0
  0
LWPOLYLINE
  5
36
330
17
100
AcDbEntity
  8
CUT_INSIDE
100
AcDbPolyline
 90
21
 70
1
 10
77.09589624256975
 20
71.0
 10
61.07693243303589
 20
71.0
 10
60.050872003058885
 20
70.81907786235773
 10
59.14856960397628
 20
70.29813332935693
 10
58.47885622168258
 20
69.5
 10
58.122509173999276
 20
68.52094453300079
 10
58.122509173999276
 20
67.47905546699921
 10
58.47885622168258
 20
66.5
 10
59.14856960397628
 20
65.70186667064307
 10
60.050872003058885
 20
65.18092213764227
 10
61.07693243303589
 20
65.0
 10
77.09589624256975
 20
65.0
 10
78.12195667254676
 20
65.18092213764227
 10
79.02425907162936
 20
65.70186667064307
 10
79.69397245392307
 20
66.5
 10
80.05031950160637
 20
67.47905546699921
 10
80.05031950160637
 20
68.52094453300079
 10
79.69397245392307
 20
69.5
 10
79.02425907162936
 20
70.29813332935693
 10
78.12195667254676
 20
70.81907786235773
 10
77.09589624256975
 20
71.0
  0
LWPOLYLINE
  5
37
330
17
100
AcDbEntity
  8
CUT_INSIDE
100
AcDbPolyline
 90
21
 70
1
 10
65.79128901996722
 20
99.0
 10
47.237019362050056
 20
99.0
 10
46.21095893207305
 20
98.81907786235773
 10
45.30865653299044
 20
98.29813332935693
 10
44.63894315069674
 20
97.5
 10
44.28259610301343
 20
96.52094453300079
 10
44.28259610301343
 20
95.47905546699921
 10
44.63894315069674
 20
94.5
 10
45.30865653299044
 20
93.70186667064307
 10
46.21095893207305
 20
93.18092213764227
 10
47.237019362050056
 20
93.0
 10
65.79128901996722
 20
93.0
 10
66.81734944994422
 20
93.18092213764227
 10
67.71965184902683
 20
93.70186667064307
 10
68.38936523132054
 20
94.5
 10
68.74571227900384
 20
95.47905546699921
 10
68.74571227900384
 20
96.52094453300079
 10
68.38936523132054
 20
97.5
 10
67.71965184902683
 20
98.29813332935693
 10
66.81734944994422
 20
98.81907786235773
 10
65.79128901996722
 20
99.0
  0
LWPOLYLINE
  5
38
330
17
100
AcDbEntity
  8
CUT_INSIDE
100
AcDbPolyline
 90
21
 70
1
 10
65.14789268238741
 20
113.0
 10
40.851322377263216
 20
113.0
 10
39.82526194728621
 20
112.81907786235773
 10
38.92295954820359
 20
112.29813332935693
 10
38.2532461659099
 20
111.5
 10
37.896899118226585
 20
110.52094453300079
 10
37.896899118226585
 20
109.47905546699921
 10
38.2532461659099
 20
108.5
 10
38.92295954820359
 20
107.70186667064307
 10
39.82526194728621
 20
107.18092213764227
 10
40.851322377263216
 20
107.0
 10
65.14789268238741
 20
107.0
 10
66.17395311236442
 20
107.18092213764227
 10
67.07625551144703
 20
107.70186667064307
 10
67.74596889374072
 20
108.5
 10
68.10231594142404
 20
109.47905546699921
 10
68.10231594142404
 20
110.52094453300079
 10
67.74596889374072
 20
111.5
 10
67.07625551144703
 20
112.29813332935693
 10
66.17395311236442
 20
112.81907786235773
 10
65.14789268238741
 20
113.0
  0
LWPOLYLINE
  5
39
330
17
100
AcDbEntity
  8
CUT_INSIDE
100
AcDbPolyline
 90
21
 70
1
 10
108.41095079184072
 20
99.0
 10
83.95410117105354
 20
99.0
 10
82.92804074107654
 20
98.81907786235773
 10
82.02573834199393
 20
98.29813332935693
 10
81.35602495970022
 20
97.5
 10
80.99967791201692
 20
96.52094453300079
 10
80.99967791201692
 20
95.47905546699921
 10
81.35602495970022
 20
94.5
 10
82.02573834199393
 20
93.70186667064307
 10
82.92804074107654
 20
93.18092213764227
 10
83.95410117105354
 20
93.0
 10
108.41095079184072
 20
93.0
 10
109.43701122181771
 20
93.18092213764227
 10
110.33931362090033
 20
93.70186667064307
 10
111.00902700319403
 20
94.5
 10
111.36537405087734
 20
95.47905546699921
 10
111.36537405087734
 20
96.52094453300079
 10
111.00902700319403
 20
97.5
 10
110.33931362090033
 20
98.29813332935693
 10
109.43701122181771
 20
98.81907786235773
 10
108.41095079184072
 20
99.0
  0
LWPOLYLINE
  5
3A
330
17
100
AcDbEntity
  8
CUT_INSIDE
100
AcDbPolyline
 90
21
 70
1
 10
98.46192027786898
 20
127.0
 10
59.60068505933586
 20
127.0
 10
58.574624629358865
 20
126.81907786235772
 10
57.67232223027625
 20
126.29813332935694
 10
57.00260884798255
 20
125.5
 10
56.64626180029924
 20
124.5209445330008
 10
56.64626180029924
 20
123.47905546699921
 10
57.00260884798255
 20
122.5
 10
57.67232223027625
 20
121.70186667064307
 10
58.57462462935886
 20
121.18092213764227
 10
59.60068505933586
 20
121.0
 10
98.46192027786898
 20
121.0
 10
99.48798070784598
 20
121.18092213764227
 10
100.39028310692859
 20
121.70186667064307
 10
101.0599964892223
 20
122.5
 10
101.4163435369056
 20
123.47905546699921
 10
101.4163435369056
 20
124.5209445330008
 10
101.0599964892223
 20
125.5
 10
100.39028310692859
 20
126.29813332935694
 10
99.48798070784599
 20
126.81907786235772
 10
98.46192027786898
 20
127.0
  0
LWPOLYLINE
  5
3B
330
17
100
AcDbEntity
  8
CUT_INSIDE
100
AcDbPolyline
 90
21
 70
1
 10
135.58356666738746
 20
57.0
 10
90.26710259494254
 20
57.0
 10
89.24104216496553
 20
56.81907786235772
 10
88.33873976588293
 20
56.298133329356936
 10
87.66902638358923
 20
55.5
 10
87.31267933590593
 20
54.52094453300079
 10
87.31267933590593
 20
53.479055466999206
 10
87.66902638358923
 20
52.5
 10
88.33873976588293
 20
51.701866670643064
 10
89.24104216496553
 20
51.18092213764228
 10
90.26710259494254
 20
51.0
 10
135.58356666738746
 20
51.0
 10
136.60962709736447
 20
51.18092213764228
 10
137.51192949644707
 20
51.701866670643064
 10
138.18164287874077
 20
52.5
 10
138.53798992642407
 20
53.47905546699921
 10
138.53798992642407
 20
54.520944533000794
 10
138.18164287874077
 20
55.5
 10
137.51192949644707
 20
56.298133329356936
 10
136.60962709736447
 20
56.81907786235772
 10
135.58356666738746
 20
57.0
  0
LWPOLYLINE
  5
3C
330
17
100
AcDbEntity
  8
CUT_INSIDE
100
AcDbPolyline
 90
21
 70
1
 10
130.484671401356
 20
71.0
 10
98.1291141960804
 20
71.0
 10
97.1030537661034
 20
70.81907786235773
 10
96.20075136702079
 20
70.29813332935693
 10
95.53103798472708
 20
69.5
 10
95.17469093704378
 20
68.52094453300079
 10
95.17469093704378
 20
67.47905546699921
 10
95.53103798472708
 20
66.5
 10
96.20075136702079
 20
65.70186667064307
 10
97.10305376610339
 20
65.18092213764227
 10
98.1291141960804
 20
65.0
 10
130.484671401356
 20
65.0
 10
131.510731831333
 20
65.18092213764227
 10
132.4130342304156
 20
65.70186667064307
 10
133.0827476127093
 20
66.5
 10
133.4390946603926
 20
67.47905546699921
 10
133.4390946603926
 20
68.52094453300079
 10
133.0827476127093
 20
69.5
 10
132.4130342304156
 20
70.29813332935693
 10
131.510731831333
 20
70.81907786235773
 10
130.484671401356
 20
71.0
  0
LWPOLYLINE
  5
3D
330
17
100
AcDbEntity
  8
CUT_INSIDE
100
AcDbPolyline
 90
21
 70
1
 10
153.43592510894365
 20
85.0
 10
96.2018746187944
 20
85.0
 10
95.1758141888174
 20
84.81907786235773
 10
94.27351178973478
 20
84.29813332935693
 10
93.60379840744109
 20
83.5
 10
93.24745135975778
 20
82.52094453300079
 10
93.24745135975778
 20
81.47905546699921
 10
93.60379840744109
 20
80.5
 10
94.27351178973478
 20
79.70186667064307
 10
95.1758141888174
 20
79.18092213764227
 10
96.2018746187944
 20
79.0
 10
153.43592510894365
 20
79.0
 10
154.46198553892066
 20
79.18092213764227
 10
155.3642879380033
 20
79.70186667064307
 10
156.03400132029697
 20
80.5
 10
156.3903483679803
 20
81.47905546699921
 10
156.3903483679803
 20
82.52094453300079
 10
156.03400132029697
 20
83.5
 10
155.3642879380033
 20
84.29813332935693
 10
154.46198553892066
 20
84.81907786235773
 10
153.43592510894365
 20
85.0
  0
LWPOLYLINE
  5
3E
330
17
100
AcDbEntity
  8
CUT_INSIDE
100
AcDbPolyline
 90
21
 70
1
 10
161.73147222761276
 20
43.0
 10
125.29048018363636
 20
43.0
 10
124.26441975365935
 20
42.81907786235772
 10
123.36211735457674
 20
42.298133329356936
 10
122.69240397228305
 20
41.5
 10
122.33605692459973
 20
40.52094453300079
 10
122.33605692459973
 20
39.479055466999206
 10
122.69240397228305
 20
38.5
 10
123.36211735457674
 20
37.701866670643064
 10
124.26441975365935
 20
37.18092213764228
 10
125.29048018363636
 20
37.0
 10
161.73147222761276
 20
37.0
 10
162.75753265758976
 20
37.18092213764228
 10
163.6598350566724
 20
37.701866670643064
 10
164.32954843896607
 20
38.5
 10
164.68589548664937
 20
39.47905546699921
 10
164.68589548664937
 20
40.520944533000794
 10
164.32954843896607
 20
41.5
 10
163.6598350566724
 20
42.298133329356936
 10
162.75753265758976
 20
42.81907786235772
 10
161.73147222761276
 20
43.0
  0
LWPOLYLINE
  5
3F
330
17
100
AcDbEntity
  8
CUT_INSIDE
100
AcDbPolyline
 90
21
 70
1
 10
142.72318080294434
 20
113.0
 10
98.05779973578848
 20
113.0
 10
97.03173930581147
 20
112.81907786235773
 10
96.12943690672886
 20
112.29813332935693
 10
95.45972352443516
 20
111.5
 10
95.10337647675185
 20
110.52094453300079
 10
95.10337647675185
 20
109.47905546699921
 10
95.45972352443516
 20
108.5
 10
96.12943690672886
 20
107.70186667064307
 10
97.03173930581147
 20
107.18092213764227
 10
98.05779973578848
 20
107.0
 10
142.72318080294434
 20
107.0
 10
143.74924123292135
 20
107.18092213764227
 10
144.65154363200398
 20
107.70186667064307
 10
145.32125701429766
 20
108.5
 10
145.67760406198096
 20
109.47905546699921
 10
145.67760406198096
 20
110.52094453300079
 10
145.32125701429766
 20
111.5
 10
144.65154363200398
 20
112.29813332935693
 10
143.74924123292135
 20
112.81907786235773
 10
142.72318080294434
 20
113.0
  0
LWPOLYLINE
  5
40
330
17
100
AcDbEntity
  8
CUT_INSIDE
100
AcDbPolyline
 90
21
 70
1
 10
170.61340508219715
 20
99.0
 10
138.84176303780723
 20
99.0
 10
137.81570260783022
 20
98.81907786235773
 10
136.9134002087476
 20
98.29813332935693
 10
136.2436868264539
 20
97.5
 10
135.88733977877058
 20
96.52094453300079
 10
135.88733977877058
 20
95.47905546699921
 10
136.2436868264539
 20
94.5
 10
136.9134002087476
 20
93.70186667064307
 10
137.81570260783022
 20
93.18092213764227
 10
138.84176303780723
 20
93.0
 10
170.61340508219715
 20
93.0
 10
171.63946551217416
 20
93.18092213764227
 10
172.54176791125678
 20
93.70186667064307
 10
173.21148129355046
 20
94.5
 10
173.5678283412338
 20
95.47905546699921
 10
173.5678283412338
 20
96.52094453300079
 10
173.21148129355046
 20
97.5
 10
172.54176791125678
 20
98.29813332935693
 10
171.63946551217416
 20
98.81907786235773
 10
170.61340508219715
 20
99.0
  0
LWPOLYLINE
  5
41
330
17
100
AcDbEntity
  8
CUT_INSIDE
100
AcDbPolyline
 90
21
 70
1
 10
151.93532058050417
 20
127.0
 10
131.05123846783667
 20
127.0
 10
130.02517803785966
 20
126.81907786235772
 10
129.12287563877706
 20
126.29813332935694
 10
128.45316225648335
 20
125.5
 10
128.09681520880005
 20
124.5209445330008
 10
128.09681520880005
 20
123.47905546699921
 10
128.45316225648335
 20
122.5
 10
129.12287563877706
 20
121.70186667064307
 10
130.02517803785966
 20
121.18092213764227
 10
131.05123846783667
 20
121.0
 10
151.93532058050417
 20
121.0
 10
152.96138101048118
 20
121.18092213764227
 10
153.86368340956378
 20
121.70186667064307
 10
154.53339679185748
 20
122.5
 10
154.88974383954078
 20
123.47905546699921
 10
154.88974383954078
 20
124.5209445330008
 10
154.53339679185748
 20
125.5
 10
153.86368340956378
 20
126.29813332935694
 10
152.96138101048118
 20
126.81907786235772
 10
151.93532058050417
 20
127.0
  0
LWPOLYLINE
  5
42
330
17
100
AcDbEntity
  8
CUT_INSIDE
100
AcDbPolyline
 90
21
 70
1
 10
68.60711623302362
 20
155.0
 10
49.691494898331825
 20
155.0
 10
48.66543446835482
 20
154.81907786235772
 10
47.7631320692722
 20
154.29813332935694
 10
47.09341868697851
 20
153.5
 10
46.7370716392952
 20
152.5209445330008
 10
46.7370716392952
 20
151.4790554669992
 10
47.09341868697851
 20
150.5
 10
47.7631320692722
 20
149.70186667064306
 10
48.66543446835482
 20
149.18092213764228
 10
49.691494898331825
 20
149.0
 10
68.60711623302362
 20
149.0
 10
69.63317666300063
 20
149.18092213764228
 10
70.53547906208324
 20
149.70186667064306
 10
71.20519244437693
 20
150.5
 10
71.56153949206023
 20
151.4790554669992
 10
71.56153949206023
 20
152.5209445330008
 10
71.20519244437693
 20
153.5
 10
70.53547906208324
 20
154.29813332935694
 10
69.63317666300063
 20
154.81907786235772
 10
68.60711623302362
 20
155.0
  0
LWPOLYLINE
  5
43
330
17
100
AcDbEntity
  8
CUT_INSIDE
100
AcDbPolyline
 90
21
 70
1
 10
99.97313599575756
 20
141.0
 10
60.13005675014489
 20
141.0
 10
59.10399632016788
 20
140.81907786235772
 10
58.201693921085266
 20
140.29813332935694
 10
57.531980538791565
 20
139.5
 10
57.17563349110826
 20
138.5209445330008
 10
57.17563349110826
 20
137.4790554669992
 10
57.531980538791565
 20
136.5
 10
58.201693921085266
 20
135.70186667064306
 10
59.10399632016787
 20
135.18092213764228
 10
60.13005675014489
 20
135.0
 10
99.97313599575756
 20
135.0
 10
100.99919642573457
 20
135.18092213764228
 10
101.90149882481718
 20
135.70186667064306
 10
102.57121220711088
 20
136.5
 10
102.92755925479419
 20
137.4790554669992
 10
102.92755925479419
 20
138.5209445330008
 10
102.57121220711088
 20
139.5
 10
101.90149882481718
 20
140.29813332935694
 10
100.99919642573457
 20
140.81907786235772
 10
99.97313599575756
 20
141.0
  0
LWPOLYLINE
  5
44
330
17
100
AcDbEntity
  8
CUT_INSIDE
100
AcDbPolyline
 90
21
 70
1
 10
98.79127962316196
 20
169.0
 10
59.61799224699021
 20
169.0
 10
58.591931817013204
 20
168.81907786235772
 10
57.68962941793059
 20
168.29813332935694
 10
57.01991603563689
 20
167.5
 10
56.66356898795358
 20
166.5209445330008
 10
56.66356898795358
 20
165.4790554669992
 10
57.01991603563689
 20
164.5
 10
57.68962941793059
 20
163.70186667064306
 10
58.5919318170132
 20
163.18092213764228
 10
59.61799224699021
 20
163.0
 10
98.79127962316196
 20
163.0
 10
99.81734005313896
 20
163.18092213764228
 10
100.71964245222158
 20
163.70186667064306
 10
101.38935583451527
 20
164.5
 10
101.74570288219859
 20
165.4790554669992
 10
101.74570288219859
 20
166.5209445330008
 10
101.38935583451527
 20
167.5
 10
100.71964245222158
 20
168.29813332935694
 10
99.81734005313896
 20
168.81907786235772
 10
98.79127962316196
 20
169.0
  0
LWPOLYLINE
  5
45
330
17
100
AcDbEntity
  8
CUT_INSIDE
100
AcDbPolyline
 90
21
 70
1
 10
80.20363987821929
 20
183.0
 10
61.60480312813132
 20
183.0
 10
60.578742698154315
 20
182.81907786235772
 10
59.6764402990717
 20
182.29813332935694
 10
59.00672691677801
 20
181.5
 10
58.65037986909469
 20
180.5209445330008
 10
58.65037986909469
 20
179.4790554669992
 10
59.00672691677801
 20
178.5
 10
59.6764402990717
 20
177.70186667064306
 10
60.578742698154315
 20
177.18092213764228
 10
61.60480312813132
 20
177.0
 10
80.20363987821929
 20
177.0
 10
81.2297003081963
 20
177.18092213764228
 10
82.13200270727891
 20
177.70186667064306
 10
82.80171608957261
 20
178.5
 10
83.15806313725592
 20
179.4790554669992
 10
83.15806313725592
 20
180.5209445330008
 10
82.80171608957261
 20
181.5
 10
82.13200270727891
 20
182.29813332935694
 10
81.2297003081963
 20
182.81907786235772
 10
80.20363987821929
 20
183.0
  0
LWPOLYLINE
  5
46
330
17
100
AcDbEntity
  8
CUT_INSIDE
100
AcDbPolyline
 90
21
 70
1
 10
94.89002567524105
 20
211.0
 10
48.28966091647958
 20
211.0
 10
47.26360048650258
 20
210.81907786235772
 10
46.36129808741997
 20
210.29813332935694
 10
45.69158470512627
 20
209.5
 10
45.33523765744296
 20
208.5209445330008
 10
45.33523765744296
 20
207.4790554669992
 10
45.69158470512627
 20
206.5
 10
46.36129808741997
 20
205.70186667064306
 10
47.263600486502575
 20
205.18092213764228
 10
48.28966091647958
 20
205.0
 10
94.89002567524105
 20
205.0
 10
95.91608610521806
 20
205.18092213764228
 10
96.81838850430067
 20
205.70186667064306
 10
97.48810188659436
 20
206.5
 10
97.84444893427768
 20
207.4790554669992
 10
97.84444893427768
 20
208.5209445330008
 10
97.48810188659436
 20
209.5
 10
96.81838850430067
 20
210.29813332935694
 10
95.91608610521806
 20
210.81907786235772
 10
94.89002567524105
 20
211.0
  0
LWPOLYLINE
  5
47
330
17
100
AcDbEntity
  8
CUT_INSIDE
100
AcDbPolyline
 90
21
 70
1
 10
117.62278601116869
 20
197.0
 10
55.0588404115819
 20
197.0
 10
54.03277998160489
 20
196.81907786235772
 10
53.13047758252228
 20
196.29813332935694
 10
52.46076420022858
 20
195.5
 10
52.104417152545274
 20
194.5209445330008
 10
52.104417152545274
 20
193.4790554669992
 10
52.46076420022858
 20
192.5
 10
53.13047758252228
 20
191.70186667064306
 10
54.03277998160489
 20
191.18092213764228
 10
55.0588404115819
 20
191.0
 10
117.62278601116869
 20
191.0
 10
118.6488464411457
 20
191.18092213764228
 10
119.55114884022831
 20
191.70186667064306
 10
120.220862222522
 20
192.5
 10
120.57720927020532
 20
193.4790554669992
 10
120.57720927020532
 20
194.5209445330008
 10
120.220862222522
 20
195.5
 10
119.55114884022831
 20
196.29813332935694
 10
118.6488464411457
 20
196.81907786235772
 10
117.62278601116869
 20
197.0
  0
LWPOLYLINE
  5
48
330
17
100
AcDbEntity
  8
CUT_INSIDE
100
AcDbPolyline
 90
21
 70
1
 10
106.87547182012443
 20
225.0
 10
47.66715494620669
 20
225.0
 10
46.641094516229685
 20
224.81907786235772
 10
45.73879211714707
 20
224.29813332935694
 10
45.06907873485338
 20
223.5
 10
44.71273168717007
 20
222.5209445330008
 10
44.71273168717007
 20
221.4790554669992
 10
45.06907873485338
 20
220.5
 10
45.73879211714707
 20
219.70186667064306
 10
46.641094516229685
 20
219.18092213764228
 10
47.66715494620669
 20
219.0
 10
106.87547182012443
 20
219.0
 10
107.90153225010144
 20
219.18092213764228
 10
108.80383464918405
 20
219.70186667064306
 10
109.47354803147775
 20
220.5
 10
109.82989507916105
 20
221.4790554669992
 10
109.82989507916105
 20
222.5209445330008
 10
109.47354803147775
 20
223.5
 10
108.80383464918405
 20
224.29813332935694
 10
107.90153225010144
 20
224.81907786235772
 10
106.87547182012443
 20
225.0
  0
LWPOLYLINE
  5
49
330
17
100
AcDbEntity
  8
CUT_INSIDE
100
AcDbPolyline
 90
21
 70
1
 10
114.40309478687513
 20
183.0
 10
96.95929849490344
 20
183.0
 10
95.93323806492643
 20
182.81907786235772
 10
95.03093566584383
 20
182.29813332935694
 10
94.36122228355012
 20
181.5
 10
94.00487523586682
 20
180.5209445330008
 10
94.00487523586682
 20
179.4790554669992
 10
94.36122228355012
 20
178.5
 10
95.03093566584383
 20
177.70186667064306
 10
95.93323806492643
 20
177.18092213764228
 10
96.95929849490344
 20
177.0
 10
114.40309478687513
 20
177.0
 10
115.42915521685214
 20
177.18092213764228
 10
116.33145761593474
 20
177.70186667064306
 10
117.00117099822845
 20
178.5
 10
117.35751804591175
 20
179.4790554669992
 10
117.35751804591175
 20
180.5209445330008
 10
117.00117099822845
 20
181.5
 10
116.33145761593474
 20
182.29813332935694
 10
115.42915521685214
 20
182.81907786235772
 10
114.40309478687513
 20
183.0
  0
LWPOLYLINE
  5
4A
330
17
100
AcDbEntity
  8
CUT_INSIDE
100
AcDbPolyline
 90
21
 70
1
 10
177.5381164131676
 20
155.0
 10
102.6121604873024
 20
155.0
 10
101.5861000573254
 20
154.81907786235772
 10
100.68379765824278
 20
154.29813332935694
 10
100.01408427594909
 20
153.5
 10
99.65773722826577
 20
152.5209445330008
 10
99.65773722826577
 20
151.4790554669992
 10
100.01408427594909
 20
150.5
 10
100.68379765824278
 20
149.70186667064306
 10
101.5861000573254
 20
149.18092213764228
 10
102.6121604873024
 20
149.0
 10
177.5381164131676
 20
149.0
 10
178.5641768431446
 20
149.18092213764228
 10
179.4664792422272
 20
149.70186667064306
 10
180.1361926245209
 20
150.5
 10
180.4925396722042
 20
151.4790554669992
 10
180.4925396722042
 20
152.5209445330008
 10
180.1361926245209
 20
153.5
 10
179.4664792422272
 20
154.29813332935694
 10
178.5641768431446
 20
154.81907786235772
 10
177.5381164131676
 20
155.0
  0
LWPOLYLINE
  5
4B
330
17
100
AcDbEntity
  8
CUT_INSIDE
100
AcDbPolyline
 90
21
 70
1
 10
168.11012788049274
 20
141.0
 10
137.59319853968665
 20
141.0
 10
136.56713810970965
 20
140.81907786235772
 10
135.66483571062705
 20
140.29813332935694
 10
134.99512232833334
 20
139.5
 10
134.63877528065004
 20
138.5209445330008
 10
134.63877528065004
 20
137.4790554669992
 10
134.99512232833334
 20
136.5
 10
135.66483571062705
 20
135.70186667064306
 10
136.56713810970965
 20
135.18092213764228
 10
137.59319853968665
 20
135.0
 10
168.11012788049274
 20
135.0
 10
169.13618831046975
 20
135.18092213764228
 10
170.03849070955235
 20
135.70186667064306
 10
170.70820409184606
 20
136.5
 10
171.06455113952936
 20
137.4790554669992
 10
171.06455113952936
 20
138.5209445330008
 10
170.70820409184606
 20
139.5
 10
170.03849070955235
 20
140.29813332935694
 10
169.13618831046975
 20
140.81907786235772
 10
168.11012788049274
 20
141.0
  0
LWPOLYLINE
  5
4C
330
17
100
AcDbEntity
  8
CUT_INSIDE
100
AcDbPolyline
 90
21
 70
1
 10
163.60381461318406
 20
169.0
 10
119.55541831592956
 20
169.0
 10
118.52935788595255
 20
168.81907786235772
 10
117.62705548686993
 20
168.29813332935694
 10
116.95734210457624
 20
167.5
 10
116.60099505689293
 20
166.5209445330008
 10
116.60099505689293
 20
165.4790554669992
 10
116.95734210457624
 20
164.5
 10
117.62705548686993
 20
163.70186667064306
 10
118.52935788595255
 20
163.18092213764228
 10
119.55541831592956
 20
163.0
 10
163.60381461318406
 20
163.0
 10
164.62987504316106
 20
163.18092213764228
 10
165.5321774422437
 20
163.70186667064306
 10
166.20189082453737
 20
164.5
 10
166.55823787222067
 20
165.4790554669992
 10
166.55823787222067
 20
166.5209445330008
 10
166.20189082453737
 20
167.5
 10
165.5321774422437
 20
168.29813332935694
 10
164.62987504316106
 20
168.81907786235772
 10
163.60381461318406
 20
169.0
  0
LWPOLYLINE
  5
4D
330
17
100
AcDbEntity
  8
CUT_INSIDE
100
AcDbPolyline
 90
21
 70
1
 10
162.149468551728
 20
211.0
 10
130.01243945702404
 20
211.0
 10
128.98637902704704
 20
210.81907786235772
 10
128.08407662796444
 20
210.29813332935694
 10
127.41436324567073
 20
209.5
 10
127.05801619798743
 20
208.5209445330008
 10
127.05801619798743
 20
207.4790554669992
 10
127.41436324567073
 20
206.5
 10
128.08407662796444
 20
205.70186667064306
 10
128.98637902704704
 20
205.18092213764228
 10
130.01243945702404
 20
205.0
 10
162.149468551728
 20
205.0
 10
163.175528981705
 20
205.18092213764228
 10
164.07783138078761
 20
205.70186667064306
 10
164.74754476308132
 20
206.5
 10
165.10389181076462
 20
207.4790554669992
 10
165.10389181076462
 20
208.5209445330008
 10
164.74754476308132
 20
209.5
 10
164.07783138078761
 20
210.29813332935694
 10
163.175528981705
 20
210.81907786235772
 10
162.149468551728
 20
211.0
  0
LWPOLYLINE
  5
4E
330
17
100
AcDbEntity
  8
CUT_INSIDE
100
AcDbPolyline
 90
21
 70
1
 10
169.04589080770847
 20
225.0
 10
136.08271807982874
 20
225.0
 10
135.05665764985173
 20
224.81907786235772
 10
134.15435525076913
 20
224.29813332935694
 10
133.48464186847542
 20
223.5
 10
133.12829482079212
 20
222.5209445330008
 10
133.12829482079212
 20
221.4790554669992
 10
133.48464186847542
 20
220.5
 10
134.15435525076913
 20
219.70186667064306
 10
135.05665764985173
 20
219.18092213764228
 10
136.08271807982874
 20
219.0
 10
169.04589080770847
 20
219.0
 10
170.07195123768548
 20
219.18092213764228
 10
170.97425363676808
 20
219.70186667064306
 10
171.6439670190618
 20
220.5
 10
172.0003140667451
 20
221.4790554669992
 10
172.0003140667451
 20
222.5209445330008
 10
171.6439670190618
 20
223.5
 10
170.97425363676808
 20
224.29813332935694
 10
170.07195123768548
 20
224.81907786235772
 10
169.04589080770847
 20
225.0
  0
LWPOLYLINE
  5
4F
330
17
100
AcDbEntity
  8
CUT_INSIDE
100
AcDbPolyline
 90
21
 70
1
 10
197.43465111852166
 20
57.0
 10
164.0425454217253
 20
57.0
 10
163.01648499174829
 20
56.81907786235772
 10
162.11418259266568
 20
56.298133329356936
 10
161.44446921037198
 20
55.5
 10
161.08812216268868
 20
54.52094453300079
 10
161.08812216268868
 20
53.479055466999206
 10
161.44446921037198
 20
52.5
 10
162.11418259266568
 20
51.701866670643064
 10
163.01648499174829
 20
51.18092213764228
 10
164.0425454217253
 20
51.0
 10
197.43465111852166
 20
51.0
 10
198.46071154849867
 20
51.18092213764228
 10
199.36301394758127
 20
51.701866670643064
 10
200.03272732987497
 20
52.5
 10
200.38907437755827
 20
53.47905546699921
 10
200.38907437755827
 20
54.520944533000794
 10
200.03272732987497
 20
55.5
 10
199.36301394758127
 20
56.298133329356936
 10
198.46071154849867
 20
56.81907786235772
 10
197.43465111852166
 20
57.0
  0
LWPOLYLINE
  5
50
330
17
100
AcDbEntity
  8
CUT_INSIDE
100
AcDbPolyline
 90
21
 70
1
 10
188.5550203549517
 20
71.0
 10
170.01328598953899
 20
71.0
 10
168.98722555956198
 20
70.81907786235773
 10
168.08492316047938
 20
70.29813332935693
 10
167.41520977818567
 20
69.5
 10
167.05886273050237
 20
68.52094453300079
 10
167.05886273050237
 20
67.47905546699921
 10
167.41520977818567
 20
66.5
 10
168.08492316047938
 20
65.70186667064307
 10
168.98722555956198
 20
65.18092213764227
 10
170.01328598953899
 20
65.0
 10
188.5550203549517
 20
65.0
 10
189.5810807849287
 20
65.18092213764227
 10
190.4833831840113
 20
65.70186667064307
 10
191.153096566305
 20
66.5
 10
191.5094436139883
 20
67.47905546699921
 10
191.5094436139883
 20
68.52094453300079
 10
191.153096566305
 20
69.5
 10
190.4833831840113
 20
70.29813332935693
 10
189.5810807849287
 20
70.81907786235773
 10
188.5550203549517
 20
71.0
  0
LWPOLYLINE
  5
51
330
17
100
AcDbEntity
  8
CUT_INSIDE
100
AcDbPolyline
 90
21
 70
1
 10
220.08323914367452
 20
43.0
 10
182.1633204801298
 20
43.0
 10
181.1372600501528
 20
42.81907786235772
 10
180.2349576510702
 20
42.298133329356936
 10
179.5652442687765
 20
41.5
 10
179.2088972210932
 20
40.52094453300079
 10
179.2088972210932
 20
39.479055466999206
 10
179.5652442687765
 20
38.5
 10
180.2349576510702
 20
37.701866670643064
 10
181.1372600501528
 20
37.18092213764228
 10
182.1633204801298
 20
37.0
 10
220.08323914367452
 20
37.0
 10
221.10929957365153
 20
37.18092213764228
 10
222.01160197273413
 20
37.701866670643064
 10
222.68131535502783
 20
38.5
 10
223.03766240271113
 20
39.47905546699921
 10
223.03766240271113
 20
40.520944533000794
 10
222.68131535502783
 20
41.5
 10
222.01160197273413
 20
42.298133329356936
 10
221.10929957365153
 20
42.81907786235772
 10
220.08323914367452
 20
43.0
  0
LWPOLYLINE
  5
52
330
17
100
AcDbEntity
  8
CUT_INSIDE
100
AcDbPolyline
 90
21
 70
1
 10
224.33303241757227
 20
85.0
 10
174.54470126116183
 20
85.0
 10
173.51864083118483
 20
84.81907786235773
 10
172.6163384321022
 20
84.29813332935693
 10
171.94662504980852
 20
83.5
 10
171.5902780021252
 20
82.52094453300079
 10
171.5902780021252
 20
81.47905546699921
 10
171.94662504980852
 20
80.5
 10
172.6163384321022
 20
79.70186667064307
 10
173.51864083118483
 20
79.18092213764227
 10
174.54470126116183
 20
79.0
 10
224.33303241757227
 20
79.0
 10
225.35909284754928
 20
79.18092213764227
 10
226.2613952466319
 20
79.70186667064307
 10
226.93110862892559
 20
80.5
 10
227.28745567660891
 20
81.47905546699921
 10
227.28745567660891
 20
82.52094453300079
 10
226.93110862892559
 20
83.5
 10
226.2613952466319
 20
84.29813332935693
 10
225.35909284754928
 20
84.81907786235773
 10
224.33303241757227
 20
85.0
  0
LWPOLYLINE
  5
53
330
17
100
AcDbEntity
  8
CUT_INSIDE
100
AcDbPolyline
 90
21
 70
1
 10
195.1434543671147
 20
113.0
 10
173.0383721596628
 20
113.0
 10
172.0123117296858
 20
112.81907786235773
 10
171.1100093306032
 20
112.29813332935693
 10
170.44029594830948
 20
111.5
 10
170.08394890062618
 20
110.52094453300079
 10
170.08394890062618
 20
109.47905546699921
 10
170.44029594830948
 20
108.5
 10
171.1100093306032
 20
107.70186667064307
 10
172.0123117296858
 20
107.18092213764227
 10
173.0383721596628
 20
107.0
 10
195.1434543671147
 20
107.0
 10
196.16951479709172
 20
107.18092213764227
 10
197.07181719617432
 20
107.70186667064307
 10
197.74153057846803
 20
108.5
 10
198.09787762615133
 20
109.47905546699921
 10
198.09787762615133
 20
110.52094453300079
 10
197.74153057846803
 20
111.5
 10
197.07181719617432
 20
112.29813332935693
 10
196.16951479709172
 20
112.81907786235773
 10
195.1434543671147
 20
113.0
  0
LWPOLYLINE
  5
54
330
17
100
AcDbEntity
  8
CUT_INSIDE
100
AcDbPolyline
 90
21
 70
1
 10
255.0135087921937
 20
57.0
 10
229.3334398838905
 20
57.0
 10
228.30737945391348
 20
56.81907786235772
 10
227.40507705483085
 20
56.298133329356936
 10
226.73536367253718
 20
55.5
 10
226.37901662485388
 20
54.52094453300079
 10
226.37901662485388
 20
53.479055466999206
 10
226.73536367253718
 20
52.5
 10
227.40507705483085
 20
51.701866670643064
 10
228.30737945391348
 20
51.18092213764228
 10
229.3334398838905
 20
51.0
 10
255.0135087921937
 20
51.0
 10
256.0395692221707
 20
51.18092213764228
 10
256.9418716212533
 20
51.701866670643064
 10
257.611585003547
 20
52.5
 10
257.9679320512303
 20
53.47905546699921
 10
257.9679320512303
 20
54.520944533000794
 10
257.611585003547
 20
55.5
 10
256.9418716212533
 20
56.298133329356936
 10
256.0395692221707
 20
56.81907786235772
 10
255.0135087921937
 20
57.0
  0
LWPOLYLINE
  5
55
330
17
100
AcDbEntity
  8
CUT_INSIDE
100
AcDbPolyline
 90
21
 70
1
 10
245.05012867095323
 20
71.0
 10
219.66193824856825
 20
71.0
 10
218.63587781859124
 20
70.81907786235773
 10
217.73357541950864
 20
70.29813332935693
 10
217.06386203721493
 20
69.5
 10
216.70751498953163
 20
68.52094453300079
 10
216.70751498953163
 20
67.47905546699921
 10
217.06386203721493
 20
66.5
 10
217.73357541950864
 20
65.70186667064307
 10
218.63587781859124
 20
65.18092213764227
 10
219.66193824856825
 20
65.0
 10
245.05012867095323
 20
65.0
 10
246.07618910093024
 20
65.18092213764227
 10
246.97849150001284
 20
65.70186667064307
 10
247.64820488230654
 20
66.5
 10
248.00455192998984
 20
67.47905546699921
 10
248.00455192998984
 20
68.52094453300079
 10
247.64820488230654
 20
69.5
 10
246.97849150001284
 20
70.29813332935693
 10
246.07618910093024
 20
70.81907786235773
 10
245.05012867095323
 20
71.0
  0
LWPOLYLINE
  5
56
330
17
100
AcDbEntity
  8
CUT_INSIDE
100
AcDbPolyline
 90
21
 70
1
 10
245.62771656285483
 20
99.0
 10
209.63263722189268
 20
99.0
 10
208.60657679191567
 20
98.81907786235773
 10
207.70427439283304
 20
98.29813332935693
 10
207.03456101053936
 20
97.5
 10
206.67821396285603
 20
96.52094453300079
 10
206.67821396285603
 20
95.47905546699921
 10
207.03456101053936
 20
94.5
 10
207.70427439283304
 20
93.70186667064307
 10
208.60657679191567
 20
93.18092213764227
 10
209.63263722189268
 20
93.0
 10
245.62771656285483
 20
93.0
 10
246.65377699283184
 20
93.18092213764227
 10
247.55607939191447
 20
93.70186667064307
 10
248.22579277420814
 20
94.5
 10
248.58213982189147
 20
95.47905546699921
 10
248.58213982189147
 20
96.52094453300079
 10
248.22579277420814
 20
97.5
 10
247.55607939191447
 20
98.29813332935693
 10
246.65377699283184
 20
98.81907786235773
 10
245.62771656285483
 20
99.0
  0
LWPOLYLINE
  5
57
330
17
100
AcDbEntity
  8
CUT_INSIDE
100
AcDbPolyline
 90
21
 70
1
 10
273.9780737941359
 20
127.0
 10
168.7772534596399
 20
127.0
 10
167.7511930296629
 20
126.81907786235772
 10
166.84889063058026
 20
126.29813332935694
 10
166.17917724828658
 20
125.5
 10
165.82283020060325
 20
124.5209445330008
 10
165.82283020060325
 20
123.47905546699921
 10
166.17917724828658
 20
122.5
 10
166.84889063058026
 20
121.70186667064307
 10
167.7511930296629
 20
121.18092213764227
 10
168.7772534596399
 20
121.0
 10
273.9780737941359
 20
121.0
 10
275.00413422411293
 20
121.18092213764227
 10
275.90643662319553
 20
121.70186667064307
 10
276.57615000548924
 20
122.5
 10
276.93249705317254
 20
123.47905546699921
 10
276.93249705317254
 20
124.5209445330008
 10
276.57615000548924
 20
125.5
 10
275.90643662319553
 20
126.29813332935694
 10
275.00413422411293
 20
126.81907786235772
 10
273.9780737941359
 20
127.0
  0
LWPOLYLINE
  5
58
330
17
100
AcDbEntity
  8
CUT_INSIDE
100
AcDbPolyline
 90
21
 70
1
 10
266.81477528549345
 20
113.0
 10
228.43193422763116
 20
113.0
 10
227.40587379765415
 20
112.81907786235773
 10
226.50357139857152
 20
112.29813332935693
 10
225.83385801627784
 20
111.5
 10
225.47751096859454
 20
110.52094453300079
 10
225.47751096859454
 20
109.47905546699921
 10
225.83385801627784
 20
108.5
 10
226.50357139857152
 20
107.70186667064307
 10
227.40587379765415
 20
107.18092213764227
 10
228.43193422763116
 20
107.0
 10
266.81477528549345
 20
107.0
 10
267.84083571547046
 20
107.18092213764227
 10
268.74313811455306
 20
107.70186667064307
 10
269.41285149684677
 20
108.5
 10
269.76919854453007
 20
109.47905546699921
 10
269.76919854453007
 20
110.52094453300079
 10
269.41285149684677
 20
111.5
 10
268.74313811455306
 20
112.29813332935693
 10
267.84083571547046
 20
112.81907786235773
 10
266.81477528549345
 20
113.0
  0
LWPOLYLINE
  5
59
330
17
100
AcDbEntity
  8
CUT_INSIDE
100
AcDbPolyline
 90
21
 70
1
 10
174.1644933119705
 20
183.0
 10
147.4102370829039
 20
183.0
 10
146.3841766529269
 20
182.81907786235772
 10
145.4818742538443
 20
182.29813332935694
 10
144.8121608715506
 20
181.5
 10
144.4558138238673
 20
180.5209445330008
 10
144.4558138238673
 20
179.4790554669992
 10
144.8121608715506
 20
178.5
 10
145.4818742538443
 20
177.70186667064306
 10
146.3841766529269
 20
177.18092213764228
 10
147.4102370829039
 20
177.0
 10
174.1644933119705
 20
177.0
 10
175.1905537419475
 20
177.18092213764228
 10
176.0928561410301
 20
177.70186667064306
 10
176.7625695233238
 20
178.5
 10
177.1189165710071
 20
179.4790554669992
 10
177.1189165710071
 20
180.5209445330008
 10
176.7625695233238
 20
181.5
 10
176.0928561410301
 20
182.29813332935694
 10
175.1905537419475
 20
182.81907786235772
 10
174.1644933119705
 20
183.0
  0
LWPOLYLINE
  5
5A
330
17
100
AcDbEntity
  8
CUT_INSIDE
100
AcDbPolyline
 90
21
 70
1
 10
200.18680364642847
 20
197.0
 10
137.9112522944107
 20
197.0
 10
136.8851918644337
 20
196.81907786235772
 10
135.9828894653511
 20
196.29813332935694
 10
135.31317608305739
 20
195.5
 10
134.95682903537408
 20
194.5209445330008
 10
134.95682903537408
 20
193.4790554669992
 10
135.31317608305739
 20
192.5
 10
135.9828894653511
 20
191.70186667064306
 10
136.8851918644337
 20
191.18092213764228
 10
137.9112522944107
 20
191.0
 10
200.18680364642847
 20
191.0
 10
201.21286407640548
 20
191.18092213764228
 10
202.11516647548808
 20
191.70186667064306
 10
202.7848798577818
 20
192.5
 10
203.1412269054651
 20
193.4790554669992
 10
203.1412269054651
 20
194.5209445330008
 10
202.7848798577818
 20
195.5
 10
202.11516647548808
 20
196.29813332935694
 10
201.21286407640548
 20
196.81907786235772
 10
200.18680364642847
 20
197.0
  0
LWPOLYLINE
  5
5B
330
17
100
AcDbEntity
  8
CUT_INSIDE
100
AcDbPolyline
 90
21
 70
1
 10
203.95691827619595
 20
225.0
 10
185.72773949195283
 20
225.0
 10
184.70167906197582
 20
224.81907786235772
 10
183.79937666289322
 20
224.29813332935694
 10
183.12966328059952
 20
223.5
 10
182.77331623291622
 20
222.5209445330008
 10
182.77331623291622
 20
221.4790554669992
 10
183.12966328059952
 20
220.5
 10
183.79937666289322
 20
219.70186667064306
 10
184.70167906197582
 20
219.18092213764228
 10
185.72773949195283
 20
219.0
 10
203.95691827619595
 20
219.0
 10
204.98297870617296
 20
219.18092213764228
 10
205.88528110525556
 20
219.70186667064306
 10
206.55499448754927
 20
220.5
 10
206.91134153523257
 20
221.4790554669992
 10
206.91134153523257
 20
222.5209445330008
 10
206.55499448754927
 20
223.5
 10
205.88528110525556
 20
224.29813332935694
 10
204.98297870617296
 20
224.81907786235772
 10
203.95691827619595
 20
225.0
  0
LWPOLYLINE
  5
5C
330
17
100
AcDbEntity
  8
CUT_INSIDE
100
AcDbPolyline
 90
21
 70
1
 10
239.01659683839526
 20
141.0
 10
203.08289589461432
 20
141.0
 10
202.05683546463732
 20
140.81907786235772
 10
201.15453306555472
 20
140.29813332935694
 10
200.484819683261
 20
139.5
 10
200.1284726355777
 20
138.5209445330008
 10
200.1284726355777
 20
137.4790554669992
 10
200.484819683261
 20
136.5
 10
201.15453306555472
 20
135.70186667064306
 10
202.05683546463732
 20
135.18092213764228
 10
203.08289589461432
 20
135.0
 10
239.01659683839526
 20
135.0
 10
240.04265726837227
 20
135.18092213764228
 10
240.94495966745487
 20
135.70186667064306
 10
241.61467304974857
 20
136.5
 10
241.97102009743188
 20
137.4790554669992
 10
241.97102009743188
 20
138.5209445330008
 10
241.61467304974857
 20
139.5
 10
240.94495966745487
 20
140.29813332935694
 10
240.04265726837227
 20
140.81907786235772
 10
239.01659683839526
 20
141.0
  0
LWPOLYLINE
  5
5D
330
17
100
AcDbEntity
  8
CUT_INSIDE
100
AcDbPolyline
 90
21
 70
1
 10
230.92289355071682
 20
169.0
 10
201.5451233858002
 20
169.0
 10
200.5190629558232
 20
168.81907786235772
 10
199.6167605567406
 20
168.29813332935694
 10
198.94704717444688
 20
167.5
 10
198.59070012676358
 20
166.5209445330008
 10
198.59070012676358
 20
165.4790554669992
 10
198.94704717444688
 20
164.5
 10
199.6167605567406
 20
163.70186667064306
 10
200.5190629558232
 20
163.18092213764228
 10
201.5451233858002
 20
163.0
 10
230.92289355071682
 20
163.0
 10
231.94895398069383
 20
163.18092213764228
 10
232.85125637977643
 20
163.70186667064306
 10
233.52096976207014
 20
164.5
 10
233.87731680975344
 20
165.4790554669992
 10
233.87731680975344
 20
166.5209445330008
 10
233.52096976207014
 20
167.5
 10
232.85125637977643
 20
168.29813332935694
 10
231.94895398069383
 20
168.81907786235772
 10
230.92289355071682
 20
169.0
  0
LWPOLYLINE
  5
5E
330
17
100
AcDbEntity
  8
CUT_INSIDE
100
AcDbPolyline
 90
21
 70
1
 10
238.47717139012616
 20
183.0
 10
209.1608178328038
 20
183.0
 10
208.13475740282678
 20
182.81907786235772
 10
207.23245500374418
 20
182.29813332935694
 10
206.56274162145047
 20
181.5
 10
206.20639457376717
 20
180.5209445330008
 10
206.20639457376717
 20
179.4790554669992
 10
206.56274162145047
 20
178.5
 10
207.23245500374418
 20
177.70186667064306
 10
208.13475740282678
 20
177.18092213764228
 10
209.1608178328038
 20
177.0
 10
238.47717139012616
 20
177.0
 10
239.50323182010317
 20
177.18092213764228
 10
240.40553421918577
 20
177.70186667064306
 10
241.07524760147948
 20
178.5
 10
241.43159464916278
 20
179.4790554669992
 10
241.43159464916278
 20
180.5209445330008
 10
241.07524760147948
 20
181.5
 10
240.40553421918577
 20
182.29813332935694
 10
239.50323182010317
 20
182.81907786235772
 10
238.47717139012616
 20
183.0
  0
LWPOLYLINE
  5
5F
330
17
100
AcDbEntity
  8
CUT_INSIDE
100
AcDbPolyline
 90
21
 70
1
 10
289.517878606711
 20
155.0
 10
205.08107998154935
 20
155.0
 10
204.05501955157234
 20
154.81907786235772
 10
203.15271715248974
 20
154.29813332935694
 10
202.48300377019604
 20
153.5
 10
202.12665672251273
 20
152.5209445330008
 10
202.12665672251273
 20
151.4790554669992
 10
202.48300377019604
 20
150.5
 10
203.15271715248974
 20
149.70186667064306
 10
204.05501955157234
 20
149.18092213764228
 10
205.08107998154935
 20
149.0
 10
289.517878606711
 20
149.0
 10
290.543939036688
 20
149.18092213764228
 10
291.4462414357706
 20
149.70186667064306
 10
292.1159548180643
 20
150.5
 10
292.4723018657476
 20
151.4790554669992
 10
292.4723018657476
 20
152.5209445330008
 10
292.1159548180643
 20
153.5
 10
291.4462414357706
 20
154.29813332935694
 10
290.543939036688
 20
154.81907786235772
 10
289.517878606711
 20
155.0
  0
LWPOLYLINE
  5
60
330
17
100
AcDbEntity
  8
CUT_INSIDE
100
AcDbPolyline
 90
21
 70
1
 10
281.6564022149502
 20
169.0
 10
260.9174660568114
 20
169.0
 10
259.8914056268344
 20
168.81907786235772
 10
258.9891032277518
 20
168.29813332935694
 10
258.3193898454581
 20
167.5
 10
257.9630427977748
 20
166.5209445330008
 10
257.9630427977748
 20
165.4790554669992
 10
258.3193898454581
 20
164.5
 10
258.9891032277518
 20
163.70186667064306
 10
259.8914056268344
 20
163.18092213764228
 10
260.9174660568114
 20
163.0
 10
281.6564022149502
 20
163.0
 10
282.6824626449272
 20
163.18092213764228
 10
283.5847650440098
 20
163.70186667064306
 10
284.25447842630354
 20
164.5
 10
284.61082547398684
 20
165.4790554669992
 10
284.61082547398684
 20
166.5209445330008
 10
284.25447842630354
 20
167.5
 10
283.5847650440098
 20
168.29813332935694
 10
282.6824626449272
 20
168.81907786235772
 10
281.6564022149502
 20
169.0
  0
LWPOLYLINE
  5
61
330
17
100
AcDbEntity
  8
CUT_INSIDE
100
AcDbPolyline
 90
21
 70
1
 10
280.5309039494389
 20
211.0
 10
193.7812101319164
 20
211.0
 10
192.7551497019394
 20
210.81907786235772
 10
191.85284730285676
 20
210.29813332935694
 10
191.18313392056308
 20
209.5
 10
190.82678687287975
 20
208.5209445330008
 10
190.82678687287975
 20
207.4790554669992
 10
191.18313392056308
 20
206.5
 10
191.85284730285676
 20
205.70186667064306
 10
192.7551497019394
 20
205.18092213764228
 10
193.7812101319164
 20
205.0
 10
280.5309039494389
 20
205.0
 10
281.5569643794159
 20
205.18092213764228
 10
282.4592667784985
 20
205.70186667064306
 10
283.1289801607922
 20
206.5
 10
283.4853272084755
 20
207.4790554669992
 10
283.4853272084755
 20
208.5209445330008
 10
283.1289801607922
 20
209.5
 10
282.4592667784985
 20
210.29813332935694
 10
281.5569643794159
 20
210.81907786235772
 10
280.5309039494389
 20
211.0
  0
LWPOLYLINE
  5
62
330
17
100
AcDbEntity
  8
CUT_INSIDE
100
AcDbPolyline
 90
21
 70
1
 10
276.0176903469501
 20
197.0
 10
233.32690657581352
 20
197.0
 10
232.30084614583652
 20
196.81907786235772
 10
231.3985437467539
 20
196.29813332935694
 10
230.7288303644602
 20
195.5
 10
230.37248331677688
 20
194.5209445330008
 10
230.37248331677688
 20
193.4790554669992
 10
230.7288303644602
 20
192.5
 10
231.3985437467539
 20
191.70186667064306
 10
232.30084614583652
 20
191.18092213764228
 10
233.32690657581352
 20
191.0
 10
276.0176903469501
 20
191.0
 10
277.0437507769271
 20
191.18092213764228
 10
277.9460531760097
 20
191.70186667064306
 10
278.6157665583034
 20
192.5
 10
278.9721136059867
 20
193.4790554669992
 10
278.9721136059867
 20
194.5209445330008
 10
278.6157665583034
 20
195.5
 10
277.9460531760097
 20
196.29813332935694
 10
277.0437507769271
 20
196.81907786235772
 10
276.0176903469501
 20
197.0
  0
LWPOLYLINE
  5
63
330
17
100
AcDbEntity
  8
CUT_INSIDE
100
AcDbPolyline
 90
21
 70
1
 10
287.9839791584043
 20
225.0
 10
239.1535550784707
 20
225.0
 10
238.1274946484937
 20
224.81907786235772
 10
237.2251922494111
 20
224.29813332935694
 10
236.5554788671174
 20
223.5
 10
236.1991318194341
 20
222.5209445330008
 10
236.1991318194341
 20
221.4790554669992
 10
236.5554788671174
 20
220.5
 10
237.2251922494111
 20
219.70186667064306
 10
238.1274946484937
 20
219.18092213764228
 10
239.1535550784707
 20
219.0
 10
287.9839791584043
 20
219.0
 10
289.0100395883813
 20
219.18092213764228
 10
289.91234198746395
 20
219.70186667064306
 10
290.5820553697576
 20
220.5
 10
290.9384024174409
 20
221.4790554669992
 10
290.9384024174409
 20
222.5209445330008
 10
290.5820553697576
 20
223.5
 10
289.91234198746395
 20
224.29813332935694
 10
289.0100395883813
 20
224.81907786235772
 10
287.9839791584043
 20
225.0
  0
LWPOLYLINE
  5
64
330
17
100
AcDbEntity
  8
CUT_INSIDE
100
AcDbPolyline
 90
21
 70
1
 10
72.2081673818953
 20
267.0
 10
44.99970510795951
 20
267.0
 10
43.9736446779825
 20
266.81907786235774
 10
43.07134227889989
 20
266.2981333293569
 10
42.40162889660619
 20
265.5
 10
42.04528184892288
 20
264.5209445330008
 10
42.04528184892288
 20
263.4790554669992
 10
42.40162889660619
 20
262.5
 10
43.07134227889989
 20
261.7018666706431
 10
43.9736446779825
 20
261.18092213764226
 10
44.99970510795951
 20
261.0
 10
72.2081673818953
 20
261.0
 10
73.2342278118723
 20
261.18092213764226
 10
74.13653021095492
 20
261.7018666706431
 10
74.80624359324861
 20
262.5
 10
75.16259064093192
 20
263.4790554669992
 10
75.16259064093192
 20
264.5209445330008
 10
74.80624359324861
 20
265.5
 10
74.13653021095492
 20
266.2981333293569
 10
73.2342278118723
 20
266.81907786235774
 10
72.2081673818953
 20
267.0
  0
LWPOLYLINE
  5
65
330
17
100
AcDbEntity
  8
CUT_INSIDE
100
AcDbPolyline
 90
21
 70
1
 10
92.95033830578873
 20
239.0
 10
51.58659489671177
 20
239.0
 10
50.560534466734765
 20
238.81907786235772
 10
49.65823206765215
 20
238.29813332935694
 10
48.98851868535846
 20
237.5
 10
48.63217163767515
 20
236.5209445330008
 10
48.63217163767515
 20
235.4790554669992
 10
48.98851868535846
 20
234.5
 10
49.65823206765215
 20
233.70186667064306
 10
50.560534466734765
 20
233.18092213764228
 10
51.58659489671177
 20
233.0
 10
92.95033830578873
 20
233.0
 10
93.97639873576574
 20
233.18092213764228
 10
94.87870113484836
 20
233.70186667064306
 10
95.54841451714205
 20
234.5
 10
95.90476156482535
 20
235.4790554669992
 10
95.90476156482535
 20
236.5209445330008
 10
95.54841451714205
 20
237.5
 10
94.87870113484836
 20
238.29813332935694
 10
93.97639873576574
 20
238.81907786235772
 10
92.95033830578873
 20
239.0
  0
LWPOLYLINE
  5
66
330
17
100
AcDbEntity
  8
CUT_INSIDE
100
AcDbPolyline
 90
21
 70
1
 10
90.71171600677789
 20
253.0
 10
57.62350846653308
 20
253.0
 10
56.597448036556074
 20
252.81907786235774
 10
55.69514563747346
 20
252.29813332935692
 10
55.025432255179766
 20
251.5
 10
54.66908520749646
 20
250.5209445330008
 10
54.66908520749646
 20
249.4790554669992
 10
55.025432255179766
 20
248.5
 10
55.69514563747346
 20
247.70186667064306
 10
56.597448036556074
 20
247.18092213764228
 10
57.62350846653308
 20
247.0
 10
90.71171600677789
 20
247.0
 10
91.7377764367549
 20
247.18092213764228
 10
92.64007883583751
 20
247.70186667064306
 10
93.30979221813121
 20
248.5
 10
93.66613926581451
 20
249.4790554669992
 10
93.66613926581451
 20
250.5209445330008
 10
93.30979221813121
 20
251.5
 10
92.64007883583751
 20
252.29813332935692
 10
91.7377764367549
 20
252.81907786235774
 10
90.71171600677789
 20
253.0
  0
LWPOLYLINE
  5
67
330
17
100
AcDbEntity
  8
CUT_INSIDE
100
AcDbPolyline
 90
21
 70
1
 10
89.32417161928453
 20
281.0
 10
45.11848464702157
 20
281.0
 10
44.09242421704457
 20
280.81907786235774
 10
43.19012181796195
 20
280.2981333293569
 10
42.52040843566825
 20
279.5
 10
42.164061387984944
 20
278.5209445330008
 10
42.164061387984944
 20
277.4790554669992
 10
42.52040843566825
 20
276.5
 10
43.19012181796195
 20
275.7018666706431
 10
44.09242421704456
 20
275.18092213764226
 10
45.11848464702157
 20
275.0
 10
89.32417161928453
 20
275.0
 10
90.35023204926154
 20
275.18092213764226
 10
91.25253444834415
 20
275.7018666706431
 10
91.92224783063784
 20
276.5
 10
92.27859487832116
 20
277.4790554669992
 10
92.27859487832116
 20
278.5209445330008
 10
91.92224783063784
 20
279.5
 10
91.25253444834415
 20
280.2981333293569
 10
90.35023204926154
 20
280.81907786235774
 10
89.32417161928453
 20
281.0
  0
LWPOLYLINE
  5
68
330
17
100
AcDbEntity
  8
CUT_INSIDE
100
AcDbPolyline
 90
21
 70
1
 10
73.442853597243
 20
309.0
 10
41.36279179869523
 20
309.0
 10
40.33673136871822
 20
308.81907786235774
 10
39.434428969635604
 20
308.2981333293569
 10
38.76471558734191
 20
307.5
 10
38.408368539658596
 20
306.5209445330008
 10
38.408368539658596
 20
305.4790554669992
 10
38.76471558734191
 20
304.5
 10
39.434428969635604
 20
303.7018666706431
 10
40.33673136871822
 20
303.18092213764226
 10
41.36279179869523
 20
303.0
 10
73.442853597243
 20
303.0
 10
74.46891402722001
 20
303.18092213764226
 10
75.37121642630262
 20
303.7018666706431
 10
76.04092980859632
 20
304.5
 10
76.39727685627963
 20
305.4790554669992
 10
76.39727685627963
 20
306.5209445330008
 10
76.04092980859632
 20
307.5
 10
75.37121642630262
 20
308.2981333293569
 10
74.46891402722001
 20
308.81907786235774
 10
73.442853597243
 20
309.0
  0
LWPOLYLINE
  5
69
330
17
100
AcDbEntity
  8
CUT_INSIDE
100
AcDbPolyline
 90
21
 70
1
 10
123.2642383512619
 20
295.0
 10
40.39069086397627
 20
295.0
 10
39.36463043399926
 20
294.81907786235774
 10
38.46232803491665
 20
294.2981333293569
 10
37.79261465262295
 20
293.5
 10
37.436267604939644
 20
292.5209445330008
 10
37.436267604939644
 20
291.4790554669992
 10
37.79261465262295
 20
290.5
 10
38.46232803491665
 20
289.7018666706431
 10
39.36463043399926
 20
289.18092213764226
 10
40.39069086397627
 20
289.0
 10
123.2642383512619
 20
289.0
 10
124.2902987812389
 20
289.18092213764226
 10
125.1926011803215
 20
289.7018666706431
 10
125.86231456261521
 20
290.5
 10
126.21866161029851
 20
291.4790554669992
 10
126.21866161029851
 20
292.5209445330008
 10
125.86231456261521
 20
293.5
 10
125.1926011803215
 20
294.2981333293569
 10
124.2902987812389
 20
294.81907786235774
 10
123.2642383512619
 20
295.0
  0
LWPOLYLINE
  5
6A
330
17
100
AcDbEntity
  8
CUT_INSIDE
100
AcDbPolyline
 90
21
 70
1
 10
90.71275823798693
 20
323.0
 10
53.846499209634246
 20
323.0
 10
52.820438779657245
 20
322.81907786235774
 10
51.91813638057463
 20
322.2981333293569
 10
51.24842299828093
 20
321.5
 10
50.89207595059763
 20
320.5209445330008
 10
50.89207595059763
 20
319.4790554669992
 10
51.24842299828093
 20
318.5
 10
51.91813638057463
 20
317.7018666706431
 10
52.820438779657245
 20
317.18092213764226
 10
53.846499209634246
 20
317.0
 10
90.71275823798693
 20
317.0
 10
91.73881866796393
 20
317.18092213764226
 10
92.64112106704656
 20
317.7018666706431
 10
93.31083444934025
 20
318.5
 10
93.66718149702355
 20
319.4790554669992
 10
93.66718149702355
 20
320.5209445330008
 10
93.31083444934025
 20
321.5
 10
92.64112106704656
 20
322.2981333293569
 10
91.73881866796393
 20
322.81907786235774
 10
90.71275823798693
 20
323.0
  0
LWPOLYLINE
  5
6B
330
17
100
AcDbEntity
  8
CUT_INSIDE
100
AcDbPolyline
 90
21
 70
1
 10
116.38651322944187
 20
267.0
 10
96.73649757287572
 20
267.0
 10
95.71043714289871
 20
266.81907786235774
 10
94.8081347438161
 20
266.2981333293569
 10
94.1384213615224
 20
265.5
 10
93.78207431383909
 20
264.5209445330008
 10
93.78207431383909
 20
263.4790554669992
 10
94.1384213615224
 20
262.5
 10
94.8081347438161
 20
261.7018666706431
 10
95.71043714289871
 20
261.18092213764226
 10
96.73649757287572
 20
261.0
 10
116.38651322944187
 20
261.0
 10
117.41257365941888
 20
261.18092213764226
 10
118.3148760585015
 20
261.7018666706431
 10
118.98458944079519
 20
262.5
 10
119.3409364884785
 20
263.4790554669992
 10
119.3409364884785
 20
264.5209445330008
 10
118.98458944079519
 20
265.5
 10
118.3148760585015
 20
266.2981333293569
 10
117.41257365941888
 20
266.81907786235774
 10
116.38651322944187
 20
267.0
  0
LWPOLYLINE
  5
6C
330
17
100
AcDbEntity
  8
CUT_INSIDE
100
AcDbPolyline
 90
21
 70
1
 10
169.64134000055282
 20
239.0
 10
124.28324571385042
 20
239.0
 10
123.25718528387341
 20
238.81907786235772
 10
122.3548828847908
 20
238.29813332935694
 10
121.6851695024971
 20
237.5
 10
121.32882245481379
 20
236.5209445330008
 10
121.32882245481379
 20
235.4790554669992
 10
121.6851695024971
 20
234.5
 10
122.3548828847908
 20
233.70186667064306
 10
123.25718528387341
 20
233.18092213764228
 10
124.28324571385042
 20
233.0
 10
169.64134000055282
 20
233.0
 10
170.66740043052982
 20
233.18092213764228
 10
171.56970282961245
 20
233.70186667064306
 10
172.23941621190613
 20
234.5
 10
172.59576325958943
 20
235.4790554669992
 10
172.59576325958943
 20
236.5209445330008
 10
172.23941621190613
 20
237.5
 10
171.56970282961245
 20
238.29813332935694
 10
170.66740043052982
 20
238.81907786235772
 10
169.64134000055282
 20
239.0
  0
LWPOLYLINE
  5
6D
330
17
100
AcDbEntity
  8
CUT_INSIDE
100
AcDbPolyline
 90
21
 70
1
 10
153.9500298229162
 20
281.0
 10
126.98843233711787
 20
281.0
 10
125.96237190714086
 20
280.81907786235774
 10
125.06006950805826
 20
280.2981333293569
 10
124.39035612576455
 20
279.5
 10
124.03400907808125
 20
278.5209445330008
 10
124.03400907808125
 20
277.4790554669992
 10
124.39035612576455
 20
276.5
 10
125.06006950805826
 20
275.7018666706431
 10
125.96237190714086
 20
275.18092213764226
 10
126.98843233711787
 20
275.0
 10
153.9500298229162
 20
275.0
 10
154.97609025289321
 20
275.18092213764226
 10
155.87839265197582
 20
275.7018666706431
 10
156.54810603426952
 20
276.5
 10
156.90445308195282
 20
277.4790554669992
 10
156.90445308195282
 20
278.5209445330008
 10
156.54810603426952
 20
279.5
 10
155.87839265197582
 20
280.2981333293569
 10
154.97609025289321
 20
280.81907786235774
 10
153.9500298229162
 20
281.0
  0
LWPOLYLINE
  5
6E
330
17
100
AcDbEntity
  8
CUT_INSIDE
100
AcDbPolyline
 90
21
 70
1
 10
140.04634844079575
 20
309.0
 10
107.7961450664678
 20
309.0
 10
106.77008463649081
 20
308.81907786235774
 10
105.86778223740819
 20
308.2981333293569
 10
105.19806885511449
 20
307.5
 10
104.84172180743118
 20
306.5209445330008
 10
104.84172180743118
 20
305.4790554669992
 10
105.19806885511449
 20
304.5
 10
105.86778223740819
 20
303.7018666706431
 10
106.7700846364908
 20
303.18092213764226
 10
107.7961450664678
 20
303.0
 10
140.04634844079575
 20
303.0
 10
141.07240887077276
 20
303.18092213764226
 10
141.97471126985536
 20
303.7018666706431
 10
142.64442465214907
 20
304.5
 10
143.00077169983237
 20
305.4790554669992
 10
143.00077169983237
 20
306.5209445330008
 10
142.64442465214907
 20
307.5
 10
141.97471126985536
 20
308.2981333293569
 10
141.07240887077276
 20
308.81907786235774
 10
140.04634844079575
 20
309.0
  0
LWPOLYLINE
  5
6F
330
17
100
AcDbEntity
  8
CUT_INSIDE
100
AcDbPolyline
 90
21
 70
1
 10
162.82347122637913
 20
323.0
 10
118.81568650414528
 20
323.0
 10
117.78962607416828
 20
322.81907786235774
 10
116.88732367508567
 20
322.2981333293569
 10
116.21761029279196
 20
321.5
 10
115.86126324510866
 20
320.5209445330008
 10
115.86126324510866
 20
319.4790554669992
 10
116.21761029279196
 20
318.5
 10
116.88732367508567
 20
317.7018666706431
 10
117.78962607416827
 20
317.18092213764226
 10
118.81568650414528
 20
317.0
 10
162.82347122637913
 20
317.0
 10
163.84953165635613
 20
317.18092213764226
 10
164.75183405543874
 20
317.7018666706431
 10
165.42154743773244
 20
318.5
 10
165.77789448541574
 20
319.4790554669992
 10
165.77789448541574
 20
320.5209445330008
 10
165.42154743773244
 20
321.5
 10
164.75183405543874
 20
322.2981333293569
 10
163.84953165635613
 20
322.81907786235774
 10
162.82347122637913
 20
323.0
  0
LWPOLYLINE
  5
70
330
17
100
AcDbEntity
  8
CUT_INSIDE
100
AcDbPolyline
 90
21
 70
1
 10
78.12899606942423
 20
337.0
 10
54.05166570737587
 20
337.0
 10
53.02560527739886
 20
336.81907786235774
 10
52.12330287831625
 20
336.2981333293569
 10
51.45358949602255
 20
335.5
 10
51.097242448339244
 20
334.5209445330008
 10
51.097242448339244
 20
333.4790554669992
 10
51.45358949602255
 20
332.5
 10
52.12330287831625
 20
331.7018666706431
 10
53.02560527739886
 20
331.18092213764226
 10
54.05166570737587
 20
331.0
 10
78.12899606942423
 20
331.0
 10
79.15505649940123
 20
331.18092213764226
 10
80.05735889848384
 20
331.7018666706431
 10
80.72707228077755
 20
332.5
 10
81.08341932846085
 20
333.4790554669992
 10
81.08341932846085
 20
334.5209445330008
 10
80.72707228077755
 20
335.5
 10
80.05735889848384
 20
336.2981333293569
 10
79.15505649940123
 20
336.81907786235774
 10
78.12899606942423
 20
337.0
  0
LWPOLYLINE
  5
71
330
17
100
AcDbEntity
  8
CUT_INSIDE
100
AcDbPolyline
 90
21
 70
1
 10
86.93767940848552
 20
351.0
 10
51.1720273431027
 20
351.0
 10
50.14596691312569
 20
350.81907786235774
 10
49.243664514043076
 20
350.2981333293569
 10
48.57395113174938
 20
349.5
 10
48.21760408406607
 20
348.5209445330008
 10
48.21760408406607
 20
347.4790554669992
 10
48.57395113174938
 20
346.5
 10
49.243664514043076
 20
345.7018666706431
 10
50.14596691312569
 20
345.18092213764226
 10
51.1720273431027
 20
345.0
 10
86.93767940848552
 20
345.0
 10
87.96373983846253
 20
345.18092213764226
 10
88.86604223754514
 20
345.7018666706431
 10
89.53575561983884
 20
346.5
 10
89.89210266752215
 20
347.4790554669992
 10
89.89210266752215
 20
348.5209445330008
 10
89.53575561983884
 20
349.5
 10
88.86604223754514
 20
350.2981333293569
 10
87.96373983846253
 20
350.81907786235774
 10
86.93767940848552
 20
351.0
  0
LWPOLYLINE
  5
72
330
17
100
AcDbEntity
  8
CUT_INSIDE
100
AcDbPolyline
 90
21
 70
1
 10
86.84053910863756
 20
365.0
 10
48.042657313264726
 20
365.0
 10
47.016596883287725
 20
364.81907786235774
 10
46.11429448420511
 20
364.2981333293569
 10
45.44458110191141
 20
363.5
 10
45.08823405422811
 20
362.5209445330008
 10
45.08823405422811
 20
361.4790554669992
 10
45.44458110191141
 20
360.5
 10
46.11429448420511
 20
359.7018666706431
 10
47.016596883287725
 20
359.18092213764226
 10
48.042657313264726
 20
359.0
 10
86.84053910863756
 20
359.0
 10
87.86659953861457
 20
359.18092213764226
 10
88.76890193769717
 20
359.7018666706431
 10
89.43861531999087
 20
360.5
 10
89.79496236767417
 20
361.4790554669992
 10
89.79496236767417
 20
362.5209445330008
 10
89.43861531999087
 20
363.5
 10
88.76890193769717
 20
364.2981333293569
 10
87.86659953861457
 20
364.81907786235774
 10
86.84053910863756
 20
365.0
  0
LWPOLYLINE
  5
73
330
17
100
AcDbEntity
  8
CUT_INSIDE
100
AcDbPolyline
 90
21
 70
1
 10
92.66518196326541
 20
379.0
 10
51.513907702016866
 20
379.0
 10
50.487847272039865
 20
378.81907786235774
 10
49.58554487295725
 20
378.2981333293569
 10
48.91583149066355
 20
377.5
 10
48.55948444298025
 20
376.5209445330008
 10
48.55948444298025
 20
375.4790554669992
 10
48.91583149066355
 20
374.5
 10
49.58554487295725
 20
373.7018666706431
 10
50.487847272039865
 20
373.18092213764226
 10
51.513907702016866
 20
373.0
 10
92.66518196326541
 20
373.0
 10
93.69124239324242
 20
373.18092213764226
 10
94.59354479232502
 20
373.7018666706431
 10
95.26325817461873
 20
374.5
 10
95.61960522230203
 20
375.4790554669992
 10
95.61960522230203
 20
376.5209445330008
 10
95.26325817461873
 20
377.5
 10
94.59354479232502
 20
378.2981333293569
 10
93.69124239324242
 20
378.81907786235774
 10
92.66518196326541
 20
379.0
  0
LWPOLYLINE
  5
74
330
17
100
AcDbEntity
  8
CUT_INSIDE
100
AcDbPolyline
 90
21
 70
1
 10
68.9201876069383
 20
407.0
 10
49.35424544358167
 20
407.0
 10
48.32818501360466
 20
406.81907786235774
 10
47.42588261452205
 20
406.2981333293569
 10
46.75616923222835
 20
405.5
 10
46.399822184545044
 20
404.5209445330008
 10
46.399822184545044
 20
403.4790554669992
 10
46.75616923222835
 20
402.5
 10
47.42588261452205
 20
401.7018666706431
 10
48.32818501360466
 20
401.18092213764226
 10
49.35424544358167
 20
401.0
 10
68.9201876069383
 20
401.0
 10
69.94624803691529
 20
401.18092213764226
 10
70.84855043599791
 20
401.7018666706431
 10
71.51826381829162
 20
402.5
 10
71.87461086597492
 20
403.4790554669992
 10
71.87461086597492
 20
404.5209445330008
 10
71.51826381829162
 20
405.5
 10
70.84855043599791
 20
406.2981333293569
 10
69.94624803691529
 20
406.81907786235774
 10
68.9201876069383
 20
407.0
  0
LWPOLYLINE
  5
75
330
17
100
AcDbEntity
  8
CUT_INSIDE
100
AcDbPolyline
 90
21
 70
1
 10
100.82855550370657
 20
393.0
 10
51.676857768989365
 20
393.0
 10
50.65079733901236
 20
392.81907786235774
 10
49.74849493992974
 20
392.2981333293569
 10
49.07878155763605
 20
391.5
 10
48.722434509952734
 20
390.5209445330008
 10
48.722434509952734
 20
389.4790554669992
 10
49.07878155763605
 20
388.5
 10
49.74849493992974
 20
387.7018666706431
 10
50.65079733901236
 20
387.18092213764226
 10
51.676857768989365
 20
387.0
 10
100.82855550370657
 20
387.0
 10
101.85461593368358
 20
387.18092213764226
 10
102.75691833276619
 20
387.7018666706431
 10
103.42663171505988
 20
388.5
 10
103.7829787627432
 20
389.4790554669992
 10
103.7829787627432
 20
390.5209445330008
 10
103.42663171505988
 20
391.5
 10
102.75691833276619
 20
392.2981333293569
 10
101.85461593368358
 20
392.81907786235774
 10
100.82855550370657
 20
393.0
  0
LWPOLYLINE
  5
76
330
17
100
AcDbEntity
  8
CUT_INSIDE
100
AcDbPolyline
 90
21
 70
1
 10
98.54038397476003
 20
421.0
 10
48.11689990294176
 20
421.0
 10
47.09083947296476
 20
420.81907786235774
 10
46.188537073882145
 20
420.2981333293569
 10
45.518823691588445
 20
419.5
 10
45.16247664390514
 20
418.5209445330008
 10
45.16247664390514
 20
417.4790554669992
 10
45.518823691588445
 20
416.5
 10
46.188537073882145
 20
415.7018666706431
 10
47.09083947296475
 20
415.18092213764226
 10
48.11689990294176
 20
415.0
 10
98.54038397476003
 20
415.0
 10
99.56644440473703
 20
415.18092213764226
 10
100.46874680381964
 20
415.7018666706431
 10
101.13846018611335
 20
416.5
 10
101.49480723379665
 20
417.4790554669992
 10
101.49480723379665
 20
418.5209445330008
 10
101.13846018611335
 20
419.5
 10
100.46874680381964
 20
420.2981333293569
 10
99.56644440473704
 20
420.81907786235774
 10
98.54038397476003
 20
421.0
  0
LWPOLYLINE
  5
77
330
17
100
AcDbEntity
  8
CUT_INSIDE
100
AcDbPolyline
 90
21
 70
1
 10
144.55719585084688
 20
337.0
 10
116.80121247793163
 20
337.0
 10
115.77515204795462
 20
336.81907786235774
 10
114.872849648872
 20
336.2981333293569
 10
114.20313626657831
 20
335.5
 10
113.846789218895
 20
334.5209445330008
 10
113.846789218895
 20
333.4790554669992
 10
114.20313626657831
 20
332.5
 10
114.872849648872
 20
331.7018666706431
 10
115.77515204795462
 20
331.18092213764226
 10
116.80121247793163
 20
331.0
 10
144.55719585084688
 20
331.0
 10
145.5832562808239
 20
331.18092213764226
 10
146.48555867990652
 20
331.7018666706431
 10
147.1552720622002
 20
332.5
 10
147.51161910988353
 20
333.4790554669992
 10
147.51161910988353
 20
334.5209445330008
 10
147.1552720622002
 20
335.5
 10
146.48555867990652
 20
336.2981333293569
 10
145.5832562808239
 20
336.81907786235774
 10
144.55719585084688
 20
337.0
  0
LWPOLYLINE
  5
78
330
17
100
AcDbEntity
  8
CUT_INSIDE
100
AcDbPolyline
 90
21
 70
1
 10
170.99178525078779
 20
351.0
 10
126.82020314179854
 20
351.0
 10
125.79414271182154
 20
350.81907786235774
 10
124.89184031273894
 20
350.2981333293569
 10
124.22212693044523
 20
349.5
 10
123.86577988276193
 20
348.5209445330008
 10
123.86577988276193
 20
347.4790554669992
 10
124.22212693044523
 20
346.5
 10
124.89184031273894
 20
345.7018666706431
 10
125.79414271182154
 20
345.18092213764226
 10
126.82020314179854
 20
345.0
 10
170.99178525078779
 20
345.0
 10
172.0178456807648
 20
345.18092213764226
 10
172.9201480798474
 20
345.7018666706431
 10
173.5898614621411
 20
346.5
 10
173.9462085098244
 20
347.4790554669992
 10
173.9462085098244
 20
348.5209445330008
 10
173.5898614621411
 20
349.5
 10
172.9201480798474
 20
350.2981333293569
 10
172.0178456807648
 20
350.81907786235774
 10
170.99178525078779
 20
351.0
  0
LWPOLYLINE
  5
79
330
17
100
AcDbEntity
  8
CUT_INSIDE
100
AcDbPolyline
 90
21
 70
1
 10
157.2337429477687
 20
365.0
 10
116.29600101533447
 20
365.0
 10
115.26994058535746
 20
364.81907786235774
 10
114.36763818627485
 20
364.2981333293569
 10
113.69792480398115
 20
363.5
 10
113.34157775629784
 20
362.5209445330008
 10
113.34157775629784
 20
361.4790554669992
 10
113.69792480398115
 20
360.5
 10
114.36763818627485
 20
359.7018666706431
 10
115.26994058535746
 20
359.18092213764226
 10
116.29600101533447
 20
359.0
 10
157.2337429477687
 20
359.0
 10
158.2598033777457
 20
359.18092213764226
 10
159.1621057768283
 20
359.7018666706431
 10
159.831819159122
 20
360.5
 10
160.1881662068053
 20
361.4790554669992
 10
160.1881662068053
 20
362.5209445330008
 10
159.831819159122
 20
363.5
 10
159.1621057768283
 20
364.2981333293569
 10
158.2598033777457
 20
364.81907786235774
 10
157.2337429477687
 20
365.0
  0
LWPOLYLINE
  5
7A
330
17
100
AcDbEntity
  8
CUT_INSIDE
100
AcDbPolyline
 90
21
 70
1
 10
164.32661267677852
 20
379.0
 10
119.90559040964254
 20
379.0
 10
118.87952997966553
 20
378.81907786235774
 10
117.97722758058292
 20
378.2981333293569
 10
117.30751419828923
 20
377.5
 10
116.95116715060591
 20
376.5209445330008
 10
116.95116715060591
 20
375.4790554669992
 10
117.30751419828923
 20
374.5
 10
117.97722758058292
 20
373.7018666706431
 10
118.87952997966553
 20
373.18092213764226
 10
119.90559040964254
 20
373.0
 10
164.32661267677852
 20
373.0
 10
165.35267310675553
 20
373.18092213764226
 10
166.25497550583816
 20
373.7018666706431
 10
166.92468888813184
 20
374.5
 10
167.28103593581517
 20
375.4790554669992
 10
167.28103593581517
 20
376.5209445330008
 10
166.92468888813184
 20
377.5
 10
166.25497550583816
 20
378.2981333293569
 10
165.35267310675553
 20
378.81907786235774
 10
164.32661267677852
 20
379.0
  0
LWPOLYLINE
  5
7B
330
17
100
AcDbEntity
  8
CUT_INSIDE
100
AcDbPolyline
 90
21
 70
1
 10
122.39104084729254
 20
407.0
 10
97.9197437809105
 20
407.0
 10
96.89368335093349
 20
406.81907786235774
 10
95.99138095185087
 20
406.2981333293569
 10
95.32166756955718
 20
405.5
 10
94.96532052187388
 20
404.5209445330008
 10
94.96532052187388
 20
403.4790554669992
 10
95.32166756955718
 20
402.5
 10
95.99138095185087
 20
401.7018666706431
 10
96.89368335093349
 20
401.18092213764226
 10
97.9197437809105
 20
401.0
 10
122.39104084729254
 20
401.0
 10
123.41710127726955
 20
401.18092213764226
 10
124.31940367635215
 20
401.7018666706431
 10
124.98911705864586
 20
402.5
 10
125.34546410632916
 20
403.4790554669992
 10
125.34546410632916
 20
404.5209445330008
 10
124.98911705864586
 20
405.5
 10
124.31940367635215
 20
406.2981333293569
 10
123.41710127726955
 20
406.81907786235774
 10
122.39104084729254
 20
407.0
  0
LWPOLYLINE
  5
7C
330
17
100
AcDbEntity
  8
CUT_INSIDE
100
AcDbPolyline
 90
21
 70
1
 10
161.61050669559285
 20
393.0
 10
134.45138848068052
 20
393.0
 10
133.4253280507035
 20
392.81907786235774
 10
132.5230256516209
 20
392.2981333293569
 10
131.8533122693272
 20
391.5
 10
131.4969652216439
 20
390.5209445330008
 10
131.4969652216439
 20
389.4790554669992
 10
131.8533122693272
 20
388.5
 10
132.5230256516209
 20
387.7018666706431
 10
133.4253280507035
 20
387.18092213764226
 10
134.45138848068052
 20
387.0
 10
161.61050669559285
 20
387.0
 10
162.63656712556985
 20
387.18092213764226
 10
163.53886952465245
 20
387.7018666706431
 10
164.20858290694616
 20
388.5
 10
164.56492995462946
 20
389.4790554669992
 10
164.56492995462946
 20
390.5209445330008
 10
164.20858290694616
 20
391.5
 10
163.53886952465245
 20
392.2981333293569
 10
162.63656712556985
 20
392.81907786235774
 10
161.61050669559285
 20
393.0
  0
LWPOLYLINE
  5
7D
330
17
100
AcDbEntity
  8
CUT_INSIDE
100
AcDbPolyline
 90
21
 70
1
 10
164.3142042686896
 20
421.0
 10
122.34975859762102
 20
421.0
 10
121.32369816764401
 20
420.81907786235774
 10
120.4213957685614
 20
420.2981333293569
 10
119.7516823862677
 20
419.5
 10
119.39533533858439
 20
418.5209445330008
 10
119.39533533858439
 20
417.4790554669992
 10
119.7516823862677
 20
416.5
 10
120.4213957685614
 20
415.7018666706431
 10
121.32369816764401
 20
415.18092213764226
 10
122.34975859762102
 20
415.0
 10
164.3142042686896
 20
415.0
 10
165.3402646986666
 20
415.18092213764226
 10
166.24256709774923
 20
415.7018666706431
 10
166.9122804800429
 20
416.5
 10
167.2686275277262
 20
417.4790554669992
 10
167.2686275277262
 20
418.5209445330008
 10
166.9122804800429
 20
419.5
 10
166.24256709774923
 20
420.2981333293569
 10
165.3402646986666
 20
420.81907786235774
 10
164.3142042686896
 20
421.0
  0
LWPOLYLINE
  5
7E
330
17
100
AcDbEntity
  8
CUT_INSIDE
100
AcDbPolyline
 90
21
 70
1
 10
192.08951144210315
 20
253.0
 10
123.29539827565455
 20
253.0
 10
122.26933784567754
 20
252.81907786235774
 10
121.36703544659494
 20
252.29813332935692
 10
120.69732206430123
 20
251.5
 10
120.34097501661793
 20
250.5209445330008
 10
120.34097501661793
 20
249.4790554669992
 10
120.69732206430123
 20
248.5
 10
121.36703544659494
 20
247.70186667064306
 10
122.26933784567754
 20
247.18092213764228
 10
123.29539827565455
 20
247.0
 10
192.08951144210315
 20
247.0
 10
193.11557187208015
 20
247.18092213764228
 10
194.01787427116275
 20
247.70186667064306
 10
194.68758765345646
 20
248.5
 10
195.04393470113976
 20
249.4790554669992
 10
195.04393470113976
 20
250.5209445330008
 10
194.68758765345646
 20
251.5
 10
194.01787427116275
 20
252.29813332935692
 10
193.11557187208015
 20
252.81907786235774
 10
192.08951144210315
 20
253.0
  0
LWPOLYLINE
  5
7F
330
17
100
AcDbEntity
  8
CUT_INSIDE
100
AcDbPolyline
 90
21
 70
1
 10
215.9539305163686
 20
267.0
 10
149.92796323799575
 20
267.0
 10
148.90190280801875
 20
266.81907786235774
 10
147.99960040893615
 20
266.2981333293569
 10
147.32988702664244
 20
265.5
 10
146.97353997895914
 20
264.5209445330008
 10
146.97353997895914
 20
263.4790554669992
 10
147.32988702664244
 20
262.5
 10
147.99960040893615
 20
261.7018666706431
 10
148.90190280801875
 20
261.18092213764226
 10
149.92796323799575
 20
261.0
 10
215.9539305163686
 20
261.0
 10
216.9799909463456
 20
261.18092213764226
 10
217.8822933454282
 20
261.7018666706431
 10
218.5520067277219
 20
262.5
 10
218.9083537754052
 20
263.4790554669992
 10
218.9083537754052
 20
264.5209445330008
 10
218.5520067277219
 20
265.5
 10
217.8822933454282
 20
266.2981333293569
 10
216.9799909463456
 20
266.81907786235774
 10
215.9539305163686
 20
267.0
  0
LWPOLYLINE
  5
80
330
17
100
AcDbEntity
  8
CUT_INSIDE
100
AcDbPolyline
 90
21
 70
1
 10
228.34699703702736
 20
239.0
 10
199.08064612676233
 20
239.0
 10
198.05458569678532
 20
238.81907786235772
 10
197.15228329770272
 20
238.29813332935694
 10
196.48256991540902
 20
237.5
 10
196.12622286772572
 20
236.5209445330008
 10
196.12622286772572
 20
235.4790554669992
 10
196.48256991540902
 20
234.5
 10
197.15228329770272
 20
233.70186667064306
 10
198.05458569678532
 20
233.18092213764228
 10
199.08064612676233
 20
233.0
 10
228.34699703702736
 20
233.0
 10
229.37305746700437
 20
233.18092213764228
 10
230.27535986608697
 20
233.70186667064306
 10
230.94507324838068
 20
234.5
 10
231.30142029606398
 20
235.4790554669992
 10
231.30142029606398
 20
236.5209445330008
 10
230.94507324838068
 20
237.5
 10
230.27535986608697
 20
238.29813332935694
 10
229.37305746700437
 20
238.81907786235772
 10
228.34699703702736
 20
239.0
  0
LWPOLYLINE
  5
81
330
17
100
AcDbEntity
  8
CUT_INSIDE
100
AcDbPolyline
 90
21
 70
1
 10
181.15346619027986
 20
295.0
 10
161.13718970760863
 20
295.0
 10
160.11112927763162
 20
294.81907786235774
 10
159.208826878549
 20
294.2981333293569
 10
158.5391134962553
 20
293.5
 10
158.182766448572
 20
292.5209445330008
 10
158.182766448572
 20
291.4790554669992
 10
158.5391134962553
 20
290.5
 10
159.20882687854902
 20
289.7018666706431
 10
160.11112927763162
 20
289.18092213764226
 10
161.13718970760863
 20
289.0
 10
181.15346619027986
 20
289.0
 10
182.17952662025687
 20
289.18092213764226
 10
183.0818290193395
 20
289.7018666706431
 10
183.75154240163317
 20
290.5
 10
184.10788944931647
 20
291.4790554669992
 10
184.10788944931647
 20
292.5209445330008
 10
183.75154240163317
 20
293.5
 10
183.08182901933947
 20
294.2981333293569
 10
182.17952662025687
 20
294.81907786235774
 10
181.15346619027986
 20
295.0
  0
LWPOLYLINE
  5
82
330
17
100
AcDbEntity
  8
CUT_INSIDE
100
AcDbPolyline
 90
21
 70
1
 10
205.32559649285216
 20
309.0
 10
168.41323947109007
 20
309.0
 10
167.38717904111306
 20
308.81907786235774
 10
166.48487664203043
 20
308.2981333293569
 10
165.81516325973675
 20
307.5
 10
165.45881621205342
 20
306.5209445330008
 10
165.45881621205342
 20
305.4790554669992
 10
165.81516325973675
 20
304.5
 10
166.48487664203043
 20
303.7018666706431
 10
167.38717904111306
 20
303.18092213764226
 10
168.41323947109007
 20
303.0
 10
205.32559649285216
 20
303.0
 10
206.35165692282916
 20
303.18092213764226
 10
207.2539593219118
 20
303.7018666706431
 10
207.92367270420547
 20
304.5
 10
208.2800197518888
 20
305.4790554669992
 10
208.2800197518888
 20
306.5209445330008
 10
207.92367270420547
 20
307.5
 10
207.2539593219118
 20
308.2981333293569
 10
206.35165692282916
 20
308.81907786235774
 10
205.32559649285216
 20
309.0
  0
LWPOLYLINE
  5
83
330
17
100
AcDbEntity
  8
CUT_INSIDE
100
AcDbPolyline
 90
21
 70
1
 10
226.92814785571372
 20
323.0
 10
185.0218131228265
 20
323.0
 10
183.9957526928495
 20
322.81907786235774
 10
183.0934502937669
 20
322.2981333293569
 10
182.42373691147318
 20
321.5
 10
182.06738986378988
 20
320.5209445330008
 10
182.06738986378988
 20
319.4790554669992
 10
182.42373691147318
 20
318.5
 10
183.0934502937669
 20
317.7018666706431
 10
183.9957526928495
 20
317.18092213764226
 10
185.0218131228265
 20
317.0
 10
226.92814785571372
 20
317.0
 10
227.95420828569073
 20
317.18092213764226
 10
228.85651068477333
 20
317.7018666706431
 10
229.52622406706703
 20
318.5
 10
229.88257111475033
 20
319.4790554669992
 10
229.88257111475033
 20
320.5209445330008
 10
229.52622406706703
 20
321.5
 10
228.85651068477333
 20
322.2981333293569
 10
227.95420828569073
 20
322.81907786235774
 10
226.92814785571372
 20
323.0
  0
LWPOLYLINE
  5
84
330
17
100
AcDbEntity
  8
CUT_INSIDE
100
AcDbPolyline
 90
21
 70
1
 10
266.1550614666389
 20
253.0
 10
218.02008954054025
 20
253.0
 10
216.99402911056325
 20
252.81907786235774
 10
216.09172671148065
 20
252.29813332935692
 10
215.42201332918694
 20
251.5
 10
215.06566628150364
 20
250.5209445330008
 10
215.06566628150364
 20
249.4790554669992
 10
215.42201332918694
 20
248.5
 10
216.09172671148065
 20
247.70186667064306
 10
216.99402911056325
 20
247.18092213764228
 10
218.02008954054025
 20
247.0
 10
266.1550614666389
 20
247.0
 10
267.18112189661593
 20
247.18092213764228
 10
268.08342429569853
 20
247.70186667064306
 10
268.75313767799224
 20
248.5
 10
269.10948472567554
 20
249.4790554669992
 10
269.10948472567554
 20
250.5209445330008
 10
268.75313767799224
 20
251.5
 10
268.08342429569853
 20
252.29813332935692
 10
267.18112189661593
 20
252.81907786235774
 10
266.1550614666389
 20
253.0
  0
LWPOLYLINE
  5
85
330
17
100
AcDbEntity
  8
CUT_INSIDE
100
AcDbPolyline
 90
21
 70
1
 10
305.93511200026876
 20
281.0
 10
192.09643710431828
 20
281.0
 10
191.07037667434128
 20
280.81907786235774
 10
190.16807427525868
 20
280.2981333293569
 10
189.49836089296497
 20
279.5
 10
189.14201384528167
 20
278.5209445330008
 10
189.14201384528167
 20
277.4790554669992
 10
189.49836089296497
 20
276.5
 10
190.16807427525868
 20
275.7018666706431
 10
191.07037667434128
 20
275.18092213764226
 10
192.09643710431828
 20
275.0
 10
305.93511200026876
 20
275.0
 10
306.96117243024577
 20
275.18092213764226
 10
307.86347482932837
 20
275.7018666706431
 10
308.5331882116221
 20
276.5
 10
308.8895352593054
 20
277.4790554669992
 10
308.8895352593054
 20
278.5209445330008
 10
308.5331882116221
 20
279.5
 10
307.86347482932837
 20
280.2981333293569
 10
306.96117243024577
 20
280.81907786235774
 10
305.93511200026876
 20
281.0
  0
LWPOLYLINE
  5
86
330
17
100
AcDbEntity
  8
CUT_INSIDE
100
AcDbPolyline
 90
21
 70
1
 10
305.9417025589738
 20
267.0
 10
237.96721795053452
 20
267.0
 10
236.9411575205575
 20
266.81907786235774
 10
236.0388551214749
 20
266.2981333293569
 10
235.3691417391812
 20
265.5
 10
235.0127946914979
 20
264.5209445330008
 10
235.0127946914979
 20
263.4790554669992
 10
235.3691417391812
 20
262.5
 10
236.0388551214749
 20
261.7018666706431
 10
236.9411575205575
 20
261.18092213764226
 10
237.96721795053452
 20
261.0
 10
305.9417025589738
 20
261.0
 10
306.9677629889508
 20
261.18092213764226
 10
307.8700653880334
 20
261.7018666706431
 10
308.53977877032713
 20
262.5
 10
308.89612581801043
 20
263.4790554669992
 10
308.89612581801043
 20
264.5209445330008
 10
308.53977877032713
 20
265.5
 10
307.8700653880334
 20
266.2981333293569
 10
306.9677629889508
 20
266.81907786235774
 10
305.9417025589738
 20
267.0
  0
LWPOLYLINE
  5
87
330
17
100
AcDbEntity
  8
CUT_INSIDE
100
AcDbPolyline
 90
21
 70
1
 10
242.78674181228035
 20
295.0
 10
209.28980835241123
 20
295.0
 10
208.26374792243422
 20
294.81907786235774
 10
207.3614455233516
 20
294.2981333293569
 10
206.6917321410579
 20
293.5
 10
206.3353850933746
 20
292.5209445330008
 10
206.3353850933746
 20
291.4790554669992
 10
206.6917321410579
 20
290.5
 10
207.3614455233516
 20
289.7018666706431
 10
208.26374792243422
 20
289.18092213764226
 10
209.28980835241123
 20
289.0
 10
242.78674181228035
 20
289.0
 10
243.81280224225736
 20
289.18092213764226
 10
244.71510464134
 20
289.7018666706431
 10
245.38481802363367
 20
290.5
 10
245.74116507131697
 20
291.4790554669992
 10
245.74116507131697
 20
292.5209445330008
 10
245.38481802363367
 20
293.5
 10
244.71510464134
 20
294.2981333293569
 10
243.81280224225736
 20
294.81907786235774
 10
242.78674181228035
 20
295.0
  0
LWPOLYLINE
  5
88
330
17
100
AcDbEntity
  8
CUT_INSIDE
100
AcDbPolyline
 90
21
 70
1
 10
267.0238484658373
 20
309.0
 10
221.64350060173524
 20
309.0
 10
220.61744017175826
 20
308.81907786235774
 10
219.71513777267563
 20
308.2981333293569
 10
219.04542439038192
 20
307.5
 10
218.68907734269862
 20
306.5209445330008
 10
218.68907734269862
 20
305.4790554669992
 10
219.04542439038192
 20
304.5
 10
219.71513777267563
 20
303.7018666706431
 10
220.61744017175823
 20
303.18092213764226
 10
221.64350060173524
 20
303.0
 10
267.0238484658373
 20
303.0
 10
268.0499088958143
 20
303.18092213764226
 10
268.9522112948969
 20
303.7018666706431
 10
269.62192467719063
 20
304.5
 10
269.97827172487393
 20
305.4790554669992
 10
269.97827172487393
 20
306.5209445330008
 10
269.62192467719063
 20
307.5
 10
268.9522112948969
 20
308.2981333293569
 10
268.0499088958143
 20
308.81907786235774
 10
267.0238484658373
 20
309.0
  0
LWPOLYLINE
  5
89
330
17
100
AcDbEntity
  8
CUT_INSIDE
100
AcDbPolyline
 90
21
 70
1
 10
210.94263814369344
 20
337.0
 10
176.3914653874848
 20
337.0
 10
175.3654049575078
 20
336.81907786235774
 10
174.4631025584252
 20
336.2981333293569
 10
173.79338917613148
 20
335.5
 10
173.43704212844818
 20
334.5209445330008
 10
173.43704212844818
 20
333.4790554669992
 10
173.79338917613148
 20
332.5
 10
174.4631025584252
 20
331.7018666706431
 10
175.3654049575078
 20
331.18092213764226
 10
176.3914653874848
 20
331.0
 10
210.94263814369344
 20
331.0
 10
211.96869857367045
 20
331.18092213764226
 10
212.87100097275305
 20
331.7018666706431
 10
213.54071435504676
 20
332.5
 10
213.89706140273006
 20
333.4790554669992
 10
213.89706140273006
 20
334.5209445330008
 10
213.54071435504676
 20
335.5
 10
212.87100097275305
 20
336.2981333293569
 10
211.96869857367045
 20
336.81907786235774
 10
210.94263814369344
 20
337.0
  0
LWPOLYLINE
  5
8A
330
17
100
AcDbEntity
  8
CUT_INSIDE
100
AcDbPolyline
 90
21
 70
1
 10
231.24232701552356
 20
351.0
 10
188.82048899092243
 20
351.0
 10
187.79442856094542
 20
350.81907786235774
 10
186.89212616186282
 20
350.2981333293569
 10
186.2224127795691
 20
349.5
 10
185.8660657318858
 20
348.5209445330008
 10
185.8660657318858
 20
347.4790554669992
 10
186.2224127795691
 20
346.5
 10
186.89212616186282
 20
345.7018666706431
 10
187.79442856094542
 20
345.18092213764226
 10
188.82048899092243
 20
345.0
 10
231.24232701552356
 20
345.0
 10
232.26838744550057
 20
345.18092213764226
 10
233.17068984458317
 20
345.7018666706431
 10
233.84040322687687
 20
346.5
 10
234.19675027456017
 20
347.4790554669992
 10
234.19675027456017
 20
348.5209445330008
 10
233.84040322687687
 20
349.5
 10
233.17068984458317
 20
350.2981333293569
 10
232.26838744550057
 20
350.81907786235774
 10
231.24232701552356
 20
351.0
  0
LWPOLYLINE
  5
8B
330
17
100
AcDbEntity
  8
CUT_INSIDE
100
AcDbPolyline
 90
21
 70
1
 10
220.3509508031561
 20
365.0
 10
180.33871489785767
 20
365.0
 10
179.31265446788066
 20
364.81907786235774
 10
178.41035206879803
 20
364.2981333293569
 10
177.74063868650435
 20
363.5
 10
177.38429163882105
 20
362.5209445330008
 10
177.38429163882105
 20
361.4790554669992
 10
177.74063868650435
 20
360.5
 10
178.41035206879803
 20
359.7018666706431
 10
179.31265446788066
 20
359.18092213764226
 10
180.33871489785767
 20
359.0
 10
220.3509508031561
 20
359.0
 10
221.37701123313312
 20
359.18092213764226
 10
222.27931363221575
 20
359.7018666706431
 10
222.94902701450943
 20
360.5
 10
223.30537406219273
 20
361.4790554669992
 10
223.30537406219273
 20
362.5209445330008
 10
222.94902701450943
 20
363.5
 10
222.27931363221575
 20
364.2981333293569
 10
221.37701123313312
 20
364.81907786235774
 10
220.3509508031561
 20
365.0
  0
LWPOLYLINE
  5
8C
330
17
100
AcDbEntity
  8
CUT_INSIDE
100
AcDbPolyline
 90
21
 70
1
 10
192.58423118364234
 20
407.0
 10
154.6217624689592
 20
407.0
 10
153.59570203898218
 20
406.81907786235774
 10
152.69339963989955
 20
406.2981333293569
 10
152.02368625760587
 20
405.5
 10
151.66733920992255
 20
404.5209445330008
 10
151.66733920992255
 20
403.4790554669992
 10
152.02368625760587
 20
402.5
 10
152.69339963989955
 20
401.7018666706431
 10
153.59570203898218
 20
401.18092213764226
 10
154.6217624689592
 20
401.0
 10
192.58423118364234
 20
401.0
 10
193.61029161361935
 20
401.18092213764226
 10
194.51259401270198
 20
401.7018666706431
 10
195.18230739499566
 20
402.5
 10
195.538654442679
 20
403.4790554669992
 10
195.538654442679
 20
404.5209445330008
 10
195.18230739499566
 20
405.5
 10
194.51259401270198
 20
406.2981333293569
 10
193.61029161361935
 20
406.81907786235774
 10
192.58423118364234
 20
407.0
  0
LWPOLYLINE
  5
8D
330
17
100
AcDbEntity
  8
CUT_INSIDE
100
AcDbPolyline
 90
21
 70
1
 10
271.98987285232874
 20
379.0
 10
194.8135716644448
 20
379.0
 10
193.7875112344678
 20
378.81907786235774
 10
192.88520883538519
 20
378.2981333293569
 10
192.21549545309148
 20
377.5
 10
191.85914840540818
 20
376.5209445330008
 10
191.85914840540818
 20
375.4790554669992
 10
192.21549545309148
 20
374.5
 10
192.88520883538519
 20
373.7018666706431
 10
193.7875112344678
 20
373.18092213764226
 10
194.8135716644448
 20
373.0
 10
271.98987285232874
 20
373.0
 10
273.01593328230575
 20
373.18092213764226
 10
273.91823568138835
 20
373.7018666706431
 10
274.58794906368206
 20
374.5
 10
274.94429611136536
 20
375.4790554669992
 10
274.94429611136536
 20
376.5209445330008
 10
274.58794906368206
 20
377.5
 10
273.91823568138835
 20
378.2981333293569
 10
273.01593328230575
 20
378.81907786235774
 10
271.98987285232874
 20
379.0
  0
LWPOLYLINE
  5
8E
330
17
100
AcDbEntity
  8
CUT_INSIDE
100
AcDbPolyline
 90
21
 70
1
 10
274.6437270413744
 20
337.0
 10
236.29289593044984
 20
337.0
 10
235.26683550047284
 20
336.81907786235774
 10
234.3645331013902
 20
336.2981333293569
 10
233.69481971909653
 20
335.5
 10
233.33847267141323
 20
334.5209445330008
 10
233.33847267141323
 20
333.4790554669992
 10
233.69481971909653
 20
332.5
 10
234.3645331013902
 20
331.7018666706431
 10
235.26683550047284
 20
331.18092213764226
 10
236.29289593044984
 20
331.0
 10
274.6437270413744
 20
331.0
 10
275.6697874713514
 20
331.18092213764226
 10
276.572089870434
 20
331.7018666706431
 10
277.2418032527277
 20
332.5
 10
277.598150300411
 20
333.4790554669992
 10
277.598150300411
 20
334.5209445330008
 10
277.2418032527277
 20
335.5
 10
276.572089870434
 20
336.2981333293569
 10
275.6697874713514
 20
336.81907786235774
 10
274.6437270413744
 20
337.0
  0
LWPOLYLINE
  5
8F
330
17
100
AcDbEntity
  8
CUT_INSIDE
100
AcDbPolyline
 90
21
 70
1
 10
269.89067260742297
 20
351.0
 10
248.32505386122125
 20
351.0
 10
247.29899343124424
 20
350.81907786235774
 10
246.3966910321616
 20
350.2981333293569
 10
245.72697764986793
 20
349.5
 10
245.3706306021846
 20
348.5209445330008
 10
245.3706306021846
 20
347.4790554669992
 10
245.72697764986793
 20
346.5
 10
246.3966910321616
 20
345.7018666706431
 10
247.29899343124424
 20
345.18092213764226
 10
248.32505386122125
 20
345.0
 10
269.89067260742297
 20
345.0
 10
270.9167330374
 20
345.18092213764226
 10
271.8190354364826
 20
345.7018666706431
 10
272.4887488187763
 20
346.5
 10
272.8450958664596
 20
347.4790554669992
 10
272.8450958664596
 20
348.5209445330008
 10
272.4887488187763
 20
349.5
 10
271.8190354364826
 20
350.2981333293569
 10
270.9167330374
 20
350.81907786235774
 10
269.89067260742297
 20
351.0
  0
LWPOLYLINE
  5
90
330
17
100
AcDbEntity
  8
CUT_INSIDE
100
AcDbPolyline
 90
21
 70
1
 10
236.7844770884369
 20
393.0
 10
199.03529749078834
 20
393.0
 10
198.00923706081133
 20
392.81907786235774
 10
197.1069346617287
 20
392.2981333293569
 10
196.43722127943502
 20
391.5
 10
196.0808742317517
 20
390.5209445330008
 10
196.0808742317517
 20
389.4790554669992
 10
196.43722127943502
 20
388.5
 10
197.1069346617287
 20
387.7018666706431
 10
198.00923706081133
 20
387.18092213764226
 10
199.03529749078834
 20
387.0
 10
236.7844770884369
 20
387.0
 10
237.8105375184139
 20
387.18092213764226
 10
238.71283991749652
 20
387.7018666706431
 10
239.3825532997902
 20
388.5
 10
239.73890034747353
 20
389.4790554669992
 10
239.73890034747353
 20
390.5209445330008
 10
239.3825532997902
 20
391.5
 10
238.71283991749652
 20
392.2981333293569
 10
237.8105375184139
 20
392.81907786235774
 10
236.7844770884369
 20
393.0
  0
LWPOLYLINE
  5
91
330
17
100
AcDbEntity
  8
CUT_INSIDE
100
AcDbPolyline
 90
21
 70
1
 10
240.8706531068887
 20
407.0
 10
217.5406375058849
 20
407.0
 10
216.51457707590788
 20
406.81907786235774
 10
215.61227467682528
 20
406.2981333293569
 10
214.94256129453157
 20
405.5
 10
214.58621424684827
 20
404.5209445330008
 10
214.58621424684827
 20
403.4790554669992
 10
214.94256129453157
 20
402.5
 10
215.61227467682528
 20
401.7018666706431
 10
216.51457707590788
 20
401.18092213764226
 10
217.5406375058849
 20
401.0
 10
240.8706531068887
 20
401.0
 10
241.89671353686572
 20
401.18092213764226
 10
242.79901593594832
 20
401.7018666706431
 10
243.46872931824203
 20
402.5
 10
243.82507636592533
 20
403.4790554669992
 10
243.82507636592533
 20
404.5209445330008
 10
243.46872931824203
 20
405.5
 10
242.79901593594832
 20
406.2981333293569
 10
241.89671353686572
 20
406.81907786235774
 10
240.8706531068887
 20
407.0
  0
LWPOLYLINE
  5
92
330
17
100
AcDbEntity
  8
CUT_INSIDE
100
AcDbPolyline
 90
21
 70
1
 10
231.26427066690292
 20
421.0
 10
202.41400494787274
 20
421.0
 10
201.38794451789573
 20
420.81907786235774
 10
200.48564211881313
 20
420.2981333293569
 10
199.81592873651942
 20
419.5
 10
199.45958168883612
 20
418.5209445330008
 10
199.45958168883612
 20
417.4790554669992
 10
199.81592873651942
 20
416.5
 10
200.48564211881313
 20
415.7018666706431
 10
201.38794451789573
 20
415.18092213764226
 10
202.41400494787274
 20
415.0
 10
231.26427066690292
 20
415.0
 10
232.29033109687992
 20
415.18092213764226
 10
233.19263349596253
 20
415.7018666706431
 10
233.86234687825623
 20
416.5
 10
234.21869392593953
 20
417.4790554669992
 10
234.21869392593953
 20
418.5209445330008
 10
233.86234687825623
 20
419.5
 10
233.19263349596253
 20
420.2981333293569
 10
232.29033109687992
 20
420.81907786235774
 10
231.26427066690292
 20
421.0
  0
LWPOLYLINE
  5
93
330
17
100
AcDbEntity
  8
CUT_INSIDE
100
AcDbPolyline
 90
21
 70
1
 10
268.3247424788443
 20
421.0
 10
249.59267726225514
 20
421.0
 10
248.56661683227816
 20
420.81907786235774
 10
247.66431443319553
 20
420.2981333293569
 10
246.99460105090182
 20
419.5
 10
246.63825400321852
 20
418.5209445330008
 10
246.63825400321852
 20
417.4790554669992
 10
246.99460105090182
 20
416.5
 10
247.66431443319553
 20
415.7018666706431
 10
248.56661683227816
 20
415.18092213764226
 10
249.59267726225514
 20
415.0
 10
268.3247424788443
 20
415.0
 10
269.3508029088213
 20
415.18092213764226
 10
270.2531053079039
 20
415.7018666706431
 10
270.92281869019763
 20
416.5
 10
271.27916573788093
 20
417.4790554669992
 10
271.27916573788093
 20
418.5209445330008
 10
270.92281869019763
 20
419.5
 10
270.2531053079039
 20
420.2981333293569
 10
269.3508029088213
 20
420.81907786235774
 10
268.3247424788443
 20
421.0
  0
LWPOLYLINE
  5
94
330
17
100
AcDbEntity
  8
CUT_INSIDE
100
AcDbPolyline
 90
21
 70
1
 10
300.8480078213569
 20
43.0
 10
255.1146840841534
 20
43.0
 10
254.0886236541764
 20
42.81907786235772
 10
253.1863212550938
 20
42.298133329356936
 10
252.51660787280008
 20
41.5
 10
252.16026082511678
 20
40.52094453300079
 10
252.16026082511678
 20
39.479055466999206
 10
252.51660787280008
 20
38.5
 10
253.1863212550938
 20
37.701866670643064
 10
254.0886236541764
 20
37.18092213764228
 10
255.1146840841534
 20
37.0
 10
300.8480078213569
 20
37.0
 10
301.8740682513339
 20
37.18092213764228
 10
302.7763706504165
 20
37.701866670643064
 10
303.4460840327102
 20
38.5
 10
303.8024310803935
 20
39.47905546699921
 10
303.8024310803935
 20
40.520944533000794
 10
303.4460840327102
 20
41.5
 10
302.7763706504165
 20
42.298133329356936
 10
301.8740682513339
 20
42.81907786235772
 10
300.8480078213569
 20
43.0
  0
LWPOLYLINE
  5
95
330
17
100
AcDbEntity
  8
CUT_INSIDE
100
AcDbPolyline
 90
21
 70
1
 10
312.6914417688683
 20
71.0
 10
263.1415894314053
 20
71.0
 10
262.1155290014283
 20
70.81907786235773
 10
261.2132266023457
 20
70.29813332935693
 10
260.543513220052
 20
69.5
 10
260.1871661723687
 20
68.52094453300079
 10
260.1871661723687
 20
67.47905546699921
 10
260.543513220052
 20
66.5
 10
261.2132266023457
 20
65.70186667064307
 10
262.1155290014283
 20
65.18092213764227
 10
263.1415894314053
 20
65.0
 10
312.6914417688683
 20
65.0
 10
313.7175021988453
 20
65.18092213764227
 10
314.6198045979279
 20
65.70186667064307
 10
315.2895179802216
 20
66.5
 10
315.6458650279049
 20
67.47905546699921
 10
315.6458650279049
 20
68.52094453300079
 10
315.2895179802216
 20
69.5
 10
314.6198045979279
 20
70.29813332935693
 10
313.7175021988453
 20
70.81907786235773
 10
312.6914417688683
 20
71.0
  0
LWPOLYLINE
  5
96
330
17
100
AcDbEntity
  8
CUT_INSIDE
100
AcDbPolyline
 90
21
 70
1
 10
306.4082144152062
 20
85.0
 10
259.614908491542
 20
85.0
 10
258.588848061565
 20
84.81907786235773
 10
257.6865456624824
 20
84.29813332935693
 10
257.0168322801887
 20
83.5
 10
256.6604852325054
 20
82.52094453300079
 10
256.6604852325054
 20
81.47905546699921
 10
257.0168322801887
 20
80.5
 10
257.6865456624824
 20
79.70186667064307
 10
258.588848061565
 20
79.18092213764227
 10
259.614908491542
 20
79.0
 10
306.4082144152062
 20
79.0
 10
307.4342748451832
 20
79.18092213764227
 10
308.3365772442658
 20
79.70186667064307
 10
309.0062906265595
 20
80.5
 10
309.3626376742428
 20
81.47905546699921
 10
309.3626376742428
 20
82.52094453300079
 10
309.0062906265595
 20
83.5
 10
308.3365772442658
 20
84.29813332935693
 10
307.4342748451832
 20
84.81907786235773
 10
306.4082144152062
 20
85.0
  0
LWPOLYLINE
  5
97
330
17
100
AcDbEntity
  8
CUT_INSIDE
100
AcDbPolyline
 90
21
 70
1
 10
340.1967587256594
 20
57.0
 10
294.95725760330777
 20
57.0
 10
293.93119717333076
 20
56.81907786235772
 10
293.02889477424816
 20
56.298133329356936
 10
292.35918139195445
 20
55.5
 10
292.00283434427115
 20
54.52094453300079
 10
292.00283434427115
 20
53.479055466999206
 10
292.35918139195445
 20
52.5
 10
293.02889477424816
 20
51.701866670643064
 10
293.93119717333076
 20
51.18092213764228
 10
294.95725760330777
 20
51.0
 10
340.1967587256594
 20
51.0
 10
341.2228191556364
 20
51.18092213764228
 10
342.125121554719
 20
51.701866670643064
 10
342.7948349370127
 20
52.5
 10
343.151181984696
 20
53.47905546699921
 10
343.151181984696
 20
54.520944533000794
 10
342.7948349370127
 20
55.5
 10
342.125121554719
 20
56.298133329356936
 10
341.2228191556364
 20
56.81907786235772
 10
340.1967587256594
 20
57.0
  0
LWPOLYLINE
  5
98
330
17
100
AcDbEntity
  8
CUT_INSIDE
100
AcDbPolyline
 90
21
 70
1
 10
313.5295938448621
 20
99.0
 10
282.4243325901082
 20
99.0
 10
281.39827216013117
 20
98.81907786235773
 10
280.49596976104857
 20
98.29813332935693
 10
279.82625637875486
 20
97.5
 10
279.46990933107156
 20
96.52094453300079
 10
279.46990933107156
 20
95.47905546699921
 10
279.82625637875486
 20
94.5
 10
280.49596976104857
 20
93.70186667064307
 10
281.39827216013117
 20
93.18092213764227
 10
282.4243325901082
 20
93.0
 10
313.5295938448621
 20
93.0
 10
314.5556542748391
 20
93.18092213764227
 10
315.45795667392173
 20
93.70186667064307
 10
316.12767005621544
 20
94.5
 10
316.48401710389874
 20
95.47905546699921
 10
316.48401710389874
 20
96.52094453300079
 10
316.12767005621544
 20
97.5
 10
315.45795667392173
 20
98.29813332935693
 10
314.5556542748391
 20
98.81907786235773
 10
313.5295938448621
 20
99.0
  0
LWPOLYLINE
  5
99
330
17
100
AcDbEntity
  8
CUT_INSIDE
100
AcDbPolyline
 90
21
 70
1
 10
333.6173124604951
 20
113.0
 10
296.23956751326966
 20
113.0
 10
295.21350708329265
 20
112.81907786235773
 10
294.31120468421005
 20
112.29813332935693
 10
293.64149130191635
 20
111.5
 10
293.28514425423305
 20
110.52094453300079
 10
293.28514425423305
 20
109.47905546699921
 10
293.64149130191635
 20
108.5
 10
294.31120468421005
 20
107.70186667064307
 10
295.21350708329265
 20
107.18092213764227
 10
296.23956751326966
 20
107.0
 10
333.6173124604951
 20
107.0
 10
334.6433728904721
 20
107.18092213764227
 10
335.5456752895547
 20
107.70186667064307
 10
336.2153886718484
 20
108.5
 10
336.5717357195317
 20
109.47905546699921
 10
336.5717357195317
 20
110.52094453300079
 10
336.2153886718484
 20
111.5
 10
335.5456752895547
 20
112.29813332935693
 10
334.6433728904721
 20
112.81907786235773
 10
333.6173124604951
 20
113.0
  0
LWPOLYLINE
  5
9A
330
17
100
AcDbEntity
  8
CUT_INSIDE
100
AcDbPolyline
 90
21
 70
1
 10
323.541173645645
 20
127.0
 10
306.80135424396826
 20
127.0
 10
305.77529381399125
 20
126.81907786235772
 10
304.87299141490865
 20
126.29813332935694
 10
304.20327803261495
 20
125.5
 10
303.84693098493165
 20
124.5209445330008
 10
303.84693098493165
 20
123.47905546699921
 10
304.20327803261495
 20
122.5
 10
304.87299141490865
 20
121.70186667064307
 10
305.77529381399125
 20
121.18092213764227
 10
306.80135424396826
 20
121.0
 10
323.541173645645
 20
121.0
 10
324.567234075622
 20
121.18092213764227
 10
325.4695364747046
 20
121.70186667064307
 10
326.13924985699833
 20
122.5
 10
326.49559690468163
 20
123.47905546699921
 10
326.49559690468163
 20
124.5209445330008
 10
326.13924985699833
 20
125.5
 10
325.4695364747046
 20
126.29813332935694
 10
324.567234075622
 20
126.81907786235772
 10
323.541173645645
 20
127.0
  0
LWPOLYLINE
  5
9B
330
17
100
AcDbEntity
  8
CUT_INSIDE
100
AcDbPolyline
 90
21
 70
1
 10
359.15575991359617
 20
43.0
 10
319.02410072116106
 20
43.0
 10
317.99804029118405
 20
42.81907786235772
 10
317.09573789210145
 20
42.298133329356936
 10
316.42602450980775
 20
41.5
 10
316.06967746212445
 20
40.52094453300079
 10
316.06967746212445
 20
39.479055466999206
 10
316.42602450980775
 20
38.5
 10
317.09573789210145
 20
37.701866670643064
 10
317.99804029118405
 20
37.18092213764228
 10
319.02410072116106
 20
37.0
 10
359.15575991359617
 20
37.0
 10
360.1818203435732
 20
37.18092213764228
 10
361.0841227426558
 20
37.701866670643064
 10
361.7538361249495
 20
38.5
 10
362.1101831726328
 20
39.47905546699921
 10
362.1101831726328
 20
40.520944533000794
 10
361.7538361249495
 20
41.5
 10
361.0841227426558
 20
42.298133329356936
 10
360.1818203435732
 20
42.81907786235772
 10
359.15575991359617
 20
43.0
  0
LWPOLYLINE
  5
9C
330
17
100
AcDbEntity
  8
CUT_INSIDE
100
AcDbPolyline
 90
21
 70
1
 10
373.1975759088356
 20
85.0
 10
327.46525972963275
 20
85.0
 10
326.43919929965574
 20
84.81907786235773
 10
325.53689690057314
 20
84.29813332935693
 10
324.86718351827943
 20
83.5
 10
324.51083647059613
 20
82.52094453300079
 10
324.51083647059613
 20
81.47905546699921
 10
324.86718351827943
 20
80.5
 10
325.53689690057314
 20
79.70186667064307
 10
326.43919929965574
 20
79.18092213764227
 10
327.46525972963275
 20
79.0
 10
373.1975759088356
 20
79.0
 10
374.2236363388126
 20
79.18092213764227
 10
375.1259387378952
 20
79.70186667064307
 10
375.7956521201889
 20
80.5
 10
376.1519991678722
 20
81.47905546699921
 10
376.1519991678722
 20
82.52094453300079
 10
375.7956521201889
 20
83.5
 10
375.1259387378952
 20
84.29813332935693
 10
374.2236363388126
 20
84.81907786235773
 10
373.1975759088356
 20
85.0
  0
LWPOLYLINE
  5
9D
330
17
100
AcDbEntity
  8
CUT_INSIDE
100
AcDbPolyline
 90
21
 70
1
 10
397.1765630175653
 20
57.0
 10
373.18418964161015
 20
57.0
 10
372.15812921163314
 20
56.81907786235772
 10
371.25582681255054
 20
56.298133329356936
 10
370.58611343025683
 20
55.5
 10
370.22976638257353
 20
54.52094453300079
 10
370.22976638257353
 20
53.479055466999206
 10
370.58611343025683
 20
52.5
 10
371.25582681255054
 20
51.701866670643064
 10
372.15812921163314
 20
51.18092213764228
 10
373.18418964161015
 20
51.0
 10
397.1765630175653
 20
51.0
 10
398.2026234475423
 20
51.18092213764228
 10
399.1049258466249
 20
51.701866670643064
 10
399.7746392289186
 20
52.5
 10
400.1309862766019
 20
53.47905546699921
 10
400.1309862766019
 20
54.520944533000794
 10
399.7746392289186
 20
55.5
 10
399.1049258466249
 20
56.298133329356936
 10
398.2026234475423
 20
56.81907786235772
 10
397.1765630175653
 20
57.0
  0
LWPOLYLINE
  5
9E
330
17
100
AcDbEntity
  8
CUT_INSIDE
100
AcDbPolyline
 90
21
 70
1
 10
387.0304331682452
 20
71.0
 10
346.8844141767185
 20
71.0
 10
345.8583537467415
 20
70.81907786235773
 10
344.9560513476589
 20
70.29813332935693
 10
344.2863379653652
 20
69.5
 10
343.9299909176819
 20
68.52094453300079
 10
343.9299909176819
 20
67.47905546699921
 10
344.2863379653652
 20
66.5
 10
344.9560513476589
 20
65.70186667064307
 10
345.8583537467415
 20
65.18092213764227
 10
346.8844141767185
 20
65.0
 10
387.0304331682452
 20
65.0
 10
388.05649359822223
 20
65.18092213764227
 10
388.95879599730483
 20
65.70186667064307
 10
389.62850937959854
 20
66.5
 10
389.98485642728184
 20
67.47905546699921
 10
389.98485642728184
 20
68.52094453300079
 10
389.62850937959854
 20
69.5
 10
388.95879599730483
 20
70.29813332935693
 10
388.05649359822223
 20
70.81907786235773
 10
387.0304331682452
 20
71.0
  0
LWPOLYLINE
  5
9F
330
17
100
AcDbEntity
  8
CUT_INSIDE
100
AcDbPolyline
 90
21
 70
1
 10
376.0143134992196
 20
99.0
 10
351.3317633874817
 20
99.0
 10
350.3057029575047
 20
98.81907786235773
 10
349.4034005584221
 20
98.29813332935693
 10
348.7336871761284
 20
97.5
 10
348.3773401284451
 20
96.52094453300079
 10
348.3773401284451
 20
95.47905546699921
 10
348.7336871761284
 20
94.5
 10
349.4034005584221
 20
93.70186667064307
 10
350.3057029575047
 20
93.18092213764227
 10
351.3317633874817
 20
93.0
 10
376.0143134992196
 20
93.0
 10
377.0403739291966
 20
93.18092213764227
 10
377.9426763282792
 20
93.70186667064307
 10
378.6123897105729
 20
94.5
 10
378.9687367582562
 20
95.47905546699921
 10
378.9687367582562
 20
96.52094453300079
 10
378.6123897105729
 20
97.5
 10
377.9426763282792
 20
98.29813332935693
 10
377.0403739291966
 20
98.81907786235773
 10
376.0143134992196
 20
99.0
  0
LWPOLYLINE
  5
A0
330
17
100
AcDbEntity
  8
CUT_INSIDE
100
AcDbPolyline
 90
21
 70
1
 10
379.44104288426064
 20
113.0
 10
356.3425778821956
 20
113.0
 10
355.3165174522186
 20
112.81907786235773
 10
354.414215053136
 20
112.29813332935693
 10
353.7445016708423
 20
111.5
 10
353.388154623159
 20
110.52094453300079
 10
353.388154623159
 20
109.47905546699921
 10
353.7445016708423
 20
108.5
 10
354.414215053136
 20
107.70186667064307
 10
355.3165174522186
 20
107.18092213764227
 10
356.3425778821956
 20
107.0
 10
379.44104288426064
 20
107.0
 10
380.46710331423765
 20
107.18092213764227
 10
381.36940571332025
 20
107.70186667064307
 10
382.03911909561396
 20
108.5
 10
382.39546614329726
 20
109.47905546699921
 10
382.39546614329726
 20
110.52094453300079
 10
382.03911909561396
 20
111.5
 10
381.36940571332025
 20
112.29813332935693
 10
380.46710331423765
 20
112.81907786235773
 10
379.44104288426064
 20
113.0
  0
LWPOLYLINE
  5
A1
330
17
100
AcDbEntity
  8
CUT_INSIDE
100
AcDbPolyline
 90
21
 70
1
 10
396.2309319003891
 20
127.0
 10
354.8096021634933
 20
127.0
 10
353.7835417335163
 20
126.81907786235772
 10
352.8812393344337
 20
126.29813332935694
 10
352.21152595214
 20
125.5
 10
351.8551789044567
 20
124.5209445330008
 10
351.8551789044567
 20
123.47905546699921
 10
352.21152595214
 20
122.5
 10
352.8812393344337
 20
121.70186667064307
 10
353.7835417335163
 20
121.18092213764227
 10
354.8096021634933
 20
121.0
 10
396.2309319003891
 20
121.0
 10
397.25699233036613
 20
121.18092213764227
 10
398.15929472944873
 20
121.70186667064307
 10
398.82900811174244
 20
122.5
 10
399.18535515942574
 20
123.47905546699921
 10
399.18535515942574
 20
124.5209445330008
 10
398.82900811174244
 20
125.5
 10
398.15929472944873
 20
126.29813332935694
 10
397.25699233036613
 20
126.81907786235772
 10
396.2309319003891
 20
127.0
  0
LWPOLYLINE
  5
A2
330
17
100
AcDbEntity
  8
CUT_INSIDE
100
AcDbPolyline
 90
21
 70
1
 10
306.29287539324844
 20
141.0
 10
270.0156499582213
 20
141.0
 10
268.98958952824427
 20
140.81907786235772
 10
268.08728712916167
 20
140.29813332935694
 10
267.41757374686796
 20
139.5
 10
267.06122669918466
 20
138.5209445330008
 10
267.06122669918466
 20
137.4790554669992
 10
267.41757374686796
 20
136.5
 10
268.08728712916167
 20
135.70186667064306
 10
268.98958952824427
 20
135.18092213764228
 10
270.0156499582213
 20
135.0
 10
306.29287539324844
 20
135.0
 10
307.31893582322544
 20
135.18092213764228
 10
308.22123822230805
 20
135.70186667064306
 10
308.89095160460175
 20
136.5
 10
309.24729865228505
 20
137.4790554669992
 10
309.24729865228505
 20
138.5209445330008
 10
308.89095160460175
 20
139.5
 10
308.22123822230805
 20
140.29813332935694
 10
307.31893582322544
 20
140.81907786235772
 10
306.29287539324844
 20
141.0
  0
LWPOLYLINE
  5
A3
330
17
100
AcDbEntity
  8
CUT_INSIDE
100
AcDbPolyline
 90
21
 70
1
 10
362.7006558963344
 20
183.0
 10
265.3931493193461
 20
183.0
 10
264.3670888893691
 20
182.81907786235772
 10
263.4647864902865
 20
182.29813332935694
 10
262.7950731079928
 20
181.5
 10
262.4387260603095
 20
180.5209445330008
 10
262.4387260603095
 20
179.4790554669992
 10
262.7950731079928
 20
178.5
 10
263.4647864902865
 20
177.70186667064306
 10
264.3670888893691
 20
177.18092213764228
 10
265.3931493193461
 20
177.0
 10
362.7006558963344
 20
177.0
 10
363.7267163263114
 20
177.18092213764228
 10
364.629018725394
 20
177.70186667064306
 10
365.2987321076877
 20
178.5
 10
365.655079155371
 20
179.4790554669992
 10
365.655079155371
 20
180.5209445330008
 10
365.2987321076877
 20
181.5
 10
364.629018725394
 20
182.29813332935694
 10
363.7267163263114
 20
182.81907786235772
 10
362.7006558963344
 20
183.0
  0
LWPOLYLINE
  5
A4
330
17
100
AcDbEntity
  8
CUT_INSIDE
100
AcDbPolyline
 90
21
 70
1
 10
355.10707782637013
 20
169.0
 10
309.5716112134059
 20
169.0
 10
308.5455507834289
 20
168.81907786235772
 10
307.64324838434624
 20
168.29813332935694
 10
306.9735350020526
 20
167.5
 10
306.61718795436923
 20
166.5209445330008
 10
306.61718795436923
 20
165.4790554669992
 10
306.9735350020526
 20
164.5
 10
307.64324838434624
 20
163.70186667064306
 10
308.5455507834289
 20
163.18092213764228
 10
309.5716112134059
 20
163.0
 10
355.10707782637013
 20
163.0
 10
356.13313825634714
 20
163.18092213764228
 10
357.0354406554298
 20
163.70186667064306
 10
357.70515403772345
 20
164.5
 10
358.0615010854068
 20
165.4790554669992
 10
358.0615010854068
 20
166.5209445330008
 10
357.70515403772345
 20
167.5
 10
357.0354406554298
 20
168.29813332935694
 10
356.13313825634714
 20
168.81907786235772
 10
355.10707782637013
 20
169.0
  0
LWPOLYLINE
  5
A5
330
17
100
AcDbEntity
  8
CUT_INSIDE
100
AcDbPolyline
 90
21
 70
1
 10
334.42615767227244
 20
197.0
 10
300.31543912833706
 20
197.0
 10
299.28937869836005
 20
196.81907786235772
 10
298.38707629927745
 20
196.29813332935694
 10
297.71736291698375
 20
195.5
 10
297.36101586930045
 20
194.5209445330008
 10
297.36101586930045
 20
193.4790554669992
 10
297.71736291698375
 20
192.5
 10
298.38707629927745
 20
191.70186667064306
 10
299.28937869836005
 20
191.18092213764228
 10
300.31543912833706
 20
191.0
 10
334.42615767227244
 20
191.0
 10
335.45221810224945
 20
191.18092213764228
 10
336.35452050133205
 20
191.70186667064306
 10
337.02423388362575
 20
192.5
 10
337.38058093130905
 20
193.4790554669992
 10
337.38058093130905
 20
194.5209445330008
 10
337.02423388362575
 20
195.5
 10
336.35452050133205
 20
196.29813332935694
 10
335.45221810224945
 20
196.81907786235772
 10
334.42615767227244
 20
197.0
  0
LWPOLYLINE
  5
A6
330
17
100
AcDbEntity
  8
CUT_INSIDE
100
AcDbPolyline
 90
21
 70
1
 10
365.48404918621793
 20
155.0
 10
317.45189247050337
 20
155.0
 10
316.42583204052636
 20
154.81907786235772
 10
315.52352964144376
 20
154.29813332935694
 10
314.85381625915005
 20
153.5
 10
314.49746921146675
 20
152.5209445330008
 10
314.49746921146675
 20
151.4790554669992
 10
314.85381625915005
 20
150.5
 10
315.52352964144376
 20
149.70186667064306
 10
316.42583204052636
 20
149.18092213764228
 10
317.45189247050337
 20
149.0
 10
365.48404918621793
 20
149.0
 10
366.51010961619494
 20
149.18092213764228
 10
367.41241201527754
 20
149.70186667064306
 10
368.08212539757125
 20
150.5
 10
368.43847244525455
 20
151.4790554669992
 10
368.43847244525455
 20
152.5209445330008
 10
368.08212539757125
 20
153.5
 10
367.41241201527754
 20
154.29813332935694
 10
366.51010961619494
 20
154.81907786235772
 10
365.48404918621793
 20
155.0
  0
LWPOLYLINE
  5
A7
330
17
100
AcDbEntity
  8
CUT_INSIDE
100
AcDbPolyline
 90
21
 70
1
 10
415.56730364955786
 20
141.0
 10
336.9056810111023
 20
141.0
 10
335.87962058112527
 20
140.81907786235772
 10
334.97731818204267
 20
140.29813332935694
 10
334.30760479974896
 20
139.5
 10
333.95125775206566
 20
138.5209445330008
 10
333.95125775206566
 20
137.4790554669992
 10
334.30760479974896
 20
136.5
 10
334.97731818204267
 20
135.70186667064306
 10
335.87962058112527
 20
135.18092213764228
 10
336.9056810111023
 20
135.0
 10
415.56730364955786
 20
135.0
 10
416.59336407953487
 20
135.18092213764228
 10
417.49566647861747
 20
135.70186667064306
 10
418.1653798609112
 20
136.5
 10
418.5217269085945
 20
137.4790554669992
 10
418.5217269085945
 20
138.5209445330008
 10
418.1653798609112
 20
139.5
 10
417.49566647861747
 20
140.29813332935694
 10
416.59336407953487
 20
140.81907786235772
 10
415.56730364955786
 20
141.0
  0
LWPOLYLINE
  5
A8
330
17
100
AcDbEntity
  8
CUT_INSIDE
100
AcDbPolyline
 90
21
 70
1
 10
404.99884389080955
 20
183.0
 10
384.39847210957043
 20
183.0
 10
383.3724116795934
 20
182.81907786235772
 10
382.47010928051077
 20
182.29813332935694
 10
381.80039589821706
 20
181.5
 10
381.44404885053376
 20
180.5209445330008
 10
381.44404885053376
 20
179.4790554669992
 10
381.80039589821706
 20
178.5
 10
382.47010928051077
 20
177.70186667064306
 10
383.3724116795934
 20
177.18092213764228
 10
384.39847210957043
 20
177.0
 10
404.99884389080955
 20
177.0
 10
406.02490432078656
 20
177.18092213764228
 10
406.9272067198692
 20
177.70186667064306
 10
407.5969201021629
 20
178.5
 10
407.9532671498462
 20
179.4790554669992
 10
407.9532671498462
 20
180.5209445330008
 10
407.5969201021629
 20
181.5
 10
406.9272067198692
 20
182.29813332935694
 10
406.02490432078656
 20
182.81907786235772
 10
404.99884389080955
 20
183.0
  0
LWPOLYLINE
  5
A9
330
17
100
AcDbEntity
  8
CUT_INSIDE
100
AcDbPolyline
 90
21
 70
1
 10
357.14583290321013
 20
211.0
 10
316.17119685589716
 20
211.0
 10
315.14513642592016
 20
210.81907786235772
 10
314.24283402683756
 20
210.29813332935694
 10
313.57312064454385
 20
209.5
 10
313.21677359686055
 20
208.5209445330008
 10
313.21677359686055
 20
207.4790554669992
 10
313.57312064454385
 20
206.5
 10
314.24283402683756
 20
205.70186667064306
 10
315.14513642592016
 20
205.18092213764228
 10
316.17119685589716
 20
205.0
 10
357.14583290321013
 20
205.0
 10
358.17189333318714
 20
205.18092213764228
 10
359.07419573226974
 20
205.70186667064306
 10
359.74390911456345
 20
206.5
 10
360.10025616224675
 20
207.4790554669992
 10
360.10025616224675
 20
208.5209445330008
 10
359.74390911456345
 20
209.5
 10
359.07419573226974
 20
210.29813332935694
 10
358.17189333318714
 20
210.81907786235772
 10
357.14583290321013
 20
211.0
  0
LWPOLYLINE
  5
AA
330
17
100
AcDbEntity
  8
CUT_INSIDE
100
AcDbPolyline
 90
21
 70
1
 10
353.4639253840394
 20
225.0
 10
322.89372114110404
 20
225.0
 10
321.86766071112703
 20
224.81907786235772
 10
320.96535831204443
 20
224.29813332935694
 10
320.2956449297507
 20
223.5
 10
319.9392978820674
 20
222.5209445330008
 10
319.9392978820674
 20
221.4790554669992
 10
320.2956449297507
 20
220.5
 10
320.96535831204443
 20
219.70186667064306
 10
321.86766071112703
 20
219.18092213764228
 10
322.89372114110404
 20
219.0
 10
353.4639253840394
 20
219.0
 10
354.4899858140164
 20
219.18092213764228
 10
355.392288213099
 20
219.70186667064306
 10
356.0620015953927
 20
220.5
 10
356.418348643076
 20
221.4790554669992
 10
356.418348643076
 20
222.5209445330008
 10
356.0620015953927
 20
223.5
 10
355.392288213099
 20
224.29813332935694
 10
354.4899858140164
 20
224.81907786235772
 10
353.4639253840394
 20
225.0
  0
LWPOLYLINE
  5
AB
330
17
100
AcDbEntity
  8
CUT_INSIDE
100
AcDbPolyline
 90
21
 70
1
 10
394.86726587118585
 20
197.0
 10
365.17290170837634
 20
197.0
 10
364.14684127839934
 20
196.81907786235772
 10
363.24453887931674
 20
196.29813332935694
 10
362.574825497023
 20
195.5
 10
362.2184784493397
 20
194.5209445330008
 10
362.2184784493397
 20
193.4790554669992
 10
362.574825497023
 20
192.5
 10
363.24453887931674
 20
191.70186667064306
 10
364.14684127839934
 20
191.18092213764228
 10
365.17290170837634
 20
191.0
 10
394.86726587118585
 20
191.0
 10
395.89332630116286
 20
191.18092213764228
 10
396.79562870024546
 20
191.70186667064306
 10
397.46534208253917
 20
192.5
 10
397.82168913022247
 20
193.4790554669992
 10
397.82168913022247
 20
194.5209445330008
 10
397.46534208253917
 20
195.5
 10
396.79562870024546
 20
196.29813332935694
 10
395.89332630116286
 20
196.81907786235772
 10
394.86726587118585
 20
197.0
  0
LWPOLYLINE
  5
AC
330
17
100
AcDbEntity
  8
CUT_INSIDE
100
AcDbPolyline
 90
21
 70
1
 10
425.7344587696423
 20
43.0
 10
376.1608879864725
 20
43.0
 10
375.13482755649557
 20
42.81907786235772
 10
374.2325251574129
 20
42.298133329356936
 10
373.5628117751192
 20
41.5
 10
373.2064647274359
 20
40.52094453300079
 10
373.2064647274359
 20
39.479055466999206
 10
373.5628117751192
 20
38.5
 10
374.2325251574129
 20
37.701866670643064
 10
375.13482755649557
 20
37.18092213764228
 10
376.1608879864725
 20
37.0
 10
425.7344587696423
 20
37.0
 10
426.76051919961924
 20
37.18092213764228
 10
427.6628215987019
 20
37.701866670643064
 10
428.3325349809956
 20
38.5
 10
428.6888820286789
 20
39.47905546699921
 10
428.6888820286789
 20
40.520944533000794
 10
428.3325349809956
 20
41.5
 10
427.6628215987019
 20
42.298133329356936
 10
426.76051919961924
 20
42.81907786235772
 10
425.7344587696423
 20
43.0
  0
LWPOLYLINE
  5
AD
330
17
100
AcDbEntity
  8
CUT_INSIDE
100
AcDbPolyline
 90
21
 70
1
 10
499.5636527439156
 20
71.0
 10
405.4555445832062
 20
71.0
 10
404.42948415322917
 20
70.81907786235773
 10
403.52718175414657
 20
70.29813332935693
 10
402.85746837185286
 20
69.5
 10
402.50112132416956
 20
68.52094453300079
 10
402.50112132416956
 20
67.47905546699921
 10
402.85746837185286
 20
66.5
 10
403.52718175414657
 20
65.70186667064307
 10
404.42948415322917
 20
65.18092213764227
 10
405.4555445832062
 20
65.0
 10
499.5636527439156
 20
65.0
 10
500.5897131738926
 20
65.18092213764227
 10
501.4920155729752
 20
65.70186667064307
 10
502.1617289552689
 20
66.5
 10
502.5180760029522
 20
67.47905546699921
 10
502.5180760029522
 20
68.52094453300079
 10
502.1617289552689
 20
69.5
 10
501.4920155729752
 20
70.29813332935693
 10
500.5897131738926
 20
70.81907786235773
 10
499.5636527439156
 20
71.0
  0
LWPOLYLINE
  5
AE
330
17
100
AcDbEntity
  8
CUT_INSIDE
100
AcDbPolyline
 90
21
 70
1
 10
445.2956198664397
 20
99.0
 10
396.5695294823378
 20
99.0
 10
395.5434690523608
 20
98.81907786235773
 10
394.6411666532782
 20
98.29813332935693
 10
393.9714532709845
 20
97.5
 10
393.6151062233012
 20
96.52094453300079
 10
393.6151062233012
 20
95.47905546699921
 10
393.9714532709845
 20
94.5
 10
394.6411666532782
 20
93.70186667064307
 10
395.5434690523608
 20
93.18092213764227
 10
396.5695294823378
 20
93.0
 10
445.2956198664397
 20
93.0
 10
446.32168029641673
 20
93.18092213764227
 10
447.22398269549933
 20
93.70186667064307
 10
447.89369607779304
 20
94.5
 10
448.25004312547634
 20
95.47905546699921
 10
448.25004312547634
 20
96.52094453300079
 10
447.89369607779304
 20
97.5
 10
447.22398269549933
 20
98.29813332935693
 10
446.32168029641673
 20
98.81907786235773
 10
445.2956198664397
 20
99.0
  0
LWPOLYLINE
  5
AF
330
17
100
AcDbEntity
  8
CUT_INSIDE
100
AcDbPolyline
 90
21
 70
1
 10
427.34939001353945
 20
113.0
 10
395.8388379181603
 20
113.0
 10
394.8127774881833
 20
112.81907786235773
 10
393.9104750891007
 20
112.29813332935693
 10
393.240761706807
 20
111.5
 10
392.8844146591237
 20
110.52094453300079
 10
392.8844146591237
 20
109.47905546699921
 10
393.240761706807
 20
108.5
 10
393.9104750891007
 20
107.70186667064307
 10
394.8127774881833
 20
107.18092213764227
 10
395.8388379181603
 20
107.0
 10
427.34939001353945
 20
107.0
 10
428.37545044351646
 20
107.18092213764227
 10
429.27775284259906
 20
107.70186667064307
 10
429.94746622489276
 20
108.5
 10
430.30381327257606
 20
109.47905546699921
 10
430.30381327257606
 20
110.52094453300079
 10
429.94746622489276
 20
111.5
 10
429.27775284259906
 20
112.29813332935693
 10
428.37545044351646
 20
112.81907786235773
 10
427.34939001353945
 20
113.0
  0
LWPOLYLINE
  5
B0
330
17
100
AcDbEntity
  8
CUT_INSIDE
100
AcDbPolyline
 90
21
 70
1
 10
438.5037885907222
 20
127.0
 10
419.8846396675072
 20
127.0
 10
418.8585792375302
 20
126.81907786235772
 10
417.9562768384476
 20
126.29813332935694
 10
417.2865634561539
 20
125.5
 10
416.9302164084706
 20
124.5209445330008
 10
416.9302164084706
 20
123.47905546699921
 10
417.2865634561539
 20
122.5
 10
417.9562768384476
 20
121.70186667064307
 10
418.8585792375302
 20
121.18092213764227
 10
419.8846396675072
 20
121.0
 10
438.5037885907222
 20
121.0
 10
439.5298490206992
 20
121.18092213764227
 10
440.4321514197818
 20
121.70186667064307
 10
441.1018648020755
 20
122.5
 10
441.4582118497588
 20
123.47905546699921
 10
441.4582118497588
 20
124.5209445330008
 10
441.1018648020755
 20
125.5
 10
440.4321514197818
 20
126.29813332935694
 10
439.5298490206992
 20
126.81907786235772
 10
438.5037885907222
 20
127.0
  0
LWPOLYLINE
  5
B1
330
17
100
AcDbEntity
  8
CUT_INSIDE
100
AcDbPolyline
 90
21
 70
1
 10
478.9093940853321
 20
43.0
 10
457.42859957445444
 20
43.0
 10
456.40253914447743
 20
42.81907786235772
 10
455.50023674539483
 20
42.298133329356936
 10
454.8305233631011
 20
41.5
 10
454.4741763154178
 20
40.52094453300079
 10
454.4741763154178
 20
39.479055466999206
 10
454.8305233631011
 20
38.5
 10
455.50023674539483
 20
37.701866670643064
 10
456.40253914447743
 20
37.18092213764228
 10
457.42859957445444
 20
37.0
 10
478.9093940853321
 20
37.0
 10
479.9354545153091
 20
37.18092213764228
 10
480.8377569143917
 20
37.701866670643064
 10
481.5074702966854
 20
38.5
 10
481.8638173443687
 20
39.47905546699921
 10
481.8638173443687
 20
40.520944533000794
 10
481.5074702966854
 20
41.5
 10
480.8377569143917
 20
42.298133329356936
 10
479.9354545153091
 20
42.81907786235772
 10
478.9093940853321
 20
43.0
  0
LWPOLYLINE
  5
B2
330
17
100
AcDbEntity
  8
CUT_INSIDE
100
AcDbPolyline
 90
21
 70
1
 10
511.0
 20
57.0
 10
420.11352175310617
 20
57.0
 10
419.0874613231291
 20
56.81907786235772
 10
418.1851589240465
 20
56.298133329356936
 10
417.5154455417528
 20
55.5
 10
417.1590984940695
 20
54.52094453300079
 10
417.1590984940695
 20
53.479055466999206
 10
417.5154455417528
 20
52.5
 10
418.1851589240465
 20
51.701866670643064
 10
419.0874613231291
 20
51.18092213764228
 10
420.11352175310617
 20
51.0
 10
511.0
 20
51.0
 10
512.0260604299771
 20
51.18092213764228
 10
512.9283628290597
 20
51.701866670643064
 10
513.5980762113534
 20
52.5
 10
513.9544232590366
 20
53.47905546699921
 10
513.9544232590366
 20
54.520944533000794
 10
513.5980762113534
 20
55.5
 10
512.9283628290597
 20
56.298133329356936
 10
512.0260604299771
 20
56.81907786235772
 10
511.0
 20
57.0
  0
LWPOLYLINE
  5
B3
330
17
100
AcDbEntity
  8
CUT_INSIDE
100
AcDbPolyline
 90
21
 70
1
 10
511.0
 20
85.0
 10
404.6016316670066
 20
85.0
 10
403.5755712370296
 20
84.81907786235773
 10
402.673268837947
 20
84.29813332935693
 10
402.00355545565327
 20
83.5
 10
401.64720840796997
 20
82.52094453300079
 10
401.64720840796997
 20
81.47905546699921
 10
402.00355545565327
 20
80.5
 10
402.673268837947
 20
79.70186667064307
 10
403.5755712370296
 20
79.18092213764227
 10
404.6016316670066
 20
79.0
 10
511.0
 20
79.0
 10
512.026060429977
 20
79.18092213764227
 10
512.9283628290597
 20
79.70186667064307
 10
513.5980762113534
 20
80.5
 10
513.9544232590366
 20
81.47905546699921
 10
513.9544232590366
 20
82.52094453300079
 10
513.5980762113534
 20
83.5
 10
512.9283628290597
 20
84.29813332935693
 10
512.026060429977
 20
84.81907786235773
 10
511.0
 20
85.0
  0
LWPOLYLINE
  5
B4
330
17
100
AcDbEntity
  8
CUT_INSIDE
100
AcDbPolyline
 90
21
 70
1
 10
496.9412901324024
 20
113.0
 10
444.8003238359206
 20
113.0
 10
443.77426340594366
 20
112.81907786235773
 10
442.871961006861
 20
112.29813332935693
 10
442.2022476245673
 20
111.5
 10
441.845900576884
 20
110.52094453300079
 10
441.845900576884
 20
109.47905546699921
 10
442.2022476245673
 20
108.5
 10
442.871961006861
 20
107.70186667064307
 10
443.77426340594366
 20
107.18092213764227
 10
444.8003238359206
 20
107.0
 10
496.9412901324024
 20
107.0
 10
497.96735056237935
 20
107.18092213764227
 10
498.869652961462
 20
107.70186667064307
 10
499.5393663437557
 20
108.5
 10
499.895713391439
 20
109.47905546699921
 10
499.895713391439
 20
110.52094453300079
 10
499.5393663437557
 20
111.5
 10
498.869652961462
 20
112.29813332935693
 10
497.96735056237935
 20
112.81907786235773
 10
496.9412901324024
 20
113.0
  0
LWPOLYLINE
  5
B5
330
17
100
AcDbEntity
  8
CUT_INSIDE
100
AcDbPolyline
 90
21
 70
1
 10
511.0
 20
99.0
 10
466.01377495611143
 20
99.0
 10
464.9877145261344
 20
98.81907786235773
 10
464.0854121270518
 20
98.29813332935693
 10
463.4156987447581
 20
97.5
 10
463.0593516970748
 20
96.52094453300079
 10
463.0593516970748
 20
95.47905546699921
 10
463.4156987447581
 20
94.5
 10
464.0854121270518
 20
93.70186667064307
 10
464.9877145261344
 20
93.18092213764227
 10
466.01377495611143
 20
93.0
 10
511.0
 20
93.0
 10
512.026060429977
 20
93.18092213764227
 10
512.9283628290597
 20
93.70186667064307
 10
513.5980762113534
 20
94.5
 10
513.9544232590366
 20
95.47905546699921
 10
513.9544232590366
 20
96.52094453300079
 10
513.5980762113534
 20
97.5
 10
512.9283628290597
 20
98.29813332935693
 10
512.026060429977
 20
98.81907786235773
 10
511.0
 20
99.0
  0
LWPOLYLINE
  5
B6
330
17
100
AcDbEntity
  8
CUT_INSIDE
100
AcDbPolyline
 90
21
 70
1
 10
511.0
 20
127.0
 10
467.6100772087698
 20
127.0
 10
466.58401677879283
 20
126.81907786235772
 10
465.6817143797102
 20
126.29813332935694
 10
465.0120009974165
 20
125.5
 10
464.65565394973316
 20
124.5209445330008
 10
464.65565394973316
 20
123.47905546699921
 10
465.0120009974165
 20
122.5
 10
465.6817143797102
 20
121.70186667064307
 10
466.58401677879283
 20
121.18092213764227
 10
467.6100772087698
 20
121.0
 10
511.0
 20
121.0
 10
512.026060429977
 20
121.18092213764227
 10
512.9283628290596
 20
121.70186667064307
 10
513.5980762113533
 20
122.5
 10
513.9544232590366
 20
123.47905546699921
 10
513.9544232590366
 20
124.5209445330008
 10
513.5980762113533
 20
125.5
 10
512.9283628290596
 20
126.29813332935694
 10
512.026060429977
 20
126.81907786235772
 10
511.0
 20
127.0
  0
LWPOLYLINE
  5
B7
330
17
100
AcDbEntity
  8
CUT_INSIDE
100
AcDbPolyline
 90
21
 70
1
 10
433.12517329725665
 20
155.0
 10
387.62397446877105
 20
155.0
 10
386.59791403879404
 20
154.81907786235772
 10
385.69561163971144
 20
154.29813332935694
 10
385.02589825741774
 20
153.5
 10
384.66955120973444
 20
152.5209445330008
 10
384.66955120973444
 20
151.4790554669992
 10
385.02589825741774
 20
150.5
 10
385.69561163971144
 20
149.70186667064306
 10
386.59791403879404
 20
149.18092213764228
 10
387.62397446877105
 20
149.0
 10
433.12517329725665
 20
149.0
 10
434.15123372723366
 20
149.18092213764228
 10
435.05353612631626
 20
149.70186667064306
 10
435.72324950860997
 20
150.5
 10
436.07959655629327
 20
151.4790554669992
 10
436.07959655629327
 20
152.5209445330008
 10
435.72324950860997
 20
153.5
 10
435.05353612631626
 20
154.29813332935694
 10
434.15123372723366
 20
154.81907786235772
 10
433.12517329725665
 20
155.0
  0
LWPOLYLINE
  5
B8
330
17
100
AcDbEntity
  8
CUT_INSIDE
100
AcDbPolyline
 90
21
 70
1
 10
413.80880479450946
 20
169.0
 10
388.17630410279276
 20
169.0
 10
387.15024367281575
 20
168.81907786235772
 10
386.24794127373315
 20
168.29813332935694
 10
385.57822789143944
 20
167.5
 10
385.22188084375614
 20
166.5209445330008
 10
385.22188084375614
 20
165.4790554669992
 10
385.57822789143944
 20
164.5
 10
386.24794127373315
 20
163.70186667064306
 10
387.15024367281575
 20
163.18092213764228
 10
388.17630410279276
 20
163.0
 10
413.80880479450946
 20
163.0
 10
414.83486522448646
 20
163.18092213764228
 10
415.73716762356906
 20
163.70186667064306
 10
416.4068810058628
 20
164.5
 10
416.7632280535461
 20
165.4790554669992
 10
416.7632280535461
 20
166.5209445330008
 10
416.4068810058628
 20
167.5
 10
415.73716762356906
 20
168.29813332935694
 10
414.83486522448646
 20
168.81907786235772
 10
413.80880479450946
 20
169.0
  0
LWPOLYLINE
  5
B9
330
17
100
AcDbEntity
  8
CUT_INSIDE
100
AcDbPolyline
 90
21
 70
1
 10
459.4435648861374
 20
169.0
 10
433.8678986476546
 20
169.0
 10
432.8418382176776
 20
168.81907786235772
 10
431.93953581859495
 20
168.29813332935694
 10
431.2698224363013
 20
167.5
 10
430.91347538861794
 20
166.5209445330008
 10
430.91347538861794
 20
165.4790554669992
 10
431.2698224363013
 20
164.5
 10
431.93953581859495
 20
163.70186667064306
 10
432.8418382176776
 20
163.18092213764228
 10
433.8678986476546
 20
163.0
 10
459.4435648861374
 20
163.0
 10
460.4696253161144
 20
163.18092213764228
 10
461.37192771519705
 20
163.70186667064306
 10
462.0416410974907
 20
164.5
 10
462.39798814517405
 20
165.4790554669992
 10
462.39798814517405
 20
166.5209445330008
 10
462.0416410974907
 20
167.5
 10
461.37192771519705
 20
168.29813332935694
 10
460.4696253161144
 20
168.81907786235772
 10
459.4435648861374
 20
169.0
  0
LWPOLYLINE
  5
BA
330
17
100
AcDbEntity
  8
CUT_INSIDE
100
AcDbPolyline
 90
21
 70
1
 10
428.38611246800735
 20
211.0
 10
378.264950802561
 20
211.0
 10
377.23889037258397
 20
210.81907786235772
 10
376.33658797350137
 20
210.29813332935694
 10
375.66687459120766
 20
209.5
 10
375.31052754352436
 20
208.5209445330008
 10
375.31052754352436
 20
207.4790554669992
 10
375.66687459120766
 20
206.5
 10
376.33658797350137
 20
205.70186667064306
 10
377.23889037258397
 20
205.18092213764228
 10
378.264950802561
 20
205.0
 10
428.38611246800735
 20
205.0
 10
429.41217289798436
 20
205.18092213764228
 10
430.31447529706696
 20
205.70186667064306
 10
430.98418867936067
 20
206.5
 10
431.34053572704397
 20
207.4790554669992
 10
431.34053572704397
 20
208.5209445330008
 10
430.98418867936067
 20
209.5
 10
430.31447529706696
 20
210.29813332935694
 10
429.41217289798436
 20
210.81907786235772
 10
428.38611246800735
 20
211.0
  0
LWPOLYLINE
  5
BB
330
17
100
AcDbEntity
  8
CUT_INSIDE
100
AcDbPolyline
 90
21
 70
1
 10
427.0917036042463
 20
225.0
 10
381.86052340731703
 20
225.0
 10
380.83446297734
 20
224.81907786235772
 10
379.93216057825737
 20
224.29813332935694
 10
379.2624471959637
 20
223.5
 10
378.9061001482804
 20
222.5209445330008
 10
378.9061001482804
 20
221.4790554669992
 10
379.2624471959637
 20
220.5
 10
379.93216057825737
 20
219.70186667064306
 10
380.83446297734
 20
219.18092213764228
 10
381.86052340731703
 20
219.0
 10
427.0917036042463
 20
219.0
 10
428.1177640342233
 20
219.18092213764228
 10
429.02006643330594
 20
219.70186667064306
 10
429.6897798155996
 20
220.5
 10
430.0461268632829
 20
221.4790554669992
 10
430.0461268632829
 20
222.5209445330008
 10
429.6897798155996
 20
223.5
 10
429.02006643330594
 20
224.29813332935694
 10
428.1177640342233
 20
224.81907786235772
 10
427.0917036042463
 20
225.0
  0
LWPOLYLINE
  5
BC
330
17
100
AcDbEntity
  8
CUT_INSIDE
100
AcDbPolyline
 90
21
 70
1
 10
448.9085357448627
 20
197.0
 10
429.87363958058864
 20
197.0
 10
428.84757915061164
 20
196.81907786235772
 10
427.94527675152904
 20
196.29813332935694
 10
427.27556336923533
 20
195.5
 10
426.919216321552
 20
194.5209445330008
 10
426.919216321552
 20
193.4790554669992
 10
427.27556336923533
 20
192.5
 10
427.94527675152904
 20
191.70186667064306
 10
428.84757915061164
 20
191.18092213764228
 10
429.87363958058864
 20
191.0
 10
448.9085357448627
 20
191.0
 10
449.9345961748397
 20
191.18092213764228
 10
450.8368985739223
 20
191.70186667064306
 10
451.50661195621603
 20
192.5
 10
451.86295900389933
 20
193.4790554669992
 10
451.86295900389933
 20
194.5209445330008
 10
451.50661195621603
 20
195.5
 10
450.8368985739223
 20
196.29813332935694
 10
449.9345961748397
 20
196.81907786235772
 10
448.9085357448627
 20
197.0
  0
LWPOLYLINE
  5
BD
330
17
100
AcDbEntity
  8
CUT_INSIDE
100
AcDbPolyline
 90
21
 70
1
 10
496.74864242815863
 20
141.0
 10
455.4070361636776
 20
141.0
 10
454.3809757337006
 20
140.81907786235772
 10
453.47867333461795
 20
140.29813332935694
 10
452.8089599523243
 20
139.5
 10
452.452612904641
 20
138.5209445330008
 10
452.452612904641
 20
137.4790554669992
 10
452.8089599523243
 20
136.5
 10
453.47867333461795
 20
135.70186667064306
 10
454.3809757337006
 20
135.18092213764228
 10
455.4070361636776
 20
135.0
 10
496.74864242815863
 20
135.0
 10
497.77470285813564
 20
135.18092213764228
 10
498.6770052572183
 20
135.70186667064306
 10
499.34671863951195
 20
136.5
 10
499.70306568719525
 20
137.4790554669992
 10
499.70306568719525
 20
138.5209445330008
 10
499.34671863951195
 20
139.5
 10
498.6770052572183
 20
140.29813332935694
 10
497.77470285813564
 20
140.81907786235772
 10
496.74864242815863
 20
141.0
  0
LWPOLYLINE
  5
BE
330
17
100
AcDbEntity
  8
CUT_INSIDE
100
AcDbPolyline
 90
21
 70
1
 10
498.02196180906765
 20
155.0
 10
465.40046079640274
 20
155.0
 10
464.37440036642573
 20
154.81907786235772
 10
463.47209796734313
 20
154.29813332935694
 10
462.8023845850494
 20
153.5
 10
462.4460375373661
 20
152.5209445330008
 10
462.4460375373661
 20
151.4790554669992
 10
462.8023845850494
 20
150.5
 10
463.47209796734313
 20
149.70186667064306
 10
464.37440036642573
 20
149.18092213764228
 10
465.40046079640274
 20
149.0
 10
498.02196180906765
 20
149.0
 10
499.04802223904466
 20
149.18092213764228
 10
499.95032463812726
 20
149.70186667064306
 10
500.62003802042096
 20
150.5
 10
500.97638506810426
 20
151.4790554669992
 10
500.97638506810426
 20
152.5209445330008
 10
500.62003802042096
 20
153.5
 10
499.95032463812726
 20
154.29813332935694
 10
499.04802223904466
 20
154.81907786235772
 10
498.02196180906765
 20
155.0
  0
LWPOLYLINE
  5
BF
330
17
100
AcDbEntity
  8
CUT_INSIDE
100
AcDbPolyline
 90
21
 70
1
 10
474.0219266522683
 20
183.0
 10
436.09917122437406
 20
183.0
 10
435.07311079439705
 20
182.81907786235772
 10
434.17080839531445
 20
182.29813332935694
 10
433.50109501302074
 20
181.5
 10
433.14474796533744
 20
180.5209445330008
 10
433.14474796533744
 20
179.4790554669992
 10
433.50109501302074
 20
178.5
 10
434.17080839531445
 20
177.70186667064306
 10
435.07311079439705
 20
177.18092213764228
 10
436.09917122437406
 20
177.0
 10
474.0219266522683
 20
177.0
 10
475.0479870822453
 20
177.18092213764228
 10
475.9502894813279
 20
177.70186667064306
 10
476.6200028636216
 20
178.5
 10
476.9763499113049
 20
179.4790554669992
 10
476.9763499113049
 20
180.5209445330008
 10
476.6200028636216
 20
181.5
 10
475.9502894813279
 20
182.29813332935694
 10
475.0479870822453
 20
182.81907786235772
 10
474.0219266522683
 20
183.0
  0
LWPOLYLINE
  5
C0
330
17
100
AcDbEntity
  8
CUT_INSIDE
100
AcDbPolyline
 90
21
 70
1
 10
511.0
 20
169.0
 10
480.58149393781605
 20
169.0
 10
479.5554335078391
 20
168.81907786235772
 10
478.65313110875644
 20
168.29813332935694
 10
477.9834177264628
 20
167.5
 10
477.62707067877943
 20
166.5209445330008
 10
477.62707067877943
 20
165.4790554669992
 10
477.9834177264628
 20
164.5
 10
478.65313110875644
 20
163.70186667064306
 10
479.5554335078391
 20
163.18092213764228
 10
480.58149393781605
 20
163.0
 10
511.0
 20
163.0
 10
512.026060429977
 20
163.18092213764228
 10
512.9283628290596
 20
163.70186667064306
 10
513.5980762113533
 20
164.5
 10
513.9544232590366
 20
165.4790554669992
 10
513.9544232590366
 20
166.5209445330008
 10
513.5980762113533
 20
167.5
 10
512.9283628290596
 20
168.29813332935694
 10
512.026060429977
 20
168.81907786235772
 10
511.0
 20
169.0
  0
LWPOLYLINE
  5
C1
330
17
100
AcDbEntity
  8
CUT_INSIDE
100
AcDbPolyline
 90
21
 70
1
 10
492.77844981642636
 20
225.0
 10
459.63662067037274
 20
225.0
 10
458.6105602403957
 20
224.81907786235772
 10
457.7082578413131
 20
224.29813332935694
 10
457.0385444590194
 20
223.5
 10
456.6821974113361
 20
222.5209445330008
 10
456.6821974113361
 20
221.4790554669992
 10
457.0385444590194
 20
220.5
 10
457.7082578413131
 20
219.70186667064306
 10
458.6105602403957
 20
219.18092213764228
 10
459.63662067037274
 20
219.0
 10
492.77844981642636
 20
219.0
 10
493.80451024640337
 20
219.18092213764228
 10
494.70681264548597
 20
219.70186667064306
 10
495.3765260277797
 20
220.5
 10
495.732873075463
 20
221.4790554669992
 10
495.732873075463
 20
222.5209445330008
 10
495.3765260277797
 20
223.5
 10
494.70681264548597
 20
224.29813332935694
 10
493.80451024640337
 20
224.81907786235772
 10
492.77844981642636
 20
225.0
  0
LWPOLYLINE
  5
C2
330
17
100
AcDbEntity
  8
CUT_INSIDE
100
AcDbPolyline
 90
21
 70
1
 10
507.8118928654741
 20
197.0
 10
487.2910276122826
 20
197.0
 10
486.2649671823056
 20
196.81907786235772
 10
485.362664783223
 20
196.29813332935694
 10
484.6929514009293
 20
195.5
 10
484.336604353246
 20
194.5209445330008
 10
484.336604353246
 20
193.4790554669992
 10
484.6929514009293
 20
192.5
 10
485.362664783223
 20
191.70186667064306
 10
486.2649671823056
 20
191.18092213764228
 10
487.2910276122826
 20
191.0
 10
507.8118928654741
 20
191.0
 10
508.83795329545103
 20
191.18092213764228
 10
509.74025569453374
 20
191.70186667064306
 10
510.40996907682734
 20
192.5
 10
510.7663161245107
 20
193.4790554669992
 10
510.7663161245107
 20
194.5209445330008
 10
510.40996907682734
 20
195.5
 10
509.74025569453374
 20
196.29813332935694
 10
508.83795329545103
 20
196.81907786235772
 10
507.8118928654741
 20
197.0
  0
LWPOLYLINE
  5
C3
330
17
100
AcDbEntity
  8
CUT_INSIDE
100
AcDbPolyline
 90
21
 70
1
 10
511.0
 20
211.0
 10
467.84271700415763
 20
211.0
 10
466.8166565741806
 20
210.81907786235772
 10
465.914354175098
 20
210.29813332935694
 10
465.2446407928043
 20
209.5
 10
464.888293745121
 20
208.5209445330008
 10
464.888293745121
 20
207.4790554669992
 10
465.2446407928043
 20
206.5
 10
465.914354175098
 20
205.70186667064306
 10
466.8166565741806
 20
205.18092213764228
 10
467.84271700415763
 20
205.0
 10
511.0
 20
205.0
 10
512.026060429977
 20
205.18092213764228
 10
512.9283628290597
 20
205.70186667064306
 10
513.5980762113534
 20
206.5
 10
513.9544232590366
 20
207.4790554669992
 10
513.9544232590366
 20
208.5209445330008
 10
513.5980762113534
 20
209.5
 10
512.9283628290597
 20
210.29813332935694
 10
512.026060429977
 20
210.81907786235772
 10
511.0
 20
211.0
  0
LWPOLYLINE
  5
C4
330
17
100
AcDbEntity
  8
CUT_INSIDE
100
AcDbPolyline
 90
21
 70
1
 10
287.8799877688981
 20
239.0
 10
264.633250644909
 20
239.0
 10
263.607190214932
 20
238.81907786235772
 10
262.7048878158494
 20
238.29813332935694
 10
262.0351744335557
 20
237.5
 10
261.6788273858724
 20
236.5209445330008
 10
261.6788273858724
 20
235.4790554669992
 10
262.0351744335557
 20
234.5
 10
262.7048878158494
 20
233.70186667064306
 10
263.607190214932
 20
233.18092213764228
 10
264.633250644909
 20
233.0
 10
287.8799877688981
 20
233.0
 10
288.9060481988751
 20
233.18092213764228
 10
289.8083505979577
 20
233.70186667064306
 10
290.4780639802514
 20
234.5
 10
290.8344110279347
 20
235.4790554669992
 10
290.8344110279347
 20
236.5209445330008
 10
290.4780639802514
 20
237.5
 10
289.8083505979577
 20
238.29813332935694
 10
288.9060481988751
 20
238.81907786235772
 10
287.8799877688981
 20
239.0
  0
LWPOLYLINE
  5
C5
330
17
100
AcDbEntity
  8
CUT_INSIDE
100
AcDbPolyline
 90
21
 70
1
 10
309.03466452869907
 20
253.0
 10
288.61619242774907
 20
253.0
 10
287.59013199777206
 20
252.81907786235774
 10
286.68782959868946
 20
252.29813332935692
 10
286.01811621639575
 20
251.5
 10
285.66176916871245
 20
250.5209445330008
 10
285.66176916871245
 20
249.4790554669992
 10
286.01811621639575
 20
248.5
 10
286.68782959868946
 20
247.70186667064306
 10
287.59013199777206
 20
247.18092213764228
 10
288.61619242774907
 20
247.0
 10
309.03466452869907
 20
247.0
 10
310.0607249586761
 20
247.18092213764228
 10
310.9630273577587
 20
247.70186667064306
 10
311.6327407400524
 20
248.5
 10
311.9890877877357
 20
249.4790554669992
 10
311.9890877877357
 20
250.5209445330008
 10
311.6327407400524
 20
251.5
 10
310.9630273577587
 20
252.29813332935692
 10
310.0607249586761
 20
252.81907786235774
 10
309.03466452869907
 20
253.0
  0
LWPOLYLINE
  5
C6
330
17
100
AcDbEntity
  8
CUT_INSIDE
100
AcDbPolyline
 90
21
 70
1
 10
298.1572336092655
 20
295.0
 10
275.24312495110667
 20
295.0
 10
274.21706452112966
 20
294.81907786235774
 10
273.31476212204706
 20
294.2981333293569
 10
272.64504873975335
 20
293.5
 10
272.28870169207005
 20
292.5209445330008
 10
272.28870169207005
 20
291.4790554669992
 10
272.64504873975335
 20
290.5
 10
273.31476212204706
 20
289.7018666706431
 10
274.21706452112966
 20
289.18092213764226
 10
275.24312495110667
 20
289.0
 10
298.1572336092655
 20
289.0
 10
299.1832940392425
 20
289.18092213764226
 10
300.0855964383251
 20
289.7018666706431
 10
300.75530982061883
 20
290.5
 10
301.11165686830213
 20
291.4790554669992
 10
301.11165686830213
 20
292.5209445330008
 10
300.75530982061883
 20
293.5
 10
300.0855964383251
 20
294.2981333293569
 10
299.1832940392425
 20
294.81907786235774
 10
298.1572336092655
 20
295.0
  0
LWPOLYLINE
  5
C7
330
17
100
AcDbEntity
  8
CUT_INSIDE
100
AcDbPolyline
 90
21
 70
1
 10
291.7160152175928
 20
323.0
 10
261.5998593887899
 20
323.0
 10
260.5737989588129
 20
322.81907786235774
 10
259.6714965597303
 20
322.2981333293569
 10
259.0017831774366
 20
321.5
 10
258.6454361297533
 20
320.5209445330008
 10
258.6454361297533
 20
319.4790554669992
 10
259.0017831774366
 20
318.5
 10
259.6714965597303
 20
317.7018666706431
 10
260.5737989588129
 20
317.18092213764226
 10
261.5998593887899
 20
317.0
 10
291.7160152175928
 20
317.0
 10
292.74207564756983
 20
317.18092213764226
 10
293.64437804665243
 20
317.7018666706431
 10
294.31409142894614
 20
318.5
 10
294.67043847662944
 20
319.4790554669992
 10
294.67043847662944
 20
320.5209445330008
 10
294.31409142894614
 20
321.5
 10
293.64437804665243
 20
322.2981333293569
 10
292.74207564756983
 20
322.81907786235774
 10
291.7160152175928
 20
323.0
  0
LWPOLYLINE
  5
C8
330
17
100
AcDbEntity
  8
CUT_INSIDE
100
AcDbPolyline
 90
21
 70
1
 10
329.10314035694785
 20
309.0
 10
287.3743089489036
 20
309.0
 10
286.3482485189266
 20
308.81907786235774
 10
285.44594611984394
 20
308.2981333293569
 10
284.7762327375503
 20
307.5
 10
284.419885689867
 20
306.5209445330008
 10
284.419885689867
 20
305.4790554669992
 10
284.7762327375503
 20
304.5
 10
285.44594611984394
 20
303.7018666706431
 10
286.3482485189266
 20
303.18092213764226
 10
287.3743089489036
 20
303.0
 10
329.10314035694785
 20
303.0
 10
330.12920078692486
 20
303.18092213764226
 10
331.0315031860075
 20
303.7018666706431
 10
331.70121656830116
 20
304.5
 10
332.05756361598446
 20
305.4790554669992
 10
332.05756361598446
 20
306.5209445330008
 10
331.70121656830116
 20
307.5
 10
331.0315031860075
 20
308.2981333293569
 10
330.12920078692486
 20
308.81907786235774
 10
329.10314035694785
 20
309.0
  0
LWPOLYLINE
  5
C9
330
17
100
AcDbEntity
  8
CUT_INSIDE
100
AcDbPolyline
 90
21
 70
1
 10
358.5415602765679
 20
239.0
 10
324.2984973966845
 20
239.0
 10
323.2724369667075
 20
238.81907786235772
 10
322.37013456762486
 20
238.29813332935694
 10
321.70042118533115
 20
237.5
 10
321.34407413764785
 20
236.5209445330008
 10
321.34407413764785
 20
235.4790554669992
 10
321.70042118533115
 20
234.5
 10
322.37013456762486
 20
233.70186667064306
 10
323.27243696670746
 20
233.18092213764228
 10
324.2984973966845
 20
233.0
 10
358.5415602765679
 20
233.0
 10
359.5676207065449
 20
233.18092213764228
 10
360.4699231056276
 20
233.70186667064306
 10
361.1396364879213
 20
234.5
 10
361.4959835356046
 20
235.4790554669992
 10
361.4959835356046
 20
236.5209445330008
 10
361.1396364879213
 20
237.5
 10
360.4699231056276
 20
238.29813332935694
 10
359.567620706545
 20
238.81907786235772
 10
358.5415602765679
 20
239.0
  0
LWPOLYLINE
  5
CA
330
17
100
AcDbEntity
  8
CUT_INSIDE
100
AcDbPolyline
 90
21
 70
1
 10
382.78225700797344
 20
253.0
 10
335.4429267041806
 20
253.0
 10
334.4168662742036
 20
252.81907786235774
 10
333.514563875121
 20
252.29813332935692
 10
332.8448504928273
 20
251.5
 10
332.488503445144
 20
250.5209445330008
 10
332.488503445144
 20
249.4790554669992
 10
332.8448504928273
 20
248.5
 10
333.514563875121
 20
247.70186667064306
 10
334.4168662742036
 20
247.18092213764228
 10
335.4429267041806
 20
247.0
 10
382.78225700797344
 20
247.0
 10
383.80831743795045
 20
247.18092213764228
 10
384.71061983703305
 20
247.70186667064306
 10
385.38033321932676
 20
248.5
 10
385.73668026701006
 20
249.4790554669992
 10
385.73668026701006
 20
250.5209445330008
 10
385.38033321932676
 20
251.5
 10
384.71061983703305
 20
252.29813332935692
 10
383.80831743795045
 20
252.81907786235774
 10
382.78225700797344
 20
253.0
  0
LWPOLYLINE
  5
CB
330
17
100
AcDbEntity
  8
CUT_INSIDE
100
AcDbPolyline
 90
21
 70
1
 10
362.8107168793046
 20
267.0
 10
332.42432685550494
 20
267.0
 10
331.39826642552794
 20
266.81907786235774
 10
330.49596402644534
 20
266.2981333293569
 10
329.8262506441516
 20
265.5
 10
329.4699035964683
 20
264.5209445330008
 10
329.4699035964683
 20
263.4790554669992
 10
329.8262506441516
 20
262.5
 10
330.49596402644534
 20
261.7018666706431
 10
331.39826642552794
 20
261.18092213764226
 10
332.42432685550494
 20
261.0
 10
362.8107168793046
 20
261.0
 10
363.8367773092816
 20
261.18092213764226
 10
364.7390797083642
 20
261.7018666706431
 10
365.4087930906579
 20
262.5
 10
365.7651401383412
 20
263.4790554669992
 10
365.7651401383412
 20
264.5209445330008
 10
365.4087930906579
 20
265.5
 10
364.7390797083642
 20
266.2981333293569
 10
363.8367773092816
 20
266.81907786235774
 10
362.8107168793046
 20
267.0
  0
LWPOLYLINE
  5
CC
330
17
100
AcDbEntity
  8
CUT_INSIDE
100
AcDbPolyline
 90
21
 70
1
 10
382.6921649829698
 20
281.0
 10
343.23611255307713
 20
281.0
 10
342.2100521231001
 20
280.81907786235774
 10
341.3077497240175
 20
280.2981333293569
 10
340.6380363417238
 20
279.5
 10
340.2816892940405
 20
278.5209445330008
 10
340.2816892940405
 20
277.4790554669992
 10
340.6380363417238
 20
276.5
 10
341.3077497240175
 20
275.7018666706431
 10
342.2100521231001
 20
275.18092213764226
 10
343.23611255307713
 20
275.0
 10
382.6921649829698
 20
275.0
 10
383.7182254129468
 20
275.18092213764226
 10
384.6205278120294
 20
275.7018666706431
 10
385.29024119432313
 20
276.5
 10
385.64658824200643
 20
277.4790554669992
 10
385.64658824200643
 20
278.5209445330008
 10
385.29024119432313
 20
279.5
 10
384.6205278120294
 20
280.2981333293569
 10
383.7182254129468
 20
280.81907786235774
 10
382.6921649829698
 20
281.0
  0
LWPOLYLINE
  5
CD
330
17
100
AcDbEntity
  8
CUT_INSIDE
100
AcDbPolyline
 90
21
 70
1
 10
386.7692005373075
 20
295.0
 10
316.705393332125
 20
295.0
 10
315.679332902148
 20
294.81907786235774
 10
314.7770305030654
 20
294.2981333293569
 10
314.1073171207717
 20
293.5
 10
313.7509700730884
 20
292.5209445330008
 10
313.7509700730884
 20
291.4790554669992
 10
314.1073171207717
 20
290.5
 10
314.7770305030654
 20
289.7018666706431
 10
315.679332902148
 20
289.18092213764226
 10
316.705393332125
 20
289.0
 10
386.7692005373075
 20
289.0
 10
387.7952609672845
 20
289.18092213764226
 10
388.6975633663671
 20
289.7018666706431
 10
389.3672767486608
 20
290.5
 10
389.7236237963441
 20
291.4790554669992
 10
389.7236237963441
 20
292.5209445330008
 10
389.3672767486608
 20
293.5
 10
388.6975633663671
 20
294.2981333293569
 10
387.7952609672845
 20
294.81907786235774
 10
386.7692005373075
 20
295.0
  0
LWPOLYLINE
  5
CE
330
17
100
AcDbEntity
  8
CUT_INSIDE
100
AcDbPolyline
 90
21
 70
1
 10
369.4120943613947
 20
323.0
 10
329.2330968948945
 20
323.0
 10
328.2070364649175
 20
322.81907786235774
 10
327.3047340658349
 20
322.2981333293569
 10
326.6350206835412
 20
321.5
 10
326.2786736358579
 20
320.5209445330008
 10
326.2786736358579
 20
319.4790554669992
 10
326.6350206835412
 20
318.5
 10
327.3047340658349
 20
317.7018666706431
 10
328.2070364649175
 20
317.18092213764226
 10
329.2330968948945
 20
317.0
 10
369.4120943613947
 20
317.0
 10
370.4381547913717
 20
317.18092213764226
 10
371.3404571904543
 20
317.7018666706431
 10
372.010170572748
 20
318.5
 10
372.3665176204313
 20
319.4790554669992
 10
372.3665176204313
 20
320.5209445330008
 10
372.010170572748
 20
321.5
 10
371.3404571904543
 20
322.2981333293569
 10
370.4381547913717
 20
322.81907786235774
 10
369.4120943613947
 20
323.0
  0
LWPOLYLINE
  5
CF
330
17
100
AcDbEntity
  8
CUT_INSIDE
100
AcDbPolyline
 90
21
 70
1
 10
387.00790385745404
 20
309.0
 10
354.83039056136727
 20
309.0
 10
353.80433013139026
 20
308.81907786235774
 10
352.90202773230766
 20
308.2981333293569
 10
352.23231435001395
 20
307.5
 10
351.87596730233065
 20
306.5209445330008
 10
351.87596730233065
 20
305.4790554669992
 10
352.23231435001395
 20
304.5
 10
352.90202773230766
 20
303.7018666706431
 10
353.80433013139026
 20
303.18092213764226
 10
354.83039056136727
 20
303.0
 10
387.00790385745404
 20
303.0
 10
388.03396428743105
 20
303.18092213764226
 10
388.93626668651365
 20
303.7018666706431
 10
389.60598006880736
 20
304.5
 10
389.96232711649066
 20
305.4790554669992
 10
389.96232711649066
 20
306.5209445330008
 10
389.60598006880736
 20
307.5
 10
388.93626668651365
 20
308.2981333293569
 10
388.03396428743105
 20
308.81907786235774
 10
387.00790385745404
 20
309.0
  0
LWPOLYLINE
  5
D0
330
17
100
AcDbEntity
  8
CUT_INSIDE
100
AcDbPolyline
 90
21
 70
1
 10
327.33268986415464
 20
365.0
 10
237.3775270777286
 20
365.0
 10
236.35146664775158
 20
364.81907786235774
 10
235.44916424866898
 20
364.2981333293569
 10
234.77945086637527
 20
363.5
 10
234.42310381869197
 20
362.5209445330008
 10
234.42310381869197
 20
361.4790554669992
 10
234.77945086637527
 20
360.5
 10
235.44916424866898
 20
359.7018666706431
 10
236.35146664775158
 20
359.18092213764226
 10
237.3775270777286
 20
359.0
 10
327.33268986415464
 20
359.0
 10
328.35875029413165
 20
359.18092213764226
 10
329.26105269321425
 20
359.7018666706431
 10
329.93076607550796
 20
360.5
 10
330.28711312319126
 20
361.4790554669992
 10
330.28711312319126
 20
362.5209445330008
 10
329.93076607550796
 20
363.5
 10
329.26105269321425
 20
364.2981333293569
 10
328.35875029413165
 20
364.81907786235774
 10
327.33268986415464
 20
365.0
  0
LWPOLYLINE
  5
D1
330
17
100
AcDbEntity
  8
CUT_INSIDE
100
AcDbPolyline
 90
21
 70
1
 10
357.5807612733771
 20
337.0
 10
307.47374373537366
 20
337.0
 10
306.44768330539665
 20
336.81907786235774
 10
305.54538090631405
 20
336.2981333293569
 10
304.87566752402034
 20
335.5
 10
304.51932047633704
 20
334.5209445330008
 10
304.51932047633704
 20
333.4790554669992
 10
304.87566752402034
 20
332.5
 10
305.54538090631405
 20
331.7018666706431
 10
306.44768330539665
 20
331.18092213764226
 10
307.47374373537366
 20
331.0
 10
357.5807612733771
 20
331.0
 10
358.6068217033541
 20
331.18092213764226
 10
359.5091241024367
 20
331.7018666706431
 10
360.1788374847304
 20
332.5
 10
360.5351845324137
 20
333.4790554669992
 10
360.5351845324137
 20
334.5209445330008
 10
360.1788374847304
 20
335.5
 10
359.5091241024367
 20
336.2981333293569
 10
358.6068217033541
 20
336.81907786235774
 10
357.5807612733771
 20
337.0
  0
LWPOLYLINE
  5
D2
330
17
100
AcDbEntity
  8
CUT_INSIDE
100
AcDbPolyline
 90
21
 70
1
 10
361.773997695396
 20
351.0
 10
297.2129493731396
 20
351.0
 10
296.1868889431626
 20
350.81907786235774
 10
295.28458654408
 20
350.2981333293569
 10
294.6148731617863
 20
349.5
 10
294.258526114103
 20
348.5209445330008
 10
294.258526114103
 20
347.4790554669992
 10
294.6148731617863
 20
346.5
 10
295.28458654408
 20
345.7018666706431
 10
296.1868889431626
 20
345.18092213764226
 10
297.2129493731396
 20
345.0
 10
361.773997695396
 20
345.0
 10
362.800058125373
 20
345.18092213764226
 10
363.7023605244556
 20
345.7018666706431
 10
364.37207390674934
 20
346.5
 10
364.72842095443264
 20
347.4790554669992
 10
364.72842095443264
 20
348.5209445330008
 10
364.37207390674934
 20
349.5
 10
363.7023605244556
 20
350.2981333293569
 10
362.800058125373
 20
350.81907786235774
 10
361.773997695396
 20
351.0
  0
LWPOLYLINE
  5
D3
330
17
100
AcDbEntity
  8
CUT_INSIDE
100
AcDbPolyline
 90
21
 70
1
 10
320.02786033627325
 20
379.0
 10
298.92640131771265
 20
379.0
 10
297.90034088773564
 20
378.81907786235774
 10
296.99803848865304
 20
378.2981333293569
 10
296.32832510635933
 20
377.5
 10
295.97197805867603
 20
376.5209445330008
 10
295.97197805867603
 20
375.4790554669992
 10
296.32832510635933
 20
374.5
 10
296.99803848865304
 20
373.7018666706431
 10
297.90034088773564
 20
373.18092213764226
 10
298.92640131771265
 20
373.0
 10
320.02786033627325
 20
373.0
 10
321.05392076625026
 20
373.18092213764226
 10
321.95622316533286
 20
373.7018666706431
 10
322.62593654762657
 20
374.5
 10
322.98228359530987
 20
375.4790554669992
 10
322.98228359530987
 20
376.5209445330008
 10
322.62593654762657
 20
377.5
 10
321.95622316533286
 20
378.2981333293569
 10
321.05392076625026
 20
378.81907786235774
 10
320.02786033627325
 20
379.0
  0
LWPOLYLINE
  5
D4
330
17
100
AcDbEntity
  8
CUT_INSIDE
100
AcDbPolyline
 90
21
 70
1
 10
301.24424219954614
 20
393.0
 10
261.4048905601515
 20
393.0
 10
260.3788301301745
 20
392.81907786235774
 10
259.4765277310919
 20
392.2981333293569
 10
258.8068143487982
 20
391.5
 10
258.4504673011149
 20
390.5209445330008
 10
258.4504673011149
 20
389.4790554669992
 10
258.8068143487982
 20
388.5
 10
259.4765277310919
 20
387.7018666706431
 10
260.3788301301745
 20
387.18092213764226
 10
261.4048905601515
 20
387.0
 10
301.24424219954614
 20
387.0
 10
302.27030262952314
 20
387.18092213764226
 10
303.17260502860574
 20
387.7018666706431
 10
303.84231841089945
 20
388.5
 10
304.19866545858275
 20
389.4790554669992
 10
304.19866545858275
 20
390.5209445330008
 10
303.84231841089945
 20
391.5
 10
303.17260502860574
 20
392.2981333293569
 10
302.27030262952314
 20
392.81907786235774
 10
301.24424219954614
 20
393.0
  0
LWPOLYLINE
  5
D5
330
17
100
AcDbEntity
  8
CUT_INSIDE
100
AcDbPolyline
 90
21
 70
1
 10
310.3011410505388
 20
407.0
 10
265.1194656919575
 20
407.0
 10
264.0934052619805
 20
406.81907786235774
 10
263.1911028628979
 20
406.2981333293569
 10
262.52138948060417
 20
405.5
 10
262.16504243292087
 20
404.5209445330008
 10
262.16504243292087
 20
403.4790554669992
 10
262.52138948060417
 20
402.5
 10
263.1911028628979
 20
401.7018666706431
 10
264.0934052619805
 20
401.18092213764226
 10
265.1194656919575
 20
401.0
 10
310.3011410505388
 20
401.0
 10
311.3272014805158
 20
401.18092213764226
 10
312.2295038795984
 20
401.7018666706431
 10
312.8992172618921
 20
402.5
 10
313.2555643095754
 20
403.4790554669992
 10
313.2555643095754
 20
404.5209445330008
 10
312.8992172618921
 20
405.5
 10
312.2295038795984
 20
406.2981333293569
 10
311.3272014805158
 20
406.81907786235774
 10
310.3011410505388
 20
407.0
  0
LWPOLYLINE
  5
D6
330
17
100
AcDbEntity
  8
CUT_INSIDE
100
AcDbPolyline
 90
21
 70
1
 10
319.1902753892225
 20
421.0
 10
286.3172567491479
 20
421.0
 10
285.29119631917087
 20
420.81907786235774
 10
284.38889392008826
 20
420.2981333293569
 10
283.71918053779456
 20
419.5
 10
283.36283349011126
 20
418.5209445330008
 10
283.36283349011126
 20
417.4790554669992
 10
283.71918053779456
 20
416.5
 10
284.38889392008826
 20
415.7018666706431
 10
285.29119631917087
 20
415.18092213764226
 10
286.3172567491479
 20
415.0
 10
319.1902753892225
 20
415.0
 10
320.2163358191995
 20
415.18092213764226
 10
321.1186382182821
 20
415.7018666706431
 10
321.7883516005758
 20
416.5
 10
322.1446986482591
 20
417.4790554669992
 10
322.1446986482591
 20
418.5209445330008
 10
321.7883516005758
 20
419.5
 10
321.1186382182821
 20
420.2981333293569
 10
320.2163358191995
 20
420.81907786235774
 10
319.1902753892225
 20
421.0
  0
LWPOLYLINE
  5
D7
330
17
100
AcDbEntity
  8
CUT_INSIDE
100
AcDbPolyline
 90
21
 70
1
 10
394.7346597642071
 20
365.0
 10
352.6916232627814
 20
365.0
 10
351.66556283280437
 20
364.81907786235774
 10
350.7632604337217
 20
364.2981333293569
 10
350.09354705142806
 20
363.5
 10
349.73720000374476
 20
362.5209445330008
 10
349.73720000374476
 20
361.4790554669992
 10
350.09354705142806
 20
360.5
 10
350.7632604337217
 20
359.7018666706431
 10
351.66556283280437
 20
359.18092213764226
 10
352.6916232627814
 20
359.0
 10
394.7346597642071
 20
359.0
 10
395.7607201941841
 20
359.18092213764226
 10
396.66302259326676
 20
359.7018666706431
 10
397.3327359755604
 20
360.5
 10
397.6890830232437
 20
361.4790554669992
 10
397.6890830232437
 20
362.5209445330008
 10
397.3327359755604
 20
363.5
 10
396.66302259326676
 20
364.2981333293569
 10
395.7607201941841
 20
364.81907786235774
 10
394.7346597642071
 20
365.0
  0
LWPOLYLINE
  5
D8
330
17
100
AcDbEntity
  8
CUT_INSIDE
100
AcDbPolyline
 90
21
 70
1
 10
408.1029364947048
 20
379.0
 10
348.7022533621586
 20
379.0
 10
347.6761929321816
 20
378.81907786235774
 10
346.773890533099
 20
378.2981333293569
 10
346.1041771508053
 20
377.5
 10
345.747830103122
 20
376.5209445330008
 10
345.747830103122
 20
375.4790554669992
 10
346.1041771508053
 20
374.5
 10
346.773890533099
 20
373.7018666706431
 10
347.6761929321816
 20
373.18092213764226
 10
348.7022533621586
 20
373.0
 10
408.1029364947048
 20
373.0
 10
409.1289969246818
 20
373.18092213764226
 10
410.0312993237644
 20
373.7018666706431
 10
410.7010127060581
 20
374.5
 10
411.0573597537414
 20
375.4790554669992
 10
411.0573597537414
 20
376.5209445330008
 10
410.7010127060581
 20
377.5
 10
410.0312993237644
 20
378.2981333293569
 10
409.1289969246818
 20
378.81907786235774
 10
408.1029364947048
 20
379.0
  0
LWPOLYLINE
  5
D9
330
17
100
AcDbEntity
  8
CUT_INSIDE
100
AcDbPolyline
 90
21
 70
1
 10
368.8335140494887
 20
393.0
 10
330.8016120931637
 20
393.0
 10
329.7755516631867
 20
392.81907786235774
 10
328.8732492641041
 20
392.2981333293569
 10
328.2035358818104
 20
391.5
 10
327.8471888341271
 20
390.5209445330008
 10
327.8471888341271
 20
389.4790554669992
 10
328.2035358818104
 20
388.5
 10
328.8732492641041
 20
387.7018666706431
 10
329.7755516631867
 20
387.18092213764226
 10
330.8016120931637
 20
387.0
 10
368.8335140494887
 20
387.0
 10
369.8595744794657
 20
387.18092213764226
 10
370.7618768785483
 20
387.7018666706431
 10
371.43159026084203
 20
388.5
 10
371.78793730852533
 20
389.4790554669992
 10
371.78793730852533
 20
390.5209445330008
 10
371.43159026084203
 20
391.5
 10
370.7618768785483
 20
392.2981333293569
 10
369.8595744794657
 20
392.81907786235774
 10
368.8335140494887
 20
393.0
  0
LWPOLYLINE
  5
DA
330
17
100
AcDbEntity
  8
CUT_INSIDE
100
AcDbPolyline
 90
21
 70
1
 10
423.3853954629975
 20
407.0
 10
328.0854607139894
 20
407.0
 10
327.0594002840124
 20
406.81907786235774
 10
326.1570978849298
 20
406.2981333293569
 10
325.4873845026361
 20
405.5
 10
325.1310374549528
 20
404.5209445330008
 10
325.1310374549528
 20
403.4790554669992
 10
325.4873845026361
 20
402.5
 10
326.1570978849298
 20
401.7018666706431
 10
327.0594002840124
 20
401.18092213764226
 10
328.0854607139894
 20
401.0
 10
423.3853954629975
 20
401.0
 10
424.4114558929745
 20
401.18092213764226
 10
425.3137582920571
 20
401.7018666706431
 10
425.9834716743508
 20
402.5
 10
426.3398187220341
 20
403.4790554669992
 10
426.3398187220341
 20
404.5209445330008
 10
425.9834716743508
 20
405.5
 10
425.3137582920571
 20
406.2981333293569
 10
424.4114558929745
 20
406.81907786235774
 10
423.3853954629975
 20
407.0
  0
LWPOLYLINE
  5
DB
330
17
100
AcDbEntity
  8
CUT_INSIDE
100
AcDbPolyline
 90
21
 70
1
 10
394.6256319663184
 20
421.0
 10
351.63812152713575
 20
421.0
 10
350.61206109715874
 20
420.81907786235774
 10
349.7097586980761
 20
420.2981333293569
 10
349.04004531578244
 20
419.5
 10
348.6836982680991
 20
418.5209445330008
 10
348.6836982680991
 20
417.4790554669992
 10
349.04004531578244
 20
416.5
 10
349.7097586980761
 20
415.7018666706431
 10
350.61206109715874
 20
415.18092213764226
 10
351.63812152713575
 20
415.0
 10
394.6256319663184
 20
415.0
 10
395.6516923962954
 20
415.18092213764226
 10
396.55399479537806
 20
415.7018666706431
 10
397.2237081776717
 20
416.5
 10
397.58005522535507
 20
417.4790554669992
 10
397.58005522535507
 20
418.5209445330008
 10
397.2237081776717
 20
419.5
 10
396.55399479537806
 20
420.2981333293569
 10
395.6516923962954
 20
420.81907786235774
 10
394.6256319663184
 20
421.0
  0
LWPOLYLINE
  5
DC
330
17
100
AcDbEntity
  8
CUT_INSIDE
100
AcDbPolyline
 90
21
 70
1
 10
456.8118586617636
 20
239.0
 10
388.2932981985773
 20
239.0
 10
387.26723776860024
 20
238.81907786235772
 10
386.36493536951764
 20
238.29813332935694
 10
385.69522198722393
 20
237.5
 10
385.33887493954063
 20
236.5209445330008
 10
385.33887493954063
 20
235.4790554669992
 10
385.69522198722393
 20
234.5
 10
386.36493536951764
 20
233.70186667064306
 10
387.26723776860024
 20
233.18092213764228
 10
388.2932981985773
 20
233.0
 10
456.8118586617636
 20
233.0
 10
457.8379190917407
 20
233.18092213764228
 10
458.7402214908233
 20
233.70186667064306
 10
459.409934873117
 20
234.5
 10
459.7662819208003
 20
235.4790554669992
 10
459.7662819208003
 20
236.5209445330008
 10
459.409934873117
 20
237.5
 10
458.7402214908233
 20
238.29813332935694
 10
457.8379190917407
 20
238.81907786235772
 10
456.8118586617636
 20
239.0
  0
LWPOLYLINE
  5
DD
330
17
100
AcDbEntity
  8
CUT_INSIDE
100
AcDbPolyline
 90
21
 70
1
 10
432.8815619403259
 20
253.0
 10
410.2190422037381
 20
253.0
 10
409.1929817737611
 20
252.81907786235774
 10
408.2906793746785
 20
252.29813332935692
 10
407.6209659923848
 20
251.5
 10
407.2646189447015
 20
250.5209445330008
 10
407.2646189447015
 20
249.4790554669992
 10
407.6209659923848
 20
248.5
 10
408.2906793746785
 20
247.70186667064306
 10
409.1929817737611
 20
247.18092213764228
 10
410.2190422037381
 20
247.0
 10
432.8815619403259
 20
247.0
 10
433.90762237030293
 20
247.18092213764228
 10
434.80992476938553
 20
247.70186667064306
 10
435.47963815167924
 20
248.5
 10
435.83598519936254
 20
249.4790554669992
 10
435.83598519936254
 20
250.5209445330008
 10
435.47963815167924
 20
251.5
 10
434.80992476938553
 20
252.29813332935692
 10
433.90762237030293
 20
252.81907786235774
 10
432.8815619403259
 20
253.0
  0
LWPOLYLINE
  5
DE
330
17
100
AcDbEntity
  8
CUT_INSIDE
100
AcDbPolyline
 90
21
 70
1
 10
427.5331533627718
 20
267.0
 10
391.5150616792632
 20
267.0
 10
390.4890012492862
 20
266.81907786235774
 10
389.58669885020356
 20
266.2981333293569
 10
388.91698546790985
 20
265.5
 10
388.56063842022655
 20
264.5209445330008
 10
388.56063842022655
 20
263.4790554669992
 10
388.91698546790985
 20
262.5
 10
389.58669885020356
 20
261.7018666706431
 10
390.48900124928616
 20
261.18092213764226
 10
391.5150616792632
 20
261.0
 10
427.5331533627718
 20
261.0
 10
428.55921379274884
 20
261.18092213764226
 10
429.4615161918315
 20
261.7018666706431
 10
430.1312295741252
 20
262.5
 10
430.4875766218085
 20
263.4790554669992
 10
430.4875766218085
 20
264.5209445330008
 10
430.1312295741252
 20
265.5
 10
429.4615161918315
 20
266.2981333293569
 10
428.5592137927489
 20
266.81907786235774
 10
427.5331533627718
 20
267.0
  0
LWPOLYLINE
  5
DF
330
17
100
AcDbEntity
  8
CUT_INSIDE
100
AcDbPolyline
 90
21
 70
1
 10
435.50615364806185
 20
281.0
 10
416.1300011689277
 20
281.0
 10
415.10394073895077
 20
280.81907786235774
 10
414.2016383398681
 20
280.2981333293569
 10
413.53192495757446
 20
279.5
 10
413.1755779098911
 20
278.5209445330008
 10
413.1755779098911
 20
277.4790554669992
 10
413.53192495757446
 20
276.5
 10
414.2016383398681
 20
275.7018666706431
 10
415.10394073895077
 20
275.18092213764226
 10
416.1300011689277
 20
275.0
 10
435.50615364806185
 20
275.0
 10
436.5322140780388
 20
275.18092213764226
 10
437.43451647712146
 20
275.7018666706431
 10
438.1042298594151
 20
276.5
 10
438.46057690709847
 20
277.4790554669992
 10
438.46057690709847
 20
278.5209445330008
 10
438.1042298594151
 20
279.5
 10
437.43451647712146
 20
280.2981333293569
 10
436.5322140780388
 20
280.81907786235774
 10
435.50615364806185
 20
281.0
  0
LWPOLYLINE
  5
E0
330
17
100
AcDbEntity
  8
CUT_INSIDE
100
AcDbPolyline
 90
21
 70
1
 10
433.94651325393545
 20
323.0
 10
403.8265695815344
 20
323.0
 10
402.80050915155743
 20
322.81907786235774
 10
401.8982067524748
 20
322.2981333293569
 10
401.22849337018107
 20
321.5
 10
400.87214632249777
 20
320.5209445330008
 10
400.87214632249777
 20
319.4790554669992
 10
401.22849337018107
 20
318.5
 10
401.8982067524748
 20
317.7018666706431
 10
402.80050915155743
 20
317.18092213764226
 10
403.8265695815344
 20
317.0
 10
433.94651325393545
 20
317.0
 10
434.9725736839124
 20
317.18092213764226
 10
435.87487608299506
 20
317.7018666706431
 10
436.54458946528877
 20
318.5
 10
436.90093651297207
 20
319.4790554669992
 10
436.90093651297207
 20
320.5209445330008
 10
436.54458946528877
 20
321.5
 10
435.87487608299506
 20
322.2981333293569
 10
434.9725736839124
 20
322.81907786235774
 10
433.94651325393545
 20
323.0
  0
LWPOLYLINE
  5
E1
330
17
100
AcDbEntity
  8
CUT_INSIDE
100
AcDbPolyline
 90
21
 70
1
 10
436.22509207437406
 20
295.0
 10
415.1249842808859
 20
295.0
 10
414.0989238509089
 20
294.81907786235774
 10
413.1966214518263
 20
294.2981333293569
 10
412.52690806953257
 20
293.5
 10
412.17056102184927
 20
292.5209445330008
 10
412.17056102184927
 20
291.4790554669992
 10
412.52690806953257
 20
290.5
 10
413.1966214518263
 20
289.7018666706431
 10
414.0989238509089
 20
289.18092213764226
 10
415.1249842808859
 20
289.0
 10
436.22509207437406
 20
289.0
 10
437.25115250435107
 20
289.18092213764226
 10
438.15345490343367
 20
289.7018666706431
 10
438.8231682857274
 20
290.5
 10
439.1795153334107
 20
291.4790554669992
 10
439.1795153334107
 20
292.5209445330008
 10
438.8231682857274
 20
293.5
 10
438.15345490343367
 20
294.2981333293569
 10
437.25115250435107
 20
294.81907786235774
 10
436.22509207437406
 20
295.0
  0
LWPOLYLINE
  5
E2
330
17
100
AcDbEntity
  8
CUT_INSIDE
100
AcDbPolyline
 90
21
 70
1
 10
484.21629754201365
 20
253.0
 10
463.71103907695226
 20
253.0
 10
462.68497864697525
 20
252.81907786235774
 10
461.7826762478926
 20
252.29813332935692
 10
461.11296286559894
 20
251.5
 10
460.75661581791564
 20
250.5209445330008
 10
460.75661581791564
 20
249.4790554669992
 10
461.11296286559894
 20
248.5
 10
461.7826762478926
 20
247.70186667064306
 10
462.68497864697525
 20
247.18092213764228
 10
463.71103907695226
 20
247.0
 10
484.21629754201365
 20
247.0
 10
485.24235797199066
 20
247.18092213764228
 10
486.1446603710733
 20
247.70186667064306
 10
486.81437375336697
 20
248.5
 10
487.17072080105027
 20
249.4790554669992
 10
487.17072080105027
 20
250.5209445330008
 10
486.81437375336697
 20
251.5
 10
486.1446603710733
 20
252.29813332935692
 10
485.24235797199066
 20
252.81907786235774
 10
484.21629754201365
 20
253.0
  0
LWPOLYLINE
  5
E3
330
17
100
AcDbEntity
  8
CUT_INSIDE
100
AcDbPolyline
 90
21
 70
1
 10
493.1154550922341
 20
267.0
 10
458.6847132879713
 20
267.0
 10
457.6586528579943
 20
266.81907786235774
 10
456.7563504589117
 20
266.2981333293569
 10
456.086637076618
 20
265.5
 10
455.7302900289347
 20
264.5209445330008
 10
455.7302900289347
 20
263.4790554669992
 10
456.086637076618
 20
262.5
 10
456.7563504589117
 20
261.7018666706431
 10
457.6586528579943
 20
261.18092213764226
 10
458.6847132879713
 20
261.0
 10
493.1154550922341
 20
261.0
 10
494.1415155222111
 20
261.18092213764226
 10
495.0438179212937
 20
261.7018666706431
 10
495.7135313035874
 20
262.5
 10
496.0698783512707
 20
263.4790554669992
 10
496.0698783512707
 20
264.5209445330008
 10
495.7135313035874
 20
265.5
 10
495.0438179212937
 20
266.2981333293569
 10
494.1415155222111
 20
266.81907786235774
 10
493.1154550922341
 20
267.0
  0
LWPOLYLINE
  5
E4
330
17
100
AcDbEntity
  8
CUT_INSIDE
100
AcDbPolyline
 90
21
 70
1
 10
501.85392917313493
 20
239.0
 10
484.88803715376184
 20
239.0
 10
483.86197672378484
 20
238.81907786235772
 10
482.95967432470223
 20
238.29813332935694
 10
482.2899609424085
 20
237.5
 10
481.9336138947252
 20
236.5209445330008
 10
481.9336138947252
 20
235.4790554669992
 10
482.2899609424085
 20
234.5
 10
482.95967432470223
 20
233.70186667064306
 10
483.86197672378484
 20
233.18092213764228
 10
484.88803715376184
 20
233.0
 10
501.85392917313493
 20
233.0
 10
502.87998960311194
 20
233.18092213764228
 10
503.78229200219454
 20
233.70186667064306
 10
504.45200538448825
 20
234.5
 10
504.80835243217155
 20
235.4790554669992
 10
504.80835243217155
 20
236.5209445330008
 10
504.45200538448825
 20
237.5
 10
503.78229200219454
 20
238.29813332935694
 10
502.87998960311194
 20
238.81907786235772
 10
501.85392917313493
 20
239.0
  0
LWPOLYLINE
  5
E5
330
17
100
AcDbEntity
  8
CUT_INSIDE
100
AcDbPolyline
 90
21
 70
1
 10
511.0
 20
281.0
 10
471.4781984630997
 20
281.0
 10
470.45213803312276
 20
280.81907786235774
 10
469.5498356340401
 20
280.2981333293569
 10
468.88012225174646
 20
279.5
 10
468.5237752040631
 20
278.5209445330008
 10
468.5237752040631
 20
277.4790554669992
 10
468.88012225174646
 20
276.5
 10
469.5498356340401
 20
275.7018666706431
 10
470.45213803312276
 20
275.18092213764226
 10
471.4781984630997
 20
275.0
 10
511.0
 20
275.0
 10
512.026060429977
 20
275.18092213764226
 10
512.9283628290596
 20
275.7018666706431
 10
513.5980762113533
 20
276.5
 10
513.9544232590366
 20
277.4790554669992
 10
513.9544232590366
 20
278.5209445330008
 10
513.5980762113533
 20
279.5
 10
512.9283628290596
 20
280.2981333293569
 10
512.026060429977
 20
280.81907786235774
 10
511.0
 20
281.0
  0
LWPOLYLINE
  5
E6
330
17
100
AcDbEntity
  8
CUT_INSIDE
100
AcDbPolyline
 90
21
 70
1
 10
511.0
 20
309.0
 10
415.3093630135529
 20
309.0
 10
414.28330258357585
 20
308.81907786235774
 10
413.38100018449325
 20
308.2981333293569
 10
412.71128680219954
 20
307.5
 10
412.35493975451624
 20
306.5209445330008
 10
412.35493975451624
 20
305.4790554669992
 10
412.71128680219954
 20
304.5
 10
413.38100018449325
 20
303.7018666706431
 10
414.28330258357585
 20
303.18092213764226
 10
415.3093630135529
 20
303.0
 10
511.0
 20
303.0
 10
512.0260604299771
 20
303.18092213764226
 10
512.9283628290597
 20
303.7018666706431
 10
513.5980762113534
 20
304.5
 10
513.9544232590366
 20
305.4790554669992
 10
513.9544232590366
 20
306.5209445330008
 10
513.5980762113534
 20
307.5
 10
512.9283628290597
 20
308.2981333293569
 10
512.0260604299771
 20
308.81907786235774
 10
511.0
 20
309.0
  0
LWPOLYLINE
  5
E7
330
17
100
AcDbEntity
  8
CUT_INSIDE
100
AcDbPolyline
 90
21
 70
1
 10
511.0
 20
295.0
 10
456.65396313050405
 20
295.0
 10
455.62790270052704
 20
294.81907786235774
 10
454.72560030144444
 20
294.2981333293569
 10
454.05588691915074
 20
293.5
 10
453.69953987146744
 20
292.5209445330008
 10
453.69953987146744
 20
291.4790554669992
 10
454.05588691915074
 20
290.5
 10
454.72560030144444
 20
289.7018666706431
 10
455.62790270052704
 20
289.18092213764226
 10
456.65396313050405
 20
289.0
 10
511.0
 20
289.0
 10
512.026060429977
 20
289.18092213764226
 10
512.9283628290597
 20
289.7018666706431
 10
513.5980762113534
 20
290.5
 10
513.9544232590366
 20
291.4790554669992
 10
513.9544232590366
 20
292.5209445330008
 10
513.5980762113534
 20
293.5
 10
512.9283628290597
 20
294.2981333293569
 10
512.026060429977
 20
294.81907786235774
 10
511.0
 20
295.0
  0
LWPOLYLINE
  5
E8
330
17
100
AcDbEntity
  8
CUT_INSIDE
100
AcDbPolyline
 90
21
 70
1
 10
511.0
 20
323.0
 10
467.2897377528303
 20
323.0
 10
466.2636773228533
 20
322.81907786235774
 10
465.3613749237707
 20
322.2981333293569
 10
464.691661541477
 20
321.5
 10
464.3353144937937
 20
320.5209445330008
 10
464.3353144937937
 20
319.4790554669992
 10
464.691661541477
 20
318.5
 10
465.3613749237707
 20
317.7018666706431
 10
466.2636773228533
 20
317.18092213764226
 10
467.2897377528303
 20
317.0
 10
511.0
 20
317.0
 10
512.026060429977
 20
317.18092213764226
 10
512.9283628290597
 20
317.7018666706431
 10
513.5980762113534
 20
318.5
 10
513.9544232590366
 20
319.4790554669992
 10
513.9544232590366
 20
320.5209445330008
 10
513.5980762113534
 20
321.5
 10
512.9283628290597
 20
322.2981333293569
 10
512.026060429977
 20
322.81907786235774
 10
511.0
 20
323.0
  0
LWPOLYLINE
  5
E9
330
17
100
AcDbEntity
  8
CUT_INSIDE
100
AcDbPolyline
 90
21
 70
1
 10
415.838515353398
 20
337.0
 10
374.12845353318386
 20
337.0
 10
373.10239310320685
 20
336.81907786235774
 10
372.20009070412425
 20
336.2981333293569
 10
371.53037732183054
 20
335.5
 10
371.17403027414724
 20
334.5209445330008
 10
371.17403027414724
 20
333.4790554669992
 10
371.53037732183054
 20
332.5
 10
372.20009070412425
 20
331.7018666706431
 10
373.10239310320685
 20
331.18092213764226
 10
374.12845353318386
 20
331.0
 10
415.838515353398
 20
331.0
 10
416.864575783375
 20
331.18092213764226
 10
417.7668781824576
 20
331.7018666706431
 10
418.4365915647513
 20
332.5
 10
418.7929386124346
 20
333.4790554669992
 10
418.7929386124346
 20
334.5209445330008
 10
418.4365915647513
 20
335.5
 10
417.7668781824576
 20
336.2981333293569
 10
416.864575783375
 20
336.81907786235774
 10
415.838515353398
 20
337.0
  0
LWPOLYLINE
  5
EA
330
17
100
AcDbEntity
  8
CUT_INSIDE
100
AcDbPolyline
 90
21
 70
1
 10
455.7536204305822
 20
337.0
 10
437.9977192005046
 20
337.0
 10
436.9716587705276
 20
336.81907786235774
 10
436.069356371445
 20
336.2981333293569
 10
435.3996429891513
 20
335.5
 10
435.043295941468
 20
334.5209445330008
 10
435.043295941468
 20
333.4790554669992
 10
435.3996429891513
 20
332.5
 10
436.069356371445
 20
331.7018666706431
 10
436.9716587705276
 20
331.18092213764226
 10
437.9977192005046
 20
331.0
 10
455.7536204305822
 20
331.0
 10
456.7796808605592
 20
331.18092213764226
 10
457.6819832596418
 20
331.7018666706431
 10
458.3516966419355
 20
332.5
 10
458.7080436896188
 20
333.4790554669992
 10
458.7080436896188
 20
334.5209445330008
 10
458.3516966419355
 20
335.5
 10
457.6819832596418
 20
336.2981333293569
 10
456.7796808605592
 20
336.81907786235774
 10
455.7536204305822
 20
337.0
  0
LWPOLYLINE
  5
EB
330
17
100
AcDbEntity
  8
CUT_INSIDE
100
AcDbPolyline
 90
21
 70
1
 10
501.07891032796374
 20
351.0
 10
392.44211610012337
 20
351.0
 10
391.41605567014636
 20
350.81907786235774
 10
390.51375327106376
 20
350.2981333293569
 10
389.84403988877006
 20
349.5
 10
389.48769284108675
 20
348.5209445330008
 10
389.48769284108675
 20
347.4790554669992
 10
389.84403988877006
 20
346.5
 10
390.51375327106376
 20
345.7018666706431
 10
391.41605567014636
 20
345.18092213764226
 10
392.44211610012337
 20
345.0
 10
501.07891032796374
 20
345.0
 10
502.10497075794075
 20
345.18092213764226
 10
503.00727315702335
 20
345.7018666706431
 10
503.67698653931706
 20
346.5
 10
504.03333358700036
 20
347.4790554669992
 10
504.03333358700036
 20
348.5209445330008
 10
503.67698653931706
 20
349.5
 10
503.00727315702335
 20
350.2981333293569
 10
502.10497075794075
 20
350.81907786235774
 10
501.07891032796374
 20
351.0
  0
LWPOLYLINE
  5
EC
330
17
100
AcDbEntity
  8
CUT_INSIDE
100
AcDbPolyline
 90
21
 70
1
 10
460.80557233003054
 20
365.0
 10
411.93845691060136
 20
365.0
 10
410.91239648062435
 20
364.81907786235774
 10
410.01009408154175
 20
364.2981333293569
 10
409.34038069924804
 20
363.5
 10
408.98403365156474
 20
362.5209445330008
 10
408.98403365156474
 20
361.4790554669992
 10
409.34038069924804
 20
360.5
 10
410.01009408154175
 20
359.7018666706431
 10
410.91239648062435
 20
359.18092213764226
 10
411.93845691060136
 20
359.0
 10
460.80557233003054
 20
359.0
 10
461.83163276000755
 20
359.18092213764226
 10
462.73393515909015
 20
359.7018666706431
 10
463.40364854138386
 20
360.5
 10
463.75999558906716
 20
361.4790554669992
 10
463.75999558906716
 20
362.5209445330008
 10
463.40364854138386
 20
363.5
 10
462.73393515909015
 20
364.2981333293569
 10
461.83163276000755
 20
364.81907786235774
 10
460.80557233003054
 20
365.0
  0
LWPOLYLINE
  5
ED
330
17
100
AcDbEntity
  8
CUT_INSIDE
100
AcDbPolyline
 90
21
 70
1
 10
465.25443013841476
 20
379.0
 10
440.1323267255345
 20
379.0
 10
439.1062662955575
 20
378.81907786235774
 10
438.2039638964749
 20
378.2981333293569
 10
437.53425051418117
 20
377.5
 10
437.17790346649787
 20
376.5209445330008
 10
437.17790346649787
 20
375.4790554669992
 10
437.53425051418117
 20
374.5
 10
438.2039638964749
 20
373.7018666706431
 10
439.1062662955575
 20
373.18092213764226
 10
440.1323267255345
 20
373.0
 10
465.25443013841476
 20
373.0
 10
466.28049056839177
 20
373.18092213764226
 10
467.18279296747437
 20
373.7018666706431
 10
467.8525063497681
 20
374.5
 10
468.2088533974514
 20
375.4790554669992
 10
468.2088533974514
 20
376.5209445330008
 10
467.8525063497681
 20
377.5
 10
467.18279296747437
 20
378.2981333293569
 10
466.28049056839177
 20
378.81907786235774
 10
465.25443013841476
 20
379.0
  0
LWPOLYLINE
  5
EE
330
17
100
AcDbEntity
  8
CUT_INSIDE
100
AcDbPolyline
 90
21
 70
1
 10
443.3120858142936
 20
393.0
 10
402.91390436682786
 20
393.0
 10
401.88784393685086
 20
392.81907786235774
 10
400.9855415377682
 20
392.2981333293569
 10
400.31582815547455
 20
391.5
 10
399.95948110779125
 20
390.5209445330008
 10
399.95948110779125
 20
389.4790554669992
 10
400.31582815547455
 20
388.5
 10
400.9855415377682
 20
387.7018666706431
 10
401.88784393685086
 20
387.18092213764226
 10
402.91390436682786
 20
387.0
 10
443.3120858142936
 20
387.0
 10
444.3381462442706
 20
387.18092213764226
 10
445.24044864335326
 20
387.7018666706431
 10
445.9101620256469
 20
388.5
 10
446.2665090733302
 20
389.4790554669992
 10
446.2665090733302
 20
390.5209445330008
 10
445.9101620256469
 20
391.5
 10
445.24044864335326
 20
392.2981333293569
 10
444.3381462442706
 20
392.81907786235774
 10
443.3120858142936
 20
393.0
  0
LWPOLYLINE
  5
EF
330
17
100
AcDbEntity
  8
CUT_INSIDE
100
AcDbPolyline
 90
21
 70
1
 10
493.3371663368597
 20
421.0
 10
412.4515350798289
 20
421.0
 10
411.4254746498519
 20
420.81907786235774
 10
410.5231722507693
 20
420.2981333293569
 10
409.85345886847557
 20
419.5
 10
409.49711182079227
 20
418.5209445330008
 10
409.49711182079227
 20
417.4790554669992
 10
409.85345886847557
 20
416.5
 10
410.5231722507693
 20
415.7018666706431
 10
411.4254746498519
 20
415.18092213764226
 10
412.4515350798289
 20
415.0
 10
493.3371663368597
 20
415.0
 10
494.3632267668367
 20
415.18092213764226
 10
495.2655291659193
 20
415.7018666706431
 10
495.935242548213
 20
416.5
 10
496.2915895958963
 20
417.4790554669992
 10
496.2915895958963
 20
418.5209445330008
 10
495.935242548213
 20
419.5
 10
495.2655291659193
 20
420.2981333293569
 10
494.3632267668367
 20
420.81907786235774
 10
493.3371663368597
 20
421.0
  0
LWPOLYLINE
  5
F0
330
17
100
AcDbEntity
  8
CUT_INSIDE
100
AcDbPolyline
 90
21
 70
1
 10
495.87035503176725
 20
337.0
 10
476.4443266802978
 20
337.0
 10
475.4182662503208
 20
336.81907786235774
 10
474.5159638512382
 20
336.2981333293569
 10
473.8462504689445
 20
335.5
 10
473.4899034212612
 20
334.5209445330008
 10
473.4899034212612
 20
333.4790554669992
 10
473.8462504689445
 20
332.5
 10
474.5159638512382
 20
331.7018666706431
 10
475.4182662503208
 20
331.18092213764226
 10
476.4443266802978
 20
331.0
 10
495.87035503176725
 20
331.0
 10
496.89641546174425
 20
331.18092213764226
 10
497.79871786082686
 20
331.7018666706431
 10
498.46843124312056
 20
332.5
 10
498.82477829080386
 20
333.4790554669992
 10
498.82477829080386
 20
334.5209445330008
 10
498.46843124312056
 20
335.5
 10
497.79871786082686
 20
336.2981333293569
 10
496.89641546174425
 20
336.81907786235774
 10
495.87035503176725
 20
337.0
  0
LWPOLYLINE
  5
F1
330
17
100
AcDbEntity
  8
CUT_INSIDE
100
AcDbPolyline
 90
21
 70
1
 10
509.51682285103277
 20
365.0
 10
478.56967511041876
 20
365.0
 10
477.54361468044175
 20
364.81907786235774
 10
476.64131228135915
 20
364.2981333293569
 10
475.97159889906544
 20
363.5
 10
475.61525185138214
 20
362.5209445330008
 10
475.61525185138214
 20
361.4790554669992
 10
475.97159889906544
 20
360.5
 10
476.64131228135915
 20
359.7018666706431
 10
477.54361468044175
 20
359.18092213764226
 10
478.56967511041876
 20
359.0
 10
509.51682285103277
 20
359.0
 10
510.5428832810097
 20
359.18092213764226
 10
511.4451856800923
 20
359.7018666706431
 10
512.114899062386
 20
360.5
 10
512.4712461100694
 20
361.4790554669992
 10
512.4712461100694
 20
362.5209445330008
 10
512.114899062386
 20
363.5
 10
511.4451856800923
 20
364.2981333293569
 10
510.5428832810097
 20
364.81907786235774
 10
509.51682285103277
 20
365.0
  0
LWPOLYLINE
  5
F2
330
17
100
AcDbEntity
  8
CUT_INSIDE
100
AcDbPolyline
 90
21
 70
1
 10
477.77310464531
 20
407.0
 10
454.3549747134505
 20
407.0
 10
453.32891428347347
 20
406.81907786235774
 10
452.42661188439087
 20
406.2981333293569
 10
451.75689850209716
 20
405.5
 10
451.40055145441386
 20
404.5209445330008
 10
451.40055145441386
 20
403.4790554669992
 10
451.75689850209716
 20
402.5
 10
452.42661188439087
 20
401.7018666706431
 10
453.32891428347347
 20
401.18092213764226
 10
454.3549747134505
 20
401.0
 10
477.77310464531
 20
401.0
 10
478.799165075287
 20
401.18092213764226
 10
479.7014674743696
 20
401.7018666706431
 10
480.37118085666333
 20
402.5
 10
480.72752790434663
 20
403.4790554669992
 10
480.72752790434663
 20
404.5209445330008
 10
480.37118085666333
 20
405.5
 10
479.7014674743696
 20
406.2981333293569
 10
478.799165075287
 20
406.81907786235774
 10
477.77310464531
 20
407.0
  0
LWPOLYLINE
  5
F3
330
17
100
AcDbEntity
  8
CUT_INSIDE
100
AcDbPolyline
 90
21
 70
1
 10
511.0
 20
393.0
 10
482.82538640950656
 20
393.0
 10
481.79932597952956
 20
392.81907786235774
 10
480.8970235804469
 20
392.2981333293569
 10
480.2273101981532
 20
391.5
 10
479.8709631504699
 20
390.5209445330008
 10
479.8709631504699
 20
389.4790554669992
 10
480.2273101981532
 20
388.5
 10
480.8970235804469
 20
387.7018666706431
 10
481.79932597952956
 20
387.18092213764226
 10
482.82538640950656
 20
387.0
 10
511.0
 20
387.0
 10
512.0260604299771
 20
387.18092213764226
 10
512.9283628290597
 20
387.7018666706431
 10
513.5980762113534
 20
388.5
 10
513.9544232590366
 20
389.4790554669992
 10
513.9544232590366
 20
390.5209445330008
 10
513.5980762113534
 20
391.5
 10
512.9283628290597
 20
392.2981333293569
 10
512.0260604299771
 20
392.81907786235774
 10
511.0
 20
393.0
  0
LWPOLYLINE
  5
F4
330
17
100
AcDbEntity
  8
CUT_INSIDE
100
AcDbPolyline
 90
21
 70
1
 10
76.24112923165768
 20
435.0
 10
55.26757843207483
 20
435.0
 10
54.24151800209782
 20
434.81907786235774
 10
53.33921560301521
 20
434.2981333293569
 10
52.66950222072151
 20
433.5
 10
52.313155173038204
 20
432.5209445330008
 10
52.313155173038204
 20
431.4790554669992
 10
52.66950222072151
 20
430.5
 10
53.33921560301521
 20
429.7018666706431
 10
54.24151800209782
 20
429.18092213764226
 10
55.26757843207483
 20
429.0
 10
76.24112923165768
 20
429.0
 10
77.26718966163469
 20
429.18092213764226
 10
78.1694920607173
 20
429.7018666706431
 10
78.839205443011
 20
430.5
 10
79.1955524906943
 20
431.4790554669992
 10
79.1955524906943
 20
432.5209445330008
 10
78.839205443011
 20
433.5
 10
78.16949206071729
 20
434.2981333293569
 10
77.26718966163469
 20
434.81907786235774
 10
76.24112923165768
 20
435.0
  0
LWPOLYLINE
  5
F5
330
17
100
AcDbEntity
  8
CUT_INSIDE
100
AcDbPolyline
 90
21
 70
1
 10
119.77961684467729
 20
449.0
 10
48.52675734098901
 20
449.0
 10
47.500696911012
 20
448.81907786235774
 10
46.59839451192939
 20
448.2981333293569
 10
45.92868112963569
 20
447.5
 10
45.572334081952384
 20
446.5209445330008
 10
45.572334081952384
 20
445.4790554669992
 10
45.92868112963569
 20
444.5
 10
46.59839451192939
 20
443.7018666706431
 10
47.500696911012
 20
443.18092213764226
 10
48.52675734098901
 20
443.0
 10
119.77961684467729
 20
443.0
 10
120.8056772746543
 20
443.18092213764226
 10
121.7079796737369
 20
443.7018666706431
 10
122.37769305603061
 20
444.5
 10
122.73404010371391
 20
445.4790554669992
 10
122.73404010371391
 20
446.5209445330008
 10
122.37769305603061
 20
447.5
 10
121.7079796737369
 20
448.2981333293569
 10
120.8056772746543
 20
448.81907786235774
 10
119.77961684467729
 20
449.0
  0
LWPOLYLINE
  5
F6
330
17
100
AcDbEntity
  8
CUT_INSIDE
100
AcDbPolyline
 90
21
 70
1
 10
91.94910532577939
 20
477.0
 10
50.86056308997351
 20
477.0
 10
49.83450265999651
 20
476.81907786235774
 10
48.932200260913895
 20
476.2981333293569
 10
48.262486878620194
 20
475.5
 10
47.906139830936894
 20
474.5209445330008
 10
47.906139830936894
 20
473.4790554669992
 10
48.262486878620194
 20
472.5
 10
48.932200260913895
 20
471.7018666706431
 10
49.83450265999651
 20
471.18092213764226
 10
50.86056308997351
 20
471.0
 10
91.94910532577939
 20
471.0
 10
92.9751657557564
 20
471.18092213764226
 10
93.877468154839
 20
471.7018666706431
 10
94.5471815371327
 20
472.5
 10
94.903528584816
 20
473.4790554669992
 10
94.903528584816
 20
474.5209445330008
 10
94.5471815371327
 20
475.5
 10
93.877468154839
 20
476.2981333293569
 10
92.9751657557564
 20
476.81907786235774
 10
91.94910532577939
 20
477.0
  0
LWPOLYLINE
  5
F7
330
17
100
AcDbEntity
  8
CUT_INSIDE
100
AcDbPolyline
 90
21
 70
1
 10
130.080887970993
 20
463.0
 10
41.84901563345988
 20
463.0
 10
40.82295520348287
 20
462.81907786235774
 10
39.92065280440026
 20
462.2981333293569
 10
39.25093942210656
 20
461.5
 10
38.894592374423254
 20
460.5209445330008
 10
38.894592374423254
 20
459.4790554669992
 10
39.25093942210656
 20
458.5
 10
39.92065280440026
 20
457.7018666706431
 10
40.82295520348287
 20
457.18092213764226
 10
41.84901563345988
 20
457.0
 10
130.080887970993
 20
457.0
 10
131.10694840097
 20
457.18092213764226
 10
132.0092508000526
 20
457.7018666706431
 10
132.6789641823463
 20
458.5
 10
133.0353112300296
 20
459.4790554669992
 10
133.0353112300296
 20
460.5209445330008
 10
132.6789641823463
 20
461.5
 10
132.0092508000526
 20
462.2981333293569
 10
131.10694840097
 20
462.81907786235774
 10
130.080887970993
 20
463.0
  0
LWPOLYLINE
  5
F8
330
17
100
AcDbEntity
  8
CUT_INSIDE
100
AcDbPolyline
 90
21
 70
1
 10
70.65847278015158
 20
491.0
 10
44.496024493613795
 20
491.0
 10
43.46996406363679
 20
490.81907786235774
 10
42.56766166455418
 20
490.2981333293569
 10
41.89794828226048
 20
489.5
 10
41.54160123457717
 20
488.5209445330008
 10
41.54160123457717
 20
487.4790554669992
 10
41.89794828226048
 20
486.5
 10
42.56766166455418
 20
485.7018666706431
 10
43.46996406363679
 20
485.18092213764226
 10
44.496024493613795
 20
485.0
 10
70.65847278015158
 20
485.0
 10
71.68453321012858
 20
485.18092213764226
 10
72.58683560921119
 20
485.7018666706431
 10
73.2565489915049
 20
486.5
 10
73.6128960391882
 20
487.4790554669992
 10
73.6128960391882
 20
488.5209445330008
 10
73.2565489915049
 20
489.5
 10
72.58683560921119
 20
490.2981333293569
 10
71.68453321012858
 20
490.81907786235774
 10
70.65847278015158
 20
491.0
  0
LWPOLYLINE
  5
F9
330
17
100
AcDbEntity
  8
CUT_INSIDE
100
AcDbPolyline
 90
21
 70
1
 10
84.74745189861878
 20
505.0
 10
52.06116062942087
 20
505.0
 10
51.03510019944386
 20
504.81907786235774
 10
50.132797800361246
 20
504.2981333293569
 10
49.46308441806755
 20
503.5
 10
49.106737370384245
 20
502.5209445330008
 10
49.106737370384245
 20
501.4790554669992
 10
49.46308441806755
 20
500.5
 10
50.132797800361246
 20
499.7018666706431
 10
51.03510019944386
 20
499.18092213764226
 10
52.06116062942087
 20
499.0
 10
84.74745189861878
 20
499.0
 10
85.77351232859579
 20
499.18092213764226
 10
86.6758147276784
 20
499.7018666706431
 10
87.3455281099721
 20
500.5
 10
87.7018751576554
 20
501.4790554669992
 10
87.7018751576554
 20
502.5209445330008
 10
87.3455281099721
 20
503.5
 10
86.6758147276784
 20
504.2981333293569
 10
85.77351232859579
 20
504.81907786235774
 10
84.74745189861878
 20
505.0
  0
LWPOLYLINE
  5
FA
330
17
100
AcDbEntity
  8
CUT_INSIDE
100
AcDbPolyline
 90
21
 70
1
 10
90.99715615310834
 20
519.0
 10
43.46038868387789
 20
519.0
 10
42.43432825390089
 20
518.8190778623577
 10
41.53202585481827
 20
518.2981333293569
 10
40.86231247252457
 20
517.5
 10
40.505965424841264
 20
516.5209445330008
 10
40.505965424841264
 20
515.4790554669992
 10
40.86231247252457
 20
514.5
 10
41.53202585481827
 20
513.7018666706431
 10
42.43432825390088
 20
513.1809221376423
 10
43.46038868387789
 20
513.0
 10
90.99715615310834
 20
513.0
 10
92.02321658308533
 20
513.1809221376423
 10
92.92551898216794
 20
513.7018666706431
 10
93.59523236446165
 20
514.5
 10
93.95157941214495
 20
515.4790554669992
 10
93.95157941214495
 20
516.5209445330008
 10
93.59523236446165
 20
517.5
 10
92.92551898216794
 20
518.2981333293569
 10
92.02321658308534
 20
518.8190778623577
 10
90.99715615310834
 20
519.0
  0
LWPOLYLINE
  5
FB
330
17
100
AcDbEntity
  8
CUT_INSIDE
100
AcDbPolyline
 90
21
 70
1
 10
86.72544640849179
 20
533.0
 10
50.31060190366876
 20
533.0
 10
49.28454147369176
 20
532.8190778623577
 10
48.382239074609146
 20
532.2981333293569
 10
47.712525692315445
 20
531.5
 10
47.35617864463214
 20
530.5209445330008
 10
47.35617864463214
 20
529.4790554669992
 10
47.712525692315445
 20
528.5
 10
48.382239074609146
 20
527.7018666706431
 10
49.28454147369175
 20
527.1809221376423
 10
50.31060190366876
 20
527.0
 10
86.72544640849179
 20
527.0
 10
87.75150683846879
 20
527.1809221376423
 10
88.6538092375514
 20
527.7018666706431
 10
89.32352261984511
 20
528.5
 10
89.67986966752841
 20
529.4790554669992
 10
89.67986966752841
 20
530.5209445330008
 10
89.32352261984511
 20
531.5
 10
88.6538092375514
 20
532.2981333293569
 10
87.7515068384688
 20
532.8190778623577
 10
86.72544640849179
 20
533.0
  0
LWPOLYLINE
  5
FC
330
17
100
AcDbEntity
  8
CUT_INSIDE
100
AcDbPolyline
 90
21
 70
1
 10
129.5788956056553
 20
435.0
 10
100.82836867423202
 20
435.0
 10
99.80230824425503
 20
434.81907786235774
 10
98.90000584517242
 20
434.2981333293569
 10
98.23029246287871
 20
433.5
 10
97.87394541519541
 20
432.5209445330008
 10
97.87394541519541
 20
431.4790554669992
 10
98.23029246287871
 20
430.5
 10
98.90000584517242
 20
429.7018666706431
 10
99.80230824425503
 20
429.18092213764226
 10
100.82836867423202
 20
429.0
 10
129.5788956056553
 20
429.0
 10
130.6049560356323
 20
429.18092213764226
 10
131.5072584347149
 20
429.7018666706431
 10
132.17697181700862
 20
430.5
 10
132.53331886469192
 20
431.4790554669992
 10
132.53331886469192
 20
432.5209445330008
 10
132.17697181700862
 20
433.5
 10
131.5072584347149
 20
434.2981333293569
 10
130.6049560356323
 20
434.81907786235774
 10
129.5788956056553
 20
435.0
  0
LWPOLYLINE
  5
FD
330
17
100
AcDbEntity
  8
CUT_INSIDE
100
AcDbPolyline
 90
21
 70
1
 10
155.23355320423713
 20
477.0
 10
124.94448065232194
 20
477.0
 10
123.91842022234493
 20
476.81907786235774
 10
123.01611782326233
 20
476.2981333293569
 10
122.34640444096864
 20
475.5
 10
121.99005739328533
 20
474.5209445330008
 10
121.99005739328533
 20
473.4790554669992
 10
122.34640444096864
 20
472.5
 10
123.01611782326233
 20
471.7018666706431
 10
123.91842022234493
 20
471.18092213764226
 10
124.94448065232194
 20
471.0
 10
155.23355320423713
 20
471.0
 10
156.25961363421413
 20
471.18092213764226
 10
157.16191603329673
 20
471.7018666706431
 10
157.83162941559044
 20
472.5
 10
158.18797646327374
 20
473.4790554669992
 10
158.18797646327374
 20
474.5209445330008
 10
157.83162941559044
 20
475.5
 10
157.16191603329673
 20
476.2981333293569
 10
156.25961363421413
 20
476.81907786235774
 10
155.23355320423713
 20
477.0
  0
LWPOLYLINE
  5
FE
330
17
100
AcDbEntity
  8
CUT_INSIDE
100
AcDbPolyline
 90
21
 70
1
 10
156.16029041546096
 20
491.0
 10
109.93271939283517
 20
491.0
 10
108.90665896285816
 20
490.81907786235774
 10
108.00435656377554
 20
490.2981333293569
 10
107.33464318148185
 20
489.5
 10
106.97829613379854
 20
488.5209445330008
 10
106.97829613379854
 20
487.4790554669992
 10
107.33464318148185
 20
486.5
 10
108.00435656377554
 20
485.7018666706431
 10
108.90665896285816
 20
485.18092213764226
 10
109.93271939283517
 20
485.0
 10
156.16029041546096
 20
485.0
 10
157.18635084543797
 20
485.18092213764226
 10
158.0886532445206
 20
485.7018666706431
 10
158.75836662681428
 20
486.5
 10
159.11471367449758
 20
487.4790554669992
 10
159.11471367449758
 20
488.5209445330008
 10
158.75836662681428
 20
489.5
 10
158.0886532445206
 20
490.2981333293569
 10
157.18635084543797
 20
490.81907786235774
 10
156.16029041546096
 20
491.0
  0
LWPOLYLINE
  5
FF
330
17
100
AcDbEntity
  8
CUT_INSIDE
100
AcDbPolyline
 90
21
 70
1
 10
154.81460246826992
 20
505.0
 10
106.9985979442011
 20
505.0
 10
105.97253751422409
 20
504.81907786235774
 10
105.07023511514147
 20
504.2981333293569
 10
104.40052173284778
 20
503.5
 10
104.04417468516448
 20
502.5209445330008
 10
104.04417468516448
 20
501.4790554669992
 10
104.40052173284778
 20
500.5
 10
105.07023511514147
 20
499.7018666706431
 10
105.97253751422409
 20
499.18092213764226
 10
106.9985979442011
 20
499.0
 10
154.81460246826992
 20
499.0
 10
155.84066289824693
 20
499.18092213764226
 10
156.74296529732953
 20
499.7018666706431
 10
157.41267867962324
 20
500.5
 10
157.76902572730654
 20
501.4790554669992
 10
157.76902572730654
 20
502.5209445330008
 10
157.41267867962324
 20
503.5
 10
156.74296529732953
 20
504.2981333293569
 10
155.84066289824693
 20
504.81907786235774
 10
154.81460246826992
 20
505.0
  0
LWPOLYLINE
  5
100
330
17
100
AcDbEntity
  8
CUT_INSIDE
100
AcDbPolyline
 90
21
 70
1
 10
147.18447746402623
 20
519.0
 10
113.22331624571942
 20
519.0
 10
112.19725581574241
 20
518.8190778623577
 10
111.29495341665981
 20
518.2981333293569
 10
110.6252400343661
 20
517.5
 10
110.2688929866828
 20
516.5209445330008
 10
110.2688929866828
 20
515.4790554669992
 10
110.6252400343661
 20
514.5
 10
111.29495341665981
 20
513.7018666706431
 10
112.19725581574241
 20
513.1809221376423
 10
113.22331624571942
 20
513.0
 10
147.18447746402623
 20
513.0
 10
148.21053789400324
 20
513.1809221376423
 10
149.11284029308584
 20
513.7018666706431
 10
149.78255367537955
 20
514.5
 10
150.13890072306285
 20
515.4790554669992
 10
150.13890072306285
 20
516.5209445330008
 10
149.78255367537955
 20
517.5
 10
149.11284029308584
 20
518.2981333293569
 10
148.21053789400324
 20
518.8190778623577
 10
147.18447746402623
 20
519.0
  0
LWPOLYLINE
  5
101
330
17
100
AcDbEntity
  8
CUT_INSIDE
100
AcDbPolyline
 90
21
 70
1
 10
166.77013224818495
 20
533.0
 10
123.30173865613921
 20
533.0
 10
122.2756782261622
 20
532.8190778623577
 10
121.37337582707958
 20
532.2981333293569
 10
120.70366244478589
 20
531.5
 10
120.34731539710258
 20
530.5209445330008
 10
120.34731539710258
 20
529.4790554669992
 10
120.70366244478589
 20
528.5
 10
121.37337582707958
 20
527.7018666706431
 10
122.2756782261622
 20
527.1809221376423
 10
123.30173865613921
 20
527.0
 10
166.77013224818495
 20
527.0
 10
167.79619267816196
 20
527.1809221376423
 10
168.69849507724456
 20
527.7018666706431
 10
169.36820845953827
 20
528.5
 10
169.72455550722157
 20
529.4790554669992
 10
169.72455550722157
 20
530.5209445330008
 10
169.36820845953827
 20
531.5
 10
168.69849507724456
 20
532.2981333293569
 10
167.79619267816196
 20
532.8190778623577
 10
166.77013224818495
 20
533.0
  0
LWPOLYLINE
  5
102
330
17
100
AcDbEntity
  8
CUT_INSIDE
100
AcDbPolyline
 90
21
 70
1
 10
67.59377912335236
 20
547.0
 10
47.913608876135825
 20
547.0
 10
46.88754844615882
 20
546.8190778623577
 10
45.98524604707621
 20
546.2981333293569
 10
45.31553266478251
 20
545.5
 10
44.9591856170992
 20
544.5209445330008
 10
44.9591856170992
 20
543.4790554669992
 10
45.31553266478251
 20
542.5
 10
45.98524604707621
 20
541.7018666706431
 10
46.88754844615882
 20
541.1809221376423
 10
47.913608876135825
 20
541.0
 10
67.59377912335236
 20
541.0
 10
68.61983955332937
 20
541.1809221376423
 10
69.52214195241199
 20
541.7018666706431
 10
70.19185533470568
 20
542.5
 10
70.54820238238898
 20
543.4790554669992
 10
70.54820238238898
 20
544.5209445330008
 10
70.19185533470568
 20
545.5
 10
69.52214195241197
 20
546.2981333293569
 10
68.61983955332937
 20
546.8190778623577
 10
67.59377912335236
 20
547.0
  0
LWPOLYLINE
  5
103
330
17
100
AcDbEntity
  8
CUT_INSIDE
100
AcDbPolyline
 90
21
 70
1
 10
71.86183396177117
 20
561.0
 10
44.39878274712037
 20
561.0
 10
43.372722317143364
 20
560.8190778623577
 10
42.470419918060756
 20
560.2981333293569
 10
41.800706535767056
 20
559.5
 10
41.44435948808375
 20
558.5209445330008
 10
41.44435948808375
 20
557.4790554669992
 10
41.800706535767056
 20
556.5
 10
42.470419918060756
 20
555.7018666706431
 10
43.372722317143364
 20
555.1809221376423
 10
44.39878274712037
 20
555.0
 10
71.86183396177117
 20
555.0
 10
72.88789439174818
 20
555.1809221376423
 10
73.79019679083079
 20
555.7018666706431
 10
74.45991017312448
 20
556.5
 10
74.8162572208078
 20
557.4790554669992
 10
74.8162572208078
 20
558.5209445330008
 10
74.45991017312448
 20
559.5
 10
73.79019679083079
 20
560.2981333293569
 10
72.88789439174818
 20
560.8190778623577
 10
71.86183396177117
 20
561.0
  0
LWPOLYLINE
  5
104
330
17
100
AcDbEntity
  8
CUT_INSIDE
100
AcDbPolyline
 90
21
 70
1
 10
87.91849385754392
 20
575.0
 10
49.39427948289909
 20
575.0
 10
48.368219052922086
 20
574.8190778623577
 10
47.46591665383947
 20
574.2981333293569
 10
46.79620327154577
 20
573.5
 10
46.43985622386246
 20
572.5209445330008
 10
46.43985622386246
 20
571.4790554669992
 10
46.79620327154577
 20
570.5
 10
47.46591665383947
 20
569.7018666706431
 10
48.36821905292208
 20
569.1809221376423
 10
49.39427948289909
 20
569.0
 10
87.91849385754392
 20
569.0
 10
88.94455428752093
 20
569.1809221376423
 10
89.84685668660354
 20
569.7018666706431
 10
90.51657006889724
 20
570.5
 10
90.87291711658055
 20
571.4790554669992
 10
90.87291711658055
 20
572.5209445330008
 10
90.51657006889724
 20
573.5
 10
89.84685668660354
 20
574.2981333293569
 10
88.94455428752093
 20
574.8190778623577
 10
87.91849385754392
 20
575.0
  0
LWPOLYLINE
  5
105
330
17
100
AcDbEntity
  8
CUT_INSIDE
100
AcDbPolyline
 90
21
 70
1
 10
85.64031238646791
 20
603.0
 10
45.38118593777318
 20
603.0
 10
44.355125507796174
 20
602.8190778623577
 10
43.45282310871356
 20
602.2981333293569
 10
42.783109726419866
 20
601.5
 10
42.42676267873656
 20
600.5209445330008
 10
42.42676267873656
 20
599.4790554669992
 10
42.783109726419866
 20
598.5
 10
43.45282310871356
 20
597.7018666706431
 10
44.355125507796174
 20
597.1809221376423
 10
45.38118593777318
 20
597.0
 10
85.64031238646791
 20
597.0
 10
86.66637281644492
 20
597.1809221376423
 10
87.56867521552753
 20
597.7018666706431
 10
88.23838859782123
 20
598.5
 10
88.59473564550453
 20
599.4790554669992
 10
88.59473564550453
 20
600.5209445330008
 10
88.23838859782123
 20
601.5
 10
87.56867521552753
 20
602.2981333293569
 10
86.66637281644492
 20
602.8190778623577
 10
85.64031238646791
 20
603.0
  0
LWPOLYLINE
  5
106
330
17
100
AcDbEntity
  8
CUT_INSIDE
100
AcDbPolyline
 90
21
 70
1
 10
70.7307206083932
 20
617.0
 10
46.34874028765845
 20
617.0
 10
45.32267985768144
 20
616.8190778623577
 10
44.420377458598836
 20
616.2981333293569
 10
43.750664076305135
 20
615.5
 10
43.39431702862183
 20
614.5209445330008
 10
43.39431702862183
 20
613.4790554669992
 10
43.750664076305135
 20
612.5
 10
44.420377458598836
 20
611.7018666706431
 10
45.32267985768144
 20
611.1809221376423
 10
46.34874028765845
 20
611.0
 10
70.7307206083932
 20
611.0
 10
71.75678103837019
 20
611.1809221376423
 10
72.65908343745281
 20
611.7018666706431
 10
73.32879681974651
 20
612.5
 10
73.68514386742982
 20
613.4790554669992
 10
73.68514386742982
 20
614.5209445330008
 10
73.32879681974651
 20
615.5
 10
72.65908343745281
 20
616.2981333293569
 10
71.75678103837019
 20
616.8190778623577
 10
70.7307206083932
 20
617.0
  0
LWPOLYLINE
  5
107
330
17
100
AcDbEntity
  8
CUT_INSIDE
100
AcDbPolyline
 90
21
 70
1
 10
73.35748193585698
 20
631.0
 10
45.800480346164875
 20
631.0
 10
44.774419916187874
 20
630.8190778623577
 10
43.87211751710526
 20
630.2981333293569
 10
43.20240413481156
 20
629.5
 10
42.84605708712826
 20
628.5209445330008
 10
42.84605708712826
 20
627.4790554669992
 10
43.20240413481156
 20
626.5
 10
43.87211751710526
 20
625.7018666706431
 10
44.774419916187874
 20
625.1809221376423
 10
45.800480346164875
 20
625.0
 10
73.35748193585698
 20
625.0
 10
74.38354236583399
 20
625.1809221376423
 10
75.28584476491659
 20
625.7018666706431
 10
75.9555581472103
 20
626.5
 10
76.3119051948936
 20
627.4790554669992
 10
76.3119051948936
 20
628.5209445330008
 10
75.9555581472103
 20
629.5
 10
75.28584476491659
 20
630.2981333293569
 10
74.38354236583399
 20
630.8190778623577
 10
73.35748193585698
 20
631.0
  0
LWPOLYLINE
  5
108
330
17
100
AcDbEntity
  8
CUT_INSIDE
100
AcDbPolyline
 90
21
 70
1
 10
142.70385996392795
 20
547.0
 10
93.05545071580107
 20
547.0
 10
92.02939028582406
 20
546.8190778623577
 10
91.12708788674146
 20
546.2981333293569
 10
90.45737450444776
 20
545.5
 10
90.10102745676446
 20
544.5209445330008
 10
90.10102745676446
 20
543.4790554669992
 10
90.45737450444776
 20
542.5
 10
91.12708788674146
 20
541.7018666706431
 10
92.02939028582406
 20
541.1809221376423
 10
93.05545071580107
 20
541.0
 10
142.70385996392795
 20
541.0
 10
143.72992039390496
 20
541.1809221376423
 10
144.63222279298756
 20
541.7018666706431
 10
145.30193617528127
 20
542.5
 10
145.65828322296457
 20
543.4790554669992
 10
145.65828322296457
 20
544.5209445330008
 10
145.30193617528127
 20
545.5
 10
144.63222279298756
 20
546.2981333293569
 10
143.72992039390496
 20
546.8190778623577
 10
142.70385996392795
 20
547.0
  0
LWPOLYLINE
  5
109
330
17
100
AcDbEntity
  8
CUT_INSIDE
100
AcDbPolyline
 90
21
 70
1
 10
151.73069728550982
 20
561.0
 10
110.54273416722968
 20
561.0
 10
109.51667373725267
 20
560.8190778623577
 10
108.61437133817006
 20
560.2981333293569
 10
107.94465795587637
 20
559.5
 10
107.58831090819305
 20
558.5209445330008
 10
107.58831090819305
 20
557.4790554669992
 10
107.94465795587637
 20
556.5
 10
108.61437133817006
 20
555.7018666706431
 10
109.51667373725267
 20
555.1809221376423
 10
110.54273416722968
 20
555.0
 10
151.73069728550982
 20
555.0
 10
152.7567577154868
 20
555.1809221376423
 10
153.65906011456943
 20
555.7018666706431
 10
154.32877349686314
 20
556.5
 10
154.68512054454644
 20
557.4790554669992
 10
154.68512054454644
 20
558.5209445330008
 10
154.32877349686314
 20
559.5
 10
153.65906011456943
 20
560.2981333293569
 10
152.7567577154868
 20
560.8190778623577
 10
151.73069728550982
 20
561.0
  0
LWPOLYLINE
  5
10A
330
17
100
AcDbEntity
  8
CUT_INSIDE
100
AcDbPolyline
 90
21
 70
1
 10
151.75407048979673
 20
575.0
 10
122.32316751996329
 20
575.0
 10
121.29710708998628
 20
574.8190778623577
 10
120.39480469090367
 20
574.2981333293569
 10
119.72509130860998
 20
573.5
 10
119.36874426092668
 20
572.5209445330008
 10
119.36874426092668
 20
571.4790554669992
 10
119.72509130860998
 20
570.5
 10
120.39480469090367
 20
569.7018666706431
 10
121.29710708998628
 20
569.1809221376423
 10
122.32316751996329
 20
569.0
 10
151.75407048979673
 20
569.0
 10
152.78013091977374
 20
569.1809221376423
 10
153.68243331885637
 20
569.7018666706431
 10
154.35214670115005
 20
570.5
 10
154.70849374883338
 20
571.4790554669992
 10
154.70849374883338
 20
572.5209445330008
 10
154.35214670115005
 20
573.5
 10
153.68243331885637
 20
574.2981333293569
 10
152.78013091977374
 20
574.8190778623577
 10
151.75407048979673
 20
575.0
  0
LWPOLYLINE
  5
10B
330
17
100
AcDbEntity
  8
CUT_INSIDE
100
AcDbPolyline
 90
21
 70
1
 10
144.56986381487292
 20
589.0
 10
53.45161887776494
 20
589.0
 10
52.425558447787935
 20
588.8190778623577
 10
51.52325604870533
 20
588.2981333293569
 10
50.85354266641163
 20
587.5
 10
50.49719561872832
 20
586.5209445330008
 10
50.49719561872832
 20
585.4790554669992
 10
50.85354266641163
 20
584.5
 10
51.52325604870533
 20
583.7018666706431
 10
52.425558447787935
 20
583.1809221376423
 10
53.45161887776494
 20
583.0
 10
144.56986381487292
 20
583.0
 10
145.59592424484993
 20
583.1809221376423
 10
146.49822664393253
 20
583.7018666706431
 10
147.16794002622623
 20
584.5
 10
147.52428707390953
 20
585.4790554669992
 10
147.52428707390953
 20
586.5209445330008
 10
147.16794002622623
 20
587.5
 10
146.49822664393253
 20
588.2981333293569
 10
145.59592424484993
 20
588.8190778623577
 10
144.56986381487292
 20
589.0
  0
LWPOLYLINE
  5
10C
330
17
100
AcDbEntity
  8
CUT_INSIDE
100
AcDbPolyline
 90
21
 70
1
 10
138.11046448638137
 20
603.0
 10
109.54074314180133
 20
603.0
 10
108.51468271182432
 20
602.8190778623577
 10
107.6123803127417
 20
602.2981333293569
 10
106.94266693044801
 20
601.5
 10
106.5863198827647
 20
600.5209445330008
 10
106.5863198827647
 20
599.4790554669992
 10
106.94266693044801
 20
598.5
 10
107.6123803127417
 20
597.7018666706431
 10
108.51468271182432
 20
597.1809221376423
 10
109.54074314180133
 20
597.0
 10
138.11046448638137
 20
597.0
 10
139.13652491635838
 20
597.1809221376423
 10
140.03882731544098
 20
597.7018666706431
 10
140.7085406977347
 20
598.5
 10
141.064887745418
 20
599.4790554669992
 10
141.064887745418
 20
600.5209445330008
 10
140.7085406977347
 20
601.5
 10
140.03882731544098
 20
602.2981333293569
 10
139.13652491635838
 20
602.8190778623577
 10
138.11046448638137
 20
603.0
  0
LWPOLYLINE
  5
10D
330
17
100
AcDbEntity
  8
CUT_INSIDE
100
AcDbPolyline
 90
21
 70
1
 10
122.95472050436997
 20
617.0
 10
100.49674609732405
 20
617.0
 10
99.47068566734704
 20
616.8190778623577
 10
98.56838326826443
 20
616.2981333293569
 10
97.89866988597073
 20
615.5
 10
97.54232283828742
 20
614.5209445330008
 10
97.54232283828742
 20
613.4790554669992
 10
97.89866988597073
 20
612.5
 10
98.56838326826443
 20
611.7018666706431
 10
99.47068566734704
 20
611.1809221376423
 10
100.49674609732405
 20
611.0
 10
122.95472050436997
 20
611.0
 10
123.98078093434697
 20
611.1809221376423
 10
124.8830833334296
 20
611.7018666706431
 10
125.55279671572328
 20
612.5
 10
125.9091437634066
 20
613.4790554669992
 10
125.9091437634066
 20
614.5209445330008
 10
125.55279671572328
 20
615.5
 10
124.8830833334296
 20
616.2981333293569
 10
123.98078093434697
 20
616.8190778623577
 10
122.95472050436997
 20
617.0
  0
LWPOLYLINE
  5
10E
330
17
100
AcDbEntity
  8
CUT_INSIDE
100
AcDbPolyline
 90
21
 70
1
 10
186.5158877314853
 20
631.0
 10
104.7584176067055
 20
631.0
 10
103.7323571767285
 20
630.8190778623577
 10
102.83005477764588
 20
630.2981333293569
 10
102.16034139535219
 20
629.5
 10
101.80399434766888
 20
628.5209445330008
 10
101.80399434766888
 20
627.4790554669992
 10
102.16034139535219
 20
626.5
 10
102.83005477764588
 20
625.7018666706431
 10
103.7323571767285
 20
625.1809221376423
 10
104.7584176067055
 20
625.0
 10
186.5158877314853
 20
625.0
 10
187.5419481614623
 20
625.1809221376423
 10
188.4442505605449
 20
625.7018666706431
 10
189.1139639428386
 20
626.5
 10
189.4703109905219
 20
627.4790554669992
 10
189.4703109905219
 20
628.5209445330008
 10
189.1139639428386
 20
629.5
 10
188.4442505605449
 20
630.2981333293569
 10
187.5419481614623
 20
630.8190778623577
 10
186.5158877314853
 20
631.0
  0
LWPOLYLINE
  5
10F
330
17
100
AcDbEntity
  8
CUT_INSIDE
100
AcDbPolyline
 90
21
 70
1
 10
184.2068228198354
 20
435.0
 10
148.39606825023083
 20
435.0
 10
147.37000782025385
 20
434.81907786235774
 10
146.46770542117122
 20
434.2981333293569
 10
145.7979920388775
 20
433.5
 10
145.4416449911942
 20
432.5209445330008
 10
145.4416449911942
 20
431.4790554669992
 10
145.7979920388775
 20
430.5
 10
146.46770542117122
 20
429.7018666706431
 10
147.37000782025382
 20
429.18092213764226
 10
148.39606825023083
 20
429.0
 10
184.2068228198354
 20
429.0
 10
185.23288324981237
 20
429.18092213764226
 10
186.135185648895
 20
429.7018666706431
 10
186.8048990311887
 20
430.5
 10
187.161246078872
 20
431.4790554669992
 10
187.161246078872
 20
432.5209445330008
 10
186.8048990311887
 20
433.5
 10
186.135185648895
 20
434.2981333293569
 10
185.2328832498124
 20
434.81907786235774
 10
184.2068228198354
 20
435.0
  0
LWPOLYLINE
  5
110
330
17
100
AcDbEntity
  8
CUT_INSIDE
100
AcDbPolyline
 90
21
 70
1
 10
200.0155018474216
 20
449.0
 10
154.90960457152886
 20
449.0
 10
153.88354414155185
 20
448.81907786235774
 10
152.98124174246922
 20
448.2981333293569
 10
152.31152836017554
 20
447.5
 10
151.95518131249224
 20
446.5209445330008
 10
151.95518131249224
 20
445.4790554669992
 10
152.31152836017554
 20
444.5
 10
152.98124174246922
 20
443.7018666706431
 10
153.88354414155185
 20
443.18092213764226
 10
154.90960457152886
 20
443.0
 10
200.0155018474216
 20
443.0
 10
201.0415622773986
 20
443.18092213764226
 10
201.94386467648124
 20
443.7018666706431
 10
202.61357805877492
 20
444.5
 10
202.96992510645822
 20
445.4790554669992
 10
202.96992510645822
 20
446.5209445330008
 10
202.61357805877492
 20
447.5
 10
201.94386467648124
 20
448.2981333293569
 10
201.0415622773986
 20
448.81907786235774
 10
200.0155018474216
 20
449.0
  0
LWPOLYLINE
  5
111
330
17
100
AcDbEntity
  8
CUT_INSIDE
100
AcDbPolyline
 90
21
 70
1
 10
245.80315823307149
 20
463.0
 10
167.65861260310248
 20
463.0
 10
166.63255217312548
 20
462.81907786235774
 10
165.73024977404287
 20
462.2981333293569
 10
165.06053639174917
 20
461.5
 10
164.70418934406587
 20
460.5209445330008
 10
164.70418934406587
 20
459.4790554669992
 10
165.06053639174917
 20
458.5
 10
165.73024977404287
 20
457.7018666706431
 10
166.63255217312548
 20
457.18092213764226
 10
167.65861260310248
 20
457.0
 10
245.80315823307149
 20
457.0
 10
246.8292186630485
 20
457.18092213764226
 10
247.7315210621311
 20
457.7018666706431
 10
248.4012344444248
 20
458.5
 10
248.7575814921081
 20
459.4790554669992
 10
248.7575814921081
 20
460.5209445330008
 10
248.4012344444248
 20
461.5
 10
247.7315210621311
 20
462.2981333293569
 10
246.8292186630485
 20
462.81907786235774
 10
245.80315823307149
 20
463.0
  0
LWPOLYLINE
  5
112
330
17
100
AcDbEntity
  8
CUT_INSIDE
100
AcDbPolyline
 90
21
 70
1
 10
236.76506591313458
 20
477.0
 10
191.06312534285004
 20
477.0
 10
190.03706491287303
 20
476.81907786235774
 10
189.13476251379043
 20
476.2981333293569
 10
188.46504913149673
 20
475.5
 10
188.10870208381343
 20
474.5209445330008
 10
188.10870208381343
 20
473.4790554669992
 10
188.46504913149673
 20
472.5
 10
189.13476251379043
 20
471.7018666706431
 10
190.03706491287303
 20
471.18092213764226
 10
191.06312534285004
 20
471.0
 10
236.76506591313458
 20
471.0
 10
237.79112634311159
 20
471.18092213764226
 10
238.6934287421942
 20
471.7018666706431
 10
239.3631421244879
 20
472.5
 10
239.7194891721712
 20
473.4790554669992
 10
239.7194891721712
 20
474.5209445330008
 10
239.3631421244879
 20
475.5
 10
238.6934287421942
 20
476.2981333293569
 10
237.79112634311159
 20
476.81907786235774
 10
236.76506591313458
 20
477.0
  0
LWPOLYLINE
  5
113
330
17
100
AcDbEntity
  8
CUT_INSIDE
100
AcDbPolyline
 90
21
 70
1
 10
217.9183345695878
 20
491.0
 10
174.9157954951177
 20
491.0
 10
173.88973506514068
 20
490.81907786235774
 10
172.98743266605806
 20
490.2981333293569
 10
172.31771928376438
 20
489.5
 10
171.96137223608105
 20
488.5209445330008
 10
171.96137223608105
 20
487.4790554669992
 10
172.31771928376438
 20
486.5
 10
172.98743266605806
 20
485.7018666706431
 10
173.88973506514068
 20
485.18092213764226
 10
174.9157954951177
 20
485.0
 10
217.9183345695878
 20
485.0
 10
218.94439499956482
 20
485.18092213764226
 10
219.84669739864745
 20
485.7018666706431
 10
220.51641078094113
 20
486.5
 10
220.87275782862446
 20
487.4790554669992
 10
220.87275782862446
 20
488.5209445330008
 10
220.51641078094113
 20
489.5
 10
219.84669739864745
 20
490.2981333293569
 10
218.94439499956482
 20
490.81907786235774
 10
217.9183345695878
 20
491.0
  0
LWPOLYLINE
  5
114
330
17
100
AcDbEntity
  8
CUT_INSIDE
100
AcDbPolyline
 90
21
 70
1
 10
228.32867518943974
 20
505.0
 10
179.02440199524452
 20
505.0
 10
177.9983415652675
 20
504.81907786235774
 10
177.0960391661849
 20
504.2981333293569
 10
176.4263257838912
 20
503.5
 10
176.0699787362079
 20
502.5209445330008
 10
176.0699787362079
 20
501.4790554669992
 10
176.4263257838912
 20
500.5
 10
177.0960391661849
 20
499.7018666706431
 10
177.9983415652675
 20
499.18092213764226
 10
179.02440199524452
 20
499.0
 10
228.32867518943974
 20
499.0
 10
229.35473561941674
 20
499.18092213764226
 10
230.25703801849934
 20
499.7018666706431
 10
230.92675140079305
 20
500.5
 10
231.28309844847635
 20
501.4790554669992
 10
231.28309844847635
 20
502.5209445330008
 10
230.92675140079305
 20
503.5
 10
230.25703801849934
 20
504.2981333293569
 10
229.35473561941674
 20
504.81907786235774
 10
228.32867518943974
 20
505.0
  0
LWPOLYLINE
  5
115
330
17
100
AcDbEntity
  8
CUT_INSIDE
100
AcDbPolyline
 90
21
 70
1
 10
203.74619472208315
 20
519.0
 10
178.4716747692898
 20
519.0
 10
177.44561433931278
 20
518.8190778623577
 10
176.54331194023018
 20
518.2981333293569
 10
175.87359855793648
 20
517.5
 10
175.51725151025317
 20
516.5209445330008
 10
175.51725151025317
 20
515.4790554669992
 10
175.87359855793648
 20
514.5
 10
176.54331194023018
 20
513.7018666706431
 10
177.44561433931278
 20
513.1809221376423
 10
178.4716747692898
 20
513.0
 10
203.74619472208315
 20
513.0
 10
204.77225515206015
 20
513.1809221376423
 10
205.67455755114275
 20
513.7018666706431
 10
206.34427093343646
 20
514.5
 10
206.70061798111976
 20
515.4790554669992
 10
206.70061798111976
 20
516.5209445330008
 10
206.34427093343646
 20
517.5
 10
205.67455755114275
 20
518.2981333293569
 10
204.77225515206015
 20
518.8190778623577
 10
203.74619472208315
 20
519.0
  0
LWPOLYLINE
  5
116
330
17
100
AcDbEntity
  8
CUT_INSIDE
100
AcDbPolyline
 90
21
 70
1
 10
211.94232127694744
 20
533.0
 10
192.7774242553458
 20
533.0
 10
191.7513638253688
 20
532.8190778623577
 10
190.8490614262862
 20
532.2981333293569
 10
190.1793480439925
 20
531.5
 10
189.8230009963092
 20
530.5209445330008
 10
189.8230009963092
 20
529.4790554669992
 10
190.1793480439925
 20
528.5
 10
190.8490614262862
 20
527.7018666706431
 10
191.7513638253688
 20
527.1809221376423
 10
192.7774242553458
 20
527.0
 10
211.94232127694744
 20
527.0
 10
212.96838170692445
 20
527.1809221376423
 10
213.87068410600705
 20
527.7018666706431
 10
214.54039748830075
 20
528.5
 10
214.89674453598406
 20
529.4790554669992
 10
214.89674453598406
 20
530.5209445330008
 10
214.54039748830075
 20
531.5
 10
213.87068410600705
 20
532.2981333293569
 10
212.96838170692445
 20
532.8190778623577
 10
211.94232127694744
 20
533.0
  0
LWPOLYLINE
  5
117
330
17
100
AcDbEntity
  8
CUT_INSIDE
100
AcDbPolyline
 90
21
 70
1
 10
270.03764212094575
 20
435.0
 10
222.25218175824142
 20
435.0
 10
221.2261213282644
 20
434.81907786235774
 10
220.3238189291818
 20
434.2981333293569
 10
219.6541055468881
 20
433.5
 10
219.2977584992048
 20
432.5209445330008
 10
219.2977584992048
 20
431.4790554669992
 10
219.6541055468881
 20
430.5
 10
220.3238189291818
 20
429.7018666706431
 10
221.2261213282644
 20
429.18092213764226
 10
222.25218175824142
 20
429.0
 10
270.03764212094575
 20
429.0
 10
271.06370255092276
 20
429.18092213764226
 10
271.96600495000536
 20
429.7018666706431
 10
272.63571833229906
 20
430.5
 10
272.99206537998236
 20
431.4790554669992
 10
272.99206537998236
 20
432.5209445330008
 10
272.63571833229906
 20
433.5
 10
271.96600495000536
 20
434.2981333293569
 10
271.06370255092276
 20
434.81907786235774
 10
270.03764212094575
 20
435.0
  0
LWPOLYLINE
  5
118
330
17
100
AcDbEntity
  8
CUT_INSIDE
100
AcDbPolyline
 90
21
 70
1
 10
319.8990433925676
 20
449.0
 10
229.52220275249817
 20
449.0
 10
228.49614232252117
 20
448.81907786235774
 10
227.59383992343857
 20
448.2981333293569
 10
226.92412654114486
 20
447.5
 10
226.56777949346156
 20
446.5209445330008
 10
226.56777949346156
 20
445.4790554669992
 10
226.92412654114486
 20
444.5
 10
227.59383992343857
 20
443.7018666706431
 10
228.49614232252117
 20
443.18092213764226
 10
229.52220275249817
 20
443.0
 10
319.8990433925676
 20
443.0
 10
320.9251038225446
 20
443.18092213764226
 10
321.8274062216272
 20
443.7018666706431
 10
322.4971196039209
 20
444.5
 10
322.8534666516042
 20
445.4790554669992
 10
322.8534666516042
 20
446.5209445330008
 10
322.4971196039209
 20
447.5
 10
321.8274062216272
 20
448.2981333293569
 10
320.9251038225446
 20
448.81907786235774
 10
319.8990433925676
 20
449.0
  0
LWPOLYLINE
  5
119
330
17
100
AcDbEntity
  8
CUT_INSIDE
100
AcDbPolyline
 90
21
 70
1
 10
299.1831567663647
 20
491.0
 10
238.22472340886765
 20
491.0
 10
237.19866297889064
 20
490.81907786235774
 10
236.29636057980804
 20
490.2981333293569
 10
235.62664719751433
 20
489.5
 10
235.27030014983103
 20
488.5209445330008
 10
235.27030014983103
 20
487.4790554669992
 10
235.62664719751433
 20
486.5
 10
236.29636057980804
 20
485.7018666706431
 10
237.19866297889064
 20
485.18092213764226
 10
238.22472340886765
 20
485.0
 10
299.1831567663647
 20
485.0
 10
300.2092171963417
 20
485.18092213764226
 10
301.1115195954243
 20
485.7018666706431
 10
301.781232977718
 20
486.5
 10
302.1375800254013
 20
487.4790554669992
 10
302.1375800254013
 20
488.5209445330008
 10
301.781232977718
 20
489.5
 10
301.1115195954243
 20
490.2981333293569
 10
300.2092171963417
 20
490.81907786235774
 10
299.1831567663647
 20
491.0
  0
LWPOLYLINE
  5
11A
330
17
100
AcDbEntity
  8
CUT_INSIDE
100
AcDbPolyline
 90
21
 70
1
 10
276.7826714753032
 20
505.0
 10
255.91139890162964
 20
505.0
 10
254.88533847165263
 20
504.81907786235774
 10
253.98303607257003
 20
504.2981333293569
 10
253.31332269027632
 20
503.5
 10
252.95697564259302
 20
502.5209445330008
 10
252.95697564259302
 20
501.4790554669992
 10
253.31332269027632
 20
500.5
 10
253.98303607257003
 20
499.7018666706431
 10
254.88533847165263
 20
499.18092213764226
 10
255.91139890162964
 20
499.0
 10
276.7826714753032
 20
499.0
 10
277.8087319052802
 20
499.18092213764226
 10
278.7110343043628
 20
499.7018666706431
 10
279.3807476866565
 20
500.5
 10
279.7370947343398
 20
501.4790554669992
 10
279.7370947343398
 20
502.5209445330008
 10
279.3807476866565
 20
503.5
 10
278.7110343043628
 20
504.2981333293569
 10
277.8087319052802
 20
504.81907786235774
 10
276.7826714753032
 20
505.0
  0
LWPOLYLINE
  5
11B
330
17
100
AcDbEntity
  8
CUT_INSIDE
100
AcDbPolyline
 90
21
 70
1
 10
194.90162561972693
 20
561.0
 10
175.69050041020995
 20
561.0
 10
174.66443998023294
 20
560.8190778623577
 10
173.76213758115034
 20
560.2981333293569
 10
173.09242419885663
 20
559.5
 10
172.73607715117333
 20
558.5209445330008
 10
172.73607715117333
 20
557.4790554669992
 10
173.09242419885663
 20
556.5
 10
173.76213758115034
 20
555.7018666706431
 10
174.66443998023294
 20
555.1809221376423
 10
175.69050041020995
 20
555.0
 10
194.90162561972693
 20
555.0
 10
195.92768604970394
 20
555.1809221376423
 10
196.82998844878654
 20
555.7018666706431
 10
197.49970183108024
 20
556.5
 10
197.85604887876354
 20
557.4790554669992
 10
197.85604887876354
 20
558.5209445330008
 10
197.49970183108024
 20
559.5
 10
196.82998844878654
 20
560.2981333293569
 10
195.92768604970394
 20
560.8190778623577
 10
194.90162561972693
 20
561.0
  0
LWPOLYLINE
  5
11C
330
17
100
AcDbEntity
  8
CUT_INSIDE
100
AcDbPolyline
 90
21
 70
1
 10
192.24472943620094
 20
575.0
 10
175.70792277160405
 20
575.0
 10
174.68186234162704
 20
574.8190778623577
 10
173.7795599425444
 20
574.2981333293569
 10
173.10984656025073
 20
573.5
 10
172.75349951256743
 20
572.5209445330008
 10
172.75349951256743
 20
571.4790554669992
 10
173.10984656025073
 20
570.5
 10
173.77955994254444
 20
569.7018666706431
 10
174.68186234162704
 20
569.1809221376423
 10
175.70792277160405
 20
569.0
 10
192.24472943620094
 20
569.0
 10
193.27078986617795
 20
569.1809221376423
 10
194.17309226526058
 20
569.7018666706431
 10
194.84280564755426
 20
570.5
 10
195.19915269523756
 20
571.4790554669992
 10
195.19915269523756
 20
572.5209445330008
 10
194.84280564755426
 20
573.5
 10
194.17309226526055
 20
574.2981333293569
 10
193.27078986617795
 20
574.8190778623577
 10
192.24472943620094
 20
575.0
  0
LWPOLYLINE
  5
11D
330
17
100
AcDbEntity
  8
CUT_INSIDE
100
AcDbPolyline
 90
21
 70
1
 10
195.0473681402955
 20
547.0
 10
178.6176511653812
 20
547.0
 10
177.5915907354042
 20
546.8190778623577
 10
176.6892883363216
 20
546.2981333293569
 10
176.0195749540279
 20
545.5
 10
175.6632279063446
 20
544.5209445330008
 10
175.6632279063446
 20
543.4790554669992
 10
176.0195749540279
 20
542.5
 10
176.6892883363216
 20
541.7018666706431
 10
177.5915907354042
 20
541.1809221376423
 10
178.6176511653812
 20
541.0
 10
195.0473681402955
 20
541.0
 10
196.0734285702725
 20
541.1809221376423
 10
196.9757309693551
 20
541.7018666706431
 10
197.64544435164882
 20
542.5
 10
198.00179139933212
 20
543.4790554669992
 10
198.00179139933212
 20
544.5209445330008
 10
197.64544435164882
 20
545.5
 10
196.9757309693551
 20
546.2981333293569
 10
196.0734285702725
 20
546.8190778623577
 10
195.0473681402955
 20
547.0
  0
LWPOLYLINE
  5
11E
330
17
100
AcDbEntity
  8
CUT_INSIDE
100
AcDbPolyline
 90
21
 70
1
 10
171.24132969955969
 20
617.0
 10
152.10328153104768
 20
617.0
 10
151.07722110107068
 20
616.8190778623577
 10
150.17491870198805
 20
616.2981333293569
 10
149.50520531969437
 20
615.5
 10
149.14885827201104
 20
614.5209445330008
 10
149.14885827201104
 20
613.4790554669992
 10
149.50520531969437
 20
612.5
 10
150.17491870198805
 20
611.7018666706431
 10
151.07722110107068
 20
611.1809221376423
 10
152.10328153104768
 20
611.0
 10
171.24132969955969
 20
611.0
 10
172.2673901295367
 20
611.1809221376423
 10
173.16969252861932
 20
611.7018666706431
 10
173.839405910913
 20
612.5
 10
174.19575295859633
 20
613.4790554669992
 10
174.19575295859633
 20
614.5209445330008
 10
173.839405910913
 20
615.5
 10
173.16969252861932
 20
616.2981333293569
 10
172.2673901295367
 20
616.8190778623577
 10
171.24132969955969
 20
617.0
  0
LWPOLYLINE
  5
11F
330
17
100
AcDbEntity
  8
CUT_INSIDE
100
AcDbPolyline
 90
21
 70
1
 10
210.51090697469826
 20
589.0
 10
182.2417861943342
 20
589.0
 10
181.2157257643572
 20
588.8190778623577
 10
180.3134233652746
 20
588.2981333293569
 10
179.64370998298088
 20
587.5
 10
179.28736293529758
 20
586.5209445330008
 10
179.28736293529758
 20
585.4790554669992
 10
179.64370998298088
 20
584.5
 10
180.3134233652746
 20
583.7018666706431
 10
181.2157257643572
 20
583.1809221376423
 10
182.2417861943342
 20
583.0
 10
210.51090697469826
 20
583.0
 10
211.53696740467527
 20
583.1809221376423
 10
212.43926980375787
 20
583.7018666706431
 10
213.10898318605157
 20
584.5
 10
213.46533023373487
 20
585.4790554669992
 10
213.46533023373487
 20
586.5209445330008
 10
213.10898318605157
 20
587.5
 10
212.43926980375787
 20
588.2981333293569
 10
211.53696740467527
 20
588.8190778623577
 10
210.51090697469826
 20
589.0
  0
LWPOLYLINE
  5
120
330
17
100
AcDbEntity
  8
CUT_INSIDE
100
AcDbPolyline
 90
21
 70
1
 10
240.25563082634773
 20
617.0
 10
191.5629573967978
 20
617.0
 10
190.5368969668208
 20
616.8190778623577
 10
189.6345945677382
 20
616.2981333293569
 10
188.96488118544448
 20
615.5
 10
188.60853413776118
 20
614.5209445330008
 10
188.60853413776118
 20
613.4790554669992
 10
188.96488118544448
 20
612.5
 10
189.6345945677382
 20
611.7018666706431
 10
190.5368969668208
 20
611.1809221376423
 10
191.5629573967978
 20
611.0
 10
240.25563082634773
 20
611.0
 10
241.28169125632473
 20
611.1809221376423
 10
242.18399365540733
 20
611.7018666706431
 10
242.85370703770104
 20
612.5
 10
243.21005408538434
 20
613.4790554669992
 10
243.21005408538434
 20
614.5209445330008
 10
242.85370703770104
 20
615.5
 10
242.18399365540733
 20
616.2981333293569
 10
241.28169125632473
 20
616.8190778623577
 10
240.25563082634773
 20
617.0
  0
LWPOLYLINE
  5
121
330
17
100
AcDbEntity
  8
CUT_INSIDE
100
AcDbPolyline
 90
21
 70
1
 10
244.36264267165188
 20
547.0
 10
220.0984101686796
 20
547.0
 10
219.0723497387026
 20
546.8190778623577
 10
218.17004733961997
 20
546.2981333293569
 10
217.5003339573263
 20
545.5
 10
217.14398690964296
 20
544.5209445330008
 10
217.14398690964296
 20
543.4790554669992
 10
217.5003339573263
 20
542.5
 10
218.17004733961997
 20
541.7018666706431
 10
219.0723497387026
 20
541.1809221376423
 10
220.0984101686796
 20
541.0
 10
244.36264267165188
 20
541.0
 10
245.3887031016289
 20
541.1809221376423
 10
246.29100550071152
 20
541.7018666706431
 10
246.9607188830052
 20
542.5
 10
247.31706593068853
 20
543.4790554669992
 10
247.31706593068853
 20
544.5209445330008
 10
246.9607188830052
 20
545.5
 10
246.29100550071152
 20
546.2981333293569
 10
245.3887031016289
 20
546.8190778623577
 10
244.36264267165188
 20
547.0
  0
LWPOLYLINE
  5
122
330
17
100
AcDbEntity
  8
CUT_INSIDE
100
AcDbPolyline
 90
21
 70
1
 10
268.0336216052218
 20
575.0
 10
217.86172380757253
 20
575.0
 10
216.83566337759552
 20
574.8190778623577
 10
215.9333609785129
 20
574.2981333293569
 10
215.26364759621922
 20
573.5
 10
214.90730054853591
 20
572.5209445330008
 10
214.90730054853591
 20
571.4790554669992
 10
215.26364759621922
 20
570.5
 10
215.9333609785129
 20
569.7018666706431
 10
216.83566337759552
 20
569.1809221376423
 10
217.86172380757253
 20
569.0
 10
268.0336216052218
 20
569.0
 10
269.05968203519876
 20
569.1809221376423
 10
269.9619844342814
 20
569.7018666706431
 10
270.6316978165751
 20
570.5
 10
270.9880448642584
 20
571.4790554669992
 10
270.9880448642584
 20
572.5209445330008
 10
270.6316978165751
 20
573.5
 10
269.9619844342814
 20
574.2981333293569
 10
269.05968203519876
 20
574.8190778623577
 10
268.0336216052218
 20
575.0
  0
LWPOLYLINE
  5
123
330
17
100
AcDbEntity
  8
CUT_INSIDE
100
AcDbPolyline
 90
21
 70
1
 10
296.69551167552237
 20
561.0
 10
214.28136483660063
 20
561.0
 10
213.25530440662362
 20
560.8190778623577
 10
212.35300200754102
 20
560.2981333293569
 10
211.68328862524731
 20
559.5
 10
211.326941577564
 20
558.5209445330008
 10
211.326941577564
 20
557.4790554669992
 10
211.68328862524731
 20
556.5
 10
212.35300200754102
 20
555.7018666706431
 10
213.25530440662362
 20
555.1809221376423
 10
214.28136483660063
 20
555.0
 10
296.69551167552237
 20
555.0
 10
297.7215721054994
 20
555.1809221376423
 10
298.623874504582
 20
555.7018666706431
 10
299.2935878868757
 20
556.5
 10
299.649934934559
 20
557.4790554669992
 10
299.649934934559
 20
558.5209445330008
 10
299.2935878868757
 20
559.5
 10
298.623874504582
 20
560.2981333293569
 10
297.7215721054994
 20
560.8190778623577
 10
296.69551167552237
 20
561.0
  0
LWPOLYLINE
  5
124
330
17
100
AcDbEntity
  8
CUT_INSIDE
100
AcDbPolyline
 90
21
 70
1
 10
276.63394043666875
 20
603.0
 10
165.2232646463692
 20
603.0
 10
164.19720421639218
 20
602.8190778623577
 10
163.29490181730958
 20
602.2981333293569
 10
162.62518843501587
 20
601.5
 10
162.26884138733257
 20
600.5209445330008
 10
162.26884138733257
 20
599.4790554669992
 10
162.62518843501587
 20
598.5
 10
163.29490181730958
 20
597.7018666706431
 10
164.19720421639218
 20
597.1809221376423
 10
165.2232646463692
 20
597.0
 10
276.63394043666875
 20
597.0
 10
277.66000086664576
 20
597.1809221376423
 10
278.56230326572836
 20
597.7018666706431
 10
279.23201664802207
 20
598.5
 10
279.5883636957054
 20
599.4790554669992
 10
279.5883636957054
 20
600.5209445330008
 10
279.23201664802207
 20
601.5
 10
278.56230326572836
 20
602.2981333293569
 10
277.66000086664576
 20
602.8190778623577
 10
276.63394043666875
 20
603.0
  0
LWPOLYLINE
  5
125
330
17
100
AcDbEntity
  8
CUT_INSIDE
100
AcDbPolyline
 90
21
 70
1
 10
242.873068663977
 20
631.0
 10
205.98982161953523
 20
631.0
 10
204.96376118955823
 20
630.8190778623577
 10
204.06145879047563
 20
630.2981333293569
 10
203.39174540818192
 20
629.5
 10
203.03539836049862
 20
628.5209445330008
 10
203.03539836049862
 20
627.4790554669992
 10
203.39174540818192
 20
626.5
 10
204.06145879047563
 20
625.7018666706431
 10
204.96376118955823
 20
625.1809221376423
 10
205.98982161953523
 20
625.0
 10
242.873068663977
 20
625.0
 10
243.899129093954
 20
625.1809221376423
 10
244.8014314930366
 20
625.7018666706431
 10
245.4711448753303
 20
626.5
 10
245.8274919230136
 20
627.4790554669992
 10
245.8274919230136
 20
628.5209445330008
 10
245.4711448753303
 20
629.5
 10
244.8014314930366
 20
630.2981333293569
 10
243.899129093954
 20
630.8190778623577
 10
242.873068663977
 20
631.0
  0
LWPOLYLINE
  5
126
330
17
100
AcDbEntity
  8
CUT_INSIDE
100
AcDbPolyline
 90
21
 70
1
 10
70.94690146644383
 20
659.0
 10
46.73857403137214
 20
659.0
 10
45.71251360139513
 20
658.8190778623577
 10
44.810211202312516
 20
658.2981333293569
 10
44.14049782001882
 20
657.5
 10
43.784150772335515
 20
656.5209445330008
 10
43.784150772335515
 20
655.4790554669992
 10
44.14049782001882
 20
654.5
 10
44.810211202312516
 20
653.7018666706431
 10
45.71251360139513
 20
653.1809221376423
 10
46.73857403137214
 20
653.0
 10
70.94690146644383
 20
653.0
 10
71.97296189642084
 20
653.1809221376423
 10
72.87526429550346
 20
653.7018666706431
 10
73.54497767779715
 20
654.5
 10
73.90132472548046
 20
655.4790554669992
 10
73.90132472548046
 20
656.5209445330008
 10
73.54497767779715
 20
657.5
 10
72.87526429550346
 20
658.2981333293569
 10
71.97296189642084
 20
658.8190778623577
 10
70.94690146644383
 20
659.0
  0
LWPOLYLINE
  5
127
330
17
100
AcDbEntity
  8
CUT_INSIDE
100
AcDbPolyline
 90
21
 70
1
 10
64.76355667907859
 20
673.0
 10
46.58388485406589
 20
673.0
 10
45.55782442408889
 20
672.8190778623577
 10
44.65552202500628
 20
672.2981333293569
 10
43.98580864271258
 20
671.5
 10
43.62946159502927
 20
670.5209445330008
 10
43.62946159502927
 20
669.4790554669992
 10
43.98580864271258
 20
668.5
 10
44.65552202500628
 20
667.7018666706431
 10
45.55782442408889
 20
667.1809221376423
 10
46.58388485406589
 20
667.0
 10
64.76355667907859
 20
667.0
 10
65.7896171090556
 20
667.1809221376423
 10
66.69191950813821
 20
667.7018666706431
 10
67.3616328904319
 20
668.5
 10
67.71797993811522
 20
669.4790554669992
 10
67.71797993811522
 20
670.5209445330008
 10
67.3616328904319
 20
671.5
 10
66.69191950813821
 20
672.2981333293569
 10
65.7896171090556
 20
672.8190778623577
 10
64.76355667907859
 20
673.0
  0
LWPOLYLINE
  5
128
330
17
100
AcDbEntity
  8
CUT_INSIDE
100
AcDbPolyline
 90
21
 70
1
 10
99.0191073827257
 20
645.0
 10
51.55002545904283
 20
645.0
 10
50.52396502906583
 20
644.8190778623577
 10
49.62166262998321
 20
644.2981333293569
 10
48.95194924768951
 20
643.5
 10
48.59560220000621
 20
642.5209445330008
 10
48.59560220000621
 20
641.4790554669992
 10
48.95194924768951
 20
640.5
 10
49.62166262998321
 20
639.7018666706431
 10
50.52396502906583
 20
639.1809221376423
 10
51.55002545904283
 20
639.0
 10
99.0191073827257
 20
639.0
 10
100.04516781270269
 20
639.1809221376423
 10
100.94747021178532
 20
639.7018666706431
 10
101.61718359407901
 20
640.5
 10
101.97353064176231
 20
641.4790554669992
 10
101.97353064176231
 20
642.5209445330008
 10
101.61718359407901
 20
643.5
 10
100.94747021178532
 20
644.2981333293569
 10
100.04516781270269
 20
644.8190778623577
 10
99.0191073827257
 20
645.0
  0
LWPOLYLINE
  5
129
330
17
100
AcDbEntity
  8
CUT_INSIDE
100
AcDbPolyline
 90
21
 70
1
 10
67.10870528794338
 20
687.0
 10
44.44422758913137
 20
687.0
 10
43.418167159154365
 20
686.8190778623577
 10
42.51586476007175
 20
686.2981333293569
 10
41.84615137777806
 20
685.5
 10
41.48980433009475
 20
684.5209445330008
 10
41.48980433009475
 20
683.4790554669992
 10
41.84615137777806
 20
682.5
 10
42.51586476007175
 20
681.7018666706431
 10
43.418167159154365
 20
681.1809221376423
 10
44.44422758913137
 20
681.0
 10
67.10870528794338
 20
681.0
 10
68.13476571792039
 20
681.1809221376423
 10
69.037068117003
 20
681.7018666706431
 10
69.7067814992967
 20
682.5
 10
70.06312854698001
 20
683.4790554669992
 10
70.06312854698001
 20
684.5209445330008
 10
69.7067814992967
 20
685.5
 10
69.037068117003
 20
686.2981333293569
 10
68.13476571792039
 20
686.8190778623577
 10
67.10870528794338
 20
687.0
  0
LWPOLYLINE
  5
12A
330
17
100
AcDbEntity
  8
CUT_INSIDE
100
AcDbPolyline
 90
21
 70
1
 10
98.46934708287829
 20
701.0
 10
52.97780914120436
 20
701.0
 10
51.95174871122735
 20
700.8190778623577
 10
51.04944631214474
 20
700.2981333293569
 10
50.379732929851045
 20
699.5
 10
50.02338588216774
 20
698.5209445330008
 10
50.02338588216774
 20
697.4790554669992
 10
50.379732929851045
 20
696.5
 10
51.04944631214474
 20
695.7018666706431
 10
51.95174871122735
 20
695.1809221376423
 10
52.97780914120436
 20
695.0
 10
98.46934708287829
 20
695.0
 10
99.4954075128553
 20
695.1809221376423
 10
100.39770991193791
 20
695.7018666706431
 10
101.0674232942316
 20
696.5
 10
101.42377034191492
 20
697.4790554669992
 10
101.42377034191492
 20
698.5209445330008
 10
101.0674232942316
 20
699.5
 10
100.39770991193791
 20
700.2981333293569
 10
99.4954075128553
 20
700.8190778623577
 10
98.46934708287829
 20
701.0
  0
LWPOLYLINE
  5
12B
330
17
100
AcDbEntity
  8
CUT_INSIDE
100
AcDbPolyline
 90
21
 70
1
 10
76.90436679839762
 20
715.0
 10
59.73469140616804
 20
715.0
 10
58.70863097619103
 20
714.8190778623577
 10
57.806328577108424
 20
714.2981333293569
 10
57.13661519481472
 20
713.5
 10
56.780268147131416
 20
712.5209445330008
 10
56.780268147131416
 20
711.4790554669992
 10
57.13661519481472
 20
710.5
 10
57.806328577108424
 20
709.7018666706431
 10
58.70863097619103
 20
709.1809221376423
 10
59.73469140616804
 20
709.0
 10
76.90436679839762
 20
709.0
 10
77.93042722837463
 20
709.1809221376423
 10
78.83272962745724
 20
709.7018666706431
 10
79.50244300975093
 20
710.5
 10
79.85879005743425
 20
711.4790554669992
 10
79.85879005743423
 20
712.5209445330008
 10
79.50244300975093
 20
713.5
 10
78.83272962745724
 20
714.2981333293569
 10
77.93042722837463
 20
714.8190778623577
 10
76.90436679839762
 20
715.0
  0
LWPOLYLINE
  5
12C
330
17
100
AcDbEntity
  8
CUT_INSIDE
100
AcDbPolyline
 90
21
 70
1
 10
81.5150761275836
 20
729.0
 10
57.30441844280406
 20
729.0
 10
56.278358012827056
 20
728.8190778623577
 10
55.37605561374444
 20
728.2981333293569
 10
54.70634223145074
 20
727.5
 10
54.34999518376743
 20
726.5209445330008
 10
54.34999518376743
 20
725.4790554669992
 10
54.70634223145074
 20
724.5
 10
55.37605561374444
 20
723.7018666706431
 10
56.278358012827056
 20
723.1809221376423
 10
57.30441844280406
 20
723.0
 10
81.5150761275836
 20
723.0
 10
82.5411365575606
 20
723.1809221376423
 10
83.44343895664322
 20
723.7018666706431
 10
84.11315233893691
 20
724.5
 10
84.46949938662023
 20
725.4790554669992
 10
84.46949938662023
 20
726.5209445330008
 10
84.11315233893691
 20
727.5
 10
83.44343895664322
 20
728.2981333293569
 10
82.5411365575606
 20
728.8190778623577
 10
81.5150761275836
 20
729.0
  0
LWPOLYLINE
  5
12D
330
17
100
AcDbEntity
  8
CUT_INSIDE
100
AcDbPolyline
 90
21
 70
1
 10
138.22271885704765
 20
659.0
 10
88.5894533652708
 20
659.0
 10
87.56339293529379
 20
658.8190778623577
 10
86.66109053621118
 20
658.2981333293569
 10
85.99137715391748
 20
657.5
 10
85.63503010623417
 20
656.5209445330008
 10
85.63503010623417
 20
655.4790554669992
 10
85.99137715391748
 20
654.5
 10
86.66109053621118
 20
653.7018666706431
 10
87.56339293529379
 20
653.1809221376423
 10
88.5894533652708
 20
653.0
 10
138.22271885704765
 20
653.0
 10
139.24877928702466
 20
653.1809221376423
 10
140.1510816861073
 20
653.7018666706431
 10
140.82079506840097
 20
654.5
 10
141.17714211608427
 20
655.4790554669992
 10
141.17714211608427
 20
656.5209445330008
 10
140.82079506840097
 20
657.5
 10
140.1510816861073
 20
658.2981333293569
 10
139.24877928702466
 20
658.8190778623577
 10
138.22271885704765
 20
659.0
  0
LWPOLYLINE
  5
12E
330
17
100
AcDbEntity
  8
CUT_INSIDE
100
AcDbPolyline
 90
21
 70
1
 10
132.071031278242
 20
673.0
 10
102.24656645555845
 20
673.0
 10
101.22050602558144
 20
672.8190778623577
 10
100.31820362649883
 20
672.2981333293569
 10
99.64849024420514
 20
671.5
 10
99.29214319652183
 20
670.5209445330008
 10
99.29214319652183
 20
669.4790554669992
 10
99.64849024420514
 20
668.5
 10
100.31820362649883
 20
667.7018666706431
 10
101.22050602558144
 20
667.1809221376423
 10
102.24656645555845
 20
667.0
 10
132.071031278242
 20
667.0
 10
133.097091708219
 20
667.1809221376423
 10
133.9993941073016
 20
667.7018666706431
 10
134.66910748959532
 20
668.5
 10
135.02545453727862
 20
669.4790554669992
 10
135.02545453727862
 20
670.5209445330008
 10
134.66910748959532
 20
671.5
 10
133.9993941073016
 20
672.2981333293569
 10
133.097091708219
 20
672.8190778623577
 10
132.071031278242
 20
673.0
  0
LWPOLYLINE
  5
12F
330
17
100
AcDbEntity
  8
CUT_INSIDE
100
AcDbPolyline
 90
21
 70
1
 10
130.6306588813338
 20
687.0
 10
104.23277318626523
 20
687.0
 10
103.20671275628824
 20
686.8190778623577
 10
102.30441035720563
 20
686.2981333293569
 10
101.63469697491192
 20
685.5
 10
101.27834992722862
 20
684.5209445330008
 10
101.27834992722862
 20
683.4790554669992
 10
101.63469697491192
 20
682.5
 10
102.30441035720563
 20
681.7018666706431
 10
103.20671275628824
 20
681.1809221376423
 10
104.23277318626523
 20
681.0
 10
130.6306588813338
 20
681.0
 10
131.6567193113108
 20
681.1809221376423
 10
132.5590217103934
 20
681.7018666706431
 10
133.22873509268712
 20
682.5
 10
133.58508214037042
 20
683.4790554669992
 10
133.58508214037042
 20
684.5209445330008
 10
133.22873509268712
 20
685.5
 10
132.5590217103934
 20
686.2981333293569
 10
131.6567193113108
 20
686.8190778623577
 10
130.6306588813338
 20
687.0
  0
LWPOLYLINE
  5
130
330
17
100
AcDbEntity
  8
CUT_INSIDE
100
AcDbPolyline
 90
21
 70
1
 10
133.37146248702646
 20
715.0
 10
103.98354207689613
 20
715.0
 10
102.95748164691912
 20
714.8190778623577
 10
102.0551792478365
 20
714.2981333293569
 10
101.38546586554281
 20
713.5
 10
101.0291188178595
 20
712.5209445330008
 10
101.0291188178595
 20
711.4790554669992
 10
101.38546586554281
 20
710.5
 10
102.0551792478365
 20
709.7018666706431
 10
102.95748164691912
 20
709.1809221376423
 10
103.98354207689613
 20
709.0
 10
133.37146248702646
 20
709.0
 10
134.39752291700347
 20
709.1809221376423
 10
135.29982531608607
 20
709.7018666706431
 10
135.96953869837978
 20
710.5
 10
136.32588574606308
 20
711.4790554669992
 10
136.32588574606308
 20
712.5209445330008
 10
135.96953869837978
 20
713.5
 10
135.29982531608607
 20
714.2981333293569
 10
134.39752291700347
 20
714.8190778623577
 10
133.37146248702646
 20
715.0
  0
LWPOLYLINE
  5
131
330
17
100
AcDbEntity
  8
CUT_INSIDE
100
AcDbPolyline
 90
21
 70
1
 10
162.3451731715606
 20
701.0
 10
136.71132129014194
 20
701.0
 10
135.68526086016496
 20
700.8190778623577
 10
134.78295846108233
 20
700.2981333293569
 10
134.11324507878862
 20
699.5
 10
133.75689803110532
 20
698.5209445330008
 10
133.75689803110532
 20
697.4790554669992
 10
134.11324507878862
 20
696.5
 10
134.78295846108233
 20
695.7018666706431
 10
135.68526086016496
 20
695.1809221376423
 10
136.71132129014194
 20
695.0
 10
162.3451731715606
 20
695.0
 10
163.37123360153757
 20
695.1809221376423
 10
164.2735360006202
 20
695.7018666706431
 10
164.9432493829139
 20
696.5
 10
165.2995964305972
 20
697.4790554669992
 10
165.2995964305972
 20
698.5209445330008
 10
164.9432493829139
 20
699.5
 10
164.2735360006202
 20
700.2981333293569
 10
163.37123360153757
 20
700.8190778623577
 10
162.3451731715606
 20
701.0
  0
LWPOLYLINE
  5
132
330
17
100
AcDbEntity
  8
CUT_INSIDE
100
AcDbPolyline
 90
21
 70
1
 10
182.10278026591664
 20
729.0
 10
109.25390202292147
 20
729.0
 10
108.22784159294446
 20
728.8190778623577
 10
107.32553919386186
 20
728.2981333293569
 10
106.65582581156815
 20
727.5
 10
106.29947876388485
 20
726.5209445330008
 10
106.29947876388485
 20
725.4790554669992
 10
106.65582581156815
 20
724.5
 10
107.32553919386186
 20
723.7018666706431
 10
108.22784159294446
 20
723.1809221376423
 10
109.25390202292147
 20
723.0
 10
182.10278026591664
 20
723.0
 10
183.12884069589364
 20
723.1809221376423
 10
184.03114309497624
 20
723.7018666706431
 10
184.70085647726995
 20
724.5
 10
185.05720352495325
 20
725.4790554669992
 10
185.05720352495325
 20
726.5209445330008
 10
184.70085647726995
 20
727.5
 10
184.03114309497624
 20
728.2981333293569
 10
183.12884069589364
 20
728.8190778623577
 10
182.10278026591664
 20
729.0
  0
LWPOLYLINE
  5
133
330
17
100
AcDbEntity
  8
CUT_INSIDE
100
AcDbPolyline
 90
21
 70
1
 10
87.74603771551327
 20
743.0
 10
57.41536870515759
 20
743.0
 10
56.38930827518058
 20
742.8190778623577
 10
55.48700587609797
 20
742.2981333293569
 10
54.817292493804274
 20
741.5
 10
54.46094544612097
 20
740.5209445330008
 10
54.46094544612097
 20
739.4790554669992
 10
54.817292493804274
 20
738.5
 10
55.48700587609797
 20
737.7018666706431
 10
56.38930827518058
 20
737.1809221376423
 10
57.41536870515759
 20
737.0
 10
87.74603771551327
 20
737.0
 10
88.77209814549028
 20
737.1809221376423
 10
89.67440054457289
 20
737.7018666706431
 10
90.34411392686658
 20
738.5
 10
90.70046097454988
 20
739.4790554669992
 10
90.70046097454988
 20
740.5209445330008
 10
90.34411392686658
 20
741.5
 10
89.67440054457289
 20
742.2981333293569
 10
88.77209814549028
 20
742.8190778623577
 10
87.74603771551327
 20
743.0
  0
LWPOLYLINE
  5
134
330
17
100
AcDbEntity
  8
CUT_INSIDE
100
AcDbPolyline
 90
21
 70
1
 10
101.089122248448
 20
757.0
 10
50.769839380822525
 20
757.0
 10
49.743778950845524
 20
756.8190778623577
 10
48.84147655176291
 20
756.2981333293569
 10
48.17176316946921
 20
755.5
 10
47.8154161217859
 20
754.5209445330008
 10
47.8154161217859
 20
753.4790554669992
 10
48.17176316946921
 20
752.5
 10
48.84147655176291
 20
751.7018666706431
 10
49.74377895084552
 20
751.1809221376423
 10
50.769839380822525
 20
751.0
 10
101.089122248448
 20
751.0
 10
102.11518267842501
 20
751.1809221376423
 10
103.01748507750763
 20
751.7018666706431
 10
103.68719845980132
 20
752.5
 10
104.04354550748464
 20
753.4790554669992
 10
104.04354550748464
 20
754.5209445330008
 10
103.68719845980132
 20
755.5
 10
103.01748507750763
 20
756.2981333293569
 10
102.11518267842501
 20
756.8190778623577
 10
101.089122248448
 20
757.0
  0
LWPOLYLINE
  5
135
330
17
100
AcDbEntity
  8
CUT_INSIDE
100
AcDbPolyline
 90
21
 70
1
 10
98.15545770317078
 20
771.0
 10
48.00797939891825
 20
771.0
 10
46.98191896894125
 20
770.8190778623577
 10
46.079616569858636
 20
770.2981333293569
 10
45.409903187564936
 20
769.5
 10
45.053556139881636
 20
768.5209445330008
 10
45.053556139881636
 20
767.4790554669992
 10
45.409903187564936
 20
766.5
 10
46.079616569858636
 20
765.7018666706431
 10
46.98191896894125
 20
765.1809221376423
 10
48.00797939891825
 20
765.0
 10
98.15545770317078
 20
765.0
 10
99.18151813314779
 20
765.1809221376423
 10
100.08382053223039
 20
765.7018666706431
 10
100.7535339145241
 20
766.5
 10
101.1098809622074
 20
767.4790554669992
 10
101.1098809622074
 20
768.5209445330008
 10
100.7535339145241
 20
769.5
 10
100.08382053223039
 20
770.2981333293569
 10
99.18151813314779
 20
770.8190778623577
 10
98.15545770317078
 20
771.0
  0
LWPOLYLINE
  5
136
330
17
100
AcDbEntity
  8
CUT_INSIDE
100
AcDbPolyline
 90
21
 70
1
 10
71.89628935745634
 20
799.0
 10
43.377414450180794
 20
799.0
 10
42.351354020203786
 20
798.8190778623577
 10
41.44905162112117
 20
798.2981333293569
 10
40.77933823882748
 20
797.5
 10
40.42299119114416
 20
796.5209445330008
 10
40.42299119114416
 20
795.4790554669992
 10
40.77933823882748
 20
794.5
 10
41.44905162112117
 20
793.7018666706431
 10
42.351354020203786
 20
793.1809221376423
 10
43.377414450180794
 20
793.0
 10
71.89628935745634
 20
793.0
 10
72.92234978743335
 20
793.1809221376423
 10
73.82465218651596
 20
793.7018666706431
 10
74.49436556880966
 20
794.5
 10
74.85071261649297
 20
795.4790554669992
 10
74.85071261649297
 20
796.5209445330008
 10
74.49436556880966
 20
797.5
 10
73.82465218651596
 20
798.2981333293569
 10
72.92234978743335
 20
798.8190778623577
 10
71.89628935745634
 20
799.0
  0
LWPOLYLINE
  5
137
330
17
100
AcDbEntity
  8
CUT_INSIDE
100
AcDbPolyline
 90
21
 70
1
 10
85.31002589165641
 20
813.0
 10
44.50572803885618
 20
813.0
 10
43.47966760887917
 20
812.8190778623577
 10
42.577365209796554
 20
812.2981333293569
 10
41.90765182750286
 20
811.5
 10
41.55130477981955
 20
810.5209445330008
 10
41.55130477981955
 20
809.4790554669992
 10
41.90765182750286
 20
808.5
 10
42.577365209796554
 20
807.7018666706431
 10
43.47966760887917
 20
807.1809221376423
 10
44.50572803885618
 20
807.0
 10
85.31002589165641
 20
807.0
 10
86.33608632163342
 20
807.1809221376423
 10
87.23838872071603
 20
807.7018666706431
 10
87.90810210300972
 20
808.5
 10
88.26444915069303
 20
809.4790554669992
 10
88.26444915069303
 20
810.5209445330008
 10
87.90810210300972
 20
811.5
 10
87.23838872071603
 20
812.2981333293569
 10
86.33608632163342
 20
812.8190778623577
 10
85.31002589165641
 20
813.0
  0
LWPOLYLINE
  5
138
330
17
100
AcDbEntity
  8
CUT_INSIDE
100
AcDbPolyline
 90
21
 70
1
 10
64.28943179143351
 20
827.0
 10
45.161208653694274
 20
827.0
 10
44.135148223717266
 20
826.8190778623577
 10
43.23284582463465
 20
826.2981333293569
 10
42.56313244234096
 20
825.5
 10
42.20678539465764
 20
824.5209445330008
 10
42.20678539465764
 20
823.4790554669992
 10
42.56313244234096
 20
822.5
 10
43.23284582463465
 20
821.7018666706431
 10
44.135148223717266
 20
821.1809221376423
 10
45.161208653694274
 20
821.0
 10
64.28943179143351
 20
821.0
 10
65.31549222141052
 20
821.1809221376423
 10
66.21779462049314
 20
821.7018666706431
 10
66.88750800278683
 20
822.5
 10
67.24385505047015
 20
823.4790554669992
 10
67.24385505047015
 20
824.5209445330008
 10
66.88750800278683
 20
825.5
 10
66.21779462049314
 20
826.2981333293569
 10
65.31549222141052
 20
826.8190778623577
 10
64.28943179143351
 20
827.0
  0
LWPOLYLINE
  5
139
330
17
100
AcDbEntity
  8
CUT_INSIDE
100
AcDbPolyline
 90
21
 70
1
 10
88.04725695336664
 20
785.0
 10
52.09010596343391
 20
785.0
 10
51.064045533456905
 20
784.8190778623577
 10
50.16174313437429
 20
784.2981333293569
 10
49.4920297520806
 20
783.5
 10
49.13568270439729
 20
782.5209445330008
 10
49.13568270439729
 20
781.4790554669992
 10
49.4920297520806
 20
780.5
 10
50.16174313437429
 20
779.7018666706431
 10
51.064045533456905
 20
779.1809221376423
 10
52.09010596343391
 20
779.0
 10
88.04725695336664
 20
779.0
 10
89.07331738334365
 20
779.1809221376423
 10
89.97561978242626
 20
779.7018666706431
 10
90.64533316471996
 20
780.5
 10
91.00168021240327
 20
781.4790554669992
 10
91.00168021240327
 20
782.5209445330008
 10
90.64533316471996
 20
783.5
 10
89.97561978242626
 20
784.2981333293569
 10
89.07331738334365
 20
784.8190778623577
 10
88.04725695336664
 20
785.0
  0
LWPOLYLINE
  5
13A
330
17
100
AcDbEntity
  8
CUT_INSIDE
100
AcDbPolyline
 90
21
 70
1
 10
158.01705948794478
 20
743.0
 10
111.21026588519766
 20
743.0
 10
110.18420545522065
 20
742.8190778623577
 10
109.28190305613803
 20
742.2981333293569
 10
108.61218967384434
 20
741.5
 10
108.25584262616103
 20
740.5209445330008
 10
108.25584262616103
 20
739.4790554669992
 10
108.61218967384434
 20
738.5
 10
109.28190305613803
 20
737.7018666706431
 10
110.18420545522065
 20
737.1809221376423
 10
111.21026588519766
 20
737.0
 10
158.01705948794478
 20
737.0
 10
159.04311991792179
 20
737.1809221376423
 10
159.9454223170044
 20
737.7018666706431
 10
160.6151356992981
 20
738.5
 10
160.9714827469814
 20
739.4790554669992
 10
160.9714827469814
 20
740.5209445330008
 10
160.6151356992981
 20
741.5
 10
159.9454223170044
 20
742.2981333293569
 10
159.04311991792179
 20
742.8190778623577
 10
158.01705948794478
 20
743.0
  0
LWPOLYLINE
  5
13B
330
17
100
AcDbEntity
  8
CUT_INSIDE
100
AcDbPolyline
 90
21
 70
1
 10
162.4829294612386
 20
757.0
 10
120.5589770940798
 20
757.0
 10
119.53291666410279
 20
756.8190778623577
 10
118.63061426502017
 20
756.2981333293569
 10
117.96090088272648
 20
755.5
 10
117.60455383504316
 20
754.5209445330008
 10
117.60455383504316
 20
753.4790554669992
 10
117.96090088272648
 20
752.5
 10
118.63061426502017
 20
751.7018666706431
 10
119.53291666410279
 20
751.1809221376423
 10
120.5589770940798
 20
751.0
 10
162.4829294612386
 20
751.0
 10
163.5089898912156
 20
751.1809221376423
 10
164.41129229029823
 20
751.7018666706431
 10
165.0810056725919
 20
752.5
 10
165.43735272027524
 20
753.4790554669992
 10
165.43735272027524
 20
754.5209445330008
 10
165.0810056725919
 20
755.5
 10
164.41129229029823
 20
756.2981333293569
 10
163.5089898912156
 20
756.8190778623577
 10
162.4829294612386
 20
757.0
  0
LWPOLYLINE
  5
13C
330
17
100
AcDbEntity
  8
CUT_INSIDE
100
AcDbPolyline
 90
21
 70
1
 10
135.9313702971615
 20
785.0
 10
109.19414597128603
 20
785.0
 10
108.16808554130903
 20
784.8190778623577
 10
107.26578314222641
 20
784.2981333293569
 10
106.59606975993272
 20
783.5
 10
106.2397227122494
 20
782.5209445330008
 10
106.2397227122494
 20
781.4790554669992
 10
106.59606975993272
 20
780.5
 10
107.26578314222641
 20
779.7018666706431
 10
108.16808554130903
 20
779.1809221376423
 10
109.19414597128603
 20
779.0
 10
135.9313702971615
 20
779.0
 10
136.95743072713847
 20
779.1809221376423
 10
137.8597331262211
 20
779.7018666706431
 10
138.5294465085148
 20
780.5
 10
138.8857935561981
 20
781.4790554669992
 10
138.8857935561981
 20
782.5209445330008
 10
138.5294465085148
 20
783.5
 10
137.8597331262211
 20
784.2981333293569
 10
136.95743072713847
 20
784.8190778623577
 10
135.9313702971615
 20
785.0
  0
LWPOLYLINE
  5
13D
330
17
100
AcDbEntity
  8
CUT_INSIDE
100
AcDbPolyline
 90
21
 70
1
 10
108.6460324151929
 20
827.0
 10
90.55433279523712
 20
827.0
 10
89.52827236526011
 20
826.8190778623577
 10
88.6259699661775
 20
826.2981333293569
 10
87.9562565838838
 20
825.5
 10
87.59990953620049
 20
824.5209445330008
 10
87.59990953620049
 20
823.4790554669992
 10
87.9562565838838
 20
822.5
 10
88.6259699661775
 20
821.7018666706431
 10
89.52827236526011
 20
821.1809221376423
 10
90.55433279523712
 20
821.0
 10
108.6460324151929
 20
821.0
 10
109.67209284516991
 20
821.1809221376423
 10
110.57439524425253
 20
821.7018666706431
 10
111.24410862654622
 20
822.5
 10
111.60045567422954
 20
823.4790554669992
 10
111.60045567422954
 20
824.5209445330008
 10
111.24410862654622
 20
825.5
 10
110.57439524425253
 20
826.2981333293569
 10
109.67209284516991
 20
826.8190778623577
 10
108.6460324151929
 20
827.0
  0
LWPOLYLINE
  5
13E
330
17
100
AcDbEntity
  8
CUT_INSIDE
100
AcDbPolyline
 90
21
 70
1
 10
153.83885681568927
 20
799.0
 10
106.27278929180973
 20
799.0
 10
105.24672886183272
 20
798.8190778623577
 10
104.3444264627501
 20
798.2981333293569
 10
103.67471308045641
 20
797.5
 10
103.3183660327731
 20
796.5209445330008
 10
103.3183660327731
 20
795.4790554669992
 10
103.67471308045641
 20
794.5
 10
104.3444264627501
 20
793.7018666706431
 10
105.24672886183272
 20
793.1809221376423
 10
106.27278929180973
 20
793.0
 10
153.83885681568927
 20
793.0
 10
154.86491724566625
 20
793.1809221376423
 10
155.76721964474888
 20
793.7018666706431
 10
156.43693302704258
 20
794.5
 10
156.79328007472589
 20
795.4790554669992
 10
156.79328007472589
 20
796.5209445330008
 10
156.43693302704258
 20
797.5
 10
155.76721964474888
 20
798.2981333293569
 10
154.86491724566628
 20
798.8190778623577
 10
153.83885681568927
 20
799.0
  0
LWPOLYLINE
  5
13F
330
17
100
AcDbEntity
  8
CUT_INSIDE
100
AcDbPolyline
 90
21
 70
1
 10
157.1732670132456
 20
813.0
 10
111.03745852470234
 20
813.0
 10
110.01139809472534
 20
812.8190778623577
 10
109.10909569564272
 20
812.2981333293569
 10
108.43938231334903
 20
811.5
 10
108.08303526566571
 20
810.5209445330008
 10
108.08303526566571
 20
809.4790554669992
 10
108.43938231334903
 20
808.5
 10
109.10909569564272
 20
807.7018666706431
 10
110.01139809472534
 20
807.1809221376423
 10
111.03745852470234
 20
807.0
 10
157.1732670132456
 20
807.0
 10
158.19932744322261
 20
807.1809221376423
 10
159.10162984230524
 20
807.7018666706431
 10
159.77134322459892
 20
808.5
 10
160.12769027228222
 20
809.4790554669992
 10
160.12769027228222
 20
810.5209445330008
 10
159.77134322459892
 20
811.5
 10
159.10162984230524
 20
812.2981333293569
 10
158.19932744322261
 20
812.8190778623577
 10
157.1732670132456
 20
813.0
  0
LWPOLYLINE
  5
140
330
17
100
AcDbEntity
  8
CUT_INSIDE
100
AcDbPolyline
 90
21
 70
1
 10
167.14614353324365
 20
827.0
 10
133.84657813100327
 20
827.0
 10
132.8205177010263
 20
826.8190778623577
 10
131.91821530194366
 20
826.2981333293569
 10
131.24850191964995
 20
825.5
 10
130.89215487196665
 20
824.5209445330008
 10
130.89215487196665
 20
823.4790554669992
 10
131.24850191964995
 20
822.5
 10
131.91821530194366
 20
821.7018666706431
 10
132.8205177010263
 20
821.1809221376423
 10
133.84657813100327
 20
821.0
 10
167.14614353324365
 20
821.0
 10
168.17220396322062
 20
821.1809221376423
 10
169.07450636230325
 20
821.7018666706431
 10
169.74421974459696
 20
822.5
 10
170.10056679228026
 20
823.4790554669992
 10
170.10056679228026
 20
824.5209445330008
 10
169.74421974459696
 20
825.5
 10
169.07450636230325
 20
826.2981333293569
 10
168.17220396322062
 20
826.8190778623577
 10
167.14614353324365
 20
827.0
  0
LWPOLYLINE
  5
141
330
17
100
AcDbEntity
  8
CUT_INSIDE
100
AcDbPolyline
 90
21
 70
1
 10
209.82279886052098
 20
645.0
 10
122.71567663007696
 20
645.0
 10
121.68961620009995
 20
644.8190778623577
 10
120.78731380101735
 20
644.2981333293569
 10
120.11760041872364
 20
643.5
 10
119.76125337104034
 20
642.5209445330008
 10
119.76125337104034
 20
641.4790554669992
 10
120.11760041872364
 20
640.5
 10
120.78731380101735
 20
639.7018666706431
 10
121.68961620009995
 20
639.1809221376423
 10
122.71567663007696
 20
639.0
 10
209.82279886052098
 20
639.0
 10
210.84885929049798
 20
639.1809221376423
 10
211.75116168958058
 20
639.7018666706431
 10
212.4208750718743
 20
640.5
 10
212.7772221195576
 20
641.4790554669992
 10
212.7772221195576
 20
642.5209445330008
 10
212.4208750718743
 20
643.5
 10
211.75116168958058
 20
644.2981333293569
 10
210.84885929049798
 20
644.8190778623577
 10
209.82279886052098
 20
645.0
  0
LWPOLYLINE
  5
142
330
17
100
AcDbEntity
  8
CUT_INSIDE
100
AcDbPolyline
 90
21
 70
1
 10
174.22393565516035
 20
673.0
 10
156.62697667924482
 20
673.0
 10
155.6009162492678
 20
672.8190778623577
 10
154.6986138501852
 20
672.2981333293569
 10
154.0289004678915
 20
671.5
 10
153.6725534202082
 20
670.5209445330008
 10
153.6725534202082
 20
669.4790554669992
 10
154.0289004678915
 20
668.5
 10
154.6986138501852
 20
667.7018666706431
 10
155.6009162492678
 20
667.1809221376423
 10
156.62697667924482
 20
667.0
 10
174.22393565516035
 20
667.0
 10
175.24999608513735
 20
667.1809221376423
 10
176.15229848421995
 20
667.7018666706431
 10
176.82201186651366
 20
668.5
 10
177.17835891419696
 20
669.4790554669992
 10
177.17835891419696
 20
670.5209445330008
 10
176.82201186651366
 20
671.5
 10
176.15229848421995
 20
672.2981333293569
 10
175.24999608513735
 20
672.8190778623577
 10
174.22393565516035
 20
673.0
  0
LWPOLYLINE
  5
143
330
17
100
AcDbEntity
  8
CUT_INSIDE
100
AcDbPolyline
 90
21
 70
1
 10
200.86440938600956
 20
659.0
 10
170.19959786404823
 20
659.0
 10
169.17353743407122
 20
658.8190778623577
 10
168.27123503498862
 20
658.2981333293569
 10
167.6015216526949
 20
657.5
 10
167.2451746050116
 20
656.5209445330008
 10
167.2451746050116
 20
655.4790554669992
 10
167.6015216526949
 20
654.5
 10
168.27123503498862
 20
653.7018666706431
 10
169.17353743407122
 20
653.1809221376423
 10
170.19959786404823
 20
653.0
 10
200.86440938600956
 20
653.0
 10
201.89046981598656
 20
653.1809221376423
 10
202.79277221506916
 20
653.7018666706431
 10
203.46248559736287
 20
654.5
 10
203.81883264504617
 20
655.4790554669992
 10
203.81883264504617
 20
656.5209445330008
 10
203.46248559736287
 20
657.5
 10
202.79277221506916
 20
658.2981333293569
 10
201.89046981598656
 20
658.8190778623577
 10
200.86440938600956
 20
659.0
  0
LWPOLYLINE
  5
144
330
17
100
AcDbEntity
  8
CUT_INSIDE
100
AcDbPolyline
 90
21
 70
1
 10
217.68422036363353
 20
673.0
 10
190.97109617122118
 20
673.0
 10
189.94503574124417
 20
672.8190778623577
 10
189.04273334216157
 20
672.2981333293569
 10
188.37301995986786
 20
671.5
 10
188.01667291218456
 20
670.5209445330008
 10
188.01667291218456
 20
669.4790554669992
 10
188.37301995986786
 20
668.5
 10
189.04273334216157
 20
667.7018666706431
 10
189.94503574124417
 20
667.1809221376423
 10
190.97109617122118
 20
667.0
 10
217.68422036363353
 20
667.0
 10
218.71028079361054
 20
667.1809221376423
 10
219.61258319269314
 20
667.7018666706431
 10
220.28229657498684
 20
668.5
 10
220.63864362267014
 20
669.4790554669992
 10
220.63864362267014
 20
670.5209445330008
 10
220.28229657498684
 20
671.5
 10
219.61258319269314
 20
672.2981333293569
 10
218.71028079361054
 20
672.8190778623577
 10
217.68422036363353
 20
673.0
  0
LWPOLYLINE
  5
145
330
17
100
AcDbEntity
  8
CUT_INSIDE
100
AcDbPolyline
 90
21
 70
1
 10
193.93414037131865
 20
715.0
 10
171.67379206749294
 20
715.0
 10
170.64773163751593
 20
714.8190778623577
 10
169.74542923843333
 20
714.2981333293569
 10
169.07571585613962
 20
713.5
 10
168.71936880845632
 20
712.5209445330008
 10
168.71936880845632
 20
711.4790554669992
 10
169.07571585613962
 20
710.5
 10
169.74542923843333
 20
709.7018666706431
 10
170.64773163751593
 20
709.1809221376423
 10
171.67379206749294
 20
709.0
 10
193.93414037131865
 20
709.0
 10
194.96020080129566
 20
709.1809221376423
 10
195.86250320037826
 20
709.7018666706431
 10
196.53221658267196
 20
710.5
 10
196.88856363035526
 20
711.4790554669992
 10
196.88856363035526
 20
712.5209445330008
 10
196.53221658267196
 20
713.5
 10
195.86250320037826
 20
714.2981333293569
 10
194.96020080129566
 20
714.8190778623577
 10
193.93414037131865
 20
715.0
  0
LWPOLYLINE
  5
146
330
17
100
AcDbEntity
  8
CUT_INSIDE
100
AcDbPolyline
 90
21
 70
1
 10
211.37998893075942
 20
687.0
 10
164.04932938382203
 20
687.0
 10
163.02326895384502
 20
686.8190778623577
 10
162.12096655476242
 20
686.2981333293569
 10
161.4512531724687
 20
685.5
 10
161.0949061247854
 20
684.5209445330008
 10
161.0949061247854
 20
683.4790554669992
 10
161.4512531724687
 20
682.5
 10
162.12096655476242
 20
681.7018666706431
 10
163.02326895384502
 20
681.1809221376423
 10
164.04932938382203
 20
681.0
 10
211.37998893075942
 20
681.0
 10
212.40604936073643
 20
681.1809221376423
 10
213.30835175981903
 20
681.7018666706431
 10
213.97806514211274
 20
682.5
 10
214.33441218979604
 20
683.4790554669992
 10
214.33441218979604
 20
684.5209445330008
 10
213.97806514211274
 20
685.5
 10
213.30835175981903
 20
686.2981333293569
 10
212.40604936073643
 20
686.8190778623577
 10
211.37998893075942
 20
687.0
  0
LWPOLYLINE
  5
147
330
17
100
AcDbEntity
  8
CUT_INSIDE
100
AcDbPolyline
 90
21
 70
1
 10
284.21985774084834
 20
645.0
 10
247.42610535068368
 20
645.0
 10
246.40004492070668
 20
644.8190778623577
 10
245.49774252162408
 20
644.2981333293569
 10
244.82802913933037
 20
643.5
 10
244.47168209164707
 20
642.5209445330008
 10
244.47168209164707
 20
641.4790554669992
 10
244.82802913933037
 20
640.5
 10
245.49774252162408
 20
639.7018666706431
 10
246.40004492070668
 20
639.1809221376423
 10
247.42610535068368
 20
639.0
 10
284.21985774084834
 20
639.0
 10
285.24591817082535
 20
639.1809221376423
 10
286.148220569908
 20
639.7018666706431
 10
286.81793395220166
 20
640.5
 10
287.174280999885
 20
641.4790554669992
 10
287.174280999885
 20
642.5209445330008
 10
286.81793395220166
 20
643.5
 10
286.148220569908
 20
644.2981333293569
 10
285.24591817082535
 20
644.8190778623577
 10
284.21985774084834
 20
645.0
  0
LWPOLYLINE
  5
148
330
17
100
AcDbEntity
  8
CUT_INSIDE
100
AcDbPolyline
 90
21
 70
1
 10
295.65556165515756
 20
673.0
 10
245.6462512172436
 20
673.0
 10
244.62019078726658
 20
672.8190778623577
 10
243.71788838818395
 20
672.2981333293569
 10
243.04817500589027
 20
671.5
 10
242.69182795820697
 20
670.5209445330008
 10
242.69182795820697
 20
669.4790554669992
 10
243.04817500589027
 20
668.5
 10
243.71788838818395
 20
667.7018666706431
 10
244.62019078726658
 20
667.1809221376423
 10
245.6462512172436
 20
667.0
 10
295.65556165515756
 20
667.0
 10
296.68162208513456
 20
667.1809221376423
 10
297.58392448421716
 20
667.7018666706431
 10
298.25363786651087
 20
668.5
 10
298.6099849141942
 20
669.4790554669992
 10
298.6099849141942
 20
670.5209445330008
 10
298.25363786651087
 20
671.5
 10
297.58392448421716
 20
672.2981333293569
 10
296.68162208513456
 20
672.8190778623577
 10
295.65556165515756
 20
673.0
  0
LWPOLYLINE
  5
149
330
17
100
AcDbEntity
  8
CUT_INSIDE
100
AcDbPolyline
 90
21
 70
1
 10
251.79314015267647
 20
715.0
 10
223.27826822484946
 20
715.0
 10
222.25220779487245
 20
714.8190778623577
 10
221.34990539578985
 20
714.2981333293569
 10
220.68019201349614
 20
713.5
 10
220.32384496581284
 20
712.5209445330008
 10
220.32384496581284
 20
711.4790554669992
 10
220.68019201349614
 20
710.5
 10
221.34990539578985
 20
709.7018666706431
 10
222.25220779487245
 20
709.1809221376423
 10
223.27826822484946
 20
709.0
 10
251.79314015267647
 20
709.0
 10
252.81920058265348
 20
709.1809221376423
 10
253.72150298173608
 20
709.7018666706431
 10
254.3912163640298
 20
710.5
 10
254.7475634117131
 20
711.4790554669992
 10
254.7475634117131
 20
712.5209445330008
 10
254.3912163640298
 20
713.5
 10
253.72150298173608
 20
714.2981333293569
 10
252.81920058265348
 20
714.8190778623577
 10
251.79314015267647
 20
715.0
  0
LWPOLYLINE
  5
14A
330
17
100
AcDbEntity
  8
CUT_INSIDE
100
AcDbPolyline
 90
21
 70
1
 10
268.94388010722406
 20
687.0
 10
248.25006280124404
 20
687.0
 10
247.22400237126706
 20
686.8190778623577
 10
246.32169997218443
 20
686.2981333293569
 10
245.65198658989073
 20
685.5
 10
245.29563954220743
 20
684.5209445330008
 10
245.29563954220743
 20
683.4790554669992
 10
245.65198658989073
 20
682.5
 10
246.32169997218443
 20
681.7018666706431
 10
247.22400237126706
 20
681.1809221376423
 10
248.25006280124404
 20
681.0
 10
268.94388010722406
 20
681.0
 10
269.96994053720107
 20
681.1809221376423
 10
270.87224293628367
 20
681.7018666706431
 10
271.5419563185774
 20
682.5
 10
271.8983033662607
 20
683.4790554669992
 10
271.8983033662607
 20
684.5209445330008
 10
271.5419563185774
 20
685.5
 10
270.87224293628367
 20
686.2981333293569
 10
269.96994053720107
 20
686.8190778623577
 10
268.94388010722406
 20
687.0
  0
LWPOLYLINE
  5
14B
330
17
100
AcDbEntity
  8
CUT_INSIDE
100
AcDbPolyline
 90
21
 70
1
 10
306.04023988808393
 20
701.0
 10
193.70349781871312
 20
701.0
 10
192.6774373887361
 20
700.8190778623577
 10
191.7751349896535
 20
700.2981333293569
 10
191.1054216073598
 20
699.5
 10
190.7490745596765
 20
698.5209445330008
 10
190.7490745596765
 20
697.4790554669992
 10
191.1054216073598
 20
696.5
 10
191.7751349896535
 20
695.7018666706431
 10
192.6774373887361
 20
695.1809221376423
 10
193.70349781871312
 20
695.0
 10
306.04023988808393
 20
695.0
 10
307.06630031806094
 20
695.1809221376423
 10
307.96860271714354
 20
695.7018666706431
 10
308.63831609943725
 20
696.5
 10
308.99466314712055
 20
697.4790554669992
 10
308.99466314712055
 20
698.5209445330008
 10
308.63831609943725
 20
699.5
 10
307.96860271714354
 20
700.2981333293569
 10
307.06630031806094
 20
700.8190778623577
 10
306.04023988808393
 20
701.0
  0
LWPOLYLINE
  5
14C
330
17
100
AcDbEntity
  8
CUT_INSIDE
100
AcDbPolyline
 90
21
 70
1
 10
284.56703659272716
 20
729.0
 10
210.07787010108422
 20
729.0
 10
209.0518096711072
 20
728.8190778623577
 10
208.1495072720246
 20
728.2981333293569
 10
207.4797938897309
 20
727.5
 10
207.1234468420476
 20
726.5209445330008
 10
207.1234468420476
 20
725.4790554669992
 10
207.4797938897309
 20
724.5
 10
208.1495072720246
 20
723.7018666706431
 10
209.0518096711072
 20
723.1809221376423
 10
210.07787010108422
 20
723.0
 10
284.56703659272716
 20
723.0
 10
285.59309702270417
 20
723.1809221376423
 10
286.4953994217868
 20
723.7018666706431
 10
287.1651128040805
 20
724.5
 10
287.5214598517638
 20
725.4790554669992
 10
287.5214598517638
 20
726.5209445330008
 10
287.1651128040805
 20
727.5
 10
286.4953994217868
 20
728.2981333293569
 10
285.59309702270417
 20
728.8190778623577
 10
284.56703659272716
 20
729.0
  0
LWPOLYLINE
  5
14D
330
17
100
AcDbEntity
  8
CUT_INSIDE
100
AcDbPolyline
 90
21
 70
1
 10
184.31584613257556
 20
771.0
 10
128.81690574407182
 20
771.0
 10
127.79084531409481
 20
770.8190778623577
 10
126.88854291501221
 20
770.2981333293569
 10
126.2188295327185
 20
769.5
 10
125.8624824850352
 20
768.5209445330008
 10
125.8624824850352
 20
767.4790554669992
 10
126.2188295327185
 20
766.5
 10
126.88854291501221
 20
765.7018666706431
 10
127.79084531409481
 20
765.1809221376423
 10
128.81690574407182
 20
765.0
 10
184.31584613257556
 20
765.0
 10
185.34190656255257
 20
765.1809221376423
 10
186.24420896163517
 20
765.7018666706431
 10
186.91392234392887
 20
766.5
 10
187.27026939161217
 20
767.4790554669992
 10
187.27026939161217
 20
768.5209445330008
 10
186.91392234392887
 20
769.5
 10
186.24420896163517
 20
770.2981333293569
 10
185.34190656255257
 20
770.8190778623577
 10
184.31584613257556
 20
771.0
  0
LWPOLYLINE
  5
14E
330
17
100
AcDbEntity
  8
CUT_INSIDE
100
AcDbPolyline
 90
21
 70
1
 10
214.138186294349
 20
743.0
 10
188.92580925998072
 20
743.0
 10
187.89974883000372
 20
742.8190778623577
 10
186.99744643092112
 20
742.2981333293569
 10
186.3277330486274
 20
741.5
 10
185.9713860009441
 20
740.5209445330008
 10
185.9713860009441
 20
739.4790554669992
 10
186.3277330486274
 20
738.5
 10
186.99744643092112
 20
737.7018666706431
 10
187.89974883000372
 20
737.1809221376423
 10
188.92580925998072
 20
737.0
 10
214.138186294349
 20
737.0
 10
215.164246724326
 20
737.1809221376423
 10
216.0665491234086
 20
737.7018666706431
 10
216.7362625057023
 20
738.5
 10
217.0926095533856
 20
739.4790554669992
 10
217.0926095533856
 20
740.5209445330008
 10
216.7362625057023
 20
741.5
 10
216.0665491234086
 20
742.2981333293569
 10
215.164246724326
 20
742.8190778623577
 10
214.138186294349
 20
743.0
  0
LWPOLYLINE
  5
14F
330
17
100
AcDbEntity
  8
CUT_INSIDE
100
AcDbPolyline
 90
21
 70
1
 10
202.29802767408287
 20
785.0
 10
162.66201174987006
 20
785.0
 10
161.63595131989305
 20
784.8190778623577
 10
160.73364892081042
 20
784.2981333293569
 10
160.06393553851674
 20
783.5
 10
159.70758849083342
 20
782.5209445330008
 10
159.70758849083342
 20
781.4790554669992
 10
160.06393553851674
 20
780.5
 10
160.73364892081042
 20
779.7018666706431
 10
161.63595131989305
 20
779.1809221376423
 10
162.66201174987006
 20
779.0
 10
202.29802767408287
 20
779.0
 10
203.32408810405988
 20
779.1809221376423
 10
204.2263905031425
 20
779.7018666706431
 10
204.8961038854362
 20
780.5
 10
205.25245093311952
 20
781.4790554669992
 10
205.25245093311952
 20
782.5209445330008
 10
204.8961038854362
 20
783.5
 10
204.2263905031425
 20
784.2981333293569
 10
203.32408810405988
 20
784.8190778623577
 10
202.29802767408287
 20
785.0
  0
LWPOLYLINE
  5
150
330
17
100
AcDbEntity
  8
CUT_INSIDE
100
AcDbPolyline
 90
21
 70
1
 10
199.70588330573253
 20
799.0
 10
170.32839232586934
 20
799.0
 10
169.30233189589234
 20
798.8190778623577
 10
168.40002949680974
 20
798.2981333293569
 10
167.73031611451603
 20
797.5
 10
167.37396906683273
 20
796.5209445330008
 10
167.37396906683273
 20
795.4790554669992
 10
167.73031611451603
 20
794.5
 10
168.40002949680974
 20
793.7018666706431
 10
169.30233189589234
 20
793.1809221376423
 10
170.32839232586934
 20
793.0
 10
199.70588330573253
 20
793.0
 10
200.73194373570954
 20
793.1809221376423
 10
201.63424613479214
 20
793.7018666706431
 10
202.30395951708584
 20
794.5
 10
202.66030656476914
 20
795.4790554669992
 10
202.66030656476914
 20
796.5209445330008
 10
202.30395951708584
 20
797.5
 10
201.63424613479214
 20
798.2981333293569
 10
200.73194373570954
 20
798.8190778623577
 10
199.70588330573253
 20
799.0
  0
LWPOLYLINE
  5
151
330
17
100
AcDbEntity
  8
CUT_INSIDE
100
AcDbPolyline
 90
21
 70
1
 10
206.60281532549885
 20
813.0
 10
178.59832551567638
 20
813.0
 10
177.57226508569937
 20
812.8190778623577
 10
176.66996268661677
 20
812.2981333293569
 10
176.00024930432306
 20
811.5
 10
175.64390225663976
 20
810.5209445330008
 10
175.64390225663976
 20
809.4790554669992
 10
176.00024930432306
 20
808.5
 10
176.66996268661677
 20
807.7018666706431
 10
177.57226508569937
 20
807.1809221376423
 10
178.59832551567638
 20
807.0
 10
206.60281532549885
 20
807.0
 10
207.62887575547586
 20
807.1809221376423
 10
208.53117815455846
 20
807.7018666706431
 10
209.20089153685217
 20
808.5
 10
209.55723858453547
 20
809.4790554669992
 10
209.55723858453547
 20
810.5209445330008
 10
209.20089153685217
 20
811.5
 10
208.53117815455846
 20
812.2981333293569
 10
207.62887575547586
 20
812.8190778623577
 10
206.60281532549885
 20
813.0
  0
LWPOLYLINE
  5
152
330
17
100
AcDbEntity
  8
CUT_INSIDE
100
AcDbPolyline
 90
21
 70
1
 10
282.6527366389263
 20
757.0
 10
179.42427878940106
 20
757.0
 10
178.39821835942405
 20
756.8190778623577
 10
177.49591596034145
 20
756.2981333293569
 10
176.82620257804774
 20
755.5
 10
176.46985553036444
 20
754.5209445330008
 10
176.46985553036444
 20
753.4790554669992
 10
176.82620257804774
 20
752.5
 10
177.49591596034145
 20
751.7018666706431
 10
178.39821835942405
 20
751.1809221376423
 10
179.42427878940106
 20
751.0
 10
282.6527366389263
 20
751.0
 10
283.6787970689033
 20
751.1809221376423
 10
284.5810994679859
 20
751.7018666706431
 10
285.2508128502796
 20
752.5
 10
285.6071598979629
 20
753.4790554669992
 10
285.6071598979629
 20
754.5209445330008
 10
285.2508128502796
 20
755.5
 10
284.5810994679859
 20
756.2981333293569
 10
283.6787970689033
 20
756.8190778623577
 10
282.6527366389263
 20
757.0
  0
LWPOLYLINE
  5
153
330
17
100
AcDbEntity
  8
CUT_INSIDE
100
AcDbPolyline
 90
21
 70
1
 10
265.54464676820595
 20
771.0
 10
215.9108457430124
 20
771.0
 10
214.88478531303542
 20
770.8190778623577
 10
213.9824829139528
 20
770.2981333293569
 10
213.3127695316591
 20
769.5
 10
212.95642248397579
 20
768.5209445330008
 10
212.95642248397579
 20
767.4790554669992
 10
213.3127695316591
 20
766.5
 10
213.9824829139528
 20
765.7018666706431
 10
214.88478531303542
 20
765.1809221376423
 10
215.9108457430124
 20
765.0
 10
265.54464676820595
 20
765.0
 10
266.57070719818296
 20
765.1809221376423
 10
267.47300959726556
 20
765.7018666706431
 10
268.14272297955927
 20
766.5
 10
268.49907002724257
 20
767.4790554669992
 10
268.49907002724257
 20
768.5209445330008
 10
268.14272297955927
 20
769.5
 10
267.47300959726556
 20
770.2981333293569
 10
266.57070719818296
 20
770.8190778623577
 10
265.54464676820595
 20
771.0
  0
LWPOLYLINE
  5
154
330
17
100
AcDbEntity
  8
CUT_INSIDE
100
AcDbPolyline
 90
21
 70
1
 10
245.02060367879346
 20
799.0
 10
217.70191295473074
 20
799.0
 10
216.67585252475374
 20
798.8190778623577
 10
215.77355012567114
 20
798.2981333293569
 10
215.10383674337743
 20
797.5
 10
214.74748969569413
 20
796.5209445330008
 10
214.74748969569413
 20
795.4790554669992
 10
215.10383674337743
 20
794.5
 10
215.77355012567114
 20
793.7018666706431
 10
216.67585252475374
 20
793.1809221376423
 10
217.70191295473074
 20
793.0
 10
245.02060367879346
 20
793.0
 10
246.04666410877047
 20
793.1809221376423
 10
246.94896650785307
 20
793.7018666706431
 10
247.61867989014678
 20
794.5
 10
247.97502693783008
 20
795.4790554669992
 10
247.97502693783008
 20
796.5209445330008
 10
247.61867989014678
 20
797.5
 10
246.94896650785307
 20
798.2981333293569
 10
246.04666410877047
 20
798.8190778623577
 10
245.02060367879346
 20
799.0
  0
LWPOLYLINE
  5
155
330
17
100
AcDbEntity
  8
CUT_INSIDE
100
AcDbPolyline
 90
21
 70
1
 10
245.3017500050427
 20
827.0
 10
189.86167003447477
 20
827.0
 10
188.83560960449776
 20
826.8190778623577
 10
187.93330720541513
 20
826.2981333293569
 10
187.26359382312145
 20
825.5
 10
186.90724677543815
 20
824.5209445330008
 10
186.90724677543815
 20
823.4790554669992
 10
187.26359382312145
 20
822.5
 10
187.93330720541513
 20
821.7018666706431
 10
188.83560960449776
 20
821.1809221376423
 10
189.86167003447477
 20
821.0
 10
245.3017500050427
 20
821.0
 10
246.3278104350197
 20
821.1809221376423
 10
247.23011283410233
 20
821.7018666706431
 10
247.899826216396
 20
822.5
 10
248.2561732640793
 20
823.4790554669992
 10
248.2561732640793
 20
824.5209445330008
 10
247.899826216396
 20
825.5
 10
247.23011283410233
 20
826.2981333293569
 10
246.3278104350197
 20
826.8190778623577
 10
245.3017500050427
 20
827.0
  0
LWPOLYLINE
  5
156
330
17
100
AcDbEntity
  8
CUT_INSIDE
100
AcDbPolyline
 90
21
 70
1
 10
246.18444579821426
 20
813.0
 10
227.78094252019622
 20
813.0
 10
226.7548820902192
 20
812.8190778623577
 10
225.85257969113658
 20
812.2981333293569
 10
225.1828663088429
 20
811.5
 10
224.82651926115958
 20
810.5209445330008
 10
224.82651926115958
 20
809.4790554669992
 10
225.1828663088429
 20
808.5
 10
225.85257969113658
 20
807.7018666706431
 10
226.7548820902192
 20
807.1809221376423
 10
227.78094252019622
 20
807.0
 10
246.18444579821426
 20
807.0
 10
247.21050622819126
 20
807.1809221376423
 10
248.1128086272739
 20
807.7018666706431
 10
248.78252200956757
 20
808.5
 10
249.1388690572509
 20
809.4790554669992
 10
249.1388690572509
 20
810.5209445330008
 10
248.78252200956757
 20
811.5
 10
248.1128086272739
 20
812.2981333293569
 10
247.21050622819126
 20
812.8190778623577
 10
246.18444579821426
 20
813.0
  0
LWPOLYLINE
  5
157
330
17
100
AcDbEntity
  8
CUT_INSIDE
100
AcDbPolyline
 90
21
 70
1
 10
292.53356435944505
 20
785.0
 10
239.00341696282493
 20
785.0
 10
237.97735653284792
 20
784.8190778623577
 10
237.07505413376532
 20
784.2981333293569
 10
236.4053407514716
 20
783.5
 10
236.0489937037883
 20
782.5209445330008
 10
236.0489937037883
 20
781.4790554669992
 10
236.4053407514716
 20
780.5
 10
237.07505413376532
 20
779.7018666706431
 10
237.97735653284792
 20
779.1809221376423
 10
239.00341696282493
 20
779.0
 10
292.53356435944505
 20
779.0
 10
293.55962478942206
 20
779.1809221376423
 10
294.46192718850466
 20
779.7018666706431
 10
295.13164057079837
 20
780.5
 10
295.48798761848167
 20
781.4790554669992
 10
295.48798761848167
 20
782.5209445330008
 10
295.13164057079837
 20
783.5
 10
294.46192718850466
 20
784.2981333293569
 10
293.55962478942206
 20
784.8190778623577
 10
292.53356435944505
 20
785.0
  0
LWPOLYLINE
  5
158
330
17
100
AcDbEntity
  8
CUT_INSIDE
100
AcDbPolyline
 90
21
 70
1
 10
303.8415467313941
 20
463.0
 10
265.25622877185145
 20
463.0
 10
264.23016834187445
 20
462.81907786235774
 10
263.32786594279185
 20
462.2981333293569
 10
262.65815256049814
 20
461.5
 10
262.30180551281484
 20
460.5209445330008
 10
262.30180551281484
 20
459.4790554669992
 10
262.65815256049814
 20
458.5
 10
263.32786594279185
 20
457.7018666706431
 10
264.23016834187445
 20
457.18092213764226
 10
265.25622877185145
 20
457.0
 10
303.8415467313941
 20
457.0
 10
304.8676071613711
 20
457.18092213764226
 10
305.7699095604537
 20
457.7018666706431
 10
306.4396229427474
 20
458.5
 10
306.7959699904307
 20
459.4790554669992
 10
306.7959699904307
 20
460.5209445330008
 10
306.4396229427474
 20
461.5
 10
305.7699095604537
 20
462.2981333293569
 10
304.8676071613711
 20
462.81907786235774
 10
303.8415467313941
 20
463.0
  0
LWPOLYLINE
  5
159
330
17
100
AcDbEntity
  8
CUT_INSIDE
100
AcDbPolyline
 90
21
 70
1
 10
319.03175344670365
 20
477.0
 10
272.1068401463524
 20
477.0
 10
271.0807797163754
 20
476.81907786235774
 10
270.1784773172928
 20
476.2981333293569
 10
269.5087639349991
 20
475.5
 10
269.1524168873158
 20
474.5209445330008
 10
269.1524168873158
 20
473.4790554669992
 10
269.5087639349991
 20
472.5
 10
270.1784773172928
 20
471.7018666706431
 10
271.0807797163754
 20
471.18092213764226
 10
272.1068401463524
 20
471.0
 10
319.03175344670365
 20
471.0
 10
320.05781387668065
 20
471.18092213764226
 10
320.96011627576326
 20
471.7018666706431
 10
321.62982965805696
 20
472.5
 10
321.98617670574026
 20
473.4790554669992
 10
321.98617670574026
 20
474.5209445330008
 10
321.62982965805696
 20
475.5
 10
320.96011627576326
 20
476.2981333293569
 10
320.05781387668065
 20
476.81907786235774
 10
319.03175344670365
 20
477.0
  0
LWPOLYLINE
  5
15A
330
17
100
AcDbEntity
  8
CUT_INSIDE
100
AcDbPolyline
 90
21
 70
1
 10
323.1552730785571
 20
435.0
 10
296.54946700241794
 20
435.0
 10
295.52340657244093
 20
434.81907786235774
 10
294.6211041733583
 20
434.2981333293569
 10
293.9513907910646
 20
433.5
 10
293.5950437433813
 20
432.5209445330008
 10
293.5950437433813
 20
431.4790554669992
 10
293.9513907910646
 20
430.5
 10
294.6211041733583
 20
429.7018666706431
 10
295.52340657244093
 20
429.18092213764226
 10
296.54946700241794
 20
429.0
 10
323.1552730785571
 20
429.0
 10
324.1813335085341
 20
429.18092213764226
 10
325.0836359076168
 20
429.7018666706431
 10
325.75334928991043
 20
430.5
 10
326.10969633759373
 20
431.4790554669992
 10
326.10969633759373
 20
432.5209445330008
 10
325.75334928991043
 20
433.5
 10
325.0836359076168
 20
434.2981333293569
 10
324.1813335085341
 20
434.81907786235774
 10
323.1552730785571
 20
435.0
  0
LWPOLYLINE
  5
15B
330
17
100
AcDbEntity
  8
CUT_INSIDE
100
AcDbPolyline
 90
21
 70
1
 10
324.07304646810525
 20
519.0
 10
232.5760292523666
 20
519.0
 10
231.5499688223896
 20
518.8190778623577
 10
230.64766642330696
 20
518.2981333293569
 10
229.97795304101328
 20
517.5
 10
229.62160599332995
 20
516.5209445330008
 10
229.62160599332995
 20
515.4790554669992
 10
229.97795304101328
 20
514.5
 10
230.64766642330696
 20
513.7018666706431
 10
231.5499688223896
 20
513.1809221376423
 10
232.5760292523666
 20
513.0
 10
324.07304646810525
 20
513.0
 10
325.09910689808225
 20
513.1809221376423
 10
326.00140929716486
 20
513.7018666706431
 10
326.67112267945856
 20
514.5
 10
327.02746972714186
 20
515.4790554669992
 10
327.02746972714186
 20
516.5209445330008
 10
326.67112267945856
 20
517.5
 10
326.00140929716486
 20
518.2981333293569
 10
325.09910689808225
 20
518.8190778623577
 10
324.07304646810525
 20
519.0
  0
LWPOLYLINE
  5
15C
330
17
100
AcDbEntity
  8
CUT_INSIDE
100
AcDbPolyline
 90
21
 70
1
 10
317.02454107918714
 20
533.0
 10
247.77414851935595
 20
533.0
 10
246.74808808937894
 20
532.8190778623577
 10
245.8457856902963
 20
532.2981333293569
 10
245.17607230800263
 20
531.5
 10
244.8197252603193
 20
530.5209445330008
 10
244.8197252603193
 20
529.4790554669992
 10
245.17607230800263
 20
528.5
 10
245.8457856902963
 20
527.7018666706431
 10
246.74808808937894
 20
527.1809221376423
 10
247.77414851935595
 20
527.0
 10
317.02454107918714
 20
527.0
 10
318.05060150916415
 20
527.1809221376423
 10
318.95290390824675
 20
527.7018666706431
 10
319.62261729054046
 20
528.5
 10
319.97896433822376
 20
529.4790554669992
 10
319.97896433822376
 20
530.5209445330008
 10
319.62261729054046
 20
531.5
 10
318.95290390824675
 20
532.2981333293569
 10
318.05060150916415
 20
532.8190778623577
 10
317.02454107918714
 20
533.0
  0
LWPOLYLINE
  5
15D
330
17
100
AcDbEntity
  8
CUT_INSIDE
100
AcDbPolyline
 90
21
 70
1
 10
344.9203394649506
 20
505.0
 10
315.52315549856877
 20
505.0
 10
314.49709506859176
 20
504.81907786235774
 10
313.59479266950916
 20
504.2981333293569
 10
312.92507928721545
 20
503.5
 10
312.56873223953215
 20
502.5209445330008
 10
312.56873223953215
 20
501.4790554669992
 10
312.92507928721545
 20
500.5
 10
313.59479266950916
 20
499.7018666706431
 10
314.49709506859176
 20
499.18092213764226
 10
315.52315549856877
 20
499.0
 10
344.9203394649506
 20
499.0
 10
345.9463998949276
 20
499.18092213764226
 10
346.8487022940102
 20
499.7018666706431
 10
347.5184156763039
 20
500.5
 10
347.8747627239872
 20
501.4790554669992
 10
347.8747627239872
 20
502.5209445330008
 10
347.5184156763039
 20
503.5
 10
346.8487022940102
 20
504.2981333293569
 10
345.9463998949276
 20
504.81907786235774
 10
344.9203394649506
 20
505.0
  0
LWPOLYLINE
  5
15E
330
17
100
AcDbEntity
  8
CUT_INSIDE
100
AcDbPolyline
 90
21
 70
1
 10
395.3045129577014
 20
435.0
 10
346.7781349206912
 20
435.0
 10
345.75207449071416
 20
434.81907786235774
 10
344.84977209163156
 20
434.2981333293569
 10
344.18005870933786
 20
433.5
 10
343.82371166165456
 20
432.5209445330008
 10
343.82371166165456
 20
431.4790554669992
 10
344.18005870933786
 20
430.5
 10
344.84977209163156
 20
429.7018666706431
 10
345.75207449071416
 20
429.18092213764226
 10
346.7781349206912
 20
429.0
 10
395.3045129577014
 20
429.0
 10
396.3305733876784
 20
429.18092213764226
 10
397.232875786761
 20
429.7018666706431
 10
397.9025891690547
 20
430.5
 10
398.258936216738
 20
431.4790554669992
 10
398.258936216738
 20
432.5209445330008
 10
397.9025891690547
 20
433.5
 10
397.232875786761
 20
434.2981333293569
 10
396.3305733876784
 20
434.81907786235774
 10
395.3045129577014
 20
435.0
  0
LWPOLYLINE
  5
15F
330
17
100
AcDbEntity
  8
CUT_INSIDE
100
AcDbPolyline
 90
21
 70
1
 10
373.8142083833821
 20
449.0
 10
357.04060123888354
 20
449.0
 10
356.01454080890653
 20
448.81907786235774
 10
355.11223840982393
 20
448.2981333293569
 10
354.4425250275302
 20
447.5
 10
354.0861779798469
 20
446.5209445330008
 10
354.0861779798469
 20
445.4790554669992
 10
354.4425250275302
 20
444.5
 10
355.11223840982393
 20
443.7018666706431
 10
356.01454080890653
 20
443.18092213764226
 10
357.04060123888354
 20
443.0
 10
373.8142083833821
 20
443.0
 10
374.8402688133591
 20
443.18092213764226
 10
375.7425712124417
 20
443.7018666706431
 10
376.4122845947354
 20
444.5
 10
376.7686316424187
 20
445.4790554669992
 10
376.7686316424187
 20
446.5209445330008
 10
376.4122845947354
 20
447.5
 10
375.7425712124417
 20
448.2981333293569
 10
374.8402688133591
 20
448.81907786235774
 10
373.8142083833821
 20
449.0
  0
LWPOLYLINE
  5
160
330
17
100
AcDbEntity
  8
CUT_INSIDE
100
AcDbPolyline
 90
21
 70
1
 10
416.73694953579195
 20
463.0
 10
325.73235252042423
 20
463.0
 10
324.7062920904472
 20
462.81907786235774
 10
323.8039896913646
 20
462.2981333293569
 10
323.1342763090709
 20
461.5
 10
322.7779292613876
 20
460.5209445330008
 10
322.7779292613876
 20
459.4790554669992
 10
323.1342763090709
 20
458.5
 10
323.8039896913646
 20
457.7018666706431
 10
324.7062920904472
 20
457.18092213764226
 10
325.73235252042423
 20
457.0
 10
416.73694953579195
 20
457.0
 10
417.76300996576896
 20
457.18092213764226
 10
418.66531236485156
 20
457.7018666706431
 10
419.33502574714527
 20
458.5
 10
419.69137279482857
 20
459.4790554669992
 10
419.69137279482857
 20
460.5209445330008
 10
419.33502574714527
 20
461.5
 10
418.66531236485156
 20
462.2981333293569
 10
417.76300996576896
 20
462.81907786235774
 10
416.73694953579195
 20
463.0
  0
LWPOLYLINE
  5
161
330
17
100
AcDbEntity
  8
CUT_INSIDE
100
AcDbPolyline
 90
21
 70
1
 10
392.2488296826509
 20
477.0
 10
358.01863563407164
 20
477.0
 10
356.99257520409463
 20
476.81907786235774
 10
356.09027280501203
 20
476.2981333293569
 10
355.4205594227183
 20
475.5
 10
355.064212375035
 20
474.5209445330008
 10
355.064212375035
 20
473.4790554669992
 10
355.4205594227183
 20
472.5
 10
356.09027280501203
 20
471.7018666706431
 10
356.99257520409463
 20
471.18092213764226
 10
358.01863563407164
 20
471.0
 10
392.2488296826509
 20
471.0
 10
393.27489011262793
 20
471.18092213764226
 10
394.17719251171053
 20
471.7018666706431
 10
394.84690589400424
 20
472.5
 10
395.20325294168754
 20
473.4790554669992
 10
395.20325294168754
 20
474.5209445330008
 10
394.84690589400424
 20
475.5
 10
394.17719251171053
 20
476.2981333293569
 10
393.27489011262793
 20
476.81907786235774
 10
392.2488296826509
 20
477.0
  0
LWPOLYLINE
  5
162
330
17
100
AcDbEntity
  8
CUT_INSIDE
100
AcDbPolyline
 90
21
 70
1
 10
346.4665888031716
 20
491.0
 10
329.2007511302469
 20
491.0
 10
328.1746907002699
 20
490.81907786235774
 10
327.2723883011873
 20
490.2981333293569
 10
326.60267491889357
 20
489.5
 10
326.24632787121027
 20
488.5209445330008
 10
326.24632787121027
 20
487.4790554669992
 10
326.60267491889357
 20
486.5
 10
327.2723883011873
 20
485.7018666706431
 10
328.1746907002699
 20
485.18092213764226
 10
329.2007511302469
 20
485.0
 10
346.4665888031716
 20
485.0
 10
347.4926492331486
 20
485.18092213764226
 10
348.3949516322312
 20
485.7018666706431
 10
349.0646650145249
 20
486.5
 10
349.4210120622082
 20
487.4790554669992
 10
349.4210120622082
 20
488.5209445330008
 10
349.0646650145249
 20
489.5
 10
348.3949516322312
 20
490.2981333293569
 10
347.4926492331486
 20
490.81907786235774
 10
346.4665888031716
 20
491.0
  0
LWPOLYLINE
  5
163
330
17
100
AcDbEntity
  8
CUT_INSIDE
100
AcDbPolyline
 90
21
 70
1
 10
385.55297670272626
 20
519.0
 10
340.1058141581027
 20
519.0
 10
339.0797537281257
 20
518.8190778623577
 10
338.1774513290431
 20
518.2981333293569
 10
337.5077379467494
 20
517.5
 10
337.1513908990661
 20
516.5209445330008
 10
337.1513908990661
 20
515.4790554669992
 10
337.5077379467494
 20
514.5
 10
338.1774513290431
 20
513.7018666706431
 10
339.0797537281257
 20
513.1809221376423
 10
340.1058141581027
 20
513.0
 10
385.55297670272626
 20
513.0
 10
386.57903713270326
 20
513.1809221376423
 10
387.48133953178586
 20
513.7018666706431
 10
388.15105291407957
 20
514.5
 10
388.50739996176287
 20
515.4790554669992
 10
388.50739996176287
 20
516.5209445330008
 10
388.15105291407957
 20
517.5
 10
387.48133953178586
 20
518.2981333293569
 10
386.57903713270326
 20
518.8190778623577
 10
385.55297670272626
 20
519.0
  0
LWPOLYLINE
  5
164
330
17
100
AcDbEntity
  8
CUT_INSIDE
100
AcDbPolyline
 90
21
 70
1
 10
402.3765156676865
 20
491.0
 10
365.0748105482378
 20
491.0
 10
364.0487501182608
 20
490.81907786235774
 10
363.1464477191782
 20
490.2981333293569
 10
362.4767343368845
 20
489.5
 10
362.1203872892012
 20
488.5209445330008
 10
362.1203872892012
 20
487.4790554669992
 10
362.4767343368845
 20
486.5
 10
363.1464477191782
 20
485.7018666706431
 10
364.0487501182608
 20
485.18092213764226
 10
365.0748105482378
 20
485.0
 10
402.3765156676865
 20
485.0
 10
403.4025760976635
 20
485.18092213764226
 10
404.3048784967461
 20
485.7018666706431
 10
404.9745918790398
 20
486.5
 10
405.3309389267231
 20
487.4790554669992
 10
405.3309389267231
 20
488.5209445330008
 10
404.9745918790398
 20
489.5
 10
404.3048784967461
 20
490.2981333293569
 10
403.4025760976635
 20
490.81907786235774
 10
402.3765156676865
 20
491.0
  0
LWPOLYLINE
  5
165
330
17
100
AcDbEntity
  8
CUT_INSIDE
100
AcDbPolyline
 90
21
 70
1
 10
399.13675190850057
 20
505.0
 10
373.5824083912924
 20
505.0
 10
372.5563479613154
 20
504.81907786235774
 10
371.6540455622328
 20
504.2981333293569
 10
370.9843321799391
 20
503.5
 10
370.6279851322558
 20
502.5209445330008
 10
370.6279851322558
 20
501.4790554669992
 10
370.9843321799391
 20
500.5
 10
371.6540455622328
 20
499.7018666706431
 10
372.5563479613154
 20
499.18092213764226
 10
373.5824083912924
 20
499.0
 10
399.13675190850057
 20
499.0
 10
400.1628123384776
 20
499.18092213764226
 10
401.0651147375602
 20
499.7018666706431
 10
401.7348281198539
 20
500.5
 10
402.0911751675372
 20
501.4790554669992
 10
402.0911751675372
 20
502.5209445330008
 10
401.7348281198539
 20
503.5
 10
401.0651147375602
 20
504.2981333293569
 10
400.1628123384776
 20
504.81907786235774
 10
399.13675190850057
 20
505.0
  0
LWPOLYLINE
  5
166
330
17
100
AcDbEntity
  8
CUT_INSIDE
100
AcDbPolyline
 90
21
 70
1
 10
443.1775815801108
 20
533.0
 10
345.640687672433
 20
533.0
 10
344.614627242456
 20
532.8190778623577
 10
343.7123248433734
 20
532.2981333293569
 10
343.0426114610797
 20
531.5
 10
342.6862644133964
 20
530.5209445330008
 10
342.6862644133964
 20
529.4790554669992
 10
343.0426114610797
 20
528.5
 10
343.7123248433734
 20
527.7018666706431
 10
344.614627242456
 20
527.1809221376423
 10
345.640687672433
 20
527.0
 10
443.1775815801108
 20
527.0
 10
444.20364201008783
 20
527.1809221376423
 10
445.10594440917043
 20
527.7018666706431
 10
445.77565779146414
 20
528.5
 10
446.13200483914744
 20
529.4790554669992
 10
446.13200483914744
 20
530.5209445330008
 10
445.77565779146414
 20
531.5
 10
445.10594440917043
 20
532.2981333293569
 10
444.20364201008783
 20
532.8190778623577
 10
443.1775815801108
 20
533.0
  0
LWPOLYLINE
  5
167
330
17
100
AcDbEntity
  8
CUT_INSIDE
100
AcDbPolyline
 90
21
 70
1
 10
290.2658209053863
 20
547.0
 10
273.9014243944344
 20
547.0
 10
272.8753639644574
 20
546.8190778623577
 10
271.9730615653748
 20
546.2981333293569
 10
271.3033481830811
 20
545.5
 10
270.9470011353978
 20
544.5209445330008
 10
270.9470011353978
 20
543.4790554669992
 10
271.3033481830811
 20
542.5
 10
271.9730615653748
 20
541.7018666706431
 10
272.8753639644574
 20
541.1809221376423
 10
273.9014243944344
 20
541.0
 10
290.2658209053863
 20
541.0
 10
291.2918813353633
 20
541.1809221376423
 10
292.1941837344459
 20
541.7018666706431
 10
292.8638971167396
 20
542.5
 10
293.2202441644229
 20
543.4790554669992
 10
293.2202441644229
 20
544.5209445330008
 10
292.8638971167396
 20
545.5
 10
292.1941837344459
 20
546.2981333293569
 10
291.2918813353633
 20
546.8190778623577
 10
290.2658209053863
 20
547.0
  0
LWPOLYLINE
  5
168
330
17
100
AcDbEntity
  8
CUT_INSIDE
100
AcDbPolyline
 90
21
 70
1
 10
340.1651460005794
 20
575.0
 10
302.9857259194986
 20
575.0
 10
301.95966548952157
 20
574.8190778623577
 10
301.05736309043897
 20
574.2981333293569
 10
300.38764970814526
 20
573.5
 10
300.03130266046196
 20
572.5209445330008
 10
300.03130266046196
 20
571.4790554669992
 10
300.38764970814526
 20
570.5
 10
301.05736309043897
 20
569.7018666706431
 10
301.95966548952157
 20
569.1809221376423
 10
302.9857259194986
 20
569.0
 10
340.1651460005794
 20
569.0
 10
341.1912064305564
 20
569.1809221376423
 10
342.093508829639
 20
569.7018666706431
 10
342.7632222119327
 20
570.5
 10
343.119569259616
 20
571.4790554669992
 10
343.119569259616
 20
572.5209445330008
 10
342.7632222119327
 20
573.5
 10
342.093508829639
 20
574.2981333293569
 10
341.1912064305564
 20
574.8190778623577
 10
340.1651460005794
 20
575.0
  0
LWPOLYLINE
  5
169
330
17
100
AcDbEntity
  8
CUT_INSIDE
100
AcDbPolyline
 90
21
 70
1
 10
324.43615753283086
 20
589.0
 10
238.52088166539409
 20
589.0
 10
237.49482123541708
 20
588.8190778623577
 10
236.59251883633448
 20
588.2981333293569
 10
235.92280545404077
 20
587.5
 10
235.56645840635747
 20
586.5209445330008
 10
235.56645840635747
 20
585.4790554669992
 10
235.92280545404077
 20
584.5
 10
236.59251883633448
 20
583.7018666706431
 10
237.49482123541708
 20
583.1809221376423
 10
238.52088166539409
 20
583.0
 10
324.43615753283086
 20
583.0
 10
325.46221796280787
 20
583.1809221376423
 10
326.36452036189047
 20
583.7018666706431
 10
327.0342337441842
 20
584.5
 10
327.3905807918675
 20
585.4790554669992
 10
327.3905807918675
 20
586.5209445330008
 10
327.0342337441842
 20
587.5
 10
326.36452036189047
 20
588.2981333293569
 10
325.46221796280787
 20
588.8190778623577
 10
324.43615753283086
 20
589.0
  0
LWPOLYLINE
  5
16A
330
17
100
AcDbEntity
  8
CUT_INSIDE
100
AcDbPolyline
 90
21
 70
1
 10
307.8592381427587
 20
631.0
 10
270.15090397564825
 20
631.0
 10
269.12484354567124
 20
630.8190778623577
 10
268.22254114658864
 20
630.2981333293569
 10
267.55282776429493
 20
629.5
 10
267.19648071661163
 20
628.5209445330008
 10
267.19648071661163
 20
627.4790554669992
 10
267.55282776429493
 20
626.5
 10
268.22254114658864
 20
625.7018666706431
 10
269.12484354567124
 20
625.1809221376423
 10
270.15090397564825
 20
625.0
 10
307.8592381427587
 20
625.0
 10
308.88529857273573
 20
625.1809221376423
 10
309.78760097181834
 20
625.7018666706431
 10
310.45731435411204
 20
626.5
 10
310.81366140179534
 20
627.4790554669992
 10
310.81366140179534
 20
628.5209445330008
 10
310.45731435411204
 20
629.5
 10
309.78760097181834
 20
630.2981333293569
 10
308.88529857273573
 20
630.8190778623577
 10
307.8592381427587
 20
631.0
  0
LWPOLYLINE
  5
16B
330
17
100
AcDbEntity
  8
CUT_INSIDE
100
AcDbPolyline
 90
21
 70
1
 10
311.4155458027522
 20
617.0
 10
272.05658227232976
 20
617.0
 10
271.03052184235275
 20
616.8190778623577
 10
270.12821944327015
 20
616.2981333293569
 10
269.45850606097645
 20
615.5
 10
269.10215901329315
 20
614.5209445330008
 10
269.10215901329315
 20
613.4790554669992
 10
269.45850606097645
 20
612.5
 10
270.12821944327015
 20
611.7018666706431
 10
271.03052184235275
 20
611.1809221376423
 10
272.05658227232976
 20
611.0
 10
311.4155458027522
 20
611.0
 10
312.4416062327292
 20
611.1809221376423
 10
313.3439086318118
 20
611.7018666706431
 10
314.0136220141055
 20
612.5
 10
314.3699690617888
 20
613.4790554669992
 10
314.3699690617888
 20
614.5209445330008
 10
314.0136220141055
 20
615.5
 10
313.3439086318118
 20
616.2981333293569
 10
312.4416062327292
 20
616.8190778623577
 10
311.4155458027522
 20
617.0
  0
LWPOLYLINE
  5
16C
330
17
100
AcDbEntity
  8
CUT_INSIDE
100
AcDbPolyline
 90
21
 70
1
 10
330.79966264240556
 20
603.0
 10
295.8884517164837
 20
603.0
 10
294.86239128650675
 20
602.8190778623577
 10
293.9600888874241
 20
602.2981333293569
 10
293.2903755051304
 20
601.5
 10
292.9340284574471
 20
600.5209445330008
 10
292.9340284574471
 20
599.4790554669992
 10
293.2903755051304
 20
598.5
 10
293.9600888874241
 20
597.7018666706431
 10
294.86239128650675
 20
597.1809221376423
 10
295.8884517164837
 20
597.0
 10
330.79966264240556
 20
597.0
 10
331.8257230723825
 20
597.1809221376423
 10
332.7280254714652
 20
597.7018666706431
 10
333.3977388537589
 20
598.5
 10
333.7540859014422
 20
599.4790554669992
 10
333.7540859014422
 20
600.5209445330008
 10
333.3977388537589
 20
601.5
 10
332.7280254714652
 20
602.2981333293569
 10
331.8257230723825
 20
602.8190778623577
 10
330.79966264240556
 20
603.0
  0
LWPOLYLINE
  5
16D
330
17
100
AcDbEntity
  8
CUT_INSIDE
100
AcDbPolyline
 90
21
 70
1
 10
353.2590096355779
 20
547.0
 10
330.06480200770517
 20
547.0
 10
329.03874157772816
 20
546.8190778623577
 10
328.13643917864556
 20
546.2981333293569
 10
327.46672579635185
 20
545.5
 10
327.11037874866855
 20
544.5209445330008
 10
327.11037874866855
 20
543.4790554669992
 10
327.46672579635185
 20
542.5
 10
328.13643917864556
 20
541.7018666706431
 10
329.03874157772816
 20
541.1809221376423
 10
330.06480200770517
 20
541.0
 10
353.2590096355779
 20
541.0
 10
354.2850700655549
 20
541.1809221376423
 10
355.1873724646375
 20
541.7018666706431
 10
355.8570858469312
 20
542.5
 10
356.2134328946145
 20
543.4790554669992
 10
356.2134328946145
 20
544.5209445330008
 10
355.8570858469312
 20
545.5
 10
355.1873724646375
 20
546.2981333293569
 10
354.2850700655549
 20
546.8190778623577
 10
353.2590096355779
 20
547.0
  0
LWPOLYLINE
  5
16E
330
17
100
AcDbEntity
  8
CUT_INSIDE
100
AcDbPolyline
 90
21
 70
1
 10
385.11778835030384
 20
561.0
 10
329.69444442680447
 20
561.0
 10
328.66838399682746
 20
560.8190778623577
 10
327.76608159774486
 20
560.2981333293569
 10
327.09636821545115
 20
559.5
 10
326.74002116776785
 20
558.5209445330008
 10
326.74002116776785
 20
557.4790554669992
 10
327.09636821545115
 20
556.5
 10
327.76608159774486
 20
555.7018666706431
 10
328.66838399682746
 20
555.1809221376423
 10
329.69444442680447
 20
555.0
 10
385.11778835030384
 20
555.0
 10
386.14384878028085
 20
555.1809221376423
 10
387.04615117936345
 20
555.7018666706431
 10
387.71586456165716
 20
556.5
 10
388.07221160934046
 20
557.4790554669992
 10
388.07221160934046
 20
558.5209445330008
 10
387.71586456165716
 20
559.5
 10
387.04615117936345
 20
560.2981333293569
 10
386.14384878028085
 20
560.8190778623577
 10
385.11778835030384
 20
561.0
  0
LWPOLYLINE
  5
16F
330
17
100
AcDbEntity
  8
CUT_INSIDE
100
AcDbPolyline
 90
21
 70
1
 10
384.51997886537816
 20
575.0
 10
356.61014222534897
 20
575.0
 10
355.58408179537196
 20
574.8190778623577
 10
354.68177939628936
 20
574.2981333293569
 10
354.01206601399565
 20
573.5
 10
353.65571896631235
 20
572.5209445330008
 10
353.65571896631235
 20
571.4790554669992
 10
354.01206601399565
 20
570.5
 10
354.68177939628936
 20
569.7018666706431
 10
355.58408179537196
 20
569.1809221376423
 10
356.61014222534897
 20
569.0
 10
384.51997886537816
 20
569.0
 10
385.5460392953552
 20
569.1809221376423
 10
386.4483416944378
 20
569.7018666706431
 10
387.1180550767315
 20
570.5
 10
387.4744021244148
 20
571.4790554669992
 10
387.4744021244148
 20
572.5209445330008
 10
387.1180550767315
 20
573.5
 10
386.4483416944378
 20
574.2981333293569
 10
385.5460392953552
 20
574.8190778623577
 10
384.51997886537816
 20
575.0
  0
LWPOLYLINE
  5
170
330
17
100
AcDbEntity
  8
CUT_INSIDE
100
AcDbPolyline
 90
21
 70
1
 10
381.71789586814714
 20
617.0
 10
345.11984368622313
 20
617.0
 10
344.0937832562461
 20
616.8190778623577
 10
343.19148085716347
 20
616.2981333293569
 10
342.5217674748698
 20
615.5
 10
342.1654204271865
 20
614.5209445330008
 10
342.1654204271865
 20
613.4790554669992
 10
342.5217674748698
 20
612.5
 10
343.19148085716347
 20
611.7018666706431
 10
344.0937832562461
 20
611.1809221376423
 10
345.11984368622313
 20
611.0
 10
381.71789586814714
 20
611.0
 10
382.74395629812415
 20
611.1809221376423
 10
383.6462586972068
 20
611.7018666706431
 10
384.31597207950045
 20
612.5
 10
384.67231912718375
 20
613.4790554669992
 10
384.67231912718375
 20
614.5209445330008
 10
384.31597207950045
 20
615.5
 10
383.6462586972068
 20
616.2981333293569
 10
382.74395629812415
 20
616.8190778623577
 10
381.71789586814714
 20
617.0
  0
LWPOLYLINE
  5
171
330
17
100
AcDbEntity
  8
CUT_INSIDE
100
AcDbPolyline
 90
21
 70
1
 10
382.5623574427155
 20
631.0
 10
340.4026474720734
 20
631.0
 10
339.3765870420964
 20
630.8190778623577
 10
338.4742846430138
 20
630.2981333293569
 10
337.8045712607201
 20
629.5
 10
337.4482242130368
 20
628.5209445330008
 10
337.4482242130368
 20
627.4790554669992
 10
337.8045712607201
 20
626.5
 10
338.4742846430138
 20
625.7018666706431
 10
339.3765870420964
 20
625.1809221376423
 10
340.4026474720734
 20
625.0
 10
382.5623574427155
 20
625.0
 10
383.5884178726925
 20
625.1809221376423
 10
384.4907202717751
 20
625.7018666706431
 10
385.1604336540688
 20
626.5
 10
385.5167807017521
 20
627.4790554669992
 10
385.5167807017521
 20
628.5209445330008
 10
385.1604336540688
 20
629.5
 10
384.4907202717751
 20
630.2981333293569
 10
383.5884178726925
 20
630.8190778623577
 10
382.5623574427155
 20
631.0
  0
LWPOLYLINE
  5
172
330
17
100
AcDbEntity
  8
CUT_INSIDE
100
AcDbPolyline
 90
21
 70
1
 10
385.4571412237081
 20
603.0
 10
360.25713408407745
 20
603.0
 10
359.23107365410044
 20
602.8190778623577
 10
358.32877125501784
 20
602.2981333293569
 10
357.65905787272413
 20
601.5
 10
357.30271082504083
 20
600.5209445330008
 10
357.30271082504083
 20
599.4790554669992
 10
357.65905787272413
 20
598.5
 10
358.32877125501784
 20
597.7018666706431
 10
359.23107365410044
 20
597.1809221376423
 10
360.25713408407745
 20
597.0
 10
385.4571412237081
 20
597.0
 10
386.4832016536851
 20
597.1809221376423
 10
387.3855040527677
 20
597.7018666706431
 10
388.0552174350614
 20
598.5
 10
388.4115644827447
 20
599.4790554669992
 10
388.4115644827447
 20
600.5209445330008
 10
388.0552174350614
 20
601.5
 10
387.3855040527677
 20
602.2981333293569
 10
386.4832016536851
 20
602.8190778623577
 10
385.4571412237081
 20
603.0
  0
LWPOLYLINE
  5
173
330
17
100
AcDbEntity
  8
CUT_INSIDE
100
AcDbPolyline
 90
21
 70
1
 10
405.01427230915624
 20
589.0
 10
364.11883610122527
 20
589.0
 10
363.09277567124826
 20
588.8190778623577
 10
362.19047327216566
 20
588.2981333293569
 10
361.52075988987195
 20
587.5
 10
361.16441284218865
 20
586.5209445330008
 10
361.16441284218865
 20
585.4790554669992
 10
361.52075988987195
 20
584.5
 10
362.19047327216566
 20
583.7018666706431
 10
363.09277567124826
 20
583.1809221376423
 10
364.11883610122527
 20
583.0
 10
405.01427230915624
 20
583.0
 10
406.04033273913325
 20
583.1809221376423
 10
406.94263513821585
 20
583.7018666706431
 10
407.61234852050956
 20
584.5
 10
407.96869556819286
 20
585.4790554669992
 10
407.96869556819286
 20
586.5209445330008
 10
407.61234852050956
 20
587.5
 10
406.94263513821585
 20
588.2981333293569
 10
406.04033273913325
 20
588.8190778623577
 10
405.01427230915624
 20
589.0
  0
LWPOLYLINE
  5
174
330
17
100
AcDbEntity
  8
CUT_INSIDE
100
AcDbPolyline
 90
21
 70
1
 10
437.93729475303104
 20
449.0
 10
402.18959928096496
 20
449.0
 10
401.16353885098795
 20
448.81907786235774
 10
400.26123645190535
 20
448.2981333293569
 10
399.59152306961164
 20
447.5
 10
399.23517602192834
 20
446.5209445330008
 10
399.23517602192834
 20
445.4790554669992
 10
399.59152306961164
 20
444.5
 10
400.26123645190535
 20
443.7018666706431
 10
401.16353885098795
 20
443.18092213764226
 10
402.18959928096496
 20
443.0
 10
437.93729475303104
 20
443.0
 10
438.96335518300805
 20
443.18092213764226
 10
439.86565758209065
 20
443.7018666706431
 10
440.53537096438436
 20
444.5
 10
440.89171801206766
 20
445.4790554669992
 10
440.89171801206766
 20
446.5209445330008
 10
440.53537096438436
 20
447.5
 10
439.86565758209065
 20
448.2981333293569
 10
438.96335518300805
 20
448.81907786235774
 10
437.93729475303104
 20
449.0
  0
LWPOLYLINE
  5
175
330
17
100
AcDbEntity
  8
CUT_INSIDE
100
AcDbPolyline
 90
21
 70
1
 10
455.96296346372276
 20
477.0
 10
425.29090341111964
 20
477.0
 10
424.26484298114264
 20
476.81907786235774
 10
423.36254058206003
 20
476.2981333293569
 10
422.6928271997663
 20
475.5
 10
422.336480152083
 20
474.5209445330008
 10
422.336480152083
 20
473.4790554669992
 10
422.6928271997663
 20
472.5
 10
423.36254058206003
 20
471.7018666706431
 10
424.26484298114264
 20
471.18092213764226
 10
425.29090341111964
 20
471.0
 10
455.96296346372276
 20
471.0
 10
456.98902389369977
 20
471.18092213764226
 10
457.89132629278237
 20
471.7018666706431
 10
458.5610396750761
 20
472.5
 10
458.9173867227594
 20
473.4790554669992
 10
458.9173867227594
 20
474.5209445330008
 10
458.5610396750761
 20
475.5
 10
457.89132629278237
 20
476.2981333293569
 10
456.98902389369977
 20
476.81907786235774
 10
455.96296346372276
 20
477.0
  0
LWPOLYLINE
  5
176
330
17
100
AcDbEntity
  8
CUT_INSIDE
100
AcDbPolyline
 90
21
 70
1
 10
460.72488116602256
 20
491.0
 10
424.0263265659952
 20
491.0
 10
423.0002661360182
 20
490.81907786235774
 10
422.0979637369355
 20
490.2981333293569
 10
421.4282503546418
 20
489.5
 10
421.0719033069585
 20
488.5209445330008
 10
421.0719033069585
 20
487.4790554669992
 10
421.4282503546418
 20
486.5
 10
422.0979637369355
 20
485.7018666706431
 10
423.0002661360181
 20
485.18092213764226
 10
424.0263265659952
 20
485.0
 10
460.72488116602256
 20
485.0
 10
461.75094159599956
 20
485.18092213764226
 10
462.6532439950822
 20
485.7018666706431
 10
463.32295737737593
 20
486.5
 10
463.67930442505923
 20
487.4790554669992
 10
463.67930442505923
 20
488.5209445330008
 10
463.32295737737593
 20
489.5
 10
462.6532439950822
 20
490.2981333293569
 10
461.7509415959996
 20
490.81907786235774
 10
460.72488116602256
 20
491.0
  0
LWPOLYLINE
  5
177
330
17
100
AcDbEntity
  8
CUT_INSIDE
100
AcDbPolyline
 90
21
 70
1
 10
463.1716146774404
 20
505.0
 10
438.9026478219711
 20
505.0
 10
437.87658739199406
 20
504.81907786235774
 10
436.97428499291146
 20
504.2981333293569
 10
436.30457161061776
 20
503.5
 10
435.94822456293446
 20
502.5209445330008
 10
435.94822456293446
 20
501.4790554669992
 10
436.30457161061776
 20
500.5
 10
436.97428499291146
 20
499.7018666706431
 10
437.87658739199406
 20
499.18092213764226
 10
438.9026478219711
 20
499.0
 10
463.1716146774404
 20
499.0
 10
464.1976751074174
 20
499.18092213764226
 10
465.0999775065
 20
499.7018666706431
 10
465.7696908887937
 20
500.5
 10
466.126037936477
 20
501.4790554669992
 10
466.126037936477
 20
502.5209445330008
 10
465.7696908887937
 20
503.5
 10
465.0999775065
 20
504.2981333293569
 10
464.1976751074174
 20
504.81907786235774
 10
463.1716146774404
 20
505.0
  0
LWPOLYLINE
  5
178
330
17
100
AcDbEntity
  8
CUT_INSIDE
100
AcDbPolyline
 90
21
 70
1
 10
463.73532944929156
 20
519.0
 10
421.28309827863285
 20
519.0
 10
420.25703784865584
 20
518.8190778623577
 10
419.35473544957324
 20
518.2981333293569
 10
418.68502206727953
 20
517.5
 10
418.32867501959623
 20
516.5209445330008
 10
418.32867501959623
 20
515.4790554669992
 10
418.68502206727953
 20
514.5
 10
419.35473544957324
 20
513.7018666706431
 10
420.25703784865584
 20
513.1809221376423
 10
421.28309827863285
 20
513.0
 10
463.73532944929156
 20
513.0
 10
464.76138987926856
 20
513.1809221376423
 10
465.66369227835116
 20
513.7018666706431
 10
466.33340566064487
 20
514.5
 10
466.6897527083282
 20
515.4790554669992
 10
466.6897527083282
 20
516.5209445330008
 10
466.33340566064487
 20
517.5
 10
465.66369227835116
 20
518.2981333293569
 10
464.76138987926856
 20
518.8190778623577
 10
463.73532944929156
 20
519.0
  0
LWPOLYLINE
  5
179
330
17
100
AcDbEntity
  8
CUT_INSIDE
100
AcDbPolyline
 90
21
 70
1
 10
484.22400324726516
 20
435.0
 10
432.777970863262
 20
435.0
 10
431.751910433285
 20
434.81907786235774
 10
430.8496080342024
 20
434.2981333293569
 10
430.1798946519087
 20
433.5
 10
429.8235476042254
 20
432.5209445330008
 10
429.8235476042254
 20
431.4790554669992
 10
430.1798946519087
 20
430.5
 10
430.8496080342024
 20
429.7018666706431
 10
431.751910433285
 20
429.18092213764226
 10
432.777970863262
 20
429.0
 10
484.22400324726516
 20
429.0
 10
485.25006367724217
 20
429.18092213764226
 10
486.15236607632477
 20
429.7018666706431
 10
486.8220794586185
 20
430.5
 10
487.1784265063018
 20
431.4790554669992
 10
487.1784265063018
 20
432.5209445330008
 10
486.8220794586185
 20
433.5
 10
486.15236607632477
 20
434.2981333293569
 10
485.25006367724217
 20
434.81907786235774
 10
484.22400324726516
 20
435.0
  0
LWPOLYLINE
  5
17A
330
17
100
AcDbEntity
  8
CUT_INSIDE
100
AcDbPolyline
 90
21
 70
1
 10
474.9787637372018
 20
463.0
 10
445.2542500828258
 20
463.0
 10
444.2281896528488
 20
462.81907786235774
 10
443.32588725376615
 20
462.2981333293569
 10
442.6561738714725
 20
461.5
 10
442.2998268237892
 20
460.5209445330008
 10
442.2998268237892
 20
459.4790554669992
 10
442.6561738714725
 20
458.5
 10
443.32588725376615
 20
457.7018666706431
 10
444.2281896528488
 20
457.18092213764226
 10
445.2542500828258
 20
457.0
 10
474.9787637372018
 20
457.0
 10
476.0048241671788
 20
457.18092213764226
 10
476.90712656626147
 20
457.7018666706431
 10
477.5768399485551
 20
458.5
 10
477.9331869962384
 20
459.4790554669992
 10
477.9331869962384
 20
460.5209445330008
 10
477.5768399485551
 20
461.5
 10
476.90712656626147
 20
462.2981333293569
 10
476.0048241671788
 20
462.81907786235774
 10
474.9787637372018
 20
463.0
  0
LWPOLYLINE
  5
17B
330
17
100
AcDbEntity
  8
CUT_INSIDE
100
AcDbPolyline
 90
21
 70
1
 10
511.0
 20
449.0
 10
477.1312800404005
 20
449.0
 10
476.10521961042355
 20
448.81907786235774
 10
475.2029172113409
 20
448.2981333293569
 10
474.53320382904724
 20
447.5
 10
474.1768567813639
 20
446.5209445330008
 10
474.1768567813639
 20
445.4790554669992
 10
474.53320382904724
 20
444.5
 10
475.2029172113409
 20
443.7018666706431
 10
476.10521961042355
 20
443.18092213764226
 10
477.1312800404005
 20
443.0
 10
511.0
 20
443.0
 10
512.026060429977
 20
443.18092213764226
 10
512.9283628290596
 20
443.7018666706431
 10
513.5980762113533
 20
444.5
 10
513.9544232590366
 20
445.4790554669992
 10
513.9544232590366
 20
446.5209445330008
 10
513.5980762113533
 20
447.5
 10
512.9283628290596
 20
448.2981333293569
 10
512.026060429977
 20
448.81907786235774
 10
511.0
 20
449.0
  0
LWPOLYLINE
  5
17C
330
17
100
AcDbEntity
  8
CUT_INSIDE
100
AcDbPolyline
 90
21
 70
1
 10
511.0
 20
477.0
 10
482.0539224611325
 20
477.0
 10
481.02786203115556
 20
476.81907786235774
 10
480.1255596320729
 20
476.2981333293569
 10
479.45584624977926
 20
475.5
 10
479.0994992020959
 20
474.5209445330008
 10
479.0994992020959
 20
473.4790554669992
 10
479.45584624977926
 20
472.5
 10
480.1255596320729
 20
471.7018666706431
 10
481.02786203115556
 20
471.18092213764226
 10
482.0539224611325
 20
471.0
 10
511.0
 20
471.0
 10
512.026060429977
 20
471.18092213764226
 10
512.9283628290596
 20
471.7018666706431
 10
513.5980762113533
 20
472.5
 10
513.9544232590366
 20
473.4790554669992
 10
513.9544232590366
 20
474.5209445330008
 10
513.5980762113533
 20
475.5
 10
512.9283628290596
 20
476.2981333293569
 10
512.026060429977
 20
476.81907786235774
 10
511.0
 20
477.0
  0
LWPOLYLINE
  5
17D
330
17
100
AcDbEntity
  8
CUT_INSIDE
100
AcDbPolyline
 90
21
 70
1
 10
485.29705137883036
 20
533.0
 10
466.6513780638835
 20
533.0
 10
465.6253176339065
 20
532.8190778623577
 10
464.7230152348239
 20
532.2981333293569
 10
464.0533018525302
 20
531.5
 10
463.6969548048469
 20
530.5209445330008
 10
463.6969548048469
 20
529.4790554669992
 10
464.0533018525302
 20
528.5
 10
464.7230152348239
 20
527.7018666706431
 10
465.6253176339065
 20
527.1809221376423
 10
466.6513780638835
 20
527.0
 10
485.29705137883036
 20
527.0
 10
486.32311180880737
 20
527.1809221376423
 10
487.22541420788997
 20
527.7018666706431
 10
487.8951275901837
 20
528.5
 10
488.251474637867
 20
529.4790554669992
 10
488.251474637867
 20
530.5209445330008
 10
487.8951275901837
 20
531.5
 10
487.22541420788997
 20
532.2981333293569
 10
486.32311180880737
 20
532.8190778623577
 10
485.29705137883036
 20
533.0
  0
LWPOLYLINE
  5
17E
330
17
100
AcDbEntity
  8
CUT_INSIDE
100
AcDbPolyline
 90
21
 70
1
 10
511.0
 20
491.0
 10
482.099904908094
 20
491.0
 10
481.073844478117
 20
490.81907786235774
 10
480.17154207903434
 20
490.2981333293569
 10
479.50182869674063
 20
489.5
 10
479.14548164905733
 20
488.5209445330008
 10
479.14548164905733
 20
487.4790554669992
 10
479.50182869674063
 20
486.5
 10
480.17154207903434
 20
485.7018666706431
 10
481.073844478117
 20
485.18092213764226
 10
482.099904908094
 20
485.0
 10
511.0
 20
485.0
 10
512.0260604299771
 20
485.18092213764226
 10
512.9283628290597
 20
485.7018666706431
 10
513.5980762113534
 20
486.5
 10
513.9544232590366
 20
487.4790554669992
 10
513.9544232590366
 20
488.5209445330008
 10
513.5980762113534
 20
489.5
 10
512.9283628290597
 20
490.2981333293569
 10
512.0260604299771
 20
490.81907786235774
 10
511.0
 20
491.0
  0
LWPOLYLINE
  5
17F
330
17
100
AcDbEntity
  8
CUT_INSIDE
100
AcDbPolyline
 90
21
 70
1
 10
508.36297366868985
 20
505.0
 10
479.43266636933924
 20
505.0
 10
478.40660593936224
 20
504.81907786235774
 10
477.50430354027964
 20
504.2981333293569
 10
476.83459015798593
 20
503.5
 10
476.4782431103026
 20
502.5209445330008
 10
476.4782431103026
 20
501.4790554669992
 10
476.83459015798593
 20
500.5
 10
477.50430354027964
 20
499.7018666706431
 10
478.40660593936224
 20
499.18092213764226
 10
479.43266636933924
 20
499.0
 10
508.36297366868985
 20
499.0
 10
509.3890340986669
 20
499.18092213764226
 10
510.2913364977495
 20
499.7018666706431
 10
510.9610498800432
 20
500.5
 10
511.31739692772646
 20
501.4790554669992
 10
511.31739692772646
 20
502.5209445330008
 10
510.9610498800432
 20
503.5
 10
510.2913364977495
 20
504.2981333293569
 10
509.3890340986669
 20
504.81907786235774
 10
508.36297366868985
 20
505.0
  0
LWPOLYLINE
  5
180
330
17
100
AcDbEntity
  8
CUT_INSIDE
100
AcDbPolyline
 90
21
 70
1
 10
413.129019357948
 20
547.0
 10
384.0446121131521
 20
547.0
 10
383.0185516831751
 20
546.8190778623577
 10
382.1162492840925
 20
546.2981333293569
 10
381.44653590179877
 20
545.5
 10
381.09018885411547
 20
544.5209445330008
 10
381.09018885411547
 20
543.4790554669992
 10
381.44653590179877
 20
542.5
 10
382.1162492840925
 20
541.7018666706431
 10
383.0185516831751
 20
541.1809221376423
 10
384.0446121131521
 20
541.0
 10
413.129019357948
 20
541.0
 10
414.155079787925
 20
541.1809221376423
 10
415.0573821870076
 20
541.7018666706431
 10
415.7270955693013
 20
542.5
 10
416.0834426169846
 20
543.4790554669992
 10
416.0834426169846
 20
544.5209445330008
 10
415.7270955693013
 20
545.5
 10
415.0573821870076
 20
546.2981333293569
 10
414.155079787925
 20
546.8190778623577
 10
413.129019357948
 20
547.0
  0
LWPOLYLINE
  5
181
330
17
100
AcDbEntity
  8
CUT_INSIDE
100
AcDbPolyline
 90
21
 70
1
 10
440.3393551839414
 20
561.0
 10
421.20386201052816
 20
561.0
 10
420.17780158055115
 20
560.8190778623577
 10
419.27549918146855
 20
560.2981333293569
 10
418.60578579917484
 20
559.5
 10
418.24943875149154
 20
558.5209445330008
 10
418.24943875149154
 20
557.4790554669992
 10
418.60578579917484
 20
556.5
 10
419.27549918146855
 20
555.7018666706431
 10
420.17780158055115
 20
555.1809221376423
 10
421.20386201052816
 20
555.0
 10
440.3393551839414
 20
555.0
 10
441.3654156139184
 20
555.1809221376423
 10
442.267718013001
 20
555.7018666706431
 10
442.9374313952947
 20
556.5
 10
443.293778442978
 20
557.4790554669992
 10
443.293778442978
 20
558.5209445330008
 10
442.9374313952947
 20
559.5
 10
442.267718013001
 20
560.2981333293569
 10
441.3654156139184
 20
560.8190778623577
 10
440.3393551839414
 20
561.0
  0
LWPOLYLINE
  5
182
330
17
100
AcDbEntity
  8
CUT_INSIDE
100
AcDbPolyline
 90
21
 70
1
 10
469.14332889457944
 20
575.0
 10
416.13731456181915
 20
575.0
 10
415.1112541318422
 20
574.8190778623577
 10
414.20895173275954
 20
574.2981333293569
 10
413.5392383504659
 20
573.5
 10
413.18289130278254
 20
572.5209445330008
 10
413.18289130278254
 20
571.4790554669992
 10
413.5392383504659
 20
570.5
 10
414.20895173275954
 20
569.7018666706431
 10
415.1112541318422
 20
569.1809221376423
 10
416.13731456181915
 20
569.0
 10
469.14332889457944
 20
569.0
 10
470.1693893245564
 20
569.1809221376423
 10
471.07169172363905
 20
569.7018666706431
 10
471.7414051059327
 20
570.5
 10
472.09775215361606
 20
571.4790554669992
 10
472.09775215361606
 20
572.5209445330008
 10
471.7414051059327
 20
573.5
 10
471.07169172363905
 20
574.2981333293569
 10
470.1693893245564
 20
574.8190778623577
 10
469.14332889457944
 20
575.0
  0
LWPOLYLINE
  5
183
330
17
100
AcDbEntity
  8
CUT_INSIDE
100
AcDbPolyline
 90
21
 70
1
 10
467.7304704842434
 20
603.0
 10
423.2810844951759
 20
603.0
 10
422.2550240651989
 20
602.8190778623577
 10
421.3527216661162
 20
602.2981333293569
 10
420.6830082838226
 20
601.5
 10
420.3266612361392
 20
600.5209445330008
 10
420.3266612361392
 20
599.4790554669992
 10
420.6830082838226
 20
598.5
 10
421.3527216661162
 20
597.7018666706431
 10
422.2550240651989
 20
597.1809221376423
 10
423.2810844951759
 20
597.0
 10
467.7304704842434
 20
597.0
 10
468.75653091422043
 20
597.1809221376423
 10
469.6588333133031
 20
597.7018666706431
 10
470.32854669559674
 20
598.5
 10
470.6848937432801
 20
599.4790554669992
 10
470.6848937432801
 20
600.5209445330008
 10
470.32854669559674
 20
601.5
 10
469.6588333133031
 20
602.2981333293569
 10
468.75653091422043
 20
602.8190778623577
 10
467.7304704842434
 20
603.0
  0
LWPOLYLINE
  5
184
330
17
100
AcDbEntity
  8
CUT_INSIDE
100
AcDbPolyline
 90
21
 70
1
 10
452.56389828815827
 20
617.0
 10
417.0095076760882
 20
617.0
 10
415.9834472461112
 20
616.8190778623577
 10
415.0811448470286
 20
616.2981333293569
 10
414.4114314647349
 20
615.5
 10
414.0550844170516
 20
614.5209445330008
 10
414.0550844170516
 20
613.4790554669992
 10
414.4114314647349
 20
612.5
 10
415.0811448470286
 20
611.7018666706431
 10
415.9834472461112
 20
611.1809221376423
 10
417.0095076760882
 20
611.0
 10
452.56389828815827
 20
611.0
 10
453.5899587181353
 20
611.1809221376423
 10
454.4922611172179
 20
611.7018666706431
 10
455.1619744995116
 20
612.5
 10
455.5183215471949
 20
613.4790554669992
 10
455.5183215471949
 20
614.5209445330008
 10
455.1619744995116
 20
615.5
 10
454.4922611172179
 20
616.2981333293569
 10
453.5899587181353
 20
616.8190778623577
 10
452.56389828815827
 20
617.0
  0
LWPOLYLINE
  5
185
330
17
100
AcDbEntity
  8
CUT_INSIDE
100
AcDbPolyline
 90
21
 70
1
 10
455.39210622559847
 20
631.0
 10
410.2212998839128
 20
631.0
 10
409.19523945393587
 20
630.8190778623577
 10
408.2929370548532
 20
630.2981333293569
 10
407.6232236725595
 20
629.5
 10
407.2668766248762
 20
628.5209445330008
 10
407.2668766248762
 20
627.4790554669992
 10
407.6232236725595
 20
626.5
 10
408.2929370548532
 20
625.7018666706431
 10
409.19523945393587
 20
625.1809221376423
 10
410.2212998839128
 20
625.0
 10
455.39210622559847
 20
625.0
 10
456.4181666555754
 20
625.1809221376423
 10
457.3204690546581
 20
625.7018666706431
 10
457.9901824369518
 20
626.5
 10
458.3465294846351
 20
627.4790554669992
 10
458.3465294846351
 20
628.5209445330008
 10
457.9901824369518
 20
629.5
 10
457.3204690546581
 20
630.2981333293569
 10
456.4181666555754
 20
630.8190778623577
 10
455.39210622559847
 20
631.0
  0
LWPOLYLINE
  5
186
330
17
100
AcDbEntity
  8
CUT_INSIDE
100
AcDbPolyline
 90
21
 70
1
 10
469.8246011537061
 20
547.0
 10
442.0834417274991
 20
547.0
 10
441.0573812975221
 20
546.8190778623577
 10
440.1550788984395
 20
546.2981333293569
 10
439.4853655161458
 20
545.5
 10
439.1290184684625
 20
544.5209445330008
 10
439.1290184684625
 20
543.4790554669992
 10
439.4853655161458
 20
542.5
 10
440.1550788984395
 20
541.7018666706431
 10
441.0573812975221
 20
541.1809221376423
 10
442.0834417274991
 20
541.0
 10
469.8246011537061
 20
541.0
 10
470.8506615836831
 20
541.1809221376423
 10
471.7529639827657
 20
541.7018666706431
 10
472.4226773650594
 20
542.5
 10
472.77902441274273
 20
543.4790554669992
 10
472.77902441274273
 20
544.5209445330008
 10
472.4226773650594
 20
545.5
 10
471.7529639827657
 20
546.2981333293569
 10
470.8506615836831
 20
546.8190778623577
 10
469.8246011537061
 20
547.0
  0
LWPOLYLINE
  5
187
330
17
100
AcDbEntity
  8
CUT_INSIDE
100
AcDbPolyline
 90
21
 70
1
 10
489.9399471064217
 20
561.0
 10
461.77734657041907
 20
561.0
 10
460.75128614044206
 20
560.8190778623577
 10
459.84898374135946
 20
560.2981333293569
 10
459.17927035906575
 20
559.5
 10
458.82292331138245
 20
558.5209445330008
 10
458.82292331138245
 20
557.4790554669992
 10
459.17927035906575
 20
556.5
 10
459.84898374135946
 20
555.7018666706431
 10
460.75128614044206
 20
555.1809221376423
 10
461.77734657041907
 20
555.0
 10
489.9399471064217
 20
555.0
 10
490.9660075363987
 20
555.1809221376423
 10
491.8683099354813
 20
555.7018666706431
 10
492.538023317775
 20
556.5
 10
492.8943703654583
 20
557.4790554669992
 10
492.8943703654583
 20
558.5209445330008
 10
492.538023317775
 20
559.5
 10
491.8683099354813
 20
560.2981333293569
 10
490.9660075363987
 20
560.8190778623577
 10
489.9399471064217
 20
561.0
  0
LWPOLYLINE
  5
188
330
17
100
AcDbEntity
  8
CUT_INSIDE
100
AcDbPolyline
 90
21
 70
1
 10
511.0
 20
589.0
 10
441.06681915648346
 20
589.0
 10
440.04075872650645
 20
588.8190778623577
 10
439.13845632742385
 20
588.2981333293569
 10
438.46874294513015
 20
587.5
 10
438.11239589744685
 20
586.5209445330008
 10
438.11239589744685
 20
585.4790554669992
 10
438.46874294513015
 20
584.5
 10
439.13845632742385
 20
583.7018666706431
 10
440.04075872650645
 20
583.1809221376423
 10
441.06681915648346
 20
583.0
 10
511.0
 20
583.0
 10
512.026060429977
 20
583.1809221376423
 10
512.9283628290597
 20
583.7018666706431
 10
513.5980762113534
 20
584.5
 10
513.9544232590366
 20
585.4790554669992
 10
513.9544232590366
 20
586.5209445330008
 10
513.5980762113534
 20
587.5
 10
512.9283628290597
 20
588.2981333293569
 10
512.026060429977
 20
588.8190778623577
 10
511.0
 20
589.0
  0
LWPOLYLINE
  5
189
330
17
100
AcDbEntity
  8
CUT_INSIDE
100
AcDbPolyline
 90
21
 70
1
 10
511.0
 20
617.0
 10
479.7964709092166
 20
617.0
 10
478.7704104792397
 20
616.8190778623577
 10
477.868108080157
 20
616.2981333293569
 10
477.19839469786336
 20
615.5
 10
476.84204765018
 20
614.5209445330008
 10
476.84204765018
 20
613.4790554669992
 10
477.19839469786336
 20
612.5
 10
477.868108080157
 20
611.7018666706431
 10
478.7704104792397
 20
611.1809221376423
 10
479.7964709092166
 20
611.0
 10
511.0
 20
611.0
 10
512.026060429977
 20
611.1809221376423
 10
512.9283628290596
 20
611.7018666706431
 10
513.5980762113533
 20
612.5
 10
513.9544232590366
 20
613.4790554669992
 10
513.9544232590366
 20
614.5209445330008
 10
513.5980762113533
 20
615.5
 10
512.9283628290596
 20
616.2981333293569
 10
512.026060429977
 20
616.8190778623577
 10
511.0
 20
617.0
  0
LWPOLYLINE
  5
18A
330
17
100
AcDbEntity
  8
CUT_INSIDE
100
AcDbPolyline
 90
21
 70
1
 10
511.0
 20
631.0
 10
491.91323959306817
 20
631.0
 10
490.88717916309116
 20
630.8190778623577
 10
489.98487676400856
 20
630.2981333293569
 10
489.31516338171485
 20
629.5
 10
488.95881633403155
 20
628.5209445330008
 10
488.95881633403155
 20
627.4790554669992
 10
489.31516338171485
 20
626.5
 10
489.98487676400856
 20
625.7018666706431
 10
490.88717916309116
 20
625.1809221376423
 10
491.91323959306817
 20
625.0
 10
511.0
 20
625.0
 10
512.026060429977
 20
625.1809221376423
 10
512.9283628290597
 20
625.7018666706431
 10
513.5980762113534
 20
626.5
 10
513.9544232590366
 20
627.4790554669992
 10
513.9544232590366
 20
628.5209445330008
 10
513.5980762113534
 20
629.5
 10
512.9283628290597
 20
630.2981333293569
 10
512.026060429977
 20
630.8190778623577
 10
511.0
 20
631.0
  0
LWPOLYLINE
  5
18B
330
17
100
AcDbEntity
  8
CUT_INSIDE
100
AcDbPolyline
 90
21
 70
1
 10
325.35961955118995
 20
659.0
 10
236.1905927940538
 20
659.0
 10
235.1645323640768
 20
658.8190778623577
 10
234.26222996499416
 20
658.2981333293569
 10
233.59251658270048
 20
657.5
 10
233.23616953501715
 20
656.5209445330008
 10
233.23616953501715
 20
655.4790554669992
 10
233.59251658270048
 20
654.5
 10
234.26222996499416
 20
653.7018666706431
 10
235.1645323640768
 20
653.1809221376423
 10
236.1905927940538
 20
653.0
 10
325.35961955118995
 20
653.0
 10
326.38567998116696
 20
653.1809221376423
 10
327.28798238024956
 20
653.7018666706431
 10
327.95769576254327
 20
654.5
 10
328.31404281022657
 20
655.4790554669992
 10
328.31404281022657
 20
656.5209445330008
 10
327.95769576254327
 20
657.5
 10
327.28798238024956
 20
658.2981333293569
 10
326.38567998116696
 20
658.8190778623577
 10
325.35961955118995
 20
659.0
  0
LWPOLYLINE
  5
18C
330
17
100
AcDbEntity
  8
CUT_INSIDE
100
AcDbPolyline
 90
21
 70
1
 10
317.57383445072173
 20
715.0
 10
283.59145343960563
 20
715.0
 10
282.5653930096286
 20
714.8190778623577
 10
281.66309061054596
 20
714.2981333293569
 10
280.9933772282523
 20
713.5
 10
280.63703018056896
 20
712.5209445330008
 10
280.63703018056896
 20
711.4790554669992
 10
280.9933772282523
 20
710.5
 10
281.66309061054596
 20
709.7018666706431
 10
282.5653930096286
 20
709.1809221376423
 10
283.59145343960563
 20
709.0
 10
317.57383445072173
 20
709.0
 10
318.59989488069874
 20
709.1809221376423
 10
319.5021972797814
 20
709.7018666706431
 10
320.17191066207505
 20
710.5
 10
320.5282577097584
 20
711.4790554669992
 10
320.5282577097584
 20
712.5209445330008
 10
320.17191066207505
 20
713.5
 10
319.5021972797814
 20
714.2981333293569
 10
318.59989488069874
 20
714.8190778623577
 10
317.57383445072173
 20
715.0
  0
LWPOLYLINE
  5
18D
330
17
100
AcDbEntity
  8
CUT_INSIDE
100
AcDbPolyline
 90
21
 70
1
 10
333.1381108590267
 20
687.0
 10
301.64670034097696
 20
687.0
 10
300.62063991099996
 20
686.8190778623577
 10
299.71833751191735
 20
686.2981333293569
 10
299.04862412962365
 20
685.5
 10
298.69227708194035
 20
684.5209445330008
 10
298.69227708194035
 20
683.4790554669992
 10
299.04862412962365
 20
682.5
 10
299.71833751191735
 20
681.7018666706431
 10
300.62063991099996
 20
681.1809221376423
 10
301.64670034097696
 20
681.0
 10
333.1381108590267
 20
681.0
 10
334.1641712890037
 20
681.1809221376423
 10
335.0664736880863
 20
681.7018666706431
 10
335.73618707038
 20
682.5
 10
336.0925341180633
 20
683.4790554669992
 10
336.0925341180633
 20
684.5209445330008
 10
335.73618707038
 20
685.5
 10
335.0664736880863
 20
686.2981333293569
 10
334.1641712890037
 20
686.8190778623577
 10
333.1381108590267
 20
687.0
  0
LWPOLYLINE
  5
18E
330
17
100
AcDbEntity
  8
CUT_INSIDE
100
AcDbPolyline
 90
21
 70
1
 10
354.9167305196154
 20
645.0
 10
318.2651094303243
 20
645.0
 10
317.2390490003473
 20
644.8190778623577
 10
316.3367466012646
 20
644.2981333293569
 10
315.66703321897097
 20
643.5
 10
315.3106861712876
 20
642.5209445330008
 10
315.3106861712876
 20
641.4790554669992
 10
315.66703321897097
 20
640.5
 10
316.3367466012646
 20
639.7018666706431
 10
317.2390490003473
 20
639.1809221376423
 10
318.2651094303243
 20
639.0
 10
354.9167305196154
 20
639.0
 10
355.9427909495924
 20
639.1809221376423
 10
356.84509334867505
 20
639.7018666706431
 10
357.5148067309687
 20
640.5
 10
357.87115377865206
 20
641.4790554669992
 10
357.87115377865206
 20
642.5209445330008
 10
357.5148067309687
 20
643.5
 10
356.84509334867505
 20
644.2981333293569
 10
355.9427909495924
 20
644.8190778623577
 10
354.9167305196154
 20
645.0
  0
LWPOLYLINE
  5
18F
330
17
100
AcDbEntity
  8
CUT_INSIDE
100
AcDbPolyline
 90
21
 70
1
 10
367.94307807975497
 20
673.0
 10
322.9989395216754
 20
673.0
 10
321.9728790916984
 20
672.8190778623577
 10
321.07057669261576
 20
672.2981333293569
 10
320.4008633103221
 20
671.5
 10
320.04451626263875
 20
670.5209445330008
 10
320.04451626263875
 20
669.4790554669992
 10
320.4008633103221
 20
668.5
 10
321.07057669261576
 20
667.7018666706431
 10
321.9728790916984
 20
667.1809221376423
 10
322.9989395216754
 20
667.0
 10
367.94307807975497
 20
667.0
 10
368.969138509732
 20
667.1809221376423
 10
369.87144090881463
 20
667.7018666706431
 10
370.5411542911083
 20
668.5
 10
370.89750133879164
 20
669.4790554669992
 10
370.89750133879164
 20
670.5209445330008
 10
370.5411542911083
 20
671.5
 10
369.87144090881463
 20
672.2981333293569
 10
368.969138509732
 20
672.8190778623577
 10
367.94307807975497
 20
673.0
  0
LWPOLYLINE
  5
190
330
17
100
AcDbEntity
  8
CUT_INSIDE
100
AcDbPolyline
 90
21
 70
1
 10
374.3928947071205
 20
659.0
 10
354.96289981938435
 20
659.0
 10
353.93683938940734
 20
658.8190778623577
 10
353.03453699032474
 20
658.2981333293569
 10
352.36482360803103
 20
657.5
 10
352.00847656034773
 20
656.5209445330008
 10
352.00847656034773
 20
655.4790554669992
 10
352.36482360803103
 20
654.5
 10
353.03453699032474
 20
653.7018666706431
 10
353.93683938940734
 20
653.1809221376423
 10
354.96289981938435
 20
653.0
 10
374.3928947071205
 20
653.0
 10
375.4189551370975
 20
653.1809221376423
 10
376.3212575361801
 20
653.7018666706431
 10
376.9909709184738
 20
654.5
 10
377.3473179661571
 20
655.4790554669992
 10
377.3473179661571
 20
656.5209445330008
 10
376.9909709184738
 20
657.5
 10
376.3212575361801
 20
658.2981333293569
 10
375.4189551370975
 20
658.8190778623577
 10
374.3928947071205
 20
659.0
  0
LWPOLYLINE
  5
191
330
17
100
AcDbEntity
  8
CUT_INSIDE
100
AcDbPolyline
 90
21
 70
1
 10
367.08075751917727
 20
701.0
 10
332.60848403249327
 20
701.0
 10
331.58242360251626
 20
700.8190778623577
 10
330.68012120343366
 20
700.2981333293569
 10
330.01040782113995
 20
699.5
 10
329.65406077345665
 20
698.5209445330008
 10
329.65406077345665
 20
697.4790554669992
 10
330.01040782113995
 20
696.5
 10
330.68012120343366
 20
695.7018666706431
 10
331.58242360251626
 20
695.1809221376423
 10
332.60848403249327
 20
695.0
 10
367.08075751917727
 20
695.0
 10
368.1068179491543
 20
695.1809221376423
 10
369.0091203482369
 20
695.7018666706431
 10
369.6788337305306
 20
696.5
 10
370.0351807782139
 20
697.4790554669992
 10
370.0351807782139
 20
698.5209445330008
 10
369.6788337305306
 20
699.5
 10
369.0091203482369
 20
700.2981333293569
 10
368.1068179491543
 20
700.8190778623577
 10
367.08075751917727
 20
701.0
  0
LWPOLYLINE
  5
192
330
17
100
AcDbEntity
  8
CUT_INSIDE
100
AcDbPolyline
 90
21
 70
1
 10
364.09652506616453
 20
729.0
 10
317.72030613146046
 20
729.0
 10
316.69424570148345
 20
728.8190778623577
 10
315.79194330240085
 20
728.2981333293569
 10
315.12222992010715
 20
727.5
 10
314.76588287242384
 20
726.5209445330008
 10
314.76588287242384
 20
725.4790554669992
 10
315.12222992010715
 20
724.5
 10
315.79194330240085
 20
723.7018666706431
 10
316.69424570148345
 20
723.1809221376423
 10
317.72030613146046
 20
723.0
 10
364.09652506616453
 20
723.0
 10
365.12258549614154
 20
723.1809221376423
 10
366.02488789522414
 20
723.7018666706431
 10
366.69460127751785
 20
724.5
 10
367.05094832520115
 20
725.4790554669992
 10
367.05094832520115
 20
726.5209445330008
 10
366.69460127751785
 20
727.5
 10
366.02488789522414
 20
728.2981333293569
 10
365.12258549614154
 20
728.8190778623577
 10
364.09652506616453
 20
729.0
  0
LWPOLYLINE
  5
193
330
17
100
AcDbEntity
  8
CUT_INSIDE
100
AcDbPolyline
 90
21
 70
1
 10
397.1358504414602
 20
687.0
 10
351.0338602794419
 20
687.0
 10
350.0077998494649
 20
686.8190778623577
 10
349.1054974503823
 20
686.2981333293569
 10
348.4357840680886
 20
685.5
 10
348.0794370204053
 20
684.5209445330008
 10
348.0794370204053
 20
683.4790554669992
 10
348.4357840680886
 20
682.5
 10
349.1054974503823
 20
681.7018666706431
 10
350.0077998494649
 20
681.1809221376423
 10
351.0338602794419
 20
681.0
 10
397.1358504414602
 20
681.0
 10
398.1619108714372
 20
681.1809221376423
 10
399.0642132705198
 20
681.7018666706431
 10
399.7339266528135
 20
682.5
 10
400.0902737004968
 20
683.4790554669992
 10
400.0902737004968
 20
684.5209445330008
 10
399.7339266528135
 20
685.5
 10
399.0642132705198
 20
686.2981333293569
 10
398.1619108714372
 20
686.8190778623577
 10
397.1358504414602
 20
687.0
  0
LWPOLYLINE
  5
194
330
17
100
AcDbEntity
  8
CUT_INSIDE
100
AcDbPolyline
 90
21
 70
1
 10
385.5212011240138
 20
715.0
 10
345.7089397912745
 20
715.0
 10
344.68287936129747
 20
714.8190778623577
 10
343.7805769622148
 20
714.2981333293569
 10
343.1108635799211
 20
713.5
 10
342.7545165322378
 20
712.5209445330008
 10
342.7545165322378
 20
711.4790554669992
 10
343.1108635799211
 20
710.5
 10
343.7805769622148
 20
709.7018666706431
 10
344.6828793612974
 20
709.1809221376423
 10
345.7089397912745
 20
709.0
 10
385.5212011240138
 20
709.0
 10
386.54726155399084
 20
709.1809221376423
 10
387.4495639530735
 20
709.7018666706431
 10
388.1192773353672
 20
710.5
 10
388.4756243830505
 20
711.4790554669992
 10
388.4756243830505
 20
712.5209445330008
 10
388.1192773353672
 20
713.5
 10
387.4495639530735
 20
714.2981333293569
 10
386.5472615539909
 20
714.8190778623577
 10
385.5212011240138
 20
715.0
  0
LWPOLYLINE
  5
195
330
17
100
AcDbEntity
  8
CUT_INSIDE
100
AcDbPolyline
 90
21
 70
1
 10
402.16070796933167
 20
729.0
 10
384.41741704104066
 20
729.0
 10
383.39135661106366
 20
728.8190778623577
 10
382.48905421198106
 20
728.2981333293569
 10
381.81934082968735
 20
727.5
 10
381.46299378200405
 20
726.5209445330008
 10
381.46299378200405
 20
725.4790554669992
 10
381.81934082968735
 20
724.5
 10
382.48905421198106
 20
723.7018666706431
 10
383.39135661106366
 20
723.1809221376423
 10
384.41741704104066
 20
723.0
 10
402.16070796933167
 20
723.0
 10
403.1867683993087
 20
723.1809221376423
 10
404.0890707983913
 20
723.7018666706431
 10
404.758784180685
 20
724.5
 10
405.1151312283683
 20
725.4790554669992
 10
405.1151312283683
 20
726.5209445330008
 10
404.758784180685
 20
727.5
 10
404.0890707983913
 20
728.2981333293569
 10
403.1867683993087
 20
728.8190778623577
 10
402.16070796933167
 20
729.0
  0
LWPOLYLINE
  5
196
330
17
100
AcDbEntity
  8
CUT_INSIDE
100
AcDbPolyline
 90
21
 70
1
 10
340.68208422111803
 20
743.0
 10
244.2668605925779
 20
743.0
 10
243.2408001626009
 20
742.8190778623577
 10
242.33849776351826
 20
742.2981333293569
 10
241.66878438122458
 20
741.5
 10
241.31243733354125
 20
740.5209445330008
 10
241.31243733354125
 20
739.4790554669992
 10
241.66878438122458
 20
738.5
 10
242.33849776351826
 20
737.7018666706431
 10
243.2408001626009
 20
737.1809221376423
 10
244.2668605925779
 20
737.0
 10
340.68208422111803
 20
737.0
 10
341.70814465109504
 20
737.1809221376423
 10
342.61044705017764
 20
737.7018666706431
 10
343.28016043247135
 20
738.5
 10
343.63650748015465
 20
739.4790554669992
 10
343.63650748015465
 20
740.5209445330008
 10
343.28016043247135
 20
741.5
 10
342.61044705017764
 20
742.2981333293569
 10
341.70814465109504
 20
742.8190778623577
 10
340.68208422111803
 20
743.0
  0
LWPOLYLINE
  5
197
330
17
100
AcDbEntity
  8
CUT_INSIDE
100
AcDbPolyline
 90
21
 70
1
 10
328.42263166364364
 20
757.0
 10
302.0498811517152
 20
757.0
 10
301.0238207217382
 20
756.8190778623577
 10
300.1215183226556
 20
756.2981333293569
 10
299.4518049403619
 20
755.5
 10
299.0954578926786
 20
754.5209445330008
 10
299.0954578926786
 20
753.4790554669992
 10
299.4518049403619
 20
752.5
 10
300.1215183226556
 20
751.7018666706431
 10
301.0238207217382
 20
751.1809221376423
 10
302.0498811517152
 20
751.0
 10
328.42263166364364
 20
751.0
 10
329.44869209362065
 20
751.1809221376423
 10
330.35099449270325
 20
751.7018666706431
 10
331.02070787499696
 20
752.5
 10
331.37705492268026
 20
753.4790554669992
 10
331.37705492268026
 20
754.5209445330008
 10
331.02070787499696
 20
755.5
 10
330.35099449270325
 20
756.2981333293569
 10
329.44869209362065
 20
756.8190778623577
 10
328.42263166364364
 20
757.0
  0
LWPOLYLINE
  5
198
330
17
100
AcDbEntity
  8
CUT_INSIDE
100
AcDbPolyline
 90
21
 70
1
 10
334.7719720500049
 20
771.0
 10
298.21704716741357
 20
771.0
 10
297.19098673743656
 20
770.8190778623577
 10
296.28868433835396
 20
770.2981333293569
 10
295.61897095606025
 20
769.5
 10
295.26262390837695
 20
768.5209445330008
 10
295.26262390837695
 20
767.4790554669992
 10
295.61897095606025
 20
766.5
 10
296.28868433835396
 20
765.7018666706431
 10
297.19098673743656
 20
765.1809221376423
 10
298.21704716741357
 20
765.0
 10
334.7719720500049
 20
765.0
 10
335.7980324799819
 20
765.1809221376423
 10
336.7003348790645
 20
765.7018666706431
 10
337.3700482613582
 20
766.5
 10
337.7263953090415
 20
767.4790554669992
 10
337.7263953090415
 20
768.5209445330008
 10
337.3700482613582
 20
769.5
 10
336.7003348790645
 20
770.2981333293569
 10
335.7980324799819
 20
770.8190778623577
 10
334.7719720500049
 20
771.0
  0
LWPOLYLINE
  5
199
330
17
100
AcDbEntity
  8
CUT_INSIDE
100
AcDbPolyline
 90
21
 70
1
 10
297.4284813386369
 20
799.0
 10
279.51773160729084
 20
799.0
 10
278.49167117731383
 20
798.8190778623577
 10
277.58936877823123
 20
798.2981333293569
 10
276.9196553959375
 20
797.5
 10
276.5633083482542
 20
796.5209445330008
 10
276.5633083482542
 20
795.4790554669992
 10
276.9196553959375
 20
794.5
 10
277.58936877823123
 20
793.7018666706431
 10
278.49167117731383
 20
793.1809221376423
 10
279.51773160729084
 20
793.0
 10
297.4284813386369
 20
793.0
 10
298.4545417686139
 20
793.1809221376423
 10
299.3568441676965
 20
793.7018666706431
 10
300.02655754999023
 20
794.5
 10
300.38290459767353
 20
795.4790554669992
 10
300.38290459767353
 20
796.5209445330008
 10
300.02655754999023
 20
797.5
 10
299.3568441676965
 20
798.2981333293569
 10
298.4545417686139
 20
798.8190778623577
 10
297.4284813386369
 20
799.0
  0
LWPOLYLINE
  5
19A
330
17
100
AcDbEntity
  8
CUT_INSIDE
100
AcDbPolyline
 90
21
 70
1
 10
321.45901590934494
 20
813.0
 10
277.31390109332784
 20
813.0
 10
276.28784066335083
 20
812.8190778623577
 10
275.38553826426823
 20
812.2981333293569
 10
274.7158248819745
 20
811.5
 10
274.3594778342912
 20
810.5209445330008
 10
274.3594778342912
 20
809.4790554669992
 10
274.7158248819745
 20
808.5
 10
275.38553826426823
 20
807.7018666706431
 10
276.28784066335083
 20
807.1809221376423
 10
277.31390109332784
 20
807.0
 10
321.45901590934494
 20
807.0
 10
322.48507633932195
 20
807.1809221376423
 10
323.38737873840455
 20
807.7018666706431
 10
324.05709212069826
 20
808.5
 10
324.41343916838156
 20
809.4790554669992
 10
324.41343916838156
 20
810.5209445330008
 10
324.05709212069826
 20
811.5
 10
323.38737873840455
 20
812.2981333293569
 10
322.48507633932195
 20
812.8190778623577
 10
321.45901590934494
 20
813.0
  0
LWPOLYLINE
  5
19B
330
17
100
AcDbEntity
  8
CUT_INSIDE
100
AcDbPolyline
 90
21
 70
1
 10
338.9064027057143
 20
785.0
 10
310.2803608566403
 20
785.0
 10
309.2543004266633
 20
784.8190778623577
 10
308.3519980275807
 20
784.2981333293569
 10
307.682284645287
 20
783.5
 10
307.3259375976037
 20
782.5209445330008
 10
307.3259375976037
 20
781.4790554669992
 10
307.682284645287
 20
780.5
 10
308.3519980275807
 20
779.7018666706431
 10
309.2543004266633
 20
779.1809221376423
 10
310.2803608566403
 20
779.0
 10
338.9064027057143
 20
779.0
 10
339.9324631356913
 20
779.1809221376423
 10
340.8347655347739
 20
779.7018666706431
 10
341.5044789170676
 20
780.5
 10
341.8608259647509
 20
781.4790554669992
 10
341.8608259647509
 20
782.5209445330008
 10
341.5044789170676
 20
783.5
 10
340.8347655347739
 20
784.2981333293569
 10
339.9324631356913
 20
784.8190778623577
 10
338.9064027057143
 20
785.0
  0
LWPOLYLINE
  5
19C
330
17
100
AcDbEntity
  8
CUT_INSIDE
100
AcDbPolyline
 90
21
 70
1
 10
342.8845298048076
 20
799.0
 10
322.88382040226645
 20
799.0
 10
321.85775997228944
 20
798.8190778623577
 10
320.95545757320684
 20
798.2981333293569
 10
320.28574419091314
 20
797.5
 10
319.92939714322983
 20
796.5209445330008
 10
319.92939714322983
 20
795.4790554669992
 10
320.28574419091314
 20
794.5
 10
320.95545757320684
 20
793.7018666706431
 10
321.85775997228944
 20
793.1809221376423
 10
322.88382040226645
 20
793.0
 10
342.8845298048076
 20
793.0
 10
343.9105902347846
 20
793.1809221376423
 10
344.8128926338672
 20
793.7018666706431
 10
345.4826060161609
 20
794.5
 10
345.8389530638442
 20
795.4790554669992
 10
345.8389530638442
 20
796.5209445330008
 10
345.4826060161609
 20
797.5
 10
344.8128926338672
 20
798.2981333293569
 10
343.9105902347846
 20
798.8190778623577
 10
342.8845298048076
 20
799.0
  0
LWPOLYLINE
  5
19D
330
17
100
AcDbEntity
  8
CUT_INSIDE
100
AcDbPolyline
 90
21
 70
1
 10
353.89712254961006
 20
827.0
 10
272.70708223089486
 20
827.0
 10
271.68102180091785
 20
826.8190778623577
 10
270.77871940183525
 20
826.2981333293569
 10
270.10900601954154
 20
825.5
 10
269.75265897185824
 20
824.5209445330008
 10
269.75265897185824
 20
823.4790554669992
 10
270.10900601954154
 20
822.5
 10
270.77871940183525
 20
821.7018666706431
 10
271.68102180091785
 20
821.1809221376423
 10
272.70708223089486
 20
821.0
 10
353.89712254961006
 20
821.0
 10
354.92318297958707
 20
821.1809221376423
 10
355.82548537866967
 20
821.7018666706431
 10
356.4951987609634
 20
822.5
 10
356.8515458086467
 20
823.4790554669992
 10
356.8515458086467
 20
824.5209445330008
 10
356.4951987609634
 20
825.5
 10
355.82548537866967
 20
826.2981333293569
 10
354.92318297958707
 20
826.8190778623577
 10
353.89712254961006
 20
827.0
  0
LWPOLYLINE
  5
19E
330
17
100
AcDbEntity
  8
CUT_INSIDE
100
AcDbPolyline
 90
21
 70
1
 10
373.9674192574202
 20
757.0
 10
354.6091672489695
 20
757.0
 10
353.5831068189925
 20
756.8190778623577
 10
352.6808044199099
 20
756.2981333293569
 10
352.0110910376162
 20
755.5
 10
351.6547439899329
 20
754.5209445330008
 10
351.6547439899329
 20
753.4790554669992
 10
352.0110910376162
 20
752.5
 10
352.6808044199099
 20
751.7018666706431
 10
353.5831068189925
 20
751.1809221376423
 10
354.6091672489695
 20
751.0
 10
373.9674192574202
 20
751.0
 10
374.9934796873972
 20
751.1809221376423
 10
375.8957820864798
 20
751.7018666706431
 10
376.5654954687735
 20
752.5
 10
376.9218425164568
 20
753.4790554669992
 10
376.9218425164568
 20
754.5209445330008
 10
376.5654954687735
 20
755.5
 10
375.8957820864798
 20
756.2981333293569
 10
374.9934796873972
 20
756.8190778623577
 10
373.9674192574202
 20
757.0
  0
LWPOLYLINE
  5
19F
330
17
100
AcDbEntity
  8
CUT_INSIDE
100
AcDbPolyline
 90
21
 70
1
 10
382.36188454364907
 20
743.0
 10
360.80048140552486
 20
743.0
 10
359.77442097554786
 20
742.8190778623577
 10
358.87211857646525
 20
742.2981333293569
 10
358.20240519417155
 20
741.5
 10
357.84605814648825
 20
740.5209445330008
 10
357.84605814648825
 20
739.4790554669992
 10
358.20240519417155
 20
738.5
 10
358.87211857646525
 20
737.7018666706431
 10
359.77442097554786
 20
737.1809221376423
 10
360.80048140552486
 20
737.0
 10
382.36188454364907
 20
737.0
 10
383.3879449736261
 20
737.1809221376423
 10
384.2902473727087
 20
737.7018666706431
 10
384.9599607550024
 20
738.5
 10
385.3163078026857
 20
739.4790554669992
 10
385.3163078026857
 20
740.5209445330008
 10
384.9599607550024
 20
741.5
 10
384.2902473727087
 20
742.2981333293569
 10
383.3879449736261
 20
742.8190778623577
 10
382.36188454364907
 20
743.0
  0
LWPOLYLINE
  5
1A0
330
17
100
AcDbEntity
  8
CUT_INSIDE
100
AcDbPolyline
 90
21
 70
1
 10
401.71894464670936
 20
771.0
 10
372.04492851261693
 20
771.0
 10
371.0188680826399
 20
770.8190778623577
 10
370.11656568355727
 20
770.2981333293569
 10
369.4468523012636
 20
769.5
 10
369.09050525358026
 20
768.5209445330008
 10
369.09050525358026
 20
767.4790554669992
 10
369.4468523012636
 20
766.5
 10
370.11656568355727
 20
765.7018666706431
 10
371.0188680826399
 20
765.1809221376423
 10
372.04492851261693
 20
765.0
 10
401.71894464670936
 20
765.0
 10
402.74500507668637
 20
765.1809221376423
 10
403.647307475769
 20
765.7018666706431
 10
404.3170208580627
 20
766.5
 10
404.67336790574603
 20
767.4790554669992
 10
404.67336790574603
 20
768.5209445330008
 10
404.3170208580627
 20
769.5
 10
403.647307475769
 20
770.2981333293569
 10
402.74500507668637
 20
770.8190778623577
 10
401.71894464670936
 20
771.0
  0
LWPOLYLINE
  5
1A1
330
17
100
AcDbEntity
  8
CUT_INSIDE
100
AcDbPolyline
 90
21
 70
1
 10
395.33563477840823
 20
785.0
 10
361.4948630237377
 20
785.0
 10
360.4688025937607
 20
784.8190778623577
 10
359.5665001946781
 20
784.2981333293569
 10
358.8967868123844
 20
783.5
 10
358.5404397647011
 20
782.5209445330008
 10
358.5404397647011
 20
781.4790554669992
 10
358.8967868123844
 20
780.5
 10
359.5665001946781
 20
779.7018666706431
 10
360.4688025937607
 20
779.1809221376423
 10
361.4948630237377
 20
779.0
 10
395.33563477840823
 20
779.0
 10
396.36169520838524
 20
779.1809221376423
 10
397.26399760746784
 20
779.7018666706431
 10
397.93371098976155
 20
780.5
 10
398.29005803744485
 20
781.4790554669992
 10
398.29005803744485
 20
782.5209445330008
 10
397.93371098976155
 20
783.5
 10
397.26399760746784
 20
784.2981333293569
 10
396.36169520838524
 20
784.8190778623577
 10
395.33563477840823
 20
785.0
  0
LWPOLYLINE
  5
1A2
330
17
100
AcDbEntity
  8
CUT_INSIDE
100
AcDbPolyline
 90
21
 70
1
 10
379.6111353422683
 20
799.0
 10
362.50538922163184
 20
799.0
 10
361.4793287916549
 20
798.8190778623577
 10
360.57702639257224
 20
798.2981333293569
 10
359.9073130102786
 20
797.5
 10
359.5509659625952
 20
796.5209445330008
 10
359.5509659625952
 20
795.4790554669992
 10
359.9073130102786
 20
794.5
 10
360.57702639257224
 20
793.7018666706431
 10
361.4793287916549
 20
793.1809221376423
 10
362.50538922163184
 20
793.0
 10
379.6111353422683
 20
793.0
 10
380.63719577224526
 20
793.1809221376423
 10
381.5394981713279
 20
793.7018666706431
 10
382.20921155362157
 20
794.5
 10
382.56555860130493
 20
795.4790554669992
 10
382.56555860130493
 20
796.5209445330008
 10
382.20921155362157
 20
797.5
 10
381.5394981713279
 20
798.2981333293569
 10
380.63719577224526
 20
798.8190778623577
 10
379.6111353422683
 20
799.0
  0
LWPOLYLINE
  5
1A3
330
17
100
AcDbEntity
  8
CUT_INSIDE
100
AcDbPolyline
 90
21
 70
1
 10
400.2065231548972
 20
813.0
 10
360.8734463624757
 20
813.0
 10
359.8473859324987
 20
812.8190778623577
 10
358.9450835334161
 20
812.2981333293569
 10
358.2753701511224
 20
811.5
 10
357.9190231034391
 20
810.5209445330008
 10
357.9190231034391
 20
809.4790554669992
 10
358.2753701511224
 20
808.5
 10
358.9450835334161
 20
807.7018666706431
 10
359.8473859324987
 20
807.1809221376423
 10
360.8734463624757
 20
807.0
 10
400.2065231548972
 20
807.0
 10
401.2325835848742
 20
807.1809221376423
 10
402.1348859839568
 20
807.7018666706431
 10
402.8045993662505
 20
808.5
 10
403.1609464139338
 20
809.4790554669992
 10
403.1609464139338
 20
810.5209445330008
 10
402.8045993662505
 20
811.5
 10
402.1348859839568
 20
812.2981333293569
 10
401.2325835848742
 20
812.8190778623577
 10
400.2065231548972
 20
813.0
  0
LWPOLYLINE
  5
1A4
330
17
100
AcDbEntity
  8
CUT_INSIDE
100
AcDbPolyline
 90
21
 70
1
 10
432.39385783035505
 20
645.0
 10
372.59192566123056
 20
645.0
 10
371.56586523125355
 20
644.8190778623577
 10
370.66356283217095
 20
644.2981333293569
 10
369.99384944987725
 20
643.5
 10
369.63750240219395
 20
642.5209445330008
 10
369.63750240219395
 20
641.4790554669992
 10
369.99384944987725
 20
640.5
 10
370.66356283217095
 20
639.7018666706431
 10
371.56586523125355
 20
639.1809221376423
 10
372.59192566123056
 20
639.0
 10
432.39385783035505
 20
639.0
 10
433.41991826033205
 20
639.1809221376423
 10
434.32222065941465
 20
639.7018666706431
 10
434.99193404170836
 20
640.5
 10
435.34828108939166
 20
641.4790554669992
 10
435.34828108939166
 20
642.5209445330008
 10
434.99193404170836
 20
643.5
 10
434.32222065941465
 20
644.2981333293569
 10
433.41991826033205
 20
644.8190778623577
 10
432.39385783035505
 20
645.0
  0
LWPOLYLINE
  5
1A5
330
17
100
AcDbEntity
  8
CUT_INSIDE
100
AcDbPolyline
 90
21
 70
1
 10
428.89021397236263
 20
673.0
 10
406.0866546467829
 20
673.0
 10
405.0605942168059
 20
672.8190778623577
 10
404.1582918177233
 20
672.2981333293569
 10
403.4885784354296
 20
671.5
 10
403.1322313877463
 20
670.5209445330008
 10
403.1322313877463
 20
669.4790554669992
 10
403.4885784354296
 20
668.5
 10
404.1582918177233
 20
667.7018666706431
 10
405.0605942168059
 20
667.1809221376423
 10
406.0866546467829
 20
667.0
 10
428.89021397236263
 20
667.0
 10
429.91627440233964
 20
667.1809221376423
 10
430.81857680142224
 20
667.7018666706431
 10
431.48829018371595
 20
668.5
 10
431.84463723139925
 20
669.4790554669992
 10
431.84463723139925
 20
670.5209445330008
 10
431.48829018371595
 20
671.5
 10
430.81857680142224
 20
672.2981333293569
 10
429.91627440233964
 20
672.8190778623577
 10
428.89021397236263
 20
673.0
  0
LWPOLYLINE
  5
1A6
330
17
100
AcDbEntity
  8
CUT_INSIDE
100
AcDbPolyline
 90
21
 70
1
 10
478.0932902581158
 20
659.0
 10
409.40947304704713
 20
659.0
 10
408.3834126170701
 20
658.8190778623577
 10
407.4811102179875
 20
658.2981333293569
 10
406.8113968356938
 20
657.5
 10
406.45504978801046
 20
656.5209445330008
 10
406.45504978801046
 20
655.4790554669992
 10
406.8113968356938
 20
654.5
 10
407.4811102179875
 20
653.7018666706431
 10
408.3834126170701
 20
653.1809221376423
 10
409.40947304704713
 20
653.0
 10
478.0932902581158
 20
653.0
 10
479.1193506880928
 20
653.1809221376423
 10
480.0216530871754
 20
653.7018666706431
 10
480.69136646946913
 20
654.5
 10
481.0477135171525
 20
655.4790554669992
 10
481.0477135171525
 20
656.5209445330008
 10
480.69136646946913
 20
657.5
 10
480.0216530871754
 20
658.2981333293569
 10
479.1193506880928
 20
658.8190778623577
 10
478.0932902581158
 20
659.0
  0
LWPOLYLINE
  5
1A7
330
17
100
AcDbEntity
  8
CUT_INSIDE
100
AcDbPolyline
 90
21
 70
1
 10
410.07093985085794
 20
701.0
 10
384.16895868562426
 20
701.0
 10
383.14289825564725
 20
700.8190778623577
 10
382.2405958565646
 20
700.2981333293569
 10
381.57088247427095
 20
699.5
 10
381.21453542658764
 20
698.5209445330008
 10
381.21453542658764
 20
697.4790554669992
 10
381.57088247427095
 20
696.5
 10
382.2405958565646
 20
695.7018666706431
 10
383.14289825564725
 20
695.1809221376423
 10
384.16895868562426
 20
695.0
 10
410.07093985085794
 20
695.0
 10
411.09700028083495
 20
695.1809221376423
 10
411.9993026799176
 20
695.7018666706431
 10
412.66901606221126
 20
696.5
 10
413.02536310989456
 20
697.4790554669992
 10
413.02536310989456
 20
698.5209445330008
 10
412.66901606221126
 20
699.5
 10
411.9993026799176
 20
700.2981333293569
 10
411.09700028083495
 20
700.8190778623577
 10
410.07093985085794
 20
701.0
  0
LWPOLYLINE
  5
1A8
330
17
100
AcDbEntity
  8
CUT_INSIDE
100
AcDbPolyline
 90
21
 70
1
 10
463.92827718527826
 20
687.0
 10
430.18871249398694
 20
687.0
 10
429.16265206400993
 20
686.8190778623577
 10
428.2603496649273
 20
686.2981333293569
 10
427.5906362826336
 20
685.5
 10
427.2342892349503
 20
684.5209445330008
 10
427.2342892349503
 20
683.4790554669992
 10
427.5906362826336
 20
682.5
 10
428.2603496649273
 20
681.7018666706431
 10
429.16265206400993
 20
681.1809221376423
 10
430.18871249398694
 20
681.0
 10
463.92827718527826
 20
681.0
 10
464.95433761525527
 20
681.1809221376423
 10
465.8566400143379
 20
681.7018666706431
 10
466.5263533966316
 20
682.5
 10
466.8827004443149
 20
683.4790554669992
 10
466.8827004443149
 20
684.5209445330008
 10
466.5263533966316
 20
685.5
 10
465.8566400143379
 20
686.2981333293569
 10
464.95433761525527
 20
686.8190778623577
 10
463.92827718527826
 20
687.0
  0
LWPOLYLINE
  5
1A9
330
17
100
AcDbEntity
  8
CUT_INSIDE
100
AcDbPolyline
 90
21
 70
1
 10
451.1259709409968
 20
701.0
 10
432.0926180762765
 20
701.0
 10
431.0665576462995
 20
700.8190778623577
 10
430.1642552472169
 20
700.2981333293569
 10
429.4945418649232
 20
699.5
 10
429.1381948172399
 20
698.5209445330008
 10
429.1381948172399
 20
697.4790554669992
 10
429.4945418649232
 20
696.5
 10
430.1642552472169
 20
695.7018666706431
 10
431.0665576462995
 20
695.1809221376423
 10
432.0926180762765
 20
695.0
 10
451.1259709409968
 20
695.0
 10
452.1520313709738
 20
695.1809221376423
 10
453.0543337700564
 20
695.7018666706431
 10
453.7240471523501
 20
696.5
 10
454.0803942000334
 20
697.4790554669992
 10
454.0803942000334
 20
698.5209445330008
 10
453.7240471523501
 20
699.5
 10
453.0543337700564
 20
700.2981333293569
 10
452.1520313709738
 20
700.8190778623577
 10
451.1259709409968
 20
701.0
  0
LWPOLYLINE
  5
1AA
330
17
100
AcDbEntity
  8
CUT_INSIDE
100
AcDbPolyline
 90
21
 70
1
 10
436.06622020324846
 20
715.0
 10
414.0137177747557
 20
715.0
 10
412.9876573447787
 20
714.8190778623577
 10
412.0853549456961
 20
714.2981333293569
 10
411.4156415634024
 20
713.5
 10
411.0592945157191
 20
712.5209445330008
 10
411.0592945157191
 20
711.4790554669992
 10
411.4156415634024
 20
710.5
 10
412.0853549456961
 20
709.7018666706431
 10
412.9876573447787
 20
709.1809221376423
 10
414.0137177747557
 20
709.0
 10
436.06622020324846
 20
709.0
 10
437.09228063322547
 20
709.1809221376423
 10
437.99458303230807
 20
709.7018666706431
 10
438.6642964146018
 20
710.5
 10
439.0206434622851
 20
711.4790554669992
 10
439.0206434622851
 20
712.5209445330008
 10
438.6642964146018
 20
713.5
 10
437.99458303230807
 20
714.2981333293569
 10
437.09228063322547
 20
714.8190778623577
 10
436.06622020324846
 20
715.0
  0
LWPOLYLINE
  5
1AB
330
17
100
AcDbEntity
  8
CUT_INSIDE
100
AcDbPolyline
 90
21
 70
1
 10
461.4374416666372
 20
729.0
 10
430.06721578436617
 20
729.0
 10
429.04115535438916
 20
728.8190778623577
 10
428.13885295530656
 20
728.2981333293569
 10
427.46913957301285
 20
727.5
 10
427.11279252532955
 20
726.5209445330008
 10
427.11279252532955
 20
725.4790554669992
 10
427.46913957301285
 20
724.5
 10
428.13885295530656
 20
723.7018666706431
 10
429.04115535438916
 20
723.1809221376423
 10
430.06721578436617
 20
723.0
 10
461.4374416666372
 20
723.0
 10
462.4635020966142
 20
723.1809221376423
 10
463.3658044956968
 20
723.7018666706431
 10
464.0355178779905
 20
724.5
 10
464.3918649256738
 20
725.4790554669992
 10
464.3918649256738
 20
726.5209445330008
 10
464.0355178779905
 20
727.5
 10
463.3658044956968
 20
728.2981333293569
 10
462.4635020966142
 20
728.8190778623577
 10
461.4374416666372
 20
729.0
  0
LWPOLYLINE
  5
1AC
330
17
100
AcDbEntity
  8
CUT_INSIDE
100
AcDbPolyline
 90
21
 70
1
 10
478.26548237989334
 20
645.0
 10
460.4570860572046
 20
645.0
 10
459.4310256272276
 20
644.8190778623577
 10
458.528723228145
 20
644.2981333293569
 10
457.8590098458513
 20
643.5
 10
457.502662798168
 20
642.5209445330008
 10
457.502662798168
 20
641.4790554669992
 10
457.8590098458513
 20
640.5
 10
458.528723228145
 20
639.7018666706431
 10
459.4310256272276
 20
639.1809221376423
 10
460.4570860572046
 20
639.0
 10
478.26548237989334
 20
639.0
 10
479.29154280987035
 20
639.1809221376423
 10
480.19384520895295
 20
639.7018666706431
 10
480.86355859124666
 20
640.5
 10
481.21990563892996
 20
641.4790554669992
 10
481.21990563892996
 20
642.5209445330008
 10
480.86355859124666
 20
643.5
 10
480.19384520895295
 20
644.2981333293569
 10
479.29154280987035
 20
644.8190778623577
 10
478.26548237989334
 20
645.0
  0
LWPOLYLINE
  5
1AD
330
17
100
AcDbEntity
  8
CUT_INSIDE
100
AcDbPolyline
 90
21
 70
1
 10
497.4428704588316
 20
673.0
 10
465.00022838581066
 20
673.0
 10
463.97416795583365
 20
672.8190778623577
 10
463.07186555675105
 20
672.2981333293569
 10
462.40215217445734
 20
671.5
 10
462.04580512677404
 20
670.5209445330008
 10
462.04580512677404
 20
669.4790554669992
 10
462.40215217445734
 20
668.5
 10
463.07186555675105
 20
667.7018666706431
 10
463.97416795583365
 20
667.1809221376423
 10
465.00022838581066
 20
667.0
 10
497.4428704588316
 20
667.0
 10
498.4689308888086
 20
667.1809221376423
 10
499.3712332878912
 20
667.7018666706431
 10
500.0409466701849
 20
668.5
 10
500.3972937178682
 20
669.4790554669992
 10
500.3972937178682
 20
670.5209445330008
 10
500.0409466701849
 20
671.5
 10
499.3712332878912
 20
672.2981333293569
 10
498.4689308888086
 20
672.8190778623577
 10
497.4428704588316
 20
673.0
  0
LWPOLYLINE
  5
1AE
330
17
100
AcDbEntity
  8
CUT_INSIDE
100
AcDbPolyline
 90
21
 70
1
 10
511.0
 20
687.0
 10
485.5789667576296
 20
687.0
 10
484.5529063276526
 20
686.8190778623577
 10
483.6506039285699
 20
686.2981333293569
 10
482.9808905462762
 20
685.5
 10
482.6245434985929
 20
684.5209445330008
 10
482.6245434985929
 20
683.4790554669992
 10
482.9808905462762
 20
682.5
 10
483.6506039285699
 20
681.7018666706431
 10
484.5529063276526
 20
681.1809221376423
 10
485.5789667576296
 20
681.0
 10
511.0
 20
681.0
 10
512.0260604299771
 20
681.1809221376423
 10
512.9283628290597
 20
681.7018666706431
 10
513.5980762113534
 20
682.5
 10
513.9544232590366
 20
683.4790554669992
 10
513.9544232590366
 20
684.5209445330008
 10
513.5980762113534
 20
685.5
 10
512.9283628290597
 20
686.2981333293569
 10
512.0260604299771
 20
686.8190778623577
 10
511.0
 20
687.0
  0
LWPOLYLINE
  5
1AF
330
17
100
AcDbEntity
  8
CUT_INSIDE
100
AcDbPolyline
 90
21
 70
1
 10
498.52693032514736
 20
701.0
 10
473.9696601421753
 20
701.0
 10
472.9435997121983
 20
700.8190778623577
 10
472.04129731311565
 20
700.2981333293569
 10
471.371583930822
 20
699.5
 10
471.01523688313864
 20
698.5209445330008
 10
471.0152368831387
 20
697.4790554669992
 10
471.371583930822
 20
696.5
 10
472.0412973131157
 20
695.7018666706431
 10
472.9435997121983
 20
695.1809221376423
 10
473.9696601421753
 20
695.0
 10
498.52693032514736
 20
695.0
 10
499.55299075512437
 20
695.1809221376423
 10
500.455293154207
 20
695.7018666706431
 10
501.1250065365007
 20
696.5
 10
501.48135358418403
 20
697.4790554669992
 10
501.481353584184
 20
698.5209445330008
 10
501.1250065365007
 20
699.5
 10
500.45529315420697
 20
700.2981333293569
 10
499.55299075512437
 20
700.8190778623577
 10
498.52693032514736
 20
701.0
  0
LWPOLYLINE
  5
1B0
330
17
100
AcDbEntity
  8
CUT_INSIDE
100
AcDbPolyline
 90
21
 70
1
 10
511.0
 20
715.0
 10
470.77792107863206
 20
715.0
 10
469.7518606486551
 20
714.8190778623577
 10
468.84955824957245
 20
714.2981333293569
 10
468.1798448672788
 20
713.5
 10
467.82349781959545
 20
712.5209445330008
 10
467.82349781959545
 20
711.4790554669992
 10
468.1798448672788
 20
710.5
 10
468.84955824957245
 20
709.7018666706431
 10
469.7518606486551
 20
709.1809221376423
 10
470.77792107863206
 20
709.0
 10
511.0
 20
709.0
 10
512.026060429977
 20
709.1809221376423
 10
512.9283628290596
 20
709.7018666706431
 10
513.5980762113533
 20
710.5
 10
513.9544232590366
 20
711.4790554669992
 10
513.9544232590366
 20
712.5209445330008
 10
513.5980762113533
 20
713.5
 10
512.9283628290596
 20
714.2981333293569
 10
512.026060429977
 20
714.8190778623577
 10
511.0
 20
715.0
  0
LWPOLYLINE
  5
1B1
330
17
100
AcDbEntity
  8
CUT_INSIDE
100
AcDbPolyline
 90
21
 70
1
 10
502.27238186274445
 20
729.0
 10
483.7481342493647
 20
729.0
 10
482.7220738193877
 20
728.8190778623577
 10
481.8197714203051
 20
728.2981333293569
 10
481.15005803801137
 20
727.5
 10
480.79371099032807
 20
726.5209445330008
 10
480.79371099032807
 20
725.4790554669992
 10
481.15005803801137
 20
724.5
 10
481.8197714203051
 20
723.7018666706431
 10
482.7220738193877
 20
723.1809221376423
 10
483.7481342493647
 20
723.0
 10
502.27238186274445
 20
723.0
 10
503.29844229272146
 20
723.1809221376423
 10
504.20074469180406
 20
723.7018666706431
 10
504.87045807409777
 20
724.5
 10
505.22680512178107
 20
725.4790554669992
 10
505.22680512178107
 20
726.5209445330008
 10
504.87045807409777
 20
727.5
 10
504.20074469180406
 20
728.2981333293569
 10
503.29844229272146
 20
728.8190778623577
 10
502.27238186274445
 20
729.0
  0
LWPOLYLINE
  5
1B2
330
17
100
AcDbEntity
  8
CUT_INSIDE
100
AcDbPolyline
 90
21
 70
1
 10
458.3152185058661
 20
743.0
 10
414.93789131241346
 20
743.0
 10
413.91183088243645
 20
742.8190778623577
 10
413.00952848335385
 20
742.2981333293569
 10
412.33981510106014
 20
741.5
 10
411.98346805337684
 20
740.5209445330008
 10
411.98346805337684
 20
739.4790554669992
 10
412.33981510106014
 20
738.5
 10
413.00952848335385
 20
737.7018666706431
 10
413.91183088243645
 20
737.1809221376423
 10
414.93789131241346
 20
737.0
 10
458.3152185058661
 20
737.0
 10
459.3412789358431
 20
737.1809221376423
 10
460.2435813349257
 20
737.7018666706431
 10
460.9132947172194
 20
738.5
 10
461.2696417649027
 20
739.4790554669992
 10
461.2696417649027
 20
740.5209445330008
 10
460.9132947172194
 20
741.5
 10
460.2435813349257
 20
742.2981333293569
 10
459.3412789358431
 20
742.8190778623577
 10
458.3152185058661
 20
743.0
  0
LWPOLYLINE
  5
1B3
330
17
100
AcDbEntity
  8
CUT_INSIDE
100
AcDbPolyline
 90
21
 70
1
 10
455.41972143706846
 20
757.0
 10
413.87435871335015
 20
757.0
 10
412.84829828337314
 20
756.8190778623577
 10
411.94599588429054
 20
756.2981333293569
 10
411.27628250199683
 20
755.5
 10
410.91993545431353
 20
754.5209445330008
 10
410.91993545431353
 20
753.4790554669992
 10
411.27628250199683
 20
752.5
 10
411.94599588429054
 20
751.7018666706431
 10
412.84829828337314
 20
751.1809221376423
 10
413.87435871335015
 20
751.0
 10
455.41972143706846
 20
751.0
 10
456.44578186704547
 20
751.1809221376423
 10
457.34808426612807
 20
751.7018666706431
 10
458.0177976484218
 20
752.5
 10
458.3741446961051
 20
753.4790554669992
 10
458.3741446961051
 20
754.5209445330008
 10
458.0177976484218
 20
755.5
 10
457.34808426612807
 20
756.2981333293569
 10
456.44578186704547
 20
756.8190778623577
 10
455.41972143706846
 20
757.0
  0
LWPOLYLINE
  5
1B4
330
17
100
AcDbEntity
  8
CUT_INSIDE
100
AcDbPolyline
 90
21
 70
1
 10
438.03660089036737
 20
799.0
 10
403.1058557554793
 20
799.0
 10
402.0797953255023
 20
798.8190778623577
 10
401.1774929264197
 20
798.2981333293569
 10
400.507779544126
 20
797.5
 10
400.1514324964427
 20
796.5209445330008
 10
400.1514324964427
 20
795.4790554669992
 10
400.507779544126
 20
794.5
 10
401.1774929264197
 20
793.7018666706431
 10
402.0797953255023
 20
793.1809221376423
 10
403.1058557554793
 20
793.0
 10
438.03660089036737
 20
793.0
 10
439.0626613203444
 20
793.1809221376423
 10
439.964963719427
 20
793.7018666706431
 10
440.6346771017207
 20
794.5
 10
440.991024149404
 20
795.4790554669992
 10
440.991024149404
 20
796.5209445330008
 10
440.6346771017207
 20
797.5
 10
439.964963719427
 20
798.2981333293569
 10
439.0626613203444
 20
798.8190778623577
 10
438.03660089036737
 20
799.0
  0
LWPOLYLINE
  5
1B5
330
17
100
AcDbEntity
  8
CUT_INSIDE
100
AcDbPolyline
 90
21
 70
1
 10
425.1523276401548
 20
827.0
 10
375.6525291415817
 20
827.0
 10
374.6264687116047
 20
826.8190778623577
 10
373.7241663125221
 20
826.2981333293569
 10
373.05445293022836
 20
825.5
 10
372.69810588254506
 20
824.5209445330008
 10
372.69810588254506
 20
823.4790554669992
 10
373.05445293022836
 20
822.5
 10
373.7241663125221
 20
821.7018666706431
 10
374.6264687116047
 20
821.1809221376423
 10
375.6525291415817
 20
821.0
 10
425.1523276401548
 20
821.0
 10
426.1783880701318
 20
821.1809221376423
 10
427.0806904692144
 20
821.7018666706431
 10
427.7504038515081
 20
822.5
 10
428.1067508991914
 20
823.4790554669992
 10
428.1067508991914
 20
824.5209445330008
 10
427.7504038515081
 20
825.5
 10
427.0806904692144
 20
826.2981333293569
 10
426.1783880701318
 20
826.8190778623577
 10
425.1523276401548
 20
827.0
  0
LWPOLYLINE
  5
1B6
330
17
100
AcDbEntity
  8
CUT_INSIDE
100
AcDbPolyline
 90
21
 70
1
 10
465.7716930023432
 20
785.0
 10
417.63170782988414
 20
785.0
 10
416.6056473999071
 20
784.8190778623577
 10
415.7033450008245
 20
784.2981333293569
 10
415.0336316185308
 20
783.5
 10
414.6772845708475
 20
782.5209445330008
 10
414.6772845708475
 20
781.4790554669992
 10
415.0336316185308
 20
780.5
 10
415.7033450008245
 20
779.7018666706431
 10
416.6056473999071
 20
779.1809221376423
 10
417.63170782988414
 20
779.0
 10
465.7716930023432
 20
779.0
 10
466.79775343232023
 20
779.1809221376423
 10
467.70005583140284
 20
779.7018666706431
 10
468.36976921369654
 20
780.5
 10
468.72611626137984
 20
781.4790554669992
 10
468.72611626137984
 20
782.5209445330008
 10
468.36976921369654
 20
783.5
 10
467.70005583140284
 20
784.2981333293569
 10
466.79775343232023
 20
784.8190778623577
 10
465.7716930023432
 20
785.0
  0
LWPOLYLINE
  5
1B7
330
17
100
AcDbEntity
  8
CUT_INSIDE
100
AcDbPolyline
 90
21
 70
1
 10
481.1429028948596
 20
771.0
 10
437.9520905774741
 20
771.0
 10
436.9260301474971
 20
770.8190778623577
 10
436.0237277484145
 20
770.2981333293569
 10
435.3540143661208
 20
769.5
 10
434.9976673184375
 20
768.5209445330008
 10
434.9976673184375
 20
767.4790554669992
 10
435.3540143661208
 20
766.5
 10
436.0237277484145
 20
765.7018666706431
 10
436.9260301474971
 20
765.1809221376423
 10
437.9520905774741
 20
765.0
 10
481.1429028948596
 20
765.0
 10
482.1689633248366
 20
765.1809221376423
 10
483.0712657239192
 20
765.7018666706431
 10
483.74097910621293
 20
766.5
 10
484.09732615389623
 20
767.4790554669992
 10
484.09732615389623
 20
768.5209445330008
 10
483.74097910621293
 20
769.5
 10
483.0712657239192
 20
770.2981333293569
 10
482.1689633248366
 20
770.8190778623577
 10
481.1429028948596
 20
771.0
  0
LWPOLYLINE
  5
1B8
330
17
100
AcDbEntity
  8
CUT_INSIDE
100
AcDbPolyline
 90
21
 70
1
 10
504.4644717631721
 20
743.0
 10
475.78262847110636
 20
743.0
 10
474.75656804112936
 20
742.8190778623577
 10
473.85426564204676
 20
742.2981333293569
 10
473.18455225975305
 20
741.5
 10
472.82820521206975
 20
740.5209445330008
 10
472.82820521206975
 20
739.4790554669992
 10
473.18455225975305
 20
738.5
 10
473.85426564204676
 20
737.7018666706431
 10
474.75656804112936
 20
737.1809221376423
 10
475.78262847110636
 20
737.0
 10
504.4644717631721
 20
737.0
 10
505.49053219314914
 20
737.1809221376423
 10
506.39283459223174
 20
737.7018666706431
 10
507.06254797452544
 20
738.5
 10
507.41889502220874
 20
739.4790554669992
 10
507.41889502220874
 20
740.5209445330008
 10
507.06254797452544
 20
741.5
 10
506.39283459223174
 20
742.2981333293569
 10
505.49053219314914
 20
742.8190778623577
 10
504.4644717631721
 20
743.0
  0
LWPOLYLINE
  5
1B9
330
17
100
AcDbEntity
  8
CUT_INSIDE
100
AcDbPolyline
 90
21
 70
1
 10
511.0
 20
757.0
 10
476.93670464137983
 20
757.0
 10
475.9106442114028
 20
756.8190778623577
 10
475.0083418123202
 20
756.2981333293569
 10
474.3386284300265
 20
755.5
 10
473.9822813823432
 20
754.5209445330008
 10
473.9822813823432
 20
753.4790554669992
 10
474.3386284300265
 20
752.5
 10
475.0083418123202
 20
751.7018666706431
 10
475.9106442114028
 20
751.1809221376423
 10
476.93670464137983
 20
751.0
 10
511.0
 20
751.0
 10
512.026060429977
 20
751.1809221376423
 10
512.9283628290597
 20
751.7018666706431
 10
513.5980762113534
 20
752.5
 10
513.9544232590366
 20
753.4790554669992
 10
513.9544232590366
 20
754.5209445330008
 10
513.5980762113534
 20
755.5
 10
512.9283628290597
 20
756.2981333293569
 10
512.026060429977
 20
756.8190778623577
 10
511.0
 20
757.0
  0
LWPOLYLINE
  5
1BA
330
17
100
AcDbEntity
  8
CUT_INSIDE
100
AcDbPolyline
 90
21
 70
1
 10
482.36238591728596
 20
799.0
 10
457.30076799359125
 20
799.0
 10
456.27470756361424
 20
798.8190778623577
 10
455.37240516453164
 20
798.2981333293569
 10
454.70269178223793
 20
797.5
 10
454.34634473455463
 20
796.5209445330008
 10
454.34634473455463
 20
795.4790554669992
 10
454.70269178223793
 20
794.5
 10
455.37240516453164
 20
793.7018666706431
 10
456.27470756361424
 20
793.1809221376423
 10
457.30076799359125
 20
793.0
 10
482.36238591728596
 20
793.0
 10
483.38844634726297
 20
793.1809221376423
 10
484.29074874634557
 20
793.7018666706431
 10
484.9604621286393
 20
794.5
 10
485.3168091763226
 20
795.4790554669992
 10
485.3168091763226
 20
796.5209445330008
 10
484.9604621286393
 20
797.5
 10
484.29074874634557
 20
798.2981333293569
 10
483.38844634726297
 20
798.8190778623577
 10
482.36238591728596
 20
799.0
  0
LWPOLYLINE
  5
1BB
330
17
100
AcDbEntity
  8
CUT_INSIDE
100
AcDbPolyline
 90
21
 70
1
 10
511.0
 20
813.0
 10
438.26425296888124
 20
813.0
 10
437.23819253890423
 20
812.8190778623577
 10
436.33589013982163
 20
812.2981333293569
 10
435.6661767575279
 20
811.5
 10
435.3098297098446
 20
810.5209445330008
 10
435.3098297098446
 20
809.4790554669992
 10
435.6661767575279
 20
808.5
 10
436.33589013982163
 20
807.7018666706431
 10
437.23819253890423
 20
807.1809221376423
 10
438.26425296888124
 20
807.0
 10
511.0
 20
807.0
 10
512.026060429977
 20
807.1809221376423
 10
512.9283628290597
 20
807.7018666706431
 10
513.5980762113534
 20
808.5
 10
513.9544232590366
 20
809.4790554669992
 10
513.9544232590366
 20
810.5209445330008
 10
513.5980762113534
 20
811.5
 10
512.9283628290597
 20
812.2981333293569
 10
512.026060429977
 20
812.8190778623577
 10
511.0
 20
813.0
  0
LWPOLYLINE
  5
1BC
330
17
100
AcDbEntity
  8
CUT_INSIDE
100
AcDbPolyline
 90
21
 70
1
 10
511.0
 20
827.0
 10
451.28764141405986
 20
827.0
 10
450.2615809840829
 20
826.8190778623577
 10
449.35927858500025
 20
826.2981333293569
 10
448.6895652027066
 20
825.5
 10
448.33321815502325
 20
824.5209445330008
 10
448.33321815502325
 20
823.4790554669992
 10
448.6895652027066
 20
822.5
 10
449.35927858500025
 20
821.7018666706431
 10
450.2615809840829
 20
821.1809221376423
 10
451.28764141405986
 20
821.0
 10
511.0
 20
821.0
 10
512.026060429977
 20
821.1809221376423
 10
512.9283628290596
 20
821.7018666706431
 10
513.5980762113533
 20
822.5
 10
513.9544232590366
 20
823.4790554669992
 10
513.9544232590366
 20
824.5209445330008
 10
513.5980762113533
 20
825.5
 10
512.9283628290596
 20
826.2981333293569
 10
512.026060429977
 20
826.8190778623577
 10
511.0
 20
827.0
  0
TEXT
  5
1BD
330
17
100
AcDbEntity
  8
NOTES
100
AcDbText
 10
25.0
 20
25.0
 30
0.0
 40
12.0
  1
grille-lenticel
 11
25.0
 21
25.0
 31
0.0
100
AcDbText
  0
LWPOLYLINE
  5
1BE
330
17
100
AcDbEntity
  8
CUT_OUTSIDE
100
AcDbPolyline
 90
5
 70
1
 10
548.0
 20
856.0
 10
548.0
 20
15.0
 10
1069.0
 20
15.0
 10
1069.0
 20
856.0
 10
548.0
 20
856.0
  0
LWPOLYLINE
  5
1BF
330
17
100
AcDbEntity
  8
CUT_INSIDE
100
AcDbPolyline
 90
21
 70
1
 10
596.1326755255837
 20
57.0
 10
577.1845817815545
 20
57.0
 10
576.1585213515774
 20
56.81907786235772
 10
575.2562189524948
 20
56.298133329356936
 10
574.5865055702011
 20
55.5
 10
574.2301585225179
 20
54.52094453300079
 10
574.2301585225179
 20
53.479055466999206
 10
574.5865055702011
 20
52.5
 10
575.2562189524948
 20
51.701866670643064
 10
576.1585213515774
 20
51.18092213764228
 10
577.1845817815545
 20
51.0
 10
596.1326755255837
 20
51.0
 10
597.1587359555607
 20
51.18092213764228
 10
598.0610383546433
 20
51.701866670643064
 10
598.730751736937
 20
52.5
 10
599.0870987846204
 20
53.47905546699921
 10
599.0870987846204
 20
54.520944533000794
 10
598.730751736937
 20
55.5
 10
598.0610383546433
 20
56.298133329356936
 10
597.1587359555607
 20
56.81907786235772
 10
596.1326755255837
 20
57.0
  0
LWPOLYLINE
  5
1C0
330
17
100
AcDbEntity
  8
CUT_INSIDE
100
AcDbPolyline
 90
21
 70
1
 10
597.7527116497264
 20
85.0
 10
577.1950571363881
 20
85.0
 10
576.168996706411
 20
84.81907786235773
 10
575.2666943073284
 20
84.29813332935693
 10
574.5969809250347
 20
83.5
 10
574.2406338773515
 20
82.52094453300079
 10
574.2406338773515
 20
81.47905546699921
 10
574.5969809250347
 20
80.5
 10
575.2666943073284
 20
79.70186667064307
 10
576.168996706411
 20
79.18092213764227
 10
577.1950571363881
 20
79.0
 10
597.7527116497264
 20
79.0
 10
598.7787720797035
 20
79.18092213764227
 10
599.6810744787861
 20
79.70186667064307
 10
600.3507878610798
 20
80.5
 10
600.707134908763
 20
81.47905546699921
 10
600.707134908763
 20
82.52094453300079
 10
600.3507878610798
 20
83.5
 10
599.6810744787861
 20
84.29813332935693
 10
598.7787720797035
 20
84.81907786235773
 10
597.7527116497264
 20
85.0
  0
LWPOLYLINE
  5
1C1
330
17
100
AcDbEntity
  8
CUT_INSIDE
100
AcDbPolyline
 90
21
 70
1
 10
631.1148785012418
 20
43.0
 10
582.952350177216
 20
43.0
 10
581.926289747239
 20
42.81907786235772
 10
581.0239873481564
 20
42.298133329356936
 10
580.3542739658627
 20
41.5
 10
579.9979269181794
 20
40.52094453300079
 10
579.9979269181794
 20
39.479055466999206
 10
580.3542739658627
 20
38.5
 10
581.0239873481564
 20
37.701866670643064
 10
581.926289747239
 20
37.18092213764228
 10
582.952350177216
 20
37.0
 10
631.1148785012418
 20
37.0
 10
632.1409389312188
 20
37.18092213764228
 10
633.0432413303014
 20
37.701866670643064
 10
633.7129547125951
 20
38.5
 10
634.0693017602784
 20
39.47905546699921
 10
634.0693017602784
 20
40.520944533000794
 10
633.7129547125951
 20
41.5
 10
633.0432413303014
 20
42.298133329356936
 10
632.1409389312188
 20
42.81907786235772
 10
631.1148785012418
 20
43.0
  0
LWPOLYLINE
  5
1C2
330
17
100
AcDbEntity
  8
CUT_INSIDE
100
AcDbPolyline
 90
21
 70
1
 10
610.0958962425698
 20
71.0
 10
594.0769324330358
 20
71.0
 10
593.0508720030589
 20
70.81907786235773
 10
592.1485696039763
 20
70.29813332935693
 10
591.4788562216826
 20
69.5
 10
591.1225091739993
 20
68.52094453300079
 10
591.1225091739993
 20
67.47905546699921
 10
591.4788562216826
 20
66.5
 10
592.1485696039763
 20
65.70186667064307
 10
593.0508720030589
 20
65.18092213764227
 10
594.0769324330358
 20
65.0
 10
610.0958962425698
 20
65.0
 10
611.1219566725467
 20
65.18092213764227
 10
612.0242590716293
 20
65.70186667064307
 10
612.693972453923
 20
66.5
 10
613.0503195016064
 20
67.47905546699921
 10
613.0503195016064
 20
68.52094453300079
 10
612.693972453923
 20
69.5
 10
612.0242590716293
 20
70.29813332935693
 10
611.1219566725467
 20
70.81907786235773
 10
610.0958962425698
 20
71.0
  0
LWPOLYLINE
  5
1C3
330
17
100
AcDbEntity
  8
CUT_INSIDE
100
AcDbPolyline
 90
21
 70
1
 10
598.7912890199673
 20
99.0
 10
580.2370193620501
 20
99.0
 10
579.210958932073
 20
98.81907786235773
 10
578.3086565329904
 20
98.29813332935693
 10
577.6389431506967
 20
97.5
 10
577.2825961030135
 20
96.52094453300079
 10
577.2825961030135
 20
95.47905546699921
 10
577.6389431506967
 20
94.5
 10
578.3086565329904
 20
93.70186667064307
 10
579.210958932073
 20
93.18092213764227
 10
580.2370193620501
 20
93.0
 10
598.7912890199673
 20
93.0
 10
599.8173494499442
 20
93.18092213764227
 10
600.7196518490268
 20
93.70186667064307
 10
601.3893652313205
 20
94.5
 10
601.7457122790038
 20
95.47905546699921
 10
601.7457122790038
 20
96.52094453300079
 10
601.3893652313205
 20
97.5
 10
600.7196518490268
 20
98.29813332935693
 10
599.8173494499442
 20
98.81907786235773
 10
598.7912890199673
 20
99.0
  0
LWPOLYLINE
  5
1C4
330
17
100
AcDbEntity
  8
CUT_INSIDE
100
AcDbPolyline
 90
21
 70
1
 10
598.1478926823875
 20
113.0
 10
573.8513223772632
 20
113.0
 10
572.8252619472862
 20
112.81907786235773
 10
571.9229595482036
 20
112.29813332935693
 10
571.2532461659099
 20
111.5
 10
570.8968991182265
 20
110.52094453300079
 10
570.8968991182265
 20
109.47905546699921
 10
571.2532461659099
 20
108.5
 10
571.9229595482036
 20
107.70186667064307
 10
572.8252619472862
 20
107.18092213764227
 10
573.8513223772632
 20
107.0
 10
598.1478926823875
 20
107.0
 10
599.1739531123644
 20
107.18092213764227
 10
600.076255511447
 20
107.70186667064307
 10
600.7459688937407
 20
108.5
 10
601.1023159414241
 20
109.47905546699921
 10
601.1023159414241
 20
110.52094453300079
 10
600.7459688937407
 20
111.5
 10
600.076255511447
 20
112.29813332935693
 10
599.1739531123644
 20
112.81907786235773
 10
598.1478926823875
 20
113.0
  0
LWPOLYLINE
  5
1C5
330
17
100
AcDbEntity
  8
CUT_INSIDE
100
AcDbPolyline
 90
21
 70
1
 10
641.4109507918407
 20
99.0
 10
616.9541011710535
 20
99.0
 10
615.9280407410765
 20
98.81907786235773
 10
615.0257383419939
 20
98.29813332935693
 10
614.3560249597002
 20
97.5
 10
613.999677912017
 20
96.52094453300079
 10
613.999677912017
 20
95.47905546699921
 10
614.3560249597002
 20
94.5
 10
615.0257383419939
 20
93.70186667064307
 10
615.9280407410765
 20
93.18092213764227
 10
616.9541011710535
 20
93.0
 10
641.4109507918407
 20
93.0
 10
642.4370112218177
 20
93.18092213764227
 10
643.3393136209004
 20
93.70186667064307
 10
644.009027003194
 20
94.5
 10
644.3653740508773
 20
95.47905546699921
 10
644.3653740508773
 20
96.52094453300079
 10
644.009027003194
 20
97.5
 10
643.3393136209004
 20
98.29813332935693
 10
642.4370112218177
 20
98.81907786235773
 10
641.4109507918407
 20
99.0
  0
LWPOLYLINE
  5
1C6
330
17
100
AcDbEntity
  8
CUT_INSIDE
100
AcDbPolyline
 90
21
 70
1
 10
631.461920277869
 20
127.0
 10
592.6006850593359
 20
127.0
 10
591.5746246293588
 20
126.81907786235772
 10
590.6723222302762
 20
126.29813332935694
 10
590.0026088479825
 20
125.5
 10
589.6462618002993
 20
124.5209445330008
 10
589.6462618002993
 20
123.47905546699921
 10
590.0026088479825
 20
122.5
 10
590.6723222302762
 20
121.70186667064307
 10
591.5746246293588
 20
121.18092213764227
 10
592.6006850593359
 20
121.0
 10
631.461920277869
 20
121.0
 10
632.487980707846
 20
121.18092213764227
 10
633.3902831069286
 20
121.70186667064307
 10
634.0599964892223
 20
122.5
 10
634.4163435369056
 20
123.47905546699921
 10
634.4163435369056
 20
124.5209445330008
 10
634.0599964892223
 20
125.5
 10
633.3902831069286
 20
126.29813332935694
 10
632.487980707846
 20
126.81907786235772
 10
631.461920277869
 20
127.0
  0
LWPOLYLINE
  5
1C7
330
17
100
AcDbEntity
  8
CUT_INSIDE
100
AcDbPolyline
 90
21
 70
1
 10
668.5835666673875
 20
57.0
 10
623.2671025949426
 20
57.0
 10
622.2410421649655
 20
56.81907786235772
 10
621.3387397658829
 20
56.298133329356936
 10
620.6690263835892
 20
55.5
 10
620.312679335906
 20
54.52094453300079
 10
620.312679335906
 20
53.479055466999206
 10
620.6690263835892
 20
52.5
 10
621.3387397658829
 20
51.701866670643064
 10
622.2410421649655
 20
51.18092213764228
 10
623.2671025949426
 20
51.0
 10
668.5835666673875
 20
51.0
 10
669.6096270973644
 20
51.18092213764228
 10
670.511929496447
 20
51.701866670643064
 10
671.1816428787408
 20
52.5
 10
671.5379899264241
 20
53.47905546699921
 10
671.5379899264241
 20
54.520944533000794
 10
671.1816428787408
 20
55.5
 10
670.511929496447
 20
56.298133329356936
 10
669.6096270973644
 20
56.81907786235772
 10
668.5835666673875
 20
57.0
  0
LWPOLYLINE
  5
1C8
330
17
100
AcDbEntity
  8
CUT_INSIDE
100
AcDbPolyline
 90
21
 70
1
 10
663.484671401356
 20
71.0
 10
631.1291141960804
 20
71.0
 10
630.1030537661034
 20
70.81907786235773
 10
629.2007513670208
 20
70.29813332935693
 10
628.531037984727
 20
69.5
 10
628.1746909370438
 20
68.52094453300079
 10
628.1746909370438
 20
67.47905546699921
 10
628.531037984727
 20
66.5
 10
629.2007513670208
 20
65.70186667064307
 10
630.1030537661034
 20
65.18092213764227
 10
631.1291141960804
 20
65.0
 10
663.484671401356
 20
65.0
 10
664.510731831333
 20
65.18092213764227
 10
665.4130342304156
 20
65.70186667064307
 10
666.0827476127093
 20
66.5
 10
666.4390946603926
 20
67.47905546699921
 10
666.4390946603926
 20
68.52094453300079
 10
666.0827476127093
 20
69.5
 10
665.4130342304156
 20
70.29813332935693
 10
664.510731831333
 20
70.81907786235773
 10
663.484671401356
 20
71.0
  0
LWPOLYLINE
  5
1C9
330
17
100
AcDbEntity
  8
CUT_INSIDE
100
AcDbPolyline
 90
21
 70
1
 10
686.4359251089436
 20
85.0
 10
629.2018746187944
 20
85.0
 10
628.1758141888174
 20
84.81907786235773
 10
627.2735117897348
 20
84.29813332935693
 10
626.6037984074411
 20
83.5
 10
626.2474513597577
 20
82.52094453300079
 10
626.2474513597577
 20
81.47905546699921
 10
626.6037984074411
 20
80.5
 10
627.2735117897348
 20
79.70186667064307
 10
628.1758141888174
 20
79.18092213764227
 10
629.2018746187944
 20
79.0
 10
686.4359251089436
 20
79.0
 10
687.4619855389207
 20
79.18092213764227
 10
688.3642879380033
 20
79.70186667064307
 10
689.034001320297
 20
80.5
 10
689.3903483679803
 20
81.47905546699921
 10
689.3903483679803
 20
82.52094453300079
 10
689.034001320297
 20
83.5
 10
688.3642879380033
 20
84.29813332935693
 10
687.4619855389207
 20
84.81907786235773
 10
686.4359251089436
 20
85.0
  0
LWPOLYLINE
  5
1CA
330
17
100
AcDbEntity
  8
CUT_INSIDE
100
AcDbPolyline
 90
21
 70
1
 10
694.7314722276128
 20
43.0
 10
658.2904801836364
 20
43.0
 10
657.2644197536594
 20
42.81907786235772
 10
656.3621173545768
 20
42.298133329356936
 10
655.692403972283
 20
41.5
 10
655.3360569245997
 20
40.52094453300079
 10
655.3360569245997
 20
39.479055466999206
 10
655.692403972283
 20
38.5
 10
656.3621173545768
 20
37.701866670643064
 10
657.2644197536594
 20
37.18092213764228
 10
658.2904801836364
 20
37.0
 10
694.7314722276128
 20
37.0
 10
695.7575326575898
 20
37.18092213764228
 10
696.6598350566724
 20
37.701866670643064
 10
697.3295484389661
 20
38.5
 10
697.6858954866493
 20
39.47905546699921
 10
697.6858954866493
 20
40.520944533000794
 10
697.3295484389661
 20
41.5
 10
696.6598350566724
 20
42.298133329356936
 10
695.7575326575898
 20
42.81907786235772
 10
694.7314722276128
 20
43.0
  0
LWPOLYLINE
  5
1CB
330
17
100
AcDbEntity
  8
CUT_INSIDE
100
AcDbPolyline
 90
21
 70
1
 10
675.7231808029444
 20
113.0
 10
631.0577997357884
 20
113.0
 10
630.0317393058115
 20
112.81907786235773
 10
629.1294369067289
 20
112.29813332935693
 10
628.4597235244352
 20
111.5
 10
628.1033764767518
 20
110.52094453300079
 10
628.1033764767518
 20
109.47905546699921
 10
628.4597235244352
 20
108.5
 10
629.1294369067289
 20
107.70186667064307
 10
630.0317393058115
 20
107.18092213764227
 10
631.0577997357884
 20
107.0
 10
675.7231808029444
 20
107.0
 10
676.7492412329213
 20
107.18092213764227
 10
677.651543632004
 20
107.70186667064307
 10
678.3212570142977
 20
108.5
 10
678.6776040619809
 20
109.47905546699921
 10
678.6776040619809
 20
110.52094453300079
 10
678.3212570142977
 20
111.5
 10
677.651543632004
 20
112.29813332935693
 10
676.7492412329213
 20
112.81907786235773
 10
675.7231808029444
 20
113.0
  0
LWPOLYLINE
  5
1CC
330
17
100
AcDbEntity
  8
CUT_INSIDE
100
AcDbPolyline
 90
21
 70
1
 10
703.6134050821971
 20
99.0
 10
671.8417630378073
 20
99.0
 10
670.8157026078302
 20
98.81907786235773
 10
669.9134002087476
 20
98.29813332935693
 10
669.2436868264539
 20
97.5
 10
668.8873397787706
 20
96.52094453300079
 10
668.8873397787706
 20
95.47905546699921
 10
669.2436868264539
 20
94.5
 10
669.9134002087476
 20
93.70186667064307
 10
670.8157026078302
 20
93.18092213764227
 10
671.8417630378073
 20
93.0
 10
703.6134050821971
 20
93.0
 10
704.6394655121742
 20
93.18092213764227
 10
705.5417679112568
 20
93.70186667064307
 10
706.2114812935505
 20
94.5
 10
706.5678283412337
 20
95.47905546699921
 10
706.5678283412337
 20
96.52094453300079
 10
706.2114812935505
 20
97.5
 10
705.5417679112568
 20
98.29813332935693
 10
704.6394655121742
 20
98.81907786235773
 10
703.6134050821971
 20
99.0
  0
LWPOLYLINE
  5
1CD
330
17
100
AcDbEntity
  8
CUT_INSIDE
100
AcDbPolyline
 90
21
 70
1
 10
684.9353205805041
 20
127.0
 10
664.0512384678367
 20
127.0
 10
663.0251780378596
 20
126.81907786235772
 10
662.122875638777
 20
126.29813332935694
 10
661.4531622564833
 20
125.5
 10
661.0968152088001
 20
124.5209445330008
 10
661.0968152088001
 20
123.47905546699921
 10
661.4531622564833
 20
122.5
 10
662.122875638777
 20
121.70186667064307
 10
663.0251780378596
 20
121.18092213764227
 10
664.0512384678367
 20
121.0
 10
684.9353205805041
 20
121.0
 10
685.9613810104812
 20
121.18092213764227
 10
686.8636834095638
 20
121.70186667064307
 10
687.5333967918575
 20
122.5
 10
687.8897438395408
 20
123.47905546699921
 10
687.8897438395408
 20
124.5209445330008
 10
687.5333967918575
 20
125.5
 10
686.8636834095638
 20
126.29813332935694
 10
685.9613810104812
 20
126.81907786235772
 10
684.9353205805041
 20
127.0
  0
LWPOLYLINE
  5
1CE
330
17
100
AcDbEntity
  8
CUT_INSIDE
100
AcDbPolyline
 90
21
 70
1
 10
601.6071162330236
 20
155.0
 10
582.6914948983318
 20
155.0
 10
581.6654344683548
 20
154.81907786235772
 10
580.7631320692722
 20
154.29813332935694
 10
580.0934186869786
 20
153.5
 10
579.7370716392952
 20
152.5209445330008
 10
579.7370716392952
 20
151.4790554669992
 10
580.0934186869786
 20
150.5
 10
580.7631320692722
 20
149.70186667064306
 10
581.6654344683548
 20
149.18092213764228
 10
582.6914948983318
 20
149.0
 10
601.6071162330236
 20
149.0
 10
602.6331766630007
 20
149.18092213764228
 10
603.5354790620833
 20
149.70186667064306
 10
604.205192444377
 20
150.5
 10
604.5615394920602
 20
151.4790554669992
 10
604.5615394920602
 20
152.5209445330008
 10
604.205192444377
 20
153.5
 10
603.5354790620833
 20
154.29813332935694
 10
602.6331766630007
 20
154.81907786235772
 10
601.6071162330236
 20
155.0
  0
LWPOLYLINE
  5
1CF
330
17
100
AcDbEntity
  8
CUT_INSIDE
100
AcDbPolyline
 90
21
 70
1
 10
632.9731359957575
 20
141.0
 10
593.1300567501448
 20
141.0
 10
592.1039963201679
 20
140.81907786235772
 10
591.2016939210853
 20
140.29813332935694
 10
590.5319805387916
 20
139.5
 10
590.1756334911082
 20
138.5209445330008
 10
590.1756334911082
 20
137.4790554669992
 10
590.5319805387916
 20
136.5
 10
591.2016939210853
 20
135.70186667064306
 10
592.1039963201679
 20
135.18092213764228
 10
593.1300567501448
 20
135.0
 10
632.9731359957575
 20
135.0
 10
633.9991964257346
 20
135.18092213764228
 10
634.9014988248172
 20
135.70186667064306
 10
635.5712122071109
 20
136.5
 10
635.9275592547942
 20
137.4790554669992
 10
635.9275592547942
 20
138.5209445330008
 10
635.5712122071109
 20
139.5
 10
634.9014988248172
 20
140.29813332935694
 10
633.9991964257346
 20
140.81907786235772
 10
632.9731359957575
 20
141.0
  0
LWPOLYLINE
  5
1D0
330
17
100
AcDbEntity
  8
CUT_INSIDE
100
AcDbPolyline
 90
21
 70
1
 10
631.7912796231619
 20
169.0
 10
592.6179922469902
 20
169.0
 10
591.5919318170132
 20
168.81907786235772
 10
590.6896294179306
 20
168.29813332935694
 10
590.0199160356369
 20
167.5
 10
589.6635689879536
 20
166.5209445330008
 10
589.6635689879536
 20
165.4790554669992
 10
590.0199160356369
 20
164.5
 10
590.6896294179306
 20
163.70186667064306
 10
591.5919318170132
 20
163.18092213764228
 10
592.6179922469902
 20
163.0
 10
631.7912796231619
 20
163.0
 10
632.817340053139
 20
163.18092213764228
 10
633.7196424522216
 20
163.70186667064306
 10
634.3893558345153
 20
164.5
 10
634.7457028821985
 20
165.4790554669992
 10
634.7457028821985
 20
166.5209445330008
 10
634.3893558345153
 20
167.5
 10
633.7196424522216
 20
168.29813332935694
 10
632.817340053139
 20
168.81907786235772
 10
631.7912796231619
 20
169.0
  0
LWPOLYLINE
  5
1D1
330
17
100
AcDbEntity
  8
CUT_INSIDE
100
AcDbPolyline
 90
21
 70
1
 10
613.2036398782193
 20
183.0
 10
594.6048031281314
 20
183.0
 10
593.5787426981543
 20
182.81907786235772
 10
592.6764402990717
 20
182.29813332935694
 10
592.006726916778
 20
181.5
 10
591.6503798690946
 20
180.5209445330008
 10
591.6503798690946
 20
179.4790554669992
 10
592.006726916778
 20
178.5
 10
592.6764402990717
 20
177.70186667064306
 10
593.5787426981543
 20
177.18092213764228
 10
594.6048031281314
 20
177.0
 10
613.2036398782193
 20
177.0
 10
614.2297003081962
 20
177.18092213764228
 10
615.132002707279
 20
177.70186667064306
 10
615.8017160895727
 20
178.5
 10
616.1580631372559
 20
179.4790554669992
 10
616.1580631372559
 20
180.5209445330008
 10
615.8017160895727
 20
181.5
 10
615.132002707279
 20
182.29813332935694
 10
614.2297003081962
 20
182.81907786235772
 10
613.2036398782193
 20
183.0
  0
LWPOLYLINE
  5
1D2
330
17
100
AcDbEntity
  8
CUT_INSIDE
100
AcDbPolyline
 90
21
 70
1
 10
627.8900256752411
 20
211.0
 10
581.2896609164795
 20
211.0
 10
580.2636004865026
 20
210.81907786235772
 10
579.36129808742
 20
210.29813332935694
 10
578.6915847051263
 20
209.5
 10
578.3352376574429
 20
208.5209445330008
 10
578.3352376574429
 20
207.4790554669992
 10
578.6915847051263
 20
206.5
 10
579.36129808742
 20
205.70186667064306
 10
580.2636004865026
 20
205.18092213764228
 10
581.2896609164795
 20
205.0
 10
627.8900256752411
 20
205.0
 10
628.916086105218
 20
205.18092213764228
 10
629.8183885043006
 20
205.70186667064306
 10
630.4881018865943
 20
206.5
 10
630.8444489342777
 20
207.4790554669992
 10
630.8444489342777
 20
208.5209445330008
 10
630.4881018865943
 20
209.5
 10
629.8183885043006
 20
210.29813332935694
 10
628.916086105218
 20
210.81907786235772
 10
627.8900256752411
 20
211.0
  0
LWPOLYLINE
  5
1D3
330
17
100
AcDbEntity
  8
CUT_INSIDE
100
AcDbPolyline
 90
21
 70
1
 10
650.6227860111687
 20
197.0
 10
588.0588404115819
 20
197.0
 10
587.0327799816049
 20
196.81907786235772
 10
586.1304775825223
 20
196.29813332935694
 10
585.4607642002286
 20
195.5
 10
585.1044171525452
 20
194.5209445330008
 10
585.1044171525452
 20
193.4790554669992
 10
585.4607642002286
 20
192.5
 10
586.1304775825223
 20
191.70186667064306
 10
587.0327799816049
 20
191.18092213764228
 10
588.0588404115819
 20
191.0
 10
650.6227860111687
 20
191.0
 10
651.6488464411457
 20
191.18092213764228
 10
652.5511488402283
 20
191.70186667064306
 10
653.220862222522
 20
192.5
 10
653.5772092702053
 20
193.4790554669992
 10
653.5772092702053
 20
194.5209445330008
 10
653.220862222522
 20
195.5
 10
652.5511488402283
 20
196.29813332935694
 10
651.6488464411457
 20
196.81907786235772
 10
650.6227860111687
 20
197.0
  0
LWPOLYLINE
  5
1D4
330
17
100
AcDbEntity
  8
CUT_INSIDE
100
AcDbPolyline
 90
21
 70
1
 10
639.8754718201244
 20
225.0
 10
580.6671549462067
 20
225.0
 10
579.6410945162297
 20
224.81907786235772
 10
578.7387921171471
 20
224.29813332935694
 10
578.0690787348534
 20
223.5
 10
577.71273168717
 20
222.5209445330008
 10
577.71273168717
 20
221.4790554669992
 10
578.0690787348534
 20
220.5
 10
578.7387921171471
 20
219.70186667064306
 10
579.6410945162297
 20
219.18092213764228
 10
580.6671549462067
 20
219.0
 10
639.8754718201244
 20
219.0
 10
640.9015322501015
 20
219.18092213764228
 10
641.8038346491841
 20
219.70186667064306
 10
642.4735480314778
 20
220.5
 10
642.829895079161
 20
221.4790554669992
 10
642.829895079161
 20
222.5209445330008
 10
642.4735480314778
 20
223.5
 10
641.8038346491841
 20
224.29813332935694
 10
640.9015322501015
 20
224.81907786235772
 10
639.8754718201244
 20
225.0
  0
LWPOLYLINE
  5
1D5
330
17
100
AcDbEntity
  8
CUT_INSIDE
100
AcDbPolyline
 90
21
 70
1
 10
647.4030947868752
 20
183.0
 10
629.9592984949035
 20
183.0
 10
628.9332380649264
 20
182.81907786235772
 10
628.0309356658438
 20
182.29813332935694
 10
627.3612222835501
 20
181.5
 10
627.0048752358668
 20
180.5209445330008
 10
627.0048752358668
 20
179.4790554669992
 10
627.3612222835501
 20
178.5
 10
628.0309356658438
 20
177.70186667064306
 10
628.9332380649264
 20
177.18092213764228
 10
629.9592984949035
 20
177.0
 10
647.4030947868752
 20
177.0
 10
648.4291552168521
 20
177.18092213764228
 10
649.3314576159347
 20
177.70186667064306
 10
650.0011709982284
 20
178.5
 10
650.3575180459118
 20
179.4790554669992
 10
650.3575180459118
 20
180.5209445330008
 10
650.0011709982284
 20
181.5
 10
649.3314576159347
 20
182.29813332935694
 10
648.4291552168521
 20
182.81907786235772
 10
647.4030947868752
 20
183.0
  0
LWPOLYLINE
  5
1D6
330
17
100
AcDbEntity
  8
CUT_INSIDE
100
AcDbPolyline
 90
21
 70
1
 10
710.5381164131676
 20
155.0
 10
635.6121604873024
 20
155.0
 10
634.5861000573254
 20
154.81907786235772
 10
633.6837976582428
 20
154.29813332935694
 10
633.0140842759491
 20
153.5
 10
632.6577372282658
 20
152.5209445330008
 10
632.6577372282658
 20
151.4790554669992
 10
633.0140842759491
 20
150.5
 10
633.6837976582428
 20
149.70186667064306
 10
634.5861000573254
 20
149.18092213764228
 10
635.6121604873024
 20
149.0
 10
710.5381164131676
 20
149.0
 10
711.5641768431447
 20
149.18092213764228
 10
712.4664792422273
 20
149.70186667064306
 10
713.1361926245208
 20
150.5
 10
713.4925396722042
 20
151.4790554669992
 10
713.4925396722042
 20
152.5209445330008
 10
713.1361926245208
 20
153.5
 10
712.4664792422273
 20
154.29813332935694
 10
711.5641768431447
 20
154.81907786235772
 10
710.5381164131676
 20
155.0
  0
LWPOLYLINE
  5
1D7
330
17
100
AcDbEntity
  8
CUT_INSIDE
100
AcDbPolyline
 90
21
 70
1
 10
701.1101278804928
 20
141.0
 10
670.5931985396867
 20
141.0
 10
669.5671381097096
 20
140.81907786235772
 10
668.664835710627
 20
140.29813332935694
 10
667.9951223283333
 20
139.5
 10
667.6387752806501
 20
138.5209445330008
 10
667.6387752806501
 20
137.4790554669992
 10
667.9951223283333
 20
136.5
 10
668.664835710627
 20
135.70186667064306
 10
669.5671381097096
 20
135.18092213764228
 10
670.5931985396867
 20
135.0
 10
701.1101278804928
 20
135.0
 10
702.1361883104697
 20
135.18092213764228
 10
703.0384907095523
 20
135.70186667064306
 10
703.708204091846
 20
136.5
 10
704.0645511395294
 20
137.4790554669992
 10
704.0645511395294
 20
138.5209445330008
 10
703.708204091846
 20
139.5
 10
703.0384907095523
 20
140.29813332935694
 10
702.1361883104697
 20
140.81907786235772
 10
701.1101278804928
 20
141.0
  0
LWPOLYLINE
  5
1D8
330
17
100
AcDbEntity
  8
CUT_INSIDE
100
AcDbPolyline
 90
21
 70
1
 10
696.6038146131841
 20
169.0
 10
652.5554183159295
 20
169.0
 10
651.5293578859525
 20
168.81907786235772
 10
650.62705548687
 20
168.29813332935694
 10
649.9573421045762
 20
167.5
 10
649.6009950568929
 20
166.5209445330008
 10
649.6009950568929
 20
165.4790554669992
 10
649.9573421045762
 20
164.5
 10
650.62705548687
 20
163.70186667064306
 10
651.5293578859525
 20
163.18092213764228
 10
652.5554183159295
 20
163.0
 10
696.6038146131841
 20
163.0
 10
697.6298750431611
 20
163.18092213764228
 10
698.5321774422437
 20
163.70186667064306
 10
699.2018908245374
 20
164.5
 10
699.5582378722206
 20
165.4790554669992
 10
699.5582378722206
 20
166.5209445330008
 10
699.2018908245374
 20
167.5
 10
698.5321774422437
 20
168.29813332935694
 10
697.6298750431611
 20
168.81907786235772
 10
696.6038146131841
 20
169.0
  0
LWPOLYLINE
  5
1D9
330
17
100
AcDbEntity
  8
CUT_INSIDE
100
AcDbPolyline
 90
21
 70
1
 10
695.149468551728
 20
211.0
 10
663.012439457024
 20
211.0
 10
661.9863790270471
 20
210.81907786235772
 10
661.0840766279645
 20
210.29813332935694
 10
660.4143632456708
 20
209.5
 10
660.0580161979874
 20
208.5209445330008
 10
660.0580161979874
 20
207.4790554669992
 10
660.4143632456708
 20
206.5
 10
661.0840766279645
 20
205.70186667064306
 10
661.9863790270471
 20
205.18092213764228
 10
663.012439457024
 20
205.0
 10
695.149468551728
 20
205.0
 10
696.175528981705
 20
205.18092213764228
 10
697.0778313807876
 20
205.70186667064306
 10
697.7475447630814
 20
206.5
 10
698.1038918107646
 20
207.4790554669992
 10
698.1038918107646
 20
208.5209445330008
 10
697.7475447630814
 20
209.5
 10
697.0778313807876
 20
210.29813332935694
 10
696.175528981705
 20
210.81907786235772
 10
695.149468551728
 20
211.0
  0
LWPOLYLINE
  5
1DA
330
17
100
AcDbEntity
  8
CUT_INSIDE
100
AcDbPolyline
 90
21
 70
1
 10
702.0458908077085
 20
225.0
 10
669.0827180798287
 20
225.0
 10
668.0566576498518
 20
224.81907786235772
 10
667.1543552507692
 20
224.29813332935694
 10
666.4846418684754
 20
223.5
 10
666.1282948207921
 20
222.5209445330008
 10
666.1282948207921
 20
221.4790554669992
 10
666.4846418684754
 20
220.5
 10
667.1543552507692
 20
219.70186667064306
 10
668.0566576498518
 20
219.18092213764228
 10
669.0827180798287
 20
219.0
 10
702.0458908077085
 20
219.0
 10
703.0719512376854
 20
219.18092213764228
 10
703.974253636768
 20
219.70186667064306
 10
704.6439670190618
 20
220.5
 10
705.0003140667451
 20
221.4790554669992
 10
705.0003140667451
 20
222.5209445330008
 10
704.6439670190618
 20
223.5
 10
703.974253636768
 20
224.29813332935694
 10
703.0719512376854
 20
224.81907786235772
 10
702.0458908077085
 20
225.0
  0
LWPOLYLINE
  5
1DB
330
17
100
AcDbEntity
  8
CUT_INSIDE
100
AcDbPolyline
 90
21
 70
1
 10
730.4346511185216
 20
57.0
 10
697.0425454217253
 20
57.0
 10
696.0164849917483
 20
56.81907786235772
 10
695.1141825926657
 20
56.298133329356936
 10
694.444469210372
 20
55.5
 10
694.0881221626887
 20
54.52094453300079
 10
694.0881221626887
 20
53.479055466999206
 10
694.444469210372
 20
52.5
 10
695.1141825926657
 20
51.701866670643064
 10
696.0164849917483
 20
51.18092213764228
 10
697.0425454217253
 20
51.0
 10
730.4346511185216
 20
51.0
 10
731.4607115484987
 20
51.18092213764228
 10
732.3630139475813
 20
51.701866670643064
 10
733.032727329875
 20
52.5
 10
733.3890743775582
 20
53.47905546699921
 10
733.3890743775582
 20
54.520944533000794
 10
733.032727329875
 20
55.5
 10
732.3630139475813
 20
56.298133329356936
 10
731.4607115484987
 20
56.81907786235772
 10
730.4346511185216
 20
57.0
  0
LWPOLYLINE
  5
1DC
330
17
100
AcDbEntity
  8
CUT_INSIDE
100
AcDbPolyline
 90
21
 70
1
 10
721.5550203549517
 20
71.0
 10
703.013285989539
 20
71.0
 10
701.9872255595619
 20
70.81907786235773
 10
701.0849231604793
 20
70.29813332935693
 10
700.4152097781857
 20
69.5
 10
700.0588627305024
 20
68.52094453300079
 10
700.0588627305024
 20
67.47905546699921
 10
700.4152097781857
 20
66.5
 10
701.0849231604793
 20
65.70186667064307
 10
701.9872255595619
 20
65.18092213764227
 10
703.013285989539
 20
65.0
 10
721.5550203549517
 20
65.0
 10
722.5810807849286
 20
65.18092213764227
 10
723.4833831840112
 20
65.70186667064307
 10
724.1530965663051
 20
66.5
 10
724.5094436139883
 20
67.47905546699921
 10
724.5094436139883
 20
68.52094453300079
 10
724.1530965663051
 20
69.5
 10
723.4833831840112
 20
70.29813332935693
 10
722.5810807849286
 20
70.81907786235773
 10
721.5550203549517
 20
71.0
  0
LWPOLYLINE
  5
1DD
330
17
100
AcDbEntity
  8
CUT_INSIDE
100
AcDbPolyline
 90
21
 70
1
 10
753.0832391436745
 20
43.0
 10
715.1633204801299
 20
43.0
 10
714.1372600501528
 20
42.81907786235772
 10
713.2349576510702
 20
42.298133329356936
 10
712.5652442687765
 20
41.5
 10
712.2088972210931
 20
40.52094453300079
 10
712.2088972210931
 20
39.479055466999206
 10
712.5652442687765
 20
38.5
 10
713.2349576510702
 20
37.701866670643064
 10
714.1372600501528
 20
37.18092213764228
 10
715.1633204801299
 20
37.0
 10
753.0832391436745
 20
37.0
 10
754.1092995736515
 20
37.18092213764228
 10
755.0116019727341
 20
37.701866670643064
 10
755.6813153550279
 20
38.5
 10
756.0376624027111
 20
39.47905546699921
 10
756.0376624027111
 20
40.520944533000794
 10
755.6813153550279
 20
41.5
 10
755.0116019727341
 20
42.298133329356936
 10
754.1092995736515
 20
42.81907786235772
 10
753.0832391436745
 20
43.0
  0
LWPOLYLINE
  5
1DE
330
17
100
AcDbEntity
  8
CUT_INSIDE
100
AcDbPolyline
 90
21
 70
1
 10
757.3330324175722
 20
85.0
 10
707.5447012611619
 20
85.0
 10
706.5186408311848
 20
84.81907786235773
 10
705.6163384321022
 20
84.29813332935693
 10
704.9466250498085
 20
83.5
 10
704.5902780021252
 20
82.52094453300079
 10
704.5902780021252
 20
81.47905546699921
 10
704.9466250498085
 20
80.5
 10
705.6163384321022
 20
79.70186667064307
 10
706.5186408311848
 20
79.18092213764227
 10
707.5447012611619
 20
79.0
 10
757.3330324175722
 20
79.0
 10
758.3590928475493
 20
79.18092213764227
 10
759.2613952466319
 20
79.70186667064307
 10
759.9311086289256
 20
80.5
 10
760.2874556766089
 20
81.47905546699921
 10
760.2874556766089
 20
82.52094453300079
 10
759.9311086289256
 20
83.5
 10
759.2613952466319
 20
84.29813332935693
 10
758.3590928475493
 20
84.81907786235773
 10
757.3330324175722
 20
85.0
  0
LWPOLYLINE
  5
1DF
330
17
100
AcDbEntity
  8
CUT_INSIDE
100
AcDbPolyline
 90
21
 70
1
 10
728.1434543671147
 20
113.0
 10
706.0383721596628
 20
113.0
 10
705.0123117296857
 20
112.81907786235773
 10
704.1100093306031
 20
112.29813332935693
 10
703.4402959483095
 20
111.5
 10
703.0839489006262
 20
110.52094453300079
 10
703.0839489006262
 20
109.47905546699921
 10
703.4402959483095
 20
108.5
 10
704.1100093306031
 20
107.70186667064307
 10
705.0123117296857
 20
107.18092213764227
 10
706.0383721596628
 20
107.0
 10
728.1434543671147
 20
107.0
 10
729.1695147970918
 20
107.18092213764227
 10
730.0718171961744
 20
107.70186667064307
 10
730.741530578468
 20
108.5
 10
731.0978776261513
 20
109.47905546699921
 10
731.0978776261513
 20
110.52094453300079
 10
730.741530578468
 20
111.5
 10
730.0718171961744
 20
112.29813332935693
 10
729.1695147970918
 20
112.81907786235773
 10
728.1434543671147
 20
113.0
  0
LWPOLYLINE
  5
1E0
330
17
100
AcDbEntity
  8
CUT_INSIDE
100
AcDbPolyline
 90
21
 70
1
 10
788.0135087921938
 20
57.0
 10
762.3334398838905
 20
57.0
 10
761.3073794539134
 20
56.81907786235772
 10
760.4050770548308
 20
56.298133329356936
 10
759.7353636725372
 20
55.5
 10
759.3790166248539
 20
54.52094453300079
 10
759.3790166248539
 20
53.479055466999206
 10
759.7353636725372
 20
52.5
 10
760.4050770548308
 20
51.701866670643064
 10
761.3073794539134
 20
51.18092213764228
 10
762.3334398838905
 20
51.0
 10
788.0135087921938
 20
51.0
 10
789.0395692221707
 20
51.18092213764228
 10
789.9418716212533
 20
51.701866670643064
 10
790.611585003547
 20
52.5
 10
790.9679320512303
 20
53.47905546699921
 10
790.9679320512303
 20
54.520944533000794
 10
790.611585003547
 20
55.5
 10
789.9418716212533
 20
56.298133329356936
 10
789.0395692221707
 20
56.81907786235772
 10
788.0135087921938
 20
57.0
  0
LWPOLYLINE
  5
1E1
330
17
100
AcDbEntity
  8
CUT_INSIDE
100
AcDbPolyline
 90
21
 70
1
 10
778.0501286709532
 20
71.0
 10
752.6619382485683
 20
71.0
 10
751.6358778185912
 20
70.81907786235773
 10
750.7335754195086
 20
70.29813332935693
 10
750.0638620372149
 20
69.5
 10
749.7075149895317
 20
68.52094453300079
 10
749.7075149895317
 20
67.47905546699921
 10
750.0638620372149
 20
66.5
 10
750.7335754195086
 20
65.70186667064307
 10
751.6358778185912
 20
65.18092213764227
 10
752.6619382485683
 20
65.0
 10
778.0501286709532
 20
65.0
 10
779.0761891009303
 20
65.18092213764227
 10
779.9784915000129
 20
65.70186667064307
 10
780.6482048823066
 20
66.5
 10
781.0045519299898
 20
67.47905546699921
 10
781.0045519299898
 20
68.52094453300079
 10
780.6482048823066
 20
69.5
 10
779.9784915000129
 20
70.29813332935693
 10
779.0761891009303
 20
70.81907786235773
 10
778.0501286709532
 20
71.0
  0
LWPOLYLINE
  5
1E2
330
17
100
AcDbEntity
  8
CUT_INSIDE
100
AcDbPolyline
 90
21
 70
1
 10
778.6277165628549
 20
99.0
 10
742.6326372218927
 20
99.0
 10
741.6065767919157
 20
98.81907786235773
 10
740.704274392833
 20
98.29813332935693
 10
740.0345610105394
 20
97.5
 10
739.678213962856
 20
96.52094453300079
 10
739.678213962856
 20
95.47905546699921
 10
740.0345610105394
 20
94.5
 10
740.704274392833
 20
93.70186667064307
 10
741.6065767919157
 20
93.18092213764227
 10
742.6326372218927
 20
93.0
 10
778.6277165628549
 20
93.0
 10
779.6537769928318
 20
93.18092213764227
 10
780.5560793919144
 20
93.70186667064307
 10
781.2257927742081
 20
94.5
 10
781.5821398218915
 20
95.47905546699921
 10
781.5821398218915
 20
96.52094453300079
 10
781.2257927742081
 20
97.5
 10
780.5560793919144
 20
98.29813332935693
 10
779.6537769928318
 20
98.81907786235773
 10
778.6277165628549
 20
99.0
  0
LWPOLYLINE
  5
1E3
330
17
100
AcDbEntity
  8
CUT_INSIDE
100
AcDbPolyline
 90
21
 70
1
 10
806.978073794136
 20
127.0
 10
701.77725345964
 20
127.0
 10
700.7511930296629
 20
126.81907786235772
 10
699.8488906305803
 20
126.29813332935694
 10
699.1791772482866
 20
125.5
 10
698.8228302006032
 20
124.5209445330008
 10
698.8228302006032
 20
123.47905546699921
 10
699.1791772482866
 20
122.5
 10
699.8488906305803
 20
121.70186667064307
 10
700.7511930296629
 20
121.18092213764227
 10
701.77725345964
 20
121.0
 10
806.978073794136
 20
121.0
 10
808.0041342241129
 20
121.18092213764227
 10
808.9064366231955
 20
121.70186667064307
 10
809.5761500054892
 20
122.5
 10
809.9324970531725
 20
123.47905546699921
 10
809.9324970531725
 20
124.5209445330008
 10
809.5761500054892
 20
125.5
 10
808.9064366231955
 20
126.29813332935694
 10
808.0041342241129
 20
126.81907786235772
 10
806.978073794136
 20
127.0
  0
LWPOLYLINE
  5
1E4
330
17
100
AcDbEntity
  8
CUT_INSIDE
100
AcDbPolyline
 90
21
 70
1
 10
799.8147752854934
 20
113.0
 10
761.4319342276311
 20
113.0
 10
760.4058737976542
 20
112.81907786235773
 10
759.5035713985715
 20
112.29813332935693
 10
758.8338580162779
 20
111.5
 10
758.4775109685945
 20
110.52094453300079
 10
758.4775109685945
 20
109.47905546699921
 10
758.8338580162779
 20
108.5
 10
759.5035713985715
 20
107.70186667064307
 10
760.4058737976542
 20
107.18092213764227
 10
761.4319342276311
 20
107.0
 10
799.8147752854934
 20
107.0
 10
800.8408357154705
 20
107.18092213764227
 10
801.7431381145531
 20
107.70186667064307
 10
802.4128514968468
 20
108.5
 10
802.7691985445301
 20
109.47905546699921
 10
802.7691985445301
 20
110.52094453300079
 10
802.4128514968468
 20
111.5
 10
801.7431381145531
 20
112.29813332935693
 10
800.8408357154705
 20
112.81907786235773
 10
799.8147752854934
 20
113.0
  0
LWPOLYLINE
  5
1E5
330
17
100
AcDbEntity
  8
CUT_INSIDE
100
AcDbPolyline
 90
21
 70
1
 10
707.1644933119705
 20
183.0
 10
680.4102370829039
 20
183.0
 10
679.384176652927
 20
182.81907786235772
 10
678.4818742538444
 20
182.29813332935694
 10
677.8121608715505
 20
181.5
 10
677.4558138238673
 20
180.5209445330008
 10
677.4558138238673
 20
179.4790554669992
 10
677.8121608715505
 20
178.5
 10
678.4818742538444
 20
177.70186667064306
 10
679.384176652927
 20
177.18092213764228
 10
680.4102370829039
 20
177.0
 10
707.1644933119705
 20
177.0
 10
708.1905537419475
 20
177.18092213764228
 10
709.0928561410301
 20
177.70186667064306
 10
709.7625695233238
 20
178.5
 10
710.118916571007
 20
179.4790554669992
 10
710.118916571007
 20
180.5209445330008
 10
709.7625695233238
 20
181.5
 10
709.0928561410301
 20
182.29813332935694
 10
708.1905537419475
 20
182.81907786235772
 10
707.1644933119705
 20
183.0
  0
LWPOLYLINE
  5
1E6
330
17
100
AcDbEntity
  8
CUT_INSIDE
100
AcDbPolyline
 90
21
 70
1
 10
733.1868036464284
 20
197.0
 10
670.9112522944107
 20
197.0
 10
669.8851918644336
 20
196.81907786235772
 10
668.982889465351
 20
196.29813332935694
 10
668.3131760830574
 20
195.5
 10
667.9568290353741
 20
194.5209445330008
 10
667.9568290353741
 20
193.4790554669992
 10
668.3131760830574
 20
192.5
 10
668.982889465351
 20
191.70186667064306
 10
669.8851918644336
 20
191.18092213764228
 10
670.9112522944107
 20
191.0
 10
733.1868036464284
 20
191.0
 10
734.2128640764055
 20
191.18092213764228
 10
735.1151664754881
 20
191.70186667064306
 10
735.7848798577818
 20
192.5
 10
736.1412269054651
 20
193.4790554669992
 10
736.1412269054651
 20
194.5209445330008
 10
735.7848798577818
 20
195.5
 10
735.1151664754881
 20
196.29813332935694
 10
734.2128640764055
 20
196.81907786235772
 10
733.1868036464284
 20
197.0
  0
LWPOLYLINE
  5
1E7
330
17
100
AcDbEntity
  8
CUT_INSIDE
100
AcDbPolyline
 90
21
 70
1
 10
736.9569182761959
 20
225.0
 10
718.7277394919529
 20
225.0
 10
717.7016790619758
 20
224.81907786235772
 10
716.7993766628932
 20
224.29813332935694
 10
716.1296632805995
 20
223.5
 10
715.7733162329162
 20
222.5209445330008
 10
715.7733162329162
 20
221.4790554669992
 10
716.1296632805995
 20
220.5
 10
716.7993766628932
 20
219.70186667064306
 10
717.7016790619758
 20
219.18092213764228
 10
718.7277394919529
 20
219.0
 10
736.9569182761959
 20
219.0
 10
737.982978706173
 20
219.18092213764228
 10
738.8852811052556
 20
219.70186667064306
 10
739.5549944875493
 20
220.5
 10
739.9113415352326
 20
221.4790554669992
 10
739.9113415352326
 20
222.5209445330008
 10
739.5549944875493
 20
223.5
 10
738.8852811052556
 20
224.29813332935694
 10
737.982978706173
 20
224.81907786235772
 10
736.9569182761959
 20
225.0
  0
LWPOLYLINE
  5
1E8
330
17
100
AcDbEntity
  8
CUT_INSIDE
100
AcDbPolyline
 90
21
 70
1
 10
772.0165968383952
 20
141.0
 10
736.0828958946144
 20
141.0
 10
735.0568354646373
 20
140.81907786235772
 10
734.1545330655547
 20
140.29813332935694
 10
733.484819683261
 20
139.5
 10
733.1284726355777
 20
138.5209445330008
 10
733.1284726355777
 20
137.4790554669992
 10
733.484819683261
 20
136.5
 10
734.1545330655547
 20
135.70186667064306
 10
735.0568354646373
 20
135.18092213764228
 10
736.0828958946144
 20
135.0
 10
772.0165968383952
 20
135.0
 10
773.0426572683723
 20
135.18092213764228
 10
773.9449596674549
 20
135.70186667064306
 10
774.6146730497486
 20
136.5
 10
774.9710200974318
 20
137.4790554669992
 10
774.9710200974318
 20
138.5209445330008
 10
774.6146730497486
 20
139.5
 10
773.9449596674549
 20
140.29813332935694
 10
773.0426572683723
 20
140.81907786235772
 10
772.0165968383952
 20
141.0
  0
LWPOLYLINE
  5
1E9
330
17
100
AcDbEntity
  8
CUT_INSIDE
100
AcDbPolyline
 90
21
 70
1
 10
763.9228935507168
 20
169.0
 10
734.5451233858003
 20
169.0
 10
733.5190629558232
 20
168.81907786235772
 10
732.6167605567406
 20
168.29813332935694
 10
731.9470471744469
 20
167.5
 10
731.5907001267635
 20
166.5209445330008
 10
731.5907001267635
 20
165.4790554669992
 10
731.9470471744469
 20
164.5
 10
732.6167605567406
 20
163.70186667064306
 10
733.5190629558232
 20
163.18092213764228
 10
734.5451233858003
 20
163.0
 10
763.9228935507168
 20
163.0
 10
764.9489539806939
 20
163.18092213764228
 10
765.8512563797765
 20
163.70186667064306
 10
766.5209697620701
 20
164.5
 10
766.8773168097534
 20
165.4790554669992
 10
766.8773168097534
 20
166.5209445330008
 10
766.5209697620701
 20
167.5
 10
765.8512563797765
 20
168.29813332935694
 10
764.9489539806939
 20
168.81907786235772
 10
763.9228935507168
 20
169.0
  0
LWPOLYLINE
  5
1EA
330
17
100
AcDbEntity
  8
CUT_INSIDE
100
AcDbPolyline
 90
21
 70
1
 10
771.4771713901262
 20
183.0
 10
742.1608178328038
 20
183.0
 10
741.1347574028268
 20
182.81907786235772
 10
740.2324550037442
 20
182.29813332935694
 10
739.5627416214504
 20
181.5
 10
739.2063945737672
 20
180.5209445330008
 10
739.2063945737672
 20
179.4790554669992
 10
739.5627416214504
 20
178.5
 10
740.2324550037442
 20
177.70186667064306
 10
741.1347574028268
 20
177.18092213764228
 10
742.1608178328038
 20
177.0
 10
771.4771713901262
 20
177.0
 10
772.5032318201031
 20
177.18092213764228
 10
773.4055342191857
 20
177.70186667064306
 10
774.0752476014795
 20
178.5
 10
774.4315946491628
 20
179.4790554669992
 10
774.4315946491628
 20
180.5209445330008
 10
774.0752476014795
 20
181.5
 10
773.4055342191857
 20
182.29813332935694
 10
772.5032318201031
 20
182.81907786235772
 10
771.4771713901262
 20
183.0
  0
LWPOLYLINE
  5
1EB
330
17
100
AcDbEntity
  8
CUT_INSIDE
100
AcDbPolyline
 90
21
 70
1
 10
822.5178786067111
 20
155.0
 10
738.0810799815494
 20
155.0
 10
737.0550195515723
 20
154.81907786235772
 10
736.1527171524897
 20
154.29813332935694
 10
735.4830037701961
 20
153.5
 10
735.1266567225127
 20
152.5209445330008
 10
735.1266567225127
 20
151.4790554669992
 10
735.4830037701961
 20
150.5
 10
736.1527171524897
 20
149.70186667064306
 10
737.0550195515723
 20
149.18092213764228
 10
738.0810799815494
 20
149.0
 10
822.5178786067111
 20
149.0
 10
823.543939036688
 20
149.18092213764228
 10
824.4462414357706
 20
149.70186667064306
 10
825.1159548180643
 20
150.5
 10
825.4723018657476
 20
151.4790554669992
 10
825.4723018657476
 20
152.5209445330008
 10
825.1159548180643
 20
153.5
 10
824.4462414357706
 20
154.29813332935694
 10
823.543939036688
 20
154.81907786235772
 10
822.5178786067111
 20
155.0
  0
LWPOLYLINE
  5
1EC
330
17
100
AcDbEntity
  8
CUT_INSIDE
100
AcDbPolyline
 90
21
 70
1
 10
814.6564022149503
 20
169.0
 10
793.9174660568115
 20
169.0
 10
792.8914056268344
 20
168.81907786235772
 10
791.9891032277518
 20
168.29813332935694
 10
791.3193898454581
 20
167.5
 10
790.9630427977747
 20
166.5209445330008
 10
790.9630427977747
 20
165.4790554669992
 10
791.3193898454581
 20
164.5
 10
791.9891032277518
 20
163.70186667064306
 10
792.8914056268344
 20
163.18092213764228
 10
793.9174660568115
 20
163.0
 10
814.6564022149503
 20
163.0
 10
815.6824626449272
 20
163.18092213764228
 10
816.5847650440098
 20
163.70186667064306
 10
817.2544784263035
 20
164.5
 10
817.6108254739868
 20
165.4790554669992
 10
817.6108254739868
 20
166.5209445330008
 10
817.2544784263035
 20
167.5
 10
816.5847650440098
 20
168.29813332935694
 10
815.6824626449272
 20
168.81907786235772
 10
814.6564022149503
 20
169.0
  0
LWPOLYLINE
  5
1ED
330
17
100
AcDbEntity
  8
CUT_INSIDE
100
AcDbPolyline
 90
21
 70
1
 10
813.5309039494389
 20
211.0
 10
726.7812101319164
 20
211.0
 10
725.7551497019394
 20
210.81907786235772
 10
724.8528473028567
 20
210.29813332935694
 10
724.183133920563
 20
209.5
 10
723.8267868728798
 20
208.5209445330008
 10
723.8267868728798
 20
207.4790554669992
 10
724.183133920563
 20
206.5
 10
724.8528473028567
 20
205.70186667064306
 10
725.7551497019394
 20
205.18092213764228
 10
726.7812101319164
 20
205.0
 10
813.5309039494389
 20
205.0
 10
814.5569643794158
 20
205.18092213764228
 10
815.4592667784984
 20
205.70186667064306
 10
816.1289801607923
 20
206.5
 10
816.4853272084755
 20
207.4790554669992
 10
816.4853272084755
 20
208.5209445330008
 10
816.1289801607923
 20
209.5
 10
815.4592667784984
 20
210.29813332935694
 10
814.5569643794158
 20
210.81907786235772
 10
813.5309039494389
 20
211.0
  0
LWPOLYLINE
  5
1EE
330
17
100
AcDbEntity
  8
CUT_INSIDE
100
AcDbPolyline
 90
21
 70
1
 10
809.0176903469501
 20
197.0
 10
766.3269065758135
 20
197.0
 10
765.3008461458365
 20
196.81907786235772
 10
764.3985437467538
 20
196.29813332935694
 10
763.7288303644602
 20
195.5
 10
763.3724833167769
 20
194.5209445330008
 10
763.3724833167769
 20
193.4790554669992
 10
763.7288303644602
 20
192.5
 10
764.3985437467538
 20
191.70186667064306
 10
765.3008461458365
 20
191.18092213764228
 10
766.3269065758135
 20
191.0
 10
809.0176903469501
 20
191.0
 10
810.043750776927
 20
191.18092213764228
 10
810.9460531760096
 20
191.70186667064306
 10
811.6157665583034
 20
192.5
 10
811.9721136059867
 20
193.4790554669992
 10
811.9721136059867
 20
194.5209445330008
 10
811.6157665583034
 20
195.5
 10
810.9460531760096
 20
196.29813332935694
 10
810.043750776927
 20
196.81907786235772
 10
809.0176903469501
 20
197.0
  0
LWPOLYLINE
  5
1EF
330
17
100
AcDbEntity
  8
CUT_INSIDE
100
AcDbPolyline
 90
21
 70
1
 10
820.9839791584043
 20
225.0
 10
772.1535550784707
 20
225.0
 10
771.1274946484937
 20
224.81907786235772
 10
770.2251922494111
 20
224.29813332935694
 10
769.5554788671174
 20
223.5
 10
769.1991318194341
 20
222.5209445330008
 10
769.1991318194341
 20
221.4790554669992
 10
769.5554788671174
 20
220.5
 10
770.2251922494111
 20
219.70186667064306
 10
771.1274946484937
 20
219.18092213764228
 10
772.1535550784707
 20
219.0
 10
820.9839791584043
 20
219.0
 10
822.0100395883812
 20
219.18092213764228
 10
822.912341987464
 20
219.70186667064306
 10
823.5820553697577
 20
220.5
 10
823.9384024174409
 20
221.4790554669992
 10
823.9384024174409
 20
222.5209445330008
 10
823.5820553697577
 20
223.5
 10
822.912341987464
 20
224.29813332935694
 10
822.0100395883812
 20
224.81907786235772
 10
820.9839791584043
 20
225.0
  0
LWPOLYLINE
  5
1F0
330
17
100
AcDbEntity
  8
CUT_INSIDE
100
AcDbPolyline
 90
21
 70
1
 10
605.2081673818952
 20
267.0
 10
577.9997051079595
 20
267.0
 10
576.9736446779825
 20
266.81907786235774
 10
576.0713422788999
 20
266.2981333293569
 10
575.4016288966062
 20
265.5
 10
575.0452818489229
 20
264.5209445330008
 10
575.0452818489229
 20
263.4790554669992
 10
575.4016288966062
 20
262.5
 10
576.0713422788999
 20
261.7018666706431
 10
576.9736446779825
 20
261.18092213764226
 10
577.9997051079595
 20
261.0
 10
605.2081673818952
 20
261.0
 10
606.2342278118723
 20
261.18092213764226
 10
607.1365302109549
 20
261.7018666706431
 10
607.8062435932486
 20
262.5
 10
608.162590640932
 20
263.4790554669992
 10
608.162590640932
 20
264.5209445330008
 10
607.8062435932486
 20
265.5
 10
607.1365302109549
 20
266.2981333293569
 10
606.2342278118723
 20
266.81907786235774
 10
605.2081673818952
 20
267.0
  0
LWPOLYLINE
  5
1F1
330
17
100
AcDbEntity
  8
CUT_INSIDE
100
AcDbPolyline
 90
21
 70
1
 10
625.9503383057887
 20
239.0
 10
584.5865948967117
 20
239.0
 10
583.5605344667348
 20
238.81907786235772
 10
582.6582320676522
 20
238.29813332935694
 10
581.9885186853585
 20
237.5
 10
581.6321716376751
 20
236.5209445330008
 10
581.6321716376751
 20
235.4790554669992
 10
581.9885186853585
 20
234.5
 10
582.6582320676522
 20
233.70186667064306
 10
583.5605344667348
 20
233.18092213764228
 10
584.5865948967117
 20
233.0
 10
625.9503383057887
 20
233.0
 10
626.9763987357658
 20
233.18092213764228
 10
627.8787011348484
 20
233.70186667064306
 10
628.5484145171421
 20
234.5
 10
628.9047615648253
 20
235.4790554669992
 10
628.9047615648253
 20
236.5209445330008
 10
628.5484145171421
 20
237.5
 10
627.8787011348484
 20
238.29813332935694
 10
626.9763987357658
 20
238.81907786235772
 10
625.9503383057887
 20
239.0
  0
LWPOLYLINE
  5
1F2
330
17
100
AcDbEntity
  8
CUT_INSIDE
100
AcDbPolyline
 90
21
 70
1
 10
623.7117160067779
 20
253.0
 10
590.623508466533
 20
253.0
 10
589.5974480365561
 20
252.81907786235774
 10
588.6951456374735
 20
252.29813332935692
 10
588.0254322551798
 20
251.5
 10
587.6690852074964
 20
250.5209445330008
 10
587.6690852074964
 20
249.4790554669992
 10
588.0254322551798
 20
248.5
 10
588.6951456374735
 20
247.70186667064306
 10
589.5974480365561
 20
247.18092213764228
 10
590.623508466533
 20
247.0
 10
623.7117160067779
 20
247.0
 10
624.7377764367549
 20
247.18092213764228
 10
625.6400788358375
 20
247.70186667064306
 10
626.3097922181312
 20
248.5
 10
626.6661392658145
 20
249.4790554669992
 10
626.6661392658145
 20
250.5209445330008
 10
626.3097922181312
 20
251.5
 10
625.6400788358375
 20
252.29813332935692
 10
624.7377764367549
 20
252.81907786235774
 10
623.7117160067779
 20
253.0
  0
LWPOLYLINE
  5
1F3
330
17
100
AcDbEntity
  8
CUT_INSIDE
100
AcDbPolyline
 90
21
 70
1
 10
622.3241716192845
 20
281.0
 10
578.1184846470215
 20
281.0
 10
577.0924242170446
 20
280.81907786235774
 10
576.190121817962
 20
280.2981333293569
 10
575.5204084356683
 20
279.5
 10
575.1640613879849
 20
278.5209445330008
 10
575.1640613879849
 20
277.4790554669992
 10
575.5204084356683
 20
276.5
 10
576.190121817962
 20
275.7018666706431
 10
577.0924242170446
 20
275.18092213764226
 10
578.1184846470215
 20
275.0
 10
622.3241716192845
 20
275.0
 10
623.3502320492615
 20
275.18092213764226
 10
624.2525344483441
 20
275.7018666706431
 10
624.9222478306378
 20
276.5
 10
625.2785948783212
 20
277.4790554669992
 10
625.2785948783212
 20
278.5209445330008
 10
624.9222478306378
 20
279.5
 10
624.2525344483441
 20
280.2981333293569
 10
623.3502320492615
 20
280.81907786235774
 10
622.3241716192845
 20
281.0
  0
LWPOLYLINE
  5
1F4
330
17
100
AcDbEntity
  8
CUT_INSIDE
100
AcDbPolyline
 90
21
 70
1
 10
606.442853597243
 20
309.0
 10
574.3627917986952
 20
309.0
 10
573.3367313687182
 20
308.81907786235774
 10
572.4344289696356
 20
308.2981333293569
 10
571.7647155873419
 20
307.5
 10
571.4083685396586
 20
306.5209445330008
 10
571.4083685396586
 20
305.4790554669992
 10
571.7647155873419
 20
304.5
 10
572.4344289696356
 20
303.7018666706431
 10
573.3367313687182
 20
303.18092213764226
 10
574.3627917986952
 20
303.0
 10
606.442853597243
 20
303.0
 10
607.46891402722
 20
303.18092213764226
 10
608.3712164263027
 20
303.7018666706431
 10
609.0409298085963
 20
304.5
 10
609.3972768562796
 20
305.4790554669992
 10
609.3972768562796
 20
306.5209445330008
 10
609.0409298085963
 20
307.5
 10
608.3712164263027
 20
308.2981333293569
 10
607.46891402722
 20
308.81907786235774
 10
606.442853597243
 20
309.0
  0
LWPOLYLINE
  5
1F5
330
17
100
AcDbEntity
  8
CUT_INSIDE
100
AcDbPolyline
 90
21
 70
1
 10
656.2642383512618
 20
295.0
 10
573.3906908639763
 20
295.0
 10
572.3646304339993
 20
294.81907786235774
 10
571.4623280349167
 20
294.2981333293569
 10
570.792614652623
 20
293.5
 10
570.4362676049396
 20
292.5209445330008
 10
570.4362676049396
 20
291.4790554669992
 10
570.792614652623
 20
290.5
 10
571.4623280349167
 20
289.7018666706431
 10
572.3646304339993
 20
289.18092213764226
 10
573.3906908639763
 20
289.0
 10
656.2642383512618
 20
289.0
 10
657.2902987812389
 20
289.18092213764226
 10
658.1926011803215
 20
289.7018666706431
 10
658.8623145626152
 20
290.5
 10
659.2186616102986
 20
291.4790554669992
 10
659.2186616102986
 20
292.5209445330008
 10
658.8623145626152
 20
293.5
 10
658.1926011803215
 20
294.2981333293569
 10
657.2902987812389
 20
294.81907786235774
 10
656.2642383512618
 20
295.0
  0
LWPOLYLINE
  5
1F6
330
17
100
AcDbEntity
  8
CUT_INSIDE
100
AcDbPolyline
 90
21
 70
1
 10
623.7127582379869
 20
323.0
 10
586.8464992096342
 20
323.0
 10
585.8204387796573
 20
322.81907786235774
 10
584.9181363805747
 20
322.2981333293569
 10
584.248422998281
 20
321.5
 10
583.8920759505976
 20
320.5209445330008
 10
583.8920759505976
 20
319.4790554669992
 10
584.248422998281
 20
318.5
 10
584.9181363805747
 20
317.7018666706431
 10
585.8204387796573
 20
317.18092213764226
 10
586.8464992096342
 20
317.0
 10
623.7127582379869
 20
317.0
 10
624.7388186679639
 20
317.18092213764226
 10
625.6411210670466
 20
317.7018666706431
 10
626.3108344493403
 20
318.5
 10
626.6671814970235
 20
319.4790554669992
 10
626.6671814970235
 20
320.5209445330008
 10
626.3108344493403
 20
321.5
 10
625.6411210670466
 20
322.2981333293569
 10
624.7388186679639
 20
322.81907786235774
 10
623.7127582379869
 20
323.0
  0
LWPOLYLINE
  5
1F7
330
17
100
AcDbEntity
  8
CUT_INSIDE
100
AcDbPolyline
 90
21
 70
1
 10
649.3865132294419
 20
267.0
 10
629.7364975728757
 20
267.0
 10
628.7104371428987
 20
266.81907786235774
 10
627.8081347438161
 20
266.2981333293569
 10
627.1384213615224
 20
265.5
 10
626.7820743138391
 20
264.5209445330008
 10
626.7820743138391
 20
263.4790554669992
 10
627.1384213615224
 20
262.5
 10
627.8081347438161
 20
261.7018666706431
 10
628.7104371428987
 20
261.18092213764226
 10
629.7364975728757
 20
261.0
 10
649.3865132294419
 20
261.0
 10
650.4125736594189
 20
261.18092213764226
 10
651.3148760585015
 20
261.7018666706431
 10
651.9845894407952
 20
262.5
 10
652.3409364884785
 20
263.4790554669992
 10
652.3409364884785
 20
264.5209445330008
 10
651.9845894407952
 20
265.5
 10
651.3148760585015
 20
266.2981333293569
 10
650.4125736594189
 20
266.81907786235774
 10
649.3865132294419
 20
267.0
  0
LWPOLYLINE
  5
1F8
330
17
100
AcDbEntity
  8
CUT_INSIDE
100
AcDbPolyline
 90
21
 70
1
 10
702.6413400005529
 20
239.0
 10
657.2832457138504
 20
239.0
 10
656.2571852838735
 20
238.81907786235772
 10
655.3548828847908
 20
238.29813332935694
 10
654.685169502497
 20
237.5
 10
654.3288224548138
 20
236.5209445330008
 10
654.3288224548138
 20
235.4790554669992
 10
654.685169502497
 20
234.5
 10
655.3548828847908
 20
233.70186667064306
 10
656.2571852838735
 20
233.18092213764228
 10
657.2832457138504
 20
233.0
 10
702.6413400005529
 20
233.0
 10
703.6674004305298
 20
233.18092213764228
 10
704.5697028296124
 20
233.70186667064306
 10
705.2394162119061
 20
234.5
 10
705.5957632595894
 20
235.4790554669992
 10
705.5957632595894
 20
236.5209445330008
 10
705.2394162119061
 20
237.5
 10
704.5697028296124
 20
238.29813332935694
 10
703.6674004305298
 20
238.81907786235772
 10
702.6413400005529
 20
239.0
  0
LWPOLYLINE
  5
1F9
330
17
100
AcDbEntity
  8
CUT_INSIDE
100
AcDbPolyline
 90
21
 70
1
 10
686.9500298229162
 20
281.0
 10
659.9884323371178
 20
281.0
 10
658.9623719071409
 20
280.81907786235774
 10
658.0600695080583
 20
280.2981333293569
 10
657.3903561257646
 20
279.5
 10
657.0340090780812
 20
278.5209445330008
 10
657.0340090780812
 20
277.4790554669992
 10
657.3903561257646
 20
276.5
 10
658.0600695080583
 20
275.7018666706431
 10
658.9623719071409
 20
275.18092213764226
 10
659.9884323371178
 20
275.0
 10
686.9500298229162
 20
275.0
 10
687.9760902528932
 20
275.18092213764226
 10
688.8783926519758
 20
275.7018666706431
 10
689.5481060342695
 20
276.5
 10
689.9044530819529
 20
277.4790554669992
 10
689.9044530819529
 20
278.5209445330008
 10
689.5481060342695
 20
279.5
 10
688.8783926519758
 20
280.2981333293569
 10
687.9760902528932
 20
280.81907786235774
 10
686.9500298229162
 20
281.0
  0
LWPOLYLINE
  5
1FA
330
17
100
AcDbEntity
  8
CUT_INSIDE
100
AcDbPolyline
 90
21
 70
1
 10
673.0463484407958
 20
309.0
 10
640.7961450664678
 20
309.0
 10
639.7700846364908
 20
308.81907786235774
 10
638.8677822374082
 20
308.2981333293569
 10
638.1980688551145
 20
307.5
 10
637.8417218074312
 20
306.5209445330008
 10
637.8417218074312
 20
305.4790554669992
 10
638.1980688551145
 20
304.5
 10
638.8677822374082
 20
303.7018666706431
 10
639.7700846364908
 20
303.18092213764226
 10
640.7961450664678
 20
303.0
 10
673.0463484407958
 20
303.0
 10
674.0724088707727
 20
303.18092213764226
 10
674.9747112698553
 20
303.7018666706431
 10
675.644424652149
 20
304.5
 10
676.0007716998324
 20
305.4790554669992
 10
676.0007716998324
 20
306.5209445330008
 10
675.644424652149
 20
307.5
 10
674.9747112698553
 20
308.2981333293569
 10
674.0724088707727
 20
308.81907786235774
 10
673.0463484407958
 20
309.0
  0
LWPOLYLINE
  5
1FB
330
17
100
AcDbEntity
  8
CUT_INSIDE
100
AcDbPolyline
 90
21
 70
1
 10
695.8234712263791
 20
323.0
 10
651.8156865041453
 20
323.0
 10
650.7896260741683
 20
322.81907786235774
 10
649.8873236750857
 20
322.2981333293569
 10
649.217610292792
 20
321.5
 10
648.8612632451086
 20
320.5209445330008
 10
648.8612632451086
 20
319.4790554669992
 10
649.217610292792
 20
318.5
 10
649.8873236750857
 20
317.7018666706431
 10
650.7896260741683
 20
317.18092213764226
 10
651.8156865041453
 20
317.0
 10
695.8234712263791
 20
317.0
 10
696.8495316563561
 20
317.18092213764226
 10
697.7518340554387
 20
317.7018666706431
 10
698.4215474377324
 20
318.5
 10
698.7778944854158
 20
319.4790554669992
 10
698.7778944854158
 20
320.5209445330008
 10
698.4215474377324
 20
321.5
 10
697.7518340554387
 20
322.2981333293569
 10
696.8495316563561
 20
322.81907786235774
 10
695.8234712263791
 20
323.0
  0
LWPOLYLINE
  5
1FC
330
17
100
AcDbEntity
  8
CUT_INSIDE
100
AcDbPolyline
 90
21
 70
1
 10
611.1289960694243
 20
337.0
 10
587.0516657073758
 20
337.0
 10
586.0256052773989
 20
336.81907786235774
 10
585.1233028783163
 20
336.2981333293569
 10
584.4535894960226
 20
335.5
 10
584.0972424483392
 20
334.5209445330008
 10
584.0972424483392
 20
333.4790554669992
 10
584.4535894960226
 20
332.5
 10
585.1233028783163
 20
331.7018666706431
 10
586.0256052773989
 20
331.18092213764226
 10
587.0516657073758
 20
331.0
 10
611.1289960694243
 20
331.0
 10
612.1550564994012
 20
331.18092213764226
 10
613.0573588984838
 20
331.7018666706431
 10
613.7270722807775
 20
332.5
 10
614.0834193284609
 20
333.4790554669992
 10
614.0834193284609
 20
334.5209445330008
 10
613.7270722807775
 20
335.5
 10
613.0573588984838
 20
336.2981333293569
 10
612.1550564994012
 20
336.81907786235774
 10
611.1289960694243
 20
337.0
  0
LWPOLYLINE
  5
1FD
330
17
100
AcDbEntity
  8
CUT_INSIDE
100
AcDbPolyline
 90
21
 70
1
 10
619.9376794084856
 20
351.0
 10
584.1720273431027
 20
351.0
 10
583.1459669131257
 20
350.81907786235774
 10
582.2436645140431
 20
350.2981333293569
 10
581.5739511317494
 20
349.5
 10
581.2176040840661
 20
348.5209445330008
 10
581.2176040840661
 20
347.4790554669992
 10
581.5739511317494
 20
346.5
 10
582.2436645140431
 20
345.7018666706431
 10
583.1459669131257
 20
345.18092213764226
 10
584.1720273431027
 20
345.0
 10
619.9376794084856
 20
345.0
 10
620.9637398384625
 20
345.18092213764226
 10
621.8660422375451
 20
345.7018666706431
 10
622.5357556198388
 20
346.5
 10
622.8921026675222
 20
347.4790554669992
 10
622.8921026675222
 20
348.5209445330008
 10
622.5357556198388
 20
349.5
 10
621.8660422375451
 20
350.2981333293569
 10
620.9637398384625
 20
350.81907786235774
 10
619.9376794084856
 20
351.0
  0
LWPOLYLINE
  5
1FE
330
17
100
AcDbEntity
  8
CUT_INSIDE
100
AcDbPolyline
 90
21
 70
1
 10
619.8405391086376
 20
365.0
 10
581.0426573132647
 20
365.0
 10
580.0165968832878
 20
364.81907786235774
 10
579.1142944842051
 20
364.2981333293569
 10
578.4445811019114
 20
363.5
 10
578.0882340542281
 20
362.5209445330008
 10
578.0882340542281
 20
361.4790554669992
 10
578.4445811019114
 20
360.5
 10
579.1142944842051
 20
359.7018666706431
 10
580.0165968832878
 20
359.18092213764226
 10
581.0426573132647
 20
359.0
 10
619.8405391086376
 20
359.0
 10
620.8665995386145
 20
359.18092213764226
 10
621.7689019376971
 20
359.7018666706431
 10
622.4386153199908
 20
360.5
 10
622.7949623676742
 20
361.4790554669992
 10
622.7949623676742
 20
362.5209445330008
 10
622.4386153199908
 20
363.5
 10
621.7689019376971
 20
364.2981333293569
 10
620.8665995386145
 20
364.81907786235774
 10
619.8405391086376
 20
365.0
  0
LWPOLYLINE
  5
1FF
330
17
100
AcDbEntity
  8
CUT_INSIDE
100
AcDbPolyline
 90
21
 70
1
 10
625.6651819632655
 20
379.0
 10
584.5139077020169
 20
379.0
 10
583.4878472720399
 20
378.81907786235774
 10
582.5855448729573
 20
378.2981333293569
 10
581.9158314906635
 20
377.5
 10
581.5594844429802
 20
376.5209445330008
 10
581.5594844429802
 20
375.4790554669992
 10
581.9158314906635
 20
374.5
 10
582.5855448729573
 20
373.7018666706431
 10
583.4878472720399
 20
373.18092213764226
 10
584.5139077020169
 20
373.0
 10
625.6651819632655
 20
373.0
 10
626.6912423932424
 20
373.18092213764226
 10
627.593544792325
 20
373.7018666706431
 10
628.2632581746187
 20
374.5
 10
628.619605222302
 20
375.4790554669992
 10
628.619605222302
 20
376.5209445330008
 10
628.2632581746187
 20
377.5
 10
627.593544792325
 20
378.2981333293569
 10
626.6912423932424
 20
378.81907786235774
 10
625.6651819632655
 20
379.0
  0
LWPOLYLINE
  5
200
330
17
100
AcDbEntity
  8
CUT_INSIDE
100
AcDbPolyline
 90
21
 70
1
 10
601.9201876069383
 20
407.0
 10
582.3542454435817
 20
407.0
 10
581.3281850136046
 20
406.81907786235774
 10
580.425882614522
 20
406.2981333293569
 10
579.7561692322283
 20
405.5
 10
579.3998221845451
 20
404.5209445330008
 10
579.3998221845451
 20
403.4790554669992
 10
579.7561692322283
 20
402.5
 10
580.425882614522
 20
401.7018666706431
 10
581.3281850136046
 20
401.18092213764226
 10
582.3542454435817
 20
401.0
 10
601.9201876069383
 20
401.0
 10
602.9462480369153
 20
401.18092213764226
 10
603.8485504359979
 20
401.7018666706431
 10
604.5182638182916
 20
402.5
 10
604.8746108659749
 20
403.4790554669992
 10
604.8746108659749
 20
404.5209445330008
 10
604.5182638182916
 20
405.5
 10
603.8485504359979
 20
406.2981333293569
 10
602.9462480369153
 20
406.81907786235774
 10
601.9201876069383
 20
407.0
  0
LWPOLYLINE
  5
201
330
17
100
AcDbEntity
  8
CUT_INSIDE
100
AcDbPolyline
 90
21
 70
1
 10
633.8285555037065
 20
393.0
 10
584.6768577689894
 20
393.0
 10
583.6507973390123
 20
392.81907786235774
 10
582.7484949399297
 20
392.2981333293569
 10
582.078781557636
 20
391.5
 10
581.7224345099528
 20
390.5209445330008
 10
581.7224345099528
 20
389.4790554669992
 10
582.078781557636
 20
388.5
 10
582.7484949399297
 20
387.7018666706431
 10
583.6507973390123
 20
387.18092213764226
 10
584.6768577689894
 20
387.0
 10
633.8285555037065
 20
387.0
 10
634.8546159336836
 20
387.18092213764226
 10
635.7569183327662
 20
387.7018666706431
 10
636.4266317150599
 20
388.5
 10
636.7829787627431
 20
389.4790554669992
 10
636.7829787627431
 20
390.5209445330008
 10
636.4266317150599
 20
391.5
 10
635.7569183327662
 20
392.2981333293569
 10
634.8546159336836
 20
392.81907786235774
 10
633.8285555037065
 20
393.0
  0
LWPOLYLINE
  5
202
330
17
100
AcDbEntity
  8
CUT_INSIDE
100
AcDbPolyline
 90
21
 70
1
 10
631.5403839747601
 20
421.0
 10
581.1168999029418
 20
421.0
 10
580.0908394729647
 20
420.81907786235774
 10
579.1885370738821
 20
420.2981333293569
 10
578.5188236915884
 20
419.5
 10
578.1624766439052
 20
418.5209445330008
 10
578.1624766439052
 20
417.4790554669992
 10
578.5188236915884
 20
416.5
 10
579.1885370738821
 20
415.7018666706431
 10
580.0908394729647
 20
415.18092213764226
 10
581.1168999029418
 20
415.0
 10
631.5403839747601
 20
415.0
 10
632.566444404737
 20
415.18092213764226
 10
633.4687468038196
 20
415.7018666706431
 10
634.1384601861133
 20
416.5
 10
634.4948072337967
 20
417.4790554669992
 10
634.4948072337967
 20
418.5209445330008
 10
634.1384601861133
 20
419.5
 10
633.4687468038196
 20
420.2981333293569
 10
632.566444404737
 20
420.81907786235774
 10
631.5403839747601
 20
421.0
  0
LWPOLYLINE
  5
203
330
17
100
AcDbEntity
  8
CUT_INSIDE
100
AcDbPolyline
 90
21
 70
1
 10
677.5571958508469
 20
337.0
 10
649.8012124779316
 20
337.0
 10
648.7751520479546
 20
336.81907786235774
 10
647.872849648872
 20
336.2981333293569
 10
647.2031362665783
 20
335.5
 10
646.846789218895
 20
334.5209445330008
 10
646.846789218895
 20
333.4790554669992
 10
647.2031362665783
 20
332.5
 10
647.872849648872
 20
331.7018666706431
 10
648.7751520479546
 20
331.18092213764226
 10
649.8012124779316
 20
331.0
 10
677.5571958508469
 20
331.0
 10
678.5832562808239
 20
331.18092213764226
 10
679.4855586799065
 20
331.7018666706431
 10
680.1552720622002
 20
332.5
 10
680.5116191098836
 20
333.4790554669992
 10
680.5116191098836
 20
334.5209445330008
 10
680.1552720622002
 20
335.5
 10
679.4855586799065
 20
336.2981333293569
 10
678.5832562808239
 20
336.81907786235774
 10
677.5571958508469
 20
337.0
  0
LWPOLYLINE
  5
204
330
17
100
AcDbEntity
  8
CUT_INSIDE
100
AcDbPolyline
 90
21
 70
1
 10
703.9917852507878
 20
351.0
 10
659.8202031417985
 20
351.0
 10
658.7941427118216
 20
350.81907786235774
 10
657.891840312739
 20
350.2981333293569
 10
657.2221269304453
 20
349.5
 10
656.8657798827619
 20
348.5209445330008
 10
656.8657798827619
 20
347.4790554669992
 10
657.2221269304453
 20
346.5
 10
657.891840312739
 20
345.7018666706431
 10
658.7941427118216
 20
345.18092213764226
 10
659.8202031417985
 20
345.0
 10
703.9917852507878
 20
345.0
 10
705.0178456807648
 20
345.18092213764226
 10
705.9201480798474
 20
345.7018666706431
 10
706.5898614621411
 20
346.5
 10
706.9462085098244
 20
347.4790554669992
 10
706.9462085098244
 20
348.5209445330008
 10
706.5898614621411
 20
349.5
 10
705.9201480798474
 20
350.2981333293569
 10
705.0178456807648
 20
350.81907786235774
 10
703.9917852507878
 20
351.0
  0
LWPOLYLINE
  5
205
330
17
100
AcDbEntity
  8
CUT_INSIDE
100
AcDbPolyline
 90
21
 70
1
 10
690.2337429477686
 20
365.0
 10
649.2960010153345
 20
365.0
 10
648.2699405853575
 20
364.81907786235774
 10
647.3676381862748
 20
364.2981333293569
 10
646.6979248039811
 20
363.5
 10
646.3415777562979
 20
362.5209445330008
 10
646.3415777562979
 20
361.4790554669992
 10
646.6979248039811
 20
360.5
 10
647.3676381862748
 20
359.7018666706431
 10
648.2699405853575
 20
359.18092213764226
 10
649.2960010153345
 20
359.0
 10
690.2337429477686
 20
359.0
 10
691.2598033777457
 20
359.18092213764226
 10
692.1621057768283
 20
359.7018666706431
 10
692.831819159122
 20
360.5
 10
693.1881662068054
 20
361.4790554669992
 10
693.1881662068054
 20
362.5209445330008
 10
692.831819159122
 20
363.5
 10
692.1621057768283
 20
364.2981333293569
 10
691.2598033777457
 20
364.81907786235774
 10
690.2337429477686
 20
365.0
  0
LWPOLYLINE
  5
206
330
17
100
AcDbEntity
  8
CUT_INSIDE
100
AcDbPolyline
 90
21
 70
1
 10
697.3266126767785
 20
379.0
 10
652.9055904096425
 20
379.0
 10
651.8795299796656
 20
378.81907786235774
 10
650.977227580583
 20
378.2981333293569
 10
650.3075141982893
 20
377.5
 10
649.9511671506059
 20
376.5209445330008
 10
649.9511671506059
 20
375.4790554669992
 10
650.3075141982893
 20
374.5
 10
650.977227580583
 20
373.7018666706431
 10
651.8795299796656
 20
373.18092213764226
 10
652.9055904096425
 20
373.0
 10
697.3266126767785
 20
373.0
 10
698.3526731067556
 20
373.18092213764226
 10
699.2549755058382
 20
373.7018666706431
 10
699.9246888881319
 20
374.5
 10
700.2810359358152
 20
375.4790554669992
 10
700.2810359358152
 20
376.5209445330008
 10
699.9246888881319
 20
377.5
 10
699.2549755058382
 20
378.2981333293569
 10
698.3526731067556
 20
378.81907786235774
 10
697.3266126767785
 20
379.0
  0
LWPOLYLINE
  5
207
330
17
100
AcDbEntity
  8
CUT_INSIDE
100
AcDbPolyline
 90
21
 70
1
 10
655.3910408472925
 20
407.0
 10
630.9197437809105
 20
407.0
 10
629.8936833509335
 20
406.81907786235774
 10
628.9913809518508
 20
406.2981333293569
 10
628.3216675695571
 20
405.5
 10
627.9653205218739
 20
404.5209445330008
 10
627.9653205218739
 20
403.4790554669992
 10
628.3216675695571
 20
402.5
 10
628.9913809518508
 20
401.7018666706431
 10
629.8936833509335
 20
401.18092213764226
 10
630.9197437809105
 20
401.0
 10
655.3910408472925
 20
401.0
 10
656.4171012772696
 20
401.18092213764226
 10
657.3194036763522
 20
401.7018666706431
 10
657.9891170586459
 20
402.5
 10
658.3454641063291
 20
403.4790554669992
 10
658.3454641063291
 20
404.5209445330008
 10
657.9891170586459
 20
405.5
 10
657.3194036763522
 20
406.2981333293569
 10
656.4171012772696
 20
406.81907786235774
 10
655.3910408472925
 20
407.0
  0
LWPOLYLINE
  5
208
330
17
100
AcDbEntity
  8
CUT_INSIDE
100
AcDbPolyline
 90
21
 70
1
 10
694.6105066955929
 20
393.0
 10
667.4513884806805
 20
393.0
 10
666.4253280507035
 20
392.81907786235774
 10
665.5230256516209
 20
392.2981333293569
 10
664.8533122693273
 20
391.5
 10
664.4969652216439
 20
390.5209445330008
 10
664.4969652216439
 20
389.4790554669992
 10
664.8533122693273
 20
388.5
 10
665.5230256516209
 20
387.7018666706431
 10
666.4253280507035
 20
387.18092213764226
 10
667.4513884806805
 20
387.0
 10
694.6105066955929
 20
387.0
 10
695.6365671255699
 20
387.18092213764226
 10
696.5388695246525
 20
387.7018666706431
 10
697.2085829069462
 20
388.5
 10
697.5649299546294
 20
389.4790554669992
 10
697.5649299546294
 20
390.5209445330008
 10
697.2085829069462
 20
391.5
 10
696.5388695246525
 20
392.2981333293569
 10
695.6365671255699
 20
392.81907786235774
 10
694.6105066955929
 20
393.0
  0
LWPOLYLINE
  5
209
330
17
100
AcDbEntity
  8
CUT_INSIDE
100
AcDbPolyline
 90
21
 70
1
 10
697.3142042686895
 20
421.0
 10
655.3497585976211
 20
421.0
 10
654.323698167644
 20
420.81907786235774
 10
653.4213957685614
 20
420.2981333293569
 10
652.7516823862677
 20
419.5
 10
652.3953353385843
 20
418.5209445330008
 10
652.3953353385843
 20
417.4790554669992
 10
652.7516823862677
 20
416.5
 10
653.4213957685614
 20
415.7018666706431
 10
654.323698167644
 20
415.18092213764226
 10
655.3497585976211
 20
415.0
 10
697.3142042686895
 20
415.0
 10
698.3402646986666
 20
415.18092213764226
 10
699.2425670977492
 20
415.7018666706431
 10
699.9122804800429
 20
416.5
 10
700.2686275277263
 20
417.4790554669992
 10
700.2686275277263
 20
418.5209445330008
 10
699.9122804800429
 20
419.5
 10
699.2425670977492
 20
420.2981333293569
 10
698.3402646986666
 20
420.81907786235774
 10
697.3142042686895
 20
421.0
  0
LWPOLYLINE
  5
20A
330
17
100
AcDbEntity
  8
CUT_INSIDE
100
AcDbPolyline
 90
21
 70
1
 10
725.0895114421031
 20
253.0
 10
656.2953982756545
 20
253.0
 10
655.2693378456776
 20
252.81907786235774
 10
654.367035446595
 20
252.29813332935692
 10
653.6973220643013
 20
251.5
 10
653.3409750166179
 20
250.5209445330008
 10
653.3409750166179
 20
249.4790554669992
 10
653.6973220643013
 20
248.5
 10
654.367035446595
 20
247.70186667064306
 10
655.2693378456776
 20
247.18092213764228
 10
656.2953982756545
 20
247.0
 10
725.0895114421031
 20
247.0
 10
726.1155718720802
 20
247.18092213764228
 10
727.0178742711628
 20
247.70186667064306
 10
727.6875876534565
 20
248.5
 10
728.0439347011397
 20
249.4790554669992
 10
728.0439347011397
 20
250.5209445330008
 10
727.6875876534565
 20
251.5
 10
727.0178742711628
 20
252.29813332935692
 10
726.1155718720802
 20
252.81907786235774
 10
725.0895114421031
 20
253.0
  0
LWPOLYLINE
  5
20B
330
17
100
AcDbEntity
  8
CUT_INSIDE
100
AcDbPolyline
 90
21
 70
1
 10
748.9539305163686
 20
267.0
 10
682.9279632379958
 20
267.0
 10
681.9019028080188
 20
266.81907786235774
 10
680.9996004089362
 20
266.2981333293569
 10
680.3298870266424
 20
265.5
 10
679.9735399789591
 20
264.5209445330008
 10
679.9735399789591
 20
263.4790554669992
 10
680.3298870266424
 20
262.5
 10
680.9996004089362
 20
261.7018666706431
 10
681.9019028080188
 20
261.18092213764226
 10
682.9279632379958
 20
261.0
 10
748.9539305163686
 20
261.0
 10
749.9799909463457
 20
261.18092213764226
 10
750.8822933454283
 20
261.7018666706431
 10
751.5520067277218
 20
262.5
 10
751.9083537754052
 20
263.4790554669992
 10
751.9083537754052
 20
264.5209445330008
 10
751.5520067277218
 20
265.5
 10
750.8822933454283
 20
266.2981333293569
 10
749.9799909463457
 20
266.81907786235774
 10
748.9539305163686
 20
267.0
  0
LWPOLYLINE
  5
20C
330
17
100
AcDbEntity
  8
CUT_INSIDE
100
AcDbPolyline
 90
21
 70
1
 10
761.3469970370273
 20
239.0
 10
732.0806461267623
 20
239.0
 10
731.0545856967854
 20
238.81907786235772
 10
730.1522832977028
 20
238.29813332935694
 10
729.482569915409
 20
237.5
 10
729.1262228677257
 20
236.5209445330008
 10
729.1262228677257
 20
235.4790554669992
 10
729.482569915409
 20
234.5
 10
730.1522832977028
 20
233.70186667064306
 10
731.0545856967854
 20
233.18092213764228
 10
732.0806461267623
 20
233.0
 10
761.3469970370273
 20
233.0
 10
762.3730574670044
 20
233.18092213764228
 10
763.275359866087
 20
233.70186667064306
 10
763.9450732483807
 20
234.5
 10
764.301420296064
 20
235.4790554669992
 10
764.301420296064
 20
236.5209445330008
 10
763.9450732483807
 20
237.5
 10
763.275359866087
 20
238.29813332935694
 10
762.3730574670044
 20
238.81907786235772
 10
761.3469970370273
 20
239.0
  0
LWPOLYLINE
  5
20D
330
17
100
AcDbEntity
  8
CUT_INSIDE
100
AcDbPolyline
 90
21
 70
1
 10
714.1534661902799
 20
295.0
 10
694.1371897076086
 20
295.0
 10
693.1111292776316
 20
294.81907786235774
 10
692.208826878549
 20
294.2981333293569
 10
691.5391134962554
 20
293.5
 10
691.182766448572
 20
292.5209445330008
 10
691.182766448572
 20
291.4790554669992
 10
691.5391134962554
 20
290.5
 10
692.208826878549
 20
289.7018666706431
 10
693.1111292776316
 20
289.18092213764226
 10
694.1371897076086
 20
289.0
 10
714.1534661902799
 20
289.0
 10
715.1795266202569
 20
289.18092213764226
 10
716.0818290193395
 20
289.7018666706431
 10
716.7515424016332
 20
290.5
 10
717.1078894493164
 20
291.4790554669992
 10
717.1078894493164
 20
292.5209445330008
 10
716.7515424016332
 20
293.5
 10
716.0818290193395
 20
294.2981333293569
 10
715.1795266202569
 20
294.81907786235774
 10
714.1534661902799
 20
295.0
  0
LWPOLYLINE
  5
20E
330
17
100
AcDbEntity
  8
CUT_INSIDE
100
AcDbPolyline
 90
21
 70
1
 10
738.3255964928521
 20
309.0
 10
701.41323947109
 20
309.0
 10
700.3871790411131
 20
308.81907786235774
 10
699.4848766420305
 20
308.2981333293569
 10
698.8151632597368
 20
307.5
 10
698.4588162120534
 20
306.5209445330008
 10
698.4588162120534
 20
305.4790554669992
 10
698.8151632597368
 20
304.5
 10
699.4848766420305
 20
303.7018666706431
 10
700.3871790411131
 20
303.18092213764226
 10
701.41323947109
 20
303.0
 10
738.3255964928521
 20
303.0
 10
739.3516569228292
 20
303.18092213764226
 10
740.2539593219118
 20
303.7018666706431
 10
740.9236727042055
 20
304.5
 10
741.2800197518889
 20
305.4790554669992
 10
741.2800197518889
 20
306.5209445330008
 10
740.9236727042055
 20
307.5
 10
740.2539593219118
 20
308.2981333293569
 10
739.3516569228292
 20
308.81907786235774
 10
738.3255964928521
 20
309.0
  0
LWPOLYLINE
  5
20F
330
17
100
AcDbEntity
  8
CUT_INSIDE
100
AcDbPolyline
 90
21
 70
1
 10
759.9281478557137
 20
323.0
 10
718.0218131228265
 20
323.0
 10
716.9957526928495
 20
322.81907786235774
 10
716.0934502937669
 20
322.2981333293569
 10
715.4237369114732
 20
321.5
 10
715.0673898637899
 20
320.5209445330008
 10
715.0673898637899
 20
319.4790554669992
 10
715.4237369114732
 20
318.5
 10
716.0934502937669
 20
317.7018666706431
 10
716.9957526928495
 20
317.18092213764226
 10
718.0218131228265
 20
317.0
 10
759.9281478557137
 20
317.0
 10
760.9542082856907
 20
317.18092213764226
 10
761.8565106847733
 20
317.7018666706431
 10
762.526224067067
 20
318.5
 10
762.8825711147504
 20
319.4790554669992
 10
762.8825711147504
 20
320.5209445330008
 10
762.526224067067
 20
321.5
 10
761.8565106847733
 20
322.2981333293569
 10
760.9542082856907
 20
322.81907786235774
 10
759.9281478557137
 20
323.0
  0
LWPOLYLINE
  5
210
330
17
100
AcDbEntity
  8
CUT_INSIDE
100
AcDbPolyline
 90
21
 70
1
 10
799.1550614666389
 20
253.0
 10
751.0200895405403
 20
253.0
 10
749.9940291105632
 20
252.81907786235774
 10
749.0917267114806
 20
252.29813332935692
 10
748.4220133291869
 20
251.5
 10
748.0656662815036
 20
250.5209445330008
 10
748.0656662815036
 20
249.4790554669992
 10
748.4220133291869
 20
248.5
 10
749.0917267114806
 20
247.70186667064306
 10
749.9940291105632
 20
247.18092213764228
 10
751.0200895405403
 20
247.0
 10
799.1550614666389
 20
247.0
 10
800.1811218966159
 20
247.18092213764228
 10
801.0834242956985
 20
247.70186667064306
 10
801.7531376779923
 20
248.5
 10
802.1094847256755
 20
249.4790554669992
 10
802.1094847256755
 20
250.5209445330008
 10
801.7531376779923
 20
251.5
 10
801.0834242956985
 20
252.29813332935692
 10
800.1811218966159
 20
252.81907786235774
 10
799.1550614666389
 20
253.0
  0
LWPOLYLINE
  5
211
330
17
100
AcDbEntity
  8
CUT_INSIDE
100
AcDbPolyline
 90
21
 70
1
 10
838.9351120002688
 20
281.0
 10
725.0964371043183
 20
281.0
 10
724.0703766743413
 20
280.81907786235774
 10
723.1680742752587
 20
280.2981333293569
 10
722.4983608929649
 20
279.5
 10
722.1420138452817
 20
278.5209445330008
 10
722.1420138452817
 20
277.4790554669992
 10
722.4983608929649
 20
276.5
 10
723.1680742752587
 20
275.7018666706431
 10
724.0703766743413
 20
275.18092213764226
 10
725.0964371043183
 20
275.0
 10
838.9351120002688
 20
275.0
 10
839.9611724302458
 20
275.18092213764226
 10
840.8634748293284
 20
275.7018666706431
 10
841.533188211622
 20
276.5
 10
841.8895352593054
 20
277.4790554669992
 10
841.8895352593054
 20
278.5209445330008
 10
841.533188211622
 20
279.5
 10
840.8634748293284
 20
280.2981333293569
 10
839.9611724302458
 20
280.81907786235774
 10
838.9351120002688
 20
281.0
  0
LWPOLYLINE
  5
212
330
17
100
AcDbEntity
  8
CUT_INSIDE
100
AcDbPolyline
 90
21
 70
1
 10
838.9417025589738
 20
267.0
 10
770.9672179505345
 20
267.0
 10
769.9411575205575
 20
266.81907786235774
 10
769.0388551214749
 20
266.2981333293569
 10
768.3691417391813
 20
265.5
 10
768.0127946914979
 20
264.5209445330008
 10
768.0127946914979
 20
263.4790554669992
 10
768.3691417391813
 20
262.5
 10
769.0388551214749
 20
261.7018666706431
 10
769.9411575205575
 20
261.18092213764226
 10
770.9672179505345
 20
261.0
 10
838.9417025589738
 20
261.0
 10
839.9677629889509
 20
261.18092213764226
 10
840.8700653880335
 20
261.7018666706431
 10
841.5397787703271
 20
262.5
 10
841.8961258180104
 20
263.4790554669992
 10
841.8961258180104
 20
264.5209445330008
 10
841.5397787703271
 20
265.5
 10
840.8700653880335
 20
266.2981333293569
 10
839.9677629889509
 20
266.81907786235774
 10
838.9417025589738
 20
267.0
  0
LWPOLYLINE
  5
213
330
17
100
AcDbEntity
  8
CUT_INSIDE
100
AcDbPolyline
 90
21
 70
1
 10
775.7867418122803
 20
295.0
 10
742.2898083524112
 20
295.0
 10
741.2637479224343
 20
294.81907786235774
 10
740.3614455233516
 20
294.2981333293569
 10
739.6917321410579
 20
293.5
 10
739.3353850933746
 20
292.5209445330008
 10
739.3353850933746
 20
291.4790554669992
 10
739.6917321410579
 20
290.5
 10
740.3614455233516
 20
289.7018666706431
 10
741.2637479224343
 20
289.18092213764226
 10
742.2898083524112
 20
289.0
 10
775.7867418122803
 20
289.0
 10
776.8128022422574
 20
289.18092213764226
 10
777.71510464134
 20
289.7018666706431
 10
778.3848180236337
 20
290.5
 10
778.741165071317
 20
291.4790554669992
 10
778.741165071317
 20
292.5209445330008
 10
778.3848180236337
 20
293.5
 10
777.71510464134
 20
294.2981333293569
 10
776.8128022422574
 20
294.81907786235774
 10
775.7867418122803
 20
295.0
  0
LWPOLYLINE
  5
214
330
17
100
AcDbEntity
  8
CUT_INSIDE
100
AcDbPolyline
 90
21
 70
1
 10
800.0238484658373
 20
309.0
 10
754.6435006017352
 20
309.0
 10
753.6174401717583
 20
308.81907786235774
 10
752.7151377726757
 20
308.2981333293569
 10
752.0454243903819
 20
307.5
 10
751.6890773426986
 20
306.5209445330008
 10
751.6890773426986
 20
305.4790554669992
 10
752.0454243903819
 20
304.5
 10
752.7151377726757
 20
303.7018666706431
 10
753.6174401717583
 20
303.18092213764226
 10
754.6435006017352
 20
303.0
 10
800.0238484658373
 20
303.0
 10
801.0499088958143
 20
303.18092213764226
 10
801.9522112948969
 20
303.7018666706431
 10
802.6219246771907
 20
304.5
 10
802.9782717248739
 20
305.4790554669992
 10
802.9782717248739
 20
306.5209445330008
 10
802.6219246771907
 20
307.5
 10
801.9522112948969
 20
308.2981333293569
 10
801.0499088958143
 20
308.81907786235774
 10
800.0238484658373
 20
309.0
  0
LWPOLYLINE
  5
215
330
17
100
AcDbEntity
  8
CUT_INSIDE
100
AcDbPolyline
 90
21
 70
1
 10
743.9426381436934
 20
337.0
 10
709.3914653874848
 20
337.0
 10
708.3654049575077
 20
336.81907786235774
 10
707.4631025584251
 20
336.2981333293569
 10
706.7933891761315
 20
335.5
 10
706.4370421284482
 20
334.5209445330008
 10
706.4370421284482
 20
333.4790554669992
 10
706.7933891761315
 20
332.5
 10
707.4631025584251
 20
331.7018666706431
 10
708.3654049575077
 20
331.18092213764226
 10
709.3914653874848
 20
331.0
 10
743.9426381436934
 20
331.0
 10
744.9686985736705
 20
331.18092213764226
 10
745.8710009727531
 20
331.7018666706431
 10
746.5407143550467
 20
332.5
 10
746.8970614027301
 20
333.4790554669992
 10
746.8970614027301
 20
334.5209445330008
 10
746.5407143550467
 20
335.5
 10
745.8710009727531
 20
336.2981333293569
 10
744.9686985736705
 20
336.81907786235774
 10
743.9426381436934
 20
337.0
  0
LWPOLYLINE
  5
216
330
17
100
AcDbEntity
  8
CUT_INSIDE
100
AcDbPolyline
 90
21
 70
1
 10
764.2423270155235
 20
351.0
 10
721.8204889909224
 20
351.0
 10
720.7944285609454
 20
350.81907786235774
 10
719.8921261618628
 20
350.2981333293569
 10
719.2224127795691
 20
349.5
 10
718.8660657318858
 20
348.5209445330008
 10
718.8660657318858
 20
347.4790554669992
 10
719.2224127795691
 20
346.5
 10
719.8921261618628
 20
345.7018666706431
 10
720.7944285609454
 20
345.18092213764226
 10
721.8204889909224
 20
345.0
 10
764.2423270155235
 20
345.0
 10
765.2683874455006
 20
345.18092213764226
 10
766.1706898445832
 20
345.7018666706431
 10
766.8404032268769
 20
346.5
 10
767.1967502745601
 20
347.4790554669992
 10
767.1967502745601
 20
348.5209445330008
 10
766.8404032268769
 20
349.5
 10
766.1706898445832
 20
350.2981333293569
 10
765.2683874455006
 20
350.81907786235774
 10
764.2423270155235
 20
351.0
  0
LWPOLYLINE
  5
217
330
17
100
AcDbEntity
  8
CUT_INSIDE
100
AcDbPolyline
 90
21
 70
1
 10
753.3509508031561
 20
365.0
 10
713.3387148978577
 20
365.0
 10
712.3126544678806
 20
364.81907786235774
 10
711.410352068798
 20
364.2981333293569
 10
710.7406386865043
 20
363.5
 10
710.3842916388211
 20
362.5209445330008
 10
710.3842916388211
 20
361.4790554669992
 10
710.7406386865043
 20
360.5
 10
711.410352068798
 20
359.7018666706431
 10
712.3126544678806
 20
359.18092213764226
 10
713.3387148978577
 20
359.0
 10
753.3509508031561
 20
359.0
 10
754.3770112331331
 20
359.18092213764226
 10
755.2793136322157
 20
359.7018666706431
 10
755.9490270145094
 20
360.5
 10
756.3053740621928
 20
361.4790554669992
 10
756.3053740621928
 20
362.5209445330008
 10
755.9490270145094
 20
363.5
 10
755.2793136322157
 20
364.2981333293569
 10
754.3770112331331
 20
364.81907786235774
 10
753.3509508031561
 20
365.0
  0
LWPOLYLINE
  5
218
330
17
100
AcDbEntity
  8
CUT_INSIDE
100
AcDbPolyline
 90
21
 70
1
 10
725.5842311836424
 20
407.0
 10
687.6217624689592
 20
407.0
 10
686.5957020389822
 20
406.81907786235774
 10
685.6933996398996
 20
406.2981333293569
 10
685.0236862576058
 20
405.5
 10
684.6673392099226
 20
404.5209445330008
 10
684.6673392099226
 20
403.4790554669992
 10
685.0236862576058
 20
402.5
 10
685.6933996398996
 20
401.7018666706431
 10
686.5957020389822
 20
401.18092213764226
 10
687.6217624689592
 20
401.0
 10
725.5842311836424
 20
401.0
 10
726.6102916136193
 20
401.18092213764226
 10
727.512594012702
 20
401.7018666706431
 10
728.1823073949956
 20
402.5
 10
728.538654442679
 20
403.4790554669992
 10
728.538654442679
 20
404.5209445330008
 10
728.1823073949956
 20
405.5
 10
727.512594012702
 20
406.2981333293569
 10
726.6102916136193
 20
406.81907786235774
 10
725.5842311836424
 20
407.0
  0
LWPOLYLINE
  5
219
330
17
100
AcDbEntity
  8
CUT_INSIDE
100
AcDbPolyline
 90
21
 70
1
 10
804.9898728523287
 20
379.0
 10
727.8135716644448
 20
379.0
 10
726.7875112344677
 20
378.81907786235774
 10
725.8852088353851
 20
378.2981333293569
 10
725.2154954530915
 20
377.5
 10
724.8591484054082
 20
376.5209445330008
 10
724.8591484054082
 20
375.4790554669992
 10
725.2154954530915
 20
374.5
 10
725.8852088353851
 20
373.7018666706431
 10
726.7875112344677
 20
373.18092213764226
 10
727.8135716644448
 20
373.0
 10
804.9898728523287
 20
373.0
 10
806.0159332823057
 20
373.18092213764226
 10
806.9182356813883
 20
373.7018666706431
 10
807.5879490636821
 20
374.5
 10
807.9442961113654
 20
375.4790554669992
 10
807.9442961113654
 20
376.5209445330008
 10
807.5879490636821
 20
377.5
 10
806.9182356813883
 20
378.2981333293569
 10
806.0159332823057
 20
378.81907786235774
 10
804.9898728523287
 20
379.0
  0
LWPOLYLINE
  5
21A
330
17
100
AcDbEntity
  8
CUT_INSIDE
100
AcDbPolyline
 90
21
 70
1
 10
807.6437270413744
 20
337.0
 10
769.2928959304498
 20
337.0
 10
768.2668355004728
 20
336.81907786235774
 10
767.3645331013902
 20
336.2981333293569
 10
766.6948197190966
 20
335.5
 10
766.3384726714132
 20
334.5209445330008
 10
766.3384726714132
 20
333.4790554669992
 10
766.6948197190966
 20
332.5
 10
767.3645331013902
 20
331.7018666706431
 10
768.2668355004728
 20
331.18092213764226
 10
769.2928959304498
 20
331.0
 10
807.6437270413744
 20
331.0
 10
808.6697874713514
 20
331.18092213764226
 10
809.572089870434
 20
331.7018666706431
 10
810.2418032527278
 20
332.5
 10
810.598150300411
 20
333.4790554669992
 10
810.598150300411
 20
334.5209445330008
 10
810.2418032527278
 20
335.5
 10
809.572089870434
 20
336.2981333293569
 10
808.6697874713514
 20
336.81907786235774
 10
807.6437270413744
 20
337.0
  0
LWPOLYLINE
  5
21B
330
17
100
AcDbEntity
  8
CUT_INSIDE
100
AcDbPolyline
 90
21
 70
1
 10
802.890672607423
 20
351.0
 10
781.3250538612212
 20
351.0
 10
780.2989934312443
 20
350.81907786235774
 10
779.3966910321616
 20
350.2981333293569
 10
778.7269776498679
 20
349.5
 10
778.3706306021846
 20
348.5209445330008
 10
778.3706306021846
 20
347.4790554669992
 10
778.7269776498679
 20
346.5
 10
779.3966910321616
 20
345.7018666706431
 10
780.2989934312443
 20
345.18092213764226
 10
781.3250538612212
 20
345.0
 10
802.890672607423
 20
345.0
 10
803.9167330374
 20
345.18092213764226
 10
804.8190354364826
 20
345.7018666706431
 10
805.4887488187762
 20
346.5
 10
805.8450958664596
 20
347.4790554669992
 10
805.8450958664596
 20
348.5209445330008
 10
805.4887488187762
 20
349.5
 10
804.8190354364826
 20
350.2981333293569
 10
803.9167330374
 20
350.81907786235774
 10
802.890672607423
 20
351.0
  0
LWPOLYLINE
  5
21C
330
17
100
AcDbEntity
  8
CUT_INSIDE
100
AcDbPolyline
 90
21
 70
1
 10
769.7844770884369
 20
393.0
 10
732.0352974907884
 20
393.0
 10
731.0092370608113
 20
392.81907786235774
 10
730.1069346617287
 20
392.2981333293569
 10
729.437221279435
 20
391.5
 10
729.0808742317517
 20
390.5209445330008
 10
729.0808742317517
 20
389.4790554669992
 10
729.437221279435
 20
388.5
 10
730.1069346617287
 20
387.7018666706431
 10
731.0092370608113
 20
387.18092213764226
 10
732.0352974907884
 20
387.0
 10
769.7844770884369
 20
387.0
 10
770.8105375184139
 20
387.18092213764226
 10
771.7128399174965
 20
387.7018666706431
 10
772.3825532997902
 20
388.5
 10
772.7389003474735
 20
389.4790554669992
 10
772.7389003474735
 20
390.5209445330008
 10
772.3825532997902
 20
391.5
 10
771.7128399174965
 20
392.2981333293569
 10
770.8105375184139
 20
392.81907786235774
 10
769.7844770884369
 20
393.0
  0
LWPOLYLINE
  5
21D
330
17
100
AcDbEntity
  8
CUT_INSIDE
100
AcDbPolyline
 90
21
 70
1
 10
773.8706531068888
 20
407.0
 10
750.5406375058849
 20
407.0
 10
749.5145770759079
 20
406.81907786235774
 10
748.6122746768253
 20
406.2981333293569
 10
747.9425612945315
 20
405.5
 10
747.5862142468483
 20
404.5209445330008
 10
747.5862142468483
 20
403.4790554669992
 10
747.9425612945315
 20
402.5
 10
748.6122746768253
 20
401.7018666706431
 10
749.5145770759079
 20
401.18092213764226
 10
750.5406375058849
 20
401.0
 10
773.8706531068888
 20
401.0
 10
774.8967135368657
 20
401.18092213764226
 10
775.7990159359483
 20
401.7018666706431
 10
776.468729318242
 20
402.5
 10
776.8250763659253
 20
403.4790554669992
 10
776.8250763659253
 20
404.5209445330008
 10
776.468729318242
 20
405.5
 10
775.7990159359483
 20
406.2981333293569
 10
774.8967135368657
 20
406.81907786235774
 10
773.8706531068888
 20
407.0
  0
LWPOLYLINE
  5
21E
330
17
100
AcDbEntity
  8
CUT_INSIDE
100
AcDbPolyline
 90
21
 70
1
 10
764.2642706669029
 20
421.0
 10
735.4140049478727
 20
421.0
 10
734.3879445178957
 20
420.81907786235774
 10
733.4856421188131
 20
420.2981333293569
 10
732.8159287365195
 20
419.5
 10
732.4595816888361
 20
418.5209445330008
 10
732.4595816888361
 20
417.4790554669992
 10
732.8159287365195
 20
416.5
 10
733.4856421188131
 20
415.7018666706431
 10
734.3879445178957
 20
415.18092213764226
 10
735.4140049478727
 20
415.0
 10
764.2642706669029
 20
415.0
 10
765.29033109688
 20
415.18092213764226
 10
766.1926334959626
 20
415.7018666706431
 10
766.8623468782562
 20
416.5
 10
767.2186939259395
 20
417.4790554669992
 10
767.2186939259395
 20
418.5209445330008
 10
766.8623468782562
 20
419.5
 10
766.1926334959626
 20
420.2981333293569
 10
765.29033109688
 20
420.81907786235774
 10
764.2642706669029
 20
421.0
  0
LWPOLYLINE
  5
21F
330
17
100
AcDbEntity
  8
CUT_INSIDE
100
AcDbPolyline
 90
21
 70
1
 10
801.3247424788443
 20
421.0
 10
782.5926772622552
 20
421.0
 10
781.5666168322782
 20
420.81907786235774
 10
780.6643144331955
 20
420.2981333293569
 10
779.9946010509018
 20
419.5
 10
779.6382540032185
 20
418.5209445330008
 10
779.6382540032185
 20
417.4790554669992
 10
779.9946010509018
 20
416.5
 10
780.6643144331955
 20
415.7018666706431
 10
781.5666168322782
 20
415.18092213764226
 10
782.5926772622552
 20
415.0
 10
801.3247424788443
 20
415.0
 10
802.3508029088214
 20
415.18092213764226
 10
803.253105307904
 20
415.7018666706431
 10
803.9228186901976
 20
416.5
 10
804.2791657378809
 20
417.4790554669992
 10
804.2791657378809
 20
418.5209445330008
 10
803.9228186901976
 20
419.5
 10
803.253105307904
 20
420.2981333293569
 10
802.3508029088214
 20
420.81907786235774
 10
801.3247424788443
 20
421.0
  0
LWPOLYLINE
  5
220
330
17
100
AcDbEntity
  8
CUT_INSIDE
100
AcDbPolyline
 90
21
 70
1
 10
833.8480078213569
 20
43.0
 10
788.1146840841534
 20
43.0
 10
787.0886236541764
 20
42.81907786235772
 10
786.1863212550938
 20
42.298133329356936
 10
785.5166078728
 20
41.5
 10
785.1602608251168
 20
40.52094453300079
 10
785.1602608251168
 20
39.479055466999206
 10
785.5166078728
 20
38.5
 10
786.1863212550938
 20
37.701866670643064
 10
787.0886236541764
 20
37.18092213764228
 10
788.1146840841534
 20
37.0
 10
833.8480078213569
 20
37.0
 10
834.8740682513339
 20
37.18092213764228
 10
835.7763706504165
 20
37.701866670643064
 10
836.4460840327101
 20
38.5
 10
836.8024310803935
 20
39.47905546699921
 10
836.8024310803935
 20
40.520944533000794
 10
836.4460840327101
 20
41.5
 10
835.7763706504165
 20
42.298133329356936
 10
834.8740682513339
 20
42.81907786235772
 10
833.8480078213569
 20
43.0
  0
LWPOLYLINE
  5
221
330
17
100
AcDbEntity
  8
CUT_INSIDE
100
AcDbPolyline
 90
21
 70
1
 10
845.6914417688683
 20
71.0
 10
796.1415894314052
 20
71.0
 10
795.1155290014283
 20
70.81907786235773
 10
794.2132266023457
 20
70.29813332935693
 10
793.543513220052
 20
69.5
 10
793.1871661723687
 20
68.52094453300079
 10
793.1871661723687
 20
67.47905546699921
 10
793.543513220052
 20
66.5
 10
794.2132266023457
 20
65.70186667064307
 10
795.1155290014283
 20
65.18092213764227
 10
796.1415894314052
 20
65.0
 10
845.6914417688683
 20
65.0
 10
846.7175021988453
 20
65.18092213764227
 10
847.6198045979279
 20
65.70186667064307
 10
848.2895179802216
 20
66.5
 10
848.6458650279048
 20
67.47905546699921
 10
848.6458650279048
 20
68.52094453300079
 10
848.2895179802216
 20
69.5
 10
847.6198045979279
 20
70.29813332935693
 10
846.7175021988453
 20
70.81907786235773
 10
845.6914417688683
 20
71.0
  0
LWPOLYLINE
  5
222
330
17
100
AcDbEntity
  8
CUT_INSIDE
100
AcDbPolyline
 90
21
 70
1
 10
839.4082144152062
 20
85.0
 10
792.614908491542
 20
85.0
 10
791.5888480615649
 20
84.81907786235773
 10
790.6865456624823
 20
84.29813332935693
 10
790.0168322801887
 20
83.5
 10
789.6604852325054
 20
82.52094453300079
 10
789.6604852325054
 20
81.47905546699921
 10
790.0168322801887
 20
80.5
 10
790.6865456624823
 20
79.70186667064307
 10
791.5888480615649
 20
79.18092213764227
 10
792.614908491542
 20
79.0
 10
839.4082144152062
 20
79.0
 10
840.4342748451832
 20
79.18092213764227
 10
841.3365772442658
 20
79.70186667064307
 10
842.0062906265596
 20
80.5
 10
842.3626376742428
 20
81.47905546699921
 10
842.3626376742428
 20
82.52094453300079
 10
842.0062906265596
 20
83.5
 10
841.3365772442658
 20
84.29813332935693
 10
840.4342748451832
 20
84.81907786235773
 10
839.4082144152062
 20
85.0
  0
LWPOLYLINE
  5
223
330
17
100
AcDbEntity
  8
CUT_INSIDE
100
AcDbPolyline
 90
21
 70
1
 10
873.1967587256594
 20
57.0
 10
827.9572576033078
 20
57.0
 10
826.9311971733307
 20
56.81907786235772
 10
826.0288947742481
 20
56.298133329356936
 10
825.3591813919545
 20
55.5
 10
825.0028343442712
 20
54.52094453300079
 10
825.0028343442712
 20
53.479055466999206
 10
825.3591813919545
 20
52.5
 10
826.0288947742481
 20
51.701866670643064
 10
826.9311971733307
 20
51.18092213764228
 10
827.9572576033078
 20
51.0
 10
873.1967587256594
 20
51.0
 10
874.2228191556364
 20
51.18092213764228
 10
875.125121554719
 20
51.701866670643064
 10
875.7948349370126
 20
52.5
 10
876.151181984696
 20
53.47905546699921
 10
876.151181984696
 20
54.520944533000794
 10
875.7948349370126
 20
55.5
 10
875.125121554719
 20
56.298133329356936
 10
874.2228191556364
 20
56.81907786235772
 10
873.1967587256594
 20
57.0
  0
LWPOLYLINE
  5
224
330
17
100
AcDbEntity
  8
CUT_INSIDE
100
AcDbPolyline
 90
21
 70
1
 10
846.5295938448621
 20
99.0
 10
815.4243325901082
 20
99.0
 10
814.3982721601312
 20
98.81907786235773
 10
813.4959697610486
 20
98.29813332935693
 10
812.8262563787548
 20
97.5
 10
812.4699093310716
 20
96.52094453300079
 10
812.4699093310716
 20
95.47905546699921
 10
812.8262563787548
 20
94.5
 10
813.4959697610486
 20
93.70186667064307
 10
814.3982721601312
 20
93.18092213764227
 10
815.4243325901082
 20
93.0
 10
846.5295938448621
 20
93.0
 10
847.5556542748391
 20
93.18092213764227
 10
848.4579566739217
 20
93.70186667064307
 10
849.1276700562155
 20
94.5
 10
849.4840171038987
 20
95.47905546699921
 10
849.4840171038987
 20
96.52094453300079
 10
849.1276700562155
 20
97.5
 10
848.4579566739217
 20
98.29813332935693
 10
847.5556542748391
 20
98.81907786235773
 10
846.5295938448621
 20
99.0
  0
LWPOLYLINE
  5
225
330
17
100
AcDbEntity
  8
CUT_INSIDE
100
AcDbPolyline
 90
21
 70
1
 10
866.6173124604951
 20
113.0
 10
829.2395675132697
 20
113.0
 10
828.2135070832926
 20
112.81907786235773
 10
827.31120468421
 20
112.29813332935693
 10
826.6414913019164
 20
111.5
 10
826.285144254233
 20
110.52094453300079
 10
826.285144254233
 20
109.47905546699921
 10
826.6414913019164
 20
108.5
 10
827.31120468421
 20
107.70186667064307
 10
828.2135070832926
 20
107.18092213764227
 10
829.2395675132697
 20
107.0
 10
866.6173124604951
 20
107.0
 10
867.6433728904722
 20
107.18092213764227
 10
868.5456752895548
 20
107.70186667064307
 10
869.2153886718484
 20
108.5
 10
869.5717357195317
 20
109.47905546699921
 10
869.5717357195317
 20
110.52094453300079
 10
869.2153886718484
 20
111.5
 10
868.5456752895548
 20
112.29813332935693
 10
867.6433728904722
 20
112.81907786235773
 10
866.6173124604951
 20
113.0
  0
LWPOLYLINE
  5
226
330
17
100
AcDbEntity
  8
CUT_INSIDE
100
AcDbPolyline
 90
21
 70
1
 10
856.541173645645
 20
127.0
 10
839.8013542439683
 20
127.0
 10
838.7752938139913
 20
126.81907786235772
 10
837.8729914149087
 20
126.29813332935694
 10
837.2032780326149
 20
125.5
 10
836.8469309849316
 20
124.5209445330008
 10
836.8469309849316
 20
123.47905546699921
 10
837.2032780326149
 20
122.5
 10
837.8729914149087
 20
121.70186667064307
 10
838.7752938139913
 20
121.18092213764227
 10
839.8013542439683
 20
121.0
 10
856.541173645645
 20
121.0
 10
857.5672340756221
 20
121.18092213764227
 10
858.4695364747047
 20
121.70186667064307
 10
859.1392498569983
 20
122.5
 10
859.4955969046816
 20
123.47905546699921
 10
859.4955969046816
 20
124.5209445330008
 10
859.1392498569983
 20
125.5
 10
858.4695364747047
 20
126.29813332935694
 10
857.5672340756221
 20
126.81907786235772
 10
856.541173645645
 20
127.0
  0
LWPOLYLINE
  5
227
330
17
100
AcDbEntity
  8
CUT_INSIDE
100
AcDbPolyline
 90
21
 70
1
 10
892.1557599135962
 20
43.0
 10
852.0241007211611
 20
43.0
 10
850.998040291184
 20
42.81907786235772
 10
850.0957378921014
 20
42.298133329356936
 10
849.4260245098078
 20
41.5
 10
849.0696774621244
 20
40.52094453300079
 10
849.0696774621244
 20
39.479055466999206
 10
849.4260245098078
 20
38.5
 10
850.0957378921014
 20
37.701866670643064
 10
850.998040291184
 20
37.18092213764228
 10
852.0241007211611
 20
37.0
 10
892.1557599135962
 20
37.0
 10
893.1818203435732
 20
37.18092213764228
 10
894.0841227426558
 20
37.701866670643064
 10
894.7538361249494
 20
38.5
 10
895.1101831726328
 20
39.47905546699921
 10
895.1101831726328
 20
40.520944533000794
 10
894.7538361249494
 20
41.5
 10
894.0841227426558
 20
42.298133329356936
 10
893.1818203435732
 20
42.81907786235772
 10
892.1557599135962
 20
43.0
  0
LWPOLYLINE
  5
228
330
17
100
AcDbEntity
  8
CUT_INSIDE
100
AcDbPolyline
 90
21
 70
1
 10
906.1975759088356
 20
85.0
 10
860.4652597296327
 20
85.0
 10
859.4391992996557
 20
84.81907786235773
 10
858.5368969005731
 20
84.29813332935693
 10
857.8671835182795
 20
83.5
 10
857.5108364705961
 20
82.52094453300079
 10
857.5108364705961
 20
81.47905546699921
 10
857.8671835182795
 20
80.5
 10
858.5368969005731
 20
79.70186667064307
 10
859.4391992996557
 20
79.18092213764227
 10
860.4652597296327
 20
79.0
 10
906.1975759088356
 20
79.0
 10
907.2236363388126
 20
79.18092213764227
 10
908.1259387378952
 20
79.70186667064307
 10
908.7956521201888
 20
80.5
 10
909.1519991678722
 20
81.47905546699921
 10
909.1519991678722
 20
82.52094453300079
 10
908.7956521201888
 20
83.5
 10
908.1259387378952
 20
84.29813332935693
 10
907.2236363388126
 20
84.81907786235773
 10
906.1975759088356
 20
85.0
  0
LWPOLYLINE
  5
229
330
17
100
AcDbEntity
  8
CUT_INSIDE
100
AcDbPolyline
 90
21
 70
1
 10
930.1765630175653
 20
57.0
 10
906.1841896416101
 20
57.0
 10
905.1581292116332
 20
56.81907786235772
 10
904.2558268125506
 20
56.298133329356936
 10
903.5861134302568
 20
55.5
 10
903.2297663825735
 20
54.52094453300079
 10
903.2297663825735
 20
53.479055466999206
 10
903.5861134302568
 20
52.5
 10
904.2558268125506
 20
51.701866670643064
 10
905.1581292116332
 20
51.18092213764228
 10
906.1841896416101
 20
51.0
 10
930.1765630175653
 20
51.0
 10
931.2026234475422
 20
51.18092213764228
 10
932.1049258466248
 20
51.701866670643064
 10
932.7746392289187
 20
52.5
 10
933.1309862766019
 20
53.47905546699921
 10
933.1309862766019
 20
54.520944533000794
 10
932.7746392289187
 20
55.5
 10
932.1049258466248
 20
56.298133329356936
 10
931.2026234475422
 20
56.81907786235772
 10
930.1765630175653
 20
57.0
  0
LWPOLYLINE
  5
22A
330
17
100
AcDbEntity
  8
CUT_INSIDE
100
AcDbPolyline
 90
21
 70
1
 10
920.0304331682453
 20
71.0
 10
879.8844141767186
 20
71.0
 10
878.8583537467415
 20
70.81907786235773
 10
877.9560513476589
 20
70.29813332935693
 10
877.2863379653652
 20
69.5
 10
876.9299909176818
 20
68.52094453300079
 10
876.9299909176818
 20
67.47905546699921
 10
877.2863379653652
 20
66.5
 10
877.9560513476589
 20
65.70186667064307
 10
878.8583537467415
 20
65.18092213764227
 10
879.8844141767186
 20
65.0
 10
920.0304331682453
 20
65.0
 10
921.0564935982222
 20
65.18092213764227
 10
921.9587959973048
 20
65.70186667064307
 10
922.6285093795985
 20
66.5
 10
922.9848564272818
 20
67.47905546699921
 10
922.9848564272818
 20
68.52094453300079
 10
922.6285093795985
 20
69.5
 10
921.9587959973048
 20
70.29813332935693
 10
921.0564935982222
 20
70.81907786235773
 10
920.0304331682453
 20
71.0
  0
LWPOLYLINE
  5
22B
330
17
100
AcDbEntity
  8
CUT_INSIDE
100
AcDbPolyline
 90
21
 70
1
 10
909.0143134992196
 20
99.0
 10
884.3317633874817
 20
99.0
 10
883.3057029575048
 20
98.81907786235773
 10
882.4034005584222
 20
98.29813332935693
 10
881.7336871761283
 20
97.5
 10
881.3773401284451
 20
96.52094453300079
 10
881.3773401284451
 20
95.47905546699921
 10
881.7336871761283
 20
94.5
 10
882.4034005584222
 20
93.70186667064307
 10
883.3057029575048
 20
93.18092213764227
 10
884.3317633874817
 20
93.0
 10
909.0143134992196
 20
93.0
 10
910.0403739291967
 20
93.18092213764227
 10
910.9426763282793
 20
93.70186667064307
 10
911.6123897105729
 20
94.5
 10
911.9687367582562
 20
95.47905546699921
 10
911.9687367582562
 20
96.52094453300079
 10
911.6123897105729
 20
97.5
 10
910.9426763282793
 20
98.29813332935693
 10
910.0403739291967
 20
98.81907786235773
 10
909.0143134992196
 20
99.0
  0
LWPOLYLINE
  5
22C
330
17
100
AcDbEntity
  8
CUT_INSIDE
100
AcDbPolyline
 90
21
 70
1
 10
912.4410428842607
 20
113.0
 10
889.3425778821957
 20
113.0
 10
888.3165174522186
 20
112.81907786235773
 10
887.414215053136
 20
112.29813332935693
 10
886.7445016708423
 20
111.5
 10
886.3881546231589
 20
110.52094453300079
 10
886.3881546231589
 20
109.47905546699921
 10
886.7445016708423
 20
108.5
 10
887.414215053136
 20
107.70186667064307
 10
888.3165174522186
 20
107.18092213764227
 10
889.3425778821957
 20
107.0
 10
912.4410428842607
 20
107.0
 10
913.4671033142376
 20
107.18092213764227
 10
914.3694057133202
 20
107.70186667064307
 10
915.039119095614
 20
108.5
 10
915.3954661432972
 20
109.47905546699921
 10
915.3954661432972
 20
110.52094453300079
 10
915.039119095614
 20
111.5
 10
914.3694057133202
 20
112.29813332935693
 10
913.4671033142376
 20
112.81907786235773
 10
912.4410428842607
 20
113.0
  0
LWPOLYLINE
  5
22D
330
17
100
AcDbEntity
  8
CUT_INSIDE
100
AcDbPolyline
 90
21
 70
1
 10
929.2309319003891
 20
127.0
 10
887.8096021634933
 20
127.0
 10
886.7835417335164
 20
126.81907786235772
 10
885.8812393344338
 20
126.29813332935694
 10
885.2115259521399
 20
125.5
 10
884.8551789044567
 20
124.5209445330008
 10
884.8551789044567
 20
123.47905546699921
 10
885.2115259521399
 20
122.5
 10
885.8812393344338
 20
121.70186667064307
 10
886.7835417335164
 20
121.18092213764227
 10
887.8096021634933
 20
121.0
 10
929.2309319003891
 20
121.0
 10
930.2569923303661
 20
121.18092213764227
 10
931.1592947294487
 20
121.70186667064307
 10
931.8290081117425
 20
122.5
 10
932.1853551594257
 20
123.47905546699921
 10
932.1853551594257
 20
124.5209445330008
 10
931.8290081117425
 20
125.5
 10
931.1592947294487
 20
126.29813332935694
 10
930.2569923303661
 20
126.81907786235772
 10
929.2309319003891
 20
127.0
  0
LWPOLYLINE
  5
22E
330
17
100
AcDbEntity
  8
CUT_INSIDE
100
AcDbPolyline
 90
21
 70
1
 10
839.2928753932484
 20
141.0
 10
803.0156499582213
 20
141.0
 10
801.9895895282443
 20
140.81907786235772
 10
801.0872871291617
 20
140.29813332935694
 10
800.4175737468679
 20
139.5
 10
800.0612266991847
 20
138.5209445330008
 10
800.0612266991847
 20
137.4790554669992
 10
800.4175737468679
 20
136.5
 10
801.0872871291617
 20
135.70186667064306
 10
801.9895895282443
 20
135.18092213764228
 10
803.0156499582213
 20
135.0
 10
839.2928753932484
 20
135.0
 10
840.3189358232255
 20
135.18092213764228
 10
841.2212382223081
 20
135.70186667064306
 10
841.8909516046017
 20
136.5
 10
842.247298652285
 20
137.4790554669992
 10
842.247298652285
 20
138.5209445330008
 10
841.8909516046017
 20
139.5
 10
841.2212382223081
 20
140.29813332935694
 10
840.3189358232255
 20
140.81907786235772
 10
839.2928753932484
 20
141.0
  0
LWPOLYLINE
  5
22F
330
17
100
AcDbEntity
  8
CUT_INSIDE
100
AcDbPolyline
 90
21
 70
1
 10
895.7006558963344
 20
183.0
 10
798.3931493193461
 20
183.0
 10
797.3670888893691
 20
182.81907786235772
 10
796.4647864902865
 20
182.29813332935694
 10
795.7950731079927
 20
181.5
 10
795.4387260603095
 20
180.5209445330008
 10
795.4387260603095
 20
179.4790554669992
 10
795.7950731079927
 20
178.5
 10
796.4647864902865
 20
177.70186667064306
 10
797.3670888893691
 20
177.18092213764228
 10
798.3931493193461
 20
177.0
 10
895.7006558963344
 20
177.0
 10
896.7267163263114
 20
177.18092213764228
 10
897.629018725394
 20
177.70186667064306
 10
898.2987321076878
 20
178.5
 10
898.655079155371
 20
179.4790554669992
 10
898.655079155371
 20
180.5209445330008
 10
898.2987321076878
 20
181.5
 10
897.629018725394
 20
182.29813332935694
 10
896.7267163263114
 20
182.81907786235772
 10
895.7006558963344
 20
183.0
  0
LWPOLYLINE
  5
230
330
17
100
AcDbEntity
  8
CUT_INSIDE
100
AcDbPolyline
 90
21
 70
1
 10
888.1070778263702
 20
169.0
 10
842.571611213406
 20
169.0
 10
841.5455507834289
 20
168.81907786235772
 10
840.6432483843462
 20
168.29813332935694
 10
839.9735350020526
 20
167.5
 10
839.6171879543692
 20
166.5209445330008
 10
839.6171879543692
 20
165.4790554669992
 10
839.9735350020526
 20
164.5
 10
840.6432483843462
 20
163.70186667064306
 10
841.5455507834289
 20
163.18092213764228
 10
842.571611213406
 20
163.0
 10
888.1070778263702
 20
163.0
 10
889.1331382563471
 20
163.18092213764228
 10
890.0354406554297
 20
163.70186667064306
 10
890.7051540377234
 20
164.5
 10
891.0615010854068
 20
165.4790554669992
 10
891.0615010854068
 20
166.5209445330008
 10
890.7051540377234
 20
167.5
 10
890.0354406554297
 20
168.29813332935694
 10
889.1331382563471
 20
168.81907786235772
 10
888.1070778263702
 20
169.0
  0
LWPOLYLINE
  5
231
330
17
100
AcDbEntity
  8
CUT_INSIDE
100
AcDbPolyline
 90
21
 70
1
 10
867.4261576722724
 20
197.0
 10
833.3154391283371
 20
197.0
 10
832.28937869836
 20
196.81907786235772
 10
831.3870762992774
 20
196.29813332935694
 10
830.7173629169838
 20
195.5
 10
830.3610158693004
 20
194.5209445330008
 10
830.3610158693004
 20
193.4790554669992
 10
830.7173629169838
 20
192.5
 10
831.3870762992774
 20
191.70186667064306
 10
832.28937869836
 20
191.18092213764228
 10
833.3154391283371
 20
191.0
 10
867.4261576722724
 20
191.0
 10
868.4522181022494
 20
191.18092213764228
 10
869.354520501332
 20
191.70186667064306
 10
870.0242338836258
 20
192.5
 10
870.380580931309
 20
193.4790554669992
 10
870.380580931309
 20
194.5209445330008
 10
870.0242338836258
 20
195.5
 10
869.354520501332
 20
196.29813332935694
 10
868.4522181022494
 20
196.81907786235772
 10
867.4261576722724
 20
197.0
  0
LWPOLYLINE
  5
232
330
17
100
AcDbEntity
  8
CUT_INSIDE
100
AcDbPolyline
 90
21
 70
1
 10
898.4840491862179
 20
155.0
 10
850.4518924705034
 20
155.0
 10
849.4258320405263
 20
154.81907786235772
 10
848.5235296414437
 20
154.29813332935694
 10
847.8538162591501
 20
153.5
 10
847.4974692114668
 20
152.5209445330008
 10
847.4974692114668
 20
151.4790554669992
 10
847.8538162591501
 20
150.5
 10
848.5235296414437
 20
149.70186667064306
 10
849.4258320405263
 20
149.18092213764228
 10
850.4518924705034
 20
149.0
 10
898.4840491862179
 20
149.0
 10
899.510109616195
 20
149.18092213764228
 10
900.4124120152776
 20
149.70186667064306
 10
901.0821253975712
 20
150.5
 10
901.4384724452545
 20
151.4790554669992
 10
901.4384724452545
 20
152.5209445330008
 10
901.0821253975712
 20
153.5
 10
900.4124120152776
 20
154.29813332935694
 10
899.510109616195
 20
154.81907786235772
 10
898.4840491862179
 20
155.0
  0
LWPOLYLINE
  5
233
330
17
100
AcDbEntity
  8
CUT_INSIDE
100
AcDbPolyline
 90
21
 70
1
 10
948.5673036495579
 20
141.0
 10
869.9056810111023
 20
141.0
 10
868.8796205811252
 20
140.81907786235772
 10
867.9773181820426
 20
140.29813332935694
 10
867.307604799749
 20
139.5
 10
866.9512577520657
 20
138.5209445330008
 10
866.9512577520657
 20
137.4790554669992
 10
867.307604799749
 20
136.5
 10
867.9773181820426
 20
135.70186667064306
 10
868.8796205811252
 20
135.18092213764228
 10
869.9056810111023
 20
135.0
 10
948.5673036495579
 20
135.0
 10
949.5933640795349
 20
135.18092213764228
 10
950.4956664786175
 20
135.70186667064306
 10
951.1653798609111
 20
136.5
 10
951.5217269085945
 20
137.4790554669992
 10
951.5217269085945
 20
138.5209445330008
 10
951.1653798609111
 20
139.5
 10
950.4956664786175
 20
140.29813332935694
 10
949.5933640795349
 20
140.81907786235772
 10
948.5673036495579
 20
141.0
  0
LWPOLYLINE
  5
234
330
17
100
AcDbEntity
  8
CUT_INSIDE
100
AcDbPolyline
 90
21
 70
1
 10
937.9988438908096
 20
183.0
 10
917.3984721095704
 20
183.0
 10
916.3724116795934
 20
182.81907786235772
 10
915.4701092805108
 20
182.29813332935694
 10
914.8003958982171
 20
181.5
 10
914.4440488505338
 20
180.5209445330008
 10
914.4440488505338
 20
179.4790554669992
 10
914.8003958982171
 20
178.5
 10
915.4701092805108
 20
177.70186667064306
 10
916.3724116795934
 20
177.18092213764228
 10
917.3984721095704
 20
177.0
 10
937.9988438908096
 20
177.0
 10
939.0249043207866
 20
177.18092213764228
 10
939.9272067198692
 20
177.70186667064306
 10
940.5969201021629
 20
178.5
 10
940.9532671498462
 20
179.4790554669992
 10
940.9532671498462
 20
180.5209445330008
 10
940.5969201021629
 20
181.5
 10
939.9272067198692
 20
182.29813332935694
 10
939.0249043207866
 20
182.81907786235772
 10
937.9988438908096
 20
183.0
  0
LWPOLYLINE
  5
235
330
17
100
AcDbEntity
  8
CUT_INSIDE
100
AcDbPolyline
 90
21
 70
1
 10
890.1458329032101
 20
211.0
 10
849.1711968558972
 20
211.0
 10
848.1451364259201
 20
210.81907786235772
 10
847.2428340268375
 20
210.29813332935694
 10
846.5731206445439
 20
209.5
 10
846.2167735968605
 20
208.5209445330008
 10
846.2167735968605
 20
207.4790554669992
 10
846.5731206445439
 20
206.5
 10
847.2428340268375
 20
205.70186667064306
 10
848.1451364259201
 20
205.18092213764228
 10
849.1711968558972
 20
205.0
 10
890.1458329032101
 20
205.0
 10
891.1718933331872
 20
205.18092213764228
 10
892.0741957322698
 20
205.70186667064306
 10
892.7439091145634
 20
206.5
 10
893.1002561622468
 20
207.4790554669992
 10
893.1002561622468
 20
208.5209445330008
 10
892.7439091145634
 20
209.5
 10
892.0741957322698
 20
210.29813332935694
 10
891.1718933331872
 20
210.81907786235772
 10
890.1458329032101
 20
211.0
  0
LWPOLYLINE
  5
236
330
17
100
AcDbEntity
  8
CUT_INSIDE
100
AcDbPolyline
 90
21
 70
1
 10
886.4639253840394
 20
225.0
 10
855.893721141104
 20
225.0
 10
854.867660711127
 20
224.81907786235772
 10
853.9653583120444
 20
224.29813332935694
 10
853.2956449297508
 20
223.5
 10
852.9392978820674
 20
222.5209445330008
 10
852.9392978820674
 20
221.4790554669992
 10
853.2956449297508
 20
220.5
 10
853.9653583120444
 20
219.70186667064306
 10
854.867660711127
 20
219.18092213764228
 10
855.893721141104
 20
219.0
 10
886.4639253840394
 20
219.0
 10
887.4899858140163
 20
219.18092213764228
 10
888.3922882130989
 20
219.70186667064306
 10
889.0620015953928
 20
220.5
 10
889.418348643076
 20
221.4790554669992
 10
889.418348643076
 20
222.5209445330008
 10
889.0620015953928
 20
223.5
 10
888.3922882130989
 20
224.29813332935694
 10
887.4899858140163
 20
224.81907786235772
 10
886.4639253840394
 20
225.0
  0
LWPOLYLINE
  5
237
330
17
100
AcDbEntity
  8
CUT_INSIDE
100
AcDbPolyline
 90
21
 70
1
 10
927.8672658711859
 20
197.0
 10
898.1729017083763
 20
197.0
 10
897.1468412783993
 20
196.81907786235772
 10
896.2445388793167
 20
196.29813332935694
 10
895.5748254970231
 20
195.5
 10
895.2184784493397
 20
194.5209445330008
 10
895.2184784493397
 20
193.4790554669992
 10
895.5748254970231
 20
192.5
 10
896.2445388793167
 20
191.70186667064306
 10
897.1468412783993
 20
191.18092213764228
 10
898.1729017083763
 20
191.0
 10
927.8672658711859
 20
191.0
 10
928.8933263011629
 20
191.18092213764228
 10
929.7956287002455
 20
191.70186667064306
 10
930.4653420825391
 20
192.5
 10
930.8216891302225
 20
193.4790554669992
 10
930.8216891302225
 20
194.5209445330008
 10
930.4653420825391
 20
195.5
 10
929.7956287002455
 20
196.29813332935694
 10
928.8933263011629
 20
196.81907786235772
 10
927.8672658711859
 20
197.0
  0
LWPOLYLINE
  5
238
330
17
100
AcDbEntity
  8
CUT_INSIDE
100
AcDbPolyline
 90
21
 70
1
 10
958.7344587696423
 20
43.0
 10
909.1608879864725
 20
43.0
 10
908.1348275564956
 20
42.81907786235772
 10
907.232525157413
 20
42.298133329356936
 10
906.5628117751191
 20
41.5
 10
906.2064647274359
 20
40.52094453300079
 10
906.2064647274359
 20
39.479055466999206
 10
906.5628117751191
 20
38.5
 10
907.232525157413
 20
37.701866670643064
 10
908.1348275564956
 20
37.18092213764228
 10
909.1608879864725
 20
37.0
 10
958.7344587696423
 20
37.0
 10
959.7605191996192
 20
37.18092213764228
 10
960.6628215987018
 20
37.701866670643064
 10
961.3325349809957
 20
38.5
 10
961.6888820286789
 20
39.47905546699921
 10
961.6888820286789
 20
40.520944533000794
 10
961.3325349809957
 20
41.5
 10
960.6628215987018
 20
42.298133329356936
 10
959.7605191996192
 20
42.81907786235772
 10
958.7344587696423
 20
43.0
  0
LWPOLYLINE
  5
239
330
17
100
AcDbEntity
  8
CUT_INSIDE
100
AcDbPolyline
 90
21
 70
1
 10
1032.5636527439156
 20
71.0
 10
938.4555445832061
 20
71.0
 10
937.4294841532292
 20
70.81907786235773
 10
936.5271817541466
 20
70.29813332935693
 10
935.8574683718529
 20
69.5
 10
935.5011213241696
 20
68.52094453300079
 10
935.5011213241696
 20
67.47905546699921
 10
935.8574683718529
 20
66.5
 10
936.5271817541466
 20
65.70186667064307
 10
937.4294841532292
 20
65.18092213764227
 10
938.4555445832061
 20
65.0
 10
1032.5636527439156
 20
65.0
 10
1033.5897131738925
 20
65.18092213764227
 10
1034.492015572975
 20
65.70186667064307
 10
1035.161728955269
 20
66.5
 10
1035.5180760029523
 20
67.47905546699921
 10
1035.5180760029523
 20
68.52094453300079
 10
1035.161728955269
 20
69.5
 10
1034.492015572975
 20
70.29813332935693
 10
1033.5897131738925
 20
70.81907786235773
 10
1032.5636527439156
 20
71.0
  0
LWPOLYLINE
  5
23A
330
17
100
AcDbEntity
  8
CUT_INSIDE
100
AcDbPolyline
 90
21
 70
1
 10
978.2956198664397
 20
99.0
 10
929.5695294823379
 20
99.0
 10
928.5434690523608
 20
98.81907786235773
 10
927.6411666532782
 20
98.29813332935693
 10
926.9714532709845
 20
97.5
 10
926.6151062233012
 20
96.52094453300079
 10
926.6151062233012
 20
95.47905546699921
 10
926.9714532709845
 20
94.5
 10
927.6411666532782
 20
93.70186667064307
 10
928.5434690523608
 20
93.18092213764227
 10
929.5695294823379
 20
93.0
 10
978.2956198664397
 20
93.0
 10
979.3216802964167
 20
93.18092213764227
 10
980.2239826954993
 20
93.70186667064307
 10
980.893696077793
 20
94.5
 10
981.2500431254764
 20
95.47905546699921
 10
981.2500431254764
 20
96.52094453300079
 10
980.893696077793
 20
97.5
 10
980.2239826954993
 20
98.29813332935693
 10
979.3216802964167
 20
98.81907786235773
 10
978.2956198664397
 20
99.0
  0
LWPOLYLINE
  5
23B
330
17
100
AcDbEntity
  8
CUT_INSIDE
100
AcDbPolyline
 90
21
 70
1
 10
960.3493900135395
 20
113.0
 10
928.8388379181604
 20
113.0
 10
927.8127774881833
 20
112.81907786235773
 10
926.9104750891007
 20
112.29813332935693
 10
926.240761706807
 20
111.5
 10
925.8844146591236
 20
110.52094453300079
 10
925.8844146591236
 20
109.47905546699921
 10
926.240761706807
 20
108.5
 10
926.9104750891007
 20
107.70186667064307
 10
927.8127774881833
 20
107.18092213764227
 10
928.8388379181604
 20
107.0
 10
960.3493900135395
 20
107.0
 10
961.3754504435165
 20
107.18092213764227
 10
962.277752842599
 20
107.70186667064307
 10
962.9474662248928
 20
108.5
 10
963.303813272576
 20
109.47905546699921
 10
963.303813272576
 20
110.52094453300079
 10
962.9474662248928
 20
111.5
 10
962.277752842599
 20
112.29813332935693
 10
961.3754504435165
 20
112.81907786235773
 10
960.3493900135395
 20
113.0
  0
LWPOLYLINE
  5
23C
330
17
100
AcDbEntity
  8
CUT_INSIDE
100
AcDbPolyline
 90
21
 70
1
 10
971.5037885907223
 20
127.0
 10
952.8846396675071
 20
127.0
 10
951.8585792375302
 20
126.81907786235772
 10
950.9562768384476
 20
126.29813332935694
 10
950.2865634561539
 20
125.5
 10
949.9302164084706
 20
124.5209445330008
 10
949.9302164084706
 20
123.47905546699921
 10
950.2865634561539
 20
122.5
 10
950.9562768384476
 20
121.70186667064307
 10
951.8585792375302
 20
121.18092213764227
 10
952.8846396675071
 20
121.0
 10
971.5037885907223
 20
121.0
 10
972.5298490206992
 20
121.18092213764227
 10
973.4321514197818
 20
121.70186667064307
 10
974.1018648020755
 20
122.5
 10
974.4582118497588
 20
123.47905546699921
 10
974.4582118497588
 20
124.5209445330008
 10
974.1018648020755
 20
125.5
 10
973.4321514197818
 20
126.29813332935694
 10
972.5298490206992
 20
126.81907786235772
 10
971.5037885907223
 20
127.0
  0
LWPOLYLINE
  5
23D
330
17
100
AcDbEntity
  8
CUT_INSIDE
100
AcDbPolyline
 90
21
 70
1
 10
1011.9093940853321
 20
43.0
 10
990.4285995744544
 20
43.0
 10
989.4025391444775
 20
42.81907786235772
 10
988.5002367453949
 20
42.298133329356936
 10
987.8305233631011
 20
41.5
 10
987.4741763154178
 20
40.52094453300079
 10
987.4741763154178
 20
39.479055466999206
 10
987.8305233631011
 20
38.5
 10
988.5002367453949
 20
37.701866670643064
 10
989.4025391444775
 20
37.18092213764228
 10
990.4285995744544
 20
37.0
 10
1011.9093940853321
 20
37.0
 10
1012.9354545153092
 20
37.18092213764228
 10
1013.8377569143918
 20
37.701866670643064
 10
1014.5074702966854
 20
38.5
 10
1014.8638173443687
 20
39.47905546699921
 10
1014.8638173443687
 20
40.520944533000794
 10
1014.5074702966854
 20
41.5
 10
1013.8377569143918
 20
42.298133329356936
 10
1012.9354545153092
 20
42.81907786235772
 10
1011.9093940853321
 20
43.0
  0
LWPOLYLINE
  5
23E
330
17
100
AcDbEntity
  8
CUT_INSIDE
100
AcDbPolyline
 90
21
 70
1
 10
1044.0
 20
57.0
 10
953.1135217531062
 20
57.0
 10
952.0874613231291
 20
56.81907786235772
 10
951.1851589240465
 20
56.298133329356936
 10
950.5154455417528
 20
55.5
 10
950.1590984940694
 20
54.52094453300079
 10
950.1590984940694
 20
53.479055466999206
 10
950.5154455417528
 20
52.5
 10
951.1851589240465
 20
51.701866670643064
 10
952.0874613231291
 20
51.18092213764228
 10
953.1135217531062
 20
51.0
 10
1044.0
 20
51.0
 10
1045.026060429977
 20
51.18092213764228
 10
1045.9283628290596
 20
51.701866670643064
 10
1046.5980762113534
 20
52.5
 10
1046.9544232590365
 20
53.47905546699921
 10
1046.9544232590365
 20
54.520944533000794
 10
1046.5980762113534
 20
55.5
 10
1045.9283628290596
 20
56.298133329356936
 10
1045.026060429977
 20
56.81907786235772
 10
1044.0
 20
57.0
  0
LWPOLYLINE
  5
23F
330
17
100
AcDbEntity
  8
CUT_INSIDE
100
AcDbPolyline
 90
21
 70
1
 10
1044.0
 20
85.0
 10
937.6016316670066
 20
85.0
 10
936.5755712370296
 20
84.81907786235773
 10
935.673268837947
 20
84.29813332935693
 10
935.0035554556532
 20
83.5
 10
934.64720840797
 20
82.52094453300079
 10
934.64720840797
 20
81.47905546699921
 10
935.0035554556532
 20
80.5
 10
935.673268837947
 20
79.70186667064307
 10
936.5755712370296
 20
79.18092213764227
 10
937.6016316670066
 20
79.0
 10
1044.0
 20
79.0
 10
1045.026060429977
 20
79.18092213764227
 10
1045.9283628290596
 20
79.70186667064307
 10
1046.5980762113534
 20
80.5
 10
1046.9544232590365
 20
81.47905546699921
 10
1046.9544232590365
 20
82.52094453300079
 10
1046.5980762113534
 20
83.5
 10
1045.9283628290596
 20
84.29813332935693
 10
1045.026060429977
 20
84.81907786235773
 10
1044.0
 20
85.0
  0
LWPOLYLINE
  5
240
330
17
100
AcDbEntity
  8
CUT_INSIDE
100
AcDbPolyline
 90
21
 70
1
 10
1029.9412901324024
 20
113.0
 10
977.8003238359206
 20
113.0
 10
976.7742634059437
 20
112.81907786235773
 10
975.871961006861
 20
112.29813332935693
 10
975.2022476245672
 20
111.5
 10
974.845900576884
 20
110.52094453300079
 10
974.845900576884
 20
109.47905546699921
 10
975.2022476245672
 20
108.5
 10
975.871961006861
 20
107.70186667064307
 10
976.7742634059437
 20
107.18092213764227
 10
977.8003238359206
 20
107.0
 10
1029.9412901324024
 20
107.0
 10
1030.9673505623794
 20
107.18092213764227
 10
1031.869652961462
 20
107.70186667064307
 10
1032.5393663437558
 20
108.5
 10
1032.8957133914391
 20
109.47905546699921
 10
1032.8957133914391
 20
110.52094453300079
 10
1032.5393663437558
 20
111.5
 10
1031.869652961462
 20
112.29813332935693
 10
1030.9673505623794
 20
112.81907786235773
 10
1029.9412901324024
 20
113.0
  0
LWPOLYLINE
  5
241
330
17
100
AcDbEntity
  8
CUT_INSIDE
100
AcDbPolyline
 90
21
 70
1
 10
1044.0
 20
99.0
 10
999.0137749561114
 20
99.0
 10
997.9877145261344
 20
98.81907786235773
 10
997.0854121270518
 20
98.29813332935693
 10
996.4156987447582
 20
97.5
 10
996.0593516970748
 20
96.52094453300079
 10
996.0593516970748
 20
95.47905546699921
 10
996.4156987447582
 20
94.5
 10
997.0854121270518
 20
93.70186667064307
 10
997.9877145261344
 20
93.18092213764227
 10
999.0137749561114
 20
93.0
 10
1044.0
 20
93.0
 10
1045.026060429977
 20
93.18092213764227
 10
1045.9283628290596
 20
93.70186667064307
 10
1046.5980762113534
 20
94.5
 10
1046.9544232590365
 20
95.47905546699921
 10
1046.9544232590365
 20
96.52094453300079
 10
1046.5980762113534
 20
97.5
 10
1045.9283628290596
 20
98.29813332935693
 10
1045.026060429977
 20
98.81907786235773
 10
1044.0
 20
99.0
  0
LWPOLYLINE
  5
242
330
17
100
AcDbEntity
  8
CUT_INSIDE
100
AcDbPolyline
 90
21
 70
1
 10
1044.0
 20
127.0
 10
1000.6100772087698
 20
127.0
 10
999.5840167787928
 20
126.81907786235772
 10
998.6817143797102
 20
126.29813332935694
 10
998.0120009974165
 20
125.5
 10
997.6556539497332
 20
124.5209445330008
 10
997.6556539497332
 20
123.47905546699921
 10
998.0120009974165
 20
122.5
 10
998.6817143797102
 20
121.70186667064307
 10
999.5840167787928
 20
121.18092213764227
 10
1000.6100772087698
 20
121.0
 10
1044.0
 20
121.0
 10
1045.026060429977
 20
121.18092213764227
 10
1045.9283628290596
 20
121.70186667064307
 10
1046.5980762113531
 20
122.5
 10
1046.9544232590365
 20
123.47905546699921
 10
1046.9544232590365
 20
124.5209445330008
 10
1046.5980762113531
 20
125.5
 10
1045.9283628290596
 20
126.29813332935694
 10
1045.026060429977
 20
126.81907786235772
 10
1044.0
 20
127.0
  0
LWPOLYLINE
  5
243
330
17
100
AcDbEntity
  8
CUT_INSIDE
100
AcDbPolyline
 90
21
 70
1
 10
966.1251732972567
 20
155.0
 10
920.623974468771
 20
155.0
 10
919.597914038794
 20
154.81907786235772
 10
918.6956116397114
 20
154.29813332935694
 10
918.0258982574178
 20
153.5
 10
917.6695512097344
 20
152.5209445330008
 10
917.6695512097344
 20
151.4790554669992
 10
918.0258982574178
 20
150.5
 10
918.6956116397114
 20
149.70186667064306
 10
919.597914038794
 20
149.18092213764228
 10
920.623974468771
 20
149.0
 10
966.1251732972567
 20
149.0
 10
967.1512337272336
 20
149.18092213764228
 10
968.0535361263162
 20
149.70186667064306
 10
968.72324950861
 20
150.5
 10
969.0795965562933
 20
151.4790554669992
 10
969.0795965562933
 20
152.5209445330008
 10
968.72324950861
 20
153.5
 10
968.0535361263162
 20
154.29813332935694
 10
967.1512337272336
 20
154.81907786235772
 10
966.1251732972567
 20
155.0
  0
LWPOLYLINE
  5
244
330
17
100
AcDbEntity
  8
CUT_INSIDE
100
AcDbPolyline
 90
21
 70
1
 10
946.8088047945095
 20
169.0
 10
921.1763041027928
 20
169.0
 10
920.1502436728158
 20
168.81907786235772
 10
919.2479412737332
 20
168.29813332935694
 10
918.5782278914394
 20
167.5
 10
918.2218808437561
 20
166.5209445330008
 10
918.2218808437561
 20
165.4790554669992
 10
918.5782278914394
 20
164.5
 10
919.2479412737332
 20
163.70186667064306
 10
920.1502436728158
 20
163.18092213764228
 10
921.1763041027928
 20
163.0
 10
946.8088047945095
 20
163.0
 10
947.8348652244865
 20
163.18092213764228
 10
948.7371676235691
 20
163.70186667064306
 10
949.4068810058627
 20
164.5
 10
949.7632280535461
 20
165.4790554669992
 10
949.7632280535461
 20
166.5209445330008
 10
949.4068810058627
 20
167.5
 10
948.7371676235691
 20
168.29813332935694
 10
947.8348652244865
 20
168.81907786235772
 10
946.8088047945095
 20
169.0
  0
LWPOLYLINE
  5
245
330
17
100
AcDbEntity
  8
CUT_INSIDE
100
AcDbPolyline
 90
21
 70
1
 10
992.4435648861374
 20
169.0
 10
966.8678986476546
 20
169.0
 10
965.8418382176776
 20
168.81907786235772
 10
964.939535818595
 20
168.29813332935694
 10
964.2698224363013
 20
167.5
 10
963.9134753886179
 20
166.5209445330008
 10
963.9134753886179
 20
165.4790554669992
 10
964.2698224363013
 20
164.5
 10
964.939535818595
 20
163.70186667064306
 10
965.8418382176776
 20
163.18092213764228
 10
966.8678986476546
 20
163.0
 10
992.4435648861374
 20
163.0
 10
993.4696253161144
 20
163.18092213764228
 10
994.371927715197
 20
163.70186667064306
 10
995.0416410974907
 20
164.5
 10
995.397988145174
 20
165.4790554669992
 10
995.397988145174
 20
166.5209445330008
 10
995.0416410974907
 20
167.5
 10
994.371927715197
 20
168.29813332935694
 10
993.4696253161144
 20
168.81907786235772
 10
992.4435648861374
 20
169.0
  0
LWPOLYLINE
  5
246
330
17
100
AcDbEntity
  8
CUT_INSIDE
100
AcDbPolyline
 90
21
 70
1
 10
961.3861124680074
 20
211.0
 10
911.264950802561
 20
211.0
 10
910.2388903725839
 20
210.81907786235772
 10
909.3365879735013
 20
210.29813332935694
 10
908.6668745912077
 20
209.5
 10
908.3105275435244
 20
208.5209445330008
 10
908.3105275435244
 20
207.4790554669992
 10
908.6668745912077
 20
206.5
 10
909.3365879735013
 20
205.70186667064306
 10
910.2388903725839
 20
205.18092213764228
 10
911.264950802561
 20
205.0
 10
961.3861124680074
 20
205.0
 10
962.4121728979844
 20
205.18092213764228
 10
963.314475297067
 20
205.70186667064306
 10
963.9841886793606
 20
206.5
 10
964.340535727044
 20
207.4790554669992
 10
964.340535727044
 20
208.5209445330008
 10
963.9841886793606
 20
209.5
 10
963.314475297067
 20
210.29813332935694
 10
962.4121728979844
 20
210.81907786235772
 10
961.3861124680074
 20
211.0
  0
LWPOLYLINE
  5
247
330
17
100
AcDbEntity
  8
CUT_INSIDE
100
AcDbPolyline
 90
21
 70
1
 10
960.0917036042463
 20
225.0
 10
914.860523407317
 20
225.0
 10
913.8344629773401
 20
224.81907786235772
 10
912.9321605782574
 20
224.29813332935694
 10
912.2624471959637
 20
223.5
 10
911.9061001482804
 20
222.5209445330008
 10
911.9061001482804
 20
221.4790554669992
 10
912.2624471959637
 20
220.5
 10
912.9321605782574
 20
219.70186667064306
 10
913.8344629773401
 20
219.18092213764228
 10
914.860523407317
 20
219.0
 10
960.0917036042463
 20
219.0
 10
961.1177640342232
 20
219.18092213764228
 10
962.0200664333059
 20
219.70186667064306
 10
962.6897798155996
 20
220.5
 10
963.0461268632829
 20
221.4790554669992
 10
963.0461268632829
 20
222.5209445330008
 10
962.6897798155996
 20
223.5
 10
962.0200664333059
 20
224.29813332935694
 10
961.1177640342232
 20
224.81907786235772
 10
960.0917036042463
 20
225.0
  0
LWPOLYLINE
  5
248
330
17
100
AcDbEntity
  8
CUT_INSIDE
100
AcDbPolyline
 90
21
 70
1
 10
981.9085357448628
 20
197.0
 10
962.8736395805886
 20
197.0
 10
961.8475791506116
 20
196.81907786235772
 10
960.945276751529
 20
196.29813332935694
 10
960.2755633692353
 20
195.5
 10
959.9192163215521
 20
194.5209445330008
 10
959.9192163215521
 20
193.4790554669992
 10
960.2755633692353
 20
192.5
 10
960.945276751529
 20
191.70186667064306
 10
961.8475791506116
 20
191.18092213764228
 10
962.8736395805886
 20
191.0
 10
981.9085357448628
 20
191.0
 10
982.9345961748397
 20
191.18092213764228
 10
983.8368985739223
 20
191.70186667064306
 10
984.506611956216
 20
192.5
 10
984.8629590038993
 20
193.4790554669992
 10
984.8629590038993
 20
194.5209445330008
 10
984.506611956216
 20
195.5
 10
983.8368985739223
 20
196.29813332935694
 10
982.9345961748397
 20
196.81907786235772
 10
981.9085357448628
 20
197.0
  0
LWPOLYLINE
  5
249
330
17
100
AcDbEntity
  8
CUT_INSIDE
100
AcDbPolyline
 90
21
 70
1
 10
1029.7486424281587
 20
141.0
 10
988.4070361636776
 20
141.0
 10
987.3809757337006
 20
140.81907786235772
 10
986.478673334618
 20
140.29813332935694
 10
985.8089599523244
 20
139.5
 10
985.452612904641
 20
138.5209445330008
 10
985.452612904641
 20
137.4790554669992
 10
985.8089599523244
 20
136.5
 10
986.478673334618
 20
135.70186667064306
 10
987.3809757337006
 20
135.18092213764228
 10
988.4070361636776
 20
135.0
 10
1029.7486424281587
 20
135.0
 10
1030.7747028581357
 20
135.18092213764228
 10
1031.6770052572183
 20
135.70186667064306
 10
1032.346718639512
 20
136.5
 10
1032.7030656871952
 20
137.4790554669992
 10
1032.7030656871952
 20
138.5209445330008
 10
1032.346718639512
 20
139.5
 10
1031.6770052572183
 20
140.29813332935694
 10
1030.7747028581357
 20
140.81907786235772
 10
1029.7486424281587
 20
141.0
  0
LWPOLYLINE
  5
24A
330
17
100
AcDbEntity
  8
CUT_INSIDE
100
AcDbPolyline
 90
21
 70
1
 10
1031.0219618090678
 20
155.0
 10
998.4004607964027
 20
155.0
 10
997.3744003664258
 20
154.81907786235772
 10
996.4720979673432
 20
154.29813332935694
 10
995.8023845850494
 20
153.5
 10
995.4460375373661
 20
152.5209445330008
 10
995.4460375373661
 20
151.4790554669992
 10
995.8023845850494
 20
150.5
 10
996.4720979673432
 20
149.70186667064306
 10
997.3744003664258
 20
149.18092213764228
 10
998.4004607964027
 20
149.0
 10
1031.0219618090678
 20
149.0
 10
1032.0480222390447
 20
149.18092213764228
 10
1032.9503246381273
 20
149.70186667064306
 10
1033.620038020421
 20
150.5
 10
1033.9763850681043
 20
151.4790554669992
 10
1033.9763850681043
 20
152.5209445330008
 10
1033.620038020421
 20
153.5
 10
1032.9503246381273
 20
154.29813332935694
 10
1032.0480222390447
 20
154.81907786235772
 10
1031.0219618090678
 20
155.0
  0
LWPOLYLINE
  5
24B
330
17
100
AcDbEntity
  8
CUT_INSIDE
100
AcDbPolyline
 90
21
 70
1
 10
1007.0219266522683
 20
183.0
 10
969.099171224374
 20
183.0
 10
968.073110794397
 20
182.81907786235772
 10
967.1708083953145
 20
182.29813332935694
 10
966.5010950130207
 20
181.5
 10
966.1447479653375
 20
180.5209445330008
 10
966.1447479653375
 20
179.4790554669992
 10
966.5010950130207
 20
178.5
 10
967.1708083953145
 20
177.70186667064306
 10
968.073110794397
 20
177.18092213764228
 10
969.099171224374
 20
177.0
 10
1007.0219266522683
 20
177.0
 10
1008.0479870822453
 20
177.18092213764228
 10
1008.9502894813279
 20
177.70186667064306
 10
1009.6200028636216
 20
178.5
 10
1009.9763499113049
 20
179.4790554669992
 10
1009.9763499113049
 20
180.5209445330008
 10
1009.6200028636216
 20
181.5
 10
1008.9502894813279
 20
182.29813332935694
 10
1008.0479870822453
 20
182.81907786235772
 10
1007.0219266522683
 20
183.0
  0
LWPOLYLINE
  5
24C
330
17
100
AcDbEntity
  8
CUT_INSIDE
100
AcDbPolyline
 90
21
 70
1
 10
1044.0
 20
169.0
 10
1013.581493937816
 20
169.0
 10
1012.5554335078391
 20
168.81907786235772
 10
1011.6531311087565
 20
168.29813332935694
 10
1010.9834177264628
 20
167.5
 10
1010.6270706787794
 20
166.5209445330008
 10
1010.6270706787794
 20
165.4790554669992
 10
1010.9834177264628
 20
164.5
 10
1011.6531311087565
 20
163.70186667064306
 10
1012.5554335078391
 20
163.18092213764228
 10
1013.581493937816
 20
163.0
 10
1044.0
 20
163.0
 10
1045.026060429977
 20
163.18092213764228
 10
1045.9283628290596
 20
163.70186667064306
 10
1046.5980762113531
 20
164.5
 10
1046.9544232590365
 20
165.4790554669992
 10
1046.9544232590365
 20
166.5209445330008
 10
1046.5980762113531
 20
167.5
 10
1045.9283628290596
 20
168.29813332935694
 10
1045.026060429977
 20
168.81907786235772
 10
1044.0
 20
169.0
  0
LWPOLYLINE
  5
24D
330
17
100
AcDbEntity
  8
CUT_INSIDE
100
AcDbPolyline
 90
21
 70
1
 10
1025.7784498164265
 20
225.0
 10
992.6366206703727
 20
225.0
 10
991.6105602403957
 20
224.81907786235772
 10
990.7082578413131
 20
224.29813332935694
 10
990.0385444590195
 20
223.5
 10
989.6821974113361
 20
222.5209445330008
 10
989.6821974113361
 20
221.4790554669992
 10
990.0385444590195
 20
220.5
 10
990.7082578413131
 20
219.70186667064306
 10
991.6105602403957
 20
219.18092213764228
 10
992.6366206703727
 20
219.0
 10
1025.7784498164265
 20
219.0
 10
1026.8045102464034
 20
219.18092213764228
 10
1027.706812645486
 20
219.70186667064306
 10
1028.3765260277796
 20
220.5
 10
1028.732873075463
 20
221.4790554669992
 10
1028.732873075463
 20
222.5209445330008
 10
1028.3765260277796
 20
223.5
 10
1027.706812645486
 20
224.29813332935694
 10
1026.8045102464034
 20
224.81907786235772
 10
1025.7784498164265
 20
225.0
  0
LWPOLYLINE
  5
24E
330
17
100
AcDbEntity
  8
CUT_INSIDE
100
AcDbPolyline
 90
21
 70
1
 10
1040.811892865474
 20
197.0
 10
1020.2910276122826
 20
197.0
 10
1019.2649671823056
 20
196.81907786235772
 10
1018.362664783223
 20
196.29813332935694
 10
1017.6929514009294
 20
195.5
 10
1017.336604353246
 20
194.5209445330008
 10
1017.336604353246
 20
193.4790554669992
 10
1017.6929514009294
 20
192.5
 10
1018.362664783223
 20
191.70186667064306
 10
1019.2649671823056
 20
191.18092213764228
 10
1020.2910276122826
 20
191.0
 10
1040.811892865474
 20
191.0
 10
1041.837953295451
 20
191.18092213764228
 10
1042.7402556945337
 20
191.70186667064306
 10
1043.4099690768273
 20
192.5
 10
1043.7663161245107
 20
193.4790554669992
 10
1043.7663161245107
 20
194.5209445330008
 10
1043.4099690768273
 20
195.5
 10
1042.7402556945337
 20
196.29813332935694
 10
1041.837953295451
 20
196.81907786235772
 10
1040.811892865474
 20
197.0
  0
LWPOLYLINE
  5
24F
330
17
100
AcDbEntity
  8
CUT_INSIDE
100
AcDbPolyline
 90
21
 70
1
 10
1044.0
 20
211.0
 10
1000.8427170041576
 20
211.0
 10
999.8166565741806
 20
210.81907786235772
 10
998.914354175098
 20
210.29813332935694
 10
998.2446407928044
 20
209.5
 10
997.888293745121
 20
208.5209445330008
 10
997.888293745121
 20
207.4790554669992
 10
998.2446407928044
 20
206.5
 10
998.914354175098
 20
205.70186667064306
 10
999.8166565741806
 20
205.18092213764228
 10
1000.8427170041576
 20
205.0
 10
1044.0
 20
205.0
 10
1045.026060429977
 20
205.18092213764228
 10
1045.9283628290596
 20
205.70186667064306
 10
1046.5980762113534
 20
206.5
 10
1046.9544232590365
 20
207.4790554669992
 10
1046.9544232590365
 20
208.5209445330008
 10
1046.5980762113534
 20
209.5
 10
1045.9283628290596
 20
210.29813332935694
 10
1045.026060429977
 20
210.81907786235772
 10
1044.0
 20
211.0
  0
LWPOLYLINE
  5
250
330
17
100
AcDbEntity
  8
CUT_INSIDE
100
AcDbPolyline
 90
21
 70
1
 10
820.8799877688981
 20
239.0
 10
797.633250644909
 20
239.0
 10
796.607190214932
 20
238.81907786235772
 10
795.7048878158494
 20
238.29813332935694
 10
795.0351744335558
 20
237.5
 10
794.6788273858724
 20
236.5209445330008
 10
794.6788273858724
 20
235.4790554669992
 10
795.0351744335558
 20
234.5
 10
795.7048878158494
 20
233.70186667064306
 10
796.607190214932
 20
233.18092213764228
 10
797.633250644909
 20
233.0
 10
820.8799877688981
 20
233.0
 10
821.9060481988752
 20
233.18092213764228
 10
822.8083505979578
 20
233.70186667064306
 10
823.4780639802514
 20
234.5
 10
823.8344110279347
 20
235.4790554669992
 10
823.8344110279347
 20
236.5209445330008
 10
823.4780639802514
 20
237.5
 10
822.8083505979578
 20
238.29813332935694
 10
821.9060481988752
 20
238.81907786235772
 10
820.8799877688981
 20
239.0
  0
LWPOLYLINE
  5
251
330
17
100
AcDbEntity
  8
CUT_INSIDE
100
AcDbPolyline
 90
21
 70
1
 10
842.0346645286991
 20
253.0
 10
821.6161924277491
 20
253.0
 10
820.590131997772
 20
252.81907786235774
 10
819.6878295986894
 20
252.29813332935692
 10
819.0181162163958
 20
251.5
 10
818.6617691687125
 20
250.5209445330008
 10
818.6617691687125
 20
249.4790554669992
 10
819.0181162163958
 20
248.5
 10
819.6878295986894
 20
247.70186667064306
 10
820.590131997772
 20
247.18092213764228
 10
821.6161924277491
 20
247.0
 10
842.0346645286991
 20
247.0
 10
843.060724958676
 20
247.18092213764228
 10
843.9630273577586
 20
247.70186667064306
 10
844.6327407400524
 20
248.5
 10
844.9890877877357
 20
249.4790554669992
 10
844.9890877877357
 20
250.5209445330008
 10
844.6327407400524
 20
251.5
 10
843.9630273577586
 20
252.29813332935692
 10
843.060724958676
 20
252.81907786235774
 10
842.0346645286991
 20
253.0
  0
LWPOLYLINE
  5
252
330
17
100
AcDbEntity
  8
CUT_INSIDE
100
AcDbPolyline
 90
21
 70
1
 10
831.1572336092655
 20
295.0
 10
808.2431249511067
 20
295.0
 10
807.2170645211297
 20
294.81907786235774
 10
806.3147621220471
 20
294.2981333293569
 10
805.6450487397533
 20
293.5
 10
805.28870169207
 20
292.5209445330008
 10
805.28870169207
 20
291.4790554669992
 10
805.6450487397533
 20
290.5
 10
806.3147621220471
 20
289.7018666706431
 10
807.2170645211297
 20
289.18092213764226
 10
808.2431249511067
 20
289.0
 10
831.1572336092655
 20
289.0
 10
832.1832940392426
 20
289.18092213764226
 10
833.0855964383252
 20
289.7018666706431
 10
833.7553098206188
 20
290.5
 10
834.1116568683021
 20
291.4790554669992
 10
834.1116568683021
 20
292.5209445330008
 10
833.7553098206188
 20
293.5
 10
833.0855964383252
 20
294.2981333293569
 10
832.1832940392426
 20
294.81907786235774
 10
831.1572336092655
 20
295.0
  0
LWPOLYLINE
  5
253
330
17
100
AcDbEntity
  8
CUT_INSIDE
100
AcDbPolyline
 90
21
 70
1
 10
824.7160152175928
 20
323.0
 10
794.5998593887899
 20
323.0
 10
793.5737989588129
 20
322.81907786235774
 10
792.6714965597303
 20
322.2981333293569
 10
792.0017831774367
 20
321.5
 10
791.6454361297533
 20
320.5209445330008
 10
791.6454361297533
 20
319.4790554669992
 10
792.0017831774367
 20
318.5
 10
792.6714965597303
 20
317.7018666706431
 10
793.5737989588129
 20
317.18092213764226
 10
794.5998593887899
 20
317.0
 10
824.7160152175928
 20
317.0
 10
825.7420756475699
 20
317.18092213764226
 10
826.6443780466525
 20
317.7018666706431
 10
827.3140914289461
 20
318.5
 10
827.6704384766294
 20
319.4790554669992
 10
827.6704384766294
 20
320.5209445330008
 10
827.3140914289461
 20
321.5
 10
826.6443780466525
 20
322.2981333293569
 10
825.7420756475699
 20
322.81907786235774
 10
824.7160152175928
 20
323.0
  0
LWPOLYLINE
  5
254
330
17
100
AcDbEntity
  8
CUT_INSIDE
100
AcDbPolyline
 90
21
 70
1
 10
862.1031403569478
 20
309.0
 10
820.3743089489036
 20
309.0
 10
819.3482485189265
 20
308.81907786235774
 10
818.4459461198439
 20
308.2981333293569
 10
817.7762327375503
 20
307.5
 10
817.419885689867
 20
306.5209445330008
 10
817.419885689867
 20
305.4790554669992
 10
817.7762327375503
 20
304.5
 10
818.4459461198439
 20
303.7018666706431
 10
819.3482485189265
 20
303.18092213764226
 10
820.3743089489036
 20
303.0
 10
862.1031403569478
 20
303.0
 10
863.1292007869249
 20
303.18092213764226
 10
864.0315031860075
 20
303.7018666706431
 10
864.7012165683011
 20
304.5
 10
865.0575636159845
 20
305.4790554669992
 10
865.0575636159845
 20
306.5209445330008
 10
864.7012165683011
 20
307.5
 10
864.0315031860075
 20
308.2981333293569
 10
863.1292007869249
 20
308.81907786235774
 10
862.1031403569478
 20
309.0
  0
LWPOLYLINE
  5
255
330
17
100
AcDbEntity
  8
CUT_INSIDE
100
AcDbPolyline
 90
21
 70
1
 10
891.5415602765679
 20
239.0
 10
857.2984973966845
 20
239.0
 10
856.2724369667076
 20
238.81907786235772
 10
855.3701345676249
 20
238.29813332935694
 10
854.7004211853312
 20
237.5
 10
854.3440741376478
 20
236.5209445330008
 10
854.3440741376478
 20
235.4790554669992
 10
854.7004211853312
 20
234.5
 10
855.3701345676249
 20
233.70186667064306
 10
856.2724369667075
 20
233.18092213764228
 10
857.2984973966845
 20
233.0
 10
891.5415602765679
 20
233.0
 10
892.5676207065449
 20
233.18092213764228
 10
893.4699231056276
 20
233.70186667064306
 10
894.1396364879213
 20
234.5
 10
894.4959835356046
 20
235.4790554669992
 10
894.4959835356046
 20
236.5209445330008
 10
894.1396364879213
 20
237.5
 10
893.4699231056276
 20
238.29813332935694
 10
892.567620706545
 20
238.81907786235772
 10
891.5415602765679
 20
239.0
  0
LWPOLYLINE
  5
256
330
17
100
AcDbEntity
  8
CUT_INSIDE
100
AcDbPolyline
 90
21
 70
1
 10
915.7822570079734
 20
253.0
 10
868.4429267041805
 20
253.0
 10
867.4168662742036
 20
252.81907786235774
 10
866.514563875121
 20
252.29813332935692
 10
865.8448504928273
 20
251.5
 10
865.488503445144
 20
250.5209445330008
 10
865.488503445144
 20
249.4790554669992
 10
865.8448504928273
 20
248.5
 10
866.514563875121
 20
247.70186667064306
 10
867.4168662742036
 20
247.18092213764228
 10
868.4429267041805
 20
247.0
 10
915.7822570079734
 20
247.0
 10
916.8083174379504
 20
247.18092213764228
 10
917.710619837033
 20
247.70186667064306
 10
918.3803332193268
 20
248.5
 10
918.7366802670101
 20
249.4790554669992
 10
918.7366802670101
 20
250.5209445330008
 10
918.3803332193268
 20
251.5
 10
917.710619837033
 20
252.29813332935692
 10
916.8083174379504
 20
252.81907786235774
 10
915.7822570079734
 20
253.0
  0
LWPOLYLINE
  5
257
330
17
100
AcDbEntity
  8
CUT_INSIDE
100
AcDbPolyline
 90
21
 70
1
 10
895.8107168793047
 20
267.0
 10
865.4243268555049
 20
267.0
 10
864.3982664255279
 20
266.81907786235774
 10
863.4959640264453
 20
266.2981333293569
 10
862.8262506441516
 20
265.5
 10
862.4699035964684
 20
264.5209445330008
 10
862.4699035964684
 20
263.4790554669992
 10
862.8262506441516
 20
262.5
 10
863.4959640264453
 20
261.7018666706431
 10
864.3982664255279
 20
261.18092213764226
 10
865.4243268555049
 20
261.0
 10
895.8107168793047
 20
261.0
 10
896.8367773092816
 20
261.18092213764226
 10
897.7390797083642
 20
261.7018666706431
 10
898.4087930906579
 20
262.5
 10
898.7651401383412
 20
263.4790554669992
 10
898.7651401383412
 20
264.5209445330008
 10
898.4087930906579
 20
265.5
 10
897.7390797083642
 20
266.2981333293569
 10
896.8367773092816
 20
266.81907786235774
 10
895.8107168793047
 20
267.0
  0
LWPOLYLINE
  5
258
330
17
100
AcDbEntity
  8
CUT_INSIDE
100
AcDbPolyline
 90
21
 70
1
 10
915.6921649829699
 20
281.0
 10
876.2361125530772
 20
281.0
 10
875.2100521231001
 20
280.81907786235774
 10
874.3077497240175
 20
280.2981333293569
 10
873.6380363417238
 20
279.5
 10
873.2816892940405
 20
278.5209445330008
 10
873.2816892940405
 20
277.4790554669992
 10
873.6380363417238
 20
276.5
 10
874.3077497240175
 20
275.7018666706431
 10
875.2100521231001
 20
275.18092213764226
 10
876.2361125530772
 20
275.0
 10
915.6921649829699
 20
275.0
 10
916.7182254129468
 20
275.18092213764226
 10
917.6205278120294
 20
275.7018666706431
 10
918.2902411943231
 20
276.5
 10
918.6465882420064
 20
277.4790554669992
 10
918.6465882420064
 20
278.5209445330008
 10
918.2902411943231
 20
279.5
 10
917.6205278120294
 20
280.2981333293569
 10
916.7182254129468
 20
280.81907786235774
 10
915.6921649829699
 20
281.0
  0
LWPOLYLINE
  5
259
330
17
100
AcDbEntity
  8
CUT_INSIDE
100
AcDbPolyline
 90
21
 70
1
 10
919.7692005373075
 20
295.0
 10
849.705393332125
 20
295.0
 10
848.679332902148
 20
294.81907786235774
 10
847.7770305030654
 20
294.2981333293569
 10
847.1073171207718
 20
293.5
 10
846.7509700730884
 20
292.5209445330008
 10
846.7509700730884
 20
291.4790554669992
 10
847.1073171207718
 20
290.5
 10
847.7770305030654
 20
289.7018666706431
 10
848.679332902148
 20
289.18092213764226
 10
849.705393332125
 20
289.0
 10
919.7692005373075
 20
289.0
 10
920.7952609672845
 20
289.18092213764226
 10
921.6975633663671
 20
289.7018666706431
 10
922.3672767486607
 20
290.5
 10
922.7236237963441
 20
291.4790554669992
 10
922.7236237963441
 20
292.5209445330008
 10
922.3672767486607
 20
293.5
 10
921.6975633663671
 20
294.2981333293569
 10
920.7952609672845
 20
294.81907786235774
 10
919.7692005373075
 20
295.0
  0
LWPOLYLINE
  5
25A
330
17
100
AcDbEntity
  8
CUT_INSIDE
100
AcDbPolyline
 90
21
 70
1
 10
902.4120943613947
 20
323.0
 10
862.2330968948945
 20
323.0
 10
861.2070364649176
 20
322.81907786235774
 10
860.304734065835
 20
322.2981333293569
 10
859.6350206835411
 20
321.5
 10
859.2786736358579
 20
320.5209445330008
 10
859.2786736358579
 20
319.4790554669992
 10
859.6350206835411
 20
318.5
 10
860.304734065835
 20
317.7018666706431
 10
861.2070364649176
 20
317.18092213764226
 10
862.2330968948945
 20
317.0
 10
902.4120943613947
 20
317.0
 10
903.4381547913717
 20
317.18092213764226
 10
904.3404571904543
 20
317.7018666706431
 10
905.0101705727479
 20
318.5
 10
905.3665176204313
 20
319.4790554669992
 10
905.3665176204313
 20
320.5209445330008
 10
905.0101705727479
 20
321.5
 10
904.3404571904543
 20
322.2981333293569
 10
903.4381547913717
 20
322.81907786235774
 10
902.4120943613947
 20
323.0
  0
LWPOLYLINE
  5
25B
330
17
100
AcDbEntity
  8
CUT_INSIDE
100
AcDbPolyline
 90
21
 70
1
 10
920.007903857454
 20
309.0
 10
887.8303905613673
 20
309.0
 10
886.8043301313903
 20
308.81907786235774
 10
885.9020277323077
 20
308.2981333293569
 10
885.2323143500139
 20
307.5
 10
884.8759673023307
 20
306.5209445330008
 10
884.8759673023307
 20
305.4790554669992
 10
885.2323143500139
 20
304.5
 10
885.9020277323077
 20
303.7018666706431
 10
886.8043301313903
 20
303.18092213764226
 10
887.8303905613673
 20
303.0
 10
920.007903857454
 20
303.0
 10
921.033964287431
 20
303.18092213764226
 10
921.9362666865136
 20
303.7018666706431
 10
922.6059800688074
 20
304.5
 10
922.9623271164907
 20
305.4790554669992
 10
922.9623271164907
 20
306.5209445330008
 10
922.6059800688074
 20
307.5
 10
921.9362666865136
 20
308.2981333293569
 10
921.033964287431
 20
308.81907786235774
 10
920.007903857454
 20
309.0
  0
LWPOLYLINE
  5
25C
330
17
100
AcDbEntity
  8
CUT_INSIDE
100
AcDbPolyline
 90
21
 70
1
 10
860.3326898641546
 20
365.0
 10
770.3775270777286
 20
365.0
 10
769.3514666477515
 20
364.81907786235774
 10
768.4491642486689
 20
364.2981333293569
 10
767.7794508663753
 20
363.5
 10
767.423103818692
 20
362.5209445330008
 10
767.423103818692
 20
361.4790554669992
 10
767.7794508663753
 20
360.5
 10
768.4491642486689
 20
359.7018666706431
 10
769.3514666477515
 20
359.18092213764226
 10
770.3775270777286
 20
359.0
 10
860.3326898641546
 20
359.0
 10
861.3587502941316
 20
359.18092213764226
 10
862.2610526932142
 20
359.7018666706431
 10
862.930766075508
 20
360.5
 10
863.2871131231913
 20
361.4790554669992
 10
863.2871131231913
 20
362.5209445330008
 10
862.930766075508
 20
363.5
 10
862.2610526932142
 20
364.2981333293569
 10
861.3587502941316
 20
364.81907786235774
 10
860.3326898641546
 20
365.0
  0
LWPOLYLINE
  5
25D
330
17
100
AcDbEntity
  8
CUT_INSIDE
100
AcDbPolyline
 90
21
 70
1
 10
890.5807612733771
 20
337.0
 10
840.4737437353737
 20
337.0
 10
839.4476833053966
 20
336.81907786235774
 10
838.545380906314
 20
336.2981333293569
 10
837.8756675240204
 20
335.5
 10
837.519320476337
 20
334.5209445330008
 10
837.519320476337
 20
333.4790554669992
 10
837.8756675240204
 20
332.5
 10
838.545380906314
 20
331.7018666706431
 10
839.4476833053966
 20
331.18092213764226
 10
840.4737437353737
 20
331.0
 10
890.5807612733771
 20
331.0
 10
891.6068217033542
 20
331.18092213764226
 10
892.5091241024368
 20
331.7018666706431
 10
893.1788374847304
 20
332.5
 10
893.5351845324137
 20
333.4790554669992
 10
893.5351845324137
 20
334.5209445330008
 10
893.1788374847304
 20
335.5
 10
892.5091241024368
 20
336.2981333293569
 10
891.6068217033542
 20
336.81907786235774
 10
890.5807612733771
 20
337.0
  0
LWPOLYLINE
  5
25E
330
17
100
AcDbEntity
  8
CUT_INSIDE
100
AcDbPolyline
 90
21
 70
1
 10
894.773997695396
 20
351.0
 10
830.2129493731396
 20
351.0
 10
829.1868889431626
 20
350.81907786235774
 10
828.28458654408
 20
350.2981333293569
 10
827.6148731617864
 20
349.5
 10
827.258526114103
 20
348.5209445330008
 10
827.258526114103
 20
347.4790554669992
 10
827.6148731617864
 20
346.5
 10
828.28458654408
 20
345.7018666706431
 10
829.1868889431626
 20
345.18092213764226
 10
830.2129493731396
 20
345.0
 10
894.773997695396
 20
345.0
 10
895.800058125373
 20
345.18092213764226
 10
896.7023605244556
 20
345.7018666706431
 10
897.3720739067494
 20
346.5
 10
897.7284209544326
 20
347.4790554669992
 10
897.7284209544326
 20
348.5209445330008
 10
897.3720739067494
 20
349.5
 10
896.7023605244556
 20
350.2981333293569
 10
895.800058125373
 20
350.81907786235774
 10
894.773997695396
 20
351.0
  0
LWPOLYLINE
  5
25F
330
17
100
AcDbEntity
  8
CUT_INSIDE
100
AcDbPolyline
 90
21
 70
1
 10
853.0278603362733
 20
379.0
 10
831.9264013177126
 20
379.0
 10
830.9003408877356
 20
378.81907786235774
 10
829.998038488653
 20
378.2981333293569
 10
829.3283251063593
 20
377.5
 10
828.9719780586761
 20
376.5209445330008
 10
828.9719780586761
 20
375.4790554669992
 10
829.3283251063593
 20
374.5
 10
829.998038488653
 20
373.7018666706431
 10
830.9003408877356
 20
373.18092213764226
 10
831.9264013177126
 20
373.0
 10
853.0278603362733
 20
373.0
 10
854.0539207662503
 20
373.18092213764226
 10
854.9562231653329
 20
373.7018666706431
 10
855.6259365476266
 20
374.5
 10
855.9822835953098
 20
375.4790554669992
 10
855.9822835953098
 20
376.5209445330008
 10
855.6259365476266
 20
377.5
 10
854.9562231653329
 20
378.2981333293569
 10
854.0539207662503
 20
378.81907786235774
 10
853.0278603362733
 20
379.0
  0
LWPOLYLINE
  5
260
330
17
100
AcDbEntity
  8
CUT_INSIDE
100
AcDbPolyline
 90
21
 70
1
 10
834.2442421995461
 20
393.0
 10
794.4048905601514
 20
393.0
 10
793.3788301301745
 20
392.81907786235774
 10
792.4765277310919
 20
392.2981333293569
 10
791.8068143487982
 20
391.5
 10
791.4504673011149
 20
390.5209445330008
 10
791.4504673011149
 20
389.4790554669992
 10
791.8068143487982
 20
388.5
 10
792.4765277310919
 20
387.7018666706431
 10
793.3788301301745
 20
387.18092213764226
 10
794.4048905601514
 20
387.0
 10
834.2442421995461
 20
387.0
 10
835.2703026295231
 20
387.18092213764226
 10
836.1726050286057
 20
387.7018666706431
 10
836.8423184108995
 20
388.5
 10
837.1986654585828
 20
389.4790554669992
 10
837.1986654585828
 20
390.5209445330008
 10
836.8423184108995
 20
391.5
 10
836.1726050286057
 20
392.2981333293569
 10
835.2703026295231
 20
392.81907786235774
 10
834.2442421995461
 20
393.0
  0
LWPOLYLINE
  5
261
330
17
100
AcDbEntity
  8
CUT_INSIDE
100
AcDbPolyline
 90
21
 70
1
 10
843.3011410505387
 20
407.0
 10
798.1194656919574
 20
407.0
 10
797.0934052619805
 20
406.81907786235774
 10
796.1911028628979
 20
406.2981333293569
 10
795.5213894806042
 20
405.5
 10
795.1650424329209
 20
404.5209445330008
 10
795.1650424329209
 20
403.4790554669992
 10
795.5213894806042
 20
402.5
 10
796.1911028628979
 20
401.7018666706431
 10
797.0934052619805
 20
401.18092213764226
 10
798.1194656919574
 20
401.0
 10
843.3011410505387
 20
401.0
 10
844.3272014805158
 20
401.18092213764226
 10
845.2295038795984
 20
401.7018666706431
 10
845.8992172618921
 20
402.5
 10
846.2555643095754
 20
403.4790554669992
 10
846.2555643095754
 20
404.5209445330008
 10
845.8992172618921
 20
405.5
 10
845.2295038795984
 20
406.2981333293569
 10
844.3272014805158
 20
406.81907786235774
 10
843.3011410505387
 20
407.0
  0
LWPOLYLINE
  5
262
330
17
100
AcDbEntity
  8
CUT_INSIDE
100
AcDbPolyline
 90
21
 70
1
 10
852.1902753892225
 20
421.0
 10
819.3172567491479
 20
421.0
 10
818.2911963191709
 20
420.81907786235774
 10
817.3888939200883
 20
420.2981333293569
 10
816.7191805377945
 20
419.5
 10
816.3628334901113
 20
418.5209445330008
 10
816.3628334901113
 20
417.4790554669992
 10
816.7191805377945
 20
416.5
 10
817.3888939200883
 20
415.7018666706431
 10
818.2911963191709
 20
415.18092213764226
 10
819.3172567491479
 20
415.0
 10
852.1902753892225
 20
415.0
 10
853.2163358191995
 20
415.18092213764226
 10
854.1186382182821
 20
415.7018666706431
 10
854.7883516005759
 20
416.5
 10
855.1446986482591
 20
417.4790554669992
 10
855.1446986482591
 20
418.5209445330008
 10
854.7883516005759
 20
419.5
 10
854.1186382182821
 20
420.2981333293569
 10
853.2163358191995
 20
420.81907786235774
 10
852.1902753892225
 20
421.0
  0
LWPOLYLINE
  5
263
330
17
100
AcDbEntity
  8
CUT_INSIDE
100
AcDbPolyline
 90
21
 70
1
 10
927.7346597642071
 20
365.0
 10
885.6916232627814
 20
365.0
 10
884.6655628328044
 20
364.81907786235774
 10
883.7632604337217
 20
364.2981333293569
 10
883.093547051428
 20
363.5
 10
882.7372000037448
 20
362.5209445330008
 10
882.7372000037448
 20
361.4790554669992
 10
883.093547051428
 20
360.5
 10
883.7632604337217
 20
359.7018666706431
 10
884.6655628328044
 20
359.18092213764226
 10
885.6916232627814
 20
359.0
 10
927.7346597642071
 20
359.0
 10
928.7607201941842
 20
359.18092213764226
 10
929.6630225932668
 20
359.7018666706431
 10
930.3327359755604
 20
360.5
 10
930.6890830232437
 20
361.4790554669992
 10
930.6890830232437
 20
362.5209445330008
 10
930.3327359755604
 20
363.5
 10
929.6630225932668
 20
364.2981333293569
 10
928.7607201941842
 20
364.81907786235774
 10
927.7346597642071
 20
365.0
  0
LWPOLYLINE
  5
264
330
17
100
AcDbEntity
  8
CUT_INSIDE
100
AcDbPolyline
 90
21
 70
1
 10
941.1029364947049
 20
379.0
 10
881.7022533621587
 20
379.0
 10
880.6761929321816
 20
378.81907786235774
 10
879.773890533099
 20
378.2981333293569
 10
879.1041771508053
 20
377.5
 10
878.7478301031219
 20
376.5209445330008
 10
878.7478301031219
 20
375.4790554669992
 10
879.1041771508053
 20
374.5
 10
879.773890533099
 20
373.7018666706431
 10
880.6761929321816
 20
373.18092213764226
 10
881.7022533621587
 20
373.0
 10
941.1029364947049
 20
373.0
 10
942.1289969246818
 20
373.18092213764226
 10
943.0312993237644
 20
373.7018666706431
 10
943.7010127060581
 20
374.5
 10
944.0573597537414
 20
375.4790554669992
 10
944.0573597537414
 20
376.5209445330008
 10
943.7010127060581
 20
377.5
 10
943.0312993237644
 20
378.2981333293569
 10
942.1289969246818
 20
378.81907786235774
 10
941.1029364947049
 20
379.0
  0
LWPOLYLINE
  5
265
330
17
100
AcDbEntity
  8
CUT_INSIDE
100
AcDbPolyline
 90
21
 70
1
 10
901.8335140494887
 20
393.0
 10
863.8016120931637
 20
393.0
 10
862.7755516631867
 20
392.81907786235774
 10
861.8732492641041
 20
392.2981333293569
 10
861.2035358818105
 20
391.5
 10
860.8471888341271
 20
390.5209445330008
 10
860.8471888341271
 20
389.4790554669992
 10
861.2035358818105
 20
388.5
 10
861.8732492641041
 20
387.7018666706431
 10
862.7755516631867
 20
387.18092213764226
 10
863.8016120931637
 20
387.0
 10
901.8335140494887
 20
387.0
 10
902.8595744794657
 20
387.18092213764226
 10
903.7618768785483
 20
387.7018666706431
 10
904.4315902608421
 20
388.5
 10
904.7879373085253
 20
389.4790554669992
 10
904.7879373085253
 20
390.5209445330008
 10
904.4315902608421
 20
391.5
 10
903.7618768785483
 20
392.2981333293569
 10
902.8595744794657
 20
392.81907786235774
 10
901.8335140494887
 20
393.0
  0
LWPOLYLINE
  5
266
330
17
100
AcDbEntity
  8
CUT_INSIDE
100
AcDbPolyline
 90
21
 70
1
 10
956.3853954629975
 20
407.0
 10
861.0854607139894
 20
407.0
 10
860.0594002840123
 20
406.81907786235774
 10
859.1570978849297
 20
406.2981333293569
 10
858.4873845026361
 20
405.5
 10
858.1310374549528
 20
404.5209445330008
 10
858.1310374549528
 20
403.4790554669992
 10
858.4873845026361
 20
402.5
 10
859.1570978849297
 20
401.7018666706431
 10
860.0594002840123
 20
401.18092213764226
 10
861.0854607139894
 20
401.0
 10
956.3853954629975
 20
401.0
 10
957.4114558929746
 20
401.18092213764226
 10
958.3137582920572
 20
401.7018666706431
 10
958.9834716743508
 20
402.5
 10
959.3398187220341
 20
403.4790554669992
 10
959.3398187220341
 20
404.5209445330008
 10
958.9834716743508
 20
405.5
 10
958.3137582920572
 20
406.2981333293569
 10
957.4114558929746
 20
406.81907786235774
 10
956.3853954629975
 20
407.0
  0
LWPOLYLINE
  5
267
330
17
100
AcDbEntity
  8
CUT_INSIDE
100
AcDbPolyline
 90
21
 70
1
 10
927.6256319663185
 20
421.0
 10
884.6381215271358
 20
421.0
 10
883.6120610971587
 20
420.81907786235774
 10
882.709758698076
 20
420.2981333293569
 10
882.0400453157824
 20
419.5
 10
881.6836982680991
 20
418.5209445330008
 10
881.6836982680991
 20
417.4790554669992
 10
882.0400453157824
 20
416.5
 10
882.709758698076
 20
415.7018666706431
 10
883.6120610971587
 20
415.18092213764226
 10
884.6381215271358
 20
415.0
 10
927.6256319663185
 20
415.0
 10
928.6516923962954
 20
415.18092213764226
 10
929.553994795378
 20
415.7018666706431
 10
930.2237081776717
 20
416.5
 10
930.5800552253551
 20
417.4790554669992
 10
930.5800552253551
 20
418.5209445330008
 10
930.2237081776717
 20
419.5
 10
929.553994795378
 20
420.2981333293569
 10
928.6516923962954
 20
420.81907786235774
 10
927.6256319663185
 20
421.0
  0
LWPOLYLINE
  5
268
330
17
100
AcDbEntity
  8
CUT_INSIDE
100
AcDbPolyline
 90
21
 70
1
 10
989.8118586617636
 20
239.0
 10
921.2932981985773
 20
239.0
 10
920.2672377686002
 20
238.81907786235772
 10
919.3649353695176
 20
238.29813332935694
 10
918.6952219872239
 20
237.5
 10
918.3388749395406
 20
236.5209445330008
 10
918.3388749395406
 20
235.4790554669992
 10
918.6952219872239
 20
234.5
 10
919.3649353695176
 20
233.70186667064306
 10
920.2672377686002
 20
233.18092213764228
 10
921.2932981985773
 20
233.0
 10
989.8118586617636
 20
233.0
 10
990.8379190917407
 20
233.18092213764228
 10
991.7402214908233
 20
233.70186667064306
 10
992.409934873117
 20
234.5
 10
992.7662819208003
 20
235.4790554669992
 10
992.7662819208003
 20
236.5209445330008
 10
992.409934873117
 20
237.5
 10
991.7402214908233
 20
238.29813332935694
 10
990.8379190917407
 20
238.81907786235772
 10
989.8118586617636
 20
239.0
  0
LWPOLYLINE
  5
269
330
17
100
AcDbEntity
  8
CUT_INSIDE
100
AcDbPolyline
 90
21
 70
1
 10
965.8815619403259
 20
253.0
 10
943.2190422037381
 20
253.0
 10
942.1929817737612
 20
252.81907786235774
 10
941.2906793746786
 20
252.29813332935692
 10
940.6209659923848
 20
251.5
 10
940.2646189447015
 20
250.5209445330008
 10
940.2646189447015
 20
249.4790554669992
 10
940.6209659923848
 20
248.5
 10
941.2906793746786
 20
247.70186667064306
 10
942.1929817737612
 20
247.18092213764228
 10
943.2190422037381
 20
247.0
 10
965.8815619403259
 20
247.0
 10
966.907622370303
 20
247.18092213764228
 10
967.8099247693856
 20
247.70186667064306
 10
968.4796381516792
 20
248.5
 10
968.8359851993625
 20
249.4790554669992
 10
968.8359851993625
 20
250.5209445330008
 10
968.4796381516792
 20
251.5
 10
967.8099247693856
 20
252.29813332935692
 10
966.907622370303
 20
252.81907786235774
 10
965.8815619403259
 20
253.0
  0
LWPOLYLINE
  5
26A
330
17
100
AcDbEntity
  8
CUT_INSIDE
100
AcDbPolyline
 90
21
 70
1
 10
960.5331533627718
 20
267.0
 10
924.5150616792632
 20
267.0
 10
923.4890012492863
 20
266.81907786235774
 10
922.5866988502036
 20
266.2981333293569
 10
921.9169854679099
 20
265.5
 10
921.5606384202265
 20
264.5209445330008
 10
921.5606384202265
 20
263.4790554669992
 10
921.9169854679099
 20
262.5
 10
922.5866988502036
 20
261.7018666706431
 10
923.4890012492862
 20
261.18092213764226
 10
924.5150616792632
 20
261.0
 10
960.5331533627718
 20
261.0
 10
961.5592137927488
 20
261.18092213764226
 10
962.4615161918315
 20
261.7018666706431
 10
963.1312295741252
 20
262.5
 10
963.4875766218086
 20
263.4790554669992
 10
963.4875766218086
 20
264.5209445330008
 10
963.1312295741252
 20
265.5
 10
962.4615161918315
 20
266.2981333293569
 10
961.5592137927489
 20
266.81907786235774
 10
960.5331533627718
 20
267.0
  0
LWPOLYLINE
  5
26B
330
17
100
AcDbEntity
  8
CUT_INSIDE
100
AcDbPolyline
 90
21
 70
1
 10
968.5061536480619
 20
281.0
 10
949.1300011689277
 20
281.0
 10
948.1039407389508
 20
280.81907786235774
 10
947.2016383398682
 20
280.2981333293569
 10
946.5319249575745
 20
279.5
 10
946.1755779098911
 20
278.5209445330008
 10
946.1755779098911
 20
277.4790554669992
 10
946.5319249575745
 20
276.5
 10
947.2016383398682
 20
275.7018666706431
 10
948.1039407389508
 20
275.18092213764226
 10
949.1300011689277
 20
275.0
 10
968.5061536480619
 20
275.0
 10
969.5322140780388
 20
275.18092213764226
 10
970.4345164771214
 20
275.7018666706431
 10
971.1042298594151
 20
276.5
 10
971.4605769070985
 20
277.4790554669992
 10
971.4605769070985
 20
278.5209445330008
 10
971.1042298594151
 20
279.5
 10
970.4345164771214
 20
280.2981333293569
 10
969.5322140780388
 20
280.81907786235774
 10
968.5061536480619
 20
281.0
  0
LWPOLYLINE
  5
26C
330
17
100
AcDbEntity
  8
CUT_INSIDE
100
AcDbPolyline
 90
21
 70
1
 10
966.9465132539354
 20
323.0
 10
936.8265695815344
 20
323.0
 10
935.8005091515574
 20
322.81907786235774
 10
934.8982067524748
 20
322.2981333293569
 10
934.228493370181
 20
321.5
 10
933.8721463224978
 20
320.5209445330008
 10
933.8721463224978
 20
319.4790554669992
 10
934.228493370181
 20
318.5
 10
934.8982067524748
 20
317.7018666706431
 10
935.8005091515574
 20
317.18092213764226
 10
936.8265695815344
 20
317.0
 10
966.9465132539354
 20
317.0
 10
967.9725736839124
 20
317.18092213764226
 10
968.8748760829951
 20
317.7018666706431
 10
969.5445894652887
 20
318.5
 10
969.9009365129721
 20
319.4790554669992
 10
969.9009365129721
 20
320.5209445330008
 10
969.5445894652887
 20
321.5
 10
968.8748760829951
 20
322.2981333293569
 10
967.9725736839124
 20
322.81907786235774
 10
966.9465132539354
 20
323.0
  0
LWPOLYLINE
  5
26D
330
17
100
AcDbEntity
  8
CUT_INSIDE
100
AcDbPolyline
 90
21
 70
1
 10
969.2250920743741
 20
295.0
 10
948.1249842808859
 20
295.0
 10
947.0989238509089
 20
294.81907786235774
 10
946.1966214518263
 20
294.2981333293569
 10
945.5269080695325
 20
293.5
 10
945.1705610218493
 20
292.5209445330008
 10
945.1705610218493
 20
291.4790554669992
 10
945.5269080695325
 20
290.5
 10
946.1966214518263
 20
289.7018666706431
 10
947.0989238509089
 20
289.18092213764226
 10
948.1249842808859
 20
289.0
 10
969.2250920743741
 20
289.0
 10
970.251152504351
 20
289.18092213764226
 10
971.1534549034336
 20
289.7018666706431
 10
971.8231682857274
 20
290.5
 10
972.1795153334107
 20
291.4790554669992
 10
972.1795153334107
 20
292.5209445330008
 10
971.8231682857274
 20
293.5
 10
971.1534549034336
 20
294.2981333293569
 10
970.251152504351
 20
294.81907786235774
 10
969.2250920743741
 20
295.0
  0
LWPOLYLINE
  5
26E
330
17
100
AcDbEntity
  8
CUT_INSIDE
100
AcDbPolyline
 90
21
 70
1
 10
1017.2162975420136
 20
253.0
 10
996.7110390769523
 20
253.0
 10
995.6849786469752
 20
252.81907786235774
 10
994.7826762478926
 20
252.29813332935692
 10
994.112962865599
 20
251.5
 10
993.7566158179156
 20
250.5209445330008
 10
993.7566158179156
 20
249.4790554669992
 10
994.112962865599
 20
248.5
 10
994.7826762478926
 20
247.70186667064306
 10
995.6849786469752
 20
247.18092213764228
 10
996.7110390769523
 20
247.0
 10
1017.2162975420136
 20
247.0
 10
1018.2423579719907
 20
247.18092213764228
 10
1019.1446603710733
 20
247.70186667064306
 10
1019.8143737533669
 20
248.5
 10
1020.1707208010503
 20
249.4790554669992
 10
1020.1707208010503
 20
250.5209445330008
 10
1019.8143737533669
 20
251.5
 10
1019.1446603710733
 20
252.29813332935692
 10
1018.2423579719907
 20
252.81907786235774
 10
1017.2162975420136
 20
253.0
  0
LWPOLYLINE
  5
26F
330
17
100
AcDbEntity
  8
CUT_INSIDE
100
AcDbPolyline
 90
21
 70
1
 10
1026.115455092234
 20
267.0
 10
991.6847132879714
 20
267.0
 10
990.6586528579943
 20
266.81907786235774
 10
989.7563504589117
 20
266.2981333293569
 10
989.086637076618
 20
265.5
 10
988.7302900289346
 20
264.5209445330008
 10
988.7302900289346
 20
263.4790554669992
 10
989.086637076618
 20
262.5
 10
989.7563504589117
 20
261.7018666706431
 10
990.6586528579943
 20
261.18092213764226
 10
991.6847132879714
 20
261.0
 10
1026.115455092234
 20
261.0
 10
1027.1415155222112
 20
261.18092213764226
 10
1028.0438179212938
 20
261.7018666706431
 10
1028.7135313035874
 20
262.5
 10
1029.0698783512707
 20
263.4790554669992
 10
1029.0698783512707
 20
264.5209445330008
 10
1028.7135313035874
 20
265.5
 10
1028.0438179212938
 20
266.2981333293569
 10
1027.1415155222112
 20
266.81907786235774
 10
1026.115455092234
 20
267.0
  0
LWPOLYLINE
  5
270
330
17
100
AcDbEntity
  8
CUT_INSIDE
100
AcDbPolyline
 90
21
 70
1
 10
1034.853929173135
 20
239.0
 10
1017.8880371537618
 20
239.0
 10
1016.8619767237849
 20
238.81907786235772
 10
1015.9596743247023
 20
238.29813332935694
 10
1015.2899609424085
 20
237.5
 10
1014.9336138947252
 20
236.5209445330008
 10
1014.9336138947252
 20
235.4790554669992
 10
1015.2899609424085
 20
234.5
 10
1015.9596743247023
 20
233.70186667064306
 10
1016.8619767237849
 20
233.18092213764228
 10
1017.8880371537618
 20
233.0
 10
1034.853929173135
 20
233.0
 10
1035.8799896031119
 20
233.18092213764228
 10
1036.7822920021945
 20
233.70186667064306
 10
1037.4520053844883
 20
234.5
 10
1037.8083524321714
 20
235.4790554669992
 10
1037.8083524321714
 20
236.5209445330008
 10
1037.4520053844883
 20
237.5
 10
1036.7822920021945
 20
238.29813332935694
 10
1035.8799896031119
 20
238.81907786235772
 10
1034.853929173135
 20
239.0
  0
LWPOLYLINE
  5
271
330
17
100
AcDbEntity
  8
CUT_INSIDE
100
AcDbPolyline
 90
21
 70
1
 10
1044.0
 20
281.0
 10
1004.4781984630997
 20
281.0
 10
1003.4521380331228
 20
280.81907786235774
 10
1002.5498356340402
 20
280.2981333293569
 10
1001.8801222517465
 20
279.5
 10
1001.5237752040631
 20
278.5209445330008
 10
1001.5237752040631
 20
277.4790554669992
 10
1001.8801222517465
 20
276.5
 10
1002.5498356340402
 20
275.7018666706431
 10
1003.4521380331228
 20
275.18092213764226
 10
1004.4781984630997
 20
275.0
 10
1044.0
 20
275.0
 10
1045.026060429977
 20
275.18092213764226
 10
1045.9283628290596
 20
275.7018666706431
 10
1046.5980762113531
 20
276.5
 10
1046.9544232590365
 20
277.4790554669992
 10
1046.9544232590365
 20
278.5209445330008
 10
1046.5980762113531
 20
279.5
 10
1045.9283628290596
 20
280.2981333293569
 10
1045.026060429977
 20
280.81907786235774
 10
1044.0
 20
281.0
  0
LWPOLYLINE
  5
272
330
17
100
AcDbEntity
  8
CUT_INSIDE
100
AcDbPolyline
 90
21
 70
1
 10
1044.0
 20
309.0
 10
948.3093630135529
 20
309.0
 10
947.2833025835758
 20
308.81907786235774
 10
946.3810001844932
 20
308.2981333293569
 10
945.7112868021995
 20
307.5
 10
945.3549397545162
 20
306.5209445330008
 10
945.3549397545162
 20
305.4790554669992
 10
945.7112868021995
 20
304.5
 10
946.3810001844932
 20
303.7018666706431
 10
947.2833025835758
 20
303.18092213764226
 10
948.3093630135529
 20
303.0
 10
1044.0
 20
303.0
 10
1045.026060429977
 20
303.18092213764226
 10
1045.9283628290596
 20
303.7018666706431
 10
1046.5980762113534
 20
304.5
 10
1046.9544232590365
 20
305.4790554669992
 10
1046.9544232590365
 20
306.5209445330008
 10
1046.5980762113534
 20
307.5
 10
1045.9283628290596
 20
308.2981333293569
 10
1045.026060429977
 20
308.81907786235774
 10
1044.0
 20
309.0
  0
LWPOLYLINE
  5
273
330
17
100
AcDbEntity
  8
CUT_INSIDE
100
AcDbPolyline
 90
21
 70
1
 10
1044.0
 20
295.0
 10
989.653963130504
 20
295.0
 10
988.6279027005271
 20
294.81907786235774
 10
987.7256003014445
 20
294.2981333293569
 10
987.0558869191507
 20
293.5
 10
986.6995398714674
 20
292.5209445330008
 10
986.6995398714674
 20
291.4790554669992
 10
987.0558869191507
 20
290.5
 10
987.7256003014445
 20
289.7018666706431
 10
988.6279027005271
 20
289.18092213764226
 10
989.653963130504
 20
289.0
 10
1044.0
 20
289.0
 10
1045.026060429977
 20
289.18092213764226
 10
1045.9283628290596
 20
289.7018666706431
 10
1046.5980762113534
 20
290.5
 10
1046.9544232590365
 20
291.4790554669992
 10
1046.9544232590365
 20
292.5209445330008
 10
1046.5980762113534
 20
293.5
 10
1045.9283628290596
 20
294.2981333293569
 10
1045.026060429977
 20
294.81907786235774
 10
1044.0
 20
295.0
  0
LWPOLYLINE
  5
274
330
17
100
AcDbEntity
  8
CUT_INSIDE
100
AcDbPolyline
 90
21
 70
1
 10
1044.0
 20
323.0
 10
1000.2897377528303
 20
323.0
 10
999.2636773228533
 20
322.81907786235774
 10
998.3613749237707
 20
322.2981333293569
 10
997.6916615414771
 20
321.5
 10
997.3353144937937
 20
320.5209445330008
 10
997.3353144937937
 20
319.4790554669992
 10
997.6916615414771
 20
318.5
 10
998.3613749237707
 20
317.7018666706431
 10
999.2636773228533
 20
317.18092213764226
 10
1000.2897377528303
 20
317.0
 10
1044.0
 20
317.0
 10
1045.026060429977
 20
317.18092213764226
 10
1045.9283628290596
 20
317.7018666706431
 10
1046.5980762113534
 20
318.5
 10
1046.9544232590365
 20
319.4790554669992
 10
1046.9544232590365
 20
320.5209445330008
 10
1046.5980762113534
 20
321.5
 10
1045.9283628290596
 20
322.2981333293569
 10
1045.026060429977
 20
322.81907786235774
 10
1044.0
 20
323.0
  0
LWPOLYLINE
  5
275
330
17
100
AcDbEntity
  8
CUT_INSIDE
100
AcDbPolyline
 90
21
 70
1
 10
948.838515353398
 20
337.0
 10
907.1284535331838
 20
337.0
 10
906.1023931032069
 20
336.81907786235774
 10
905.2000907041242
 20
336.2981333293569
 10
904.5303773218305
 20
335.5
 10
904.1740302741473
 20
334.5209445330008
 10
904.1740302741473
 20
333.4790554669992
 10
904.5303773218305
 20
332.5
 10
905.2000907041242
 20
331.7018666706431
 10
906.1023931032069
 20
331.18092213764226
 10
907.1284535331838
 20
331.0
 10
948.838515353398
 20
331.0
 10
949.864575783375
 20
331.18092213764226
 10
950.7668781824576
 20
331.7018666706431
 10
951.4365915647513
 20
332.5
 10
951.7929386124347
 20
333.4790554669992
 10
951.7929386124347
 20
334.5209445330008
 10
951.4365915647513
 20
335.5
 10
950.7668781824576
 20
336.2981333293569
 10
949.864575783375
 20
336.81907786235774
 10
948.838515353398
 20
337.0
  0
LWPOLYLINE
  5
276
330
17
100
AcDbEntity
  8
CUT_INSIDE
100
AcDbPolyline
 90
21
 70
1
 10
988.7536204305823
 20
337.0
 10
970.9977192005047
 20
337.0
 10
969.9716587705276
 20
336.81907786235774
 10
969.069356371445
 20
336.2981333293569
 10
968.3996429891513
 20
335.5
 10
968.0432959414679
 20
334.5209445330008
 10
968.0432959414679
 20
333.4790554669992
 10
968.3996429891513
 20
332.5
 10
969.069356371445
 20
331.7018666706431
 10
969.9716587705276
 20
331.18092213764226
 10
970.9977192005047
 20
331.0
 10
988.7536204305823
 20
331.0
 10
989.7796808605592
 20
331.18092213764226
 10
990.6819832596418
 20
331.7018666706431
 10
991.3516966419355
 20
332.5
 10
991.7080436896188
 20
333.4790554669992
 10
991.7080436896188
 20
334.5209445330008
 10
991.3516966419355
 20
335.5
 10
990.6819832596418
 20
336.2981333293569
 10
989.7796808605592
 20
336.81907786235774
 10
988.7536204305823
 20
337.0
  0
LWPOLYLINE
  5
277
330
17
100
AcDbEntity
  8
CUT_INSIDE
100
AcDbPolyline
 90
21
 70
1
 10
1034.0789103279637
 20
351.0
 10
925.4421161001234
 20
351.0
 10
924.4160556701463
 20
350.81907786235774
 10
923.5137532710637
 20
350.2981333293569
 10
922.8440398887701
 20
349.5
 10
922.4876928410868
 20
348.5209445330008
 10
922.4876928410868
 20
347.4790554669992
 10
922.8440398887701
 20
346.5
 10
923.5137532710637
 20
345.7018666706431
 10
924.4160556701463
 20
345.18092213764226
 10
925.4421161001234
 20
345.0
 10
1034.0789103279637
 20
345.0
 10
1035.1049707579407
 20
345.18092213764226
 10
1036.0072731570233
 20
345.7018666706431
 10
1036.676986539317
 20
346.5
 10
1037.0333335870005
 20
347.4790554669992
 10
1037.0333335870005
 20
348.5209445330008
 10
1036.676986539317
 20
349.5
 10
1036.0072731570233
 20
350.2981333293569
 10
1035.1049707579407
 20
350.81907786235774
 10
1034.0789103279637
 20
351.0
  0
LWPOLYLINE
  5
278
330
17
100
AcDbEntity
  8
CUT_INSIDE
100
AcDbPolyline
 90
21
 70
1
 10
993.8055723300306
 20
365.0
 10
944.9384569106014
 20
365.0
 10
943.9123964806244
 20
364.81907786235774
 10
943.0100940815418
 20
364.2981333293569
 10
942.340380699248
 20
363.5
 10
941.9840336515647
 20
362.5209445330008
 10
941.9840336515647
 20
361.4790554669992
 10
942.340380699248
 20
360.5
 10
943.0100940815418
 20
359.7018666706431
 10
943.9123964806244
 20
359.18092213764226
 10
944.9384569106014
 20
359.0
 10
993.8055723300306
 20
359.0
 10
994.8316327600076
 20
359.18092213764226
 10
995.7339351590902
 20
359.7018666706431
 10
996.4036485413839
 20
360.5
 10
996.7599955890671
 20
361.4790554669992
 10
996.7599955890671
 20
362.5209445330008
 10
996.4036485413839
 20
363.5
 10
995.7339351590902
 20
364.2981333293569
 10
994.8316327600076
 20
364.81907786235774
 10
993.8055723300306
 20
365.0
  0
LWPOLYLINE
  5
279
330
17
100
AcDbEntity
  8
CUT_INSIDE
100
AcDbPolyline
 90
21
 70
1
 10
998.2544301384148
 20
379.0
 10
973.1323267255345
 20
379.0
 10
972.1062662955575
 20
378.81907786235774
 10
971.2039638964749
 20
378.2981333293569
 10
970.5342505141812
 20
377.5
 10
970.1779034664978
 20
376.5209445330008
 10
970.1779034664978
 20
375.4790554669992
 10
970.5342505141812
 20
374.5
 10
971.2039638964749
 20
373.7018666706431
 10
972.1062662955575
 20
373.18092213764226
 10
973.1323267255345
 20
373.0
 10
998.2544301384148
 20
373.0
 10
999.2804905683918
 20
373.18092213764226
 10
1000.1827929674744
 20
373.7018666706431
 10
1000.8525063497681
 20
374.5
 10
1001.2088533974513
 20
375.4790554669992
 10
1001.2088533974513
 20
376.5209445330008
 10
1000.8525063497681
 20
377.5
 10
1000.1827929674744
 20
378.2981333293569
 10
999.2804905683918
 20
378.81907786235774
 10
998.2544301384148
 20
379.0
  0
LWPOLYLINE
  5
27A
330
17
100
AcDbEntity
  8
CUT_INSIDE
100
AcDbPolyline
 90
21
 70
1
 10
976.3120858142936
 20
393.0
 10
935.9139043668279
 20
393.0
 10
934.8878439368509
 20
392.81907786235774
 10
933.9855415377682
 20
392.2981333293569
 10
933.3158281554745
 20
391.5
 10
932.9594811077912
 20
390.5209445330008
 10
932.9594811077912
 20
389.4790554669992
 10
933.3158281554745
 20
388.5
 10
933.9855415377682
 20
387.7018666706431
 10
934.8878439368509
 20
387.18092213764226
 10
935.9139043668279
 20
387.0
 10
976.3120858142936
 20
387.0
 10
977.3381462442705
 20
387.18092213764226
 10
978.2404486433533
 20
387.7018666706431
 10
978.910162025647
 20
388.5
 10
979.2665090733302
 20
389.4790554669992
 10
979.2665090733302
 20
390.5209445330008
 10
978.910162025647
 20
391.5
 10
978.2404486433533
 20
392.2981333293569
 10
977.3381462442705
 20
392.81907786235774
 10
976.3120858142936
 20
393.0
  0
LWPOLYLINE
  5
27B
330
17
100
AcDbEntity
  8
CUT_INSIDE
100
AcDbPolyline
 90
21
 70
1
 10
1026.3371663368598
 20
421.0
 10
945.4515350798289
 20
421.0
 10
944.4254746498518
 20
420.81907786235774
 10
943.5231722507692
 20
420.2981333293569
 10
942.8534588684756
 20
419.5
 10
942.4971118207923
 20
418.5209445330008
 10
942.4971118207923
 20
417.4790554669992
 10
942.8534588684756
 20
416.5
 10
943.5231722507692
 20
415.7018666706431
 10
944.4254746498518
 20
415.18092213764226
 10
945.4515350798289
 20
415.0
 10
1026.3371663368598
 20
415.0
 10
1027.3632267668368
 20
415.18092213764226
 10
1028.2655291659194
 20
415.7018666706431
 10
1028.935242548213
 20
416.5
 10
1029.2915895958963
 20
417.4790554669992
 10
1029.2915895958963
 20
418.5209445330008
 10
1028.935242548213
 20
419.5
 10
1028.2655291659194
 20
420.2981333293569
 10
1027.3632267668368
 20
420.81907786235774
 10
1026.3371663368598
 20
421.0
  0
LWPOLYLINE
  5
27C
330
17
100
AcDbEntity
  8
CUT_INSIDE
100
AcDbPolyline
 90
21
 70
1
 10
1028.8703550317673
 20
337.0
 10
1009.4443266802978
 20
337.0
 10
1008.4182662503208
 20
336.81907786235774
 10
1007.5159638512382
 20
336.2981333293569
 10
1006.8462504689445
 20
335.5
 10
1006.4899034212613
 20
334.5209445330008
 10
1006.4899034212613
 20
333.4790554669992
 10
1006.8462504689445
 20
332.5
 10
1007.5159638512382
 20
331.7018666706431
 10
1008.4182662503208
 20
331.18092213764226
 10
1009.4443266802978
 20
331.0
 10
1028.8703550317673
 20
331.0
 10
1029.8964154617443
 20
331.18092213764226
 10
1030.7987178608269
 20
331.7018666706431
 10
1031.4684312431204
 20
332.5
 10
1031.8247782908038
 20
333.4790554669992
 10
1031.8247782908038
 20
334.5209445330008
 10
1031.4684312431204
 20
335.5
 10
1030.7987178608269
 20
336.2981333293569
 10
1029.8964154617443
 20
336.81907786235774
 10
1028.8703550317673
 20
337.0
  0
LWPOLYLINE
  5
27D
330
17
100
AcDbEntity
  8
CUT_INSIDE
100
AcDbPolyline
 90
21
 70
1
 10
1042.5168228510329
 20
365.0
 10
1011.5696751104188
 20
365.0
 10
1010.5436146804418
 20
364.81907786235774
 10
1009.6413122813592
 20
364.2981333293569
 10
1008.9715988990654
 20
363.5
 10
1008.6152518513821
 20
362.5209445330008
 10
1008.6152518513821
 20
361.4790554669992
 10
1008.9715988990654
 20
360.5
 10
1009.6413122813592
 20
359.7018666706431
 10
1010.5436146804418
 20
359.18092213764226
 10
1011.5696751104188
 20
359.0
 10
1042.5168228510329
 20
359.0
 10
1043.5428832810098
 20
359.18092213764226
 10
1044.4451856800924
 20
359.7018666706431
 10
1045.114899062386
 20
360.5
 10
1045.4712461100694
 20
361.4790554669992
 10
1045.4712461100694
 20
362.5209445330008
 10
1045.114899062386
 20
363.5
 10
1044.4451856800924
 20
364.2981333293569
 10
1043.5428832810098
 20
364.81907786235774
 10
1042.5168228510329
 20
365.0
  0
LWPOLYLINE
  5
27E
330
17
100
AcDbEntity
  8
CUT_INSIDE
100
AcDbPolyline
 90
21
 70
1
 10
1010.77310464531
 20
407.0
 10
987.3549747134505
 20
407.0
 10
986.3289142834735
 20
406.81907786235774
 10
985.4266118843909
 20
406.2981333293569
 10
984.7568985020971
 20
405.5
 10
984.4005514544139
 20
404.5209445330008
 10
984.4005514544139
 20
403.4790554669992
 10
984.7568985020971
 20
402.5
 10
985.4266118843909
 20
401.7018666706431
 10
986.3289142834735
 20
401.18092213764226
 10
987.3549747134505
 20
401.0
 10
1010.77310464531
 20
401.0
 10
1011.799165075287
 20
401.18092213764226
 10
1012.7014674743696
 20
401.7018666706431
 10
1013.3711808566634
 20
402.5
 10
1013.7275279043466
 20
403.4790554669992
 10
1013.7275279043466
 20
404.5209445330008
 10
1013.3711808566634
 20
405.5
 10
1012.7014674743696
 20
406.2981333293569
 10
1011.799165075287
 20
406.81907786235774
 10
1010.77310464531
 20
407.0
  0
LWPOLYLINE
  5
27F
330
17
100
AcDbEntity
  8
CUT_INSIDE
100
AcDbPolyline
 90
21
 70
1
 10
1044.0
 20
393.0
 10
1015.8253864095066
 20
393.0
 10
1014.7993259795296
 20
392.81907786235774
 10
1013.8970235804469
 20
392.2981333293569
 10
1013.2273101981532
 20
391.5
 10
1012.8709631504698
 20
390.5209445330008
 10
1012.8709631504698
 20
389.4790554669992
 10
1013.2273101981532
 20
388.5
 10
1013.8970235804469
 20
387.7018666706431
 10
1014.7993259795296
 20
387.18092213764226
 10
1015.8253864095066
 20
387.0
 10
1044.0
 20
387.0
 10
1045.026060429977
 20
387.18092213764226
 10
1045.9283628290596
 20
387.7018666706431
 10
1046.5980762113534
 20
388.5
 10
1046.9544232590365
 20
389.4790554669992
 10
1046.9544232590365
 20
390.5209445330008
 10
1046.5980762113534
 20
391.5
 10
1045.9283628290596
 20
392.2981333293569
 10
1045.026060429977
 20
392.81907786235774
 10
1044.0
 20
393.0
  0
LWPOLYLINE
  5
280
330
17
100
AcDbEntity
  8
CUT_INSIDE
100
AcDbPolyline
 90
21
 70
1
 10
609.2411292316576
 20
435.0
 10
588.2675784320749
 20
435.0
 10
587.2415180020978
 20
434.81907786235774
 10
586.3392156030152
 20
434.2981333293569
 10
585.6695022207215
 20
433.5
 10
585.3131551730382
 20
432.5209445330008
 10
585.3131551730382
 20
431.4790554669992
 10
585.6695022207215
 20
430.5
 10
586.3392156030152
 20
429.7018666706431
 10
587.2415180020978
 20
429.18092213764226
 10
588.2675784320749
 20
429.0
 10
609.2411292316576
 20
429.0
 10
610.2671896616347
 20
429.18092213764226
 10
611.1694920607173
 20
429.7018666706431
 10
611.839205443011
 20
430.5
 10
612.1955524906944
 20
431.4790554669992
 10
612.1955524906944
 20
432.5209445330008
 10
611.839205443011
 20
433.5
 10
611.1694920607173
 20
434.2981333293569
 10
610.2671896616347
 20
434.81907786235774
 10
609.2411292316576
 20
435.0
  0
LWPOLYLINE
  5
281
330
17
100
AcDbEntity
  8
CUT_INSIDE
100
AcDbPolyline
 90
21
 70
1
 10
652.7796168446773
 20
449.0
 10
581.526757340989
 20
449.0
 10
580.500696911012
 20
448.81907786235774
 10
579.5983945119294
 20
448.2981333293569
 10
578.9286811296357
 20
447.5
 10
578.5723340819524
 20
446.5209445330008
 10
578.5723340819524
 20
445.4790554669992
 10
578.9286811296357
 20
444.5
 10
579.5983945119294
 20
443.7018666706431
 10
580.500696911012
 20
443.18092213764226
 10
581.526757340989
 20
443.0
 10
652.7796168446773
 20
443.0
 10
653.8056772746543
 20
443.18092213764226
 10
654.7079796737369
 20
443.7018666706431
 10
655.3776930560306
 20
444.5
 10
655.7340401037139
 20
445.4790554669992
 10
655.7340401037139
 20
446.5209445330008
 10
655.3776930560306
 20
447.5
 10
654.7079796737369
 20
448.2981333293569
 10
653.8056772746543
 20
448.81907786235774
 10
652.7796168446773
 20
449.0
  0
LWPOLYLINE
  5
282
330
17
100
AcDbEntity
  8
CUT_INSIDE
100
AcDbPolyline
 90
21
 70
1
 10
624.9491053257793
 20
477.0
 10
583.8605630899735
 20
477.0
 10
582.8345026599965
 20
476.81907786235774
 10
581.9322002609139
 20
476.2981333293569
 10
581.2624868786202
 20
475.5
 10
580.9061398309369
 20
474.5209445330008
 10
580.9061398309369
 20
473.4790554669992
 10
581.2624868786202
 20
472.5
 10
581.9322002609139
 20
471.7018666706431
 10
582.8345026599965
 20
471.18092213764226
 10
583.8605630899735
 20
471.0
 10
624.9491053257793
 20
471.0
 10
625.9751657557564
 20
471.18092213764226
 10
626.877468154839
 20
471.7018666706431
 10
627.5471815371327
 20
472.5
 10
627.9035285848161
 20
473.4790554669992
 10
627.9035285848161
 20
474.5209445330008
 10
627.5471815371327
 20
475.5
 10
626.877468154839
 20
476.2981333293569
 10
625.9751657557564
 20
476.81907786235774
 10
624.9491053257793
 20
477.0
  0
LWPOLYLINE
  5
283
330
17
100
AcDbEntity
  8
CUT_INSIDE
100
AcDbPolyline
 90
21
 70
1
 10
663.080887970993
 20
463.0
 10
574.8490156334599
 20
463.0
 10
573.8229552034828
 20
462.81907786235774
 10
572.9206528044002
 20
462.2981333293569
 10
572.2509394221065
 20
461.5
 10
571.8945923744233
 20
460.5209445330008
 10
571.8945923744233
 20
459.4790554669992
 10
572.2509394221065
 20
458.5
 10
572.9206528044002
 20
457.7018666706431
 10
573.8229552034828
 20
457.18092213764226
 10
574.8490156334599
 20
457.0
 10
663.080887970993
 20
457.0
 10
664.1069484009699
 20
457.18092213764226
 10
665.0092508000525
 20
457.7018666706431
 10
665.6789641823464
 20
458.5
 10
666.0353112300296
 20
459.4790554669992
 10
666.0353112300296
 20
460.5209445330008
 10
665.6789641823464
 20
461.5
 10
665.0092508000525
 20
462.2981333293569
 10
664.1069484009699
 20
462.81907786235774
 10
663.080887970993
 20
463.0
  0
LWPOLYLINE
  5
284
330
17
100
AcDbEntity
  8
CUT_INSIDE
100
AcDbPolyline
 90
21
 70
1
 10
603.6584727801516
 20
491.0
 10
577.4960244936138
 20
491.0
 10
576.4699640636368
 20
490.81907786235774
 10
575.5676616645542
 20
490.2981333293569
 10
574.8979482822605
 20
489.5
 10
574.5416012345772
 20
488.5209445330008
 10
574.5416012345772
 20
487.4790554669992
 10
574.8979482822605
 20
486.5
 10
575.5676616645542
 20
485.7018666706431
 10
576.4699640636368
 20
485.18092213764226
 10
577.4960244936138
 20
485.0
 10
603.6584727801516
 20
485.0
 10
604.6845332101286
 20
485.18092213764226
 10
605.5868356092112
 20
485.7018666706431
 10
606.2565489915049
 20
486.5
 10
606.6128960391882
 20
487.4790554669992
 10
606.6128960391882
 20
488.5209445330008
 10
606.2565489915049
 20
489.5
 10
605.5868356092112
 20
490.2981333293569
 10
604.6845332101286
 20
490.81907786235774
 10
603.6584727801516
 20
491.0
  0
LWPOLYLINE
  5
285
330
17
100
AcDbEntity
  8
CUT_INSIDE
100
AcDbPolyline
 90
21
 70
1
 10
617.7474518986188
 20
505.0
 10
585.0611606294209
 20
505.0
 10
584.0351001994438
 20
504.81907786235774
 10
583.1327978003612
 20
504.2981333293569
 10
582.4630844180675
 20
503.5
 10
582.1067373703843
 20
502.5209445330008
 10
582.1067373703843
 20
501.4790554669992
 10
582.4630844180675
 20
500.5
 10
583.1327978003612
 20
499.7018666706431
 10
584.0351001994438
 20
499.18092213764226
 10
585.0611606294209
 20
499.0
 10
617.7474518986188
 20
499.0
 10
618.7735123285958
 20
499.18092213764226
 10
619.6758147276784
 20
499.7018666706431
 10
620.3455281099721
 20
500.5
 10
620.7018751576554
 20
501.4790554669992
 10
620.7018751576554
 20
502.5209445330008
 10
620.3455281099721
 20
503.5
 10
619.6758147276784
 20
504.2981333293569
 10
618.7735123285958
 20
504.81907786235774
 10
617.7474518986188
 20
505.0
  0
LWPOLYLINE
  5
286
330
17
100
AcDbEntity
  8
CUT_INSIDE
100
AcDbPolyline
 90
21
 70
1
 10
623.9971561531083
 20
519.0
 10
576.4603886838779
 20
519.0
 10
575.4343282539008
 20
518.8190778623577
 10
574.5320258548182
 20
518.2981333293569
 10
573.8623124725245
 20
517.5
 10
573.5059654248413
 20
516.5209445330008
 10
573.5059654248413
 20
515.4790554669992
 10
573.8623124725245
 20
514.5
 10
574.5320258548182
 20
513.7018666706431
 10
575.4343282539008
 20
513.1809221376423
 10
576.4603886838779
 20
513.0
 10
623.9971561531083
 20
513.0
 10
625.0232165830853
 20
513.1809221376423
 10
625.9255189821679
 20
513.7018666706431
 10
626.5952323644617
 20
514.5
 10
626.951579412145
 20
515.4790554669992
 10
626.951579412145
 20
516.5209445330008
 10
626.5952323644617
 20
517.5
 10
625.9255189821679
 20
518.2981333293569
 10
625.0232165830853
 20
518.8190778623577
 10
623.9971561531083
 20
519.0
  0
LWPOLYLINE
  5
287
330
17
100
AcDbEntity
  8
CUT_INSIDE
100
AcDbPolyline
 90
21
 70
1
 10
619.7254464084917
 20
533.0
 10
583.3106019036687
 20
533.0
 10
582.2845414736918
 20
532.8190778623577
 10
581.3822390746092
 20
532.2981333293569
 10
580.7125256923155
 20
531.5
 10
580.3561786446321
 20
530.5209445330008
 10
580.3561786446321
 20
529.4790554669992
 10
580.7125256923155
 20
528.5
 10
581.3822390746092
 20
527.7018666706431
 10
582.2845414736918
 20
527.1809221376423
 10
583.3106019036687
 20
527.0
 10
619.7254464084917
 20
527.0
 10
620.7515068384688
 20
527.1809221376423
 10
621.6538092375514
 20
527.7018666706431
 10
622.3235226198451
 20
528.5
 10
622.6798696675285
 20
529.4790554669992
 10
622.6798696675285
 20
530.5209445330008
 10
622.3235226198451
 20
531.5
 10
621.6538092375514
 20
532.2981333293569
 10
620.7515068384688
 20
532.8190778623577
 10
619.7254464084917
 20
533.0
  0
LWPOLYLINE
  5
288
330
17
100
AcDbEntity
  8
CUT_INSIDE
100
AcDbPolyline
 90
21
 70
1
 10
662.5788956056554
 20
435.0
 10
633.828368674232
 20
435.0
 10
632.8023082442551
 20
434.81907786235774
 10
631.9000058451725
 20
434.2981333293569
 10
631.2302924628787
 20
433.5
 10
630.8739454151954
 20
432.5209445330008
 10
630.8739454151954
 20
431.4790554669992
 10
631.2302924628787
 20
430.5
 10
631.9000058451725
 20
429.7018666706431
 10
632.8023082442551
 20
429.18092213764226
 10
633.828368674232
 20
429.0
 10
662.5788956056554
 20
429.0
 10
663.6049560356323
 20
429.18092213764226
 10
664.5072584347149
 20
429.7018666706431
 10
665.1769718170086
 20
430.5
 10
665.5333188646919
 20
431.4790554669992
 10
665.5333188646919
 20
432.5209445330008
 10
665.1769718170086
 20
433.5
 10
664.5072584347149
 20
434.2981333293569
 10
663.6049560356323
 20
434.81907786235774
 10
662.5788956056554
 20
435.0
  0
LWPOLYLINE
  5
289
330
17
100
AcDbEntity
  8
CUT_INSIDE
100
AcDbPolyline
 90
21
 70
1
 10
688.2335532042371
 20
477.0
 10
657.944480652322
 20
477.0
 10
656.9184202223449
 20
476.81907786235774
 10
656.0161178232623
 20
476.2981333293569
 10
655.3464044409686
 20
475.5
 10
654.9900573932853
 20
474.5209445330008
 10
654.9900573932853
 20
473.4790554669992
 10
655.3464044409686
 20
472.5
 10
656.0161178232623
 20
471.7018666706431
 10
656.9184202223449
 20
471.18092213764226
 10
657.944480652322
 20
471.0
 10
688.2335532042371
 20
471.0
 10
689.2596136342141
 20
471.18092213764226
 10
690.1619160332967
 20
471.7018666706431
 10
690.8316294155904
 20
472.5
 10
691.1879764632738
 20
473.4790554669992
 10
691.1879764632738
 20
474.5209445330008
 10
690.8316294155904
 20
475.5
 10
690.1619160332967
 20
476.2981333293569
 10
689.2596136342141
 20
476.81907786235774
 10
688.2335532042371
 20
477.0
  0
LWPOLYLINE
  5
28A
330
17
100
AcDbEntity
  8
CUT_INSIDE
100
AcDbPolyline
 90
21
 70
1
 10
689.160290415461
 20
491.0
 10
642.9327193928352
 20
491.0
 10
641.9066589628582
 20
490.81907786235774
 10
641.0043565637756
 20
490.2981333293569
 10
640.3346431814819
 20
489.5
 10
639.9782961337985
 20
488.5209445330008
 10
639.9782961337985
 20
487.4790554669992
 10
640.3346431814819
 20
486.5
 10
641.0043565637756
 20
485.7018666706431
 10
641.9066589628582
 20
485.18092213764226
 10
642.9327193928352
 20
485.0
 10
689.160290415461
 20
485.0
 10
690.186350845438
 20
485.18092213764226
 10
691.0886532445206
 20
485.7018666706431
 10
691.7583666268142
 20
486.5
 10
692.1147136744976
 20
487.4790554669992
 10
692.1147136744976
 20
488.5209445330008
 10
691.7583666268142
 20
489.5
 10
691.0886532445206
 20
490.2981333293569
 10
690.186350845438
 20
490.81907786235774
 10
689.160290415461
 20
491.0
  0
LWPOLYLINE
  5
28B
330
17
100
AcDbEntity
  8
CUT_INSIDE
100
AcDbPolyline
 90
21
 70
1
 10
687.8146024682699
 20
505.0
 10
639.998597944201
 20
505.0
 10
638.9725375142241
 20
504.81907786235774
 10
638.0702351151415
 20
504.2981333293569
 10
637.4005217328478
 20
503.5
 10
637.0441746851645
 20
502.5209445330008
 10
637.0441746851645
 20
501.4790554669992
 10
637.4005217328478
 20
500.5
 10
638.0702351151415
 20
499.7018666706431
 10
638.9725375142241
 20
499.18092213764226
 10
639.998597944201
 20
499.0
 10
687.8146024682699
 20
499.0
 10
688.8406628982469
 20
499.18092213764226
 10
689.7429652973295
 20
499.7018666706431
 10
690.4126786796232
 20
500.5
 10
690.7690257273066
 20
501.4790554669992
 10
690.7690257273066
 20
502.5209445330008
 10
690.4126786796232
 20
503.5
 10
689.7429652973295
 20
504.2981333293569
 10
688.8406628982469
 20
504.81907786235774
 10
687.8146024682699
 20
505.0
  0
LWPOLYLINE
  5
28C
330
17
100
AcDbEntity
  8
CUT_INSIDE
100
AcDbPolyline
 90
21
 70
1
 10
680.1844774640263
 20
519.0
 10
646.2233162457194
 20
519.0
 10
645.1972558157424
 20
518.8190778623577
 10
644.2949534166598
 20
518.2981333293569
 10
643.6252400343661
 20
517.5
 10
643.2688929866828
 20
516.5209445330008
 10
643.2688929866828
 20
515.4790554669992
 10
643.6252400343661
 20
514.5
 10
644.2949534166598
 20
513.7018666706431
 10
645.1972558157424
 20
513.1809221376423
 10
646.2233162457194
 20
513.0
 10
680.1844774640263
 20
513.0
 10
681.2105378940032
 20
513.1809221376423
 10
682.1128402930858
 20
513.7018666706431
 10
682.7825536753795
 20
514.5
 10
683.1389007230629
 20
515.4790554669992
 10
683.1389007230629
 20
516.5209445330008
 10
682.7825536753795
 20
517.5
 10
682.1128402930858
 20
518.2981333293569
 10
681.2105378940032
 20
518.8190778623577
 10
680.1844774640263
 20
519.0
  0
LWPOLYLINE
  5
28D
330
17
100
AcDbEntity
  8
CUT_INSIDE
100
AcDbPolyline
 90
21
 70
1
 10
699.770132248185
 20
533.0
 10
656.3017386561392
 20
533.0
 10
655.2756782261622
 20
532.8190778623577
 10
654.3733758270796
 20
532.2981333293569
 10
653.7036624447859
 20
531.5
 10
653.3473153971025
 20
530.5209445330008
 10
653.3473153971025
 20
529.4790554669992
 10
653.7036624447859
 20
528.5
 10
654.3733758270796
 20
527.7018666706431
 10
655.2756782261622
 20
527.1809221376423
 10
656.3017386561392
 20
527.0
 10
699.770132248185
 20
527.0
 10
700.796192678162
 20
527.1809221376423
 10
701.6984950772446
 20
527.7018666706431
 10
702.3682084595382
 20
528.5
 10
702.7245555072216
 20
529.4790554669992
 10
702.7245555072216
 20
530.5209445330008
 10
702.3682084595382
 20
531.5
 10
701.6984950772446
 20
532.2981333293569
 10
700.796192678162
 20
532.8190778623577
 10
699.770132248185
 20
533.0
  0
LWPOLYLINE
  5
28E
330
17
100
AcDbEntity
  8
CUT_INSIDE
100
AcDbPolyline
 90
21
 70
1
 10
600.5937791233523
 20
547.0
 10
580.9136088761359
 20
547.0
 10
579.8875484461588
 20
546.8190778623577
 10
578.9852460470762
 20
546.2981333293569
 10
578.3155326647825
 20
545.5
 10
577.9591856170993
 20
544.5209445330008
 10
577.9591856170993
 20
543.4790554669992
 10
578.3155326647825
 20
542.5
 10
578.9852460470762
 20
541.7018666706431
 10
579.8875484461588
 20
541.1809221376423
 10
580.9136088761359
 20
541.0
 10
600.5937791233523
 20
541.0
 10
601.6198395533294
 20
541.1809221376423
 10
602.522141952412
 20
541.7018666706431
 10
603.1918553347057
 20
542.5
 10
603.548202382389
 20
543.4790554669992
 10
603.548202382389
 20
544.5209445330008
 10
603.1918553347057
 20
545.5
 10
602.522141952412
 20
546.2981333293569
 10
601.6198395533294
 20
546.8190778623577
 10
600.5937791233523
 20
547.0
  0
LWPOLYLINE
  5
28F
330
17
100
AcDbEntity
  8
CUT_INSIDE
100
AcDbPolyline
 90
21
 70
1
 10
604.8618339617711
 20
561.0
 10
577.3987827471203
 20
561.0
 10
576.3727223171434
 20
560.8190778623577
 10
575.4704199180608
 20
560.2981333293569
 10
574.8007065357671
 20
559.5
 10
574.4443594880837
 20
558.5209445330008
 10
574.4443594880837
 20
557.4790554669992
 10
574.8007065357671
 20
556.5
 10
575.4704199180608
 20
555.7018666706431
 10
576.3727223171434
 20
555.1809221376423
 10
577.3987827471203
 20
555.0
 10
604.8618339617711
 20
555.0
 10
605.8878943917482
 20
555.1809221376423
 10
606.7901967908308
 20
555.7018666706431
 10
607.4599101731245
 20
556.5
 10
607.8162572208078
 20
557.4790554669992
 10
607.8162572208078
 20
558.5209445330008
 10
607.4599101731245
 20
559.5
 10
606.7901967908308
 20
560.2981333293569
 10
605.8878943917482
 20
560.8190778623577
 10
604.8618339617711
 20
561.0
  0
LWPOLYLINE
  5
290
330
17
100
AcDbEntity
  8
CUT_INSIDE
100
AcDbPolyline
 90
21
 70
1
 10
620.9184938575439
 20
575.0
 10
582.394279482899
 20
575.0
 10
581.3682190529221
 20
574.8190778623577
 10
580.4659166538395
 20
574.2981333293569
 10
579.7962032715458
 20
573.5
 10
579.4398562238624
 20
572.5209445330008
 10
579.4398562238624
 20
571.4790554669992
 10
579.7962032715458
 20
570.5
 10
580.4659166538395
 20
569.7018666706431
 10
581.3682190529221
 20
569.1809221376423
 10
582.394279482899
 20
569.0
 10
620.9184938575439
 20
569.0
 10
621.944554287521
 20
569.1809221376423
 10
622.8468566866036
 20
569.7018666706431
 10
623.5165700688972
 20
570.5
 10
623.8729171165805
 20
571.4790554669992
 10
623.8729171165805
 20
572.5209445330008
 10
623.5165700688972
 20
573.5
 10
622.8468566866036
 20
574.2981333293569
 10
621.944554287521
 20
574.8190778623577
 10
620.9184938575439
 20
575.0
  0
LWPOLYLINE
  5
291
330
17
100
AcDbEntity
  8
CUT_INSIDE
100
AcDbPolyline
 90
21
 70
1
 10
618.6403123864679
 20
603.0
 10
578.3811859377731
 20
603.0
 10
577.3551255077962
 20
602.8190778623577
 10
576.4528231087136
 20
602.2981333293569
 10
575.7831097264199
 20
601.5
 10
575.4267626787365
 20
600.5209445330008
 10
575.4267626787365
 20
599.4790554669992
 10
575.7831097264199
 20
598.5
 10
576.4528231087136
 20
597.7018666706431
 10
577.3551255077962
 20
597.1809221376423
 10
578.3811859377731
 20
597.0
 10
618.6403123864679
 20
597.0
 10
619.6663728164449
 20
597.1809221376423
 10
620.5686752155275
 20
597.7018666706431
 10
621.2383885978212
 20
598.5
 10
621.5947356455046
 20
599.4790554669992
 10
621.5947356455046
 20
600.5209445330008
 10
621.2383885978212
 20
601.5
 10
620.5686752155275
 20
602.2981333293569
 10
619.6663728164449
 20
602.8190778623577
 10
618.6403123864679
 20
603.0
  0
LWPOLYLINE
  5
292
330
17
100
AcDbEntity
  8
CUT_INSIDE
100
AcDbPolyline
 90
21
 70
1
 10
603.7307206083932
 20
617.0
 10
579.3487402876584
 20
617.0
 10
578.3226798576815
 20
616.8190778623577
 10
577.4203774585989
 20
616.2981333293569
 10
576.7506640763052
 20
615.5
 10
576.3943170286218
 20
614.5209445330008
 10
576.3943170286218
 20
613.4790554669992
 10
576.7506640763052
 20
612.5
 10
577.4203774585989
 20
611.7018666706431
 10
578.3226798576815
 20
611.1809221376423
 10
579.3487402876584
 20
611.0
 10
603.7307206083932
 20
611.0
 10
604.7567810383701
 20
611.1809221376423
 10
605.6590834374529
 20
611.7018666706431
 10
606.3287968197465
 20
612.5
 10
606.6851438674298
 20
613.4790554669992
 10
606.6851438674298
 20
614.5209445330008
 10
606.3287968197465
 20
615.5
 10
605.6590834374529
 20
616.2981333293569
 10
604.7567810383701
 20
616.8190778623577
 10
603.7307206083932
 20
617.0
  0
LWPOLYLINE
  5
293
330
17
100
AcDbEntity
  8
CUT_INSIDE
100
AcDbPolyline
 90
21
 70
1
 10
606.357481935857
 20
631.0
 10
578.8004803461649
 20
631.0
 10
577.7744199161879
 20
630.8190778623577
 10
576.8721175171053
 20
630.2981333293569
 10
576.2024041348116
 20
629.5
 10
575.8460570871282
 20
628.5209445330008
 10
575.8460570871282
 20
627.4790554669992
 10
576.2024041348116
 20
626.5
 10
576.8721175171053
 20
625.7018666706431
 10
577.7744199161879
 20
625.1809221376423
 10
578.8004803461649
 20
625.0
 10
606.357481935857
 20
625.0
 10
607.383542365834
 20
625.1809221376423
 10
608.2858447649166
 20
625.7018666706431
 10
608.9555581472102
 20
626.5
 10
609.3119051948936
 20
627.4790554669992
 10
609.3119051948936
 20
628.5209445330008
 10
608.9555581472102
 20
629.5
 10
608.2858447649166
 20
630.2981333293569
 10
607.383542365834
 20
630.8190778623577
 10
606.357481935857
 20
631.0
  0
LWPOLYLINE
  5
294
330
17
100
AcDbEntity
  8
CUT_INSIDE
100
AcDbPolyline
 90
21
 70
1
 10
675.7038599639279
 20
547.0
 10
626.055450715801
 20
547.0
 10
625.0293902858241
 20
546.8190778623577
 10
624.1270878867415
 20
546.2981333293569
 10
623.4573745044478
 20
545.5
 10
623.1010274567644
 20
544.5209445330008
 10
623.1010274567644
 20
543.4790554669992
 10
623.4573745044478
 20
542.5
 10
624.1270878867415
 20
541.7018666706431
 10
625.0293902858241
 20
541.1809221376423
 10
626.055450715801
 20
541.0
 10
675.7038599639279
 20
541.0
 10
676.729920393905
 20
541.1809221376423
 10
677.6322227929876
 20
541.7018666706431
 10
678.3019361752813
 20
542.5
 10
678.6582832229645
 20
543.4790554669992
 10
678.6582832229645
 20
544.5209445330008
 10
678.3019361752813
 20
545.5
 10
677.6322227929876
 20
546.2981333293569
 10
676.729920393905
 20
546.8190778623577
 10
675.7038599639279
 20
547.0
  0
LWPOLYLINE
  5
295
330
17
100
AcDbEntity
  8
CUT_INSIDE
100
AcDbPolyline
 90
21
 70
1
 10
684.7306972855098
 20
561.0
 10
643.5427341672297
 20
561.0
 10
642.5166737372526
 20
560.8190778623577
 10
641.61437133817
 20
560.2981333293569
 10
640.9446579558763
 20
559.5
 10
640.5883109081931
 20
558.5209445330008
 10
640.5883109081931
 20
557.4790554669992
 10
640.9446579558763
 20
556.5
 10
641.61437133817
 20
555.7018666706431
 10
642.5166737372526
 20
555.1809221376423
 10
643.5427341672297
 20
555.0
 10
684.7306972855098
 20
555.0
 10
685.7567577154869
 20
555.1809221376423
 10
686.6590601145695
 20
555.7018666706431
 10
687.3287734968632
 20
556.5
 10
687.6851205445464
 20
557.4790554669992
 10
687.6851205445464
 20
558.5209445330008
 10
687.3287734968632
 20
559.5
 10
686.6590601145695
 20
560.2981333293569
 10
685.7567577154869
 20
560.8190778623577
 10
684.7306972855098
 20
561.0
  0
LWPOLYLINE
  5
296
330
17
100
AcDbEntity
  8
CUT_INSIDE
100
AcDbPolyline
 90
21
 70
1
 10
684.7540704897967
 20
575.0
 10
655.3231675199632
 20
575.0
 10
654.2971070899863
 20
574.8190778623577
 10
653.3948046909037
 20
574.2981333293569
 10
652.72509130861
 20
573.5
 10
652.3687442609266
 20
572.5209445330008
 10
652.3687442609266
 20
571.4790554669992
 10
652.72509130861
 20
570.5
 10
653.3948046909037
 20
569.7018666706431
 10
654.2971070899863
 20
569.1809221376423
 10
655.3231675199632
 20
569.0
 10
684.7540704897967
 20
569.0
 10
685.7801309197737
 20
569.1809221376423
 10
686.6824333188564
 20
569.7018666706431
 10
687.3521467011501
 20
570.5
 10
687.7084937488333
 20
571.4790554669992
 10
687.7084937488333
 20
572.5209445330008
 10
687.3521467011501
 20
573.5
 10
686.6824333188564
 20
574.2981333293569
 10
685.7801309197737
 20
574.8190778623577
 10
684.7540704897967
 20
575.0
  0
LWPOLYLINE
  5
297
330
17
100
AcDbEntity
  8
CUT_INSIDE
100
AcDbPolyline
 90
21
 70
1
 10
677.5698638148729
 20
589.0
 10
586.451618877765
 20
589.0
 10
585.4255584477879
 20
588.8190778623577
 10
584.5232560487053
 20
588.2981333293569
 10
583.8535426664116
 20
587.5
 10
583.4971956187284
 20
586.5209445330008
 10
583.4971956187284
 20
585.4790554669992
 10
583.8535426664116
 20
584.5
 10
584.5232560487053
 20
583.7018666706431
 10
585.4255584477879
 20
583.1809221376423
 10
586.451618877765
 20
583.0
 10
677.5698638148729
 20
583.0
 10
678.5959242448499
 20
583.1809221376423
 10
679.4982266439325
 20
583.7018666706431
 10
680.1679400262262
 20
584.5
 10
680.5242870739096
 20
585.4790554669992
 10
680.5242870739096
 20
586.5209445330008
 10
680.1679400262262
 20
587.5
 10
679.4982266439325
 20
588.2981333293569
 10
678.5959242448499
 20
588.8190778623577
 10
677.5698638148729
 20
589.0
  0
LWPOLYLINE
  5
298
330
17
100
AcDbEntity
  8
CUT_INSIDE
100
AcDbPolyline
 90
21
 70
1
 10
671.1104644863814
 20
603.0
 10
642.5407431418014
 20
603.0
 10
641.5146827118243
 20
602.8190778623577
 10
640.6123803127417
 20
602.2981333293569
 10
639.942666930448
 20
601.5
 10
639.5863198827647
 20
600.5209445330008
 10
639.5863198827647
 20
599.4790554669992
 10
639.942666930448
 20
598.5
 10
640.6123803127417
 20
597.7018666706431
 10
641.5146827118243
 20
597.1809221376423
 10
642.5407431418014
 20
597.0
 10
671.1104644863814
 20
597.0
 10
672.1365249163584
 20
597.1809221376423
 10
673.038827315441
 20
597.7018666706431
 10
673.7085406977346
 20
598.5
 10
674.064887745418
 20
599.4790554669992
 10
674.064887745418
 20
600.5209445330008
 10
673.7085406977346
 20
601.5
 10
673.038827315441
 20
602.2981333293569
 10
672.1365249163584
 20
602.8190778623577
 10
671.1104644863814
 20
603.0
  0
LWPOLYLINE
  5
299
330
17
100
AcDbEntity
  8
CUT_INSIDE
100
AcDbPolyline
 90
21
 70
1
 10
655.95472050437
 20
617.0
 10
633.496746097324
 20
617.0
 10
632.4706856673471
 20
616.8190778623577
 10
631.5683832682644
 20
616.2981333293569
 10
630.8986698859708
 20
615.5
 10
630.5423228382874
 20
614.5209445330008
 10
630.5423228382874
 20
613.4790554669992
 10
630.8986698859708
 20
612.5
 10
631.5683832682644
 20
611.7018666706431
 10
632.4706856673471
 20
611.1809221376423
 10
633.496746097324
 20
611.0
 10
655.95472050437
 20
611.0
 10
656.980780934347
 20
611.1809221376423
 10
657.8830833334296
 20
611.7018666706431
 10
658.5527967157233
 20
612.5
 10
658.9091437634066
 20
613.4790554669992
 10
658.9091437634066
 20
614.5209445330008
 10
658.5527967157233
 20
615.5
 10
657.8830833334296
 20
616.2981333293569
 10
656.980780934347
 20
616.8190778623577
 10
655.95472050437
 20
617.0
  0
LWPOLYLINE
  5
29A
330
17
100
AcDbEntity
  8
CUT_INSIDE
100
AcDbPolyline
 90
21
 70
1
 10
719.5158877314852
 20
631.0
 10
637.7584176067055
 20
631.0
 10
636.7323571767286
 20
630.8190778623577
 10
635.8300547776458
 20
630.2981333293569
 10
635.1603413953521
 20
629.5
 10
634.8039943476689
 20
628.5209445330008
 10
634.8039943476689
 20
627.4790554669992
 10
635.1603413953521
 20
626.5
 10
635.8300547776458
 20
625.7018666706431
 10
636.7323571767286
 20
625.1809221376423
 10
637.7584176067055
 20
625.0
 10
719.5158877314852
 20
625.0
 10
720.5419481614623
 20
625.1809221376423
 10
721.4442505605449
 20
625.7018666706431
 10
722.1139639428386
 20
626.5
 10
722.470310990522
 20
627.4790554669992
 10
722.470310990522
 20
628.5209445330008
 10
722.1139639428386
 20
629.5
 10
721.4442505605449
 20
630.2981333293569
 10
720.5419481614623
 20
630.8190778623577
 10
719.5158877314852
 20
631.0
  0
LWPOLYLINE
  5
29B
330
17
100
AcDbEntity
  8
CUT_INSIDE
100
AcDbPolyline
 90
21
 70
1
 10
717.2068228198355
 20
435.0
 10
681.3960682502309
 20
435.0
 10
680.3700078202538
 20
434.81907786235774
 10
679.4677054211712
 20
434.2981333293569
 10
678.7979920388775
 20
433.5
 10
678.4416449911942
 20
432.5209445330008
 10
678.4416449911942
 20
431.4790554669992
 10
678.7979920388775
 20
430.5
 10
679.4677054211712
 20
429.7018666706431
 10
680.3700078202538
 20
429.18092213764226
 10
681.3960682502309
 20
429.0
 10
717.2068228198355
 20
429.0
 10
718.2328832498124
 20
429.18092213764226
 10
719.135185648895
 20
429.7018666706431
 10
719.8048990311887
 20
430.5
 10
720.161246078872
 20
431.4790554669992
 10
720.161246078872
 20
432.5209445330008
 10
719.8048990311887
 20
433.5
 10
719.135185648895
 20
434.2981333293569
 10
718.2328832498124
 20
434.81907786235774
 10
717.2068228198355
 20
435.0
  0
LWPOLYLINE
  5
29C
330
17
100
AcDbEntity
  8
CUT_INSIDE
100
AcDbPolyline
 90
21
 70
1
 10
733.0155018474215
 20
449.0
 10
687.9096045715289
 20
449.0
 10
686.8835441415519
 20
448.81907786235774
 10
685.9812417424693
 20
448.2981333293569
 10
685.3115283601755
 20
447.5
 10
684.9551813124922
 20
446.5209445330008
 10
684.9551813124922
 20
445.4790554669992
 10
685.3115283601755
 20
444.5
 10
685.9812417424693
 20
443.7018666706431
 10
686.8835441415519
 20
443.18092213764226
 10
687.9096045715289
 20
443.0
 10
733.0155018474215
 20
443.0
 10
734.0415622773986
 20
443.18092213764226
 10
734.9438646764812
 20
443.7018666706431
 10
735.6135780587749
 20
444.5
 10
735.9699251064583
 20
445.4790554669992
 10
735.9699251064583
 20
446.5209445330008
 10
735.6135780587749
 20
447.5
 10
734.9438646764812
 20
448.2981333293569
 10
734.0415622773986
 20
448.81907786235774
 10
733.0155018474215
 20
449.0
  0
LWPOLYLINE
  5
29D
330
17
100
AcDbEntity
  8
CUT_INSIDE
100
AcDbPolyline
 90
21
 70
1
 10
778.8031582330715
 20
463.0
 10
700.6586126031025
 20
463.0
 10
699.6325521731255
 20
462.81907786235774
 10
698.7302497740429
 20
462.2981333293569
 10
698.0605363917491
 20
461.5
 10
697.7041893440659
 20
460.5209445330008
 10
697.7041893440659
 20
459.4790554669992
 10
698.0605363917491
 20
458.5
 10
698.7302497740429
 20
457.7018666706431
 10
699.6325521731255
 20
457.18092213764226
 10
700.6586126031025
 20
457.0
 10
778.8031582330715
 20
457.0
 10
779.8292186630486
 20
457.18092213764226
 10
780.7315210621312
 20
457.7018666706431
 10
781.4012344444247
 20
458.5
 10
781.7575814921081
 20
459.4790554669992
 10
781.7575814921081
 20
460.5209445330008
 10
781.4012344444247
 20
461.5
 10
780.7315210621312
 20
462.2981333293569
 10
779.8292186630486
 20
462.81907786235774
 10
778.8031582330715
 20
463.0
  0
LWPOLYLINE
  5
29E
330
17
100
AcDbEntity
  8
CUT_INSIDE
100
AcDbPolyline
 90
21
 70
1
 10
769.7650659131345
 20
477.0
 10
724.0631253428501
 20
477.0
 10
723.037064912873
 20
476.81907786235774
 10
722.1347625137904
 20
476.2981333293569
 10
721.4650491314967
 20
475.5
 10
721.1087020838135
 20
474.5209445330008
 10
721.1087020838135
 20
473.4790554669992
 10
721.4650491314967
 20
472.5
 10
722.1347625137904
 20
471.7018666706431
 10
723.037064912873
 20
471.18092213764226
 10
724.0631253428501
 20
471.0
 10
769.7650659131345
 20
471.0
 10
770.7911263431116
 20
471.18092213764226
 10
771.6934287421942
 20
471.7018666706431
 10
772.3631421244879
 20
472.5
 10
772.7194891721712
 20
473.4790554669992
 10
772.7194891721712
 20
474.5209445330008
 10
772.3631421244879
 20
475.5
 10
771.6934287421942
 20
476.2981333293569
 10
770.7911263431116
 20
476.81907786235774
 10
769.7650659131345
 20
477.0
  0
LWPOLYLINE
  5
29F
330
17
100
AcDbEntity
  8
CUT_INSIDE
100
AcDbPolyline
 90
21
 70
1
 10
750.9183345695878
 20
491.0
 10
707.9157954951177
 20
491.0
 10
706.8897350651407
 20
490.81907786235774
 10
705.9874326660581
 20
490.2981333293569
 10
705.3177192837644
 20
489.5
 10
704.961372236081
 20
488.5209445330008
 10
704.961372236081
 20
487.4790554669992
 10
705.3177192837644
 20
486.5
 10
705.9874326660581
 20
485.7018666706431
 10
706.8897350651407
 20
485.18092213764226
 10
707.9157954951177
 20
485.0
 10
750.9183345695878
 20
485.0
 10
751.9443949995648
 20
485.18092213764226
 10
752.8466973986474
 20
485.7018666706431
 10
753.5164107809411
 20
486.5
 10
753.8727578286245
 20
487.4790554669992
 10
753.8727578286245
 20
488.5209445330008
 10
753.5164107809411
 20
489.5
 10
752.8466973986474
 20
490.2981333293569
 10
751.9443949995648
 20
490.81907786235774
 10
750.9183345695878
 20
491.0
  0
LWPOLYLINE
  5
2A0
330
17
100
AcDbEntity
  8
CUT_INSIDE
100
AcDbPolyline
 90
21
 70
1
 10
761.3286751894398
 20
505.0
 10
712.0244019952445
 20
505.0
 10
710.9983415652675
 20
504.81907786235774
 10
710.0960391661849
 20
504.2981333293569
 10
709.4263257838912
 20
503.5
 10
709.0699787362079
 20
502.5209445330008
 10
709.0699787362079
 20
501.4790554669992
 10
709.4263257838912
 20
500.5
 10
710.0960391661849
 20
499.7018666706431
 10
710.9983415652675
 20
499.18092213764226
 10
712.0244019952445
 20
499.0
 10
761.3286751894398
 20
499.0
 10
762.3547356194167
 20
499.18092213764226
 10
763.2570380184993
 20
499.7018666706431
 10
763.926751400793
 20
500.5
 10
764.2830984484764
 20
501.4790554669992
 10
764.2830984484764
 20
502.5209445330008
 10
763.926751400793
 20
503.5
 10
763.2570380184993
 20
504.2981333293569
 10
762.3547356194167
 20
504.81907786235774
 10
761.3286751894398
 20
505.0
  0
LWPOLYLINE
  5
2A1
330
17
100
AcDbEntity
  8
CUT_INSIDE
100
AcDbPolyline
 90
21
 70
1
 10
736.7461947220831
 20
519.0
 10
711.4716747692898
 20
519.0
 10
710.4456143393128
 20
518.8190778623577
 10
709.5433119402302
 20
518.2981333293569
 10
708.8735985579365
 20
517.5
 10
708.5172515102531
 20
516.5209445330008
 10
708.5172515102531
 20
515.4790554669992
 10
708.8735985579365
 20
514.5
 10
709.5433119402302
 20
513.7018666706431
 10
710.4456143393128
 20
513.1809221376423
 10
711.4716747692898
 20
513.0
 10
736.7461947220831
 20
513.0
 10
737.7722551520601
 20
513.1809221376423
 10
738.6745575511427
 20
513.7018666706431
 10
739.3442709334365
 20
514.5
 10
739.7006179811198
 20
515.4790554669992
 10
739.7006179811198
 20
516.5209445330008
 10
739.3442709334365
 20
517.5
 10
738.6745575511427
 20
518.2981333293569
 10
737.7722551520601
 20
518.8190778623577
 10
736.7461947220831
 20
519.0
  0
LWPOLYLINE
  5
2A2
330
17
100
AcDbEntity
  8
CUT_INSIDE
100
AcDbPolyline
 90
21
 70
1
 10
744.9423212769475
 20
533.0
 10
725.7774242553457
 20
533.0
 10
724.7513638253688
 20
532.8190778623577
 10
723.8490614262862
 20
532.2981333293569
 10
723.1793480439925
 20
531.5
 10
722.8230009963092
 20
530.5209445330008
 10
722.8230009963092
 20
529.4790554669992
 10
723.1793480439925
 20
528.5
 10
723.8490614262862
 20
527.7018666706431
 10
724.7513638253688
 20
527.1809221376423
 10
725.7774242553457
 20
527.0
 10
744.9423212769475
 20
527.0
 10
745.9683817069244
 20
527.1809221376423
 10
746.870684106007
 20
527.7018666706431
 10
747.5403974883008
 20
528.5
 10
747.896744535984
 20
529.4790554669992
 10
747.896744535984
 20
530.5209445330008
 10
747.5403974883008
 20
531.5
 10
746.870684106007
 20
532.2981333293569
 10
745.9683817069244
 20
532.8190778623577
 10
744.9423212769475
 20
533.0
  0
LWPOLYLINE
  5
2A3
330
17
100
AcDbEntity
  8
CUT_INSIDE
100
AcDbPolyline
 90
21
 70
1
 10
803.0376421209457
 20
435.0
 10
755.2521817582415
 20
435.0
 10
754.2261213282644
 20
434.81907786235774
 10
753.3238189291818
 20
434.2981333293569
 10
752.6541055468881
 20
433.5
 10
752.2977584992047
 20
432.5209445330008
 10
752.2977584992047
 20
431.4790554669992
 10
752.6541055468881
 20
430.5
 10
753.3238189291818
 20
429.7018666706431
 10
754.2261213282644
 20
429.18092213764226
 10
755.2521817582415
 20
429.0
 10
803.0376421209457
 20
429.0
 10
804.0637025509227
 20
429.18092213764226
 10
804.9660049500053
 20
429.7018666706431
 10
805.6357183322991
 20
430.5
 10
805.9920653799824
 20
431.4790554669992
 10
805.9920653799824
 20
432.5209445330008
 10
805.6357183322991
 20
433.5
 10
804.9660049500053
 20
434.2981333293569
 10
804.0637025509227
 20
434.81907786235774
 10
803.0376421209457
 20
435.0
  0
LWPOLYLINE
  5
2A4
330
17
100
AcDbEntity
  8
CUT_INSIDE
100
AcDbPolyline
 90
21
 70
1
 10
852.8990433925676
 20
449.0
 10
762.5222027524982
 20
449.0
 10
761.4961423225211
 20
448.81907786235774
 10
760.5938399234385
 20
448.2981333293569
 10
759.9241265411449
 20
447.5
 10
759.5677794934616
 20
446.5209445330008
 10
759.5677794934616
 20
445.4790554669992
 10
759.9241265411449
 20
444.5
 10
760.5938399234385
 20
443.7018666706431
 10
761.4961423225211
 20
443.18092213764226
 10
762.5222027524982
 20
443.0
 10
852.8990433925676
 20
443.0
 10
853.9251038225445
 20
443.18092213764226
 10
854.8274062216271
 20
443.7018666706431
 10
855.497119603921
 20
444.5
 10
855.8534666516042
 20
445.4790554669992
 10
855.8534666516042
 20
446.5209445330008
 10
855.497119603921
 20
447.5
 10
854.8274062216271
 20
448.2981333293569
 10
853.9251038225445
 20
448.81907786235774
 10
852.8990433925676
 20
449.0
  0
LWPOLYLINE
  5
2A5
330
17
100
AcDbEntity
  8
CUT_INSIDE
100
AcDbPolyline
 90
21
 70
1
 10
832.1831567663646
 20
491.0
 10
771.2247234088677
 20
491.0
 10
770.1986629788906
 20
490.81907786235774
 10
769.296360579808
 20
490.2981333293569
 10
768.6266471975143
 20
489.5
 10
768.270300149831
 20
488.5209445330008
 10
768.270300149831
 20
487.4790554669992
 10
768.6266471975143
 20
486.5
 10
769.296360579808
 20
485.7018666706431
 10
770.1986629788906
 20
485.18092213764226
 10
771.2247234088677
 20
485.0
 10
832.1831567663646
 20
485.0
 10
833.2092171963417
 20
485.18092213764226
 10
834.1115195954243
 20
485.7018666706431
 10
834.781232977718
 20
486.5
 10
835.1375800254013
 20
487.4790554669992
 10
835.1375800254013
 20
488.5209445330008
 10
834.781232977718
 20
489.5
 10
834.1115195954243
 20
490.2981333293569
 10
833.2092171963417
 20
490.81907786235774
 10
832.1831567663646
 20
491.0
  0
LWPOLYLINE
  5
2A6
330
17
100
AcDbEntity
  8
CUT_INSIDE
100
AcDbPolyline
 90
21
 70
1
 10
809.7826714753032
 20
505.0
 10
788.9113989016296
 20
505.0
 10
787.8853384716526
 20
504.81907786235774
 10
786.98303607257
 20
504.2981333293569
 10
786.3133226902763
 20
503.5
 10
785.9569756425931
 20
502.5209445330008
 10
785.9569756425931
 20
501.4790554669992
 10
786.3133226902763
 20
500.5
 10
786.98303607257
 20
499.7018666706431
 10
787.8853384716526
 20
499.18092213764226
 10
788.9113989016296
 20
499.0
 10
809.7826714753032
 20
499.0
 10
810.8087319052802
 20
499.18092213764226
 10
811.7110343043628
 20
499.7018666706431
 10
812.3807476866565
 20
500.5
 10
812.7370947343397
 20
501.4790554669992
 10
812.7370947343397
 20
502.5209445330008
 10
812.3807476866565
 20
503.5
 10
811.7110343043628
 20
504.2981333293569
 10
810.8087319052802
 20
504.81907786235774
 10
809.7826714753032
 20
505.0
  0
LWPOLYLINE
  5
2A7
330
17
100
AcDbEntity
  8
CUT_INSIDE
100
AcDbPolyline
 90
21
 70
1
 10
727.9016256197269
 20
561.0
 10
708.69050041021
 20
561.0
 10
707.6644399802329
 20
560.8190778623577
 10
706.7621375811503
 20
560.2981333293569
 10
706.0924241988566
 20
559.5
 10
705.7360771511733
 20
558.5209445330008
 10
705.7360771511733
 20
557.4790554669992
 10
706.0924241988566
 20
556.5
 10
706.7621375811503
 20
555.7018666706431
 10
707.6644399802329
 20
555.1809221376423
 10
708.69050041021
 20
555.0
 10
727.9016256197269
 20
555.0
 10
728.9276860497039
 20
555.1809221376423
 10
729.8299884487865
 20
555.7018666706431
 10
730.4997018310803
 20
556.5
 10
730.8560488787635
 20
557.4790554669992
 10
730.8560488787635
 20
558.5209445330008
 10
730.4997018310803
 20
559.5
 10
729.8299884487865
 20
560.2981333293569
 10
728.9276860497039
 20
560.8190778623577
 10
727.9016256197269
 20
561.0
  0
LWPOLYLINE
  5
2A8
330
17
100
AcDbEntity
  8
CUT_INSIDE
100
AcDbPolyline
 90
21
 70
1
 10
725.2447294362009
 20
575.0
 10
708.707922771604
 20
575.0
 10
707.681862341627
 20
574.8190778623577
 10
706.7795599425444
 20
574.2981333293569
 10
706.1098465602507
 20
573.5
 10
705.7534995125675
 20
572.5209445330008
 10
705.7534995125675
 20
571.4790554669992
 10
706.1098465602507
 20
570.5
 10
706.7795599425444
 20
569.7018666706431
 10
707.681862341627
 20
569.1809221376423
 10
708.707922771604
 20
569.0
 10
725.2447294362009
 20
569.0
 10
726.2707898661779
 20
569.1809221376423
 10
727.1730922652606
 20
569.7018666706431
 10
727.8428056475543
 20
570.5
 10
728.1991526952376
 20
571.4790554669992
 10
728.1991526952376
 20
572.5209445330008
 10
727.8428056475543
 20
573.5
 10
727.1730922652605
 20
574.2981333293569
 10
726.2707898661779
 20
574.8190778623577
 10
725.2447294362009
 20
575.0
  0
LWPOLYLINE
  5
2A9
330
17
100
AcDbEntity
  8
CUT_INSIDE
100
AcDbPolyline
 90
21
 70
1
 10
728.0473681402955
 20
547.0
 10
711.6176511653812
 20
547.0
 10
710.5915907354042
 20
546.8190778623577
 10
709.6892883363216
 20
546.2981333293569
 10
709.0195749540279
 20
545.5
 10
708.6632279063446
 20
544.5209445330008
 10
708.6632279063446
 20
543.4790554669992
 10
709.0195749540279
 20
542.5
 10
709.6892883363216
 20
541.7018666706431
 10
710.5915907354042
 20
541.1809221376423
 10
711.6176511653812
 20
541.0
 10
728.0473681402955
 20
541.0
 10
729.0734285702725
 20
541.1809221376423
 10
729.9757309693551
 20
541.7018666706431
 10
730.6454443516488
 20
542.5
 10
731.0017913993321
 20
543.4790554669992
 10
731.0017913993321
 20
544.5209445330008
 10
730.6454443516488
 20
545.5
 10
729.9757309693551
 20
546.2981333293569
 10
729.0734285702725
 20
546.8190778623577
 10
728.0473681402955
 20
547.0
  0
LWPOLYLINE
  5
2AA
330
17
100
AcDbEntity
  8
CUT_INSIDE
100
AcDbPolyline
 90
21
 70
1
 10
704.2413296995596
 20
617.0
 10
685.1032815310477
 20
617.0
 10
684.0772211010707
 20
616.8190778623577
 10
683.1749187019881
 20
616.2981333293569
 10
682.5052053196944
 20
615.5
 10
682.148858272011
 20
614.5209445330008
 10
682.148858272011
 20
613.4790554669992
 10
682.5052053196944
 20
612.5
 10
683.1749187019881
 20
611.7018666706431
 10
684.0772211010707
 20
611.1809221376423
 10
685.1032815310477
 20
611.0
 10
704.2413296995596
 20
611.0
 10
705.2673901295367
 20
611.1809221376423
 10
706.1696925286193
 20
611.7018666706431
 10
706.839405910913
 20
612.5
 10
707.1957529585964
 20
613.4790554669992
 10
707.1957529585964
 20
614.5209445330008
 10
706.839405910913
 20
615.5
 10
706.1696925286193
 20
616.2981333293569
 10
705.2673901295367
 20
616.8190778623577
 10
704.2413296995596
 20
617.0
  0
LWPOLYLINE
  5
2AB
330
17
100
AcDbEntity
  8
CUT_INSIDE
100
AcDbPolyline
 90
21
 70
1
 10
743.5109069746983
 20
589.0
 10
715.2417861943342
 20
589.0
 10
714.2157257643572
 20
588.8190778623577
 10
713.3134233652746
 20
588.2981333293569
 10
712.6437099829809
 20
587.5
 10
712.2873629352976
 20
586.5209445330008
 10
712.2873629352976
 20
585.4790554669992
 10
712.6437099829809
 20
584.5
 10
713.3134233652746
 20
583.7018666706431
 10
714.2157257643572
 20
583.1809221376423
 10
715.2417861943342
 20
583.0
 10
743.5109069746983
 20
583.0
 10
744.5369674046752
 20
583.1809221376423
 10
745.4392698037578
 20
583.7018666706431
 10
746.1089831860515
 20
584.5
 10
746.4653302337349
 20
585.4790554669992
 10
746.4653302337349
 20
586.5209445330008
 10
746.1089831860515
 20
587.5
 10
745.4392698037578
 20
588.2981333293569
 10
744.5369674046752
 20
588.8190778623577
 10
743.5109069746983
 20
589.0
  0
LWPOLYLINE
  5
2AC
330
17
100
AcDbEntity
  8
CUT_INSIDE
100
AcDbPolyline
 90
21
 70
1
 10
773.2556308263477
 20
617.0
 10
724.5629573967979
 20
617.0
 10
723.5368969668208
 20
616.8190778623577
 10
722.6345945677382
 20
616.2981333293569
 10
721.9648811854445
 20
615.5
 10
721.6085341377611
 20
614.5209445330008
 10
721.6085341377611
 20
613.4790554669992
 10
721.9648811854445
 20
612.5
 10
722.6345945677382
 20
611.7018666706431
 10
723.5368969668208
 20
611.1809221376423
 10
724.5629573967979
 20
611.0
 10
773.2556308263477
 20
611.0
 10
774.2816912563247
 20
611.1809221376423
 10
775.1839936554073
 20
611.7018666706431
 10
775.853707037701
 20
612.5
 10
776.2100540853844
 20
613.4790554669992
 10
776.2100540853844
 20
614.5209445330008
 10
775.853707037701
 20
615.5
 10
775.1839936554073
 20
616.2981333293569
 10
774.2816912563247
 20
616.8190778623577
 10
773.2556308263477
 20
617.0
  0
LWPOLYLINE
  5
2AD
330
17
100
AcDbEntity
  8
CUT_INSIDE
100
AcDbPolyline
 90
21
 70
1
 10
777.3626426716519
 20
547.0
 10
753.0984101686796
 20
547.0
 10
752.0723497387025
 20
546.8190778623577
 10
751.1700473396199
 20
546.2981333293569
 10
750.5003339573263
 20
545.5
 10
750.143986909643
 20
544.5209445330008
 10
750.143986909643
 20
543.4790554669992
 10
750.5003339573263
 20
542.5
 10
751.1700473396199
 20
541.7018666706431
 10
752.0723497387025
 20
541.1809221376423
 10
753.0984101686796
 20
541.0
 10
777.3626426716519
 20
541.0
 10
778.3887031016288
 20
541.1809221376423
 10
779.2910055007115
 20
541.7018666706431
 10
779.9607188830053
 20
542.5
 10
780.3170659306885
 20
543.4790554669992
 10
780.3170659306885
 20
544.5209445330008
 10
779.9607188830053
 20
545.5
 10
779.2910055007115
 20
546.2981333293569
 10
778.3887031016288
 20
546.8190778623577
 10
777.3626426716519
 20
547.0
  0
LWPOLYLINE
  5
2AE
330
17
100
AcDbEntity
  8
CUT_INSIDE
100
AcDbPolyline
 90
21
 70
1
 10
801.0336216052218
 20
575.0
 10
750.8617238075725
 20
575.0
 10
749.8356633775956
 20
574.8190778623577
 10
748.9333609785128
 20
574.2981333293569
 10
748.2636475962192
 20
573.5
 10
747.9073005485359
 20
572.5209445330008
 10
747.9073005485359
 20
571.4790554669992
 10
748.2636475962192
 20
570.5
 10
748.9333609785128
 20
569.7018666706431
 10
749.8356633775956
 20
569.1809221376423
 10
750.8617238075725
 20
569.0
 10
801.0336216052218
 20
569.0
 10
802.0596820351988
 20
569.1809221376423
 10
802.9619844342815
 20
569.7018666706431
 10
803.6316978165751
 20
570.5
 10
803.9880448642584
 20
571.4790554669992
 10
803.9880448642584
 20
572.5209445330008
 10
803.6316978165751
 20
573.5
 10
802.9619844342815
 20
574.2981333293569
 10
802.0596820351988
 20
574.8190778623577
 10
801.0336216052218
 20
575.0
  0
LWPOLYLINE
  5
2AF
330
17
100
AcDbEntity
  8
CUT_INSIDE
100
AcDbPolyline
 90
21
 70
1
 10
829.6955116755223
 20
561.0
 10
747.2813648366007
 20
561.0
 10
746.2553044066236
 20
560.8190778623577
 10
745.353002007541
 20
560.2981333293569
 10
744.6832886252473
 20
559.5
 10
744.326941577564
 20
558.5209445330008
 10
744.326941577564
 20
557.4790554669992
 10
744.6832886252473
 20
556.5
 10
745.353002007541
 20
555.7018666706431
 10
746.2553044066236
 20
555.1809221376423
 10
747.2813648366007
 20
555.0
 10
829.6955116755223
 20
555.0
 10
830.7215721054994
 20
555.1809221376423
 10
831.623874504582
 20
555.7018666706431
 10
832.2935878868757
 20
556.5
 10
832.649934934559
 20
557.4790554669992
 10
832.649934934559
 20
558.5209445330008
 10
832.2935878868757
 20
559.5
 10
831.623874504582
 20
560.2981333293569
 10
830.7215721054994
 20
560.8190778623577
 10
829.6955116755223
 20
561.0
  0
LWPOLYLINE
  5
2B0
330
17
100
AcDbEntity
  8
CUT_INSIDE
100
AcDbPolyline
 90
21
 70
1
 10
809.6339404366688
 20
603.0
 10
698.2232646463692
 20
603.0
 10
697.1972042163922
 20
602.8190778623577
 10
696.2949018173096
 20
602.2981333293569
 10
695.6251884350158
 20
601.5
 10
695.2688413873326
 20
600.5209445330008
 10
695.2688413873326
 20
599.4790554669992
 10
695.6251884350158
 20
598.5
 10
696.2949018173096
 20
597.7018666706431
 10
697.1972042163922
 20
597.1809221376423
 10
698.2232646463692
 20
597.0
 10
809.6339404366688
 20
597.0
 10
810.6600008666458
 20
597.1809221376423
 10
811.5623032657284
 20
597.7018666706431
 10
812.2320166480221
 20
598.5
 10
812.5883636957054
 20
599.4790554669992
 10
812.5883636957054
 20
600.5209445330008
 10
812.2320166480221
 20
601.5
 10
811.5623032657284
 20
602.2981333293569
 10
810.6600008666458
 20
602.8190778623577
 10
809.6339404366688
 20
603.0
  0
LWPOLYLINE
  5
2B1
330
17
100
AcDbEntity
  8
CUT_INSIDE
100
AcDbPolyline
 90
21
 70
1
 10
775.8730686639769
 20
631.0
 10
738.9898216195352
 20
631.0
 10
737.9637611895582
 20
630.8190778623577
 10
737.0614587904756
 20
630.2981333293569
 10
736.3917454081819
 20
629.5
 10
736.0353983604987
 20
628.5209445330008
 10
736.0353983604987
 20
627.4790554669992
 10
736.3917454081819
 20
626.5
 10
737.0614587904756
 20
625.7018666706431
 10
737.9637611895582
 20
625.1809221376423
 10
738.9898216195352
 20
625.0
 10
775.8730686639769
 20
625.0
 10
776.899129093954
 20
625.1809221376423
 10
777.8014314930366
 20
625.7018666706431
 10
778.4711448753303
 20
626.5
 10
778.8274919230137
 20
627.4790554669992
 10
778.8274919230137
 20
628.5209445330008
 10
778.4711448753303
 20
629.5
 10
777.8014314930366
 20
630.2981333293569
 10
776.899129093954
 20
630.8190778623577
 10
775.8730686639769
 20
631.0
  0
LWPOLYLINE
  5
2B2
330
17
100
AcDbEntity
  8
CUT_INSIDE
100
AcDbPolyline
 90
21
 70
1
 10
603.9469014664438
 20
659.0
 10
579.7385740313721
 20
659.0
 10
578.7125136013951
 20
658.8190778623577
 10
577.8102112023125
 20
658.2981333293569
 10
577.1404978200188
 20
657.5
 10
576.7841507723355
 20
656.5209445330008
 10
576.7841507723355
 20
655.4790554669992
 10
577.1404978200188
 20
654.5
 10
577.8102112023125
 20
653.7018666706431
 10
578.7125136013951
 20
653.1809221376423
 10
579.7385740313721
 20
653.0
 10
603.9469014664438
 20
653.0
 10
604.9729618964209
 20
653.1809221376423
 10
605.8752642955035
 20
653.7018666706431
 10
606.5449776777972
 20
654.5
 10
606.9013247254804
 20
655.4790554669992
 10
606.9013247254804
 20
656.5209445330008
 10
606.5449776777972
 20
657.5
 10
605.8752642955035
 20
658.2981333293569
 10
604.9729618964209
 20
658.8190778623577
 10
603.9469014664438
 20
659.0
  0
LWPOLYLINE
  5
2B3
330
17
100
AcDbEntity
  8
CUT_INSIDE
100
AcDbPolyline
 90
21
 70
1
 10
597.7635566790786
 20
673.0
 10
579.5838848540659
 20
673.0
 10
578.557824424089
 20
672.8190778623577
 10
577.6555220250062
 20
672.2981333293569
 10
576.9858086427125
 20
671.5
 10
576.6294615950293
 20
670.5209445330008
 10
576.6294615950293
 20
669.4790554669992
 10
576.9858086427125
 20
668.5
 10
577.6555220250062
 20
667.7018666706431
 10
578.557824424089
 20
667.1809221376423
 10
579.5838848540659
 20
667.0
 10
597.7635566790786
 20
667.0
 10
598.7896171090556
 20
667.1809221376423
 10
599.6919195081382
 20
667.7018666706431
 10
600.3616328904319
 20
668.5
 10
600.7179799381153
 20
669.4790554669992
 10
600.7179799381153
 20
670.5209445330008
 10
600.3616328904319
 20
671.5
 10
599.6919195081382
 20
672.2981333293569
 10
598.7896171090556
 20
672.8190778623577
 10
597.7635566790786
 20
673.0
  0
LWPOLYLINE
  5
2B4
330
17
100
AcDbEntity
  8
CUT_INSIDE
100
AcDbPolyline
 90
21
 70
1
 10
632.0191073827257
 20
645.0
 10
584.5500254590428
 20
645.0
 10
583.5239650290658
 20
644.8190778623577
 10
582.6216626299832
 20
644.2981333293569
 10
581.9519492476895
 20
643.5
 10
581.5956022000062
 20
642.5209445330008
 10
581.5956022000062
 20
641.4790554669992
 10
581.9519492476895
 20
640.5
 10
582.6216626299832
 20
639.7018666706431
 10
583.5239650290658
 20
639.1809221376423
 10
584.5500254590428
 20
639.0
 10
632.0191073827257
 20
639.0
 10
633.0451678127026
 20
639.1809221376423
 10
633.9474702117853
 20
639.7018666706431
 10
634.617183594079
 20
640.5
 10
634.9735306417623
 20
641.4790554669992
 10
634.9735306417623
 20
642.5209445330008
 10
634.617183594079
 20
643.5
 10
633.9474702117853
 20
644.2981333293569
 10
633.0451678127026
 20
644.8190778623577
 10
632.0191073827257
 20
645.0
  0
LWPOLYLINE
  5
2B5
330
17
100
AcDbEntity
  8
CUT_INSIDE
100
AcDbPolyline
 90
21
 70
1
 10
600.1087052879434
 20
687.0
 10
577.4442275891314
 20
687.0
 10
576.4181671591543
 20
686.8190778623577
 10
575.5158647600717
 20
686.2981333293569
 10
574.846151377778
 20
685.5
 10
574.4898043300948
 20
684.5209445330008
 10
574.4898043300948
 20
683.4790554669992
 10
574.846151377778
 20
682.5
 10
575.5158647600717
 20
681.7018666706431
 10
576.4181671591543
 20
681.1809221376423
 10
577.4442275891314
 20
681.0
 10
600.1087052879434
 20
681.0
 10
601.1347657179203
 20
681.1809221376423
 10
602.037068117003
 20
681.7018666706431
 10
602.7067814992967
 20
682.5
 10
603.06312854698
 20
683.4790554669992
 10
603.06312854698
 20
684.5209445330008
 10
602.7067814992967
 20
685.5
 10
602.037068117003
 20
686.2981333293569
 10
601.1347657179203
 20
686.8190778623577
 10
600.1087052879434
 20
687.0
  0
LWPOLYLINE
  5
2B6
330
17
100
AcDbEntity
  8
CUT_INSIDE
100
AcDbPolyline
 90
21
 70
1
 10
631.4693470828782
 20
701.0
 10
585.9778091412044
 20
701.0
 10
584.9517487112273
 20
700.8190778623577
 10
584.0494463121447
 20
700.2981333293569
 10
583.379732929851
 20
699.5
 10
583.0233858821678
 20
698.5209445330008
 10
583.0233858821678
 20
697.4790554669992
 10
583.379732929851
 20
696.5
 10
584.0494463121447
 20
695.7018666706431
 10
584.9517487112273
 20
695.1809221376423
 10
585.9778091412044
 20
695.0
 10
631.4693470828782
 20
695.0
 10
632.4954075128553
 20
695.1809221376423
 10
633.3977099119379
 20
695.7018666706431
 10
634.0674232942316
 20
696.5
 10
634.4237703419149
 20
697.4790554669992
 10
634.4237703419149
 20
698.5209445330008
 10
634.0674232942316
 20
699.5
 10
633.3977099119379
 20
700.2981333293569
 10
632.4954075128553
 20
700.8190778623577
 10
631.4693470828782
 20
701.0
  0
LWPOLYLINE
  5
2B7
330
17
100
AcDbEntity
  8
CUT_INSIDE
100
AcDbPolyline
 90
21
 70
1
 10
609.9043667983976
 20
715.0
 10
592.734691406168
 20
715.0
 10
591.708630976191
 20
714.8190778623577
 10
590.8063285771084
 20
714.2981333293569
 10
590.1366151948147
 20
713.5
 10
589.7802681471314
 20
712.5209445330008
 10
589.7802681471314
 20
711.4790554669992
 10
590.1366151948147
 20
710.5
 10
590.8063285771084
 20
709.7018666706431
 10
591.708630976191
 20
709.1809221376423
 10
592.734691406168
 20
709.0
 10
609.9043667983976
 20
709.0
 10
610.9304272283746
 20
709.1809221376423
 10
611.8327296274572
 20
709.7018666706431
 10
612.5024430097509
 20
710.5
 10
612.8587900574342
 20
711.4790554669992
 10
612.8587900574342
 20
712.5209445330008
 10
612.5024430097509
 20
713.5
 10
611.8327296274572
 20
714.2981333293569
 10
610.9304272283746
 20
714.8190778623577
 10
609.9043667983976
 20
715.0
  0
LWPOLYLINE
  5
2B8
330
17
100
AcDbEntity
  8
CUT_INSIDE
100
AcDbPolyline
 90
21
 70
1
 10
614.5150761275836
 20
729.0
 10
590.304418442804
 20
729.0
 10
589.2783580128271
 20
728.8190778623577
 10
588.3760556137445
 20
728.2981333293569
 10
587.7063422314508
 20
727.5
 10
587.3499951837674
 20
726.5209445330008
 10
587.3499951837674
 20
725.4790554669992
 10
587.7063422314508
 20
724.5
 10
588.3760556137445
 20
723.7018666706431
 10
589.2783580128271
 20
723.1809221376423
 10
590.304418442804
 20
723.0
 10
614.5150761275836
 20
723.0
 10
615.5411365575605
 20
723.1809221376423
 10
616.4434389566433
 20
723.7018666706431
 10
617.113152338937
 20
724.5
 10
617.4694993866202
 20
725.4790554669992
 10
617.4694993866202
 20
726.5209445330008
 10
617.113152338937
 20
727.5
 10
616.4434389566433
 20
728.2981333293569
 10
615.5411365575605
 20
728.8190778623577
 10
614.5150761275836
 20
729.0
  0
LWPOLYLINE
  5
2B9
330
17
100
AcDbEntity
  8
CUT_INSIDE
100
AcDbPolyline
 90
21
 70
1
 10
671.2227188570477
 20
659.0
 10
621.5894533652709
 20
659.0
 10
620.5633929352938
 20
658.8190778623577
 10
619.6610905362112
 20
658.2981333293569
 10
618.9913771539175
 20
657.5
 10
618.6350301062341
 20
656.5209445330008
 10
618.6350301062341
 20
655.4790554669992
 10
618.9913771539175
 20
654.5
 10
619.6610905362112
 20
653.7018666706431
 10
620.5633929352938
 20
653.1809221376423
 10
621.5894533652709
 20
653.0
 10
671.2227188570477
 20
653.0
 10
672.2487792870247
 20
653.1809221376423
 10
673.1510816861073
 20
653.7018666706431
 10
673.8207950684009
 20
654.5
 10
674.1771421160843
 20
655.4790554669992
 10
674.1771421160843
 20
656.5209445330008
 10
673.8207950684009
 20
657.5
 10
673.1510816861073
 20
658.2981333293569
 10
672.2487792870247
 20
658.8190778623577
 10
671.2227188570477
 20
659.0
  0
LWPOLYLINE
  5
2BA
330
17
100
AcDbEntity
  8
CUT_INSIDE
100
AcDbPolyline
 90
21
 70
1
 10
665.071031278242
 20
673.0
 10
635.2465664555584
 20
673.0
 10
634.2205060255815
 20
672.8190778623577
 10
633.3182036264989
 20
672.2981333293569
 10
632.6484902442052
 20
671.5
 10
632.2921431965218
 20
670.5209445330008
 10
632.2921431965218
 20
669.4790554669992
 10
632.6484902442052
 20
668.5
 10
633.3182036264989
 20
667.7018666706431
 10
634.2205060255815
 20
667.1809221376423
 10
635.2465664555584
 20
667.0
 10
665.071031278242
 20
667.0
 10
666.0970917082191
 20
667.1809221376423
 10
666.9993941073017
 20
667.7018666706431
 10
667.6691074895953
 20
668.5
 10
668.0254545372786
 20
669.4790554669992
 10
668.0254545372786
 20
670.5209445330008
 10
667.6691074895953
 20
671.5
 10
666.9993941073017
 20
672.2981333293569
 10
666.0970917082191
 20
672.8190778623577
 10
665.071031278242
 20
673.0
  0
LWPOLYLINE
  5
2BB
330
17
100
AcDbEntity
  8
CUT_INSIDE
100
AcDbPolyline
 90
21
 70
1
 10
663.6306588813338
 20
687.0
 10
637.2327731862653
 20
687.0
 10
636.2067127562882
 20
686.8190778623577
 10
635.3044103572056
 20
686.2981333293569
 10
634.6346969749119
 20
685.5
 10
634.2783499272286
 20
684.5209445330008
 10
634.2783499272286
 20
683.4790554669992
 10
634.6346969749119
 20
682.5
 10
635.3044103572056
 20
681.7018666706431
 10
636.2067127562882
 20
681.1809221376423
 10
637.2327731862653
 20
681.0
 10
663.6306588813338
 20
681.0
 10
664.6567193113108
 20
681.1809221376423
 10
665.5590217103934
 20
681.7018666706431
 10
666.2287350926871
 20
682.5
 10
666.5850821403704
 20
683.4790554669992
 10
666.5850821403704
 20
684.5209445330008
 10
666.2287350926871
 20
685.5
 10
665.5590217103934
 20
686.2981333293569
 10
664.6567193113108
 20
686.8190778623577
 10
663.6306588813338
 20
687.0
  0
LWPOLYLINE
  5
2BC
330
17
100
AcDbEntity
  8
CUT_INSIDE
100
AcDbPolyline
 90
21
 70
1
 10
666.3714624870265
 20
715.0
 10
636.9835420768961
 20
715.0
 10
635.9574816469192
 20
714.8190778623577
 10
635.0551792478365
 20
714.2981333293569
 10
634.3854658655428
 20
713.5
 10
634.0291188178595
 20
712.5209445330008
 10
634.0291188178595
 20
711.4790554669992
 10
634.3854658655428
 20
710.5
 10
635.0551792478365
 20
709.7018666706431
 10
635.9574816469192
 20
709.1809221376423
 10
636.9835420768961
 20
709.0
 10
666.3714624870265
 20
709.0
 10
667.3975229170035
 20
709.1809221376423
 10
668.2998253160861
 20
709.7018666706431
 10
668.9695386983798
 20
710.5
 10
669.325885746063
 20
711.4790554669992
 10
669.325885746063
 20
712.5209445330008
 10
668.9695386983798
 20
713.5
 10
668.2998253160861
 20
714.2981333293569
 10
667.3975229170035
 20
714.8190778623577
 10
666.3714624870265
 20
715.0
  0
LWPOLYLINE
  5
2BD
330
17
100
AcDbEntity
  8
CUT_INSIDE
100
AcDbPolyline
 90
21
 70
1
 10
695.3451731715606
 20
701.0
 10
669.711321290142
 20
701.0
 10
668.6852608601649
 20
700.8190778623577
 10
667.7829584610823
 20
700.2981333293569
 10
667.1132450787886
 20
699.5
 10
666.7568980311053
 20
698.5209445330008
 10
666.7568980311053
 20
697.4790554669992
 10
667.1132450787886
 20
696.5
 10
667.7829584610823
 20
695.7018666706431
 10
668.6852608601649
 20
695.1809221376423
 10
669.711321290142
 20
695.0
 10
695.3451731715606
 20
695.0
 10
696.3712336015376
 20
695.1809221376423
 10
697.2735360006202
 20
695.7018666706431
 10
697.9432493829139
 20
696.5
 10
698.2995964305971
 20
697.4790554669992
 10
698.2995964305971
 20
698.5209445330008
 10
697.9432493829139
 20
699.5
 10
697.2735360006202
 20
700.2981333293569
 10
696.3712336015376
 20
700.8190778623577
 10
695.3451731715606
 20
701.0
  0
LWPOLYLINE
  5
2BE
330
17
100
AcDbEntity
  8
CUT_INSIDE
100
AcDbPolyline
 90
21
 70
1
 10
715.1027802659166
 20
729.0
 10
642.2539020229215
 20
729.0
 10
641.2278415929445
 20
728.8190778623577
 10
640.3255391938619
 20
728.2981333293569
 10
639.6558258115681
 20
727.5
 10
639.2994787638848
 20
726.5209445330008
 10
639.2994787638848
 20
725.4790554669992
 10
639.6558258115681
 20
724.5
 10
640.3255391938619
 20
723.7018666706431
 10
641.2278415929445
 20
723.1809221376423
 10
642.2539020229215
 20
723.0
 10
715.1027802659166
 20
723.0
 10
716.1288406958936
 20
723.1809221376423
 10
717.0311430949762
 20
723.7018666706431
 10
717.70085647727
 20
724.5
 10
718.0572035249533
 20
725.4790554669992
 10
718.0572035249533
 20
726.5209445330008
 10
717.70085647727
 20
727.5
 10
717.0311430949762
 20
728.2981333293569
 10
716.1288406958936
 20
728.8190778623577
 10
715.1027802659166
 20
729.0
  0
LWPOLYLINE
  5
2BF
330
17
100
AcDbEntity
  8
CUT_INSIDE
100
AcDbPolyline
 90
21
 70
1
 10
620.7460377155132
 20
743.0
 10
590.4153687051576
 20
743.0
 10
589.3893082751806
 20
742.8190778623577
 10
588.487005876098
 20
742.2981333293569
 10
587.8172924938043
 20
741.5
 10
587.460945446121
 20
740.5209445330008
 10
587.460945446121
 20
739.4790554669992
 10
587.8172924938043
 20
738.5
 10
588.487005876098
 20
737.7018666706431
 10
589.3893082751806
 20
737.1809221376423
 10
590.4153687051576
 20
737.0
 10
620.7460377155132
 20
737.0
 10
621.7720981454903
 20
737.1809221376423
 10
622.6744005445729
 20
737.7018666706431
 10
623.3441139268666
 20
738.5
 10
623.7004609745499
 20
739.4790554669992
 10
623.7004609745499
 20
740.5209445330008
 10
623.3441139268666
 20
741.5
 10
622.6744005445729
 20
742.2981333293569
 10
621.7720981454903
 20
742.8190778623577
 10
620.7460377155132
 20
743.0
  0
LWPOLYLINE
  5
2C0
330
17
100
AcDbEntity
  8
CUT_INSIDE
100
AcDbPolyline
 90
21
 70
1
 10
634.089122248448
 20
757.0
 10
583.7698393808225
 20
757.0
 10
582.7437789508456
 20
756.8190778623577
 10
581.8414765517629
 20
756.2981333293569
 10
581.1717631694692
 20
755.5
 10
580.8154161217859
 20
754.5209445330008
 10
580.8154161217859
 20
753.4790554669992
 10
581.1717631694692
 20
752.5
 10
581.8414765517629
 20
751.7018666706431
 10
582.7437789508455
 20
751.1809221376423
 10
583.7698393808225
 20
751.0
 10
634.089122248448
 20
751.0
 10
635.1151826784251
 20
751.1809221376423
 10
636.0174850775077
 20
751.7018666706431
 10
636.6871984598013
 20
752.5
 10
637.0435455074846
 20
753.4790554669992
 10
637.0435455074846
 20
754.5209445330008
 10
636.6871984598013
 20
755.5
 10
636.0174850775077
 20
756.2981333293569
 10
635.1151826784251
 20
756.8190778623577
 10
634.089122248448
 20
757.0
  0
LWPOLYLINE
  5
2C1
330
17
100
AcDbEntity
  8
CUT_INSIDE
100
AcDbPolyline
 90
21
 70
1
 10
631.1554577031708
 20
771.0
 10
581.0079793989182
 20
771.0
 10
579.9819189689413
 20
770.8190778623577
 10
579.0796165698587
 20
770.2981333293569
 10
578.409903187565
 20
769.5
 10
578.0535561398816
 20
768.5209445330008
 10
578.0535561398816
 20
767.4790554669992
 10
578.409903187565
 20
766.5
 10
579.0796165698587
 20
765.7018666706431
 10
579.9819189689413
 20
765.1809221376423
 10
581.0079793989182
 20
765.0
 10
631.1554577031708
 20
765.0
 10
632.1815181331478
 20
765.1809221376423
 10
633.0838205322304
 20
765.7018666706431
 10
633.753533914524
 20
766.5
 10
634.1098809622074
 20
767.4790554669992
 10
634.1098809622074
 20
768.5209445330008
 10
633.753533914524
 20
769.5
 10
633.0838205322304
 20
770.2981333293569
 10
632.1815181331478
 20
770.8190778623577
 10
631.1554577031708
 20
771.0
  0
LWPOLYLINE
  5
2C2
330
17
100
AcDbEntity
  8
CUT_INSIDE
100
AcDbPolyline
 90
21
 70
1
 10
604.8962893574563
 20
799.0
 10
576.3774144501808
 20
799.0
 10
575.3513540202038
 20
798.8190778623577
 10
574.4490516211212
 20
798.2981333293569
 10
573.7793382388274
 20
797.5
 10
573.4229911911442
 20
796.5209445330008
 10
573.4229911911442
 20
795.4790554669992
 10
573.7793382388274
 20
794.5
 10
574.4490516211212
 20
793.7018666706431
 10
575.3513540202038
 20
793.1809221376423
 10
576.3774144501808
 20
793.0
 10
604.8962893574563
 20
793.0
 10
605.9223497874334
 20
793.1809221376423
 10
606.824652186516
 20
793.7018666706431
 10
607.4943655688096
 20
794.5
 10
607.850712616493
 20
795.4790554669992
 10
607.850712616493
 20
796.5209445330008
 10
607.4943655688096
 20
797.5
 10
606.824652186516
 20
798.2981333293569
 10
605.9223497874334
 20
798.8190778623577
 10
604.8962893574563
 20
799.0
  0
LWPOLYLINE
  5
2C3
330
17
100
AcDbEntity
  8
CUT_INSIDE
100
AcDbPolyline
 90
21
 70
1
 10
618.3100258916564
 20
813.0
 10
577.5057280388562
 20
813.0
 10
576.4796676088791
 20
812.8190778623577
 10
575.5773652097965
 20
812.2981333293569
 10
574.9076518275028
 20
811.5
 10
574.5513047798196
 20
810.5209445330008
 10
574.5513047798196
 20
809.4790554669992
 10
574.9076518275028
 20
808.5
 10
575.5773652097965
 20
807.7018666706431
 10
576.4796676088791
 20
807.1809221376423
 10
577.5057280388562
 20
807.0
 10
618.3100258916564
 20
807.0
 10
619.3360863216334
 20
807.1809221376423
 10
620.238388720716
 20
807.7018666706431
 10
620.9081021030097
 20
808.5
 10
621.264449150693
 20
809.4790554669992
 10
621.264449150693
 20
810.5209445330008
 10
620.9081021030097
 20
811.5
 10
620.238388720716
 20
812.2981333293569
 10
619.3360863216334
 20
812.8190778623577
 10
618.3100258916564
 20
813.0
  0
LWPOLYLINE
  5
2C4
330
17
100
AcDbEntity
  8
CUT_INSIDE
100
AcDbPolyline
 90
21
 70
1
 10
597.2894317914336
 20
827.0
 10
578.1612086536943
 20
827.0
 10
577.1351482237172
 20
826.8190778623577
 10
576.2328458246346
 20
826.2981333293569
 10
575.5631324423409
 20
825.5
 10
575.2067853946577
 20
824.5209445330008
 10
575.2067853946577
 20
823.4790554669992
 10
575.5631324423409
 20
822.5
 10
576.2328458246346
 20
821.7018666706431
 10
577.1351482237172
 20
821.1809221376423
 10
578.1612086536943
 20
821.0
 10
597.2894317914336
 20
821.0
 10
598.3154922214105
 20
821.1809221376423
 10
599.2177946204931
 20
821.7018666706431
 10
599.8875080027868
 20
822.5
 10
600.2438550504702
 20
823.4790554669992
 10
600.2438550504702
 20
824.5209445330008
 10
599.8875080027868
 20
825.5
 10
599.2177946204931
 20
826.2981333293569
 10
598.3154922214105
 20
826.8190778623577
 10
597.2894317914336
 20
827.0
  0
LWPOLYLINE
  5
2C5
330
17
100
AcDbEntity
  8
CUT_INSIDE
100
AcDbPolyline
 90
21
 70
1
 10
621.0472569533666
 20
785.0
 10
585.0901059634339
 20
785.0
 10
584.0640455334569
 20
784.8190778623577
 10
583.1617431343743
 20
784.2981333293569
 10
582.4920297520806
 20
783.5
 10
582.1356827043973
 20
782.5209445330008
 10
582.1356827043973
 20
781.4790554669992
 10
582.4920297520806
 20
780.5
 10
583.1617431343743
 20
779.7018666706431
 10
584.0640455334569
 20
779.1809221376423
 10
585.0901059634339
 20
779.0
 10
621.0472569533666
 20
779.0
 10
622.0733173833437
 20
779.1809221376423
 10
622.9756197824263
 20
779.7018666706431
 10
623.64533316472
 20
780.5
 10
624.0016802124032
 20
781.4790554669992
 10
624.0016802124032
 20
782.5209445330008
 10
623.64533316472
 20
783.5
 10
622.9756197824263
 20
784.2981333293569
 10
622.0733173833437
 20
784.8190778623577
 10
621.0472569533666
 20
785.0
  0
LWPOLYLINE
  5
2C6
330
17
100
AcDbEntity
  8
CUT_INSIDE
100
AcDbPolyline
 90
21
 70
1
 10
691.0170594879448
 20
743.0
 10
644.2102658851977
 20
743.0
 10
643.1842054552206
 20
742.8190778623577
 10
642.281903056138
 20
742.2981333293569
 10
641.6121896738443
 20
741.5
 10
641.255842626161
 20
740.5209445330008
 10
641.255842626161
 20
739.4790554669992
 10
641.6121896738443
 20
738.5
 10
642.281903056138
 20
737.7018666706431
 10
643.1842054552206
 20
737.1809221376423
 10
644.2102658851977
 20
737.0
 10
691.0170594879448
 20
737.0
 10
692.0431199179218
 20
737.1809221376423
 10
692.9454223170044
 20
737.7018666706431
 10
693.6151356992981
 20
738.5
 10
693.9714827469813
 20
739.4790554669992
 10
693.9714827469813
 20
740.5209445330008
 10
693.6151356992981
 20
741.5
 10
692.9454223170044
 20
742.2981333293569
 10
692.0431199179218
 20
742.8190778623577
 10
691.0170594879448
 20
743.0
  0
LWPOLYLINE
  5
2C7
330
17
100
AcDbEntity
  8
CUT_INSIDE
100
AcDbPolyline
 90
21
 70
1
 10
695.4829294612387
 20
757.0
 10
653.5589770940798
 20
757.0
 10
652.5329166641028
 20
756.8190778623577
 10
651.6306142650202
 20
756.2981333293569
 10
650.9609008827265
 20
755.5
 10
650.6045538350431
 20
754.5209445330008
 10
650.6045538350431
 20
753.4790554669992
 10
650.9609008827265
 20
752.5
 10
651.6306142650202
 20
751.7018666706431
 10
652.5329166641028
 20
751.1809221376423
 10
653.5589770940798
 20
751.0
 10
695.4829294612387
 20
751.0
 10
696.5089898912156
 20
751.1809221376423
 10
697.4112922902982
 20
751.7018666706431
 10
698.0810056725919
 20
752.5
 10
698.4373527202753
 20
753.4790554669992
 10
698.4373527202753
 20
754.5209445330008
 10
698.0810056725919
 20
755.5
 10
697.4112922902982
 20
756.2981333293569
 10
696.5089898912156
 20
756.8190778623577
 10
695.4829294612387
 20
757.0
  0
LWPOLYLINE
  5
2C8
330
17
100
AcDbEntity
  8
CUT_INSIDE
100
AcDbPolyline
 90
21
 70
1
 10
668.9313702971615
 20
785.0
 10
642.194145971286
 20
785.0
 10
641.168085541309
 20
784.8190778623577
 10
640.2657831422264
 20
784.2981333293569
 10
639.5960697599327
 20
783.5
 10
639.2397227122494
 20
782.5209445330008
 10
639.2397227122494
 20
781.4790554669992
 10
639.5960697599327
 20
780.5
 10
640.2657831422264
 20
779.7018666706431
 10
641.168085541309
 20
779.1809221376423
 10
642.194145971286
 20
779.0
 10
668.9313702971615
 20
779.0
 10
669.9574307271384
 20
779.1809221376423
 10
670.859733126221
 20
779.7018666706431
 10
671.5294465085149
 20
780.5
 10
671.8857935561981
 20
781.4790554669992
 10
671.8857935561981
 20
782.5209445330008
 10
671.5294465085149
 20
783.5
 10
670.859733126221
 20
784.2981333293569
 10
669.9574307271384
 20
784.8190778623577
 10
668.9313702971615
 20
785.0
  0
LWPOLYLINE
  5
2C9
330
17
100
AcDbEntity
  8
CUT_INSIDE
100
AcDbPolyline
 90
21
 70
1
 10
641.6460324151928
 20
827.0
 10
623.5543327952371
 20
827.0
 10
622.5282723652601
 20
826.8190778623577
 10
621.6259699661775
 20
826.2981333293569
 10
620.9562565838838
 20
825.5
 10
620.5999095362005
 20
824.5209445330008
 10
620.5999095362005
 20
823.4790554669992
 10
620.9562565838838
 20
822.5
 10
621.6259699661775
 20
821.7018666706431
 10
622.5282723652601
 20
821.1809221376423
 10
623.5543327952371
 20
821.0
 10
641.6460324151928
 20
821.0
 10
642.6720928451699
 20
821.1809221376423
 10
643.5743952442525
 20
821.7018666706431
 10
644.2441086265462
 20
822.5
 10
644.6004556742296
 20
823.4790554669992
 10
644.6004556742296
 20
824.5209445330008
 10
644.2441086265462
 20
825.5
 10
643.5743952442525
 20
826.2981333293569
 10
642.6720928451699
 20
826.8190778623577
 10
641.6460324151928
 20
827.0
  0
LWPOLYLINE
  5
2CA
330
17
100
AcDbEntity
  8
CUT_INSIDE
100
AcDbPolyline
 90
21
 70
1
 10
686.8388568156893
 20
799.0
 10
639.2727892918098
 20
799.0
 10
638.2467288618327
 20
798.8190778623577
 10
637.3444264627501
 20
798.2981333293569
 10
636.6747130804564
 20
797.5
 10
636.3183660327732
 20
796.5209445330008
 10
636.3183660327732
 20
795.4790554669992
 10
636.6747130804564
 20
794.5
 10
637.3444264627501
 20
793.7018666706431
 10
638.2467288618327
 20
793.1809221376423
 10
639.2727892918098
 20
793.0
 10
686.8388568156893
 20
793.0
 10
687.8649172456662
 20
793.1809221376423
 10
688.7672196447488
 20
793.7018666706431
 10
689.4369330270426
 20
794.5
 10
689.7932800747259
 20
795.4790554669992
 10
689.7932800747259
 20
796.5209445330008
 10
689.4369330270426
 20
797.5
 10
688.7672196447488
 20
798.2981333293569
 10
687.8649172456662
 20
798.8190778623577
 10
686.8388568156893
 20
799.0
  0
LWPOLYLINE
  5
2CB
330
17
100
AcDbEntity
  8
CUT_INSIDE
100
AcDbPolyline
 90
21
 70
1
 10
690.1732670132455
 20
813.0
 10
644.0374585247023
 20
813.0
 10
643.0113980947253
 20
812.8190778623577
 10
642.1090956956427
 20
812.2981333293569
 10
641.439382313349
 20
811.5
 10
641.0830352656657
 20
810.5209445330008
 10
641.0830352656657
 20
809.4790554669992
 10
641.439382313349
 20
808.5
 10
642.1090956956427
 20
807.7018666706431
 10
643.0113980947253
 20
807.1809221376423
 10
644.0374585247023
 20
807.0
 10
690.1732670132455
 20
807.0
 10
691.1993274432226
 20
807.1809221376423
 10
692.1016298423052
 20
807.7018666706431
 10
692.7713432245989
 20
808.5
 10
693.1276902722823
 20
809.4790554669992
 10
693.1276902722823
 20
810.5209445330008
 10
692.7713432245989
 20
811.5
 10
692.1016298423052
 20
812.2981333293569
 10
691.1993274432226
 20
812.8190778623577
 10
690.1732670132455
 20
813.0
  0
LWPOLYLINE
  5
2CC
330
17
100
AcDbEntity
  8
CUT_INSIDE
100
AcDbPolyline
 90
21
 70
1
 10
700.1461435332436
 20
827.0
 10
666.8465781310033
 20
827.0
 10
665.8205177010263
 20
826.8190778623577
 10
664.9182153019436
 20
826.2981333293569
 10
664.2485019196499
 20
825.5
 10
663.8921548719667
 20
824.5209445330008
 10
663.8921548719667
 20
823.4790554669992
 10
664.2485019196499
 20
822.5
 10
664.9182153019436
 20
821.7018666706431
 10
665.8205177010263
 20
821.1809221376423
 10
666.8465781310033
 20
821.0
 10
700.1461435332436
 20
821.0
 10
701.1722039632207
 20
821.1809221376423
 10
702.0745063623033
 20
821.7018666706431
 10
702.744219744597
 20
822.5
 10
703.1005667922802
 20
823.4790554669992
 10
703.1005667922802
 20
824.5209445330008
 10
702.744219744597
 20
825.5
 10
702.0745063623033
 20
826.2981333293569
 10
701.1722039632207
 20
826.8190778623577
 10
700.1461435332436
 20
827.0
  0
LWPOLYLINE
  5
2CD
330
17
100
AcDbEntity
  8
CUT_INSIDE
100
AcDbPolyline
 90
21
 70
1
 10
742.822798860521
 20
645.0
 10
655.7156766300769
 20
645.0
 10
654.6896162001
 20
644.8190778623577
 10
653.7873138010174
 20
644.2981333293569
 10
653.1176004187237
 20
643.5
 10
652.7612533710403
 20
642.5209445330008
 10
652.7612533710403
 20
641.4790554669992
 10
653.1176004187237
 20
640.5
 10
653.7873138010174
 20
639.7018666706431
 10
654.6896162001
 20
639.1809221376423
 10
655.7156766300769
 20
639.0
 10
742.822798860521
 20
639.0
 10
743.848859290498
 20
639.1809221376423
 10
744.7511616895806
 20
639.7018666706431
 10
745.4208750718743
 20
640.5
 10
745.7772221195576
 20
641.4790554669992
 10
745.7772221195576
 20
642.5209445330008
 10
745.4208750718743
 20
643.5
 10
744.7511616895806
 20
644.2981333293569
 10
743.848859290498
 20
644.8190778623577
 10
742.822798860521
 20
645.0
  0
LWPOLYLINE
  5
2CE
330
17
100
AcDbEntity
  8
CUT_INSIDE
100
AcDbPolyline
 90
21
 70
1
 10
707.2239356551604
 20
673.0
 10
689.6269766792448
 20
673.0
 10
688.6009162492678
 20
672.8190778623577
 10
687.6986138501852
 20
672.2981333293569
 10
687.0289004678915
 20
671.5
 10
686.6725534202083
 20
670.5209445330008
 10
686.6725534202083
 20
669.4790554669992
 10
687.0289004678915
 20
668.5
 10
687.6986138501852
 20
667.7018666706431
 10
688.6009162492678
 20
667.1809221376423
 10
689.6269766792448
 20
667.0
 10
707.2239356551604
 20
667.0
 10
708.2499960851374
 20
667.1809221376423
 10
709.15229848422
 20
667.7018666706431
 10
709.8220118665137
 20
668.5
 10
710.1783589141969
 20
669.4790554669992
 10
710.1783589141969
 20
670.5209445330008
 10
709.8220118665137
 20
671.5
 10
709.15229848422
 20
672.2981333293569
 10
708.2499960851374
 20
672.8190778623577
 10
707.2239356551604
 20
673.0
  0
LWPOLYLINE
  5
2CF
330
17
100
AcDbEntity
  8
CUT_INSIDE
100
AcDbPolyline
 90
21
 70
1
 10
733.8644093860096
 20
659.0
 10
703.1995978640482
 20
659.0
 10
702.1735374340712
 20
658.8190778623577
 10
701.2712350349886
 20
658.2981333293569
 10
700.6015216526949
 20
657.5
 10
700.2451746050116
 20
656.5209445330008
 10
700.2451746050116
 20
655.4790554669992
 10
700.6015216526949
 20
654.5
 10
701.2712350349886
 20
653.7018666706431
 10
702.1735374340712
 20
653.1809221376423
 10
703.1995978640482
 20
653.0
 10
733.8644093860096
 20
653.0
 10
734.8904698159865
 20
653.1809221376423
 10
735.7927722150691
 20
653.7018666706431
 10
736.4624855973628
 20
654.5
 10
736.8188326450462
 20
655.4790554669992
 10
736.8188326450462
 20
656.5209445330008
 10
736.4624855973628
 20
657.5
 10
735.7927722150691
 20
658.2981333293569
 10
734.8904698159865
 20
658.8190778623577
 10
733.8644093860096
 20
659.0
  0
LWPOLYLINE
  5
2D0
330
17
100
AcDbEntity
  8
CUT_INSIDE
100
AcDbPolyline
 90
21
 70
1
 10
750.6842203636336
 20
673.0
 10
723.9710961712212
 20
673.0
 10
722.9450357412442
 20
672.8190778623577
 10
722.0427333421616
 20
672.2981333293569
 10
721.3730199598679
 20
671.5
 10
721.0166729121845
 20
670.5209445330008
 10
721.0166729121845
 20
669.4790554669992
 10
721.3730199598679
 20
668.5
 10
722.0427333421616
 20
667.7018666706431
 10
722.9450357412442
 20
667.1809221376423
 10
723.9710961712212
 20
667.0
 10
750.6842203636336
 20
667.0
 10
751.7102807936105
 20
667.1809221376423
 10
752.6125831926931
 20
667.7018666706431
 10
753.2822965749868
 20
668.5
 10
753.6386436226701
 20
669.4790554669992
 10
753.6386436226701
 20
670.5209445330008
 10
753.2822965749868
 20
671.5
 10
752.6125831926931
 20
672.2981333293569
 10
751.7102807936105
 20
672.8190778623577
 10
750.6842203636336
 20
673.0
  0
LWPOLYLINE
  5
2D1
330
17
100
AcDbEntity
  8
CUT_INSIDE
100
AcDbPolyline
 90
21
 70
1
 10
726.9341403713187
 20
715.0
 10
704.673792067493
 20
715.0
 10
703.6477316375159
 20
714.8190778623577
 10
702.7454292384333
 20
714.2981333293569
 10
702.0757158561396
 20
713.5
 10
701.7193688084564
 20
712.5209445330008
 10
701.7193688084564
 20
711.4790554669992
 10
702.0757158561396
 20
710.5
 10
702.7454292384333
 20
709.7018666706431
 10
703.6477316375159
 20
709.1809221376423
 10
704.673792067493
 20
709.0
 10
726.9341403713187
 20
709.0
 10
727.9602008012956
 20
709.1809221376423
 10
728.8625032003782
 20
709.7018666706431
 10
729.5322165826719
 20
710.5
 10
729.8885636303553
 20
711.4790554669992
 10
729.8885636303553
 20
712.5209445330008
 10
729.5322165826719
 20
713.5
 10
728.8625032003782
 20
714.2981333293569
 10
727.9602008012956
 20
714.8190778623577
 10
726.9341403713187
 20
715.0
  0
LWPOLYLINE
  5
2D2
330
17
100
AcDbEntity
  8
CUT_INSIDE
100
AcDbPolyline
 90
21
 70
1
 10
744.3799889307594
 20
687.0
 10
697.049329383822
 20
687.0
 10
696.023268953845
 20
686.8190778623577
 10
695.1209665547624
 20
686.2981333293569
 10
694.4512531724687
 20
685.5
 10
694.0949061247854
 20
684.5209445330008
 10
694.0949061247854
 20
683.4790554669992
 10
694.4512531724687
 20
682.5
 10
695.1209665547624
 20
681.7018666706431
 10
696.023268953845
 20
681.1809221376423
 10
697.049329383822
 20
681.0
 10
744.3799889307594
 20
681.0
 10
745.4060493607365
 20
681.1809221376423
 10
746.3083517598191
 20
681.7018666706431
 10
746.9780651421128
 20
682.5
 10
747.334412189796
 20
683.4790554669992
 10
747.334412189796
 20
684.5209445330008
 10
746.9780651421128
 20
685.5
 10
746.3083517598191
 20
686.2981333293569
 10
745.4060493607365
 20
686.8190778623577
 10
744.3799889307594
 20
687.0
  0
LWPOLYLINE
  5
2D3
330
17
100
AcDbEntity
  8
CUT_INSIDE
100
AcDbPolyline
 90
21
 70
1
 10
817.2198577408483
 20
645.0
 10
780.4261053506837
 20
645.0
 10
779.4000449207067
 20
644.8190778623577
 10
778.4977425216241
 20
644.2981333293569
 10
777.8280291393304
 20
643.5
 10
777.471682091647
 20
642.5209445330008
 10
777.471682091647
 20
641.4790554669992
 10
777.8280291393304
 20
640.5
 10
778.4977425216241
 20
639.7018666706431
 10
779.4000449207067
 20
639.1809221376423
 10
780.4261053506837
 20
639.0
 10
817.2198577408483
 20
639.0
 10
818.2459181708253
 20
639.1809221376423
 10
819.1482205699081
 20
639.7018666706431
 10
819.8179339522017
 20
640.5
 10
820.174280999885
 20
641.4790554669992
 10
820.174280999885
 20
642.5209445330008
 10
819.8179339522017
 20
643.5
 10
819.1482205699081
 20
644.2981333293569
 10
818.2459181708253
 20
644.8190778623577
 10
817.2198577408483
 20
645.0
  0
LWPOLYLINE
  5
2D4
330
17
100
AcDbEntity
  8
CUT_INSIDE
100
AcDbPolyline
 90
21
 70
1
 10
828.6555616551575
 20
673.0
 10
778.6462512172436
 20
673.0
 10
777.6201907872666
 20
672.8190778623577
 10
776.717888388184
 20
672.2981333293569
 10
776.0481750058902
 20
671.5
 10
775.691827958207
 20
670.5209445330008
 10
775.691827958207
 20
669.4790554669992
 10
776.0481750058902
 20
668.5
 10
776.717888388184
 20
667.7018666706431
 10
777.6201907872666
 20
667.1809221376423
 10
778.6462512172436
 20
667.0
 10
828.6555616551575
 20
667.0
 10
829.6816220851346
 20
667.1809221376423
 10
830.5839244842172
 20
667.7018666706431
 10
831.2536378665109
 20
668.5
 10
831.6099849141942
 20
669.4790554669992
 10
831.6099849141942
 20
670.5209445330008
 10
831.2536378665109
 20
671.5
 10
830.5839244842172
 20
672.2981333293569
 10
829.6816220851346
 20
672.8190778623577
 10
828.6555616551575
 20
673.0
  0
LWPOLYLINE
  5
2D5
330
17
100
AcDbEntity
  8
CUT_INSIDE
100
AcDbPolyline
 90
21
 70
1
 10
784.7931401526764
 20
715.0
 10
756.2782682248494
 20
715.0
 10
755.2522077948724
 20
714.8190778623577
 10
754.3499053957898
 20
714.2981333293569
 10
753.6801920134961
 20
713.5
 10
753.3238449658129
 20
712.5209445330008
 10
753.3238449658129
 20
711.4790554669992
 10
753.6801920134961
 20
710.5
 10
754.3499053957898
 20
709.7018666706431
 10
755.2522077948724
 20
709.1809221376423
 10
756.2782682248494
 20
709.0
 10
784.7931401526764
 20
709.0
 10
785.8192005826535
 20
709.1809221376423
 10
786.7215029817361
 20
709.7018666706431
 10
787.3912163640298
 20
710.5
 10
787.7475634117131
 20
711.4790554669992
 10
787.7475634117131
 20
712.5209445330008
 10
787.3912163640298
 20
713.5
 10
786.7215029817361
 20
714.2981333293569
 10
785.8192005826535
 20
714.8190778623577
 10
784.7931401526764
 20
715.0
  0
LWPOLYLINE
  5
2D6
330
17
100
AcDbEntity
  8
CUT_INSIDE
100
AcDbPolyline
 90
21
 70
1
 10
801.943880107224
 20
687.0
 10
781.250062801244
 20
687.0
 10
780.224002371267
 20
686.8190778623577
 10
779.3216999721844
 20
686.2981333293569
 10
778.6519865898907
 20
685.5
 10
778.2956395422075
 20
684.5209445330008
 10
778.2956395422075
 20
683.4790554669992
 10
778.6519865898907
 20
682.5
 10
779.3216999721844
 20
681.7018666706431
 10
780.224002371267
 20
681.1809221376423
 10
781.250062801244
 20
681.0
 10
801.943880107224
 20
681.0
 10
802.9699405372011
 20
681.1809221376423
 10
803.8722429362837
 20
681.7018666706431
 10
804.5419563185774
 20
682.5
 10
804.8983033662607
 20
683.4790554669992
 10
804.8983033662607
 20
684.5209445330008
 10
804.5419563185774
 20
685.5
 10
803.8722429362837
 20
686.2981333293569
 10
802.9699405372011
 20
686.8190778623577
 10
801.943880107224
 20
687.0
  0
LWPOLYLINE
  5
2D7
330
17
100
AcDbEntity
  8
CUT_INSIDE
100
AcDbPolyline
 90
21
 70
1
 10
839.040239888084
 20
701.0
 10
726.7034978187131
 20
701.0
 10
725.677437388736
 20
700.8190778623577
 10
724.7751349896535
 20
700.2981333293569
 10
724.1054216073599
 20
699.5
 10
723.7490745596765
 20
698.5209445330008
 10
723.7490745596765
 20
697.4790554669992
 10
724.1054216073599
 20
696.5
 10
724.7751349896535
 20
695.7018666706431
 10
725.677437388736
 20
695.1809221376423
 10
726.7034978187131
 20
695.0
 10
839.040239888084
 20
695.0
 10
840.0663003180609
 20
695.1809221376423
 10
840.9686027171435
 20
695.7018666706431
 10
841.6383160994372
 20
696.5
 10
841.9946631471205
 20
697.4790554669992
 10
841.9946631471205
 20
698.5209445330008
 10
841.6383160994372
 20
699.5
 10
840.9686027171435
 20
700.2981333293569
 10
840.0663003180609
 20
700.8190778623577
 10
839.040239888084
 20
701.0
  0
LWPOLYLINE
  5
2D8
330
17
100
AcDbEntity
  8
CUT_INSIDE
100
AcDbPolyline
 90
21
 70
1
 10
817.5670365927272
 20
729.0
 10
743.0778701010843
 20
729.0
 10
742.0518096711072
 20
728.8190778623577
 10
741.1495072720246
 20
728.2981333293569
 10
740.4797938897309
 20
727.5
 10
740.1234468420475
 20
726.5209445330008
 10
740.1234468420475
 20
725.4790554669992
 10
740.4797938897309
 20
724.5
 10
741.1495072720246
 20
723.7018666706431
 10
742.0518096711072
 20
723.1809221376423
 10
743.0778701010843
 20
723.0
 10
817.5670365927272
 20
723.0
 10
818.5930970227041
 20
723.1809221376423
 10
819.4953994217867
 20
723.7018666706431
 10
820.1651128040805
 20
724.5
 10
820.5214598517638
 20
725.4790554669992
 10
820.5214598517638
 20
726.5209445330008
 10
820.1651128040805
 20
727.5
 10
819.4953994217867
 20
728.2981333293569
 10
818.5930970227041
 20
728.8190778623577
 10
817.5670365927272
 20
729.0
  0
LWPOLYLINE
  5
2D9
330
17
100
AcDbEntity
  8
CUT_INSIDE
100
AcDbPolyline
 90
21
 70
1
 10
717.3158461325755
 20
771.0
 10
661.8169057440718
 20
771.0
 10
660.7908453140948
 20
770.8190778623577
 10
659.8885429150122
 20
770.2981333293569
 10
659.2188295327185
 20
769.5
 10
658.8624824850352
 20
768.5209445330008
 10
658.8624824850352
 20
767.4790554669992
 10
659.2188295327185
 20
766.5
 10
659.8885429150122
 20
765.7018666706431
 10
660.7908453140948
 20
765.1809221376423
 10
661.8169057440718
 20
765.0
 10
717.3158461325755
 20
765.0
 10
718.3419065625526
 20
765.1809221376423
 10
719.2442089616352
 20
765.7018666706431
 10
719.9139223439289
 20
766.5
 10
720.2702693916121
 20
767.4790554669992
 10
720.2702693916121
 20
768.5209445330008
 10
719.9139223439289
 20
769.5
 10
719.2442089616352
 20
770.2981333293569
 10
718.3419065625526
 20
770.8190778623577
 10
717.3158461325755
 20
771.0
  0
LWPOLYLINE
  5
2DA
330
17
100
AcDbEntity
  8
CUT_INSIDE
100
AcDbPolyline
 90
21
 70
1
 10
747.138186294349
 20
743.0
 10
721.9258092599807
 20
743.0
 10
720.8997488300038
 20
742.8190778623577
 10
719.9974464309212
 20
742.2981333293569
 10
719.3277330486274
 20
741.5
 10
718.9713860009441
 20
740.5209445330008
 10
718.9713860009441
 20
739.4790554669992
 10
719.3277330486274
 20
738.5
 10
719.9974464309212
 20
737.7018666706431
 10
720.8997488300038
 20
737.1809221376423
 10
721.9258092599807
 20
737.0
 10
747.138186294349
 20
737.0
 10
748.164246724326
 20
737.1809221376423
 10
749.0665491234085
 20
737.7018666706431
 10
749.7362625057024
 20
738.5
 10
750.0926095533856
 20
739.4790554669992
 10
750.0926095533856
 20
740.5209445330008
 10
749.7362625057024
 20
741.5
 10
749.0665491234085
 20
742.2981333293569
 10
748.164246724326
 20
742.8190778623577
 10
747.138186294349
 20
743.0
  0
LWPOLYLINE
  5
2DB
330
17
100
AcDbEntity
  8
CUT_INSIDE
100
AcDbPolyline
 90
21
 70
1
 10
735.2980276740828
 20
785.0
 10
695.6620117498701
 20
785.0
 10
694.635951319893
 20
784.8190778623577
 10
693.7336489208104
 20
784.2981333293569
 10
693.0639355385167
 20
783.5
 10
692.7075884908334
 20
782.5209445330008
 10
692.7075884908334
 20
781.4790554669992
 10
693.0639355385167
 20
780.5
 10
693.7336489208104
 20
779.7018666706431
 10
694.635951319893
 20
779.1809221376423
 10
695.6620117498701
 20
779.0
 10
735.2980276740828
 20
779.0
 10
736.3240881040599
 20
779.1809221376423
 10
737.2263905031425
 20
779.7018666706431
 10
737.8961038854362
 20
780.5
 10
738.2524509331195
 20
781.4790554669992
 10
738.2524509331195
 20
782.5209445330008
 10
737.8961038854362
 20
783.5
 10
737.2263905031425
 20
784.2981333293569
 10
736.3240881040599
 20
784.8190778623577
 10
735.2980276740828
 20
785.0
  0
LWPOLYLINE
  5
2DC
330
17
100
AcDbEntity
  8
CUT_INSIDE
100
AcDbPolyline
 90
21
 70
1
 10
732.7058833057325
 20
799.0
 10
703.3283923258693
 20
799.0
 10
702.3023318958924
 20
798.8190778623577
 10
701.4000294968098
 20
798.2981333293569
 10
700.730316114516
 20
797.5
 10
700.3739690668327
 20
796.5209445330008
 10
700.3739690668327
 20
795.4790554669992
 10
700.730316114516
 20
794.5
 10
701.4000294968098
 20
793.7018666706431
 10
702.3023318958924
 20
793.1809221376423
 10
703.3283923258693
 20
793.0
 10
732.7058833057325
 20
793.0
 10
733.7319437357096
 20
793.1809221376423
 10
734.6342461347922
 20
793.7018666706431
 10
735.3039595170858
 20
794.5
 10
735.6603065647691
 20
795.4790554669992
 10
735.6603065647691
 20
796.5209445330008
 10
735.3039595170858
 20
797.5
 10
734.6342461347922
 20
798.2981333293569
 10
733.7319437357096
 20
798.8190778623577
 10
732.7058833057325
 20
799.0
  0
LWPOLYLINE
  5
2DD
330
17
100
AcDbEntity
  8
CUT_INSIDE
100
AcDbPolyline
 90
21
 70
1
 10
739.6028153254988
 20
813.0
 10
711.5983255156764
 20
813.0
 10
710.5722650856994
 20
812.8190778623577
 10
709.6699626866168
 20
812.2981333293569
 10
709.000249304323
 20
811.5
 10
708.6439022566398
 20
810.5209445330008
 10
708.6439022566398
 20
809.4790554669992
 10
709.000249304323
 20
808.5
 10
709.6699626866168
 20
807.7018666706431
 10
710.5722650856994
 20
807.1809221376423
 10
711.5983255156764
 20
807.0
 10
739.6028153254988
 20
807.0
 10
740.6288757554759
 20
807.1809221376423
 10
741.5311781545585
 20
807.7018666706431
 10
742.2008915368522
 20
808.5
 10
742.5572385845355
 20
809.4790554669992
 10
742.5572385845355
 20
810.5209445330008
 10
742.2008915368522
 20
811.5
 10
741.5311781545585
 20
812.2981333293569
 10
740.6288757554759
 20
812.8190778623577
 10
739.6028153254988
 20
813.0
  0
LWPOLYLINE
  5
2DE
330
17
100
AcDbEntity
  8
CUT_INSIDE
100
AcDbPolyline
 90
21
 70
1
 10
815.6527366389263
 20
757.0
 10
712.4242787894011
 20
757.0
 10
711.398218359424
 20
756.8190778623577
 10
710.4959159603414
 20
756.2981333293569
 10
709.8262025780477
 20
755.5
 10
709.4698555303644
 20
754.5209445330008
 10
709.4698555303644
 20
753.4790554669992
 10
709.8262025780477
 20
752.5
 10
710.4959159603414
 20
751.7018666706431
 10
711.398218359424
 20
751.1809221376423
 10
712.4242787894011
 20
751.0
 10
815.6527366389263
 20
751.0
 10
816.6787970689034
 20
751.1809221376423
 10
817.581099467986
 20
751.7018666706431
 10
818.2508128502795
 20
752.5
 10
818.6071598979629
 20
753.4790554669992
 10
818.6071598979629
 20
754.5209445330008
 10
818.2508128502795
 20
755.5
 10
817.581099467986
 20
756.2981333293569
 10
816.6787970689034
 20
756.8190778623577
 10
815.6527366389263
 20
757.0
  0
LWPOLYLINE
  5
2DF
330
17
100
AcDbEntity
  8
CUT_INSIDE
100
AcDbPolyline
 90
21
 70
1
 10
798.5446467682059
 20
771.0
 10
748.9108457430124
 20
771.0
 10
747.8847853130354
 20
770.8190778623577
 10
746.9824829139528
 20
770.2981333293569
 10
746.3127695316591
 20
769.5
 10
745.9564224839758
 20
768.5209445330008
 10
745.9564224839758
 20
767.4790554669992
 10
746.3127695316591
 20
766.5
 10
746.9824829139528
 20
765.7018666706431
 10
747.8847853130354
 20
765.1809221376423
 10
748.9108457430124
 20
765.0
 10
798.5446467682059
 20
765.0
 10
799.570707198183
 20
765.1809221376423
 10
800.4730095972656
 20
765.7018666706431
 10
801.1427229795593
 20
766.5
 10
801.4990700272426
 20
767.4790554669992
 10
801.4990700272426
 20
768.5209445330008
 10
801.1427229795593
 20
769.5
 10
800.4730095972656
 20
770.2981333293569
 10
799.570707198183
 20
770.8190778623577
 10
798.5446467682059
 20
771.0
  0
LWPOLYLINE
  5
2E0
330
17
100
AcDbEntity
  8
CUT_INSIDE
100
AcDbPolyline
 90
21
 70
1
 10
778.0206036787935
 20
799.0
 10
750.7019129547307
 20
799.0
 10
749.6758525247537
 20
798.8190778623577
 10
748.7735501256711
 20
798.2981333293569
 10
748.1038367433774
 20
797.5
 10
747.7474896956942
 20
796.5209445330008
 10
747.7474896956942
 20
795.4790554669992
 10
748.1038367433774
 20
794.5
 10
748.7735501256711
 20
793.7018666706431
 10
749.6758525247537
 20
793.1809221376423
 10
750.7019129547307
 20
793.0
 10
778.0206036787935
 20
793.0
 10
779.0466641087705
 20
793.1809221376423
 10
779.9489665078531
 20
793.7018666706431
 10
780.6186798901467
 20
794.5
 10
780.9750269378301
 20
795.4790554669992
 10
780.9750269378301
 20
796.5209445330008
 10
780.6186798901467
 20
797.5
 10
779.9489665078531
 20
798.2981333293569
 10
779.0466641087705
 20
798.8190778623577
 10
778.0206036787935
 20
799.0
  0
LWPOLYLINE
  5
2E1
330
17
100
AcDbEntity
  8
CUT_INSIDE
100
AcDbPolyline
 90
21
 70
1
 10
778.3017500050427
 20
827.0
 10
722.8616700344747
 20
827.0
 10
721.8356096044978
 20
826.8190778623577
 10
720.9333072054151
 20
826.2981333293569
 10
720.2635938231215
 20
825.5
 10
719.9072467754381
 20
824.5209445330008
 10
719.9072467754381
 20
823.4790554669992
 10
720.2635938231215
 20
822.5
 10
720.9333072054151
 20
821.7018666706431
 10
721.8356096044978
 20
821.1809221376423
 10
722.8616700344747
 20
821.0
 10
778.3017500050427
 20
821.0
 10
779.3278104350197
 20
821.1809221376423
 10
780.2301128341023
 20
821.7018666706431
 10
780.899826216396
 20
822.5
 10
781.2561732640793
 20
823.4790554669992
 10
781.2561732640793
 20
824.5209445330008
 10
780.899826216396
 20
825.5
 10
780.2301128341023
 20
826.2981333293569
 10
779.3278104350197
 20
826.8190778623577
 10
778.3017500050427
 20
827.0
  0
LWPOLYLINE
  5
2E2
330
17
100
AcDbEntity
  8
CUT_INSIDE
100
AcDbPolyline
 90
21
 70
1
 10
779.1844457982143
 20
813.0
 10
760.7809425201963
 20
813.0
 10
759.7548820902192
 20
812.8190778623577
 10
758.8525796911366
 20
812.2981333293569
 10
758.1828663088429
 20
811.5
 10
757.8265192611595
 20
810.5209445330008
 10
757.8265192611595
 20
809.4790554669992
 10
758.1828663088429
 20
808.5
 10
758.8525796911366
 20
807.7018666706431
 10
759.7548820902192
 20
807.1809221376423
 10
760.7809425201963
 20
807.0
 10
779.1844457982143
 20
807.0
 10
780.2105062281912
 20
807.1809221376423
 10
781.1128086272739
 20
807.7018666706431
 10
781.7825220095676
 20
808.5
 10
782.1388690572509
 20
809.4790554669992
 10
782.1388690572509
 20
810.5209445330008
 10
781.7825220095676
 20
811.5
 10
781.1128086272739
 20
812.2981333293569
 10
780.2105062281912
 20
812.8190778623577
 10
779.1844457982143
 20
813.0
  0
LWPOLYLINE
  5
2E3
330
17
100
AcDbEntity
  8
CUT_INSIDE
100
AcDbPolyline
 90
21
 70
1
 10
825.5335643594451
 20
785.0
 10
772.003416962825
 20
785.0
 10
770.9773565328479
 20
784.8190778623577
 10
770.0750541337653
 20
784.2981333293569
 10
769.4053407514716
 20
783.5
 10
769.0489937037883
 20
782.5209445330008
 10
769.0489937037883
 20
781.4790554669992
 10
769.4053407514716
 20
780.5
 10
770.0750541337653
 20
779.7018666706431
 10
770.9773565328479
 20
779.1809221376423
 10
772.003416962825
 20
779.0
 10
825.5335643594451
 20
779.0
 10
826.5596247894221
 20
779.1809221376423
 10
827.4619271885047
 20
779.7018666706431
 10
828.1316405707984
 20
780.5
 10
828.4879876184816
 20
781.4790554669992
 10
828.4879876184816
 20
782.5209445330008
 10
828.1316405707984
 20
783.5
 10
827.4619271885047
 20
784.2981333293569
 10
826.5596247894221
 20
784.8190778623577
 10
825.5335643594451
 20
785.0
  0
LWPOLYLINE
  5
2E4
330
17
100
AcDbEntity
  8
CUT_INSIDE
100
AcDbPolyline
 90
21
 70
1
 10
836.8415467313941
 20
463.0
 10
798.2562287718515
 20
463.0
 10
797.2301683418744
 20
462.81907786235774
 10
796.3278659427918
 20
462.2981333293569
 10
795.6581525604981
 20
461.5
 10
795.3018055128148
 20
460.5209445330008
 10
795.3018055128148
 20
459.4790554669992
 10
795.6581525604981
 20
458.5
 10
796.3278659427918
 20
457.7018666706431
 10
797.2301683418744
 20
457.18092213764226
 10
798.2562287718515
 20
457.0
 10
836.8415467313941
 20
457.0
 10
837.8676071613711
 20
457.18092213764226
 10
838.7699095604537
 20
457.7018666706431
 10
839.4396229427474
 20
458.5
 10
839.7959699904306
 20
459.4790554669992
 10
839.7959699904306
 20
460.5209445330008
 10
839.4396229427474
 20
461.5
 10
838.7699095604537
 20
462.2981333293569
 10
837.8676071613711
 20
462.81907786235774
 10
836.8415467313941
 20
463.0
  0
LWPOLYLINE
  5
2E5
330
17
100
AcDbEntity
  8
CUT_INSIDE
100
AcDbPolyline
 90
21
 70
1
 10
852.0317534467036
 20
477.0
 10
805.1068401463524
 20
477.0
 10
804.0807797163754
 20
476.81907786235774
 10
803.1784773172928
 20
476.2981333293569
 10
802.508763934999
 20
475.5
 10
802.1524168873158
 20
474.5209445330008
 10
802.1524168873158
 20
473.4790554669992
 10
802.508763934999
 20
472.5
 10
803.1784773172928
 20
471.7018666706431
 10
804.0807797163754
 20
471.18092213764226
 10
805.1068401463524
 20
471.0
 10
852.0317534467036
 20
471.0
 10
853.0578138766807
 20
471.18092213764226
 10
853.9601162757633
 20
471.7018666706431
 10
854.6298296580569
 20
472.5
 10
854.9861767057403
 20
473.4790554669992
 10
854.9861767057403
 20
474.5209445330008
 10
854.6298296580569
 20
475.5
 10
853.9601162757633
 20
476.2981333293569
 10
853.0578138766807
 20
476.81907786235774
 10
852.0317534467036
 20
477.0
  0
LWPOLYLINE
  5
2E6
330
17
100
AcDbEntity
  8
CUT_INSIDE
100
AcDbPolyline
 90
21
 70
1
 10
856.1552730785571
 20
435.0
 10
829.5494670024179
 20
435.0
 10
828.523406572441
 20
434.81907786235774
 10
827.6211041733583
 20
434.2981333293569
 10
826.9513907910646
 20
433.5
 10
826.5950437433813
 20
432.5209445330008
 10
826.5950437433813
 20
431.4790554669992
 10
826.9513907910646
 20
430.5
 10
827.6211041733583
 20
429.7018666706431
 10
828.523406572441
 20
429.18092213764226
 10
829.5494670024179
 20
429.0
 10
856.1552730785571
 20
429.0
 10
857.1813335085342
 20
429.18092213764226
 10
858.0836359076168
 20
429.7018666706431
 10
858.7533492899104
 20
430.5
 10
859.1096963375937
 20
431.4790554669992
 10
859.1096963375937
 20
432.5209445330008
 10
858.7533492899104
 20
433.5
 10
858.0836359076168
 20
434.2981333293569
 10
857.1813335085342
 20
434.81907786235774
 10
856.1552730785571
 20
435.0
  0
LWPOLYLINE
  5
2E7
330
17
100
AcDbEntity
  8
CUT_INSIDE
100
AcDbPolyline
 90
21
 70
1
 10
857.0730464681053
 20
519.0
 10
765.5760292523667
 20
519.0
 10
764.5499688223896
 20
518.8190778623577
 10
763.647666423307
 20
518.2981333293569
 10
762.9779530410133
 20
517.5
 10
762.6216059933299
 20
516.5209445330008
 10
762.6216059933299
 20
515.4790554669992
 10
762.9779530410133
 20
514.5
 10
763.647666423307
 20
513.7018666706431
 10
764.5499688223896
 20
513.1809221376423
 10
765.5760292523667
 20
513.0
 10
857.0730464681053
 20
513.0
 10
858.0991068980823
 20
513.1809221376423
 10
859.0014092971649
 20
513.7018666706431
 10
859.6711226794586
 20
514.5
 10
860.0274697271418
 20
515.4790554669992
 10
860.0274697271418
 20
516.5209445330008
 10
859.6711226794586
 20
517.5
 10
859.0014092971649
 20
518.2981333293569
 10
858.0991068980823
 20
518.8190778623577
 10
857.0730464681053
 20
519.0
  0
LWPOLYLINE
  5
2E8
330
17
100
AcDbEntity
  8
CUT_INSIDE
100
AcDbPolyline
 90
21
 70
1
 10
850.0245410791872
 20
533.0
 10
780.774148519356
 20
533.0
 10
779.7480880893789
 20
532.8190778623577
 10
778.8457856902963
 20
532.2981333293569
 10
778.1760723080026
 20
531.5
 10
777.8197252603193
 20
530.5209445330008
 10
777.8197252603193
 20
529.4790554669992
 10
778.1760723080026
 20
528.5
 10
778.8457856902963
 20
527.7018666706431
 10
779.7480880893789
 20
527.1809221376423
 10
780.774148519356
 20
527.0
 10
850.0245410791872
 20
527.0
 10
851.0506015091642
 20
527.1809221376423
 10
851.9529039082468
 20
527.7018666706431
 10
852.6226172905405
 20
528.5
 10
852.9789643382237
 20
529.4790554669992
 10
852.9789643382237
 20
530.5209445330008
 10
852.6226172905405
 20
531.5
 10
851.9529039082468
 20
532.2981333293569
 10
851.0506015091642
 20
532.8190778623577
 10
850.0245410791872
 20
533.0
  0
LWPOLYLINE
  5
2E9
330
17
100
AcDbEntity
  8
CUT_INSIDE
100
AcDbPolyline
 90
21
 70
1
 10
877.9203394649505
 20
505.0
 10
848.5231554985687
 20
505.0
 10
847.4970950685918
 20
504.81907786235774
 10
846.5947926695092
 20
504.2981333293569
 10
845.9250792872155
 20
503.5
 10
845.5687322395322
 20
502.5209445330008
 10
845.5687322395322
 20
501.4790554669992
 10
845.9250792872155
 20
500.5
 10
846.5947926695092
 20
499.7018666706431
 10
847.4970950685918
 20
499.18092213764226
 10
848.5231554985687
 20
499.0
 10
877.9203394649505
 20
499.0
 10
878.9463998949276
 20
499.18092213764226
 10
879.8487022940102
 20
499.7018666706431
 10
880.5184156763039
 20
500.5
 10
880.8747627239873
 20
501.4790554669992
 10
880.8747627239873
 20
502.5209445330008
 10
880.5184156763039
 20
503.5
 10
879.8487022940102
 20
504.2981333293569
 10
878.9463998949276
 20
504.81907786235774
 10
877.9203394649505
 20
505.0
  0
LWPOLYLINE
  5
2EA
330
17
100
AcDbEntity
  8
CUT_INSIDE
100
AcDbPolyline
 90
21
 70
1
 10
928.3045129577014
 20
435.0
 10
879.7781349206912
 20
435.0
 10
878.7520744907142
 20
434.81907786235774
 10
877.8497720916316
 20
434.2981333293569
 10
877.1800587093378
 20
433.5
 10
876.8237116616546
 20
432.5209445330008
 10
876.8237116616546
 20
431.4790554669992
 10
877.1800587093378
 20
430.5
 10
877.8497720916316
 20
429.7018666706431
 10
878.7520744907142
 20
429.18092213764226
 10
879.7781349206912
 20
429.0
 10
928.3045129577014
 20
429.0
 10
929.3305733876784
 20
429.18092213764226
 10
930.232875786761
 20
429.7018666706431
 10
930.9025891690546
 20
430.5
 10
931.258936216738
 20
431.4790554669992
 10
931.258936216738
 20
432.5209445330008
 10
930.9025891690546
 20
433.5
 10
930.232875786761
 20
434.2981333293569
 10
929.3305733876784
 20
434.81907786235774
 10
928.3045129577014
 20
435.0
  0
LWPOLYLINE
  5
2EB
330
17
100
AcDbEntity
  8
CUT_INSIDE
100
AcDbPolyline
 90
21
 70
1
 10
906.814208383382
 20
449.0
 10
890.0406012388835
 20
449.0
 10
889.0145408089065
 20
448.81907786235774
 10
888.1122384098239
 20
448.2981333293569
 10
887.4425250275302
 20
447.5
 10
887.086177979847
 20
446.5209445330008
 10
887.086177979847
 20
445.4790554669992
 10
887.4425250275302
 20
444.5
 10
888.1122384098239
 20
443.7018666706431
 10
889.0145408089065
 20
443.18092213764226
 10
890.0406012388835
 20
443.0
 10
906.814208383382
 20
443.0
 10
907.8402688133591
 20
443.18092213764226
 10
908.7425712124417
 20
443.7018666706431
 10
909.4122845947354
 20
444.5
 10
909.7686316424188
 20
445.4790554669992
 10
909.7686316424188
 20
446.5209445330008
 10
909.4122845947354
 20
447.5
 10
908.7425712124417
 20
448.2981333293569
 10
907.8402688133591
 20
448.81907786235774
 10
906.814208383382
 20
449.0
  0
LWPOLYLINE
  5
2EC
330
17
100
AcDbEntity
  8
CUT_INSIDE
100
AcDbPolyline
 90
21
 70
1
 10
949.736949535792
 20
463.0
 10
858.7323525204242
 20
463.0
 10
857.7062920904473
 20
462.81907786235774
 10
856.8039896913647
 20
462.2981333293569
 10
856.1342763090709
 20
461.5
 10
855.7779292613876
 20
460.5209445330008
 10
855.7779292613876
 20
459.4790554669992
 10
856.1342763090709
 20
458.5
 10
856.8039896913647
 20
457.7018666706431
 10
857.7062920904473
 20
457.18092213764226
 10
858.7323525204242
 20
457.0
 10
949.736949535792
 20
457.0
 10
950.763009965769
 20
457.18092213764226
 10
951.6653123648516
 20
457.7018666706431
 10
952.3350257471452
 20
458.5
 10
952.6913727948286
 20
459.4790554669992
 10
952.6913727948286
 20
460.5209445330008
 10
952.3350257471452
 20
461.5
 10
951.6653123648516
 20
462.2981333293569
 10
950.763009965769
 20
462.81907786235774
 10
949.736949535792
 20
463.0
  0
LWPOLYLINE
  5
2ED
330
17
100
AcDbEntity
  8
CUT_INSIDE
100
AcDbPolyline
 90
21
 70
1
 10
925.2488296826509
 20
477.0
 10
891.0186356340716
 20
477.0
 10
889.9925752040947
 20
476.81907786235774
 10
889.0902728050121
 20
476.2981333293569
 10
888.4205594227183
 20
475.5
 10
888.064212375035
 20
474.5209445330008
 10
888.064212375035
 20
473.4790554669992
 10
888.4205594227183
 20
472.5
 10
889.0902728050121
 20
471.7018666706431
 10
889.9925752040947
 20
471.18092213764226
 10
891.0186356340716
 20
471.0
 10
925.2488296826509
 20
471.0
 10
926.2748901126279
 20
471.18092213764226
 10
927.1771925117105
 20
471.7018666706431
 10
927.8469058940043
 20
472.5
 10
928.2032529416875
 20
473.4790554669992
 10
928.2032529416875
 20
474.5209445330008
 10
927.8469058940043
 20
475.5
 10
927.1771925117105
 20
476.2981333293569
 10
926.2748901126279
 20
476.81907786235774
 10
925.2488296826509
 20
477.0
  0
LWPOLYLINE
  5
2EE
330
17
100
AcDbEntity
  8
CUT_INSIDE
100
AcDbPolyline
 90
21
 70
1
 10
879.4665888031716
 20
491.0
 10
862.2007511302469
 20
491.0
 10
861.1746907002698
 20
490.81907786235774
 10
860.2723883011872
 20
490.2981333293569
 10
859.6026749188936
 20
489.5
 10
859.2463278712103
 20
488.5209445330008
 10
859.2463278712103
 20
487.4790554669992
 10
859.6026749188936
 20
486.5
 10
860.2723883011872
 20
485.7018666706431
 10
861.1746907002698
 20
485.18092213764226
 10
862.2007511302469
 20
485.0
 10
879.4665888031716
 20
485.0
 10
880.4926492331485
 20
485.18092213764226
 10
881.3949516322311
 20
485.7018666706431
 10
882.064665014525
 20
486.5
 10
882.4210120622082
 20
487.4790554669992
 10
882.4210120622082
 20
488.5209445330008
 10
882.064665014525
 20
489.5
 10
881.3949516322311
 20
490.2981333293569
 10
880.4926492331485
 20
490.81907786235774
 10
879.4665888031716
 20
491.0
  0
LWPOLYLINE
  5
2EF
330
17
100
AcDbEntity
  8
CUT_INSIDE
100
AcDbPolyline
 90
21
 70
1
 10
918.5529767027263
 20
519.0
 10
873.1058141581027
 20
519.0
 10
872.0797537281258
 20
518.8190778623577
 10
871.1774513290432
 20
518.2981333293569
 10
870.5077379467493
 20
517.5
 10
870.1513908990661
 20
516.5209445330008
 10
870.1513908990661
 20
515.4790554669992
 10
870.5077379467493
 20
514.5
 10
871.1774513290432
 20
513.7018666706431
 10
872.0797537281258
 20
513.1809221376423
 10
873.1058141581027
 20
513.0
 10
918.5529767027263
 20
513.0
 10
919.5790371327032
 20
513.1809221376423
 10
920.4813395317858
 20
513.7018666706431
 10
921.1510529140796
 20
514.5
 10
921.5073999617629
 20
515.4790554669992
 10
921.5073999617629
 20
516.5209445330008
 10
921.1510529140796
 20
517.5
 10
920.4813395317858
 20
518.2981333293569
 10
919.5790371327032
 20
518.8190778623577
 10
918.5529767027263
 20
519.0
  0
LWPOLYLINE
  5
2F0
330
17
100
AcDbEntity
  8
CUT_INSIDE
100
AcDbPolyline
 90
21
 70
1
 10
935.3765156676865
 20
491.0
 10
898.0748105482378
 20
491.0
 10
897.0487501182608
 20
490.81907786235774
 10
896.1464477191782
 20
490.2981333293569
 10
895.4767343368844
 20
489.5
 10
895.1203872892012
 20
488.5209445330008
 10
895.1203872892012
 20
487.4790554669992
 10
895.4767343368844
 20
486.5
 10
896.1464477191782
 20
485.7018666706431
 10
897.0487501182608
 20
485.18092213764226
 10
898.0748105482378
 20
485.0
 10
935.3765156676865
 20
485.0
 10
936.4025760976635
 20
485.18092213764226
 10
937.3048784967461
 20
485.7018666706431
 10
937.9745918790397
 20
486.5
 10
938.3309389267231
 20
487.4790554669992
 10
938.3309389267231
 20
488.5209445330008
 10
937.9745918790397
 20
489.5
 10
937.3048784967461
 20
490.2981333293569
 10
936.4025760976635
 20
490.81907786235774
 10
935.3765156676865
 20
491.0
  0
LWPOLYLINE
  5
2F1
330
17
100
AcDbEntity
  8
CUT_INSIDE
100
AcDbPolyline
 90
21
 70
1
 10
932.1367519085006
 20
505.0
 10
906.5824083912923
 20
505.0
 10
905.5563479613154
 20
504.81907786235774
 10
904.6540455622328
 20
504.2981333293569
 10
903.9843321799391
 20
503.5
 10
903.6279851322558
 20
502.5209445330008
 10
903.6279851322558
 20
501.4790554669992
 10
903.9843321799391
 20
500.5
 10
904.6540455622328
 20
499.7018666706431
 10
905.5563479613154
 20
499.18092213764226
 10
906.5824083912923
 20
499.0
 10
932.1367519085006
 20
499.0
 10
933.1628123384776
 20
499.18092213764226
 10
934.0651147375602
 20
499.7018666706431
 10
934.7348281198539
 20
500.5
 10
935.0911751675371
 20
501.4790554669992
 10
935.0911751675371
 20
502.5209445330008
 10
934.7348281198539
 20
503.5
 10
934.0651147375602
 20
504.2981333293569
 10
933.1628123384776
 20
504.81907786235774
 10
932.1367519085006
 20
505.0
  0
LWPOLYLINE
  5
2F2
330
17
100
AcDbEntity
  8
CUT_INSIDE
100
AcDbPolyline
 90
21
 70
1
 10
976.1775815801109
 20
533.0
 10
878.6406876724329
 20
533.0
 10
877.614627242456
 20
532.8190778623577
 10
876.7123248433734
 20
532.2981333293569
 10
876.0426114610797
 20
531.5
 10
875.6862644133964
 20
530.5209445330008
 10
875.6862644133964
 20
529.4790554669992
 10
876.0426114610797
 20
528.5
 10
876.7123248433734
 20
527.7018666706431
 10
877.614627242456
 20
527.1809221376423
 10
878.6406876724329
 20
527.0
 10
976.1775815801109
 20
527.0
 10
977.2036420100878
 20
527.1809221376423
 10
978.1059444091704
 20
527.7018666706431
 10
978.7756577914641
 20
528.5
 10
979.1320048391474
 20
529.4790554669992
 10
979.1320048391474
 20
530.5209445330008
 10
978.7756577914641
 20
531.5
 10
978.1059444091704
 20
532.2981333293569
 10
977.2036420100878
 20
532.8190778623577
 10
976.1775815801109
 20
533.0
  0
LWPOLYLINE
  5
2F3
330
17
100
AcDbEntity
  8
CUT_INSIDE
100
AcDbPolyline
 90
21
 70
1
 10
823.2658209053864
 20
547.0
 10
806.9014243944343
 20
547.0
 10
805.8753639644574
 20
546.8190778623577
 10
804.9730615653748
 20
546.2981333293569
 10
804.3033481830811
 20
545.5
 10
803.9470011353978
 20
544.5209445330008
 10
803.9470011353978
 20
543.4790554669992
 10
804.3033481830811
 20
542.5
 10
804.9730615653748
 20
541.7018666706431
 10
805.8753639644574
 20
541.1809221376423
 10
806.9014243944343
 20
541.0
 10
823.2658209053864
 20
541.0
 10
824.2918813353633
 20
541.1809221376423
 10
825.1941837344459
 20
541.7018666706431
 10
825.8638971167396
 20
542.5
 10
826.2202441644229
 20
543.4790554669992
 10
826.2202441644229
 20
544.5209445330008
 10
825.8638971167396
 20
545.5
 10
825.1941837344459
 20
546.2981333293569
 10
824.2918813353633
 20
546.8190778623577
 10
823.2658209053864
 20
547.0
  0
LWPOLYLINE
  5
2F4
330
17
100
AcDbEntity
  8
CUT_INSIDE
100
AcDbPolyline
 90
21
 70
1
 10
873.1651460005794
 20
575.0
 10
835.9857259194986
 20
575.0
 10
834.9596654895215
 20
574.8190778623577
 10
834.0573630904389
 20
574.2981333293569
 10
833.3876497081453
 20
573.5
 10
833.031302660462
 20
572.5209445330008
 10
833.031302660462
 20
571.4790554669992
 10
833.3876497081453
 20
570.5
 10
834.0573630904389
 20
569.7018666706431
 10
834.9596654895215
 20
569.1809221376423
 10
835.9857259194986
 20
569.0
 10
873.1651460005794
 20
569.0
 10
874.1912064305563
 20
569.1809221376423
 10
875.093508829639
 20
569.7018666706431
 10
875.7632222119328
 20
570.5
 10
876.119569259616
 20
571.4790554669992
 10
876.119569259616
 20
572.5209445330008
 10
875.7632222119328
 20
573.5
 10
875.093508829639
 20
574.2981333293569
 10
874.1912064305563
 20
574.8190778623577
 10
873.1651460005794
 20
575.0
  0
LWPOLYLINE
  5
2F5
330
17
100
AcDbEntity
  8
CUT_INSIDE
100
AcDbPolyline
 90
21
 70
1
 10
857.4361575328309
 20
589.0
 10
771.5208816653941
 20
589.0
 10
770.494821235417
 20
588.8190778623577
 10
769.5925188363344
 20
588.2981333293569
 10
768.9228054540408
 20
587.5
 10
768.5664584063575
 20
586.5209445330008
 10
768.5664584063575
 20
585.4790554669992
 10
768.9228054540408
 20
584.5
 10
769.5925188363344
 20
583.7018666706431
 10
770.494821235417
 20
583.1809221376423
 10
771.5208816653941
 20
583.0
 10
857.4361575328309
 20
583.0
 10
858.4622179628079
 20
583.1809221376423
 10
859.3645203618905
 20
583.7018666706431
 10
860.0342337441841
 20
584.5
 10
860.3905807918675
 20
585.4790554669992
 10
860.3905807918675
 20
586.5209445330008
 10
860.0342337441841
 20
587.5
 10
859.3645203618905
 20
588.2981333293569
 10
858.4622179628079
 20
588.8190778623577
 10
857.4361575328309
 20
589.0
  0
LWPOLYLINE
  5
2F6
330
17
100
AcDbEntity
  8
CUT_INSIDE
100
AcDbPolyline
 90
21
 70
1
 10
840.8592381427587
 20
631.0
 10
803.1509039756482
 20
631.0
 10
802.1248435456712
 20
630.8190778623577
 10
801.2225411465886
 20
630.2981333293569
 10
800.552827764295
 20
629.5
 10
800.1964807166116
 20
628.5209445330008
 10
800.1964807166116
 20
627.4790554669992
 10
800.552827764295
 20
626.5
 10
801.2225411465886
 20
625.7018666706431
 10
802.1248435456712
 20
625.1809221376423
 10
803.1509039756482
 20
625.0
 10
840.8592381427587
 20
625.0
 10
841.8852985727358
 20
625.1809221376423
 10
842.7876009718184
 20
625.7018666706431
 10
843.457314354112
 20
626.5
 10
843.8136614017953
 20
627.4790554669992
 10
843.8136614017953
 20
628.5209445330008
 10
843.457314354112
 20
629.5
 10
842.7876009718184
 20
630.2981333293569
 10
841.8852985727358
 20
630.8190778623577
 10
840.8592381427587
 20
631.0
  0
LWPOLYLINE
  5
2F7
330
17
100
AcDbEntity
  8
CUT_INSIDE
100
AcDbPolyline
 90
21
 70
1
 10
844.4155458027521
 20
617.0
 10
805.0565822723297
 20
617.0
 10
804.0305218423528
 20
616.8190778623577
 10
803.1282194432702
 20
616.2981333293569
 10
802.4585060609764
 20
615.5
 10
802.1021590132932
 20
614.5209445330008
 10
802.1021590132932
 20
613.4790554669992
 10
802.4585060609764
 20
612.5
 10
803.1282194432702
 20
611.7018666706431
 10
804.0305218423528
 20
611.1809221376423
 10
805.0565822723297
 20
611.0
 10
844.4155458027521
 20
611.0
 10
845.4416062327292
 20
611.1809221376423
 10
846.3439086318118
 20
611.7018666706431
 10
847.0136220141055
 20
612.5
 10
847.3699690617889
 20
613.4790554669992
 10
847.3699690617889
 20
614.5209445330008
 10
847.0136220141055
 20
615.5
 10
846.3439086318118
 20
616.2981333293569
 10
845.4416062327292
 20
616.8190778623577
 10
844.4155458027521
 20
617.0
  0
LWPOLYLINE
  5
2F8
330
17
100
AcDbEntity
  8
CUT_INSIDE
100
AcDbPolyline
 90
21
 70
1
 10
863.7996626424056
 20
603.0
 10
828.8884517164837
 20
603.0
 10
827.8623912865067
 20
602.8190778623577
 10
826.960088887424
 20
602.2981333293569
 10
826.2903755051304
 20
601.5
 10
825.9340284574471
 20
600.5209445330008
 10
825.9340284574471
 20
599.4790554669992
 10
826.2903755051304
 20
598.5
 10
826.960088887424
 20
597.7018666706431
 10
827.8623912865067
 20
597.1809221376423
 10
828.8884517164837
 20
597.0
 10
863.7996626424056
 20
597.0
 10
864.8257230723825
 20
597.1809221376423
 10
865.7280254714651
 20
597.7018666706431
 10
866.3977388537589
 20
598.5
 10
866.7540859014422
 20
599.4790554669992
 10
866.7540859014422
 20
600.5209445330008
 10
866.3977388537589
 20
601.5
 10
865.7280254714651
 20
602.2981333293569
 10
864.8257230723825
 20
602.8190778623577
 10
863.7996626424056
 20
603.0
  0
LWPOLYLINE
  5
2F9
330
17
100
AcDbEntity
  8
CUT_INSIDE
100
AcDbPolyline
 90
21
 70
1
 10
886.259009635578
 20
547.0
 10
863.0648020077051
 20
547.0
 10
862.0387415777282
 20
546.8190778623577
 10
861.1364391786456
 20
546.2981333293569
 10
860.4667257963519
 20
545.5
 10
860.1103787486686
 20
544.5209445330008
 10
860.1103787486686
 20
543.4790554669992
 10
860.4667257963519
 20
542.5
 10
861.1364391786456
 20
541.7018666706431
 10
862.0387415777282
 20
541.1809221376423
 10
863.0648020077051
 20
541.0
 10
886.259009635578
 20
541.0
 10
887.2850700655549
 20
541.1809221376423
 10
888.1873724646375
 20
541.7018666706431
 10
888.8570858469312
 20
542.5
 10
889.2134328946145
 20
543.4790554669992
 10
889.2134328946145
 20
544.5209445330008
 10
888.8570858469312
 20
545.5
 10
888.1873724646375
 20
546.2981333293569
 10
887.2850700655549
 20
546.8190778623577
 10
886.259009635578
 20
547.0
  0
LWPOLYLINE
  5
2FA
330
17
100
AcDbEntity
  8
CUT_INSIDE
100
AcDbPolyline
 90
21
 70
1
 10
918.1177883503038
 20
561.0
 10
862.6944444268045
 20
561.0
 10
861.6683839968275
 20
560.8190778623577
 10
860.7660815977449
 20
560.2981333293569
 10
860.0963682154511
 20
559.5
 10
859.7400211677678
 20
558.5209445330008
 10
859.7400211677678
 20
557.4790554669992
 10
860.0963682154511
 20
556.5
 10
860.7660815977449
 20
555.7018666706431
 10
861.6683839968275
 20
555.1809221376423
 10
862.6944444268045
 20
555.0
 10
918.1177883503038
 20
555.0
 10
919.1438487802809
 20
555.1809221376423
 10
920.0461511793635
 20
555.7018666706431
 10
920.7158645616571
 20
556.5
 10
921.0722116093405
 20
557.4790554669992
 10
921.0722116093405
 20
558.5209445330008
 10
920.7158645616571
 20
559.5
 10
920.0461511793635
 20
560.2981333293569
 10
919.1438487802809
 20
560.8190778623577
 10
918.1177883503038
 20
561.0
  0
LWPOLYLINE
  5
2FB
330
17
100
AcDbEntity
  8
CUT_INSIDE
100
AcDbPolyline
 90
21
 70
1
 10
917.5199788653781
 20
575.0
 10
889.6101422253489
 20
575.0
 10
888.584081795372
 20
574.8190778623577
 10
887.6817793962894
 20
574.2981333293569
 10
887.0120660139956
 20
573.5
 10
886.6557189663124
 20
572.5209445330008
 10
886.6557189663124
 20
571.4790554669992
 10
887.0120660139956
 20
570.5
 10
887.6817793962894
 20
569.7018666706431
 10
888.584081795372
 20
569.1809221376423
 10
889.6101422253489
 20
569.0
 10
917.5199788653781
 20
569.0
 10
918.5460392953552
 20
569.1809221376423
 10
919.4483416944378
 20
569.7018666706431
 10
920.1180550767315
 20
570.5
 10
920.4744021244148
 20
571.4790554669992
 10
920.4744021244148
 20
572.5209445330008
 10
920.1180550767315
 20
573.5
 10
919.4483416944378
 20
574.2981333293569
 10
918.5460392953552
 20
574.8190778623577
 10
917.5199788653781
 20
575.0
  0
LWPOLYLINE
  5
2FC
330
17
100
AcDbEntity
  8
CUT_INSIDE
100
AcDbPolyline
 90
21
 70
1
 10
914.7178958681471
 20
617.0
 10
878.1198436862231
 20
617.0
 10
877.0937832562461
 20
616.8190778623577
 10
876.1914808571635
 20
616.2981333293569
 10
875.5217674748699
 20
615.5
 10
875.1654204271865
 20
614.5209445330008
 10
875.1654204271865
 20
613.4790554669992
 10
875.5217674748699
 20
612.5
 10
876.1914808571635
 20
611.7018666706431
 10
877.0937832562461
 20
611.1809221376423
 10
878.1198436862231
 20
611.0
 10
914.7178958681471
 20
611.0
 10
915.7439562981242
 20
611.1809221376423
 10
916.6462586972068
 20
611.7018666706431
 10
917.3159720795004
 20
612.5
 10
917.6723191271838
 20
613.4790554669992
 10
917.6723191271838
 20
614.5209445330008
 10
917.3159720795004
 20
615.5
 10
916.6462586972068
 20
616.2981333293569
 10
915.7439562981242
 20
616.8190778623577
 10
914.7178958681471
 20
617.0
  0
LWPOLYLINE
  5
2FD
330
17
100
AcDbEntity
  8
CUT_INSIDE
100
AcDbPolyline
 90
21
 70
1
 10
915.5623574427154
 20
631.0
 10
873.4026474720733
 20
631.0
 10
872.3765870420964
 20
630.8190778623577
 10
871.4742846430138
 20
630.2981333293569
 10
870.8045712607201
 20
629.5
 10
870.4482242130368
 20
628.5209445330008
 10
870.4482242130368
 20
627.4790554669992
 10
870.8045712607201
 20
626.5
 10
871.4742846430138
 20
625.7018666706431
 10
872.3765870420964
 20
625.1809221376423
 10
873.4026474720733
 20
625.0
 10
915.5623574427154
 20
625.0
 10
916.5884178726925
 20
625.1809221376423
 10
917.4907202717751
 20
625.7018666706431
 10
918.1604336540688
 20
626.5
 10
918.5167807017522
 20
627.4790554669992
 10
918.5167807017522
 20
628.5209445330008
 10
918.1604336540688
 20
629.5
 10
917.4907202717751
 20
630.2981333293569
 10
916.5884178726925
 20
630.8190778623577
 10
915.5623574427154
 20
631.0
  0
LWPOLYLINE
  5
2FE
330
17
100
AcDbEntity
  8
CUT_INSIDE
100
AcDbPolyline
 90
21
 70
1
 10
918.457141223708
 20
603.0
 10
893.2571340840775
 20
603.0
 10
892.2310736541004
 20
602.8190778623577
 10
891.3287712550178
 20
602.2981333293569
 10
890.6590578727241
 20
601.5
 10
890.3027108250408
 20
600.5209445330008
 10
890.3027108250408
 20
599.4790554669992
 10
890.6590578727241
 20
598.5
 10
891.3287712550178
 20
597.7018666706431
 10
892.2310736541004
 20
597.1809221376423
 10
893.2571340840775
 20
597.0
 10
918.457141223708
 20
597.0
 10
919.4832016536851
 20
597.1809221376423
 10
920.3855040527677
 20
597.7018666706431
 10
921.0552174350614
 20
598.5
 10
921.4115644827448
 20
599.4790554669992
 10
921.4115644827448
 20
600.5209445330008
 10
921.0552174350614
 20
601.5
 10
920.3855040527677
 20
602.2981333293569
 10
919.4832016536851
 20
602.8190778623577
 10
918.457141223708
 20
603.0
  0
LWPOLYLINE
  5
2FF
330
17
100
AcDbEntity
  8
CUT_INSIDE
100
AcDbPolyline
 90
21
 70
1
 10
938.0142723091562
 20
589.0
 10
897.1188361012253
 20
589.0
 10
896.0927756712483
 20
588.8190778623577
 10
895.1904732721657
 20
588.2981333293569
 10
894.5207598898719
 20
587.5
 10
894.1644128421887
 20
586.5209445330008
 10
894.1644128421887
 20
585.4790554669992
 10
894.5207598898719
 20
584.5
 10
895.1904732721657
 20
583.7018666706431
 10
896.0927756712483
 20
583.1809221376423
 10
897.1188361012253
 20
583.0
 10
938.0142723091562
 20
583.0
 10
939.0403327391332
 20
583.1809221376423
 10
939.9426351382158
 20
583.7018666706431
 10
940.6123485205096
 20
584.5
 10
940.9686955681929
 20
585.4790554669992
 10
940.9686955681929
 20
586.5209445330008
 10
940.6123485205096
 20
587.5
 10
939.9426351382158
 20
588.2981333293569
 10
939.0403327391332
 20
588.8190778623577
 10
938.0142723091562
 20
589.0
  0
LWPOLYLINE
  5
300
330
17
100
AcDbEntity
  8
CUT_INSIDE
100
AcDbPolyline
 90
21
 70
1
 10
970.937294753031
 20
449.0
 10
935.189599280965
 20
449.0
 10
934.163538850988
 20
448.81907786235774
 10
933.2612364519053
 20
448.2981333293569
 10
932.5915230696116
 20
447.5
 10
932.2351760219283
 20
446.5209445330008
 10
932.2351760219283
 20
445.4790554669992
 10
932.5915230696116
 20
444.5
 10
933.2612364519053
 20
443.7018666706431
 10
934.163538850988
 20
443.18092213764226
 10
935.189599280965
 20
443.0
 10
970.937294753031
 20
443.0
 10
971.963355183008
 20
443.18092213764226
 10
972.8656575820906
 20
443.7018666706431
 10
973.5353709643844
 20
444.5
 10
973.8917180120677
 20
445.4790554669992
 10
973.8917180120677
 20
446.5209445330008
 10
973.5353709643844
 20
447.5
 10
972.8656575820906
 20
448.2981333293569
 10
971.963355183008
 20
448.81907786235774
 10
970.937294753031
 20
449.0
  0
LWPOLYLINE
  5
301
330
17
100
AcDbEntity
  8
CUT_INSIDE
100
AcDbPolyline
 90
21
 70
1
 10
988.9629634637228
 20
477.0
 10
958.2909034111196
 20
477.0
 10
957.2648429811427
 20
476.81907786235774
 10
956.3625405820601
 20
476.2981333293569
 10
955.6928271997663
 20
475.5
 10
955.336480152083
 20
474.5209445330008
 10
955.336480152083
 20
473.4790554669992
 10
955.6928271997663
 20
472.5
 10
956.3625405820601
 20
471.7018666706431
 10
957.2648429811427
 20
471.18092213764226
 10
958.2909034111196
 20
471.0
 10
988.9629634637228
 20
471.0
 10
989.9890238936998
 20
471.18092213764226
 10
990.8913262927824
 20
471.7018666706431
 10
991.561039675076
 20
472.5
 10
991.9173867227594
 20
473.4790554669992
 10
991.9173867227594
 20
474.5209445330008
 10
991.561039675076
 20
475.5
 10
990.8913262927824
 20
476.2981333293569
 10
989.9890238936998
 20
476.81907786235774
 10
988.9629634637228
 20
477.0
  0
LWPOLYLINE
  5
302
330
17
100
AcDbEntity
  8
CUT_INSIDE
100
AcDbPolyline
 90
21
 70
1
 10
993.7248811660226
 20
491.0
 10
957.0263265659952
 20
491.0
 10
956.0002661360181
 20
490.81907786235774
 10
955.0979637369355
 20
490.2981333293569
 10
954.4282503546418
 20
489.5
 10
954.0719033069586
 20
488.5209445330008
 10
954.0719033069586
 20
487.4790554669992
 10
954.4282503546418
 20
486.5
 10
955.0979637369355
 20
485.7018666706431
 10
956.0002661360181
 20
485.18092213764226
 10
957.0263265659952
 20
485.0
 10
993.7248811660226
 20
485.0
 10
994.7509415959996
 20
485.18092213764226
 10
995.6532439950822
 20
485.7018666706431
 10
996.3229573773759
 20
486.5
 10
996.6793044250592
 20
487.4790554669992
 10
996.6793044250592
 20
488.5209445330008
 10
996.3229573773759
 20
489.5
 10
995.6532439950822
 20
490.2981333293569
 10
994.7509415959996
 20
490.81907786235774
 10
993.7248811660226
 20
491.0
  0
LWPOLYLINE
  5
303
330
17
100
AcDbEntity
  8
CUT_INSIDE
100
AcDbPolyline
 90
21
 70
1
 10
996.1716146774404
 20
505.0
 10
971.9026478219711
 20
505.0
 10
970.876587391994
 20
504.81907786235774
 10
969.9742849929114
 20
504.2981333293569
 10
969.3045716106178
 20
503.5
 10
968.9482245629345
 20
502.5209445330008
 10
968.9482245629345
 20
501.4790554669992
 10
969.3045716106178
 20
500.5
 10
969.9742849929114
 20
499.7018666706431
 10
970.876587391994
 20
499.18092213764226
 10
971.9026478219711
 20
499.0
 10
996.1716146774404
 20
499.0
 10
997.1976751074174
 20
499.18092213764226
 10
998.0999775065
 20
499.7018666706431
 10
998.7696908887938
 20
500.5
 10
999.126037936477
 20
501.4790554669992
 10
999.126037936477
 20
502.5209445330008
 10
998.7696908887938
 20
503.5
 10
998.0999775065
 20
504.2981333293569
 10
997.1976751074174
 20
504.81907786235774
 10
996.1716146774404
 20
505.0
  0
LWPOLYLINE
  5
304
330
17
100
AcDbEntity
  8
CUT_INSIDE
100
AcDbPolyline
 90
21
 70
1
 10
996.7353294492916
 20
519.0
 10
954.2830982786329
 20
519.0
 10
953.2570378486558
 20
518.8190778623577
 10
952.3547354495732
 20
518.2981333293569
 10
951.6850220672795
 20
517.5
 10
951.3286750195962
 20
516.5209445330008
 10
951.3286750195962
 20
515.4790554669992
 10
951.6850220672795
 20
514.5
 10
952.3547354495732
 20
513.7018666706431
 10
953.2570378486558
 20
513.1809221376423
 10
954.2830982786329
 20
513.0
 10
996.7353294492916
 20
513.0
 10
997.7613898792686
 20
513.1809221376423
 10
998.6636922783512
 20
513.7018666706431
 10
999.3334056606449
 20
514.5
 10
999.6897527083281
 20
515.4790554669992
 10
999.6897527083281
 20
516.5209445330008
 10
999.3334056606449
 20
517.5
 10
998.6636922783512
 20
518.2981333293569
 10
997.7613898792686
 20
518.8190778623577
 10
996.7353294492916
 20
519.0
  0
LWPOLYLINE
  5
305
330
17
100
AcDbEntity
  8
CUT_INSIDE
100
AcDbPolyline
 90
21
 70
1
 10
1017.2240032472652
 20
435.0
 10
965.777970863262
 20
435.0
 10
964.751910433285
 20
434.81907786235774
 10
963.8496080342024
 20
434.2981333293569
 10
963.1798946519086
 20
433.5
 10
962.8235476042254
 20
432.5209445330008
 10
962.8235476042254
 20
431.4790554669992
 10
963.1798946519086
 20
430.5
 10
963.8496080342024
 20
429.7018666706431
 10
964.751910433285
 20
429.18092213764226
 10
965.777970863262
 20
429.0
 10
1017.2240032472652
 20
429.0
 10
1018.2500636772422
 20
429.18092213764226
 10
1019.1523660763248
 20
429.7018666706431
 10
1019.8220794586184
 20
430.5
 10
1020.1784265063018
 20
431.4790554669992
 10
1020.1784265063018
 20
432.5209445330008
 10
1019.8220794586184
 20
433.5
 10
1019.1523660763248
 20
434.2981333293569
 10
1018.2500636772422
 20
434.81907786235774
 10
1017.2240032472652
 20
435.0
  0
LWPOLYLINE
  5
306
330
17
100
AcDbEntity
  8
CUT_INSIDE
100
AcDbPolyline
 90
21
 70
1
 10
1007.9787637372018
 20
463.0
 10
978.2542500828258
 20
463.0
 10
977.2281896528489
 20
462.81907786235774
 10
976.3258872537662
 20
462.2981333293569
 10
975.6561738714724
 20
461.5
 10
975.2998268237892
 20
460.5209445330008
 10
975.2998268237892
 20
459.4790554669992
 10
975.6561738714724
 20
458.5
 10
976.3258872537662
 20
457.7018666706431
 10
977.2281896528489
 20
457.18092213764226
 10
978.2542500828258
 20
457.0
 10
1007.9787637372018
 20
457.0
 10
1009.0048241671789
 20
457.18092213764226
 10
1009.9071265662615
 20
457.7018666706431
 10
1010.5768399485551
 20
458.5
 10
1010.9331869962384
 20
459.4790554669992
 10
1010.9331869962384
 20
460.5209445330008
 10
1010.5768399485551
 20
461.5
 10
1009.9071265662615
 20
462.2981333293569
 10
1009.0048241671789
 20
462.81907786235774
 10
1007.9787637372018
 20
463.0
  0
LWPOLYLINE
  5
307
330
17
100
AcDbEntity
  8
CUT_INSIDE
100
AcDbPolyline
 90
21
 70
1
 10
1044.0
 20
449.0
 10
1010.1312800404005
 20
449.0
 10
1009.1052196104235
 20
448.81907786235774
 10
1008.202917211341
 20
448.2981333293569
 10
1007.5332038290472
 20
447.5
 10
1007.1768567813639
 20
446.5209445330008
 10
1007.1768567813639
 20
445.4790554669992
 10
1007.5332038290472
 20
444.5
 10
1008.202917211341
 20
443.7018666706431
 10
1009.1052196104235
 20
443.18092213764226
 10
1010.1312800404005
 20
443.0
 10
1044.0
 20
443.0
 10
1045.026060429977
 20
443.18092213764226
 10
1045.9283628290596
 20
443.7018666706431
 10
1046.5980762113531
 20
444.5
 10
1046.9544232590365
 20
445.4790554669992
 10
1046.9544232590365
 20
446.5209445330008
 10
1046.5980762113531
 20
447.5
 10
1045.9283628290596
 20
448.2981333293569
 10
1045.026060429977
 20
448.81907786235774
 10
1044.0
 20
449.0
  0
LWPOLYLINE
  5
308
330
17
100
AcDbEntity
  8
CUT_INSIDE
100
AcDbPolyline
 90
21
 70
1
 10
1044.0
 20
477.0
 10
1015.0539224611325
 20
477.0
 10
1014.0278620311556
 20
476.81907786235774
 10
1013.125559632073
 20
476.2981333293569
 10
1012.4558462497793
 20
475.5
 10
1012.0994992020959
 20
474.5209445330008
 10
1012.0994992020959
 20
473.4790554669992
 10
1012.4558462497793
 20
472.5
 10
1013.125559632073
 20
471.7018666706431
 10
1014.0278620311556
 20
471.18092213764226
 10
1015.0539224611325
 20
471.0
 10
1044.0
 20
471.0
 10
1045.026060429977
 20
471.18092213764226
 10
1045.9283628290596
 20
471.7018666706431
 10
1046.5980762113531
 20
472.5
 10
1046.9544232590365
 20
473.4790554669992
 10
1046.9544232590365
 20
474.5209445330008
 10
1046.5980762113531
 20
475.5
 10
1045.9283628290596
 20
476.2981333293569
 10
1045.026060429977
 20
476.81907786235774
 10
1044.0
 20
477.0
  0
LWPOLYLINE
  5
309
330
17
100
AcDbEntity
  8
CUT_INSIDE
100
AcDbPolyline
 90
21
 70
1
 10
1018.2970513788304
 20
533.0
 10
999.6513780638835
 20
533.0
 10
998.6253176339064
 20
532.8190778623577
 10
997.7230152348238
 20
532.2981333293569
 10
997.0533018525302
 20
531.5
 10
996.6969548048469
 20
530.5209445330008
 10
996.6969548048469
 20
529.4790554669992
 10
997.0533018525302
 20
528.5
 10
997.7230152348238
 20
527.7018666706431
 10
998.6253176339064
 20
527.1809221376423
 10
999.6513780638835
 20
527.0
 10
1018.2970513788304
 20
527.0
 10
1019.3231118088074
 20
527.1809221376423
 10
1020.22541420789
 20
527.7018666706431
 10
1020.8951275901836
 20
528.5
 10
1021.251474637867
 20
529.4790554669992
 10
1021.251474637867
 20
530.5209445330008
 10
1020.8951275901836
 20
531.5
 10
1020.22541420789
 20
532.2981333293569
 10
1019.3231118088074
 20
532.8190778623577
 10
1018.2970513788304
 20
533.0
  0
LWPOLYLINE
  5
30A
330
17
100
AcDbEntity
  8
CUT_INSIDE
100
AcDbPolyline
 90
21
 70
1
 10
1044.0
 20
491.0
 10
1015.099904908094
 20
491.0
 10
1014.073844478117
 20
490.81907786235774
 10
1013.1715420790343
 20
490.2981333293569
 10
1012.5018286967406
 20
489.5
 10
1012.1454816490573
 20
488.5209445330008
 10
1012.1454816490573
 20
487.4790554669992
 10
1012.5018286967406
 20
486.5
 10
1013.1715420790343
 20
485.7018666706431
 10
1014.073844478117
 20
485.18092213764226
 10
1015.099904908094
 20
485.0
 10
1044.0
 20
485.0
 10
1045.026060429977
 20
485.18092213764226
 10
1045.9283628290596
 20
485.7018666706431
 10
1046.5980762113534
 20
486.5
 10
1046.9544232590365
 20
487.4790554669992
 10
1046.9544232590365
 20
488.5209445330008
 10
1046.5980762113534
 20
489.5
 10
1045.9283628290596
 20
490.2981333293569
 10
1045.026060429977
 20
490.81907786235774
 10
1044.0
 20
491.0
  0
LWPOLYLINE
  5
30B
330
17
100
AcDbEntity
  8
CUT_INSIDE
100
AcDbPolyline
 90
21
 70
1
 10
1041.3629736686898
 20
505.0
 10
1012.4326663693392
 20
505.0
 10
1011.4066059393622
 20
504.81907786235774
 10
1010.5043035402796
 20
504.2981333293569
 10
1009.834590157986
 20
503.5
 10
1009.4782431103026
 20
502.5209445330008
 10
1009.4782431103026
 20
501.4790554669992
 10
1009.834590157986
 20
500.5
 10
1010.5043035402796
 20
499.7018666706431
 10
1011.4066059393622
 20
499.18092213764226
 10
1012.4326663693392
 20
499.0
 10
1041.3629736686898
 20
499.0
 10
1042.3890340986668
 20
499.18092213764226
 10
1043.2913364977494
 20
499.7018666706431
 10
1043.9610498800432
 20
500.5
 10
1044.3173969277263
 20
501.4790554669992
 10
1044.3173969277263
 20
502.5209445330008
 10
1043.9610498800432
 20
503.5
 10
1043.2913364977494
 20
504.2981333293569
 10
1042.3890340986668
 20
504.81907786235774
 10
1041.3629736686898
 20
505.0
  0
LWPOLYLINE
  5
30C
330
17
100
AcDbEntity
  8
CUT_INSIDE
100
AcDbPolyline
 90
21
 70
1
 10
946.129019357948
 20
547.0
 10
917.0446121131521
 20
547.0
 10
916.018551683175
 20
546.8190778623577
 10
915.1162492840924
 20
546.2981333293569
 10
914.4465359017988
 20
545.5
 10
914.0901888541155
 20
544.5209445330008
 10
914.0901888541155
 20
543.4790554669992
 10
914.4465359017988
 20
542.5
 10
915.1162492840924
 20
541.7018666706431
 10
916.018551683175
 20
541.1809221376423
 10
917.0446121131521
 20
541.0
 10
946.129019357948
 20
541.0
 10
947.1550797879249
 20
541.1809221376423
 10
948.0573821870075
 20
541.7018666706431
 10
948.7270955693014
 20
542.5
 10
949.0834426169846
 20
543.4790554669992
 10
949.0834426169846
 20
544.5209445330008
 10
948.7270955693014
 20
545.5
 10
948.0573821870075
 20
546.2981333293569
 10
947.1550797879249
 20
546.8190778623577
 10
946.129019357948
 20
547.0
  0
LWPOLYLINE
  5
30D
330
17
100
AcDbEntity
  8
CUT_INSIDE
100
AcDbPolyline
 90
21
 70
1
 10
973.3393551839414
 20
561.0
 10
954.2038620105282
 20
561.0
 10
953.1778015805512
 20
560.8190778623577
 10
952.2754991814686
 20
560.2981333293569
 10
951.6057857991748
 20
559.5
 10
951.2494387514915
 20
558.5209445330008
 10
951.2494387514915
 20
557.4790554669992
 10
951.6057857991748
 20
556.5
 10
952.2754991814686
 20
555.7018666706431
 10
953.1778015805512
 20
555.1809221376423
 10
954.2038620105282
 20
555.0
 10
973.3393551839414
 20
555.0
 10
974.3654156139185
 20
555.1809221376423
 10
975.2677180130011
 20
555.7018666706431
 10
975.9374313952947
 20
556.5
 10
976.293778442978
 20
557.4790554669992
 10
976.293778442978
 20
558.5209445330008
 10
975.9374313952947
 20
559.5
 10
975.2677180130011
 20
560.2981333293569
 10
974.3654156139185
 20
560.8190778623577
 10
973.3393551839414
 20
561.0
  0
LWPOLYLINE
  5
30E
330
17
100
AcDbEntity
  8
CUT_INSIDE
100
AcDbPolyline
 90
21
 70
1
 10
1002.1433288945794
 20
575.0
 10
949.1373145618192
 20
575.0
 10
948.1112541318422
 20
574.8190778623577
 10
947.2089517327595
 20
574.2981333293569
 10
946.5392383504659
 20
573.5
 10
946.1828913027825
 20
572.5209445330008
 10
946.1828913027825
 20
571.4790554669992
 10
946.5392383504659
 20
570.5
 10
947.2089517327595
 20
569.7018666706431
 10
948.1112541318422
 20
569.1809221376423
 10
949.1373145618192
 20
569.0
 10
1002.1433288945794
 20
569.0
 10
1003.1693893245564
 20
569.1809221376423
 10
1004.0716917236391
 20
569.7018666706431
 10
1004.7414051059327
 20
570.5
 10
1005.097752153616
 20
571.4790554669992
 10
1005.097752153616
 20
572.5209445330008
 10
1004.7414051059327
 20
573.5
 10
1004.0716917236391
 20
574.2981333293569
 10
1003.1693893245564
 20
574.8190778623577
 10
1002.1433288945794
 20
575.0
  0
LWPOLYLINE
  5
30F
330
17
100
AcDbEntity
  8
CUT_INSIDE
100
AcDbPolyline
 90
21
 70
1
 10
1000.7304704842434
 20
603.0
 10
956.281084495176
 20
603.0
 10
955.2550240651989
 20
602.8190778623577
 10
954.3527216661162
 20
602.2981333293569
 10
953.6830082838226
 20
601.5
 10
953.3266612361392
 20
600.5209445330008
 10
953.3266612361392
 20
599.4790554669992
 10
953.6830082838226
 20
598.5
 10
954.3527216661162
 20
597.7018666706431
 10
955.2550240651989
 20
597.1809221376423
 10
956.281084495176
 20
597.0
 10
1000.7304704842434
 20
597.0
 10
1001.7565309142204
 20
597.1809221376423
 10
1002.6588333133031
 20
597.7018666706431
 10
1003.3285466955967
 20
598.5
 10
1003.6848937432801
 20
599.4790554669992
 10
1003.6848937432801
 20
600.5209445330008
 10
1003.3285466955967
 20
601.5
 10
1002.6588333133031
 20
602.2981333293569
 10
1001.7565309142204
 20
602.8190778623577
 10
1000.7304704842434
 20
603.0
  0
LWPOLYLINE
  5
310
330
17
100
AcDbEntity
  8
CUT_INSIDE
100
AcDbPolyline
 90
21
 70
1
 10
985.5638982881583
 20
617.0
 10
950.0095076760882
 20
617.0
 10
948.9834472461112
 20
616.8190778623577
 10
948.0811448470286
 20
616.2981333293569
 10
947.411431464735
 20
615.5
 10
947.0550844170516
 20
614.5209445330008
 10
947.0550844170516
 20
613.4790554669992
 10
947.411431464735
 20
612.5
 10
948.0811448470286
 20
611.7018666706431
 10
948.9834472461112
 20
611.1809221376423
 10
950.0095076760882
 20
611.0
 10
985.5638982881583
 20
611.0
 10
986.5899587181352
 20
611.1809221376423
 10
987.4922611172178
 20
611.7018666706431
 10
988.1619744995116
 20
612.5
 10
988.5183215471949
 20
613.4790554669992
 10
988.5183215471949
 20
614.5209445330008
 10
988.1619744995116
 20
615.5
 10
987.4922611172178
 20
616.2981333293569
 10
986.5899587181352
 20
616.8190778623577
 10
985.5638982881583
 20
617.0
  0
LWPOLYLINE
  5
311
330
17
100
AcDbEntity
  8
CUT_INSIDE
100
AcDbPolyline
 90
21
 70
1
 10
988.3921062255985
 20
631.0
 10
943.2212998839128
 20
631.0
 10
942.1952394539359
 20
630.8190778623577
 10
941.2929370548532
 20
630.2981333293569
 10
940.6232236725596
 20
629.5
 10
940.2668766248762
 20
628.5209445330008
 10
940.2668766248762
 20
627.4790554669992
 10
940.6232236725596
 20
626.5
 10
941.2929370548532
 20
625.7018666706431
 10
942.1952394539359
 20
625.1809221376423
 10
943.2212998839128
 20
625.0
 10
988.3921062255985
 20
625.0
 10
989.4181666555754
 20
625.1809221376423
 10
990.3204690546581
 20
625.7018666706431
 10
990.9901824369517
 20
626.5
 10
991.3465294846351
 20
627.4790554669992
 10
991.3465294846351
 20
628.5209445330008
 10
990.9901824369517
 20
629.5
 10
990.3204690546581
 20
630.2981333293569
 10
989.4181666555754
 20
630.8190778623577
 10
988.3921062255985
 20
631.0
  0
LWPOLYLINE
  5
312
330
17
100
AcDbEntity
  8
CUT_INSIDE
100
AcDbPolyline
 90
21
 70
1
 10
1002.8246011537061
 20
547.0
 10
975.0834417274991
 20
547.0
 10
974.0573812975222
 20
546.8190778623577
 10
973.1550788984396
 20
546.2981333293569
 10
972.4853655161457
 20
545.5
 10
972.1290184684625
 20
544.5209445330008
 10
972.1290184684625
 20
543.4790554669992
 10
972.4853655161457
 20
542.5
 10
973.1550788984396
 20
541.7018666706431
 10
974.0573812975222
 20
541.1809221376423
 10
975.0834417274991
 20
541.0
 10
1002.8246011537061
 20
541.0
 10
1003.8506615836832
 20
541.1809221376423
 10
1004.7529639827658
 20
541.7018666706431
 10
1005.4226773650594
 20
542.5
 10
1005.7790244127427
 20
543.4790554669992
 10
1005.7790244127427
 20
544.5209445330008
 10
1005.4226773650594
 20
545.5
 10
1004.7529639827658
 20
546.2981333293569
 10
1003.8506615836832
 20
546.8190778623577
 10
1002.8246011537061
 20
547.0
  0
LWPOLYLINE
  5
313
330
17
100
AcDbEntity
  8
CUT_INSIDE
100
AcDbPolyline
 90
21
 70
1
 10
1022.9399471064216
 20
561.0
 10
994.777346570419
 20
561.0
 10
993.7512861404421
 20
560.8190778623577
 10
992.8489837413595
 20
560.2981333293569
 10
992.1792703590658
 20
559.5
 10
991.8229233113825
 20
558.5209445330008
 10
991.8229233113825
 20
557.4790554669992
 10
992.1792703590658
 20
556.5
 10
992.8489837413595
 20
555.7018666706431
 10
993.7512861404421
 20
555.1809221376423
 10
994.777346570419
 20
555.0
 10
1022.9399471064216
 20
555.0
 10
1023.9660075363987
 20
555.1809221376423
 10
1024.8683099354812
 20
555.7018666706431
 10
1025.538023317775
 20
556.5
 10
1025.8943703654584
 20
557.4790554669992
 10
1025.8943703654584
 20
558.5209445330008
 10
1025.538023317775
 20
559.5
 10
1024.8683099354812
 20
560.2981333293569
 10
1023.9660075363987
 20
560.8190778623577
 10
1022.9399471064216
 20
561.0
  0
LWPOLYLINE
  5
314
330
17
100
AcDbEntity
  8
CUT_INSIDE
100
AcDbPolyline
 90
21
 70
1
 10
1044.0
 20
589.0
 10
974.0668191564835
 20
589.0
 10
973.0407587265065
 20
588.8190778623577
 10
972.1384563274239
 20
588.2981333293569
 10
971.4687429451301
 20
587.5
 10
971.1123958974468
 20
586.5209445330008
 10
971.1123958974468
 20
585.4790554669992
 10
971.4687429451301
 20
584.5
 10
972.1384563274239
 20
583.7018666706431
 10
973.0407587265065
 20
583.1809221376423
 10
974.0668191564835
 20
583.0
 10
1044.0
 20
583.0
 10
1045.026060429977
 20
583.1809221376423
 10
1045.9283628290596
 20
583.7018666706431
 10
1046.5980762113534
 20
584.5
 10
1046.9544232590365
 20
585.4790554669992
 10
1046.9544232590365
 20
586.5209445330008
 10
1046.5980762113534
 20
587.5
 10
1045.9283628290596
 20
588.2981333293569
 10
1045.026060429977
 20
588.8190778623577
 10
1044.0
 20
589.0
  0
LWPOLYLINE
  5
315
330
17
100
AcDbEntity
  8
CUT_INSIDE
100
AcDbPolyline
 90
21
 70
1
 10
1044.0
 20
617.0
 10
1012.7964709092166
 20
617.0
 10
1011.7704104792397
 20
616.8190778623577
 10
1010.8681080801571
 20
616.2981333293569
 10
1010.1983946978634
 20
615.5
 10
1009.84204765018
 20
614.5209445330008
 10
1009.84204765018
 20
613.4790554669992
 10
1010.1983946978634
 20
612.5
 10
1010.8681080801571
 20
611.7018666706431
 10
1011.7704104792397
 20
611.1809221376423
 10
1012.7964709092166
 20
611.0
 10
1044.0
 20
611.0
 10
1045.026060429977
 20
611.1809221376423
 10
1045.9283628290596
 20
611.7018666706431
 10
1046.5980762113531
 20
612.5
 10
1046.9544232590365
 20
613.4790554669992
 10
1046.9544232590365
 20
614.5209445330008
 10
1046.5980762113531
 20
615.5
 10
1045.9283628290596
 20
616.2981333293569
 10
1045.026060429977
 20
616.8190778623577
 10
1044.0
 20
617.0
  0
LWPOLYLINE
  5
316
330
17
100
AcDbEntity
  8
CUT_INSIDE
100
AcDbPolyline
 90
21
 70
1
 10
1044.0
 20
631.0
 10
1024.9132395930683
 20
631.0
 10
1023.8871791630911
 20
630.8190778623577
 10
1022.9848767640085
 20
630.2981333293569
 10
1022.3151633817149
 20
629.5
 10
1021.9588163340316
 20
628.5209445330008
 10
1021.9588163340316
 20
627.4790554669992
 10
1022.3151633817149
 20
626.5
 10
1022.9848767640085
 20
625.7018666706431
 10
1023.8871791630911
 20
625.1809221376423
 10
1024.9132395930683
 20
625.0
 10
1044.0
 20
625.0
 10
1045.026060429977
 20
625.1809221376423
 10
1045.9283628290596
 20
625.7018666706431
 10
1046.5980762113534
 20
626.5
 10
1046.9544232590365
 20
627.4790554669992
 10
1046.9544232590365
 20
628.5209445330008
 10
1046.5980762113534
 20
629.5
 10
1045.9283628290596
 20
630.2981333293569
 10
1045.026060429977
 20
630.8190778623577
 10
1044.0
 20
631.0
  0
LWPOLYLINE
  5
317
330
17
100
AcDbEntity
  8
CUT_INSIDE
100
AcDbPolyline
 90
21
 70
1
 10
858.35961955119
 20
659.0
 10
769.1905927940538
 20
659.0
 10
768.1645323640768
 20
658.8190778623577
 10
767.2622299649942
 20
658.2981333293569
 10
766.5925165827005
 20
657.5
 10
766.2361695350171
 20
656.5209445330008
 10
766.2361695350171
 20
655.4790554669992
 10
766.5925165827005
 20
654.5
 10
767.2622299649942
 20
653.7018666706431
 10
768.1645323640768
 20
653.1809221376423
 10
769.1905927940538
 20
653.0
 10
858.35961955119
 20
653.0
 10
859.385679981167
 20
653.1809221376423
 10
860.2879823802496
 20
653.7018666706431
 10
860.9576957625433
 20
654.5
 10
861.3140428102265
 20
655.4790554669992
 10
861.3140428102265
 20
656.5209445330008
 10
860.9576957625433
 20
657.5
 10
860.2879823802496
 20
658.2981333293569
 10
859.385679981167
 20
658.8190778623577
 10
858.35961955119
 20
659.0
  0
LWPOLYLINE
  5
318
330
17
100
AcDbEntity
  8
CUT_INSIDE
100
AcDbPolyline
 90
21
 70
1
 10
850.5738344507217
 20
715.0
 10
816.5914534396056
 20
715.0
 10
815.5653930096287
 20
714.8190778623577
 10
814.663090610546
 20
714.2981333293569
 10
813.9933772282523
 20
713.5
 10
813.6370301805689
 20
712.5209445330008
 10
813.6370301805689
 20
711.4790554669992
 10
813.9933772282523
 20
710.5
 10
814.663090610546
 20
709.7018666706431
 10
815.5653930096287
 20
709.1809221376423
 10
816.5914534396056
 20
709.0
 10
850.5738344507217
 20
709.0
 10
851.5998948806987
 20
709.1809221376423
 10
852.5021972797814
 20
709.7018666706431
 10
853.1719106620751
 20
710.5
 10
853.5282577097585
 20
711.4790554669992
 10
853.5282577097585
 20
712.5209445330008
 10
853.1719106620751
 20
713.5
 10
852.5021972797814
 20
714.2981333293569
 10
851.5998948806987
 20
714.8190778623577
 10
850.5738344507217
 20
715.0
  0
LWPOLYLINE
  5
319
330
17
100
AcDbEntity
  8
CUT_INSIDE
100
AcDbPolyline
 90
21
 70
1
 10
866.1381108590267
 20
687.0
 10
834.646700340977
 20
687.0
 10
833.6206399109999
 20
686.8190778623577
 10
832.7183375119173
 20
686.2981333293569
 10
832.0486241296237
 20
685.5
 10
831.6922770819403
 20
684.5209445330008
 10
831.6922770819403
 20
683.4790554669992
 10
832.0486241296237
 20
682.5
 10
832.7183375119173
 20
681.7018666706431
 10
833.6206399109999
 20
681.1809221376423
 10
834.646700340977
 20
681.0
 10
866.1381108590267
 20
681.0
 10
867.1641712890037
 20
681.1809221376423
 10
868.0664736880863
 20
681.7018666706431
 10
868.7361870703801
 20
682.5
 10
869.0925341180633
 20
683.4790554669992
 10
869.0925341180633
 20
684.5209445330008
 10
868.7361870703801
 20
685.5
 10
868.0664736880863
 20
686.2981333293569
 10
867.1641712890037
 20
686.8190778623577
 10
866.1381108590267
 20
687.0
  0
LWPOLYLINE
  5
31A
330
17
100
AcDbEntity
  8
CUT_INSIDE
100
AcDbPolyline
 90
21
 70
1
 10
887.9167305196154
 20
645.0
 10
851.2651094303243
 20
645.0
 10
850.2390490003472
 20
644.8190778623577
 10
849.3367466012646
 20
644.2981333293569
 10
848.667033218971
 20
643.5
 10
848.3106861712877
 20
642.5209445330008
 10
848.3106861712877
 20
641.4790554669992
 10
848.667033218971
 20
640.5
 10
849.3367466012646
 20
639.7018666706431
 10
850.2390490003472
 20
639.1809221376423
 10
851.2651094303243
 20
639.0
 10
887.9167305196154
 20
639.0
 10
888.9427909495923
 20
639.1809221376423
 10
889.845093348675
 20
639.7018666706431
 10
890.5148067309688
 20
640.5
 10
890.8711537786521
 20
641.4790554669992
 10
890.8711537786521
 20
642.5209445330008
 10
890.5148067309688
 20
643.5
 10
889.845093348675
 20
644.2981333293569
 10
888.9427909495923
 20
644.8190778623577
 10
887.9167305196154
 20
645.0
  0
LWPOLYLINE
  5
31B
330
17
100
AcDbEntity
  8
CUT_INSIDE
100
AcDbPolyline
 90
21
 70
1
 10
900.943078079755
 20
673.0
 10
855.9989395216754
 20
673.0
 10
854.9728790916984
 20
672.8190778623577
 10
854.0705766926158
 20
672.2981333293569
 10
853.4008633103222
 20
671.5
 10
853.0445162626388
 20
670.5209445330008
 10
853.0445162626388
 20
669.4790554669992
 10
853.4008633103222
 20
668.5
 10
854.0705766926158
 20
667.7018666706431
 10
854.9728790916984
 20
667.1809221376423
 10
855.9989395216754
 20
667.0
 10
900.943078079755
 20
667.0
 10
901.9691385097319
 20
667.1809221376423
 10
902.8714409088146
 20
667.7018666706431
 10
903.5411542911083
 20
668.5
 10
903.8975013387917
 20
669.4790554669992
 10
903.8975013387917
 20
670.5209445330008
 10
903.5411542911083
 20
671.5
 10
902.8714409088146
 20
672.2981333293569
 10
901.9691385097319
 20
672.8190778623577
 10
900.943078079755
 20
673.0
  0
LWPOLYLINE
  5
31C
330
17
100
AcDbEntity
  8
CUT_INSIDE
100
AcDbPolyline
 90
21
 70
1
 10
907.3928947071205
 20
659.0
 10
887.9628998193843
 20
659.0
 10
886.9368393894074
 20
658.8190778623577
 10
886.0345369903248
 20
658.2981333293569
 10
885.364823608031
 20
657.5
 10
885.0084765603477
 20
656.5209445330008
 10
885.0084765603477
 20
655.4790554669992
 10
885.364823608031
 20
654.5
 10
886.0345369903248
 20
653.7018666706431
 10
886.9368393894074
 20
653.1809221376423
 10
887.9628998193843
 20
653.0
 10
907.3928947071205
 20
653.0
 10
908.4189551370976
 20
653.1809221376423
 10
909.3212575361802
 20
653.7018666706431
 10
909.9909709184737
 20
654.5
 10
910.3473179661571
 20
655.4790554669992
 10
910.3473179661571
 20
656.5209445330008
 10
909.9909709184737
 20
657.5
 10
909.3212575361802
 20
658.2981333293569
 10
908.4189551370976
 20
658.8190778623577
 10
907.3928947071205
 20
659.0
  0
LWPOLYLINE
  5
31D
330
17
100
AcDbEntity
  8
CUT_INSIDE
100
AcDbPolyline
 90
21
 70
1
 10
900.0807575191773
 20
701.0
 10
865.6084840324933
 20
701.0
 10
864.5824236025162
 20
700.8190778623577
 10
863.6801212034336
 20
700.2981333293569
 10
863.01040782114
 20
699.5
 10
862.6540607734566
 20
698.5209445330008
 10
862.6540607734566
 20
697.4790554669992
 10
863.01040782114
 20
696.5
 10
863.6801212034336
 20
695.7018666706431
 10
864.5824236025162
 20
695.1809221376423
 10
865.6084840324933
 20
695.0
 10
900.0807575191773
 20
695.0
 10
901.1068179491542
 20
695.1809221376423
 10
902.0091203482368
 20
695.7018666706431
 10
902.6788337305306
 20
696.5
 10
903.0351807782139
 20
697.4790554669992
 10
903.0351807782139
 20
698.5209445330008
 10
902.6788337305306
 20
699.5
 10
902.0091203482368
 20
700.2981333293569
 10
901.1068179491542
 20
700.8190778623577
 10
900.0807575191773
 20
701.0
  0
LWPOLYLINE
  5
31E
330
17
100
AcDbEntity
  8
CUT_INSIDE
100
AcDbPolyline
 90
21
 70
1
 10
897.0965250661645
 20
729.0
 10
850.7203061314605
 20
729.0
 10
849.6942457014834
 20
728.8190778623577
 10
848.7919433024008
 20
728.2981333293569
 10
848.1222299201072
 20
727.5
 10
847.7658828724238
 20
726.5209445330008
 10
847.7658828724238
 20
725.4790554669992
 10
848.1222299201072
 20
724.5
 10
848.7919433024008
 20
723.7018666706431
 10
849.6942457014834
 20
723.1809221376423
 10
850.7203061314605
 20
723.0
 10
897.0965250661645
 20
723.0
 10
898.1225854961415
 20
723.1809221376423
 10
899.0248878952241
 20
723.7018666706431
 10
899.6946012775179
 20
724.5
 10
900.0509483252011
 20
725.4790554669992
 10
900.0509483252011
 20
726.5209445330008
 10
899.6946012775179
 20
727.5
 10
899.0248878952241
 20
728.2981333293569
 10
898.1225854961415
 20
728.8190778623577
 10
897.0965250661645
 20
729.0
  0
LWPOLYLINE
  5
31F
330
17
100
AcDbEntity
  8
CUT_INSIDE
100
AcDbPolyline
 90
21
 70
1
 10
930.1358504414602
 20
687.0
 10
884.0338602794419
 20
687.0
 10
883.0077998494648
 20
686.8190778623577
 10
882.1054974503822
 20
686.2981333293569
 10
881.4357840680887
 20
685.5
 10
881.0794370204053
 20
684.5209445330008
 10
881.0794370204053
 20
683.4790554669992
 10
881.4357840680887
 20
682.5
 10
882.1054974503822
 20
681.7018666706431
 10
883.0077998494648
 20
681.1809221376423
 10
884.0338602794419
 20
681.0
 10
930.1358504414602
 20
681.0
 10
931.1619108714372
 20
681.1809221376423
 10
932.0642132705198
 20
681.7018666706431
 10
932.7339266528136
 20
682.5
 10
933.0902737004968
 20
683.4790554669992
 10
933.0902737004968
 20
684.5209445330008
 10
932.7339266528136
 20
685.5
 10
932.0642132705198
 20
686.2981333293569
 10
931.1619108714372
 20
686.8190778623577
 10
930.1358504414602
 20
687.0
  0
LWPOLYLINE
  5
320
330
17
100
AcDbEntity
  8
CUT_INSIDE
100
AcDbPolyline
 90
21
 70
1
 10
918.5212011240138
 20
715.0
 10
878.7089397912745
 20
715.0
 10
877.6828793612974
 20
714.8190778623577
 10
876.7805769622148
 20
714.2981333293569
 10
876.1108635799211
 20
713.5
 10
875.7545165322379
 20
712.5209445330008
 10
875.7545165322379
 20
711.4790554669992
 10
876.1108635799211
 20
710.5
 10
876.7805769622148
 20
709.7018666706431
 10
877.6828793612974
 20
709.1809221376423
 10
878.7089397912745
 20
709.0
 10
918.5212011240138
 20
709.0
 10
919.5472615539909
 20
709.1809221376423
 10
920.4495639530735
 20
709.7018666706431
 10
921.1192773353672
 20
710.5
 10
921.4756243830504
 20
711.4790554669992
 10
921.4756243830504
 20
712.5209445330008
 10
921.1192773353672
 20
713.5
 10
920.4495639530735
 20
714.2981333293569
 10
919.5472615539909
 20
714.8190778623577
 10
918.5212011240138
 20
715.0
  0
LWPOLYLINE
  5
321
330
17
100
AcDbEntity
  8
CUT_INSIDE
100
AcDbPolyline
 90
21
 70
1
 10
935.1607079693317
 20
729.0
 10
917.4174170410406
 20
729.0
 10
916.3913566110637
 20
728.8190778623577
 10
915.489054211981
 20
728.2981333293569
 10
914.8193408296873
 20
727.5
 10
914.4629937820041
 20
726.5209445330008
 10
914.4629937820041
 20
725.4790554669992
 10
914.8193408296873
 20
724.5
 10
915.489054211981
 20
723.7018666706431
 10
916.3913566110637
 20
723.1809221376423
 10
917.4174170410406
 20
723.0
 10
935.1607079693317
 20
723.0
 10
936.1867683993087
 20
723.1809221376423
 10
937.0890707983913
 20
723.7018666706431
 10
937.758784180685
 20
724.5
 10
938.1151312283682
 20
725.4790554669992
 10
938.1151312283682
 20
726.5209445330008
 10
937.758784180685
 20
727.5
 10
937.0890707983913
 20
728.2981333293569
 10
936.1867683993087
 20
728.8190778623577
 10
935.1607079693317
 20
729.0
  0
LWPOLYLINE
  5
322
330
17
100
AcDbEntity
  8
CUT_INSIDE
100
AcDbPolyline
 90
21
 70
1
 10
873.682084221118
 20
743.0
 10
777.2668605925779
 20
743.0
 10
776.2408001626009
 20
742.8190778623577
 10
775.3384977635183
 20
742.2981333293569
 10
774.6687843812246
 20
741.5
 10
774.3124373335413
 20
740.5209445330008
 10
774.3124373335413
 20
739.4790554669992
 10
774.6687843812246
 20
738.5
 10
775.3384977635183
 20
737.7018666706431
 10
776.2408001626009
 20
737.1809221376423
 10
777.2668605925779
 20
737.0
 10
873.682084221118
 20
737.0
 10
874.708144651095
 20
737.1809221376423
 10
875.6104470501776
 20
737.7018666706431
 10
876.2801604324713
 20
738.5
 10
876.6365074801547
 20
739.4790554669992
 10
876.6365074801547
 20
740.5209445330008
 10
876.2801604324713
 20
741.5
 10
875.6104470501776
 20
742.2981333293569
 10
874.708144651095
 20
742.8190778623577
 10
873.682084221118
 20
743.0
  0
LWPOLYLINE
  5
323
330
17
100
AcDbEntity
  8
CUT_INSIDE
100
AcDbPolyline
 90
21
 70
1
 10
861.4226316636436
 20
757.0
 10
835.0498811517152
 20
757.0
 10
834.0238207217383
 20
756.8190778623577
 10
833.1215183226557
 20
756.2981333293569
 10
832.4518049403619
 20
755.5
 10
832.0954578926786
 20
754.5209445330008
 10
832.0954578926786
 20
753.4790554669992
 10
832.4518049403619
 20
752.5
 10
833.1215183226557
 20
751.7018666706431
 10
834.0238207217383
 20
751.1809221376423
 10
835.0498811517152
 20
751.0
 10
861.4226316636436
 20
751.0
 10
862.4486920936206
 20
751.1809221376423
 10
863.3509944927032
 20
751.7018666706431
 10
864.020707874997
 20
752.5
 10
864.3770549226803
 20
753.4790554669992
 10
864.3770549226803
 20
754.5209445330008
 10
864.020707874997
 20
755.5
 10
863.3509944927032
 20
756.2981333293569
 10
862.4486920936206
 20
756.8190778623577
 10
861.4226316636436
 20
757.0
  0
LWPOLYLINE
  5
324
330
17
100
AcDbEntity
  8
CUT_INSIDE
100
AcDbPolyline
 90
21
 70
1
 10
867.7719720500049
 20
771.0
 10
831.2170471674135
 20
771.0
 10
830.1909867374366
 20
770.8190778623577
 10
829.288684338354
 20
770.2981333293569
 10
828.6189709560603
 20
769.5
 10
828.262623908377
 20
768.5209445330008
 10
828.262623908377
 20
767.4790554669992
 10
828.6189709560603
 20
766.5
 10
829.288684338354
 20
765.7018666706431
 10
830.1909867374366
 20
765.1809221376423
 10
831.2170471674135
 20
765.0
 10
867.7719720500049
 20
765.0
 10
868.7980324799819
 20
765.1809221376423
 10
869.7003348790645
 20
765.7018666706431
 10
870.3700482613582
 20
766.5
 10
870.7263953090414
 20
767.4790554669992
 10
870.7263953090414
 20
768.5209445330008
 10
870.3700482613582
 20
769.5
 10
869.7003348790645
 20
770.2981333293569
 10
868.7980324799819
 20
770.8190778623577
 10
867.7719720500049
 20
771.0
  0
LWPOLYLINE
  5
325
330
17
100
AcDbEntity
  8
CUT_INSIDE
100
AcDbPolyline
 90
21
 70
1
 10
830.4284813386369
 20
799.0
 10
812.5177316072909
 20
799.0
 10
811.4916711773138
 20
798.8190778623577
 10
810.5893687782312
 20
798.2981333293569
 10
809.9196553959375
 20
797.5
 10
809.5633083482542
 20
796.5209445330008
 10
809.5633083482542
 20
795.4790554669992
 10
809.9196553959375
 20
794.5
 10
810.5893687782312
 20
793.7018666706431
 10
811.4916711773138
 20
793.1809221376423
 10
812.5177316072909
 20
793.0
 10
830.4284813386369
 20
793.0
 10
831.4545417686139
 20
793.1809221376423
 10
832.3568441676965
 20
793.7018666706431
 10
833.0265575499902
 20
794.5
 10
833.3829045976736
 20
795.4790554669992
 10
833.3829045976736
 20
796.5209445330008
 10
833.0265575499902
 20
797.5
 10
832.3568441676965
 20
798.2981333293569
 10
831.4545417686139
 20
798.8190778623577
 10
830.4284813386369
 20
799.0
  0
LWPOLYLINE
  5
326
330
17
100
AcDbEntity
  8
CUT_INSIDE
100
AcDbPolyline
 90
21
 70
1
 10
854.459015909345
 20
813.0
 10
810.3139010933278
 20
813.0
 10
809.2878406633508
 20
812.8190778623577
 10
808.3855382642682
 20
812.2981333293569
 10
807.7158248819745
 20
811.5
 10
807.3594778342913
 20
810.5209445330008
 10
807.3594778342913
 20
809.4790554669992
 10
807.7158248819745
 20
808.5
 10
808.3855382642682
 20
807.7018666706431
 10
809.2878406633508
 20
807.1809221376423
 10
810.3139010933278
 20
807.0
 10
854.459015909345
 20
807.0
 10
855.485076339322
 20
807.1809221376423
 10
856.3873787384045
 20
807.7018666706431
 10
857.0570921206983
 20
808.5
 10
857.4134391683815
 20
809.4790554669992
 10
857.4134391683815
 20
810.5209445330008
 10
857.0570921206983
 20
811.5
 10
856.3873787384045
 20
812.2981333293569
 10
855.485076339322
 20
812.8190778623577
 10
854.459015909345
 20
813.0
  0
LWPOLYLINE
  5
327
330
17
100
AcDbEntity
  8
CUT_INSIDE
100
AcDbPolyline
 90
21
 70
1
 10
871.9064027057143
 20
785.0
 10
843.2803608566403
 20
785.0
 10
842.2543004266633
 20
784.8190778623577
 10
841.3519980275807
 20
784.2981333293569
 10
840.6822846452869
 20
783.5
 10
840.3259375976037
 20
782.5209445330008
 10
840.3259375976037
 20
781.4790554669992
 10
840.6822846452869
 20
780.5
 10
841.3519980275807
 20
779.7018666706431
 10
842.2543004266633
 20
779.1809221376423
 10
843.2803608566403
 20
779.0
 10
871.9064027057143
 20
779.0
 10
872.9324631356913
 20
779.1809221376423
 10
873.8347655347739
 20
779.7018666706431
 10
874.5044789170677
 20
780.5
 10
874.8608259647509
 20
781.4790554669992
 10
874.8608259647509
 20
782.5209445330008
 10
874.5044789170677
 20
783.5
 10
873.8347655347739
 20
784.2981333293569
 10
872.9324631356913
 20
784.8190778623577
 10
871.9064027057143
 20
785.0
  0
LWPOLYLINE
  5
328
330
17
100
AcDbEntity
  8
CUT_INSIDE
100
AcDbPolyline
 90
21
 70
1
 10
875.8845298048076
 20
799.0
 10
855.8838204022665
 20
799.0
 10
854.8577599722894
 20
798.8190778623577
 10
853.9554575732068
 20
798.2981333293569
 10
853.2857441909132
 20
797.5
 10
852.9293971432298
 20
796.5209445330008
 10
852.9293971432298
 20
795.4790554669992
 10
853.2857441909132
 20
794.5
 10
853.9554575732068
 20
793.7018666706431
 10
854.8577599722894
 20
793.1809221376423
 10
855.8838204022665
 20
793.0
 10
875.8845298048076
 20
793.0
 10
876.9105902347846
 20
793.1809221376423
 10
877.8128926338672
 20
793.7018666706431
 10
878.4826060161608
 20
794.5
 10
878.8389530638442
 20
795.4790554669992
 10
878.8389530638442
 20
796.5209445330008
 10
878.4826060161608
 20
797.5
 10
877.8128926338672
 20
798.2981333293569
 10
876.9105902347846
 20
798.8190778623577
 10
875.8845298048076
 20
799.0
  0
LWPOLYLINE
  5
329
330
17
100
AcDbEntity
  8
CUT_INSIDE
100
AcDbPolyline
 90
21
 70
1
 10
886.89712254961
 20
827.0
 10
805.7070822308949
 20
827.0
 10
804.6810218009178
 20
826.8190778623577
 10
803.7787194018352
 20
826.2981333293569
 10
803.1090060195415
 20
825.5
 10
802.7526589718582
 20
824.5209445330008
 10
802.7526589718582
 20
823.4790554669992
 10
803.1090060195415
 20
822.5
 10
803.7787194018352
 20
821.7018666706431
 10
804.6810218009178
 20
821.1809221376423
 10
805.7070822308949
 20
821.0
 10
886.89712254961
 20
821.0
 10
887.9231829795871
 20
821.1809221376423
 10
888.8254853786697
 20
821.7018666706431
 10
889.4951987609634
 20
822.5
 10
889.8515458086467
 20
823.4790554669992
 10
889.8515458086467
 20
824.5209445330008
 10
889.4951987609634
 20
825.5
 10
888.8254853786697
 20
826.2981333293569
 10
887.9231829795871
 20
826.8190778623577
 10
886.89712254961
 20
827.0
  0
LWPOLYLINE
  5
32A
330
17
100
AcDbEntity
  8
CUT_INSIDE
100
AcDbPolyline
 90
21
 70
1
 10
906.9674192574203
 20
757.0
 10
887.6091672489695
 20
757.0
 10
886.5831068189925
 20
756.8190778623577
 10
885.6808044199099
 20
756.2981333293569
 10
885.0110910376162
 20
755.5
 10
884.654743989933
 20
754.5209445330008
 10
884.654743989933
 20
753.4790554669992
 10
885.0110910376162
 20
752.5
 10
885.6808044199099
 20
751.7018666706431
 10
886.5831068189925
 20
751.1809221376423
 10
887.6091672489695
 20
751.0
 10
906.9674192574203
 20
751.0
 10
907.9934796873972
 20
751.1809221376423
 10
908.8957820864798
 20
751.7018666706431
 10
909.5654954687735
 20
752.5
 10
909.9218425164568
 20
753.4790554669992
 10
909.9218425164568
 20
754.5209445330008
 10
909.5654954687735
 20
755.5
 10
908.8957820864798
 20
756.2981333293569
 10
907.9934796873972
 20
756.8190778623577
 10
906.9674192574203
 20
757.0
  0
LWPOLYLINE
  5
32B
330
17
100
AcDbEntity
  8
CUT_INSIDE
100
AcDbPolyline
 90
21
 70
1
 10
915.361884543649
 20
743.0
 10
893.8004814055248
 20
743.0
 10
892.7744209755479
 20
742.8190778623577
 10
891.8721185764653
 20
742.2981333293569
 10
891.2024051941715
 20
741.5
 10
890.8460581464883
 20
740.5209445330008
 10
890.8460581464883
 20
739.4790554669992
 10
891.2024051941715
 20
738.5
 10
891.8721185764653
 20
737.7018666706431
 10
892.7744209755479
 20
737.1809221376423
 10
893.8004814055248
 20
737.0
 10
915.361884543649
 20
737.0
 10
916.3879449736261
 20
737.1809221376423
 10
917.2902473727087
 20
737.7018666706431
 10
917.9599607550024
 20
738.5
 10
918.3163078026857
 20
739.4790554669992
 10
918.3163078026857
 20
740.5209445330008
 10
917.9599607550024
 20
741.5
 10
917.2902473727087
 20
742.2981333293569
 10
916.3879449736261
 20
742.8190778623577
 10
915.361884543649
 20
743.0
  0
LWPOLYLINE
  5
32C
330
17
100
AcDbEntity
  8
CUT_INSIDE
100
AcDbPolyline
 90
21
 70
1
 10
934.7189446467094
 20
771.0
 10
905.0449285126169
 20
771.0
 10
904.01886808264
 20
770.8190778623577
 10
903.1165656835573
 20
770.2981333293569
 10
902.4468523012636
 20
769.5
 10
902.0905052535802
 20
768.5209445330008
 10
902.0905052535802
 20
767.4790554669992
 10
902.4468523012636
 20
766.5
 10
903.1165656835573
 20
765.7018666706431
 10
904.01886808264
 20
765.1809221376423
 10
905.0449285126169
 20
765.0
 10
934.7189446467094
 20
765.0
 10
935.7450050766863
 20
765.1809221376423
 10
936.647307475769
 20
765.7018666706431
 10
937.3170208580627
 20
766.5
 10
937.6733679057461
 20
767.4790554669992
 10
937.6733679057461
 20
768.5209445330008
 10
937.3170208580627
 20
769.5
 10
936.647307475769
 20
770.2981333293569
 10
935.7450050766863
 20
770.8190778623577
 10
934.7189446467094
 20
771.0
  0
LWPOLYLINE
  5
32D
330
17
100
AcDbEntity
  8
CUT_INSIDE
100
AcDbPolyline
 90
21
 70
1
 10
928.3356347784082
 20
785.0
 10
894.4948630237377
 20
785.0
 10
893.4688025937608
 20
784.8190778623577
 10
892.5665001946782
 20
784.2981333293569
 10
891.8967868123843
 20
783.5
 10
891.5404397647011
 20
782.5209445330008
 10
891.5404397647011
 20
781.4790554669992
 10
891.8967868123843
 20
780.5
 10
892.5665001946782
 20
779.7018666706431
 10
893.4688025937608
 20
779.1809221376423
 10
894.4948630237377
 20
779.0
 10
928.3356347784082
 20
779.0
 10
929.3616952083853
 20
779.1809221376423
 10
930.2639976074679
 20
779.7018666706431
 10
930.9337109897615
 20
780.5
 10
931.2900580374449
 20
781.4790554669992
 10
931.2900580374449
 20
782.5209445330008
 10
930.9337109897615
 20
783.5
 10
930.2639976074679
 20
784.2981333293569
 10
929.3616952083853
 20
784.8190778623577
 10
928.3356347784082
 20
785.0
  0
LWPOLYLINE
  5
32E
330
17
100
AcDbEntity
  8
CUT_INSIDE
100
AcDbPolyline
 90
21
 70
1
 10
912.6111353422683
 20
799.0
 10
895.5053892216318
 20
799.0
 10
894.4793287916549
 20
798.8190778623577
 10
893.5770263925722
 20
798.2981333293569
 10
892.9073130102786
 20
797.5
 10
892.5509659625952
 20
796.5209445330008
 10
892.5509659625952
 20
795.4790554669992
 10
892.9073130102786
 20
794.5
 10
893.5770263925722
 20
793.7018666706431
 10
894.4793287916549
 20
793.1809221376423
 10
895.5053892216318
 20
793.0
 10
912.6111353422683
 20
793.0
 10
913.6371957722453
 20
793.1809221376423
 10
914.539498171328
 20
793.7018666706431
 10
915.2092115536216
 20
794.5
 10
915.5655586013049
 20
795.4790554669992
 10
915.5655586013049
 20
796.5209445330008
 10
915.2092115536216
 20
797.5
 10
914.539498171328
 20
798.2981333293569
 10
913.6371957722453
 20
798.8190778623577
 10
912.6111353422683
 20
799.0
  0
LWPOLYLINE
  5
32F
330
17
100
AcDbEntity
  8
CUT_INSIDE
100
AcDbPolyline
 90
21
 70
1
 10
933.2065231548972
 20
813.0
 10
893.8734463624758
 20
813.0
 10
892.8473859324987
 20
812.8190778623577
 10
891.9450835334161
 20
812.2981333293569
 10
891.2753701511224
 20
811.5
 10
890.919023103439
 20
810.5209445330008
 10
890.919023103439
 20
809.4790554669992
 10
891.2753701511224
 20
808.5
 10
891.9450835334161
 20
807.7018666706431
 10
892.8473859324987
 20
807.1809221376423
 10
893.8734463624758
 20
807.0
 10
933.2065231548972
 20
807.0
 10
934.2325835848742
 20
807.1809221376423
 10
935.1348859839568
 20
807.7018666706431
 10
935.8045993662505
 20
808.5
 10
936.1609464139337
 20
809.4790554669992
 10
936.1609464139337
 20
810.5209445330008
 10
935.8045993662505
 20
811.5
 10
935.1348859839568
 20
812.2981333293569
 10
934.2325835848742
 20
812.8190778623577
 10
933.2065231548972
 20
813.0
  0
LWPOLYLINE
  5
330
330
17
100
AcDbEntity
  8
CUT_INSIDE
100
AcDbPolyline
 90
21
 70
1
 10
965.393857830355
 20
645.0
 10
905.5919256612306
 20
645.0
 10
904.5658652312536
 20
644.8190778623577
 10
903.663562832171
 20
644.2981333293569
 10
902.9938494498772
 20
643.5
 10
902.637502402194
 20
642.5209445330008
 10
902.637502402194
 20
641.4790554669992
 10
902.9938494498772
 20
640.5
 10
903.663562832171
 20
639.7018666706431
 10
904.5658652312536
 20
639.1809221376423
 10
905.5919256612306
 20
639.0
 10
965.393857830355
 20
639.0
 10
966.419918260332
 20
639.1809221376423
 10
967.3222206594146
 20
639.7018666706431
 10
967.9919340417084
 20
640.5
 10
968.3482810893917
 20
641.4790554669992
 10
968.3482810893917
 20
642.5209445330008
 10
967.9919340417084
 20
643.5
 10
967.3222206594146
 20
644.2981333293569
 10
966.419918260332
 20
644.8190778623577
 10
965.393857830355
 20
645.0
  0
LWPOLYLINE
  5
331
330
17
100
AcDbEntity
  8
CUT_INSIDE
100
AcDbPolyline
 90
21
 70
1
 10
961.8902139723626
 20
673.0
 10
939.0866546467829
 20
673.0
 10
938.0605942168058
 20
672.8190778623577
 10
937.1582918177232
 20
672.2981333293569
 10
936.4885784354296
 20
671.5
 10
936.1322313877463
 20
670.5209445330008
 10
936.1322313877463
 20
669.4790554669992
 10
936.4885784354296
 20
668.5
 10
937.1582918177232
 20
667.7018666706431
 10
938.0605942168058
 20
667.1809221376423
 10
939.0866546467829
 20
667.0
 10
961.8902139723626
 20
667.0
 10
962.9162744023397
 20
667.1809221376423
 10
963.8185768014223
 20
667.7018666706431
 10
964.4882901837159
 20
668.5
 10
964.8446372313992
 20
669.4790554669992
 10
964.8446372313992
 20
670.5209445330008
 10
964.4882901837159
 20
671.5
 10
963.8185768014223
 20
672.2981333293569
 10
962.9162744023397
 20
672.8190778623577
 10
961.8902139723626
 20
673.0
  0
LWPOLYLINE
  5
332
330
17
100
AcDbEntity
  8
CUT_INSIDE
100
AcDbPolyline
 90
21
 70
1
 10
1011.0932902581158
 20
659.0
 10
942.4094730470472
 20
659.0
 10
941.3834126170701
 20
658.8190778623577
 10
940.4811102179875
 20
658.2981333293569
 10
939.8113968356938
 20
657.5
 10
939.4550497880105
 20
656.5209445330008
 10
939.4550497880105
 20
655.4790554669992
 10
939.8113968356938
 20
654.5
 10
940.4811102179875
 20
653.7018666706431
 10
941.3834126170701
 20
653.1809221376423
 10
942.4094730470472
 20
653.0
 10
1011.0932902581158
 20
653.0
 10
1012.1193506880928
 20
653.1809221376423
 10
1013.0216530871754
 20
653.7018666706431
 10
1013.6913664694691
 20
654.5
 10
1014.0477135171525
 20
655.4790554669992
 10
1014.0477135171525
 20
656.5209445330008
 10
1013.6913664694691
 20
657.5
 10
1013.0216530871754
 20
658.2981333293569
 10
1012.1193506880928
 20
658.8190778623577
 10
1011.0932902581158
 20
659.0
  0
LWPOLYLINE
  5
333
330
17
100
AcDbEntity
  8
CUT_INSIDE
100
AcDbPolyline
 90
21
 70
1
 10
943.0709398508579
 20
701.0
 10
917.1689586856243
 20
701.0
 10
916.1428982556472
 20
700.8190778623577
 10
915.2405958565646
 20
700.2981333293569
 10
914.570882474271
 20
699.5
 10
914.2145354265876
 20
698.5209445330008
 10
914.2145354265876
 20
697.4790554669992
 10
914.570882474271
 20
696.5
 10
915.2405958565646
 20
695.7018666706431
 10
916.1428982556472
 20
695.1809221376423
 10
917.1689586856243
 20
695.0
 10
943.0709398508579
 20
695.0
 10
944.0970002808349
 20
695.1809221376423
 10
944.9993026799176
 20
695.7018666706431
 10
945.6690160622113
 20
696.5
 10
946.0253631098946
 20
697.4790554669992
 10
946.0253631098946
 20
698.5209445330008
 10
945.6690160622113
 20
699.5
 10
944.9993026799176
 20
700.2981333293569
 10
944.0970002808349
 20
700.8190778623577
 10
943.0709398508579
 20
701.0
  0
LWPOLYLINE
  5
334
330
17
100
AcDbEntity
  8
CUT_INSIDE
100
AcDbPolyline
 90
21
 70
1
 10
996.9282771852783
 20
687.0
 10
963.1887124939869
 20
687.0
 10
962.16265206401
 20
686.8190778623577
 10
961.2603496649273
 20
686.2981333293569
 10
960.5906362826336
 20
685.5
 10
960.2342892349503
 20
684.5209445330008
 10
960.2342892349503
 20
683.4790554669992
 10
960.5906362826336
 20
682.5
 10
961.2603496649273
 20
681.7018666706431
 10
962.16265206401
 20
681.1809221376423
 10
963.1887124939869
 20
681.0
 10
996.9282771852783
 20
681.0
 10
997.9543376152553
 20
681.1809221376423
 10
998.8566400143379
 20
681.7018666706431
 10
999.5263533966315
 20
682.5
 10
999.8827004443149
 20
683.4790554669992
 10
999.8827004443149
 20
684.5209445330008
 10
999.5263533966315
 20
685.5
 10
998.8566400143379
 20
686.2981333293569
 10
997.9543376152553
 20
686.8190778623577
 10
996.9282771852783
 20
687.0
  0
LWPOLYLINE
  5
335
330
17
100
AcDbEntity
  8
CUT_INSIDE
100
AcDbPolyline
 90
21
 70
1
 10
984.1259709409968
 20
701.0
 10
965.0926180762765
 20
701.0
 10
964.0665576462995
 20
700.8190778623577
 10
963.1642552472169
 20
700.2981333293569
 10
962.4945418649231
 20
699.5
 10
962.1381948172399
 20
698.5209445330008
 10
962.1381948172399
 20
697.4790554669992
 10
962.4945418649231
 20
696.5
 10
963.1642552472169
 20
695.7018666706431
 10
964.0665576462995
 20
695.1809221376423
 10
965.0926180762765
 20
695.0
 10
984.1259709409968
 20
695.0
 10
985.1520313709739
 20
695.1809221376423
 10
986.0543337700565
 20
695.7018666706431
 10
986.7240471523501
 20
696.5
 10
987.0803942000334
 20
697.4790554669992
 10
987.0803942000334
 20
698.5209445330008
 10
986.7240471523501
 20
699.5
 10
986.0543337700565
 20
700.2981333293569
 10
985.1520313709739
 20
700.8190778623577
 10
984.1259709409968
 20
701.0
  0
LWPOLYLINE
  5
336
330
17
100
AcDbEntity
  8
CUT_INSIDE
100
AcDbPolyline
 90
21
 70
1
 10
969.0662202032485
 20
715.0
 10
947.0137177747557
 20
715.0
 10
945.9876573447787
 20
714.8190778623577
 10
945.085354945696
 20
714.2981333293569
 10
944.4156415634025
 20
713.5
 10
944.0592945157191
 20
712.5209445330008
 10
944.0592945157191
 20
711.4790554669992
 10
944.4156415634025
 20
710.5
 10
945.085354945696
 20
709.7018666706431
 10
945.9876573447787
 20
709.1809221376423
 10
947.0137177747557
 20
709.0
 10
969.0662202032485
 20
709.0
 10
970.0922806332255
 20
709.1809221376423
 10
970.9945830323081
 20
709.7018666706431
 10
971.6642964146017
 20
710.5
 10
972.0206434622851
 20
711.4790554669992
 10
972.0206434622851
 20
712.5209445330008
 10
971.6642964146017
 20
713.5
 10
970.9945830323081
 20
714.2981333293569
 10
970.0922806332255
 20
714.8190778623577
 10
969.0662202032485
 20
715.0
  0
LWPOLYLINE
  5
337
330
17
100
AcDbEntity
  8
CUT_INSIDE
100
AcDbPolyline
 90
21
 70
1
 10
994.4374416666371
 20
729.0
 10
963.0672157843662
 20
729.0
 10
962.0411553543892
 20
728.8190778623577
 10
961.1388529553066
 20
728.2981333293569
 10
960.4691395730129
 20
727.5
 10
960.1127925253295
 20
726.5209445330008
 10
960.1127925253295
 20
725.4790554669992
 10
960.4691395730129
 20
724.5
 10
961.1388529553066
 20
723.7018666706431
 10
962.0411553543892
 20
723.1809221376423
 10
963.0672157843662
 20
723.0
 10
994.4374416666371
 20
723.0
 10
995.4635020966142
 20
723.1809221376423
 10
996.3658044956968
 20
723.7018666706431
 10
997.0355178779905
 20
724.5
 10
997.3918649256739
 20
725.4790554669992
 10
997.3918649256739
 20
726.5209445330008
 10
997.0355178779905
 20
727.5
 10
996.3658044956968
 20
728.2981333293569
 10
995.4635020966142
 20
728.8190778623577
 10
994.4374416666371
 20
729.0
  0
LWPOLYLINE
  5
338
330
17
100
AcDbEntity
  8
CUT_INSIDE
100
AcDbPolyline
 90
21
 70
1
 10
1011.2654823798933
 20
645.0
 10
993.4570860572046
 20
645.0
 10
992.4310256272277
 20
644.8190778623577
 10
991.528723228145
 20
644.2981333293569
 10
990.8590098458512
 20
643.5
 10
990.502662798168
 20
642.5209445330008
 10
990.502662798168
 20
641.4790554669992
 10
990.8590098458512
 20
640.5
 10
991.528723228145
 20
639.7018666706431
 10
992.4310256272277
 20
639.1809221376423
 10
993.4570860572046
 20
639.0
 10
1011.2654823798933
 20
639.0
 10
1012.2915428098704
 20
639.1809221376423
 10
1013.193845208953
 20
639.7018666706431
 10
1013.8635585912466
 20
640.5
 10
1014.21990563893
 20
641.4790554669992
 10
1014.21990563893
 20
642.5209445330008
 10
1013.8635585912466
 20
643.5
 10
1013.193845208953
 20
644.2981333293569
 10
1012.2915428098704
 20
644.8190778623577
 10
1011.2654823798933
 20
645.0
  0
LWPOLYLINE
  5
339
330
17
100
AcDbEntity
  8
CUT_INSIDE
100
AcDbPolyline
 90
21
 70
1
 10
1030.4428704588315
 20
673.0
 10
998.0002283858107
 20
673.0
 10
996.9741679558337
 20
672.8190778623577
 10
996.071865556751
 20
672.2981333293569
 10
995.4021521744573
 20
671.5
 10
995.045805126774
 20
670.5209445330008
 10
995.045805126774
 20
669.4790554669992
 10
995.4021521744573
 20
668.5
 10
996.071865556751
 20
667.7018666706431
 10
996.9741679558337
 20
667.1809221376423
 10
998.0002283858107
 20
667.0
 10
1030.4428704588315
 20
667.0
 10
1031.4689308888087
 20
667.1809221376423
 10
1032.3712332878913
 20
667.7018666706431
 10
1033.040946670185
 20
668.5
 10
1033.3972937178683
 20
669.4790554669992
 10
1033.3972937178683
 20
670.5209445330008
 10
1033.040946670185
 20
671.5
 10
1032.3712332878913
 20
672.2981333293569
 10
1031.4689308888087
 20
672.8190778623577
 10
1030.4428704588315
 20
673.0
  0
LWPOLYLINE
  5
33A
330
17
100
AcDbEntity
  8
CUT_INSIDE
100
AcDbPolyline
 90
21
 70
1
 10
1044.0
 20
687.0
 10
1018.5789667576296
 20
687.0
 10
1017.5529063276526
 20
686.8190778623577
 10
1016.6506039285699
 20
686.2981333293569
 10
1015.9808905462762
 20
685.5
 10
1015.6245434985929
 20
684.5209445330008
 10
1015.6245434985929
 20
683.4790554669992
 10
1015.9808905462762
 20
682.5
 10
1016.6506039285699
 20
681.7018666706431
 10
1017.5529063276526
 20
681.1809221376423
 10
1018.5789667576296
 20
681.0
 10
1044.0
 20
681.0
 10
1045.026060429977
 20
681.1809221376423
 10
1045.9283628290596
 20
681.7018666706431
 10
1046.5980762113534
 20
682.5
 10
1046.9544232590365
 20
683.4790554669992
 10
1046.9544232590365
 20
684.5209445330008
 10
1046.5980762113534
 20
685.5
 10
1045.9283628290596
 20
686.2981333293569
 10
1045.026060429977
 20
686.8190778623577
 10
1044.0
 20
687.0
  0
LWPOLYLINE
  5
33B
330
17
100
AcDbEntity
  8
CUT_INSIDE
100
AcDbPolyline
 90
21
 70
1
 10
1031.5269303251473
 20
701.0
 10
1006.9696601421754
 20
701.0
 10
1005.9435997121983
 20
700.8190778623577
 10
1005.0412973131156
 20
700.2981333293569
 10
1004.371583930822
 20
699.5
 10
1004.0152368831386
 20
698.5209445330008
 10
1004.0152368831386
 20
697.4790554669992
 10
1004.371583930822
 20
696.5
 10
1005.0412973131157
 20
695.7018666706431
 10
1005.9435997121983
 20
695.1809221376423
 10
1006.9696601421754
 20
695.0
 10
1031.5269303251473
 20
695.0
 10
1032.5529907551245
 20
695.1809221376423
 10
1033.455293154207
 20
695.7018666706431
 10
1034.1250065365007
 20
696.5
 10
1034.481353584184
 20
697.4790554669992
 10
1034.481353584184
 20
698.5209445330008
 10
1034.1250065365007
 20
699.5
 10
1033.455293154207
 20
700.2981333293569
 10
1032.5529907551245
 20
700.8190778623577
 10
1031.5269303251473
 20
701.0
  0
LWPOLYLINE
  5
33C
330
17
100
AcDbEntity
  8
CUT_INSIDE
100
AcDbPolyline
 90
21
 70
1
 10
1044.0
 20
715.0
 10
1003.7779210786321
 20
715.0
 10
1002.7518606486551
 20
714.8190778623577
 10
1001.8495582495725
 20
714.2981333293569
 10
1001.1798448672788
 20
713.5
 10
1000.8234978195954
 20
712.5209445330008
 10
1000.8234978195954
 20
711.4790554669992
 10
1001.1798448672788
 20
710.5
 10
1001.8495582495725
 20
709.7018666706431
 10
1002.7518606486551
 20
709.1809221376423
 10
1003.7779210786321
 20
709.0
 10
1044.0
 20
709.0
 10
1045.026060429977
 20
709.1809221376423
 10
1045.9283628290596
 20
709.7018666706431
 10
1046.5980762113531
 20
710.5
 10
1046.9544232590365
 20
711.4790554669992
 10
1046.9544232590365
 20
712.5209445330008
 10
1046.5980762113531
 20
713.5
 10
1045.9283628290596
 20
714.2981333293569
 10
1045.026060429977
 20
714.8190778623577
 10
1044.0
 20
715.0
  0
LWPOLYLINE
  5
33D
330
17
100
AcDbEntity
  8
CUT_INSIDE
100
AcDbPolyline
 90
21
 70
1
 10
1035.2723818627444
 20
729.0
 10
1016.7481342493647
 20
729.0
 10
1015.7220738193877
 20
728.8190778623577
 10
1014.8197714203051
 20
728.2981333293569
 10
1014.1500580380114
 20
727.5
 10
1013.793710990328
 20
726.5209445330008
 10
1013.793710990328
 20
725.4790554669992
 10
1014.1500580380114
 20
724.5
 10
1014.8197714203051
 20
723.7018666706431
 10
1015.7220738193877
 20
723.1809221376423
 10
1016.7481342493647
 20
723.0
 10
1035.2723818627444
 20
723.0
 10
1036.2984422927216
 20
723.1809221376423
 10
1037.2007446918042
 20
723.7018666706431
 10
1037.8704580740978
 20
724.5
 10
1038.2268051217811
 20
725.4790554669992
 10
1038.2268051217811
 20
726.5209445330008
 10
1037.8704580740978
 20
727.5
 10
1037.2007446918042
 20
728.2981333293569
 10
1036.2984422927216
 20
728.8190778623577
 10
1035.2723818627444
 20
729.0
  0
LWPOLYLINE
  5
33E
330
17
100
AcDbEntity
  8
CUT_INSIDE
100
AcDbPolyline
 90
21
 70
1
 10
991.3152185058661
 20
743.0
 10
947.9378913124135
 20
743.0
 10
946.9118308824364
 20
742.8190778623577
 10
946.0095284833538
 20
742.2981333293569
 10
945.3398151010601
 20
741.5
 10
944.9834680533768
 20
740.5209445330008
 10
944.9834680533768
 20
739.4790554669992
 10
945.3398151010601
 20
738.5
 10
946.0095284833538
 20
737.7018666706431
 10
946.9118308824364
 20
737.1809221376423
 10
947.9378913124135
 20
737.0
 10
991.3152185058661
 20
737.0
 10
992.3412789358431
 20
737.1809221376423
 10
993.2435813349257
 20
737.7018666706431
 10
993.9132947172194
 20
738.5
 10
994.2696417649026
 20
739.4790554669992
 10
994.2696417649026
 20
740.5209445330008
 10
993.9132947172194
 20
741.5
 10
993.2435813349257
 20
742.2981333293569
 10
992.3412789358431
 20
742.8190778623577
 10
991.3152185058661
 20
743.0
  0
LWPOLYLINE
  5
33F
330
17
100
AcDbEntity
  8
CUT_INSIDE
100
AcDbPolyline
 90
21
 70
1
 10
988.4197214370685
 20
757.0
 10
946.8743587133501
 20
757.0
 10
945.8482982833732
 20
756.8190778623577
 10
944.9459958842906
 20
756.2981333293569
 10
944.2762825019968
 20
755.5
 10
943.9199354543135
 20
754.5209445330008
 10
943.9199354543135
 20
753.4790554669992
 10
944.2762825019968
 20
752.5
 10
944.9459958842906
 20
751.7018666706431
 10
945.8482982833732
 20
751.1809221376423
 10
946.8743587133501
 20
751.0
 10
988.4197214370685
 20
751.0
 10
989.4457818670455
 20
751.1809221376423
 10
990.3480842661281
 20
751.7018666706431
 10
991.0177976484217
 20
752.5
 10
991.3741446961051
 20
753.4790554669992
 10
991.3741446961051
 20
754.5209445330008
 10
991.0177976484217
 20
755.5
 10
990.3480842661281
 20
756.2981333293569
 10
989.4457818670455
 20
756.8190778623577
 10
988.4197214370685
 20
757.0
  0
LWPOLYLINE
  5
340
330
17
100
AcDbEntity
  8
CUT_INSIDE
100
AcDbPolyline
 90
21
 70
1
 10
971.0366008903674
 20
799.0
 10
936.1058557554793
 20
799.0
 10
935.0797953255023
 20
798.8190778623577
 10
934.1774929264197
 20
798.2981333293569
 10
933.5077795441259
 20
797.5
 10
933.1514324964427
 20
796.5209445330008
 10
933.1514324964427
 20
795.4790554669992
 10
933.5077795441259
 20
794.5
 10
934.1774929264197
 20
793.7018666706431
 10
935.0797953255023
 20
793.1809221376423
 10
936.1058557554793
 20
793.0
 10
971.0366008903674
 20
793.0
 10
972.0626613203444
 20
793.1809221376423
 10
972.964963719427
 20
793.7018666706431
 10
973.6346771017206
 20
794.5
 10
973.991024149404
 20
795.4790554669992
 10
973.991024149404
 20
796.5209445330008
 10
973.6346771017206
 20
797.5
 10
972.964963719427
 20
798.2981333293569
 10
972.0626613203444
 20
798.8190778623577
 10
971.0366008903674
 20
799.0
  0
LWPOLYLINE
  5
341
330
17
100
AcDbEntity
  8
CUT_INSIDE
100
AcDbPolyline
 90
21
 70
1
 10
958.1523276401548
 20
827.0
 10
908.6525291415817
 20
827.0
 10
907.6264687116047
 20
826.8190778623577
 10
906.7241663125221
 20
826.2981333293569
 10
906.0544529302283
 20
825.5
 10
905.6981058825451
 20
824.5209445330008
 10
905.6981058825451
 20
823.4790554669992
 10
906.0544529302283
 20
822.5
 10
906.7241663125221
 20
821.7018666706431
 10
907.6264687116047
 20
821.1809221376423
 10
908.6525291415817
 20
821.0
 10
958.1523276401548
 20
821.0
 10
959.1783880701319
 20
821.1809221376423
 10
960.0806904692145
 20
821.7018666706431
 10
960.750403851508
 20
822.5
 10
961.1067508991914
 20
823.4790554669992
 10
961.1067508991914
 20
824.5209445330008
 10
960.750403851508
 20
825.5
 10
960.0806904692145
 20
826.2981333293569
 10
959.1783880701319
 20
826.8190778623577
 10
958.1523276401548
 20
827.0
  0
LWPOLYLINE
  5
342
330
17
100
AcDbEntity
  8
CUT_INSIDE
100
AcDbPolyline
 90
21
 70
1
 10
998.7716930023432
 20
785.0
 10
950.6317078298841
 20
785.0
 10
949.6056473999072
 20
784.8190778623577
 10
948.7033450008246
 20
784.2981333293569
 10
948.0336316185308
 20
783.5
 10
947.6772845708475
 20
782.5209445330008
 10
947.6772845708475
 20
781.4790554669992
 10
948.0336316185308
 20
780.5
 10
948.7033450008246
 20
779.7018666706431
 10
949.6056473999072
 20
779.1809221376423
 10
950.6317078298841
 20
779.0
 10
998.7716930023432
 20
779.0
 10
999.7977534323202
 20
779.1809221376423
 10
1000.7000558314028
 20
779.7018666706431
 10
1001.3697692136966
 20
780.5
 10
1001.7261162613798
 20
781.4790554669992
 10
1001.7261162613798
 20
782.5209445330008
 10
1001.3697692136966
 20
783.5
 10
1000.7000558314028
 20
784.2981333293569
 10
999.7977534323202
 20
784.8190778623577
 10
998.7716930023432
 20
785.0
  0
LWPOLYLINE
  5
343
330
17
100
AcDbEntity
  8
CUT_INSIDE
100
AcDbPolyline
 90
21
 70
1
 10
1014.1429028948596
 20
771.0
 10
970.9520905774741
 20
771.0
 10
969.9260301474972
 20
770.8190778623577
 10
969.0237277484146
 20
770.2981333293569
 10
968.3540143661207
 20
769.5
 10
967.9976673184375
 20
768.5209445330008
 10
967.9976673184375
 20
767.4790554669992
 10
968.3540143661207
 20
766.5
 10
969.0237277484146
 20
765.7018666706431
 10
969.9260301474972
 20
765.1809221376423
 10
970.9520905774741
 20
765.0
 10
1014.1429028948596
 20
765.0
 10
1015.1689633248366
 20
765.1809221376423
 10
1016.0712657239192
 20
765.7018666706431
 10
1016.740979106213
 20
766.5
 10
1017.0973261538962
 20
767.4790554669992
 10
1017.0973261538962
 20
768.5209445330008
 10
1016.740979106213
 20
769.5
 10
1016.0712657239192
 20
770.2981333293569
 10
1015.1689633248366
 20
770.8190778623577
 10
1014.1429028948596
 20
771.0
  0
LWPOLYLINE
  5
344
330
17
100
AcDbEntity
  8
CUT_INSIDE
100
AcDbPolyline
 90
21
 70
1
 10
1037.4644717631722
 20
743.0
 10
1008.7826284711064
 20
743.0
 10
1007.7565680411294
 20
742.8190778623577
 10
1006.8542656420468
 20
742.2981333293569
 10
1006.184552259753
 20
741.5
 10
1005.8282052120697
 20
740.5209445330008
 10
1005.8282052120697
 20
739.4790554669992
 10
1006.184552259753
 20
738.5
 10
1006.8542656420468
 20
737.7018666706431
 10
1007.7565680411294
 20
737.1809221376423
 10
1008.7826284711064
 20
737.0
 10
1037.4644717631722
 20
737.0
 10
1038.4905321931492
 20
737.1809221376423
 10
1039.3928345922318
 20
737.7018666706431
 10
1040.0625479745254
 20
738.5
 10
1040.4188950222087
 20
739.4790554669992
 10
1040.4188950222087
 20
740.5209445330008
 10
1040.0625479745254
 20
741.5
 10
1039.3928345922318
 20
742.2981333293569
 10
1038.4905321931492
 20
742.8190778623577
 10
1037.4644717631722
 20
743.0
  0
LWPOLYLINE
  5
345
330
17
100
AcDbEntity
  8
CUT_INSIDE
100
AcDbPolyline
 90
21
 70
1
 10
1044.0
 20
757.0
 10
1009.9367046413798
 20
757.0
 10
1008.9106442114028
 20
756.8190778623577
 10
1008.0083418123202
 20
756.2981333293569
 10
1007.3386284300266
 20
755.5
 10
1006.9822813823432
 20
754.5209445330008
 10
1006.9822813823432
 20
753.4790554669992
 10
1007.3386284300266
 20
752.5
 10
1008.0083418123202
 20
751.7018666706431
 10
1008.9106442114028
 20
751.1809221376423
 10
1009.9367046413798
 20
751.0
 10
1044.0
 20
751.0
 10
1045.026060429977
 20
751.1809221376423
 10
1045.9283628290596
 20
751.7018666706431
 10
1046.5980762113534
 20
752.5
 10
1046.9544232590365
 20
753.4790554669992
 10
1046.9544232590365
 20
754.5209445330008
 10
1046.5980762113534
 20
755.5
 10
1045.9283628290596
 20
756.2981333293569
 10
1045.026060429977
 20
756.8190778623577
 10
1044.0
 20
757.0
  0
LWPOLYLINE
  5
346
330
17
100
AcDbEntity
  8
CUT_INSIDE
100
AcDbPolyline
 90
21
 70
1
 10
1015.362385917286
 20
799.0
 10
990.3007679935913
 20
799.0
 10
989.2747075636142
 20
798.8190778623577
 10
988.3724051645316
 20
798.2981333293569
 10
987.7026917822379
 20
797.5
 10
987.3463447345546
 20
796.5209445330008
 10
987.3463447345546
 20
795.4790554669992
 10
987.7026917822379
 20
794.5
 10
988.3724051645316
 20
793.7018666706431
 10
989.2747075636142
 20
793.1809221376423
 10
990.3007679935913
 20
793.0
 10
1015.362385917286
 20
793.0
 10
1016.388446347263
 20
793.1809221376423
 10
1017.2907487463456
 20
793.7018666706431
 10
1017.9604621286393
 20
794.5
 10
1018.3168091763225
 20
795.4790554669992
 10
1018.3168091763225
 20
796.5209445330008
 10
1017.9604621286393
 20
797.5
 10
1017.2907487463456
 20
798.2981333293569
 10
1016.388446347263
 20
798.8190778623577
 10
1015.362385917286
 20
799.0
  0
LWPOLYLINE
  5
347
330
17
100
AcDbEntity
  8
CUT_INSIDE
100
AcDbPolyline
 90
21
 70
1
 10
1044.0
 20
813.0
 10
971.2642529688812
 20
813.0
 10
970.2381925389043
 20
812.8190778623577
 10
969.3358901398217
 20
812.2981333293569
 10
968.6661767575279
 20
811.5
 10
968.3098297098446
 20
810.5209445330008
 10
968.3098297098446
 20
809.4790554669992
 10
968.6661767575279
 20
808.5
 10
969.3358901398217
 20
807.7018666706431
 10
970.2381925389043
 20
807.1809221376423
 10
971.2642529688812
 20
807.0
 10
1044.0
 20
807.0
 10
1045.026060429977
 20
807.1809221376423
 10
1045.9283628290596
 20
807.7018666706431
 10
1046.5980762113534
 20
808.5
 10
1046.9544232590365
 20
809.4790554669992
 10
1046.9544232590365
 20
810.5209445330008
 10
1046.5980762113534
 20
811.5
 10
1045.9283628290596
 20
812.2981333293569
 10
1045.026060429977
 20
812.8190778623577
 10
1044.0
 20
813.0
  0
LWPOLYLINE
  5
348
330
17
100
AcDbEntity
  8
CUT_INSIDE
100
AcDbPolyline
 90
21
 70
1
 10
1044.0
 20
827.0
 10
984.2876414140599
 20
827.0
 10
983.2615809840829
 20
826.8190778623577
 10
982.3592785850003
 20
826.2981333293569
 10
981.6895652027066
 20
825.5
 10
981.3332181550232
 20
824.5209445330008
 10
981.3332181550232
 20
823.4790554669992
 10
981.6895652027066
 20
822.5
 10
982.3592785850003
 20
821.7018666706431
 10
983.2615809840829
 20
821.1809221376423
 10
984.2876414140599
 20
821.0
 10
1044.0
 20
821.0
 10
1045.026060429977
 20
821.1809221376423
 10
1045.9283628290596
 20
821.7018666706431
 10
1046.5980762113531
 20
822.5
 10
1046.9544232590365
 20
823.4790554669992
 10
1046.9544232590365
 20
824.5209445330008
 10
1046.5980762113531
 20
825.5
 10
1045.9283628290596
 20
826.2981333293569
 10
1045.026060429977
 20
826.8190778623577
 10
1044.0
 20
827.0
  0
TEXT
  5
349
330
17
100
AcDbEntity
  8
NOTES
100
AcDbText
 10
558.0
 20
25.0
 30
0.0
 40
12.0
  1
grille-lenticel
 11
558.0
 21
25.0
 31
0.0
100
AcDbText
  0
ENDSEC
  0
SECTION
  2
OBJECTS
  0
DICTIONARY
  5
A
330
0
100
AcDbDictionary
281
1
  3
ACAD_COLOR
350
B
  3
ACAD_GROUP
350
C
  3
ACAD_LAYOUT
350
D
  3
ACAD_MATERIAL
350
E
  3
ACAD_MLEADERSTYLE
350
F
  3
ACAD_MLINESTYLE
350
10
  3
ACAD_PLOTSETTINGS
350
11
  3
ACAD_PLOTSTYLENAME
350
12
  3
ACAD_SCALELIST
350
14
  3
ACAD_TABLESTYLE
350
15
  3
ACAD_VISUALSTYLE
350
16
  3
EZDXF_META
350
2D
  0
DICTIONARY
  5
B
330
A
100
AcDbDictionary
281
1
  0
DICTIONARY
  5
C
330
A
100
AcDbDictionary
281
1
  0
DICTIONARY
  5
D
330
A
100
AcDbDictionary
281
1
  3
Model
350
1A
  3
Layout1
350
1E
  0
DICTIONARY
  5
E
330
A
100
AcDbDictionary
281
1
  3
ByBlock
350
1F
  3
ByLayer
350
20
  3
Global
350
21
  0
DICTIONARY
  5
F
330
A
100
AcDbDictionary
281
1
  3
Standard
350
2C
  0
DICTIONARY
  5
10
330
A
100
AcDbDictionary
281
1
  3
Standard
350
22
  0
DICTIONARY
  5
11
330
A
100
AcDbDictionary
281
1
  0
ACDBDICTIONARYWDFLT
  5
12
330
A
100
AcDbDictionary
281
1
  3
Normal
350
13
100
AcDbDictionaryWithDefault
340
13
  0
ACDBPLACEHOLDER
  5
13
330
12
  0
DICTIONARY
  5
14
330
A
100
AcDbDictionary
281
1
  0
DICTIONARY
  5
15
330
A
100
AcDbDictionary
281
1
  0
DICTIONARY
  5
16
330
A
100
AcDbDictionary
281
1
  0
LAYOUT
  5
1A
330
D
100
AcDbPlotSettings
  1

  4
A3
  6

 40
7.5
 41
20.0
 42
7.5
 43
20.0
 44
420.0
 45
297.0
 46
0.0
 47
0.0
 48
0.0
 49
0.0
140
0.0
141
0.0
142
1.0
143
1.0
 70
1024
 72
1
 73
0
 74
5
  7

 75
16
 76
0
 77
2
 78
300
147
1.0
148
0.0
149
0.0
100
AcDbLayout
  1
Model
 70
1
 71
0
 10
0.0
 20
0.0
 11
420.0
 21
297.0
 12
0.0
 22
0.0
 32
0.0
 14
1e+20
 24
1e+20
 34
1e+20
 15
-1e+20
 25
-1e+20
 35
-1e+20
146
0.0
 13
0.0
 23
0.0
 33
0.0
 16
1.0
 26
0.0
 36
0.0
 17
0.0
 27
1.0
 37
0.0
 76
1
330
17
  0
LAYOUT
  5
1E
330
D
100
AcDbPlotSettings
  1

  4
A3
  6

 40
7.5
 41
20.0
 42
7.5
 43
20.0
 44
420.0
 45
297.0
 46
0.0
 47
0.0
 48
0.0
 49
0.0
140
0.0
141
0.0
142
1.0
143
1.0
 70
0
 72
1
 73
0
 74
5
  7

 75
16
 76
0
 77
2
 78
300
147
1.0
148
0.0
149
0.0
100
AcDbLayout
  1
Layout1
 70
1
 71
1
 10
0.0
 20
0.0
 11
420.0
 21
297.0
 12
0.0
 22
0.0
 32
0.0
 14
1e+20
 24
1e+20
 34
1e+20
 15
-1e+20
 25
-1e+20
 35
-1e+20
146
0.0
 13
0.0
 23
0.0
 33
0.0
 16
1.0
 26
0.0
 36
0.0
 17
0.0
 27
1.0
 37
0.0
 76
1
330
1B
  0
MATERIAL
  5
1F
102
{ACAD_REACTORS
330
E
102
}
330
E
100
AcDbMaterial
  1
ByBlock
  2

 70
0
 40
1.0
 71
1
 41
1.0
 91
-1023410177
 42
1.0
 72
1
  3

 73
1
 74
1
 75
1
 44
0.5
 73
0
 45
1.0
 46
1.0
 77
1
  4

 78
1
 79
1
170
1
 48
1.0
171
1
  6

172
1
173
1
174
1
140
1.0
141
1.0
175
1
  7

176
1
177
1
178
1
143
1.0
179
1
  8

270
1
271
1
272
1
145
1.0
146
1.0
273
1
  9

274
1
275
1
276
1
 42
1.0
 72
1
  3

 73
1
 74
1
 75
1
 94
63
  0
MATERIAL
  5
20
102
{ACAD_REACTORS
330
E
102
}
330
E
100
AcDbMaterial
  1
ByLayer
  2

 70
0
 40
1.0
 71
1
 41
1.0
 91
-1023410177
 42
1.0
 72
1
  3

 73
1
 74
1
 75
1
 44
0.5
 73
0
 45
1.0
 46
1.0
 77
1
  4

 78
1
 79
1
170
1
 48
1.0
171
1
  6

172
1
173
1
174
1
140
1.0
141
1.0
175
1
  7

176
1
177
1
178
1
143
1.0
179
1
  8

270
1
271
1
272
1
145
1.0
146
1.0
273
1
  9

274
1
275
1
276
1
 42
1.0
 72
1
  3

 73
1
 74
1
 75
1
 94
63
  0
MATERIAL
  5
21
102
{ACAD_REACTORS
330
E
102
}
330
E
100
AcDbMaterial
  1
Global
  2

 70
0
 40
1.0
 71
1
 41
1.0
 91
-1023410177
 42
1.0
 72
1
  3

 73
1
 74
1
 75
1
 44
0.5
 73
0
 45
1.0
 46
1.0
 77
1
  4

 78
1
 79
1
170
1
 48
1.0
171
1
  6

172
1
173
1
174
1
140
1.0
141
1.0
175
1
  7

176
1
177
1
178
1
143
1.0
179
1
  8

270
1
271
1
272
1
145
1.0
146
1.0
273
1
  9

274
1
275
1
276
1
 42
1.0
 72
1
  3

 73
1
 74
1
 75
1
 94
63
  0
MLINESTYLE
  5
22
102
{ACAD_REACTORS
330
10
102
}
330
10
100
AcDbMlineStyle
  2
Standard
 70
0
  3

 62
256
 51
90.0
 52
90.0
 71
2
 49
0.5
 62
256
  6
BYLAYER
 49
-0.5
 62
256
  6
BYLAYER
  0
MLEADERSTYLE
  5
2C
102
{ACAD_REACTORS
330
F
102
}
330
F
100
AcDbMLeaderStyle
179
2
170
2
171
1
172
0
 90
2
 40
0.0
 41
0.0
173
1
 91
-1056964608
 92
-2
290
1
 42
2.0
291
1
 43
8.0
  3
Standard
 44
4.0
300

342
29
174
1
175
1
176
0
178
1
 93
-1056964608
 45
4.0
292
0
297
0
 46
4.0
 94
-1056964608
 47
1.0
 49
1.0
140
1.0
294
1
141
0.0
177
0
142
1.0
295
0
296
0
143
3.75
271
0
272
9
273
9
  0
DICTIONARY
  5
2D
330
A
100
AcDbDictionary
280
1
281
1
  3
CREATED_BY_EZDXF
350
2E
  3
WRITTEN_BY_EZDXF
350
34C
  0
DICTIONARYVAR
  5
2E
330
2D
100
DictionaryVariables
280
0
  1
1.4.4 @ 2026-10-11T00:38:32.427871+00:00
  0
DICTIONARYVAR
  5
34C
330
2D
100
DictionaryVariables
280
0
  1
1.4.4 @ 2026-10-11T00:38:32.590209+00:00
  0
ENDSEC
  0
EOF
